token,scenario_type,log_name,path,actor_category,type_source,raw_count,in_frame_count,kept_count,dropped_outside_frame,dropped_by_cap,cap,overflow,d_K,d_first_drop,boundary_gap
3f65f9b08f085ba8,near_pedestrian_on_crosswalk,2021.09.27.03.10.15_veh-50_00486_00976,2021.09.27.03.10.15_veh-50_00486_00976/near_pedestrian_on_crosswalk/3f65f9b08f085ba8/sledge_raw.gz,vehicles,native_cache_directory,10,4,4,6,0,50,-46,32.87774658203125,,
3f65f9b08f085ba8,near_pedestrian_on_crosswalk,2021.09.27.03.10.15_veh-50_00486_00976,2021.09.27.03.10.15_veh-50_00486_00976/near_pedestrian_on_crosswalk/3f65f9b08f085ba8/sledge_raw.gz,pedestrians,native_cache_directory,14,1,1,13,0,20,-19,13.263035774230957,,
3f65f9b08f085ba8,near_pedestrian_on_crosswalk,2021.09.27.03.10.15_veh-50_00486_00976,2021.09.27.03.10.15_veh-50_00486_00976/near_pedestrian_on_crosswalk/3f65f9b08f085ba8/sledge_raw.gz,static_objects,native_cache_directory,6,5,5,1,0,30,-25,23.587783813476562,,
aaf5f663b5ab5fec,near_pedestrian_on_crosswalk,2021.05.24.17.57.11_veh-35_05075_05292,2021.05.24.17.57.11_veh-35_05075_05292/near_pedestrian_on_crosswalk/aaf5f663b5ab5fec/sledge_raw.gz,vehicles,native_cache_directory,35,14,14,21,0,50,-36,34.88066101074219,,
aaf5f663b5ab5fec,near_pedestrian_on_crosswalk,2021.05.24.17.57.11_veh-35_05075_05292,2021.05.24.17.57.11_veh-35_05075_05292/near_pedestrian_on_crosswalk/aaf5f663b5ab5fec/sledge_raw.gz,pedestrians,native_cache_directory,182,78,20,104,58,20,58,12.076215744018555,13.280784606933594,1.204568862915039
aaf5f663b5ab5fec,near_pedestrian_on_crosswalk,2021.05.24.17.57.11_veh-35_05075_05292,2021.05.24.17.57.11_veh-35_05075_05292/near_pedestrian_on_crosswalk/aaf5f663b5ab5fec/sledge_raw.gz,static_objects,native_cache_directory,172,50,30,122,20,30,20,22.245933532714844,22.40952491760254,0.1635913848876953
98c1feeae3605b21,near_pedestrian_on_crosswalk,2021.07.24.00.58.02_veh-12_01105_01810,2021.07.24.00.58.02_veh-12_01105_01810/near_pedestrian_on_crosswalk/98c1feeae3605b21/sledge_raw.gz,vehicles,native_cache_directory,30,20,20,10,0,50,-30,28.23102569580078,,
98c1feeae3605b21,near_pedestrian_on_crosswalk,2021.07.24.00.58.02_veh-12_01105_01810,2021.07.24.00.58.02_veh-12_01105_01810/near_pedestrian_on_crosswalk/98c1feeae3605b21/sledge_raw.gz,pedestrians,native_cache_directory,30,8,8,22,0,20,-12,33.091590881347656,,
98c1feeae3605b21,near_pedestrian_on_crosswalk,2021.07.24.00.58.02_veh-12_01105_01810,2021.07.24.00.58.02_veh-12_01105_01810/near_pedestrian_on_crosswalk/98c1feeae3605b21/sledge_raw.gz,static_objects,native_cache_directory,1,0,0,1,0,30,-30,,,
b21da07870d2560b,near_pedestrian_on_crosswalk,2021.08.24.14.40.55_veh-28_01570_01776,2021.08.24.14.40.55_veh-28_01570_01776/near_pedestrian_on_crosswalk/b21da07870d2560b/sledge_raw.gz,vehicles,native_cache_directory,3,0,0,3,0,50,-50,,,
b21da07870d2560b,near_pedestrian_on_crosswalk,2021.08.24.14.40.55_veh-28_01570_01776,2021.08.24.14.40.55_veh-28_01570_01776/near_pedestrian_on_crosswalk/b21da07870d2560b/sledge_raw.gz,pedestrians,native_cache_directory,5,5,5,0,0,20,-15,20.816192626953125,,
b21da07870d2560b,near_pedestrian_on_crosswalk,2021.08.24.14.40.55_veh-28_01570_01776,2021.08.24.14.40.55_veh-28_01570_01776/near_pedestrian_on_crosswalk/b21da07870d2560b/sledge_raw.gz,static_objects,native_cache_directory,2,2,2,0,0,30,-28,30.39244842529297,,
c57fc1a4bc3a5c82,near_pedestrian_on_crosswalk,2021.09.27.17.52.47_veh-44_02192_02552,2021.09.27.17.52.47_veh-44_02192_02552/near_pedestrian_on_crosswalk/c57fc1a4bc3a5c82/sledge_raw.gz,vehicles,native_cache_directory,19,5,5,14,0,50,-45,31.03116798400879,,
c57fc1a4bc3a5c82,near_pedestrian_on_crosswalk,2021.09.27.17.52.47_veh-44_02192_02552,2021.09.27.17.52.47_veh-44_02192_02552/near_pedestrian_on_crosswalk/c57fc1a4bc3a5c82/sledge_raw.gz,pedestrians,native_cache_directory,9,8,8,1,0,20,-12,31.746997833251953,,
c57fc1a4bc3a5c82,near_pedestrian_on_crosswalk,2021.09.27.17.52.47_veh-44_02192_02552,2021.09.27.17.52.47_veh-44_02192_02552/near_pedestrian_on_crosswalk/c57fc1a4bc3a5c82/sledge_raw.gz,static_objects,native_cache_directory,5,4,4,1,0,30,-26,27.68093490600586,,
f2930b0854b65212,near_pedestrian_on_crosswalk,2021.06.09.12.39.51_veh-26_00055_00360,2021.06.09.12.39.51_veh-26_00055_00360/near_pedestrian_on_crosswalk/f2930b0854b65212/sledge_raw.gz,vehicles,native_cache_directory,4,1,1,3,0,50,-49,3.8122191429138184,,
f2930b0854b65212,near_pedestrian_on_crosswalk,2021.06.09.12.39.51_veh-26_00055_00360,2021.06.09.12.39.51_veh-26_00055_00360/near_pedestrian_on_crosswalk/f2930b0854b65212/sledge_raw.gz,pedestrians,native_cache_directory,38,20,20,18,0,20,0,34.17850112915039,,
f2930b0854b65212,near_pedestrian_on_crosswalk,2021.06.09.12.39.51_veh-26_00055_00360,2021.06.09.12.39.51_veh-26_00055_00360/near_pedestrian_on_crosswalk/f2930b0854b65212/sledge_raw.gz,static_objects,native_cache_directory,102,45,30,57,15,30,15,21.568954467773438,21.746105194091797,0.17715072631835938
02c4035eabfe50fa,near_pedestrian_on_crosswalk,2021.06.09.14.03.17_veh-12_03798_04118,2021.06.09.14.03.17_veh-12_03798_04118/near_pedestrian_on_crosswalk/02c4035eabfe50fa/sledge_raw.gz,vehicles,native_cache_directory,23,4,4,19,0,50,-46,42.94460678100586,,
02c4035eabfe50fa,near_pedestrian_on_crosswalk,2021.06.09.14.03.17_veh-12_03798_04118,2021.06.09.14.03.17_veh-12_03798_04118/near_pedestrian_on_crosswalk/02c4035eabfe50fa/sledge_raw.gz,pedestrians,native_cache_directory,114,17,17,97,0,20,-3,34.37150192260742,,
02c4035eabfe50fa,near_pedestrian_on_crosswalk,2021.06.09.14.03.17_veh-12_03798_04118,2021.06.09.14.03.17_veh-12_03798_04118/near_pedestrian_on_crosswalk/02c4035eabfe50fa/sledge_raw.gz,static_objects,native_cache_directory,207,64,30,143,34,30,34,21.440685272216797,22.060749053955078,0.6200637817382812
ff80176d2b9355e9,near_pedestrian_on_crosswalk,2021.07.17.22.20.17_veh-12_01115_01404,2021.07.17.22.20.17_veh-12_01115_01404/near_pedestrian_on_crosswalk/ff80176d2b9355e9/sledge_raw.gz,vehicles,native_cache_directory,32,18,18,14,0,50,-32,40.84075927734375,,
ff80176d2b9355e9,near_pedestrian_on_crosswalk,2021.07.17.22.20.17_veh-12_01115_01404,2021.07.17.22.20.17_veh-12_01115_01404/near_pedestrian_on_crosswalk/ff80176d2b9355e9/sledge_raw.gz,pedestrians,native_cache_directory,74,54,20,20,34,20,34,13.324026107788086,13.86758041381836,0.5435543060302734
ff80176d2b9355e9,near_pedestrian_on_crosswalk,2021.07.17.22.20.17_veh-12_01115_01404,2021.07.17.22.20.17_veh-12_01115_01404/near_pedestrian_on_crosswalk/ff80176d2b9355e9/sledge_raw.gz,static_objects,native_cache_directory,132,68,30,64,38,30,38,24.358219146728516,24.58017921447754,0.22196006774902344
a07a36ce0b5b573e,near_pedestrian_on_crosswalk,2021.05.18.14.29.38_veh-24_04251_04515,2021.05.18.14.29.38_veh-24_04251_04515/near_pedestrian_on_crosswalk/a07a36ce0b5b573e/sledge_raw.gz,vehicles,native_cache_directory,17,6,6,11,0,50,-44,28.03048324584961,,
a07a36ce0b5b573e,near_pedestrian_on_crosswalk,2021.05.18.14.29.38_veh-24_04251_04515,2021.05.18.14.29.38_veh-24_04251_04515/near_pedestrian_on_crosswalk/a07a36ce0b5b573e/sledge_raw.gz,pedestrians,native_cache_directory,50,16,16,34,0,20,-4,33.17755126953125,,
a07a36ce0b5b573e,near_pedestrian_on_crosswalk,2021.05.18.14.29.38_veh-24_04251_04515,2021.05.18.14.29.38_veh-24_04251_04515/near_pedestrian_on_crosswalk/a07a36ce0b5b573e/sledge_raw.gz,static_objects,native_cache_directory,104,29,29,75,0,30,-1,31.70458221435547,,
6dde75245f375bd3,near_pedestrian_on_crosswalk,2021.06.12.17.37.57_veh-47_04934_05336,2021.06.12.17.37.57_veh-47_04934_05336/near_pedestrian_on_crosswalk/6dde75245f375bd3/sledge_raw.gz,vehicles,native_cache_directory,29,15,15,14,0,50,-35,36.20400619506836,,
6dde75245f375bd3,near_pedestrian_on_crosswalk,2021.06.12.17.37.57_veh-47_04934_05336,2021.06.12.17.37.57_veh-47_04934_05336/near_pedestrian_on_crosswalk/6dde75245f375bd3/sledge_raw.gz,pedestrians,native_cache_directory,58,9,9,49,0,20,-11,25.503353118896484,,
6dde75245f375bd3,near_pedestrian_on_crosswalk,2021.06.12.17.37.57_veh-47_04934_05336,2021.06.12.17.37.57_veh-47_04934_05336/near_pedestrian_on_crosswalk/6dde75245f375bd3/sledge_raw.gz,static_objects,native_cache_directory,64,11,11,53,0,30,-19,27.743406295776367,,
41e47c480f9b56af,near_pedestrian_on_crosswalk,2021.05.28.17.49.23_veh-47_03481_04053,2021.05.28.17.49.23_veh-47_03481_04053/near_pedestrian_on_crosswalk/41e47c480f9b56af/sledge_raw.gz,vehicles,native_cache_directory,16,5,5,11,0,50,-45,32.34354019165039,,
41e47c480f9b56af,near_pedestrian_on_crosswalk,2021.05.28.17.49.23_veh-47_03481_04053,2021.05.28.17.49.23_veh-47_03481_04053/near_pedestrian_on_crosswalk/41e47c480f9b56af/sledge_raw.gz,pedestrians,native_cache_directory,7,2,2,5,0,20,-18,10.926591873168945,,
41e47c480f9b56af,near_pedestrian_on_crosswalk,2021.05.28.17.49.23_veh-47_03481_04053,2021.05.28.17.49.23_veh-47_03481_04053/near_pedestrian_on_crosswalk/41e47c480f9b56af/sledge_raw.gz,static_objects,native_cache_directory,41,20,20,21,0,30,-10,36.942169189453125,,
d787595d0f945028,near_pedestrian_on_crosswalk,2021.08.20.13.00.37_veh-08_01737_02048,2021.08.20.13.00.37_veh-08_01737_02048/near_pedestrian_on_crosswalk/d787595d0f945028/sledge_raw.gz,vehicles,native_cache_directory,8,4,4,4,0,50,-46,20.585140228271484,,
d787595d0f945028,near_pedestrian_on_crosswalk,2021.08.20.13.00.37_veh-08_01737_02048,2021.08.20.13.00.37_veh-08_01737_02048/near_pedestrian_on_crosswalk/d787595d0f945028/sledge_raw.gz,pedestrians,native_cache_directory,6,3,3,3,0,20,-17,28.595458984375,,
d787595d0f945028,near_pedestrian_on_crosswalk,2021.08.20.13.00.37_veh-08_01737_02048,2021.08.20.13.00.37_veh-08_01737_02048/near_pedestrian_on_crosswalk/d787595d0f945028/sledge_raw.gz,static_objects,native_cache_directory,16,9,9,7,0,30,-21,26.76245880126953,,
1704b66e2f0d56df,near_pedestrian_on_crosswalk,2021.05.18.13.20.19_veh-25_00005_00485,2021.05.18.13.20.19_veh-25_00005_00485/near_pedestrian_on_crosswalk/1704b66e2f0d56df/sledge_raw.gz,vehicles,native_cache_directory,29,3,3,26,0,50,-47,17.2255916595459,,
1704b66e2f0d56df,near_pedestrian_on_crosswalk,2021.05.18.13.20.19_veh-25_00005_00485,2021.05.18.13.20.19_veh-25_00005_00485/near_pedestrian_on_crosswalk/1704b66e2f0d56df/sledge_raw.gz,pedestrians,native_cache_directory,99,7,7,92,0,20,-13,15.445170402526855,,
1704b66e2f0d56df,near_pedestrian_on_crosswalk,2021.05.18.13.20.19_veh-25_00005_00485,2021.05.18.13.20.19_veh-25_00005_00485/near_pedestrian_on_crosswalk/1704b66e2f0d56df/sledge_raw.gz,static_objects,native_cache_directory,221,66,30,155,36,30,36,19.715543746948242,20.279556274414062,0.5640125274658203
0afac84495025df7,near_pedestrian_on_crosswalk,2021.06.10.14.11.49_veh-12_01416_01822,2021.06.10.14.11.49_veh-12_01416_01822/near_pedestrian_on_crosswalk/0afac84495025df7/sledge_raw.gz,vehicles,native_cache_directory,38,8,8,30,0,50,-42,40.459381103515625,,
0afac84495025df7,near_pedestrian_on_crosswalk,2021.06.10.14.11.49_veh-12_01416_01822,2021.06.10.14.11.49_veh-12_01416_01822/near_pedestrian_on_crosswalk/0afac84495025df7/sledge_raw.gz,pedestrians,native_cache_directory,125,68,20,57,48,20,48,8.548383712768555,8.664170265197754,0.11578655242919922
0afac84495025df7,near_pedestrian_on_crosswalk,2021.06.10.14.11.49_veh-12_01416_01822,2021.06.10.14.11.49_veh-12_01416_01822/near_pedestrian_on_crosswalk/0afac84495025df7/sledge_raw.gz,static_objects,native_cache_directory,107,44,30,63,14,30,14,24.36750602722168,26.79676055908203,2.4292545318603516
9c72e86fb0065eba,near_pedestrian_on_crosswalk,2021.07.23.18.59.02_veh-12_01890_03984,2021.07.23.18.59.02_veh-12_01890_03984/near_pedestrian_on_crosswalk/9c72e86fb0065eba/sledge_raw.gz,vehicles,native_cache_directory,24,15,15,9,0,50,-35,36.130496978759766,,
9c72e86fb0065eba,near_pedestrian_on_crosswalk,2021.07.23.18.59.02_veh-12_01890_03984,2021.07.23.18.59.02_veh-12_01890_03984/near_pedestrian_on_crosswalk/9c72e86fb0065eba/sledge_raw.gz,pedestrians,native_cache_directory,116,89,20,27,69,20,69,17.057695388793945,17.450439453125,0.3927440643310547
9c72e86fb0065eba,near_pedestrian_on_crosswalk,2021.07.23.18.59.02_veh-12_01890_03984,2021.07.23.18.59.02_veh-12_01890_03984/near_pedestrian_on_crosswalk/9c72e86fb0065eba/sledge_raw.gz,static_objects,native_cache_directory,118,58,30,60,28,30,28,27.118894577026367,27.125431060791016,0.0065364837646484375
1b2fa07ab9f7537f,near_pedestrian_on_crosswalk,2021.10.01.15.32.11_veh-28_01178_01392,2021.10.01.15.32.11_veh-28_01178_01392/near_pedestrian_on_crosswalk/1b2fa07ab9f7537f/sledge_raw.gz,vehicles,native_cache_directory,8,1,1,7,0,50,-49,30.735803604125977,,
1b2fa07ab9f7537f,near_pedestrian_on_crosswalk,2021.10.01.15.32.11_veh-28_01178_01392,2021.10.01.15.32.11_veh-28_01178_01392/near_pedestrian_on_crosswalk/1b2fa07ab9f7537f/sledge_raw.gz,pedestrians,native_cache_directory,11,7,7,4,0,20,-13,35.49125289916992,,
1b2fa07ab9f7537f,near_pedestrian_on_crosswalk,2021.10.01.15.32.11_veh-28_01178_01392,2021.10.01.15.32.11_veh-28_01178_01392/near_pedestrian_on_crosswalk/1b2fa07ab9f7537f/sledge_raw.gz,static_objects,native_cache_directory,6,5,5,1,0,30,-25,35.4571418762207,,
f27e4bea960054c0,near_pedestrian_on_crosswalk,2021.05.21.11.47.54_veh-27_06305_06546,2021.05.21.11.47.54_veh-27_06305_06546/near_pedestrian_on_crosswalk/f27e4bea960054c0/sledge_raw.gz,vehicles,native_cache_directory,26,8,8,18,0,50,-42,33.653751373291016,,
f27e4bea960054c0,near_pedestrian_on_crosswalk,2021.05.21.11.47.54_veh-27_06305_06546,2021.05.21.11.47.54_veh-27_06305_06546/near_pedestrian_on_crosswalk/f27e4bea960054c0/sledge_raw.gz,pedestrians,native_cache_directory,18,7,7,11,0,20,-13,27.208070755004883,,
f27e4bea960054c0,near_pedestrian_on_crosswalk,2021.05.21.11.47.54_veh-27_06305_06546,2021.05.21.11.47.54_veh-27_06305_06546/near_pedestrian_on_crosswalk/f27e4bea960054c0/sledge_raw.gz,static_objects,native_cache_directory,146,47,30,99,17,30,17,21.965070724487305,22.593502044677734,0.6284313201904297
03508e47fb1e5fe9,near_pedestrian_on_crosswalk,2021.05.28.17.49.23_veh-47_00304_01082,2021.05.28.17.49.23_veh-47_00304_01082/near_pedestrian_on_crosswalk/03508e47fb1e5fe9/sledge_raw.gz,vehicles,native_cache_directory,35,17,17,18,0,50,-33,34.666378021240234,,
03508e47fb1e5fe9,near_pedestrian_on_crosswalk,2021.05.28.17.49.23_veh-47_00304_01082,2021.05.28.17.49.23_veh-47_00304_01082/near_pedestrian_on_crosswalk/03508e47fb1e5fe9/sledge_raw.gz,pedestrians,native_cache_directory,51,41,20,10,21,20,21,18.859264373779297,19.047622680664062,0.18835830688476562
03508e47fb1e5fe9,near_pedestrian_on_crosswalk,2021.05.28.17.49.23_veh-47_00304_01082,2021.05.28.17.49.23_veh-47_00304_01082/near_pedestrian_on_crosswalk/03508e47fb1e5fe9/sledge_raw.gz,static_objects,native_cache_directory,79,45,30,34,15,30,15,20.57273292541504,21.413223266601562,0.8404903411865234
6ac4f5a22c9f5624,near_pedestrian_on_crosswalk,2021.08.24.18.30.46_veh-08_00035_01650,2021.08.24.18.30.46_veh-08_00035_01650/near_pedestrian_on_crosswalk/6ac4f5a22c9f5624/sledge_raw.gz,vehicles,native_cache_directory,16,8,8,8,0,50,-42,28.970102310180664,,
6ac4f5a22c9f5624,near_pedestrian_on_crosswalk,2021.08.24.18.30.46_veh-08_00035_01650,2021.08.24.18.30.46_veh-08_00035_01650/near_pedestrian_on_crosswalk/6ac4f5a22c9f5624/sledge_raw.gz,pedestrians,native_cache_directory,4,4,4,0,0,20,-16,29.513412475585938,,
6ac4f5a22c9f5624,near_pedestrian_on_crosswalk,2021.08.24.18.30.46_veh-08_00035_01650,2021.08.24.18.30.46_veh-08_00035_01650/near_pedestrian_on_crosswalk/6ac4f5a22c9f5624/sledge_raw.gz,static_objects,native_cache_directory,5,2,2,3,0,30,-28,22.937747955322266,,
fb01341de3d85e75,near_pedestrian_on_crosswalk,2021.07.07.20.45.06_veh-37_03479_03978,2021.07.07.20.45.06_veh-37_03479_03978/near_pedestrian_on_crosswalk/fb01341de3d85e75/sledge_raw.gz,vehicles,native_cache_directory,53,17,17,36,0,50,-33,42.365379333496094,,
fb01341de3d85e75,near_pedestrian_on_crosswalk,2021.07.07.20.45.06_veh-37_03479_03978,2021.07.07.20.45.06_veh-37_03479_03978/near_pedestrian_on_crosswalk/fb01341de3d85e75/sledge_raw.gz,pedestrians,native_cache_directory,122,70,20,52,50,20,50,11.714456558227539,11.899876594543457,0.18542003631591797
fb01341de3d85e75,near_pedestrian_on_crosswalk,2021.07.07.20.45.06_veh-37_03479_03978,2021.07.07.20.45.06_veh-37_03479_03978/near_pedestrian_on_crosswalk/fb01341de3d85e75/sledge_raw.gz,static_objects,native_cache_directory,172,46,30,126,16,30,16,26.234209060668945,26.407522201538086,0.17331314086914062
30eb1fd966e851c2,near_pedestrian_on_crosswalk,2021.06.17.12.09.32_veh-26_01136_01661,2021.06.17.12.09.32_veh-26_01136_01661/near_pedestrian_on_crosswalk/30eb1fd966e851c2/sledge_raw.gz,vehicles,native_cache_directory,9,2,2,7,0,50,-48,23.893970489501953,,
30eb1fd966e851c2,near_pedestrian_on_crosswalk,2021.06.17.12.09.32_veh-26_01136_01661,2021.06.17.12.09.32_veh-26_01136_01661/near_pedestrian_on_crosswalk/30eb1fd966e851c2/sledge_raw.gz,pedestrians,native_cache_directory,9,5,5,4,0,20,-15,13.361294746398926,,
30eb1fd966e851c2,near_pedestrian_on_crosswalk,2021.06.17.12.09.32_veh-26_01136_01661,2021.06.17.12.09.32_veh-26_01136_01661/near_pedestrian_on_crosswalk/30eb1fd966e851c2/sledge_raw.gz,static_objects,native_cache_directory,22,9,9,13,0,30,-21,33.86175537109375,,
93f9e3a26c5f5c62,near_pedestrian_on_crosswalk,2021.05.19.13.46.13_veh-27_02664_03046,2021.05.19.13.46.13_veh-27_02664_03046/near_pedestrian_on_crosswalk/93f9e3a26c5f5c62/sledge_raw.gz,vehicles,native_cache_directory,12,7,7,5,0,50,-43,38.77080535888672,,
93f9e3a26c5f5c62,near_pedestrian_on_crosswalk,2021.05.19.13.46.13_veh-27_02664_03046,2021.05.19.13.46.13_veh-27_02664_03046/near_pedestrian_on_crosswalk/93f9e3a26c5f5c62/sledge_raw.gz,pedestrians,native_cache_directory,18,8,8,10,0,20,-12,28.26117515563965,,
93f9e3a26c5f5c62,near_pedestrian_on_crosswalk,2021.05.19.13.46.13_veh-27_02664_03046,2021.05.19.13.46.13_veh-27_02664_03046/near_pedestrian_on_crosswalk/93f9e3a26c5f5c62/sledge_raw.gz,static_objects,native_cache_directory,167,53,30,114,23,30,23,18.586008071899414,19.548986434936523,0.9629783630371094
8f6a1bee1ba054af,near_pedestrian_on_crosswalk,2021.10.01.19.16.42_veh-28_00392_00906,2021.10.01.19.16.42_veh-28_00392_00906/near_pedestrian_on_crosswalk/8f6a1bee1ba054af/sledge_raw.gz,vehicles,native_cache_directory,3,3,3,0,0,50,-47,32.38648223876953,,
8f6a1bee1ba054af,near_pedestrian_on_crosswalk,2021.10.01.19.16.42_veh-28_00392_00906,2021.10.01.19.16.42_veh-28_00392_00906/near_pedestrian_on_crosswalk/8f6a1bee1ba054af/sledge_raw.gz,pedestrians,native_cache_directory,24,21,20,3,1,20,1,43.16259002685547,43.47761535644531,0.31502532958984375
8f6a1bee1ba054af,near_pedestrian_on_crosswalk,2021.10.01.19.16.42_veh-28_00392_00906,2021.10.01.19.16.42_veh-28_00392_00906/near_pedestrian_on_crosswalk/8f6a1bee1ba054af/sledge_raw.gz,static_objects,native_cache_directory,17,4,4,13,0,30,-26,35.53021240234375,,
8a60657f23ca52bd,near_pedestrian_on_crosswalk,2021.07.23.21.07.18_veh-47_02121_03205,2021.07.23.21.07.18_veh-47_02121_03205/near_pedestrian_on_crosswalk/8a60657f23ca52bd/sledge_raw.gz,vehicles,native_cache_directory,17,5,5,12,0,50,-45,28.00605583190918,,
8a60657f23ca52bd,near_pedestrian_on_crosswalk,2021.07.23.21.07.18_veh-47_02121_03205,2021.07.23.21.07.18_veh-47_02121_03205/near_pedestrian_on_crosswalk/8a60657f23ca52bd/sledge_raw.gz,pedestrians,native_cache_directory,8,3,3,5,0,20,-17,32.16269302368164,,
8a60657f23ca52bd,near_pedestrian_on_crosswalk,2021.07.23.21.07.18_veh-47_02121_03205,2021.07.23.21.07.18_veh-47_02121_03205/near_pedestrian_on_crosswalk/8a60657f23ca52bd/sledge_raw.gz,static_objects,native_cache_directory,21,18,18,3,0,30,-12,31.050212860107422,,
c511d1d227cb5066,near_pedestrian_on_crosswalk,2021.05.26.17.47.39_veh-25_01560_01735,2021.05.26.17.47.39_veh-25_01560_01735/near_pedestrian_on_crosswalk/c511d1d227cb5066/sledge_raw.gz,vehicles,native_cache_directory,63,29,29,34,0,50,-21,42.93610382080078,,
c511d1d227cb5066,near_pedestrian_on_crosswalk,2021.05.26.17.47.39_veh-25_01560_01735,2021.05.26.17.47.39_veh-25_01560_01735/near_pedestrian_on_crosswalk/c511d1d227cb5066/sledge_raw.gz,pedestrians,native_cache_directory,3,0,0,3,0,20,-20,,,
c511d1d227cb5066,near_pedestrian_on_crosswalk,2021.05.26.17.47.39_veh-25_01560_01735,2021.05.26.17.47.39_veh-25_01560_01735/near_pedestrian_on_crosswalk/c511d1d227cb5066/sledge_raw.gz,static_objects,native_cache_directory,27,1,1,26,0,30,-29,16.091907501220703,,
a0eb377b319d5a65,near_pedestrian_on_crosswalk,2021.09.28.18.22.59_veh-44_00997_01880,2021.09.28.18.22.59_veh-44_00997_01880/near_pedestrian_on_crosswalk/a0eb377b319d5a65/sledge_raw.gz,vehicles,native_cache_directory,8,5,5,3,0,50,-45,36.58373260498047,,
a0eb377b319d5a65,near_pedestrian_on_crosswalk,2021.09.28.18.22.59_veh-44_00997_01880,2021.09.28.18.22.59_veh-44_00997_01880/near_pedestrian_on_crosswalk/a0eb377b319d5a65/sledge_raw.gz,pedestrians,native_cache_directory,3,2,2,1,0,20,-18,26.760692596435547,,
a0eb377b319d5a65,near_pedestrian_on_crosswalk,2021.09.28.18.22.59_veh-44_00997_01880,2021.09.28.18.22.59_veh-44_00997_01880/near_pedestrian_on_crosswalk/a0eb377b319d5a65/sledge_raw.gz,static_objects,native_cache_directory,14,7,7,7,0,30,-23,26.01944351196289,,
ee1068cb683153ee,near_pedestrian_on_crosswalk,2021.06.01.17.27.29_veh-47_04434_04805,2021.06.01.17.27.29_veh-47_04434_04805/near_pedestrian_on_crosswalk/ee1068cb683153ee/sledge_raw.gz,vehicles,native_cache_directory,4,2,2,2,0,50,-48,30.455825805664062,,
ee1068cb683153ee,near_pedestrian_on_crosswalk,2021.06.01.17.27.29_veh-47_04434_04805,2021.06.01.17.27.29_veh-47_04434_04805/near_pedestrian_on_crosswalk/ee1068cb683153ee/sledge_raw.gz,pedestrians,native_cache_directory,18,7,7,11,0,20,-13,25.582319259643555,,
ee1068cb683153ee,near_pedestrian_on_crosswalk,2021.06.01.17.27.29_veh-47_04434_04805,2021.06.01.17.27.29_veh-47_04434_04805/near_pedestrian_on_crosswalk/ee1068cb683153ee/sledge_raw.gz,static_objects,native_cache_directory,20,11,11,9,0,30,-19,41.440216064453125,,
1cf12257fc9c508e,near_pedestrian_on_crosswalk,2021.07.15.16.56.34_veh-12_05887_06757,2021.07.15.16.56.34_veh-12_05887_06757/near_pedestrian_on_crosswalk/1cf12257fc9c508e/sledge_raw.gz,vehicles,native_cache_directory,29,24,24,5,0,50,-26,41.51161193847656,,
1cf12257fc9c508e,near_pedestrian_on_crosswalk,2021.07.15.16.56.34_veh-12_05887_06757,2021.07.15.16.56.34_veh-12_05887_06757/near_pedestrian_on_crosswalk/1cf12257fc9c508e/sledge_raw.gz,pedestrians,native_cache_directory,13,1,1,12,0,20,-19,12.509984016418457,,
1cf12257fc9c508e,near_pedestrian_on_crosswalk,2021.07.15.16.56.34_veh-12_05887_06757,2021.07.15.16.56.34_veh-12_05887_06757/near_pedestrian_on_crosswalk/1cf12257fc9c508e/sledge_raw.gz,static_objects,native_cache_directory,116,49,30,67,19,30,19,21.44175148010254,22.291751861572266,0.8500003814697266
07bf5a2abbf3567a,near_pedestrian_on_crosswalk,2021.06.10.16.35.05_veh-16_02836_03357,2021.06.10.16.35.05_veh-16_02836_03357/near_pedestrian_on_crosswalk/07bf5a2abbf3567a/sledge_raw.gz,vehicles,native_cache_directory,40,6,6,34,0,50,-44,28.110645294189453,,
07bf5a2abbf3567a,near_pedestrian_on_crosswalk,2021.06.10.16.35.05_veh-16_02836_03357,2021.06.10.16.35.05_veh-16_02836_03357/near_pedestrian_on_crosswalk/07bf5a2abbf3567a/sledge_raw.gz,pedestrians,native_cache_directory,52,47,20,5,27,20,27,27.581039428710938,27.6154842376709,0.03444480895996094
07bf5a2abbf3567a,near_pedestrian_on_crosswalk,2021.06.10.16.35.05_veh-16_02836_03357,2021.06.10.16.35.05_veh-16_02836_03357/near_pedestrian_on_crosswalk/07bf5a2abbf3567a/sledge_raw.gz,static_objects,native_cache_directory,81,49,30,32,19,30,19,33.841796875,33.97921371459961,0.13741683959960938
26fa76259bbb506e,near_pedestrian_on_crosswalk,2021.06.10.18.51.11_veh-38_01308_01817,2021.06.10.18.51.11_veh-38_01308_01817/near_pedestrian_on_crosswalk/26fa76259bbb506e/sledge_raw.gz,vehicles,native_cache_directory,23,5,5,18,0,50,-45,31.18616485595703,,
26fa76259bbb506e,near_pedestrian_on_crosswalk,2021.06.10.18.51.11_veh-38_01308_01817,2021.06.10.18.51.11_veh-38_01308_01817/near_pedestrian_on_crosswalk/26fa76259bbb506e/sledge_raw.gz,pedestrians,native_cache_directory,67,33,20,34,13,20,13,21.162784576416016,21.562244415283203,0.3994598388671875
26fa76259bbb506e,near_pedestrian_on_crosswalk,2021.06.10.18.51.11_veh-38_01308_01817,2021.06.10.18.51.11_veh-38_01308_01817/near_pedestrian_on_crosswalk/26fa76259bbb506e/sledge_raw.gz,static_objects,native_cache_directory,80,48,30,32,18,30,18,21.175952911376953,21.741695404052734,0.5657424926757812
f4343d5b81e45752,near_pedestrian_on_crosswalk,2021.09.10.08.00.27_veh-51_00016_00382,2021.09.10.08.00.27_veh-51_00016_00382/near_pedestrian_on_crosswalk/f4343d5b81e45752/sledge_raw.gz,vehicles,native_cache_directory,3,2,2,1,0,50,-48,23.871675491333008,,
f4343d5b81e45752,near_pedestrian_on_crosswalk,2021.09.10.08.00.27_veh-51_00016_00382,2021.09.10.08.00.27_veh-51_00016_00382/near_pedestrian_on_crosswalk/f4343d5b81e45752/sledge_raw.gz,pedestrians,native_cache_directory,4,1,1,3,0,20,-19,13.309640884399414,,
f4343d5b81e45752,near_pedestrian_on_crosswalk,2021.09.10.08.00.27_veh-51_00016_00382,2021.09.10.08.00.27_veh-51_00016_00382/near_pedestrian_on_crosswalk/f4343d5b81e45752/sledge_raw.gz,static_objects,native_cache_directory,7,3,3,4,0,30,-27,15.704758644104004,,
e865db169bd65e71,near_pedestrian_on_crosswalk,2021.07.13.17.36.53_veh-26_02506_02964,2021.07.13.17.36.53_veh-26_02506_02964/near_pedestrian_on_crosswalk/e865db169bd65e71/sledge_raw.gz,vehicles,native_cache_directory,37,5,5,32,0,50,-45,38.958251953125,,
e865db169bd65e71,near_pedestrian_on_crosswalk,2021.07.13.17.36.53_veh-26_02506_02964,2021.07.13.17.36.53_veh-26_02506_02964/near_pedestrian_on_crosswalk/e865db169bd65e71/sledge_raw.gz,pedestrians,native_cache_directory,93,40,20,53,20,20,20,17.611249923706055,17.818363189697266,0.20711326599121094
e865db169bd65e71,near_pedestrian_on_crosswalk,2021.07.13.17.36.53_veh-26_02506_02964,2021.07.13.17.36.53_veh-26_02506_02964/near_pedestrian_on_crosswalk/e865db169bd65e71/sledge_raw.gz,static_objects,native_cache_directory,175,46,30,129,16,30,16,25.18348503112793,25.613313674926758,0.4298286437988281
f65474d3f8965a26,near_pedestrian_on_crosswalk,2021.07.13.20.25.13_veh-26_00698_02662,2021.07.13.20.25.13_veh-26_00698_02662/near_pedestrian_on_crosswalk/f65474d3f8965a26/sledge_raw.gz,vehicles,native_cache_directory,21,10,10,11,0,50,-40,34.124412536621094,,
f65474d3f8965a26,near_pedestrian_on_crosswalk,2021.07.13.20.25.13_veh-26_00698_02662,2021.07.13.20.25.13_veh-26_00698_02662/near_pedestrian_on_crosswalk/f65474d3f8965a26/sledge_raw.gz,pedestrians,native_cache_directory,69,47,20,22,27,20,27,22.152528762817383,22.356260299682617,0.20373153686523438
f65474d3f8965a26,near_pedestrian_on_crosswalk,2021.07.13.20.25.13_veh-26_00698_02662,2021.07.13.20.25.13_veh-26_00698_02662/near_pedestrian_on_crosswalk/f65474d3f8965a26/sledge_raw.gz,static_objects,native_cache_directory,82,41,30,41,11,30,11,22.916751861572266,23.099924087524414,0.18317222595214844
a6b771dda7545822,near_pedestrian_on_crosswalk,2021.06.08.12.54.54_veh-26_04262_04732,2021.06.08.12.54.54_veh-26_04262_04732/near_pedestrian_on_crosswalk/a6b771dda7545822/sledge_raw.gz,vehicles,native_cache_directory,4,1,1,3,0,50,-49,18.73212432861328,,
a6b771dda7545822,near_pedestrian_on_crosswalk,2021.06.08.12.54.54_veh-26_04262_04732,2021.06.08.12.54.54_veh-26_04262_04732/near_pedestrian_on_crosswalk/a6b771dda7545822/sledge_raw.gz,pedestrians,native_cache_directory,41,29,20,12,9,20,9,24.76700210571289,25.117420196533203,0.3504180908203125
a6b771dda7545822,near_pedestrian_on_crosswalk,2021.06.08.12.54.54_veh-26_04262_04732,2021.06.08.12.54.54_veh-26_04262_04732/near_pedestrian_on_crosswalk/a6b771dda7545822/sledge_raw.gz,static_objects,native_cache_directory,128,63,30,65,33,30,33,26.485857009887695,29.051048278808594,2.5651912689208984
282e7f220cce5b08,near_pedestrian_on_crosswalk,2021.05.14.16.44.42_veh-35_00824_01266,2021.05.14.16.44.42_veh-35_00824_01266/near_pedestrian_on_crosswalk/282e7f220cce5b08/sledge_raw.gz,vehicles,native_cache_directory,16,7,7,9,0,50,-43,30.77161979675293,,
282e7f220cce5b08,near_pedestrian_on_crosswalk,2021.05.14.16.44.42_veh-35_00824_01266,2021.05.14.16.44.42_veh-35_00824_01266/near_pedestrian_on_crosswalk/282e7f220cce5b08/sledge_raw.gz,pedestrians,native_cache_directory,91,58,20,33,38,20,38,14.380722045898438,14.392586708068848,0.011864662170410156
282e7f220cce5b08,near_pedestrian_on_crosswalk,2021.05.14.16.44.42_veh-35_00824_01266,2021.05.14.16.44.42_veh-35_00824_01266/near_pedestrian_on_crosswalk/282e7f220cce5b08/sledge_raw.gz,static_objects,native_cache_directory,103,40,30,63,10,30,10,32.925045013427734,33.63266372680664,0.7076187133789062
9f88f989d24f510a,near_pedestrian_on_crosswalk,2021.05.26.12.22.44_veh-25_01666_02495,2021.05.26.12.22.44_veh-25_01666_02495/near_pedestrian_on_crosswalk/9f88f989d24f510a/sledge_raw.gz,vehicles,native_cache_directory,14,3,3,11,0,50,-47,20.696882247924805,,
9f88f989d24f510a,near_pedestrian_on_crosswalk,2021.05.26.12.22.44_veh-25_01666_02495,2021.05.26.12.22.44_veh-25_01666_02495/near_pedestrian_on_crosswalk/9f88f989d24f510a/sledge_raw.gz,pedestrians,native_cache_directory,14,4,4,10,0,20,-16,13.753177642822266,,
9f88f989d24f510a,near_pedestrian_on_crosswalk,2021.05.26.12.22.44_veh-25_01666_02495,2021.05.26.12.22.44_veh-25_01666_02495/near_pedestrian_on_crosswalk/9f88f989d24f510a/sledge_raw.gz,static_objects,native_cache_directory,162,52,30,110,22,30,22,18.716903686523438,19.296972274780273,0.5800685882568359
712e9e5a48de5b33,near_pedestrian_on_crosswalk,2021.07.13.17.36.02_veh-12_03512_05167,2021.07.13.17.36.02_veh-12_03512_05167/near_pedestrian_on_crosswalk/712e9e5a48de5b33/sledge_raw.gz,vehicles,native_cache_directory,29,13,13,16,0,50,-37,37.99156951904297,,
712e9e5a48de5b33,near_pedestrian_on_crosswalk,2021.07.13.17.36.02_veh-12_03512_05167,2021.07.13.17.36.02_veh-12_03512_05167/near_pedestrian_on_crosswalk/712e9e5a48de5b33/sledge_raw.gz,pedestrians,native_cache_directory,20,15,15,5,0,20,-5,31.148447036743164,,
712e9e5a48de5b33,near_pedestrian_on_crosswalk,2021.07.13.17.36.02_veh-12_03512_05167,2021.07.13.17.36.02_veh-12_03512_05167/near_pedestrian_on_crosswalk/712e9e5a48de5b33/sledge_raw.gz,static_objects,native_cache_directory,119,51,30,68,21,30,21,19.345430374145508,19.544042587280273,0.19861221313476562
59bac856bf3d5b4f,near_pedestrian_on_crosswalk,2021.07.22.19.31.55_veh-37_02958_04057,2021.07.22.19.31.55_veh-37_02958_04057/near_pedestrian_on_crosswalk/59bac856bf3d5b4f/sledge_raw.gz,vehicles,native_cache_directory,35,19,19,16,0,50,-31,37.46294021606445,,
59bac856bf3d5b4f,near_pedestrian_on_crosswalk,2021.07.22.19.31.55_veh-37_02958_04057,2021.07.22.19.31.55_veh-37_02958_04057/near_pedestrian_on_crosswalk/59bac856bf3d5b4f/sledge_raw.gz,pedestrians,native_cache_directory,89,53,20,36,33,20,33,28.708698272705078,29.371103286743164,0.6624050140380859
59bac856bf3d5b4f,near_pedestrian_on_crosswalk,2021.07.22.19.31.55_veh-37_02958_04057,2021.07.22.19.31.55_veh-37_02958_04057/near_pedestrian_on_crosswalk/59bac856bf3d5b4f/sledge_raw.gz,static_objects,native_cache_directory,71,26,26,45,0,30,-4,39.8262825012207,,
f90d2a96ef8a553e,near_pedestrian_on_crosswalk,2021.05.19.14.07.59_veh-25_01718_01857,2021.05.19.14.07.59_veh-25_01718_01857/near_pedestrian_on_crosswalk/f90d2a96ef8a553e/sledge_raw.gz,vehicles,native_cache_directory,14,3,3,11,0,50,-47,24.300933837890625,,
f90d2a96ef8a553e,near_pedestrian_on_crosswalk,2021.05.19.14.07.59_veh-25_01718_01857,2021.05.19.14.07.59_veh-25_01718_01857/near_pedestrian_on_crosswalk/f90d2a96ef8a553e/sledge_raw.gz,pedestrians,native_cache_directory,66,47,20,19,27,20,27,19.82080078125,20.253379821777344,0.43257904052734375
f90d2a96ef8a553e,near_pedestrian_on_crosswalk,2021.05.19.14.07.59_veh-25_01718_01857,2021.05.19.14.07.59_veh-25_01718_01857/near_pedestrian_on_crosswalk/f90d2a96ef8a553e/sledge_raw.gz,static_objects,native_cache_directory,73,44,30,29,14,30,14,22.743656158447266,22.915517807006836,0.1718616485595703
8f877ba0671d5849,near_pedestrian_on_crosswalk,2021.10.01.19.16.42_veh-28_02011_02410,2021.10.01.19.16.42_veh-28_02011_02410/near_pedestrian_on_crosswalk/8f877ba0671d5849/sledge_raw.gz,vehicles,native_cache_directory,11,4,4,7,0,50,-46,19.846792221069336,,
8f877ba0671d5849,near_pedestrian_on_crosswalk,2021.10.01.19.16.42_veh-28_02011_02410,2021.10.01.19.16.42_veh-28_02011_02410/near_pedestrian_on_crosswalk/8f877ba0671d5849/sledge_raw.gz,pedestrians,native_cache_directory,45,26,20,19,6,20,6,20.89651870727539,22.11749839782715,1.2209796905517578
8f877ba0671d5849,near_pedestrian_on_crosswalk,2021.10.01.19.16.42_veh-28_02011_02410,2021.10.01.19.16.42_veh-28_02011_02410/near_pedestrian_on_crosswalk/8f877ba0671d5849/sledge_raw.gz,static_objects,native_cache_directory,15,7,7,8,0,30,-23,38.7591552734375,,
1bb0f950f34155e6,near_pedestrian_on_crosswalk,2021.10.18.18.22.08_veh-28_01420_01652,2021.10.18.18.22.08_veh-28_01420_01652/near_pedestrian_on_crosswalk/1bb0f950f34155e6/sledge_raw.gz,vehicles,native_cache_directory,6,3,3,3,0,50,-47,29.53561019897461,,
1bb0f950f34155e6,near_pedestrian_on_crosswalk,2021.10.18.18.22.08_veh-28_01420_01652,2021.10.18.18.22.08_veh-28_01420_01652/near_pedestrian_on_crosswalk/1bb0f950f34155e6/sledge_raw.gz,pedestrians,native_cache_directory,16,10,10,6,0,20,-10,27.50898551940918,,
1bb0f950f34155e6,near_pedestrian_on_crosswalk,2021.10.18.18.22.08_veh-28_01420_01652,2021.10.18.18.22.08_veh-28_01420_01652/near_pedestrian_on_crosswalk/1bb0f950f34155e6/sledge_raw.gz,static_objects,native_cache_directory,44,31,30,13,1,30,1,35.433677673339844,39.90706253051758,4.473384857177734
4aefea105c545979,near_pedestrian_on_crosswalk,2021.07.14.16.58.38_veh-38_00863_01848,2021.07.14.16.58.38_veh-38_00863_01848/near_pedestrian_on_crosswalk/4aefea105c545979/sledge_raw.gz,vehicles,native_cache_directory,33,7,7,26,0,50,-43,34.93003463745117,,
4aefea105c545979,near_pedestrian_on_crosswalk,2021.07.14.16.58.38_veh-38_00863_01848,2021.07.14.16.58.38_veh-38_00863_01848/near_pedestrian_on_crosswalk/4aefea105c545979/sledge_raw.gz,pedestrians,native_cache_directory,76,42,20,34,22,20,22,13.294513702392578,13.482028007507324,0.1875143051147461
4aefea105c545979,near_pedestrian_on_crosswalk,2021.07.14.16.58.38_veh-38_00863_01848,2021.07.14.16.58.38_veh-38_00863_01848/near_pedestrian_on_crosswalk/4aefea105c545979/sledge_raw.gz,static_objects,native_cache_directory,173,46,30,127,16,30,16,25.41438102722168,25.418058395385742,0.0036773681640625
6a0849f49e1e5bdd,near_pedestrian_on_crosswalk,2021.06.16.14.02.32_veh-35_04105_04414,2021.06.16.14.02.32_veh-35_04105_04414/near_pedestrian_on_crosswalk/6a0849f49e1e5bdd/sledge_raw.gz,vehicles,native_cache_directory,12,7,7,5,0,50,-43,31.476890563964844,,
6a0849f49e1e5bdd,near_pedestrian_on_crosswalk,2021.06.16.14.02.32_veh-35_04105_04414,2021.06.16.14.02.32_veh-35_04105_04414/near_pedestrian_on_crosswalk/6a0849f49e1e5bdd/sledge_raw.gz,pedestrians,native_cache_directory,51,22,20,29,2,20,2,31.311920166015625,31.5255126953125,0.213592529296875
6a0849f49e1e5bdd,near_pedestrian_on_crosswalk,2021.06.16.14.02.32_veh-35_04105_04414,2021.06.16.14.02.32_veh-35_04105_04414/near_pedestrian_on_crosswalk/6a0849f49e1e5bdd/sledge_raw.gz,static_objects,native_cache_directory,100,50,30,50,20,30,20,19.728866577148438,19.95026206970215,0.22139549255371094
8252dff6c4485daf,near_pedestrian_on_crosswalk,2021.06.29.21.10.40_veh-14_00441_01040,2021.06.29.21.10.40_veh-14_00441_01040/near_pedestrian_on_crosswalk/8252dff6c4485daf/sledge_raw.gz,vehicles,native_cache_directory,14,5,5,9,0,50,-45,37.50499725341797,,
8252dff6c4485daf,near_pedestrian_on_crosswalk,2021.06.29.21.10.40_veh-14_00441_01040,2021.06.29.21.10.40_veh-14_00441_01040/near_pedestrian_on_crosswalk/8252dff6c4485daf/sledge_raw.gz,pedestrians,native_cache_directory,51,17,17,34,0,20,-3,32.4830207824707,,
8252dff6c4485daf,near_pedestrian_on_crosswalk,2021.06.29.21.10.40_veh-14_00441_01040,2021.06.29.21.10.40_veh-14_00441_01040/near_pedestrian_on_crosswalk/8252dff6c4485daf/sledge_raw.gz,static_objects,native_cache_directory,96,43,30,53,13,30,13,21.089487075805664,21.49679183959961,0.4073047637939453
7b1c949e53355fb3,near_pedestrian_on_crosswalk,2021.07.14.16.58.38_veh-38_04268_05695,2021.07.14.16.58.38_veh-38_04268_05695/near_pedestrian_on_crosswalk/7b1c949e53355fb3/sledge_raw.gz,vehicles,native_cache_directory,17,7,7,10,0,50,-43,42.816673278808594,,
7b1c949e53355fb3,near_pedestrian_on_crosswalk,2021.07.14.16.58.38_veh-38_04268_05695,2021.07.14.16.58.38_veh-38_04268_05695/near_pedestrian_on_crosswalk/7b1c949e53355fb3/sledge_raw.gz,pedestrians,native_cache_directory,56,31,20,25,11,20,11,18.699504852294922,18.965301513671875,0.2657966613769531
7b1c949e53355fb3,near_pedestrian_on_crosswalk,2021.07.14.16.58.38_veh-38_04268_05695,2021.07.14.16.58.38_veh-38_04268_05695/near_pedestrian_on_crosswalk/7b1c949e53355fb3/sledge_raw.gz,static_objects,native_cache_directory,105,47,30,58,17,30,17,23.203378677368164,24.668718338012695,1.4653396606445312
6f2774c0b6445812,near_pedestrian_on_crosswalk,2021.06.07.17.48.02_veh-38_03392_03579,2021.06.07.17.48.02_veh-38_03392_03579/near_pedestrian_on_crosswalk/6f2774c0b6445812/sledge_raw.gz,vehicles,native_cache_directory,18,6,6,12,0,50,-44,31.3950138092041,,
6f2774c0b6445812,near_pedestrian_on_crosswalk,2021.06.07.17.48.02_veh-38_03392_03579,2021.06.07.17.48.02_veh-38_03392_03579/near_pedestrian_on_crosswalk/6f2774c0b6445812/sledge_raw.gz,pedestrians,native_cache_directory,53,28,20,25,8,20,8,26.116722106933594,26.187698364257812,0.07097625732421875
6f2774c0b6445812,near_pedestrian_on_crosswalk,2021.06.07.17.48.02_veh-38_03392_03579,2021.06.07.17.48.02_veh-38_03392_03579/near_pedestrian_on_crosswalk/6f2774c0b6445812/sledge_raw.gz,static_objects,native_cache_directory,71,43,30,28,13,30,13,22.29745864868164,23.569528579711914,1.2720699310302734
b791aab5b6d55a3b,near_pedestrian_on_crosswalk,2021.07.21.18.06.16_veh-38_00015_00361,2021.07.21.18.06.16_veh-38_00015_00361/near_pedestrian_on_crosswalk/b791aab5b6d55a3b/sledge_raw.gz,vehicles,native_cache_directory,8,2,2,6,0,50,-48,33.20380401611328,,
b791aab5b6d55a3b,near_pedestrian_on_crosswalk,2021.07.21.18.06.16_veh-38_00015_00361,2021.07.21.18.06.16_veh-38_00015_00361/near_pedestrian_on_crosswalk/b791aab5b6d55a3b/sledge_raw.gz,pedestrians,native_cache_directory,2,2,2,0,0,20,-18,14.003454208374023,,
b791aab5b6d55a3b,near_pedestrian_on_crosswalk,2021.07.21.18.06.16_veh-38_00015_00361,2021.07.21.18.06.16_veh-38_00015_00361/near_pedestrian_on_crosswalk/b791aab5b6d55a3b/sledge_raw.gz,static_objects,native_cache_directory,38,15,15,23,0,30,-15,26.798221588134766,,
3548c7e93a1d5d24,near_pedestrian_on_crosswalk,2021.07.19.23.12.29_veh-35_03429_04359,2021.07.19.23.12.29_veh-35_03429_04359/near_pedestrian_on_crosswalk/3548c7e93a1d5d24/sledge_raw.gz,vehicles,native_cache_directory,14,6,6,8,0,50,-44,31.15724754333496,,
3548c7e93a1d5d24,near_pedestrian_on_crosswalk,2021.07.19.23.12.29_veh-35_03429_04359,2021.07.19.23.12.29_veh-35_03429_04359/near_pedestrian_on_crosswalk/3548c7e93a1d5d24/sledge_raw.gz,pedestrians,native_cache_directory,59,19,19,40,0,20,-1,28.841815948486328,,
3548c7e93a1d5d24,near_pedestrian_on_crosswalk,2021.07.19.23.12.29_veh-35_03429_04359,2021.07.19.23.12.29_veh-35_03429_04359/near_pedestrian_on_crosswalk/3548c7e93a1d5d24/sledge_raw.gz,static_objects,native_cache_directory,96,28,28,68,0,30,-2,32.14155960083008,,
ef2be94e80e35a9c,near_pedestrian_on_crosswalk,2021.10.13.19.37.51_veh-28_00289_00909,2021.10.13.19.37.51_veh-28_00289_00909/near_pedestrian_on_crosswalk/ef2be94e80e35a9c/sledge_raw.gz,vehicles,native_cache_directory,11,1,1,10,0,50,-49,13.749802589416504,,
ef2be94e80e35a9c,near_pedestrian_on_crosswalk,2021.10.13.19.37.51_veh-28_00289_00909,2021.10.13.19.37.51_veh-28_00289_00909/near_pedestrian_on_crosswalk/ef2be94e80e35a9c/sledge_raw.gz,pedestrians,native_cache_directory,4,3,3,1,0,20,-17,32.41134262084961,,
ef2be94e80e35a9c,near_pedestrian_on_crosswalk,2021.10.13.19.37.51_veh-28_00289_00909,2021.10.13.19.37.51_veh-28_00289_00909/near_pedestrian_on_crosswalk/ef2be94e80e35a9c/sledge_raw.gz,static_objects,native_cache_directory,38,35,30,3,5,30,5,25.355079650878906,25.720354080200195,0.36527442932128906
174c44571c0c5f62,near_pedestrian_on_crosswalk,2021.06.24.15.54.32_veh-16_00133_00787,2021.06.24.15.54.32_veh-16_00133_00787/near_pedestrian_on_crosswalk/174c44571c0c5f62/sledge_raw.gz,vehicles,native_cache_directory,9,5,5,4,0,50,-45,26.037893295288086,,
174c44571c0c5f62,near_pedestrian_on_crosswalk,2021.06.24.15.54.32_veh-16_00133_00787,2021.06.24.15.54.32_veh-16_00133_00787/near_pedestrian_on_crosswalk/174c44571c0c5f62/sledge_raw.gz,pedestrians,native_cache_directory,55,25,20,30,5,20,5,37.1674690246582,37.76527404785156,0.5978050231933594
174c44571c0c5f62,near_pedestrian_on_crosswalk,2021.06.24.15.54.32_veh-16_00133_00787,2021.06.24.15.54.32_veh-16_00133_00787/near_pedestrian_on_crosswalk/174c44571c0c5f62/sledge_raw.gz,static_objects,native_cache_directory,136,87,30,49,57,30,57,17.526599884033203,17.64535140991211,0.11875152587890625
3b50244f10dc5a0c,near_pedestrian_on_crosswalk,2021.08.23.17.33.08_veh-08_00115_00764,2021.08.23.17.33.08_veh-08_00115_00764/near_pedestrian_on_crosswalk/3b50244f10dc5a0c/sledge_raw.gz,vehicles,native_cache_directory,19,10,10,9,0,50,-40,30.14708709716797,,
3b50244f10dc5a0c,near_pedestrian_on_crosswalk,2021.08.23.17.33.08_veh-08_00115_00764,2021.08.23.17.33.08_veh-08_00115_00764/near_pedestrian_on_crosswalk/3b50244f10dc5a0c/sledge_raw.gz,pedestrians,native_cache_directory,9,4,4,5,0,20,-16,32.46351623535156,,
3b50244f10dc5a0c,near_pedestrian_on_crosswalk,2021.08.23.17.33.08_veh-08_00115_00764,2021.08.23.17.33.08_veh-08_00115_00764/near_pedestrian_on_crosswalk/3b50244f10dc5a0c/sledge_raw.gz,static_objects,native_cache_directory,5,3,3,2,0,30,-27,21.78453826904297,,
00abb70ca63258b6,near_pedestrian_on_crosswalk,2021.07.23.15.59.40_veh-47_00184_00896,2021.07.23.15.59.40_veh-47_00184_00896/near_pedestrian_on_crosswalk/00abb70ca63258b6/sledge_raw.gz,vehicles,native_cache_directory,14,2,2,12,0,50,-48,21.821186065673828,,
00abb70ca63258b6,near_pedestrian_on_crosswalk,2021.07.23.15.59.40_veh-47_00184_00896,2021.07.23.15.59.40_veh-47_00184_00896/near_pedestrian_on_crosswalk/00abb70ca63258b6/sledge_raw.gz,pedestrians,native_cache_directory,25,16,16,9,0,20,-4,32.4564208984375,,
00abb70ca63258b6,near_pedestrian_on_crosswalk,2021.07.23.15.59.40_veh-47_00184_00896,2021.07.23.15.59.40_veh-47_00184_00896/near_pedestrian_on_crosswalk/00abb70ca63258b6/sledge_raw.gz,static_objects,native_cache_directory,86,41,30,45,11,30,11,22.23297119140625,22.59904670715332,0.3660755157470703
9827e1831ec654e4,near_pedestrian_on_crosswalk,2021.06.30.16.57.14_veh-12_05350_05949,2021.06.30.16.57.14_veh-12_05350_05949/near_pedestrian_on_crosswalk/9827e1831ec654e4/sledge_raw.gz,vehicles,native_cache_directory,18,6,6,12,0,50,-44,27.519943237304688,,
9827e1831ec654e4,near_pedestrian_on_crosswalk,2021.06.30.16.57.14_veh-12_05350_05949,2021.06.30.16.57.14_veh-12_05350_05949/near_pedestrian_on_crosswalk/9827e1831ec654e4/sledge_raw.gz,pedestrians,native_cache_directory,51,24,20,27,4,20,4,29.00214958190918,30.70398712158203,1.7018375396728516
9827e1831ec654e4,near_pedestrian_on_crosswalk,2021.06.30.16.57.14_veh-12_05350_05949,2021.06.30.16.57.14_veh-12_05350_05949/near_pedestrian_on_crosswalk/9827e1831ec654e4/sledge_raw.gz,static_objects,native_cache_directory,143,34,30,109,4,30,4,25.869922637939453,27.35332489013672,1.4834022521972656
3d2a2469e5e75a62,near_pedestrian_on_crosswalk,2021.06.30.20.54.27_veh-38_05567_07046,2021.06.30.20.54.27_veh-38_05567_07046/near_pedestrian_on_crosswalk/3d2a2469e5e75a62/sledge_raw.gz,vehicles,native_cache_directory,27,8,8,19,0,50,-42,29.605810165405273,,
3d2a2469e5e75a62,near_pedestrian_on_crosswalk,2021.06.30.20.54.27_veh-38_05567_07046,2021.06.30.20.54.27_veh-38_05567_07046/near_pedestrian_on_crosswalk/3d2a2469e5e75a62/sledge_raw.gz,pedestrians,native_cache_directory,5,0,0,5,0,20,-20,,,
3d2a2469e5e75a62,near_pedestrian_on_crosswalk,2021.06.30.20.54.27_veh-38_05567_07046,2021.06.30.20.54.27_veh-38_05567_07046/near_pedestrian_on_crosswalk/3d2a2469e5e75a62/sledge_raw.gz,static_objects,native_cache_directory,45,2,2,43,0,30,-28,32.21004104614258,,
d96cc4b87c735e33,near_pedestrian_on_crosswalk,2021.10.15.02.00.24_veh-53_00039_00411,2021.10.15.02.00.24_veh-53_00039_00411/near_pedestrian_on_crosswalk/d96cc4b87c735e33/sledge_raw.gz,vehicles,native_cache_directory,9,3,3,6,0,50,-47,36.243927001953125,,
d96cc4b87c735e33,near_pedestrian_on_crosswalk,2021.10.15.02.00.24_veh-53_00039_00411,2021.10.15.02.00.24_veh-53_00039_00411/near_pedestrian_on_crosswalk/d96cc4b87c735e33/sledge_raw.gz,pedestrians,native_cache_directory,5,3,3,2,0,20,-17,31.01871681213379,,
d96cc4b87c735e33,near_pedestrian_on_crosswalk,2021.10.15.02.00.24_veh-53_00039_00411,2021.10.15.02.00.24_veh-53_00039_00411/near_pedestrian_on_crosswalk/d96cc4b87c735e33/sledge_raw.gz,static_objects,native_cache_directory,2,1,1,1,0,30,-29,5.343318462371826,,
2de4a043780e5521,near_pedestrian_on_crosswalk,2021.05.21.12.42.04_veh-35_04657_05159,2021.05.21.12.42.04_veh-35_04657_05159/near_pedestrian_on_crosswalk/2de4a043780e5521/sledge_raw.gz,vehicles,native_cache_directory,11,6,6,5,0,50,-44,42.368865966796875,,
2de4a043780e5521,near_pedestrian_on_crosswalk,2021.05.21.12.42.04_veh-35_04657_05159,2021.05.21.12.42.04_veh-35_04657_05159/near_pedestrian_on_crosswalk/2de4a043780e5521/sledge_raw.gz,pedestrians,native_cache_directory,48,25,20,23,5,20,5,25.454816818237305,25.695682525634766,0.24086570739746094
2de4a043780e5521,near_pedestrian_on_crosswalk,2021.05.21.12.42.04_veh-35_04657_05159,2021.05.21.12.42.04_veh-35_04657_05159/near_pedestrian_on_crosswalk/2de4a043780e5521/sledge_raw.gz,static_objects,native_cache_directory,92,49,30,43,19,30,19,21.123258590698242,21.52048110961914,0.39722251892089844
e0b6fd9583355c6d,near_pedestrian_on_crosswalk,2021.09.13.17.32.06_veh-39_01315_01527,2021.09.13.17.32.06_veh-39_01315_01527/near_pedestrian_on_crosswalk/e0b6fd9583355c6d/sledge_raw.gz,vehicles,native_cache_directory,11,6,6,5,0,50,-44,31.921337127685547,,
e0b6fd9583355c6d,near_pedestrian_on_crosswalk,2021.09.13.17.32.06_veh-39_01315_01527,2021.09.13.17.32.06_veh-39_01315_01527/near_pedestrian_on_crosswalk/e0b6fd9583355c6d/sledge_raw.gz,pedestrians,native_cache_directory,13,6,6,7,0,20,-14,28.042043685913086,,
e0b6fd9583355c6d,near_pedestrian_on_crosswalk,2021.09.13.17.32.06_veh-39_01315_01527,2021.09.13.17.32.06_veh-39_01315_01527/near_pedestrian_on_crosswalk/e0b6fd9583355c6d/sledge_raw.gz,static_objects,native_cache_directory,15,11,11,4,0,30,-19,37.71126174926758,,
81b93594103352b8,near_pedestrian_on_crosswalk,2021.10.01.14.49.24_veh-44_00005_00686,2021.10.01.14.49.24_veh-44_00005_00686/near_pedestrian_on_crosswalk/81b93594103352b8/sledge_raw.gz,vehicles,native_cache_directory,14,4,4,10,0,50,-46,32.8038215637207,,
81b93594103352b8,near_pedestrian_on_crosswalk,2021.10.01.14.49.24_veh-44_00005_00686,2021.10.01.14.49.24_veh-44_00005_00686/near_pedestrian_on_crosswalk/81b93594103352b8/sledge_raw.gz,pedestrians,native_cache_directory,5,3,3,2,0,20,-17,31.568313598632812,,
81b93594103352b8,near_pedestrian_on_crosswalk,2021.10.01.14.49.24_veh-44_00005_00686,2021.10.01.14.49.24_veh-44_00005_00686/near_pedestrian_on_crosswalk/81b93594103352b8/sledge_raw.gz,static_objects,native_cache_directory,4,3,3,1,0,30,-27,34.2759895324707,,
151b5dd2db6a584e,near_pedestrian_on_crosswalk,2021.06.29.14.49.56_veh-38_00774_01467,2021.06.29.14.49.56_veh-38_00774_01467/near_pedestrian_on_crosswalk/151b5dd2db6a584e/sledge_raw.gz,vehicles,native_cache_directory,3,1,1,2,0,50,-49,9.904470443725586,,
151b5dd2db6a584e,near_pedestrian_on_crosswalk,2021.06.29.14.49.56_veh-38_00774_01467,2021.06.29.14.49.56_veh-38_00774_01467/near_pedestrian_on_crosswalk/151b5dd2db6a584e/sledge_raw.gz,pedestrians,native_cache_directory,20,12,12,8,0,20,-8,36.61518859863281,,
151b5dd2db6a584e,near_pedestrian_on_crosswalk,2021.06.29.14.49.56_veh-38_00774_01467,2021.06.29.14.49.56_veh-38_00774_01467/near_pedestrian_on_crosswalk/151b5dd2db6a584e/sledge_raw.gz,static_objects,native_cache_directory,132,45,30,87,15,30,15,24.513328552246094,24.941438674926758,0.42811012268066406
5b25c7894e6d5ac2,near_pedestrian_on_crosswalk,2021.06.01.14.26.18_veh-12_01788_02113,2021.06.01.14.26.18_veh-12_01788_02113/near_pedestrian_on_crosswalk/5b25c7894e6d5ac2/sledge_raw.gz,vehicles,native_cache_directory,43,8,8,35,0,50,-42,37.33184814453125,,
5b25c7894e6d5ac2,near_pedestrian_on_crosswalk,2021.06.01.14.26.18_veh-12_01788_02113,2021.06.01.14.26.18_veh-12_01788_02113/near_pedestrian_on_crosswalk/5b25c7894e6d5ac2/sledge_raw.gz,pedestrians,native_cache_directory,69,9,9,60,0,20,-11,21.50849151611328,,
5b25c7894e6d5ac2,near_pedestrian_on_crosswalk,2021.06.01.14.26.18_veh-12_01788_02113,2021.06.01.14.26.18_veh-12_01788_02113/near_pedestrian_on_crosswalk/5b25c7894e6d5ac2/sledge_raw.gz,static_objects,native_cache_directory,189,60,30,129,30,30,30,19.897602081298828,20.23516273498535,0.33756065368652344
3109f12547955844,near_pedestrian_on_crosswalk,2021.09.29.08.57.11_veh-49_01443_01815,2021.09.29.08.57.11_veh-49_01443_01815/near_pedestrian_on_crosswalk/3109f12547955844/sledge_raw.gz,vehicles,native_cache_directory,7,1,1,6,0,50,-49,28.176233291625977,,
3109f12547955844,near_pedestrian_on_crosswalk,2021.09.29.08.57.11_veh-49_01443_01815,2021.09.29.08.57.11_veh-49_01443_01815/near_pedestrian_on_crosswalk/3109f12547955844/sledge_raw.gz,pedestrians,native_cache_directory,5,2,2,3,0,20,-18,16.861806869506836,,
3109f12547955844,near_pedestrian_on_crosswalk,2021.09.29.08.57.11_veh-49_01443_01815,2021.09.29.08.57.11_veh-49_01443_01815/near_pedestrian_on_crosswalk/3109f12547955844/sledge_raw.gz,static_objects,native_cache_directory,5,2,2,3,0,30,-28,34.38868713378906,,
2e295c4290745a6f,near_pedestrian_on_crosswalk,2021.06.08.19.16.23_veh-26_01247_01620,2021.06.08.19.16.23_veh-26_01247_01620/near_pedestrian_on_crosswalk/2e295c4290745a6f/sledge_raw.gz,vehicles,native_cache_directory,48,11,11,37,0,50,-39,40.59735107421875,,
2e295c4290745a6f,near_pedestrian_on_crosswalk,2021.06.08.19.16.23_veh-26_01247_01620,2021.06.08.19.16.23_veh-26_01247_01620/near_pedestrian_on_crosswalk/2e295c4290745a6f/sledge_raw.gz,pedestrians,native_cache_directory,137,49,20,88,29,20,29,16.211763381958008,16.2165470123291,0.00478363037109375
2e295c4290745a6f,near_pedestrian_on_crosswalk,2021.06.08.19.16.23_veh-26_01247_01620,2021.06.08.19.16.23_veh-26_01247_01620/near_pedestrian_on_crosswalk/2e295c4290745a6f/sledge_raw.gz,static_objects,native_cache_directory,191,45,30,146,15,30,15,26.081045150756836,26.47247886657715,0.3914337158203125
b1e4bf1af0d152b7,near_pedestrian_on_crosswalk,2021.07.15.00.06.06_veh-38_01439_01882,2021.07.15.00.06.06_veh-38_01439_01882/near_pedestrian_on_crosswalk/b1e4bf1af0d152b7/sledge_raw.gz,vehicles,native_cache_directory,60,14,14,46,0,50,-36,38.60017776489258,,
b1e4bf1af0d152b7,near_pedestrian_on_crosswalk,2021.07.15.00.06.06_veh-38_01439_01882,2021.07.15.00.06.06_veh-38_01439_01882/near_pedestrian_on_crosswalk/b1e4bf1af0d152b7/sledge_raw.gz,pedestrians,native_cache_directory,137,86,20,51,66,20,66,12.743494033813477,13.277603149414062,0.5341091156005859
b1e4bf1af0d152b7,near_pedestrian_on_crosswalk,2021.07.15.00.06.06_veh-38_01439_01882,2021.07.15.00.06.06_veh-38_01439_01882/near_pedestrian_on_crosswalk/b1e4bf1af0d152b7/sledge_raw.gz,static_objects,native_cache_directory,143,40,30,103,10,30,10,25.172832489013672,25.21356201171875,0.040729522705078125
94c6e66809f35c26,near_pedestrian_on_crosswalk,2021.10.08.03.43.30_veh-49_01543_01921,2021.10.08.03.43.30_veh-49_01543_01921/near_pedestrian_on_crosswalk/94c6e66809f35c26/sledge_raw.gz,vehicles,native_cache_directory,1,0,0,1,0,50,-50,,,
94c6e66809f35c26,near_pedestrian_on_crosswalk,2021.10.08.03.43.30_veh-49_01543_01921,2021.10.08.03.43.30_veh-49_01543_01921/near_pedestrian_on_crosswalk/94c6e66809f35c26/sledge_raw.gz,pedestrians,native_cache_directory,5,4,4,1,0,20,-16,13.70593547821045,,
94c6e66809f35c26,near_pedestrian_on_crosswalk,2021.10.08.03.43.30_veh-49_01543_01921,2021.10.08.03.43.30_veh-49_01543_01921/near_pedestrian_on_crosswalk/94c6e66809f35c26/sledge_raw.gz,static_objects,native_cache_directory,6,6,6,0,0,30,-24,28.170644760131836,,
8a8afb6bd7855bf3,near_pedestrian_on_crosswalk,2021.07.07.18.27.54_veh-35_00016_01411,2021.07.07.18.27.54_veh-35_00016_01411/near_pedestrian_on_crosswalk/8a8afb6bd7855bf3/sledge_raw.gz,vehicles,native_cache_directory,10,3,3,7,0,50,-47,30.704235076904297,,
8a8afb6bd7855bf3,near_pedestrian_on_crosswalk,2021.07.07.18.27.54_veh-35_00016_01411,2021.07.07.18.27.54_veh-35_00016_01411/near_pedestrian_on_crosswalk/8a8afb6bd7855bf3/sledge_raw.gz,pedestrians,native_cache_directory,8,2,2,6,0,20,-18,33.247352600097656,,
8a8afb6bd7855bf3,near_pedestrian_on_crosswalk,2021.07.07.18.27.54_veh-35_00016_01411,2021.07.07.18.27.54_veh-35_00016_01411/near_pedestrian_on_crosswalk/8a8afb6bd7855bf3/sledge_raw.gz,static_objects,native_cache_directory,16,10,10,6,0,30,-20,41.64933395385742,,
7575348b815e53a3,near_pedestrian_on_crosswalk,2021.10.01.17.28.18_veh-44_00609_01551,2021.10.01.17.28.18_veh-44_00609_01551/near_pedestrian_on_crosswalk/7575348b815e53a3/sledge_raw.gz,vehicles,native_cache_directory,18,5,5,13,0,50,-45,30.253698348999023,,
7575348b815e53a3,near_pedestrian_on_crosswalk,2021.10.01.17.28.18_veh-44_00609_01551,2021.10.01.17.28.18_veh-44_00609_01551/near_pedestrian_on_crosswalk/7575348b815e53a3/sledge_raw.gz,pedestrians,native_cache_directory,6,4,4,2,0,20,-16,17.613374710083008,,
7575348b815e53a3,near_pedestrian_on_crosswalk,2021.10.01.17.28.18_veh-44_00609_01551,2021.10.01.17.28.18_veh-44_00609_01551/near_pedestrian_on_crosswalk/7575348b815e53a3/sledge_raw.gz,static_objects,native_cache_directory,8,6,6,2,0,30,-24,25.17952537536621,,
a25951efbc68528b,near_pedestrian_on_crosswalk,2021.07.22.17.40.23_veh-47_01908_05229,2021.07.22.17.40.23_veh-47_01908_05229/near_pedestrian_on_crosswalk/a25951efbc68528b/sledge_raw.gz,vehicles,native_cache_directory,29,10,10,19,0,50,-40,38.94233322143555,,
a25951efbc68528b,near_pedestrian_on_crosswalk,2021.07.22.17.40.23_veh-47_01908_05229,2021.07.22.17.40.23_veh-47_01908_05229/near_pedestrian_on_crosswalk/a25951efbc68528b/sledge_raw.gz,pedestrians,native_cache_directory,31,14,14,17,0,20,-6,31.345932006835938,,
a25951efbc68528b,near_pedestrian_on_crosswalk,2021.07.22.17.40.23_veh-47_01908_05229,2021.07.22.17.40.23_veh-47_01908_05229/near_pedestrian_on_crosswalk/a25951efbc68528b/sledge_raw.gz,static_objects,native_cache_directory,85,36,30,49,6,30,6,25.846359252929688,26.376178741455078,0.5298194885253906
d2983c3cf6985081,near_pedestrian_on_crosswalk,2021.08.25.17.22.01_veh-41_01378_01557,2021.08.25.17.22.01_veh-41_01378_01557/near_pedestrian_on_crosswalk/d2983c3cf6985081/sledge_raw.gz,vehicles,native_cache_directory,3,1,1,2,0,50,-49,19.90183448791504,,
d2983c3cf6985081,near_pedestrian_on_crosswalk,2021.08.25.17.22.01_veh-41_01378_01557,2021.08.25.17.22.01_veh-41_01378_01557/near_pedestrian_on_crosswalk/d2983c3cf6985081/sledge_raw.gz,pedestrians,native_cache_directory,4,4,4,0,0,20,-16,37.23601150512695,,
d2983c3cf6985081,near_pedestrian_on_crosswalk,2021.08.25.17.22.01_veh-41_01378_01557,2021.08.25.17.22.01_veh-41_01378_01557/near_pedestrian_on_crosswalk/d2983c3cf6985081/sledge_raw.gz,static_objects,native_cache_directory,3,1,1,2,0,30,-29,11.976571083068848,,
81c7f2b9089a51c6,near_pedestrian_on_crosswalk,2021.06.11.14.22.48_veh-38_00696_00951,2021.06.11.14.22.48_veh-38_00696_00951/near_pedestrian_on_crosswalk/81c7f2b9089a51c6/sledge_raw.gz,vehicles,native_cache_directory,40,15,15,25,0,50,-35,43.05239486694336,,
81c7f2b9089a51c6,near_pedestrian_on_crosswalk,2021.06.11.14.22.48_veh-38_00696_00951,2021.06.11.14.22.48_veh-38_00696_00951/near_pedestrian_on_crosswalk/81c7f2b9089a51c6/sledge_raw.gz,pedestrians,native_cache_directory,51,30,20,21,10,20,10,24.506906509399414,25.81988525390625,1.312978744506836
81c7f2b9089a51c6,near_pedestrian_on_crosswalk,2021.06.11.14.22.48_veh-38_00696_00951,2021.06.11.14.22.48_veh-38_00696_00951/near_pedestrian_on_crosswalk/81c7f2b9089a51c6/sledge_raw.gz,static_objects,native_cache_directory,47,27,27,20,0,30,-3,32.09755325317383,,
09724e4739a456ad,near_pedestrian_on_crosswalk,2021.05.24.17.57.11_veh-35_01289_01499,2021.05.24.17.57.11_veh-35_01289_01499/near_pedestrian_on_crosswalk/09724e4739a456ad/sledge_raw.gz,vehicles,native_cache_directory,22,8,8,14,0,50,-42,32.510074615478516,,
09724e4739a456ad,near_pedestrian_on_crosswalk,2021.05.24.17.57.11_veh-35_01289_01499,2021.05.24.17.57.11_veh-35_01289_01499/near_pedestrian_on_crosswalk/09724e4739a456ad/sledge_raw.gz,pedestrians,native_cache_directory,107,50,20,57,30,20,30,24.55172348022461,25.06916046142578,0.5174369812011719
09724e4739a456ad,near_pedestrian_on_crosswalk,2021.05.24.17.57.11_veh-35_01289_01499,2021.05.24.17.57.11_veh-35_01289_01499/near_pedestrian_on_crosswalk/09724e4739a456ad/sledge_raw.gz,static_objects,native_cache_directory,93,39,30,54,9,30,9,33.47395706176758,34.07463073730469,0.6006736755371094
2053d92a957f5dbf,near_pedestrian_on_crosswalk,2021.07.17.00.50.34_veh-35_01805_03532,2021.07.17.00.50.34_veh-35_01805_03532/near_pedestrian_on_crosswalk/2053d92a957f5dbf/sledge_raw.gz,vehicles,native_cache_directory,17,4,4,13,0,50,-46,33.4373664855957,,
2053d92a957f5dbf,near_pedestrian_on_crosswalk,2021.07.17.00.50.34_veh-35_01805_03532,2021.07.17.00.50.34_veh-35_01805_03532/near_pedestrian_on_crosswalk/2053d92a957f5dbf/sledge_raw.gz,pedestrians,native_cache_directory,7,1,1,6,0,20,-19,29.863256454467773,,
2053d92a957f5dbf,near_pedestrian_on_crosswalk,2021.07.17.00.50.34_veh-35_01805_03532,2021.07.17.00.50.34_veh-35_01805_03532/near_pedestrian_on_crosswalk/2053d92a957f5dbf/sledge_raw.gz,static_objects,native_cache_directory,132,46,30,86,16,30,16,21.513063430786133,22.043535232543945,0.5304718017578125
f8300cf88a415438,near_pedestrian_on_crosswalk,2021.06.10.14.11.49_veh-12_05029_05385,2021.06.10.14.11.49_veh-12_05029_05385/near_pedestrian_on_crosswalk/f8300cf88a415438/sledge_raw.gz,vehicles,native_cache_directory,13,3,3,10,0,50,-47,30.200672149658203,,
f8300cf88a415438,near_pedestrian_on_crosswalk,2021.06.10.14.11.49_veh-12_05029_05385,2021.06.10.14.11.49_veh-12_05029_05385/near_pedestrian_on_crosswalk/f8300cf88a415438/sledge_raw.gz,pedestrians,native_cache_directory,67,32,20,35,12,20,12,24.775272369384766,25.5025577545166,0.7272853851318359
f8300cf88a415438,near_pedestrian_on_crosswalk,2021.06.10.14.11.49_veh-12_05029_05385,2021.06.10.14.11.49_veh-12_05029_05385/near_pedestrian_on_crosswalk/f8300cf88a415438/sledge_raw.gz,static_objects,native_cache_directory,114,51,30,63,21,30,21,22.533775329589844,23.27002716064453,0.7362518310546875
182cd362c7c252ac,near_pedestrian_on_crosswalk,2021.05.28.19.46.09_veh-30_01271_01561,2021.05.28.19.46.09_veh-30_01271_01561/near_pedestrian_on_crosswalk/182cd362c7c252ac/sledge_raw.gz,vehicles,native_cache_directory,64,20,20,44,0,50,-30,42.21644973754883,,
182cd362c7c252ac,near_pedestrian_on_crosswalk,2021.05.28.19.46.09_veh-30_01271_01561,2021.05.28.19.46.09_veh-30_01271_01561/near_pedestrian_on_crosswalk/182cd362c7c252ac/sledge_raw.gz,pedestrians,native_cache_directory,186,55,20,131,35,20,35,16.260255813598633,16.474163055419922,0.21390724182128906
182cd362c7c252ac,near_pedestrian_on_crosswalk,2021.05.28.19.46.09_veh-30_01271_01561,2021.05.28.19.46.09_veh-30_01271_01561/near_pedestrian_on_crosswalk/182cd362c7c252ac/sledge_raw.gz,static_objects,native_cache_directory,151,55,30,96,25,30,25,19.127883911132812,19.73580551147461,0.6079216003417969
fc368defbb915593,near_pedestrian_on_crosswalk,2021.07.21.00.49.45_veh-37_05763_06789,2021.07.21.00.49.45_veh-37_05763_06789/near_pedestrian_on_crosswalk/fc368defbb915593/sledge_raw.gz,vehicles,native_cache_directory,33,11,11,22,0,50,-39,34.983306884765625,,
fc368defbb915593,near_pedestrian_on_crosswalk,2021.07.21.00.49.45_veh-37_05763_06789,2021.07.21.00.49.45_veh-37_05763_06789/near_pedestrian_on_crosswalk/fc368defbb915593/sledge_raw.gz,pedestrians,native_cache_directory,112,37,20,75,17,20,17,17.54800033569336,17.677167892456055,0.1291675567626953
fc368defbb915593,near_pedestrian_on_crosswalk,2021.07.21.00.49.45_veh-37_05763_06789,2021.07.21.00.49.45_veh-37_05763_06789/near_pedestrian_on_crosswalk/fc368defbb915593/sledge_raw.gz,static_objects,native_cache_directory,93,54,30,39,24,30,24,26.617637634277344,26.791597366333008,0.17395973205566406
9678634dedcc52ef,near_pedestrian_on_crosswalk,2021.07.15.00.13.17_veh-35_00499_00703,2021.07.15.00.13.17_veh-35_00499_00703/near_pedestrian_on_crosswalk/9678634dedcc52ef/sledge_raw.gz,vehicles,native_cache_directory,19,10,10,9,0,50,-40,36.072540283203125,,
9678634dedcc52ef,near_pedestrian_on_crosswalk,2021.07.15.00.13.17_veh-35_00499_00703,2021.07.15.00.13.17_veh-35_00499_00703/near_pedestrian_on_crosswalk/9678634dedcc52ef/sledge_raw.gz,pedestrians,native_cache_directory,53,32,20,21,12,20,12,22.336294174194336,22.501705169677734,0.16541099548339844
9678634dedcc52ef,near_pedestrian_on_crosswalk,2021.07.15.00.13.17_veh-35_00499_00703,2021.07.15.00.13.17_veh-35_00499_00703/near_pedestrian_on_crosswalk/9678634dedcc52ef/sledge_raw.gz,static_objects,native_cache_directory,91,44,30,47,14,30,14,21.28824806213379,22.535099029541016,1.2468509674072266
a7953cfa958b5702,near_pedestrian_on_crosswalk,2021.09.15.14.27.22_veh-39_00868_01125,2021.09.15.14.27.22_veh-39_00868_01125/near_pedestrian_on_crosswalk/a7953cfa958b5702/sledge_raw.gz,vehicles,native_cache_directory,6,5,5,1,0,50,-45,20.551362991333008,,
a7953cfa958b5702,near_pedestrian_on_crosswalk,2021.09.15.14.27.22_veh-39_00868_01125,2021.09.15.14.27.22_veh-39_00868_01125/near_pedestrian_on_crosswalk/a7953cfa958b5702/sledge_raw.gz,pedestrians,native_cache_directory,5,4,4,1,0,20,-16,19.865358352661133,,
a7953cfa958b5702,near_pedestrian_on_crosswalk,2021.09.15.14.27.22_veh-39_00868_01125,2021.09.15.14.27.22_veh-39_00868_01125/near_pedestrian_on_crosswalk/a7953cfa958b5702/sledge_raw.gz,static_objects,native_cache_directory,3,2,2,1,0,30,-28,13.958722114562988,,
e99bb3b1303c5712,near_pedestrian_on_crosswalk,2021.05.18.19.25.26_veh-24_03290_03464,2021.05.18.19.25.26_veh-24_03290_03464/near_pedestrian_on_crosswalk/e99bb3b1303c5712/sledge_raw.gz,vehicles,native_cache_directory,75,27,27,48,0,50,-23,31.635099411010742,,
e99bb3b1303c5712,near_pedestrian_on_crosswalk,2021.05.18.19.25.26_veh-24_03290_03464,2021.05.18.19.25.26_veh-24_03290_03464/near_pedestrian_on_crosswalk/e99bb3b1303c5712/sledge_raw.gz,pedestrians,native_cache_directory,6,2,2,4,0,20,-18,17.032024383544922,,
e99bb3b1303c5712,near_pedestrian_on_crosswalk,2021.05.18.19.25.26_veh-24_03290_03464,2021.05.18.19.25.26_veh-24_03290_03464/near_pedestrian_on_crosswalk/e99bb3b1303c5712/sledge_raw.gz,static_objects,native_cache_directory,6,2,2,4,0,30,-28,10.623729705810547,,
828a39c14f765de9,near_pedestrian_on_crosswalk,2021.06.07.17.48.02_veh-38_02350_02698,2021.06.07.17.48.02_veh-38_02350_02698/near_pedestrian_on_crosswalk/828a39c14f765de9/sledge_raw.gz,vehicles,native_cache_directory,15,4,4,11,0,50,-46,32.59733581542969,,
828a39c14f765de9,near_pedestrian_on_crosswalk,2021.06.07.17.48.02_veh-38_02350_02698,2021.06.07.17.48.02_veh-38_02350_02698/near_pedestrian_on_crosswalk/828a39c14f765de9/sledge_raw.gz,pedestrians,native_cache_directory,55,29,20,26,9,20,9,25.260278701782227,25.602136611938477,0.34185791015625
828a39c14f765de9,near_pedestrian_on_crosswalk,2021.06.07.17.48.02_veh-38_02350_02698,2021.06.07.17.48.02_veh-38_02350_02698/near_pedestrian_on_crosswalk/828a39c14f765de9/sledge_raw.gz,static_objects,native_cache_directory,141,48,30,93,18,30,18,23.62364959716797,23.8768367767334,0.2531871795654297
be569b10883752a1,near_pedestrian_on_crosswalk,2021.09.14.19.46.05_veh-45_02130_02483,2021.09.14.19.46.05_veh-45_02130_02483/near_pedestrian_on_crosswalk/be569b10883752a1/sledge_raw.gz,vehicles,native_cache_directory,28,15,15,13,0,50,-35,36.448143005371094,,
be569b10883752a1,near_pedestrian_on_crosswalk,2021.09.14.19.46.05_veh-45_02130_02483,2021.09.14.19.46.05_veh-45_02130_02483/near_pedestrian_on_crosswalk/be569b10883752a1/sledge_raw.gz,pedestrians,native_cache_directory,7,3,3,4,0,20,-17,32.250144958496094,,
be569b10883752a1,near_pedestrian_on_crosswalk,2021.09.14.19.46.05_veh-45_02130_02483,2021.09.14.19.46.05_veh-45_02130_02483/near_pedestrian_on_crosswalk/be569b10883752a1/sledge_raw.gz,static_objects,native_cache_directory,6,2,2,4,0,30,-28,25.34254264831543,,
0cc9d7c04d355c28,near_pedestrian_on_crosswalk,2021.09.15.12.49.18_veh-45_00179_00763,2021.09.15.12.49.18_veh-45_00179_00763/near_pedestrian_on_crosswalk/0cc9d7c04d355c28/sledge_raw.gz,vehicles,native_cache_directory,14,6,6,8,0,50,-44,37.09342575073242,,
0cc9d7c04d355c28,near_pedestrian_on_crosswalk,2021.09.15.12.49.18_veh-45_00179_00763,2021.09.15.12.49.18_veh-45_00179_00763/near_pedestrian_on_crosswalk/0cc9d7c04d355c28/sledge_raw.gz,pedestrians,native_cache_directory,1,1,1,0,0,20,-19,11.391595840454102,,
0cc9d7c04d355c28,near_pedestrian_on_crosswalk,2021.09.15.12.49.18_veh-45_00179_00763,2021.09.15.12.49.18_veh-45_00179_00763/near_pedestrian_on_crosswalk/0cc9d7c04d355c28/sledge_raw.gz,static_objects,native_cache_directory,2,0,0,2,0,30,-30,,,
7799fd3c7cc25f34,near_pedestrian_on_crosswalk,2021.10.05.06.24.06_veh-50_00717_01300,2021.10.05.06.24.06_veh-50_00717_01300/near_pedestrian_on_crosswalk/7799fd3c7cc25f34/sledge_raw.gz,vehicles,native_cache_directory,4,1,1,3,0,50,-49,14.350631713867188,,
7799fd3c7cc25f34,near_pedestrian_on_crosswalk,2021.10.05.06.24.06_veh-50_00717_01300,2021.10.05.06.24.06_veh-50_00717_01300/near_pedestrian_on_crosswalk/7799fd3c7cc25f34/sledge_raw.gz,pedestrians,native_cache_directory,11,6,6,5,0,20,-14,14.156083106994629,,
7799fd3c7cc25f34,near_pedestrian_on_crosswalk,2021.10.05.06.24.06_veh-50_00717_01300,2021.10.05.06.24.06_veh-50_00717_01300/near_pedestrian_on_crosswalk/7799fd3c7cc25f34/sledge_raw.gz,static_objects,native_cache_directory,11,4,4,7,0,30,-26,21.417884826660156,,
9428096f87815a6f,near_pedestrian_on_crosswalk,2021.05.27.18.27.52_veh-38_01587_02162,2021.05.27.18.27.52_veh-38_01587_02162/near_pedestrian_on_crosswalk/9428096f87815a6f/sledge_raw.gz,vehicles,native_cache_directory,10,4,4,6,0,50,-46,31.889501571655273,,
9428096f87815a6f,near_pedestrian_on_crosswalk,2021.05.27.18.27.52_veh-38_01587_02162,2021.05.27.18.27.52_veh-38_01587_02162/near_pedestrian_on_crosswalk/9428096f87815a6f/sledge_raw.gz,pedestrians,native_cache_directory,9,2,2,7,0,20,-18,12.173296928405762,,
9428096f87815a6f,near_pedestrian_on_crosswalk,2021.05.27.18.27.52_veh-38_01587_02162,2021.05.27.18.27.52_veh-38_01587_02162/near_pedestrian_on_crosswalk/9428096f87815a6f/sledge_raw.gz,static_objects,native_cache_directory,173,51,30,122,21,30,21,18.6834716796875,19.024673461914062,0.3412017822265625
6154d88c0f815196,near_pedestrian_on_crosswalk,2021.10.07.08.07.44_veh-51_00593_00974,2021.10.07.08.07.44_veh-51_00593_00974/near_pedestrian_on_crosswalk/6154d88c0f815196/sledge_raw.gz,vehicles,native_cache_directory,1,0,0,1,0,50,-50,,,
6154d88c0f815196,near_pedestrian_on_crosswalk,2021.10.07.08.07.44_veh-51_00593_00974,2021.10.07.08.07.44_veh-51_00593_00974/near_pedestrian_on_crosswalk/6154d88c0f815196/sledge_raw.gz,pedestrians,native_cache_directory,8,6,6,2,0,20,-14,30.538938522338867,,
6154d88c0f815196,near_pedestrian_on_crosswalk,2021.10.07.08.07.44_veh-51_00593_00974,2021.10.07.08.07.44_veh-51_00593_00974/near_pedestrian_on_crosswalk/6154d88c0f815196/sledge_raw.gz,static_objects,native_cache_directory,1,1,1,0,0,30,-29,7.029415607452393,,
a1092a31ad6d5a84,near_pedestrian_on_crosswalk,2021.08.27.06.55.03_veh-51_00686_00872,2021.08.27.06.55.03_veh-51_00686_00872/near_pedestrian_on_crosswalk/a1092a31ad6d5a84/sledge_raw.gz,vehicles,native_cache_directory,36,19,19,17,0,50,-31,34.13798141479492,,
a1092a31ad6d5a84,near_pedestrian_on_crosswalk,2021.08.27.06.55.03_veh-51_00686_00872,2021.08.27.06.55.03_veh-51_00686_00872/near_pedestrian_on_crosswalk/a1092a31ad6d5a84/sledge_raw.gz,pedestrians,native_cache_directory,5,4,4,1,0,20,-16,31.78571128845215,,
a1092a31ad6d5a84,near_pedestrian_on_crosswalk,2021.08.27.06.55.03_veh-51_00686_00872,2021.08.27.06.55.03_veh-51_00686_00872/near_pedestrian_on_crosswalk/a1092a31ad6d5a84/sledge_raw.gz,static_objects,native_cache_directory,13,1,1,12,0,30,-29,30.893596649169922,,
f1cf9b41fc495937,near_pedestrian_on_crosswalk,2021.06.30.13.57.34_veh-37_01727_03023,2021.06.30.13.57.34_veh-37_01727_03023/near_pedestrian_on_crosswalk/f1cf9b41fc495937/sledge_raw.gz,vehicles,native_cache_directory,2,1,1,1,0,50,-49,9.393000602722168,,
f1cf9b41fc495937,near_pedestrian_on_crosswalk,2021.06.30.13.57.34_veh-37_01727_03023,2021.06.30.13.57.34_veh-37_01727_03023/near_pedestrian_on_crosswalk/f1cf9b41fc495937/sledge_raw.gz,pedestrians,native_cache_directory,15,14,14,1,0,20,-6,26.553848266601562,,
f1cf9b41fc495937,near_pedestrian_on_crosswalk,2021.06.30.13.57.34_veh-37_01727_03023,2021.06.30.13.57.34_veh-37_01727_03023/near_pedestrian_on_crosswalk/f1cf9b41fc495937/sledge_raw.gz,static_objects,native_cache_directory,136,73,30,63,43,30,43,21.997926712036133,22.76297950744629,0.7650527954101562
57a1b0ebd2cc59dd,near_pedestrian_on_crosswalk,2021.07.13.18.05.59_veh-37_00263_01914,2021.07.13.18.05.59_veh-37_00263_01914/near_pedestrian_on_crosswalk/57a1b0ebd2cc59dd/sledge_raw.gz,vehicles,native_cache_directory,12,6,6,6,0,50,-44,29.83100700378418,,
57a1b0ebd2cc59dd,near_pedestrian_on_crosswalk,2021.07.13.18.05.59_veh-37_00263_01914,2021.07.13.18.05.59_veh-37_00263_01914/near_pedestrian_on_crosswalk/57a1b0ebd2cc59dd/sledge_raw.gz,pedestrians,native_cache_directory,90,68,20,22,48,20,48,9.653510093688965,10.468695640563965,0.815185546875
57a1b0ebd2cc59dd,near_pedestrian_on_crosswalk,2021.07.13.18.05.59_veh-37_00263_01914,2021.07.13.18.05.59_veh-37_00263_01914/near_pedestrian_on_crosswalk/57a1b0ebd2cc59dd/sledge_raw.gz,static_objects,native_cache_directory,129,70,30,59,40,30,40,23.782804489135742,23.783016204833984,0.0002117156982421875
145e6ebe099558d6,near_pedestrian_on_crosswalk,2021.07.06.16.27.42_veh-26_04239_05400,2021.07.06.16.27.42_veh-26_04239_05400/near_pedestrian_on_crosswalk/145e6ebe099558d6/sledge_raw.gz,vehicles,native_cache_directory,32,16,16,16,0,50,-34,42.07393264770508,,
145e6ebe099558d6,near_pedestrian_on_crosswalk,2021.07.06.16.27.42_veh-26_04239_05400,2021.07.06.16.27.42_veh-26_04239_05400/near_pedestrian_on_crosswalk/145e6ebe099558d6/sledge_raw.gz,pedestrians,native_cache_directory,40,40,20,0,20,20,20,24.20302963256836,24.686689376831055,0.4836597442626953
145e6ebe099558d6,near_pedestrian_on_crosswalk,2021.07.06.16.27.42_veh-26_04239_05400,2021.07.06.16.27.42_veh-26_04239_05400/near_pedestrian_on_crosswalk/145e6ebe099558d6/sledge_raw.gz,static_objects,native_cache_directory,106,31,30,75,1,30,1,37.124202728271484,38.43106460571289,1.3068618774414062
69d773b41886543c,near_pedestrian_on_crosswalk,2021.07.14.22.16.49_veh-38_03327_04163,2021.07.14.22.16.49_veh-38_03327_04163/near_pedestrian_on_crosswalk/69d773b41886543c/sledge_raw.gz,vehicles,native_cache_directory,13,4,4,9,0,50,-46,38.95872497558594,,
69d773b41886543c,near_pedestrian_on_crosswalk,2021.07.14.22.16.49_veh-38_03327_04163,2021.07.14.22.16.49_veh-38_03327_04163/near_pedestrian_on_crosswalk/69d773b41886543c/sledge_raw.gz,pedestrians,native_cache_directory,51,30,20,21,10,20,10,30.87916374206543,30.887657165527344,0.008493423461914062
69d773b41886543c,near_pedestrian_on_crosswalk,2021.07.14.22.16.49_veh-38_03327_04163,2021.07.14.22.16.49_veh-38_03327_04163/near_pedestrian_on_crosswalk/69d773b41886543c/sledge_raw.gz,static_objects,native_cache_directory,115,33,30,82,3,30,3,29.697811126708984,30.802900314331055,1.1050891876220703
edd2dfc1fb575fa9,near_pedestrian_on_crosswalk,2021.08.27.14.24.38_veh-42_00850_01784,2021.08.27.14.24.38_veh-42_00850_01784/near_pedestrian_on_crosswalk/edd2dfc1fb575fa9/sledge_raw.gz,vehicles,native_cache_directory,15,6,6,9,0,50,-44,32.31636428833008,,
edd2dfc1fb575fa9,near_pedestrian_on_crosswalk,2021.08.27.14.24.38_veh-42_00850_01784,2021.08.27.14.24.38_veh-42_00850_01784/near_pedestrian_on_crosswalk/edd2dfc1fb575fa9/sledge_raw.gz,pedestrians,native_cache_directory,11,8,8,3,0,20,-12,30.515708923339844,,
edd2dfc1fb575fa9,near_pedestrian_on_crosswalk,2021.08.27.14.24.38_veh-42_00850_01784,2021.08.27.14.24.38_veh-42_00850_01784/near_pedestrian_on_crosswalk/edd2dfc1fb575fa9/sledge_raw.gz,static_objects,native_cache_directory,8,5,5,3,0,30,-25,33.83103561401367,,
868a1990e5de5907,near_pedestrian_on_crosswalk,2021.09.28.06.03.45_veh-53_01822_02219,2021.09.28.06.03.45_veh-53_01822_02219/near_pedestrian_on_crosswalk/868a1990e5de5907/sledge_raw.gz,vehicles,native_cache_directory,31,9,9,22,0,50,-41,31.46913719177246,,
868a1990e5de5907,near_pedestrian_on_crosswalk,2021.09.28.06.03.45_veh-53_01822_02219,2021.09.28.06.03.45_veh-53_01822_02219/near_pedestrian_on_crosswalk/868a1990e5de5907/sledge_raw.gz,pedestrians,native_cache_directory,5,3,3,2,0,20,-17,32.21016311645508,,
868a1990e5de5907,near_pedestrian_on_crosswalk,2021.09.28.06.03.45_veh-53_01822_02219,2021.09.28.06.03.45_veh-53_01822_02219/near_pedestrian_on_crosswalk/868a1990e5de5907/sledge_raw.gz,static_objects,native_cache_directory,0,0,0,0,0,30,-30,,,
afadd305b92e5c88,near_pedestrian_on_crosswalk,2021.07.23.16.58.15_veh-12_02202_04053,2021.07.23.16.58.15_veh-12_02202_04053/near_pedestrian_on_crosswalk/afadd305b92e5c88/sledge_raw.gz,vehicles,native_cache_directory,21,16,16,5,0,50,-34,31.058446884155273,,
afadd305b92e5c88,near_pedestrian_on_crosswalk,2021.07.23.16.58.15_veh-12_02202_04053,2021.07.23.16.58.15_veh-12_02202_04053/near_pedestrian_on_crosswalk/afadd305b92e5c88/sledge_raw.gz,pedestrians,native_cache_directory,76,45,20,31,25,20,25,26.89363670349121,28.052396774291992,1.1587600708007812
afadd305b92e5c88,near_pedestrian_on_crosswalk,2021.07.23.16.58.15_veh-12_02202_04053,2021.07.23.16.58.15_veh-12_02202_04053/near_pedestrian_on_crosswalk/afadd305b92e5c88/sledge_raw.gz,static_objects,native_cache_directory,113,56,30,57,26,30,26,26.916576385498047,27.036359786987305,0.11978340148925781
6b9f7749144b5893,near_pedestrian_on_crosswalk,2021.06.11.11.57.05_veh-12_00723_01116,2021.06.11.11.57.05_veh-12_00723_01116/near_pedestrian_on_crosswalk/6b9f7749144b5893/sledge_raw.gz,vehicles,native_cache_directory,9,2,2,7,0,50,-48,31.251432418823242,,
6b9f7749144b5893,near_pedestrian_on_crosswalk,2021.06.11.11.57.05_veh-12_00723_01116,2021.06.11.11.57.05_veh-12_00723_01116/near_pedestrian_on_crosswalk/6b9f7749144b5893/sledge_raw.gz,pedestrians,native_cache_directory,7,5,5,2,0,20,-15,29.93685531616211,,
6b9f7749144b5893,near_pedestrian_on_crosswalk,2021.06.11.11.57.05_veh-12_00723_01116,2021.06.11.11.57.05_veh-12_00723_01116/near_pedestrian_on_crosswalk/6b9f7749144b5893/sledge_raw.gz,static_objects,native_cache_directory,29,24,24,5,0,30,-6,31.979747772216797,,
09ff3eb3b9275210,near_pedestrian_on_crosswalk,2021.06.30.15.31.03_veh-35_01536_03198,2021.06.30.15.31.03_veh-35_01536_03198/near_pedestrian_on_crosswalk/09ff3eb3b9275210/sledge_raw.gz,vehicles,native_cache_directory,4,1,1,3,0,50,-49,28.726133346557617,,
09ff3eb3b9275210,near_pedestrian_on_crosswalk,2021.06.30.15.31.03_veh-35_01536_03198,2021.06.30.15.31.03_veh-35_01536_03198/near_pedestrian_on_crosswalk/09ff3eb3b9275210/sledge_raw.gz,pedestrians,native_cache_directory,35,12,12,23,0,20,-8,31.450111389160156,,
09ff3eb3b9275210,near_pedestrian_on_crosswalk,2021.06.30.15.31.03_veh-35_01536_03198,2021.06.30.15.31.03_veh-35_01536_03198/near_pedestrian_on_crosswalk/09ff3eb3b9275210/sledge_raw.gz,static_objects,native_cache_directory,123,50,30,73,20,30,20,23.007667541503906,23.366907119750977,0.3592395782470703
f1f79747175156ae,near_pedestrian_on_crosswalk,2021.10.14.18.43.44_veh-28_00724_00948,2021.10.14.18.43.44_veh-28_00724_00948/near_pedestrian_on_crosswalk/f1f79747175156ae/sledge_raw.gz,vehicles,native_cache_directory,10,5,5,5,0,50,-45,23.484846115112305,,
f1f79747175156ae,near_pedestrian_on_crosswalk,2021.10.14.18.43.44_veh-28_00724_00948,2021.10.14.18.43.44_veh-28_00724_00948/near_pedestrian_on_crosswalk/f1f79747175156ae/sledge_raw.gz,pedestrians,native_cache_directory,4,4,4,0,0,20,-16,31.296646118164062,,
f1f79747175156ae,near_pedestrian_on_crosswalk,2021.10.14.18.43.44_veh-28_00724_00948,2021.10.14.18.43.44_veh-28_00724_00948/near_pedestrian_on_crosswalk/f1f79747175156ae/sledge_raw.gz,static_objects,native_cache_directory,8,4,4,4,0,30,-26,22.98165512084961,,
f4f10757ae235d9a,near_pedestrian_on_crosswalk,2021.06.02.12.49.42_veh-38_04589_04817,2021.06.02.12.49.42_veh-38_04589_04817/near_pedestrian_on_crosswalk/f4f10757ae235d9a/sledge_raw.gz,vehicles,native_cache_directory,8,3,3,5,0,50,-47,27.864089965820312,,
f4f10757ae235d9a,near_pedestrian_on_crosswalk,2021.06.02.12.49.42_veh-38_04589_04817,2021.06.02.12.49.42_veh-38_04589_04817/near_pedestrian_on_crosswalk/f4f10757ae235d9a/sledge_raw.gz,pedestrians,native_cache_directory,47,17,17,30,0,20,-3,32.92329788208008,,
f4f10757ae235d9a,near_pedestrian_on_crosswalk,2021.06.02.12.49.42_veh-38_04589_04817,2021.06.02.12.49.42_veh-38_04589_04817/near_pedestrian_on_crosswalk/f4f10757ae235d9a/sledge_raw.gz,static_objects,native_cache_directory,111,43,30,68,13,30,13,24.813243865966797,25.286909103393555,0.4736652374267578
aee82033fed7574d,near_pedestrian_on_crosswalk,2021.08.26.18.17.33_veh-08_00697_01065,2021.08.26.18.17.33_veh-08_00697_01065/near_pedestrian_on_crosswalk/aee82033fed7574d/sledge_raw.gz,vehicles,native_cache_directory,11,3,3,8,0,50,-47,34.00336456298828,,
aee82033fed7574d,near_pedestrian_on_crosswalk,2021.08.26.18.17.33_veh-08_00697_01065,2021.08.26.18.17.33_veh-08_00697_01065/near_pedestrian_on_crosswalk/aee82033fed7574d/sledge_raw.gz,pedestrians,native_cache_directory,6,3,3,3,0,20,-17,33.19211196899414,,
aee82033fed7574d,near_pedestrian_on_crosswalk,2021.08.26.18.17.33_veh-08_00697_01065,2021.08.26.18.17.33_veh-08_00697_01065/near_pedestrian_on_crosswalk/aee82033fed7574d/sledge_raw.gz,static_objects,native_cache_directory,8,8,8,0,0,30,-22,37.521629333496094,,
5235d2de2ec551e8,near_pedestrian_on_crosswalk,2021.09.02.09.01.05_veh-51_01462_01731,2021.09.02.09.01.05_veh-51_01462_01731/near_pedestrian_on_crosswalk/5235d2de2ec551e8/sledge_raw.gz,vehicles,native_cache_directory,11,3,3,8,0,50,-47,36.02101135253906,,
5235d2de2ec551e8,near_pedestrian_on_crosswalk,2021.09.02.09.01.05_veh-51_01462_01731,2021.09.02.09.01.05_veh-51_01462_01731/near_pedestrian_on_crosswalk/5235d2de2ec551e8/sledge_raw.gz,pedestrians,native_cache_directory,16,10,10,6,0,20,-10,34.765865325927734,,
5235d2de2ec551e8,near_pedestrian_on_crosswalk,2021.09.02.09.01.05_veh-51_01462_01731,2021.09.02.09.01.05_veh-51_01462_01731/near_pedestrian_on_crosswalk/5235d2de2ec551e8/sledge_raw.gz,static_objects,native_cache_directory,2,1,1,1,0,30,-29,31.824264526367188,,
a46fe3ff797e510b,near_pedestrian_on_crosswalk,2021.05.24.16.26.01_veh-30_01462_02062,2021.05.24.16.26.01_veh-30_01462_02062/near_pedestrian_on_crosswalk/a46fe3ff797e510b/sledge_raw.gz,vehicles,native_cache_directory,31,13,13,18,0,50,-37,35.356082916259766,,
a46fe3ff797e510b,near_pedestrian_on_crosswalk,2021.05.24.16.26.01_veh-30_01462_02062,2021.05.24.16.26.01_veh-30_01462_02062/near_pedestrian_on_crosswalk/a46fe3ff797e510b/sledge_raw.gz,pedestrians,native_cache_directory,132,60,20,72,40,20,40,17.489809036254883,17.629409790039062,0.1396007537841797
a46fe3ff797e510b,near_pedestrian_on_crosswalk,2021.05.24.16.26.01_veh-30_01462_02062,2021.05.24.16.26.01_veh-30_01462_02062/near_pedestrian_on_crosswalk/a46fe3ff797e510b/sledge_raw.gz,static_objects,native_cache_directory,99,40,30,59,10,30,10,24.865488052368164,25.383434295654297,0.5179462432861328
cf092255881d5031,near_pedestrian_on_crosswalk,2021.06.10.12.08.50_veh-47_01032_01342,2021.06.10.12.08.50_veh-47_01032_01342/near_pedestrian_on_crosswalk/cf092255881d5031/sledge_raw.gz,vehicles,native_cache_directory,12,5,5,7,0,50,-45,36.61658477783203,,
cf092255881d5031,near_pedestrian_on_crosswalk,2021.06.10.12.08.50_veh-47_01032_01342,2021.06.10.12.08.50_veh-47_01032_01342/near_pedestrian_on_crosswalk/cf092255881d5031/sledge_raw.gz,pedestrians,native_cache_directory,41,21,20,20,1,20,1,31.74411392211914,34.00125503540039,2.25714111328125
cf092255881d5031,near_pedestrian_on_crosswalk,2021.06.10.12.08.50_veh-47_01032_01342,2021.06.10.12.08.50_veh-47_01032_01342/near_pedestrian_on_crosswalk/cf092255881d5031/sledge_raw.gz,static_objects,native_cache_directory,100,44,30,56,14,30,14,21.639448165893555,21.781272888183594,0.14182472229003906
774c14d6ed8053fa,near_pedestrian_on_crosswalk,2021.07.23.00.37.06_veh-37_02572_05844,2021.07.23.00.37.06_veh-37_02572_05844/near_pedestrian_on_crosswalk/774c14d6ed8053fa/sledge_raw.gz,vehicles,native_cache_directory,33,25,25,8,0,50,-25,36.89864730834961,,
774c14d6ed8053fa,near_pedestrian_on_crosswalk,2021.07.23.00.37.06_veh-37_02572_05844,2021.07.23.00.37.06_veh-37_02572_05844/near_pedestrian_on_crosswalk/774c14d6ed8053fa/sledge_raw.gz,pedestrians,native_cache_directory,25,6,6,19,0,20,-14,32.34587860107422,,
774c14d6ed8053fa,near_pedestrian_on_crosswalk,2021.07.23.00.37.06_veh-37_02572_05844,2021.07.23.00.37.06_veh-37_02572_05844/near_pedestrian_on_crosswalk/774c14d6ed8053fa/sledge_raw.gz,static_objects,native_cache_directory,67,40,30,27,10,30,10,23.847957611083984,25.635923385620117,1.7879657745361328
5a557902903954a7,near_pedestrian_on_crosswalk,2021.07.16.02.35.53_veh-37_01490_02396,2021.07.16.02.35.53_veh-37_01490_02396/near_pedestrian_on_crosswalk/5a557902903954a7/sledge_raw.gz,vehicles,native_cache_directory,9,4,4,5,0,50,-46,31.194101333618164,,
5a557902903954a7,near_pedestrian_on_crosswalk,2021.07.16.02.35.53_veh-37_01490_02396,2021.07.16.02.35.53_veh-37_01490_02396/near_pedestrian_on_crosswalk/5a557902903954a7/sledge_raw.gz,pedestrians,native_cache_directory,103,55,20,48,35,20,35,16.355134963989258,16.476215362548828,0.12108039855957031
5a557902903954a7,near_pedestrian_on_crosswalk,2021.07.16.02.35.53_veh-37_01490_02396,2021.07.16.02.35.53_veh-37_01490_02396/near_pedestrian_on_crosswalk/5a557902903954a7/sledge_raw.gz,static_objects,native_cache_directory,63,47,30,16,17,30,17,23.364782333374023,23.418855667114258,0.054073333740234375
1a386e242c485357,near_pedestrian_on_crosswalk,2021.07.16.16.27.22_veh-26_00016_01515,2021.07.16.16.27.22_veh-26_00016_01515/near_pedestrian_on_crosswalk/1a386e242c485357/sledge_raw.gz,vehicles,native_cache_directory,10,4,4,6,0,50,-46,26.004438400268555,,
1a386e242c485357,near_pedestrian_on_crosswalk,2021.07.16.16.27.22_veh-26_00016_01515,2021.07.16.16.27.22_veh-26_00016_01515/near_pedestrian_on_crosswalk/1a386e242c485357/sledge_raw.gz,pedestrians,native_cache_directory,31,18,18,13,0,20,-2,33.84871292114258,,
1a386e242c485357,near_pedestrian_on_crosswalk,2021.07.16.16.27.22_veh-26_00016_01515,2021.07.16.16.27.22_veh-26_00016_01515/near_pedestrian_on_crosswalk/1a386e242c485357/sledge_raw.gz,static_objects,native_cache_directory,120,49,30,71,19,30,19,23.50800895690918,24.960641860961914,1.4526329040527344
50a960c869335756,near_pedestrian_on_crosswalk,2021.06.15.17.10.27_veh-47_00236_00430,2021.06.15.17.10.27_veh-47_00236_00430/near_pedestrian_on_crosswalk/50a960c869335756/sledge_raw.gz,vehicles,native_cache_directory,18,8,8,10,0,50,-42,32.91669845581055,,
50a960c869335756,near_pedestrian_on_crosswalk,2021.06.15.17.10.27_veh-47_00236_00430,2021.06.15.17.10.27_veh-47_00236_00430/near_pedestrian_on_crosswalk/50a960c869335756/sledge_raw.gz,pedestrians,native_cache_directory,69,21,20,48,1,20,1,31.19771957397461,32.56305694580078,1.3653373718261719
50a960c869335756,near_pedestrian_on_crosswalk,2021.06.15.17.10.27_veh-47_00236_00430,2021.06.15.17.10.27_veh-47_00236_00430/near_pedestrian_on_crosswalk/50a960c869335756/sledge_raw.gz,static_objects,native_cache_directory,99,50,30,49,20,30,20,20.956462860107422,21.600601196289062,0.6441383361816406
c37bda3a21825e2c,near_pedestrian_on_crosswalk,2021.10.07.09.00.00_veh-52_01326_01732,2021.10.07.09.00.00_veh-52_01326_01732/near_pedestrian_on_crosswalk/c37bda3a21825e2c/sledge_raw.gz,vehicles,native_cache_directory,20,7,7,13,0,50,-43,43.58778381347656,,
c37bda3a21825e2c,near_pedestrian_on_crosswalk,2021.10.07.09.00.00_veh-52_01326_01732,2021.10.07.09.00.00_veh-52_01326_01732/near_pedestrian_on_crosswalk/c37bda3a21825e2c/sledge_raw.gz,pedestrians,native_cache_directory,5,5,5,0,0,20,-15,37.095550537109375,,
c37bda3a21825e2c,near_pedestrian_on_crosswalk,2021.10.07.09.00.00_veh-52_01326_01732,2021.10.07.09.00.00_veh-52_01326_01732/near_pedestrian_on_crosswalk/c37bda3a21825e2c/sledge_raw.gz,static_objects,native_cache_directory,1,0,0,1,0,30,-30,,,
561b1e977d1d573e,near_pedestrian_on_crosswalk,2021.10.12.13.17.59_veh-28_01226_01438,2021.10.12.13.17.59_veh-28_01226_01438/near_pedestrian_on_crosswalk/561b1e977d1d573e/sledge_raw.gz,vehicles,native_cache_directory,3,0,0,3,0,50,-50,,,
561b1e977d1d573e,near_pedestrian_on_crosswalk,2021.10.12.13.17.59_veh-28_01226_01438,2021.10.12.13.17.59_veh-28_01226_01438/near_pedestrian_on_crosswalk/561b1e977d1d573e/sledge_raw.gz,pedestrians,native_cache_directory,2,2,2,0,0,20,-18,23.70982551574707,,
561b1e977d1d573e,near_pedestrian_on_crosswalk,2021.10.12.13.17.59_veh-28_01226_01438,2021.10.12.13.17.59_veh-28_01226_01438/near_pedestrian_on_crosswalk/561b1e977d1d573e/sledge_raw.gz,static_objects,native_cache_directory,4,2,2,2,0,30,-28,24.547954559326172,,
0027bccd65bd5249,near_pedestrian_on_crosswalk,2021.06.23.15.56.12_veh-16_01308_04289,2021.06.23.15.56.12_veh-16_01308_04289/near_pedestrian_on_crosswalk/0027bccd65bd5249/sledge_raw.gz,vehicles,native_cache_directory,15,11,11,4,0,50,-39,32.880699157714844,,
0027bccd65bd5249,near_pedestrian_on_crosswalk,2021.06.23.15.56.12_veh-16_01308_04289,2021.06.23.15.56.12_veh-16_01308_04289/near_pedestrian_on_crosswalk/0027bccd65bd5249/sledge_raw.gz,pedestrians,native_cache_directory,61,43,20,18,23,20,23,26.768993377685547,26.788976669311523,0.019983291625976562
0027bccd65bd5249,near_pedestrian_on_crosswalk,2021.06.23.15.56.12_veh-16_01308_04289,2021.06.23.15.56.12_veh-16_01308_04289/near_pedestrian_on_crosswalk/0027bccd65bd5249/sledge_raw.gz,static_objects,native_cache_directory,112,54,30,58,24,30,24,26.820045471191406,27.13990592956543,0.31986045837402344
12b62997832b5f4a,near_pedestrian_on_crosswalk,2021.06.07.12.42.11_veh-38_00741_01497,2021.06.07.12.42.11_veh-38_00741_01497/near_pedestrian_on_crosswalk/12b62997832b5f4a/sledge_raw.gz,vehicles,native_cache_directory,27,17,17,10,0,50,-33,40.91039276123047,,
12b62997832b5f4a,near_pedestrian_on_crosswalk,2021.06.07.12.42.11_veh-38_00741_01497,2021.06.07.12.42.11_veh-38_00741_01497/near_pedestrian_on_crosswalk/12b62997832b5f4a/sledge_raw.gz,pedestrians,native_cache_directory,75,33,20,42,13,20,13,14.515567779541016,15.421975135803223,0.906407356262207
12b62997832b5f4a,near_pedestrian_on_crosswalk,2021.06.07.12.42.11_veh-38_00741_01497,2021.06.07.12.42.11_veh-38_00741_01497/near_pedestrian_on_crosswalk/12b62997832b5f4a/sledge_raw.gz,static_objects,native_cache_directory,161,52,30,109,22,30,22,19.816009521484375,20.528846740722656,0.7128372192382812
115d52e57bc559b5,near_pedestrian_on_crosswalk,2021.06.10.16.35.05_veh-16_00735_01279,2021.06.10.16.35.05_veh-16_00735_01279/near_pedestrian_on_crosswalk/115d52e57bc559b5/sledge_raw.gz,vehicles,native_cache_directory,29,7,7,22,0,50,-43,31.928722381591797,,
115d52e57bc559b5,near_pedestrian_on_crosswalk,2021.06.10.16.35.05_veh-16_00735_01279,2021.06.10.16.35.05_veh-16_00735_01279/near_pedestrian_on_crosswalk/115d52e57bc559b5/sledge_raw.gz,pedestrians,native_cache_directory,11,4,4,7,0,20,-16,26.093257904052734,,
115d52e57bc559b5,near_pedestrian_on_crosswalk,2021.06.10.16.35.05_veh-16_00735_01279,2021.06.10.16.35.05_veh-16_00735_01279/near_pedestrian_on_crosswalk/115d52e57bc559b5/sledge_raw.gz,static_objects,native_cache_directory,155,44,30,111,14,30,14,21.549556732177734,22.460397720336914,0.9108409881591797
41af9b36c97a5d0b,near_pedestrian_on_crosswalk,2021.05.20.16.50.17_veh-30_00435_00606,2021.05.20.16.50.17_veh-30_00435_00606/near_pedestrian_on_crosswalk/41af9b36c97a5d0b/sledge_raw.gz,vehicles,native_cache_directory,22,5,5,17,0,50,-45,30.288862228393555,,
41af9b36c97a5d0b,near_pedestrian_on_crosswalk,2021.05.20.16.50.17_veh-30_00435_00606,2021.05.20.16.50.17_veh-30_00435_00606/near_pedestrian_on_crosswalk/41af9b36c97a5d0b/sledge_raw.gz,pedestrians,native_cache_directory,80,25,20,55,5,20,5,23.429828643798828,23.563777923583984,0.13394927978515625
41af9b36c97a5d0b,near_pedestrian_on_crosswalk,2021.05.20.16.50.17_veh-30_00435_00606,2021.05.20.16.50.17_veh-30_00435_00606/near_pedestrian_on_crosswalk/41af9b36c97a5d0b/sledge_raw.gz,static_objects,native_cache_directory,98,28,28,70,0,30,-2,31.958213806152344,,
d804f66ac0705f3b,near_pedestrian_on_crosswalk,2021.07.17.02.11.48_veh-47_00077_00585,2021.07.17.02.11.48_veh-47_00077_00585/near_pedestrian_on_crosswalk/d804f66ac0705f3b/sledge_raw.gz,vehicles,native_cache_directory,6,2,2,4,0,50,-48,37.86823272705078,,
d804f66ac0705f3b,near_pedestrian_on_crosswalk,2021.07.17.02.11.48_veh-47_00077_00585,2021.07.17.02.11.48_veh-47_00077_00585/near_pedestrian_on_crosswalk/d804f66ac0705f3b/sledge_raw.gz,pedestrians,native_cache_directory,10,8,8,2,0,20,-12,34.06184387207031,,
d804f66ac0705f3b,near_pedestrian_on_crosswalk,2021.07.17.02.11.48_veh-47_00077_00585,2021.07.17.02.11.48_veh-47_00077_00585/near_pedestrian_on_crosswalk/d804f66ac0705f3b/sledge_raw.gz,static_objects,native_cache_directory,151,34,30,117,4,30,4,25.398622512817383,25.42963981628418,0.031017303466796875
749fa9b7bb495b56,near_pedestrian_on_crosswalk,2021.10.11.17.48.54_veh-28_00324_01100,2021.10.11.17.48.54_veh-28_00324_01100/near_pedestrian_on_crosswalk/749fa9b7bb495b56/sledge_raw.gz,vehicles,native_cache_directory,12,5,5,7,0,50,-45,36.73904037475586,,
749fa9b7bb495b56,near_pedestrian_on_crosswalk,2021.10.11.17.48.54_veh-28_00324_01100,2021.10.11.17.48.54_veh-28_00324_01100/near_pedestrian_on_crosswalk/749fa9b7bb495b56/sledge_raw.gz,pedestrians,native_cache_directory,24,6,6,18,0,20,-14,41.477378845214844,,
749fa9b7bb495b56,near_pedestrian_on_crosswalk,2021.10.11.17.48.54_veh-28_00324_01100,2021.10.11.17.48.54_veh-28_00324_01100/near_pedestrian_on_crosswalk/749fa9b7bb495b56/sledge_raw.gz,static_objects,native_cache_directory,19,5,5,14,0,30,-25,30.258508682250977,,
d0a447e11e2453e6,near_pedestrian_on_crosswalk,2021.06.21.17.42.00_veh-38_03403_03670,2021.06.21.17.42.00_veh-38_03403_03670/near_pedestrian_on_crosswalk/d0a447e11e2453e6/sledge_raw.gz,vehicles,native_cache_directory,48,29,29,19,0,50,-21,30.75983428955078,,
d0a447e11e2453e6,near_pedestrian_on_crosswalk,2021.06.21.17.42.00_veh-38_03403_03670,2021.06.21.17.42.00_veh-38_03403_03670/near_pedestrian_on_crosswalk/d0a447e11e2453e6/sledge_raw.gz,pedestrians,native_cache_directory,6,0,0,6,0,20,-20,,,
d0a447e11e2453e6,near_pedestrian_on_crosswalk,2021.06.21.17.42.00_veh-38_03403_03670,2021.06.21.17.42.00_veh-38_03403_03670/near_pedestrian_on_crosswalk/d0a447e11e2453e6/sledge_raw.gz,static_objects,native_cache_directory,13,1,1,12,0,30,-29,14.863508224487305,,
afee879883f85088,near_pedestrian_on_crosswalk,2021.05.12.22.28.35_veh-35_01175_02127,2021.05.12.22.28.35_veh-35_01175_02127/near_pedestrian_on_crosswalk/afee879883f85088/sledge_raw.gz,vehicles,native_cache_directory,13,3,3,10,0,50,-47,30.24652099609375,,
afee879883f85088,near_pedestrian_on_crosswalk,2021.05.12.22.28.35_veh-35_01175_02127,2021.05.12.22.28.35_veh-35_01175_02127/near_pedestrian_on_crosswalk/afee879883f85088/sledge_raw.gz,pedestrians,native_cache_directory,49,28,20,21,8,20,8,22.514076232910156,22.709915161132812,0.19583892822265625
afee879883f85088,near_pedestrian_on_crosswalk,2021.05.12.22.28.35_veh-35_01175_02127,2021.05.12.22.28.35_veh-35_01175_02127/near_pedestrian_on_crosswalk/afee879883f85088/sledge_raw.gz,static_objects,native_cache_directory,65,43,30,22,13,30,13,22.822118759155273,23.10173225402832,0.2796134948730469
c55bf8d1d6be5383,near_pedestrian_on_crosswalk,2021.09.20.13.46.45_veh-42_01157_01690,2021.09.20.13.46.45_veh-42_01157_01690/near_pedestrian_on_crosswalk/c55bf8d1d6be5383/sledge_raw.gz,vehicles,native_cache_directory,14,7,7,7,0,50,-43,29.95585060119629,,
c55bf8d1d6be5383,near_pedestrian_on_crosswalk,2021.09.20.13.46.45_veh-42_01157_01690,2021.09.20.13.46.45_veh-42_01157_01690/near_pedestrian_on_crosswalk/c55bf8d1d6be5383/sledge_raw.gz,pedestrians,native_cache_directory,4,3,3,1,0,20,-17,14.082318305969238,,
c55bf8d1d6be5383,near_pedestrian_on_crosswalk,2021.09.20.13.46.45_veh-42_01157_01690,2021.09.20.13.46.45_veh-42_01157_01690/near_pedestrian_on_crosswalk/c55bf8d1d6be5383/sledge_raw.gz,static_objects,native_cache_directory,1,1,1,0,0,30,-29,11.810587882995605,,
17f38c1c5da1575f,near_pedestrian_on_crosswalk,2021.05.27.19.42.22_veh-47_01294_01475,2021.05.27.19.42.22_veh-47_01294_01475/near_pedestrian_on_crosswalk/17f38c1c5da1575f/sledge_raw.gz,vehicles,native_cache_directory,32,14,14,18,0,50,-36,34.1368408203125,,
17f38c1c5da1575f,near_pedestrian_on_crosswalk,2021.05.27.19.42.22_veh-47_01294_01475,2021.05.27.19.42.22_veh-47_01294_01475/near_pedestrian_on_crosswalk/17f38c1c5da1575f/sledge_raw.gz,pedestrians,native_cache_directory,94,51,20,43,31,20,31,20.573713302612305,20.826950073242188,0.2532367706298828
17f38c1c5da1575f,near_pedestrian_on_crosswalk,2021.05.27.19.42.22_veh-47_01294_01475,2021.05.27.19.42.22_veh-47_01294_01475/near_pedestrian_on_crosswalk/17f38c1c5da1575f/sledge_raw.gz,static_objects,native_cache_directory,112,42,30,70,12,30,12,24.016183853149414,24.769256591796875,0.7530727386474609
4d882aacb74e5ba3,near_pedestrian_on_crosswalk,2021.09.21.18.11.36_veh-28_00732_01598,2021.09.21.18.11.36_veh-28_00732_01598/near_pedestrian_on_crosswalk/4d882aacb74e5ba3/sledge_raw.gz,vehicles,native_cache_directory,16,7,7,9,0,50,-43,33.50225830078125,,
4d882aacb74e5ba3,near_pedestrian_on_crosswalk,2021.09.21.18.11.36_veh-28_00732_01598,2021.09.21.18.11.36_veh-28_00732_01598/near_pedestrian_on_crosswalk/4d882aacb74e5ba3/sledge_raw.gz,pedestrians,native_cache_directory,13,5,5,8,0,20,-15,29.93917465209961,,
4d882aacb74e5ba3,near_pedestrian_on_crosswalk,2021.09.21.18.11.36_veh-28_00732_01598,2021.09.21.18.11.36_veh-28_00732_01598/near_pedestrian_on_crosswalk/4d882aacb74e5ba3/sledge_raw.gz,static_objects,native_cache_directory,48,37,30,11,7,30,7,26.444988250732422,27.494356155395508,1.049367904663086
711f87cc622152b1,near_pedestrian_on_crosswalk,2021.06.12.13.51.28_veh-35_00203_00573,2021.06.12.13.51.28_veh-35_00203_00573/near_pedestrian_on_crosswalk/711f87cc622152b1/sledge_raw.gz,vehicles,native_cache_directory,13,5,5,8,0,50,-45,31.673494338989258,,
711f87cc622152b1,near_pedestrian_on_crosswalk,2021.06.12.13.51.28_veh-35_00203_00573,2021.06.12.13.51.28_veh-35_00203_00573/near_pedestrian_on_crosswalk/711f87cc622152b1/sledge_raw.gz,pedestrians,native_cache_directory,82,50,20,32,30,20,30,17.07380485534668,17.162540435791016,0.08873558044433594
711f87cc622152b1,near_pedestrian_on_crosswalk,2021.06.12.13.51.28_veh-35_00203_00573,2021.06.12.13.51.28_veh-35_00203_00573/near_pedestrian_on_crosswalk/711f87cc622152b1/sledge_raw.gz,static_objects,native_cache_directory,100,52,30,48,22,30,22,20.055204391479492,21.135713577270508,1.0805091857910156
746bbbc345115498,near_pedestrian_on_crosswalk,2021.05.21.17.47.35_veh-35_00585_00825,2021.05.21.17.47.35_veh-35_00585_00825/near_pedestrian_on_crosswalk/746bbbc345115498/sledge_raw.gz,vehicles,native_cache_directory,27,16,16,11,0,50,-34,41.795249938964844,,
746bbbc345115498,near_pedestrian_on_crosswalk,2021.05.21.17.47.35_veh-35_00585_00825,2021.05.21.17.47.35_veh-35_00585_00825/near_pedestrian_on_crosswalk/746bbbc345115498/sledge_raw.gz,pedestrians,native_cache_directory,134,119,20,15,99,20,99,17.373443603515625,17.3900146484375,0.016571044921875
746bbbc345115498,near_pedestrian_on_crosswalk,2021.05.21.17.47.35_veh-35_00585_00825,2021.05.21.17.47.35_veh-35_00585_00825/near_pedestrian_on_crosswalk/746bbbc345115498/sledge_raw.gz,static_objects,native_cache_directory,113,42,30,71,12,30,12,29.543243408203125,30.554668426513672,1.0114250183105469
0d51d57f457858b2,near_pedestrian_on_crosswalk,2021.06.11.14.22.48_veh-38_00962_01511,2021.06.11.14.22.48_veh-38_00962_01511/near_pedestrian_on_crosswalk/0d51d57f457858b2/sledge_raw.gz,vehicles,native_cache_directory,13,6,6,7,0,50,-44,32.0802116394043,,
0d51d57f457858b2,near_pedestrian_on_crosswalk,2021.06.11.14.22.48_veh-38_00962_01511,2021.06.11.14.22.48_veh-38_00962_01511/near_pedestrian_on_crosswalk/0d51d57f457858b2/sledge_raw.gz,pedestrians,native_cache_directory,1,0,0,1,0,20,-20,,,
0d51d57f457858b2,near_pedestrian_on_crosswalk,2021.06.11.14.22.48_veh-38_00962_01511,2021.06.11.14.22.48_veh-38_00962_01511/near_pedestrian_on_crosswalk/0d51d57f457858b2/sledge_raw.gz,static_objects,native_cache_directory,71,31,30,40,1,30,1,34.93187713623047,36.436729431152344,1.504852294921875
7b35060110635aae,near_pedestrian_on_crosswalk,2021.07.13.21.32.12_veh-12_01627_04213,2021.07.13.21.32.12_veh-12_01627_04213/near_pedestrian_on_crosswalk/7b35060110635aae/sledge_raw.gz,vehicles,native_cache_directory,42,12,12,30,0,50,-38,40.68515396118164,,
7b35060110635aae,near_pedestrian_on_crosswalk,2021.07.13.21.32.12_veh-12_01627_04213,2021.07.13.21.32.12_veh-12_01627_04213/near_pedestrian_on_crosswalk/7b35060110635aae/sledge_raw.gz,pedestrians,native_cache_directory,89,23,20,66,3,20,3,28.00726890563965,29.942991256713867,1.9357223510742188
7b35060110635aae,near_pedestrian_on_crosswalk,2021.07.13.21.32.12_veh-12_01627_04213,2021.07.13.21.32.12_veh-12_01627_04213/near_pedestrian_on_crosswalk/7b35060110635aae/sledge_raw.gz,static_objects,native_cache_directory,182,60,30,122,30,30,30,20.360179901123047,20.394807815551758,0.03462791442871094
9bbd74acc39f5e2e,near_pedestrian_on_crosswalk,2021.06.10.16.43.52_veh-35_00368_01462,2021.06.10.16.43.52_veh-35_00368_01462/near_pedestrian_on_crosswalk/9bbd74acc39f5e2e/sledge_raw.gz,vehicles,native_cache_directory,10,2,2,8,0,50,-48,10.600021362304688,,
9bbd74acc39f5e2e,near_pedestrian_on_crosswalk,2021.06.10.16.43.52_veh-35_00368_01462,2021.06.10.16.43.52_veh-35_00368_01462/near_pedestrian_on_crosswalk/9bbd74acc39f5e2e/sledge_raw.gz,pedestrians,native_cache_directory,8,2,2,6,0,20,-18,13.273038864135742,,
9bbd74acc39f5e2e,near_pedestrian_on_crosswalk,2021.06.10.16.43.52_veh-35_00368_01462,2021.06.10.16.43.52_veh-35_00368_01462/near_pedestrian_on_crosswalk/9bbd74acc39f5e2e/sledge_raw.gz,static_objects,native_cache_directory,157,56,30,101,26,30,26,18.058176040649414,18.241788864135742,0.18361282348632812
97d79e035830564a,near_pedestrian_on_crosswalk,2021.05.20.17.51.23_veh-24_02199_02456,2021.05.20.17.51.23_veh-24_02199_02456/near_pedestrian_on_crosswalk/97d79e035830564a/sledge_raw.gz,vehicles,native_cache_directory,21,8,8,13,0,50,-42,30.079364776611328,,
97d79e035830564a,near_pedestrian_on_crosswalk,2021.05.20.17.51.23_veh-24_02199_02456,2021.05.20.17.51.23_veh-24_02199_02456/near_pedestrian_on_crosswalk/97d79e035830564a/sledge_raw.gz,pedestrians,native_cache_directory,58,27,20,31,7,20,7,26.85984230041504,27.54779815673828,0.6879558563232422
97d79e035830564a,near_pedestrian_on_crosswalk,2021.05.20.17.51.23_veh-24_02199_02456,2021.05.20.17.51.23_veh-24_02199_02456/near_pedestrian_on_crosswalk/97d79e035830564a/sledge_raw.gz,static_objects,native_cache_directory,96,49,30,47,19,30,19,23.23686981201172,23.605558395385742,0.36868858337402344
40f4aab096d35193,near_pedestrian_on_crosswalk,2021.06.09.14.50.36_veh-26_04226_04484,2021.06.09.14.50.36_veh-26_04226_04484/near_pedestrian_on_crosswalk/40f4aab096d35193/sledge_raw.gz,vehicles,native_cache_directory,12,7,7,5,0,50,-43,31.759965896606445,,
40f4aab096d35193,near_pedestrian_on_crosswalk,2021.06.09.14.50.36_veh-26_04226_04484,2021.06.09.14.50.36_veh-26_04226_04484/near_pedestrian_on_crosswalk/40f4aab096d35193/sledge_raw.gz,pedestrians,native_cache_directory,44,20,20,24,0,20,0,35.528778076171875,,
40f4aab096d35193,near_pedestrian_on_crosswalk,2021.06.09.14.50.36_veh-26_04226_04484,2021.06.09.14.50.36_veh-26_04226_04484/near_pedestrian_on_crosswalk/40f4aab096d35193/sledge_raw.gz,static_objects,native_cache_directory,88,36,30,52,6,30,6,25.112672805786133,25.767919540405273,0.6552467346191406
ade4584ff09251bf,near_pedestrian_on_crosswalk,2021.08.23.19.33.55_veh-08_00580_01530,2021.08.23.19.33.55_veh-08_00580_01530/near_pedestrian_on_crosswalk/ade4584ff09251bf/sledge_raw.gz,vehicles,native_cache_directory,30,9,9,21,0,50,-41,43.06565856933594,,
ade4584ff09251bf,near_pedestrian_on_crosswalk,2021.08.23.19.33.55_veh-08_00580_01530,2021.08.23.19.33.55_veh-08_00580_01530/near_pedestrian_on_crosswalk/ade4584ff09251bf/sledge_raw.gz,pedestrians,native_cache_directory,7,3,3,4,0,20,-17,34.50141906738281,,
ade4584ff09251bf,near_pedestrian_on_crosswalk,2021.08.23.19.33.55_veh-08_00580_01530,2021.08.23.19.33.55_veh-08_00580_01530/near_pedestrian_on_crosswalk/ade4584ff09251bf/sledge_raw.gz,static_objects,native_cache_directory,15,11,11,4,0,30,-19,28.621850967407227,,
05f289dbd5ac51c1,near_pedestrian_on_crosswalk,2021.07.23.16.58.15_veh-12_04100_04563,2021.07.23.16.58.15_veh-12_04100_04563/near_pedestrian_on_crosswalk/05f289dbd5ac51c1/sledge_raw.gz,vehicles,native_cache_directory,8,0,0,8,0,50,-50,,,
05f289dbd5ac51c1,near_pedestrian_on_crosswalk,2021.07.23.16.58.15_veh-12_04100_04563,2021.07.23.16.58.15_veh-12_04100_04563/near_pedestrian_on_crosswalk/05f289dbd5ac51c1/sledge_raw.gz,pedestrians,native_cache_directory,72,54,20,18,34,20,34,13.3779878616333,13.659642219543457,0.28165435791015625
05f289dbd5ac51c1,near_pedestrian_on_crosswalk,2021.07.23.16.58.15_veh-12_04100_04563,2021.07.23.16.58.15_veh-12_04100_04563/near_pedestrian_on_crosswalk/05f289dbd5ac51c1/sledge_raw.gz,static_objects,native_cache_directory,120,60,30,60,30,30,30,28.86699867248535,28.893508911132812,0.026510238647460938
472a89e52f2d506c,near_pedestrian_on_crosswalk,2021.06.08.14.57.07_veh-47_02472_02661,2021.06.08.14.57.07_veh-47_02472_02661/near_pedestrian_on_crosswalk/472a89e52f2d506c/sledge_raw.gz,vehicles,native_cache_directory,13,4,4,9,0,50,-46,31.64620590209961,,
472a89e52f2d506c,near_pedestrian_on_crosswalk,2021.06.08.14.57.07_veh-47_02472_02661,2021.06.08.14.57.07_veh-47_02472_02661/near_pedestrian_on_crosswalk/472a89e52f2d506c/sledge_raw.gz,pedestrians,native_cache_directory,44,21,20,23,1,20,1,31.544771194458008,34.251678466796875,2.706907272338867
472a89e52f2d506c,near_pedestrian_on_crosswalk,2021.06.08.14.57.07_veh-47_02472_02661,2021.06.08.14.57.07_veh-47_02472_02661/near_pedestrian_on_crosswalk/472a89e52f2d506c/sledge_raw.gz,static_objects,native_cache_directory,100,45,30,55,15,30,15,20.775981903076172,21.746644973754883,0.9706630706787109
91aed519e55d5207,near_pedestrian_on_crosswalk,2021.10.04.07.49.45_veh-50_00793_01090,2021.10.04.07.49.45_veh-50_00793_01090/near_pedestrian_on_crosswalk/91aed519e55d5207/sledge_raw.gz,vehicles,native_cache_directory,3,0,0,3,0,50,-50,,,
91aed519e55d5207,near_pedestrian_on_crosswalk,2021.10.04.07.49.45_veh-50_00793_01090,2021.10.04.07.49.45_veh-50_00793_01090/near_pedestrian_on_crosswalk/91aed519e55d5207/sledge_raw.gz,pedestrians,native_cache_directory,9,4,4,5,0,20,-16,31.955158233642578,,
91aed519e55d5207,near_pedestrian_on_crosswalk,2021.10.04.07.49.45_veh-50_00793_01090,2021.10.04.07.49.45_veh-50_00793_01090/near_pedestrian_on_crosswalk/91aed519e55d5207/sledge_raw.gz,static_objects,native_cache_directory,1,0,0,1,0,30,-30,,,
b089f4fe95bf5f02,near_pedestrian_on_crosswalk,2021.06.01.12.28.28_veh-47_04090_04228,2021.06.01.12.28.28_veh-47_04090_04228/near_pedestrian_on_crosswalk/b089f4fe95bf5f02/sledge_raw.gz,vehicles,native_cache_directory,6,2,2,4,0,50,-48,24.627498626708984,,
b089f4fe95bf5f02,near_pedestrian_on_crosswalk,2021.06.01.12.28.28_veh-47_04090_04228,2021.06.01.12.28.28_veh-47_04090_04228/near_pedestrian_on_crosswalk/b089f4fe95bf5f02/sledge_raw.gz,pedestrians,native_cache_directory,45,16,16,29,0,20,-4,34.992027282714844,,
b089f4fe95bf5f02,near_pedestrian_on_crosswalk,2021.06.01.12.28.28_veh-47_04090_04228,2021.06.01.12.28.28_veh-47_04090_04228/near_pedestrian_on_crosswalk/b089f4fe95bf5f02/sledge_raw.gz,static_objects,native_cache_directory,98,47,30,51,17,30,17,21.31855010986328,21.761333465576172,0.4427833557128906
a8e851c02d585248,near_pedestrian_on_crosswalk,2021.06.24.20.25.57_veh-47_02256_02752,2021.06.24.20.25.57_veh-47_02256_02752/near_pedestrian_on_crosswalk/a8e851c02d585248/sledge_raw.gz,vehicles,native_cache_directory,25,11,11,14,0,50,-39,39.1568717956543,,
a8e851c02d585248,near_pedestrian_on_crosswalk,2021.06.24.20.25.57_veh-47_02256_02752,2021.06.24.20.25.57_veh-47_02256_02752/near_pedestrian_on_crosswalk/a8e851c02d585248/sledge_raw.gz,pedestrians,native_cache_directory,77,34,20,43,14,20,14,23.31166648864746,24.137493133544922,0.8258266448974609
a8e851c02d585248,near_pedestrian_on_crosswalk,2021.06.24.20.25.57_veh-47_02256_02752,2021.06.24.20.25.57_veh-47_02256_02752/near_pedestrian_on_crosswalk/a8e851c02d585248/sledge_raw.gz,static_objects,native_cache_directory,100,39,30,61,9,30,9,26.962017059326172,28.44371795654297,1.4817008972167969
8cce41a1c2b05757,near_pedestrian_on_crosswalk,2021.06.10.17.22.51_veh-47_03337_04002,2021.06.10.17.22.51_veh-47_03337_04002/near_pedestrian_on_crosswalk/8cce41a1c2b05757/sledge_raw.gz,vehicles,native_cache_directory,15,1,1,14,0,50,-49,7.312789440155029,,
8cce41a1c2b05757,near_pedestrian_on_crosswalk,2021.06.10.17.22.51_veh-47_03337_04002,2021.06.10.17.22.51_veh-47_03337_04002/near_pedestrian_on_crosswalk/8cce41a1c2b05757/sledge_raw.gz,pedestrians,native_cache_directory,51,24,20,27,4,20,4,29.83224105834961,31.1722469329834,1.340005874633789
8cce41a1c2b05757,near_pedestrian_on_crosswalk,2021.06.10.17.22.51_veh-47_03337_04002,2021.06.10.17.22.51_veh-47_03337_04002/near_pedestrian_on_crosswalk/8cce41a1c2b05757/sledge_raw.gz,static_objects,native_cache_directory,58,35,30,23,5,30,5,25.727663040161133,27.15550422668457,1.4278411865234375
1714cbf1515f509b,near_pedestrian_on_crosswalk,2021.07.15.21.07.10_veh-12_02228_02863,2021.07.15.21.07.10_veh-12_02228_02863/near_pedestrian_on_crosswalk/1714cbf1515f509b/sledge_raw.gz,vehicles,native_cache_directory,13,7,7,6,0,50,-43,28.2884578704834,,
1714cbf1515f509b,near_pedestrian_on_crosswalk,2021.07.15.21.07.10_veh-12_02228_02863,2021.07.15.21.07.10_veh-12_02228_02863/near_pedestrian_on_crosswalk/1714cbf1515f509b/sledge_raw.gz,pedestrians,native_cache_directory,25,13,13,12,0,20,-7,33.21652603149414,,
1714cbf1515f509b,near_pedestrian_on_crosswalk,2021.07.15.21.07.10_veh-12_02228_02863,2021.07.15.21.07.10_veh-12_02228_02863/near_pedestrian_on_crosswalk/1714cbf1515f509b/sledge_raw.gz,static_objects,native_cache_directory,56,37,30,19,7,30,7,23.202404022216797,23.841257095336914,0.6388530731201172
85b929568f9f5872,near_pedestrian_on_crosswalk,2021.08.25.19.15.01_veh-45_01798_02592,2021.08.25.19.15.01_veh-45_01798_02592/near_pedestrian_on_crosswalk/85b929568f9f5872/sledge_raw.gz,vehicles,native_cache_directory,21,15,15,6,0,50,-35,33.47159194946289,,
85b929568f9f5872,near_pedestrian_on_crosswalk,2021.08.25.19.15.01_veh-45_01798_02592,2021.08.25.19.15.01_veh-45_01798_02592/near_pedestrian_on_crosswalk/85b929568f9f5872/sledge_raw.gz,pedestrians,native_cache_directory,3,1,1,2,0,20,-19,8.514350891113281,,
85b929568f9f5872,near_pedestrian_on_crosswalk,2021.08.25.19.15.01_veh-45_01798_02592,2021.08.25.19.15.01_veh-45_01798_02592/near_pedestrian_on_crosswalk/85b929568f9f5872/sledge_raw.gz,static_objects,native_cache_directory,2,2,2,0,0,30,-28,29.258312225341797,,
3b0f993d1d485da8,near_pedestrian_on_crosswalk,2021.09.14.15.03.51_veh-45_00178_00336,2021.09.14.15.03.51_veh-45_00178_00336/near_pedestrian_on_crosswalk/3b0f993d1d485da8/sledge_raw.gz,vehicles,native_cache_directory,13,7,7,6,0,50,-43,31.532756805419922,,
3b0f993d1d485da8,near_pedestrian_on_crosswalk,2021.09.14.15.03.51_veh-45_00178_00336,2021.09.14.15.03.51_veh-45_00178_00336/near_pedestrian_on_crosswalk/3b0f993d1d485da8/sledge_raw.gz,pedestrians,native_cache_directory,1,1,1,0,0,20,-19,10.212798118591309,,
3b0f993d1d485da8,near_pedestrian_on_crosswalk,2021.09.14.15.03.51_veh-45_00178_00336,2021.09.14.15.03.51_veh-45_00178_00336/near_pedestrian_on_crosswalk/3b0f993d1d485da8/sledge_raw.gz,static_objects,native_cache_directory,5,4,4,1,0,30,-26,28.127552032470703,,
7753d16218be58b9,near_pedestrian_on_crosswalk,2021.10.08.07.31.13_veh-50_01884_02329,2021.10.08.07.31.13_veh-50_01884_02329/near_pedestrian_on_crosswalk/7753d16218be58b9/sledge_raw.gz,vehicles,native_cache_directory,3,2,2,1,0,50,-48,11.673174858093262,,
7753d16218be58b9,near_pedestrian_on_crosswalk,2021.10.08.07.31.13_veh-50_01884_02329,2021.10.08.07.31.13_veh-50_01884_02329/near_pedestrian_on_crosswalk/7753d16218be58b9/sledge_raw.gz,pedestrians,native_cache_directory,10,8,8,2,0,20,-12,21.876327514648438,,
7753d16218be58b9,near_pedestrian_on_crosswalk,2021.10.08.07.31.13_veh-50_01884_02329,2021.10.08.07.31.13_veh-50_01884_02329/near_pedestrian_on_crosswalk/7753d16218be58b9/sledge_raw.gz,static_objects,native_cache_directory,14,6,6,8,0,30,-24,34.314910888671875,,
8225420c23155678,near_pedestrian_on_crosswalk,2021.05.17.21.22.41_veh-35_01101_01615,2021.05.17.21.22.41_veh-35_01101_01615/near_pedestrian_on_crosswalk/8225420c23155678/sledge_raw.gz,vehicles,native_cache_directory,47,12,12,35,0,50,-38,41.430572509765625,,
8225420c23155678,near_pedestrian_on_crosswalk,2021.05.17.21.22.41_veh-35_01101_01615,2021.05.17.21.22.41_veh-35_01101_01615/near_pedestrian_on_crosswalk/8225420c23155678/sledge_raw.gz,pedestrians,native_cache_directory,157,82,20,75,62,20,62,13.646944999694824,14.185325622558594,0.5383806228637695
8225420c23155678,near_pedestrian_on_crosswalk,2021.05.17.21.22.41_veh-35_01101_01615,2021.05.17.21.22.41_veh-35_01101_01615/near_pedestrian_on_crosswalk/8225420c23155678/sledge_raw.gz,static_objects,native_cache_directory,133,46,30,87,16,30,16,26.050615310668945,26.318504333496094,0.26788902282714844
d82726d6618d53c8,near_pedestrian_on_crosswalk,2021.06.09.14.50.36_veh-26_01782_02044,2021.06.09.14.50.36_veh-26_01782_02044/near_pedestrian_on_crosswalk/d82726d6618d53c8/sledge_raw.gz,vehicles,native_cache_directory,42,17,17,25,0,50,-33,36.14800262451172,,
d82726d6618d53c8,near_pedestrian_on_crosswalk,2021.06.09.14.50.36_veh-26_01782_02044,2021.06.09.14.50.36_veh-26_01782_02044/near_pedestrian_on_crosswalk/d82726d6618d53c8/sledge_raw.gz,pedestrians,native_cache_directory,5,5,5,0,0,20,-15,23.791982650756836,,
d82726d6618d53c8,near_pedestrian_on_crosswalk,2021.06.09.14.50.36_veh-26_01782_02044,2021.06.09.14.50.36_veh-26_01782_02044/near_pedestrian_on_crosswalk/d82726d6618d53c8/sledge_raw.gz,static_objects,native_cache_directory,14,2,2,12,0,30,-28,22.595064163208008,,
8bcd8872878d564a,near_pedestrian_on_crosswalk,2021.07.02.16.29.08_veh-14_01059_04439,2021.07.02.16.29.08_veh-14_01059_04439/near_pedestrian_on_crosswalk/8bcd8872878d564a/sledge_raw.gz,vehicles,native_cache_directory,15,7,7,8,0,50,-43,31.84695816040039,,
8bcd8872878d564a,near_pedestrian_on_crosswalk,2021.07.02.16.29.08_veh-14_01059_04439,2021.07.02.16.29.08_veh-14_01059_04439/near_pedestrian_on_crosswalk/8bcd8872878d564a/sledge_raw.gz,pedestrians,native_cache_directory,55,40,20,15,20,20,20,17.324670791625977,17.372020721435547,0.04734992980957031
8bcd8872878d564a,near_pedestrian_on_crosswalk,2021.07.02.16.29.08_veh-14_01059_04439,2021.07.02.16.29.08_veh-14_01059_04439/near_pedestrian_on_crosswalk/8bcd8872878d564a/sledge_raw.gz,static_objects,native_cache_directory,142,76,30,66,46,30,46,21.76741600036621,23.013212203979492,1.2457962036132812
00a4ee38d1505c4a,near_pedestrian_on_crosswalk,2021.05.20.17.01.50_veh-27_00201_00766,2021.05.20.17.01.50_veh-27_00201_00766/near_pedestrian_on_crosswalk/00a4ee38d1505c4a/sledge_raw.gz,vehicles,native_cache_directory,38,10,10,28,0,50,-40,41.942657470703125,,
00a4ee38d1505c4a,near_pedestrian_on_crosswalk,2021.05.20.17.01.50_veh-27_00201_00766,2021.05.20.17.01.50_veh-27_00201_00766/near_pedestrian_on_crosswalk/00a4ee38d1505c4a/sledge_raw.gz,pedestrians,native_cache_directory,163,88,20,75,68,20,68,11.297481536865234,11.496417045593262,0.19893550872802734
00a4ee38d1505c4a,near_pedestrian_on_crosswalk,2021.05.20.17.01.50_veh-27_00201_00766,2021.05.20.17.01.50_veh-27_00201_00766/near_pedestrian_on_crosswalk/00a4ee38d1505c4a/sledge_raw.gz,static_objects,native_cache_directory,168,45,30,123,15,30,15,25.0302677154541,26.349306106567383,1.3190383911132812
b19bf286110d578b,near_pedestrian_on_crosswalk,2021.08.24.13.20.17_veh-08_00016_00738,2021.08.24.13.20.17_veh-08_00016_00738/near_pedestrian_on_crosswalk/b19bf286110d578b/sledge_raw.gz,vehicles,native_cache_directory,10,3,3,7,0,50,-47,33.85540771484375,,
b19bf286110d578b,near_pedestrian_on_crosswalk,2021.08.24.13.20.17_veh-08_00016_00738,2021.08.24.13.20.17_veh-08_00016_00738/near_pedestrian_on_crosswalk/b19bf286110d578b/sledge_raw.gz,pedestrians,native_cache_directory,4,3,3,1,0,20,-17,35.33195114135742,,
b19bf286110d578b,near_pedestrian_on_crosswalk,2021.08.24.13.20.17_veh-08_00016_00738,2021.08.24.13.20.17_veh-08_00016_00738/near_pedestrian_on_crosswalk/b19bf286110d578b/sledge_raw.gz,static_objects,native_cache_directory,8,7,7,1,0,30,-23,39.40385055541992,,
6c410f2725015ce1,near_pedestrian_on_crosswalk,2021.07.15.23.18.35_veh-14_02708_05708,2021.07.15.23.18.35_veh-14_02708_05708/near_pedestrian_on_crosswalk/6c410f2725015ce1/sledge_raw.gz,vehicles,native_cache_directory,51,19,19,32,0,50,-31,33.15644836425781,,
6c410f2725015ce1,near_pedestrian_on_crosswalk,2021.07.15.23.18.35_veh-14_02708_05708,2021.07.15.23.18.35_veh-14_02708_05708/near_pedestrian_on_crosswalk/6c410f2725015ce1/sledge_raw.gz,pedestrians,native_cache_directory,3,0,0,3,0,20,-20,,,
6c410f2725015ce1,near_pedestrian_on_crosswalk,2021.07.15.23.18.35_veh-14_02708_05708,2021.07.15.23.18.35_veh-14_02708_05708/near_pedestrian_on_crosswalk/6c410f2725015ce1/sledge_raw.gz,static_objects,native_cache_directory,34,0,0,34,0,30,-30,,,
0a4198ba2fe1534d,near_pedestrian_on_crosswalk,2021.07.26.01.19.38_veh-26_04361_04895,2021.07.26.01.19.38_veh-26_04361_04895/near_pedestrian_on_crosswalk/0a4198ba2fe1534d/sledge_raw.gz,vehicles,native_cache_directory,10,5,5,5,0,50,-45,39.05385971069336,,
0a4198ba2fe1534d,near_pedestrian_on_crosswalk,2021.07.26.01.19.38_veh-26_04361_04895,2021.07.26.01.19.38_veh-26_04361_04895/near_pedestrian_on_crosswalk/0a4198ba2fe1534d/sledge_raw.gz,pedestrians,native_cache_directory,92,23,20,69,3,20,3,25.274620056152344,29.107439041137695,3.8328189849853516
0a4198ba2fe1534d,near_pedestrian_on_crosswalk,2021.07.26.01.19.38_veh-26_04361_04895,2021.07.26.01.19.38_veh-26_04361_04895/near_pedestrian_on_crosswalk/0a4198ba2fe1534d/sledge_raw.gz,static_objects,native_cache_directory,87,30,30,57,0,30,0,33.73137283325195,,
6dc0b32647995d7f,near_pedestrian_on_crosswalk,2021.06.10.12.08.50_veh-47_02043_02572,2021.06.10.12.08.50_veh-47_02043_02572/near_pedestrian_on_crosswalk/6dc0b32647995d7f/sledge_raw.gz,vehicles,native_cache_directory,7,3,3,4,0,50,-47,21.120439529418945,,
6dc0b32647995d7f,near_pedestrian_on_crosswalk,2021.06.10.12.08.50_veh-47_02043_02572,2021.06.10.12.08.50_veh-47_02043_02572/near_pedestrian_on_crosswalk/6dc0b32647995d7f/sledge_raw.gz,pedestrians,native_cache_directory,38,17,17,21,0,20,-3,32.813697814941406,,
6dc0b32647995d7f,near_pedestrian_on_crosswalk,2021.06.10.12.08.50_veh-47_02043_02572,2021.06.10.12.08.50_veh-47_02043_02572/near_pedestrian_on_crosswalk/6dc0b32647995d7f/sledge_raw.gz,static_objects,native_cache_directory,130,46,30,84,16,30,16,23.569684982299805,23.82111930847168,0.251434326171875
a23b78f893af55b4,near_pedestrian_on_crosswalk,2021.09.07.08.34.05_veh-51_01772_02039,2021.09.07.08.34.05_veh-51_01772_02039/near_pedestrian_on_crosswalk/a23b78f893af55b4/sledge_raw.gz,vehicles,native_cache_directory,14,9,9,5,0,50,-41,30.18019676208496,,
a23b78f893af55b4,near_pedestrian_on_crosswalk,2021.09.07.08.34.05_veh-51_01772_02039,2021.09.07.08.34.05_veh-51_01772_02039/near_pedestrian_on_crosswalk/a23b78f893af55b4/sledge_raw.gz,pedestrians,native_cache_directory,3,2,2,1,0,20,-18,10.84747314453125,,
a23b78f893af55b4,near_pedestrian_on_crosswalk,2021.09.07.08.34.05_veh-51_01772_02039,2021.09.07.08.34.05_veh-51_01772_02039/near_pedestrian_on_crosswalk/a23b78f893af55b4/sledge_raw.gz,static_objects,native_cache_directory,4,1,1,3,0,30,-29,8.547648429870605,,
d05575ee18f454d0,near_pedestrian_on_crosswalk,2021.05.26.14.10.09_veh-38_03685_03828,2021.05.26.14.10.09_veh-38_03685_03828/near_pedestrian_on_crosswalk/d05575ee18f454d0/sledge_raw.gz,vehicles,native_cache_directory,26,8,8,18,0,50,-42,36.64884567260742,,
d05575ee18f454d0,near_pedestrian_on_crosswalk,2021.05.26.14.10.09_veh-38_03685_03828,2021.05.26.14.10.09_veh-38_03685_03828/near_pedestrian_on_crosswalk/d05575ee18f454d0/sledge_raw.gz,pedestrians,native_cache_directory,13,0,0,13,0,20,-20,,,
d05575ee18f454d0,near_pedestrian_on_crosswalk,2021.05.26.14.10.09_veh-38_03685_03828,2021.05.26.14.10.09_veh-38_03685_03828/near_pedestrian_on_crosswalk/d05575ee18f454d0/sledge_raw.gz,static_objects,native_cache_directory,17,1,1,16,0,30,-29,12.44614028930664,,
da93b6a64128565b,near_pedestrian_on_crosswalk,2021.06.10.13.50.05_veh-38_03179_03349,2021.06.10.13.50.05_veh-38_03179_03349/near_pedestrian_on_crosswalk/da93b6a64128565b/sledge_raw.gz,vehicles,native_cache_directory,17,9,9,8,0,50,-41,31.296588897705078,,
da93b6a64128565b,near_pedestrian_on_crosswalk,2021.06.10.13.50.05_veh-38_03179_03349,2021.06.10.13.50.05_veh-38_03179_03349/near_pedestrian_on_crosswalk/da93b6a64128565b/sledge_raw.gz,pedestrians,native_cache_directory,77,29,20,48,9,20,9,25.20648193359375,26.050952911376953,0.8444709777832031
da93b6a64128565b,near_pedestrian_on_crosswalk,2021.06.10.13.50.05_veh-38_03179_03349,2021.06.10.13.50.05_veh-38_03179_03349/near_pedestrian_on_crosswalk/da93b6a64128565b/sledge_raw.gz,static_objects,native_cache_directory,115,44,30,71,14,30,14,22.629505157470703,23.167509078979492,0.5380039215087891
5ea4d293e0dc5e54,near_pedestrian_on_crosswalk,2021.10.11.13.27.07_veh-28_00098_00424,2021.10.11.13.27.07_veh-28_00098_00424/near_pedestrian_on_crosswalk/5ea4d293e0dc5e54/sledge_raw.gz,vehicles,native_cache_directory,9,5,5,4,0,50,-45,37.91035079956055,,
5ea4d293e0dc5e54,near_pedestrian_on_crosswalk,2021.10.11.13.27.07_veh-28_00098_00424,2021.10.11.13.27.07_veh-28_00098_00424/near_pedestrian_on_crosswalk/5ea4d293e0dc5e54/sledge_raw.gz,pedestrians,native_cache_directory,7,6,6,1,0,20,-14,20.887481689453125,,
5ea4d293e0dc5e54,near_pedestrian_on_crosswalk,2021.10.11.13.27.07_veh-28_00098_00424,2021.10.11.13.27.07_veh-28_00098_00424/near_pedestrian_on_crosswalk/5ea4d293e0dc5e54/sledge_raw.gz,static_objects,native_cache_directory,34,24,24,10,0,30,-6,33.36201095581055,,
2010e2ebf4485926,near_pedestrian_on_crosswalk,2021.06.29.19.37.20_veh-26_02790_03313,2021.06.29.19.37.20_veh-26_02790_03313/near_pedestrian_on_crosswalk/2010e2ebf4485926/sledge_raw.gz,vehicles,native_cache_directory,24,9,9,15,0,50,-41,32.659358978271484,,
2010e2ebf4485926,near_pedestrian_on_crosswalk,2021.06.29.19.37.20_veh-26_02790_03313,2021.06.29.19.37.20_veh-26_02790_03313/near_pedestrian_on_crosswalk/2010e2ebf4485926/sledge_raw.gz,pedestrians,native_cache_directory,48,11,11,37,0,20,-9,20.272953033447266,,
2010e2ebf4485926,near_pedestrian_on_crosswalk,2021.06.29.19.37.20_veh-26_02790_03313,2021.06.29.19.37.20_veh-26_02790_03313/near_pedestrian_on_crosswalk/2010e2ebf4485926/sledge_raw.gz,static_objects,native_cache_directory,92,30,30,62,0,30,0,33.95232009887695,,
2386bf28642051f2,near_pedestrian_on_crosswalk,2021.09.28.08.05.03_veh-53_00016_00639,2021.09.28.08.05.03_veh-53_00016_00639/near_pedestrian_on_crosswalk/2386bf28642051f2/sledge_raw.gz,vehicles,native_cache_directory,10,3,3,7,0,50,-47,30.488252639770508,,
2386bf28642051f2,near_pedestrian_on_crosswalk,2021.09.28.08.05.03_veh-53_00016_00639,2021.09.28.08.05.03_veh-53_00016_00639/near_pedestrian_on_crosswalk/2386bf28642051f2/sledge_raw.gz,pedestrians,native_cache_directory,23,7,7,16,0,20,-13,33.043338775634766,,
2386bf28642051f2,near_pedestrian_on_crosswalk,2021.09.28.08.05.03_veh-53_00016_00639,2021.09.28.08.05.03_veh-53_00016_00639/near_pedestrian_on_crosswalk/2386bf28642051f2/sledge_raw.gz,static_objects,native_cache_directory,21,11,11,10,0,30,-19,34.01348876953125,,
50a4dea76bc45bae,near_pedestrian_on_crosswalk,2021.09.29.09.10.14_veh-50_00504_00767,2021.09.29.09.10.14_veh-50_00504_00767/near_pedestrian_on_crosswalk/50a4dea76bc45bae/sledge_raw.gz,vehicles,native_cache_directory,11,3,3,8,0,50,-47,35.15631103515625,,
50a4dea76bc45bae,near_pedestrian_on_crosswalk,2021.09.29.09.10.14_veh-50_00504_00767,2021.09.29.09.10.14_veh-50_00504_00767/near_pedestrian_on_crosswalk/50a4dea76bc45bae/sledge_raw.gz,pedestrians,native_cache_directory,4,1,1,3,0,20,-19,13.168519020080566,,
50a4dea76bc45bae,near_pedestrian_on_crosswalk,2021.09.29.09.10.14_veh-50_00504_00767,2021.09.29.09.10.14_veh-50_00504_00767/near_pedestrian_on_crosswalk/50a4dea76bc45bae/sledge_raw.gz,static_objects,native_cache_directory,11,1,1,10,0,30,-29,31.500879287719727,,
1804fe0e758356da,near_pedestrian_on_crosswalk,2021.05.26.14.20.58_veh-35_02540_02844,2021.05.26.14.20.58_veh-35_02540_02844/near_pedestrian_on_crosswalk/1804fe0e758356da/sledge_raw.gz,vehicles,native_cache_directory,9,4,4,5,0,50,-46,20.188684463500977,,
1804fe0e758356da,near_pedestrian_on_crosswalk,2021.05.26.14.20.58_veh-35_02540_02844,2021.05.26.14.20.58_veh-35_02540_02844/near_pedestrian_on_crosswalk/1804fe0e758356da/sledge_raw.gz,pedestrians,native_cache_directory,34,20,20,14,0,20,0,31.841472625732422,,
1804fe0e758356da,near_pedestrian_on_crosswalk,2021.05.26.14.20.58_veh-35_02540_02844,2021.05.26.14.20.58_veh-35_02540_02844/near_pedestrian_on_crosswalk/1804fe0e758356da/sledge_raw.gz,static_objects,native_cache_directory,130,32,30,98,2,30,2,31.388999938964844,33.313663482666016,1.9246635437011719
52dc473093b7597e,traversing_crosswalk,2021.10.15.02.36.56_veh-53_00782_01463,2021.10.15.02.36.56_veh-53_00782_01463/traversing_crosswalk/52dc473093b7597e/sledge_raw.gz,vehicles,native_cache_directory,1,0,0,1,0,50,-50,,,
52dc473093b7597e,traversing_crosswalk,2021.10.15.02.36.56_veh-53_00782_01463,2021.10.15.02.36.56_veh-53_00782_01463/traversing_crosswalk/52dc473093b7597e/sledge_raw.gz,pedestrians,native_cache_directory,3,3,3,0,0,20,-17,34.23087692260742,,
52dc473093b7597e,traversing_crosswalk,2021.10.15.02.36.56_veh-53_00782_01463,2021.10.15.02.36.56_veh-53_00782_01463/traversing_crosswalk/52dc473093b7597e/sledge_raw.gz,static_objects,native_cache_directory,7,1,1,6,0,30,-29,35.671634674072266,,
611ab6ef4c6b5512,traversing_crosswalk,2021.06.10.16.57.46_veh-38_04175_04887,2021.06.10.16.57.46_veh-38_04175_04887/traversing_crosswalk/611ab6ef4c6b5512/sledge_raw.gz,vehicles,native_cache_directory,26,13,13,13,0,50,-37,36.65753173828125,,
611ab6ef4c6b5512,traversing_crosswalk,2021.06.10.16.57.46_veh-38_04175_04887,2021.06.10.16.57.46_veh-38_04175_04887/traversing_crosswalk/611ab6ef4c6b5512/sledge_raw.gz,pedestrians,native_cache_directory,10,4,4,6,0,20,-16,18.977807998657227,,
611ab6ef4c6b5512,traversing_crosswalk,2021.06.10.16.57.46_veh-38_04175_04887,2021.06.10.16.57.46_veh-38_04175_04887/traversing_crosswalk/611ab6ef4c6b5512/sledge_raw.gz,static_objects,native_cache_directory,174,57,30,117,27,30,27,18.011281967163086,18.504304885864258,0.4930229187011719
78b71decb4ae594f,traversing_crosswalk,2021.10.04.15.05.57_veh-28_01181_01587,2021.10.04.15.05.57_veh-28_01181_01587/traversing_crosswalk/78b71decb4ae594f/sledge_raw.gz,vehicles,native_cache_directory,22,8,8,14,0,50,-42,34.081417083740234,,
78b71decb4ae594f,traversing_crosswalk,2021.10.04.15.05.57_veh-28_01181_01587,2021.10.04.15.05.57_veh-28_01181_01587/traversing_crosswalk/78b71decb4ae594f/sledge_raw.gz,pedestrians,native_cache_directory,13,5,5,8,0,20,-15,30.643173217773438,,
78b71decb4ae594f,traversing_crosswalk,2021.10.04.15.05.57_veh-28_01181_01587,2021.10.04.15.05.57_veh-28_01181_01587/traversing_crosswalk/78b71decb4ae594f/sledge_raw.gz,static_objects,native_cache_directory,8,4,4,4,0,30,-26,35.940921783447266,,
b5c7050a1f105044,traversing_crosswalk,2021.09.21.20.04.35_veh-08_00730_01024,2021.09.21.20.04.35_veh-08_00730_01024/traversing_crosswalk/b5c7050a1f105044/sledge_raw.gz,vehicles,native_cache_directory,9,0,0,9,0,50,-50,,,
b5c7050a1f105044,traversing_crosswalk,2021.09.21.20.04.35_veh-08_00730_01024,2021.09.21.20.04.35_veh-08_00730_01024/traversing_crosswalk/b5c7050a1f105044/sledge_raw.gz,pedestrians,native_cache_directory,7,1,1,6,0,20,-19,19.732175827026367,,
b5c7050a1f105044,traversing_crosswalk,2021.09.21.20.04.35_veh-08_00730_01024,2021.09.21.20.04.35_veh-08_00730_01024/traversing_crosswalk/b5c7050a1f105044/sledge_raw.gz,static_objects,native_cache_directory,9,6,6,3,0,30,-24,29.932777404785156,,
67d09ff1c978598f,traversing_crosswalk,2021.08.17.18.44.32_veh-08_00016_00564,2021.08.17.18.44.32_veh-08_00016_00564/traversing_crosswalk/67d09ff1c978598f/sledge_raw.gz,vehicles,native_cache_directory,2,0,0,2,0,50,-50,,,
67d09ff1c978598f,traversing_crosswalk,2021.08.17.18.44.32_veh-08_00016_00564,2021.08.17.18.44.32_veh-08_00016_00564/traversing_crosswalk/67d09ff1c978598f/sledge_raw.gz,pedestrians,native_cache_directory,3,1,1,2,0,20,-19,27.393991470336914,,
67d09ff1c978598f,traversing_crosswalk,2021.08.17.18.44.32_veh-08_00016_00564,2021.08.17.18.44.32_veh-08_00016_00564/traversing_crosswalk/67d09ff1c978598f/sledge_raw.gz,static_objects,native_cache_directory,22,18,18,4,0,30,-12,31.71800994873047,,
704d32526df35ca6,traversing_crosswalk,2021.09.30.06.13.47_veh-53_00307_00770,2021.09.30.06.13.47_veh-53_00307_00770/traversing_crosswalk/704d32526df35ca6/sledge_raw.gz,vehicles,native_cache_directory,5,3,3,2,0,50,-47,36.112667083740234,,
704d32526df35ca6,traversing_crosswalk,2021.09.30.06.13.47_veh-53_00307_00770,2021.09.30.06.13.47_veh-53_00307_00770/traversing_crosswalk/704d32526df35ca6/sledge_raw.gz,pedestrians,native_cache_directory,3,2,2,1,0,20,-18,36.5068473815918,,
704d32526df35ca6,traversing_crosswalk,2021.09.30.06.13.47_veh-53_00307_00770,2021.09.30.06.13.47_veh-53_00307_00770/traversing_crosswalk/704d32526df35ca6/sledge_raw.gz,static_objects,native_cache_directory,2,0,0,2,0,30,-30,,,
9779e279a9b35f5c,traversing_crosswalk,2021.09.24.03.41.25_veh-53_00016_00669,2021.09.24.03.41.25_veh-53_00016_00669/traversing_crosswalk/9779e279a9b35f5c/sledge_raw.gz,vehicles,native_cache_directory,1,0,0,1,0,50,-50,,,
9779e279a9b35f5c,traversing_crosswalk,2021.09.24.03.41.25_veh-53_00016_00669,2021.09.24.03.41.25_veh-53_00016_00669/traversing_crosswalk/9779e279a9b35f5c/sledge_raw.gz,pedestrians,native_cache_directory,1,1,1,0,0,20,-19,38.113914489746094,,
9779e279a9b35f5c,traversing_crosswalk,2021.09.24.03.41.25_veh-53_00016_00669,2021.09.24.03.41.25_veh-53_00016_00669/traversing_crosswalk/9779e279a9b35f5c/sledge_raw.gz,static_objects,native_cache_directory,0,0,0,0,0,30,-30,,,
cefac6c3e89558f0,traversing_crosswalk,2021.06.12.19.12.40_veh-35_02560_02956,2021.06.12.19.12.40_veh-35_02560_02956/traversing_crosswalk/cefac6c3e89558f0/sledge_raw.gz,vehicles,native_cache_directory,13,5,5,8,0,50,-45,36.45911407470703,,
cefac6c3e89558f0,traversing_crosswalk,2021.06.12.19.12.40_veh-35_02560_02956,2021.06.12.19.12.40_veh-35_02560_02956/traversing_crosswalk/cefac6c3e89558f0/sledge_raw.gz,pedestrians,native_cache_directory,11,10,10,1,0,20,-10,11.190537452697754,,
cefac6c3e89558f0,traversing_crosswalk,2021.06.12.19.12.40_veh-35_02560_02956,2021.06.12.19.12.40_veh-35_02560_02956/traversing_crosswalk/cefac6c3e89558f0/sledge_raw.gz,static_objects,native_cache_directory,35,16,16,19,0,30,-14,38.11616134643555,,
a50924c0a67f5005,traversing_crosswalk,2021.07.07.21.34.34_veh-35_02676_03048,2021.07.07.21.34.34_veh-35_02676_03048/traversing_crosswalk/a50924c0a67f5005/sledge_raw.gz,vehicles,native_cache_directory,3,1,1,2,0,50,-49,20.35395622253418,,
a50924c0a67f5005,traversing_crosswalk,2021.07.07.21.34.34_veh-35_02676_03048,2021.07.07.21.34.34_veh-35_02676_03048/traversing_crosswalk/a50924c0a67f5005/sledge_raw.gz,pedestrians,native_cache_directory,5,1,1,4,0,20,-19,18.513574600219727,,
a50924c0a67f5005,traversing_crosswalk,2021.07.07.21.34.34_veh-35_02676_03048,2021.07.07.21.34.34_veh-35_02676_03048/traversing_crosswalk/a50924c0a67f5005/sledge_raw.gz,static_objects,native_cache_directory,12,5,5,7,0,30,-25,22.78753662109375,,
aa1ddec7bd2e509e,traversing_crosswalk,2021.08.23.16.51.29_veh-42_00291_01035,2021.08.23.16.51.29_veh-42_00291_01035/traversing_crosswalk/aa1ddec7bd2e509e/sledge_raw.gz,vehicles,native_cache_directory,6,0,0,6,0,50,-50,,,
aa1ddec7bd2e509e,traversing_crosswalk,2021.08.23.16.51.29_veh-42_00291_01035,2021.08.23.16.51.29_veh-42_00291_01035/traversing_crosswalk/aa1ddec7bd2e509e/sledge_raw.gz,pedestrians,native_cache_directory,6,2,2,4,0,20,-18,32.13716125488281,,
aa1ddec7bd2e509e,traversing_crosswalk,2021.08.23.16.51.29_veh-42_00291_01035,2021.08.23.16.51.29_veh-42_00291_01035/traversing_crosswalk/aa1ddec7bd2e509e/sledge_raw.gz,static_objects,native_cache_directory,4,3,3,1,0,30,-27,26.415769577026367,,
3f78f988e38159c2,traversing_crosswalk,2021.09.08.03.54.54_veh-51_01109_01613,2021.09.08.03.54.54_veh-51_01109_01613/traversing_crosswalk/3f78f988e38159c2/sledge_raw.gz,vehicles,native_cache_directory,0,0,0,0,0,50,-50,,,
3f78f988e38159c2,traversing_crosswalk,2021.09.08.03.54.54_veh-51_01109_01613,2021.09.08.03.54.54_veh-51_01109_01613/traversing_crosswalk/3f78f988e38159c2/sledge_raw.gz,pedestrians,native_cache_directory,7,2,2,5,0,20,-18,30.88607406616211,,
3f78f988e38159c2,traversing_crosswalk,2021.09.08.03.54.54_veh-51_01109_01613,2021.09.08.03.54.54_veh-51_01109_01613/traversing_crosswalk/3f78f988e38159c2/sledge_raw.gz,static_objects,native_cache_directory,12,7,7,5,0,30,-23,25.447511672973633,,
b4be73d3964a557c,traversing_crosswalk,2021.09.03.16.25.50_veh-42_00397_00570,2021.09.03.16.25.50_veh-42_00397_00570/traversing_crosswalk/b4be73d3964a557c/sledge_raw.gz,vehicles,native_cache_directory,41,16,16,25,0,50,-34,30.13066291809082,,
b4be73d3964a557c,traversing_crosswalk,2021.09.03.16.25.50_veh-42_00397_00570,2021.09.03.16.25.50_veh-42_00397_00570/traversing_crosswalk/b4be73d3964a557c/sledge_raw.gz,pedestrians,native_cache_directory,8,7,7,1,0,20,-13,32.1977424621582,,
b4be73d3964a557c,traversing_crosswalk,2021.09.03.16.25.50_veh-42_00397_00570,2021.09.03.16.25.50_veh-42_00397_00570/traversing_crosswalk/b4be73d3964a557c/sledge_raw.gz,static_objects,native_cache_directory,6,4,4,2,0,30,-26,20.84898567199707,,
2702c6a991435751,traversing_crosswalk,2021.09.25.02.07.45_veh-53_00016_00512,2021.09.25.02.07.45_veh-53_00016_00512/traversing_crosswalk/2702c6a991435751/sledge_raw.gz,vehicles,native_cache_directory,5,4,4,1,0,50,-46,22.867538452148438,,
2702c6a991435751,traversing_crosswalk,2021.09.25.02.07.45_veh-53_00016_00512,2021.09.25.02.07.45_veh-53_00016_00512/traversing_crosswalk/2702c6a991435751/sledge_raw.gz,pedestrians,native_cache_directory,0,0,0,0,0,20,-20,,,
2702c6a991435751,traversing_crosswalk,2021.09.25.02.07.45_veh-53_00016_00512,2021.09.25.02.07.45_veh-53_00016_00512/traversing_crosswalk/2702c6a991435751/sledge_raw.gz,static_objects,native_cache_directory,6,4,4,2,0,30,-26,28.42213249206543,,
f161b28dc2de5c74,traversing_crosswalk,2021.08.30.08.54.37_veh-49_00368_00936,2021.08.30.08.54.37_veh-49_00368_00936/traversing_crosswalk/f161b28dc2de5c74/sledge_raw.gz,vehicles,native_cache_directory,3,0,0,3,0,50,-50,,,
f161b28dc2de5c74,traversing_crosswalk,2021.08.30.08.54.37_veh-49_00368_00936,2021.08.30.08.54.37_veh-49_00368_00936/traversing_crosswalk/f161b28dc2de5c74/sledge_raw.gz,pedestrians,native_cache_directory,3,2,2,1,0,20,-18,17.561214447021484,,
f161b28dc2de5c74,traversing_crosswalk,2021.08.30.08.54.37_veh-49_00368_00936,2021.08.30.08.54.37_veh-49_00368_00936/traversing_crosswalk/f161b28dc2de5c74/sledge_raw.gz,static_objects,native_cache_directory,8,6,6,2,0,30,-24,25.388214111328125,,
b602d4cc052a5b86,traversing_crosswalk,2021.09.29.03.28.59_veh-52_00239_00584,2021.09.29.03.28.59_veh-52_00239_00584/traversing_crosswalk/b602d4cc052a5b86/sledge_raw.gz,vehicles,native_cache_directory,0,0,0,0,0,50,-50,,,
b602d4cc052a5b86,traversing_crosswalk,2021.09.29.03.28.59_veh-52_00239_00584,2021.09.29.03.28.59_veh-52_00239_00584/traversing_crosswalk/b602d4cc052a5b86/sledge_raw.gz,pedestrians,native_cache_directory,0,0,0,0,0,20,-20,,,
b602d4cc052a5b86,traversing_crosswalk,2021.09.29.03.28.59_veh-52_00239_00584,2021.09.29.03.28.59_veh-52_00239_00584/traversing_crosswalk/b602d4cc052a5b86/sledge_raw.gz,static_objects,native_cache_directory,0,0,0,0,0,30,-30,,,
8be6f8e192ac59ca,traversing_crosswalk,2021.10.15.18.45.04_veh-28_00454_01105,2021.10.15.18.45.04_veh-28_00454_01105/traversing_crosswalk/8be6f8e192ac59ca/sledge_raw.gz,vehicles,native_cache_directory,16,4,4,12,0,50,-46,33.83009719848633,,
8be6f8e192ac59ca,traversing_crosswalk,2021.10.15.18.45.04_veh-28_00454_01105,2021.10.15.18.45.04_veh-28_00454_01105/traversing_crosswalk/8be6f8e192ac59ca/sledge_raw.gz,pedestrians,native_cache_directory,10,8,8,2,0,20,-12,26.792102813720703,,
8be6f8e192ac59ca,traversing_crosswalk,2021.10.15.18.45.04_veh-28_00454_01105,2021.10.15.18.45.04_veh-28_00454_01105/traversing_crosswalk/8be6f8e192ac59ca/sledge_raw.gz,static_objects,native_cache_directory,7,7,7,0,0,30,-23,33.01396179199219,,
f99bb0412d7253a9,traversing_crosswalk,2021.06.09.18.19.00_veh-26_00255_00884,2021.06.09.18.19.00_veh-26_00255_00884/traversing_crosswalk/f99bb0412d7253a9/sledge_raw.gz,vehicles,native_cache_directory,11,5,5,6,0,50,-45,37.16212844848633,,
f99bb0412d7253a9,traversing_crosswalk,2021.06.09.18.19.00_veh-26_00255_00884,2021.06.09.18.19.00_veh-26_00255_00884/traversing_crosswalk/f99bb0412d7253a9/sledge_raw.gz,pedestrians,native_cache_directory,105,79,20,26,59,20,59,10.902615547180176,11.104092597961426,0.20147705078125
f99bb0412d7253a9,traversing_crosswalk,2021.06.09.18.19.00_veh-26_00255_00884,2021.06.09.18.19.00_veh-26_00255_00884/traversing_crosswalk/f99bb0412d7253a9/sledge_raw.gz,static_objects,native_cache_directory,108,76,30,32,46,30,46,18.22829246520996,19.933849334716797,1.705556869506836
9eb3aa290fdd538c,traversing_crosswalk,2021.08.24.17.37.11_veh-08_00770_01101,2021.08.24.17.37.11_veh-08_00770_01101/traversing_crosswalk/9eb3aa290fdd538c/sledge_raw.gz,vehicles,native_cache_directory,2,1,1,1,0,50,-49,4.082433700561523,,
9eb3aa290fdd538c,traversing_crosswalk,2021.08.24.17.37.11_veh-08_00770_01101,2021.08.24.17.37.11_veh-08_00770_01101/traversing_crosswalk/9eb3aa290fdd538c/sledge_raw.gz,pedestrians,native_cache_directory,0,0,0,0,0,20,-20,,,
9eb3aa290fdd538c,traversing_crosswalk,2021.08.24.17.37.11_veh-08_00770_01101,2021.08.24.17.37.11_veh-08_00770_01101/traversing_crosswalk/9eb3aa290fdd538c/sledge_raw.gz,static_objects,native_cache_directory,0,0,0,0,0,30,-30,,,
53c4926336805a52,traversing_crosswalk,2021.09.24.05.42.43_veh-53_00798_01869,2021.09.24.05.42.43_veh-53_00798_01869/traversing_crosswalk/53c4926336805a52/sledge_raw.gz,vehicles,native_cache_directory,4,1,1,3,0,50,-49,12.79103946685791,,
53c4926336805a52,traversing_crosswalk,2021.09.24.05.42.43_veh-53_00798_01869,2021.09.24.05.42.43_veh-53_00798_01869/traversing_crosswalk/53c4926336805a52/sledge_raw.gz,pedestrians,native_cache_directory,0,0,0,0,0,20,-20,,,
53c4926336805a52,traversing_crosswalk,2021.09.24.05.42.43_veh-53_00798_01869,2021.09.24.05.42.43_veh-53_00798_01869/traversing_crosswalk/53c4926336805a52/sledge_raw.gz,static_objects,native_cache_directory,1,0,0,1,0,30,-30,,,
765ad5f745fc55ce,traversing_crosswalk,2021.07.02.15.42.41_veh-38_06868_07675,2021.07.02.15.42.41_veh-38_06868_07675/traversing_crosswalk/765ad5f745fc55ce/sledge_raw.gz,vehicles,native_cache_directory,26,19,19,7,0,50,-31,37.80356216430664,,
765ad5f745fc55ce,traversing_crosswalk,2021.07.02.15.42.41_veh-38_06868_07675,2021.07.02.15.42.41_veh-38_06868_07675/traversing_crosswalk/765ad5f745fc55ce/sledge_raw.gz,pedestrians,native_cache_directory,29,26,20,3,6,20,6,28.680402755737305,29.8720760345459,1.1916732788085938
765ad5f745fc55ce,traversing_crosswalk,2021.07.02.15.42.41_veh-38_06868_07675,2021.07.02.15.42.41_veh-38_06868_07675/traversing_crosswalk/765ad5f745fc55ce/sledge_raw.gz,static_objects,native_cache_directory,38,13,13,25,0,30,-17,37.58199691772461,,
b7c6240df3b457c4,traversing_crosswalk,2021.07.09.23.35.52_veh-37_05190_06183,2021.07.09.23.35.52_veh-37_05190_06183/traversing_crosswalk/b7c6240df3b457c4/sledge_raw.gz,vehicles,native_cache_directory,39,27,27,12,0,50,-23,32.8050422668457,,
b7c6240df3b457c4,traversing_crosswalk,2021.07.09.23.35.52_veh-37_05190_06183,2021.07.09.23.35.52_veh-37_05190_06183/traversing_crosswalk/b7c6240df3b457c4/sledge_raw.gz,pedestrians,native_cache_directory,23,11,11,12,0,20,-9,40.386436462402344,,
b7c6240df3b457c4,traversing_crosswalk,2021.07.09.23.35.52_veh-37_05190_06183,2021.07.09.23.35.52_veh-37_05190_06183/traversing_crosswalk/b7c6240df3b457c4/sledge_raw.gz,static_objects,native_cache_directory,58,28,28,30,0,30,-2,31.361961364746094,,
6798fafcd78858cb,traversing_crosswalk,2021.09.13.14.16.34_veh-28_00363_00529,2021.09.13.14.16.34_veh-28_00363_00529/traversing_crosswalk/6798fafcd78858cb/sledge_raw.gz,vehicles,native_cache_directory,2,0,0,2,0,50,-50,,,
6798fafcd78858cb,traversing_crosswalk,2021.09.13.14.16.34_veh-28_00363_00529,2021.09.13.14.16.34_veh-28_00363_00529/traversing_crosswalk/6798fafcd78858cb/sledge_raw.gz,pedestrians,native_cache_directory,5,3,3,2,0,20,-17,35.41368865966797,,
6798fafcd78858cb,traversing_crosswalk,2021.09.13.14.16.34_veh-28_00363_00529,2021.09.13.14.16.34_veh-28_00363_00529/traversing_crosswalk/6798fafcd78858cb/sledge_raw.gz,static_objects,native_cache_directory,12,10,10,2,0,30,-20,22.02216911315918,,
b3e3dc2fad755ec3,traversing_crosswalk,2021.09.20.14.50.11_veh-08_00016_01146,2021.09.20.14.50.11_veh-08_00016_01146/traversing_crosswalk/b3e3dc2fad755ec3/sledge_raw.gz,vehicles,native_cache_directory,0,0,0,0,0,50,-50,,,
b3e3dc2fad755ec3,traversing_crosswalk,2021.09.20.14.50.11_veh-08_00016_01146,2021.09.20.14.50.11_veh-08_00016_01146/traversing_crosswalk/b3e3dc2fad755ec3/sledge_raw.gz,pedestrians,native_cache_directory,0,0,0,0,0,20,-20,,,
b3e3dc2fad755ec3,traversing_crosswalk,2021.09.20.14.50.11_veh-08_00016_01146,2021.09.20.14.50.11_veh-08_00016_01146/traversing_crosswalk/b3e3dc2fad755ec3/sledge_raw.gz,static_objects,native_cache_directory,0,0,0,0,0,30,-30,,,
3716be0462255194,traversing_crosswalk,2021.09.20.15.31.58_veh-28_01212_01373,2021.09.20.15.31.58_veh-28_01212_01373/traversing_crosswalk/3716be0462255194/sledge_raw.gz,vehicles,native_cache_directory,1,0,0,1,0,50,-50,,,
3716be0462255194,traversing_crosswalk,2021.09.20.15.31.58_veh-28_01212_01373,2021.09.20.15.31.58_veh-28_01212_01373/traversing_crosswalk/3716be0462255194/sledge_raw.gz,pedestrians,native_cache_directory,8,7,7,1,0,20,-13,35.88639450073242,,
3716be0462255194,traversing_crosswalk,2021.09.20.15.31.58_veh-28_01212_01373,2021.09.20.15.31.58_veh-28_01212_01373/traversing_crosswalk/3716be0462255194/sledge_raw.gz,static_objects,native_cache_directory,3,3,3,0,0,30,-27,26.437244415283203,,
335203af6dcb5245,traversing_crosswalk,2021.09.23.18.57.19_veh-45_00428_00826,2021.09.23.18.57.19_veh-45_00428_00826/traversing_crosswalk/335203af6dcb5245/sledge_raw.gz,vehicles,native_cache_directory,4,0,0,4,0,50,-50,,,
335203af6dcb5245,traversing_crosswalk,2021.09.23.18.57.19_veh-45_00428_00826,2021.09.23.18.57.19_veh-45_00428_00826/traversing_crosswalk/335203af6dcb5245/sledge_raw.gz,pedestrians,native_cache_directory,1,0,0,1,0,20,-20,,,
335203af6dcb5245,traversing_crosswalk,2021.09.23.18.57.19_veh-45_00428_00826,2021.09.23.18.57.19_veh-45_00428_00826/traversing_crosswalk/335203af6dcb5245/sledge_raw.gz,static_objects,native_cache_directory,4,3,3,1,0,30,-27,27.646324157714844,,
1ca3350981cf592c,traversing_crosswalk,2021.10.14.14.50.40_veh-28_00743_01037,2021.10.14.14.50.40_veh-28_00743_01037/traversing_crosswalk/1ca3350981cf592c/sledge_raw.gz,vehicles,native_cache_directory,16,8,8,8,0,50,-42,30.220623016357422,,
1ca3350981cf592c,traversing_crosswalk,2021.10.14.14.50.40_veh-28_00743_01037,2021.10.14.14.50.40_veh-28_00743_01037/traversing_crosswalk/1ca3350981cf592c/sledge_raw.gz,pedestrians,native_cache_directory,21,17,17,4,0,20,-3,39.033084869384766,,
1ca3350981cf592c,traversing_crosswalk,2021.10.14.14.50.40_veh-28_00743_01037,2021.10.14.14.50.40_veh-28_00743_01037/traversing_crosswalk/1ca3350981cf592c/sledge_raw.gz,static_objects,native_cache_directory,7,6,6,1,0,30,-24,35.847904205322266,,
891c1e8a872b5e36,traversing_crosswalk,2021.09.24.14.23.05_veh-45_02839_03207,2021.09.24.14.23.05_veh-45_02839_03207/traversing_crosswalk/891c1e8a872b5e36/sledge_raw.gz,vehicles,native_cache_directory,34,18,18,16,0,50,-32,32.80992126464844,,
891c1e8a872b5e36,traversing_crosswalk,2021.09.24.14.23.05_veh-45_02839_03207,2021.09.24.14.23.05_veh-45_02839_03207/traversing_crosswalk/891c1e8a872b5e36/sledge_raw.gz,pedestrians,native_cache_directory,1,1,1,0,0,20,-19,30.52728843688965,,
891c1e8a872b5e36,traversing_crosswalk,2021.09.24.14.23.05_veh-45_02839_03207,2021.09.24.14.23.05_veh-45_02839_03207/traversing_crosswalk/891c1e8a872b5e36/sledge_raw.gz,static_objects,native_cache_directory,0,0,0,0,0,30,-30,,,
83018d1c42325dde,traversing_crosswalk,2021.09.25.02.07.45_veh-53_01440_01731,2021.09.25.02.07.45_veh-53_01440_01731/traversing_crosswalk/83018d1c42325dde/sledge_raw.gz,vehicles,native_cache_directory,1,0,0,1,0,50,-50,,,
83018d1c42325dde,traversing_crosswalk,2021.09.25.02.07.45_veh-53_01440_01731,2021.09.25.02.07.45_veh-53_01440_01731/traversing_crosswalk/83018d1c42325dde/sledge_raw.gz,pedestrians,native_cache_directory,1,1,1,0,0,20,-19,33.825294494628906,,
83018d1c42325dde,traversing_crosswalk,2021.09.25.02.07.45_veh-53_01440_01731,2021.09.25.02.07.45_veh-53_01440_01731/traversing_crosswalk/83018d1c42325dde/sledge_raw.gz,static_objects,native_cache_directory,34,21,21,13,0,30,-9,34.55817413330078,,
cd45fd7726485dde,traversing_crosswalk,2021.09.10.07.30.47_veh-52_00767_01207,2021.09.10.07.30.47_veh-52_00767_01207/traversing_crosswalk/cd45fd7726485dde/sledge_raw.gz,vehicles,native_cache_directory,13,9,9,4,0,50,-41,37.3815803527832,,
cd45fd7726485dde,traversing_crosswalk,2021.09.10.07.30.47_veh-52_00767_01207,2021.09.10.07.30.47_veh-52_00767_01207/traversing_crosswalk/cd45fd7726485dde/sledge_raw.gz,pedestrians,native_cache_directory,8,4,4,4,0,20,-16,36.86433029174805,,
cd45fd7726485dde,traversing_crosswalk,2021.09.10.07.30.47_veh-52_00767_01207,2021.09.10.07.30.47_veh-52_00767_01207/traversing_crosswalk/cd45fd7726485dde/sledge_raw.gz,static_objects,native_cache_directory,1,0,0,1,0,30,-30,,,
7e8439ed71dc55b4,traversing_crosswalk,2021.09.10.06.56.28_veh-52_00797_01137,2021.09.10.06.56.28_veh-52_00797_01137/traversing_crosswalk/7e8439ed71dc55b4/sledge_raw.gz,vehicles,native_cache_directory,14,7,7,7,0,50,-43,33.39597702026367,,
7e8439ed71dc55b4,traversing_crosswalk,2021.09.10.06.56.28_veh-52_00797_01137,2021.09.10.06.56.28_veh-52_00797_01137/traversing_crosswalk/7e8439ed71dc55b4/sledge_raw.gz,pedestrians,native_cache_directory,1,0,0,1,0,20,-20,,,
7e8439ed71dc55b4,traversing_crosswalk,2021.09.10.06.56.28_veh-52_00797_01137,2021.09.10.06.56.28_veh-52_00797_01137/traversing_crosswalk/7e8439ed71dc55b4/sledge_raw.gz,static_objects,native_cache_directory,2,0,0,2,0,30,-30,,,
cb09b0ecd3c65dc5,traversing_crosswalk,2021.09.29.04.15.18_veh-49_00061_00719,2021.09.29.04.15.18_veh-49_00061_00719/traversing_crosswalk/cb09b0ecd3c65dc5/sledge_raw.gz,vehicles,native_cache_directory,0,0,0,0,0,50,-50,,,
cb09b0ecd3c65dc5,traversing_crosswalk,2021.09.29.04.15.18_veh-49_00061_00719,2021.09.29.04.15.18_veh-49_00061_00719/traversing_crosswalk/cb09b0ecd3c65dc5/sledge_raw.gz,pedestrians,native_cache_directory,6,5,5,1,0,20,-15,37.845645904541016,,
cb09b0ecd3c65dc5,traversing_crosswalk,2021.09.29.04.15.18_veh-49_00061_00719,2021.09.29.04.15.18_veh-49_00061_00719/traversing_crosswalk/cb09b0ecd3c65dc5/sledge_raw.gz,static_objects,native_cache_directory,2,1,1,1,0,30,-29,7.022198677062988,,
27c5e0785e985832,traversing_crosswalk,2021.06.10.17.22.51_veh-47_02140_02851,2021.06.10.17.22.51_veh-47_02140_02851/traversing_crosswalk/27c5e0785e985832/sledge_raw.gz,vehicles,native_cache_directory,7,1,1,6,0,50,-49,18.217632293701172,,
27c5e0785e985832,traversing_crosswalk,2021.06.10.17.22.51_veh-47_02140_02851,2021.06.10.17.22.51_veh-47_02140_02851/traversing_crosswalk/27c5e0785e985832/sledge_raw.gz,pedestrians,native_cache_directory,13,4,4,9,0,20,-16,29.302915573120117,,
27c5e0785e985832,traversing_crosswalk,2021.06.10.17.22.51_veh-47_02140_02851,2021.06.10.17.22.51_veh-47_02140_02851/traversing_crosswalk/27c5e0785e985832/sledge_raw.gz,static_objects,native_cache_directory,39,32,30,7,2,30,2,36.985355377197266,37.02357482910156,0.038219451904296875
a7dc2654d8b157c7,traversing_crosswalk,2021.10.08.17.19.32_veh-28_00028_00261,2021.10.08.17.19.32_veh-28_00028_00261/traversing_crosswalk/a7dc2654d8b157c7/sledge_raw.gz,vehicles,native_cache_directory,1,0,0,1,0,50,-50,,,
a7dc2654d8b157c7,traversing_crosswalk,2021.10.08.17.19.32_veh-28_00028_00261,2021.10.08.17.19.32_veh-28_00028_00261/traversing_crosswalk/a7dc2654d8b157c7/sledge_raw.gz,pedestrians,native_cache_directory,5,3,3,2,0,20,-17,18.68758773803711,,
a7dc2654d8b157c7,traversing_crosswalk,2021.10.08.17.19.32_veh-28_00028_00261,2021.10.08.17.19.32_veh-28_00028_00261/traversing_crosswalk/a7dc2654d8b157c7/sledge_raw.gz,static_objects,native_cache_directory,16,5,5,11,0,30,-25,18.25644302368164,,
83f20585fd0a5cd1,traversing_crosswalk,2021.09.02.07.47.07_veh-51_00016_00234,2021.09.02.07.47.07_veh-51_00016_00234/traversing_crosswalk/83f20585fd0a5cd1/sledge_raw.gz,vehicles,native_cache_directory,3,3,3,0,0,50,-47,30.40170669555664,,
83f20585fd0a5cd1,traversing_crosswalk,2021.09.02.07.47.07_veh-51_00016_00234,2021.09.02.07.47.07_veh-51_00016_00234/traversing_crosswalk/83f20585fd0a5cd1/sledge_raw.gz,pedestrians,native_cache_directory,0,0,0,0,0,20,-20,,,
83f20585fd0a5cd1,traversing_crosswalk,2021.09.02.07.47.07_veh-51_00016_00234,2021.09.02.07.47.07_veh-51_00016_00234/traversing_crosswalk/83f20585fd0a5cd1/sledge_raw.gz,static_objects,native_cache_directory,0,0,0,0,0,30,-30,,,
df0a2096a8115e45,traversing_crosswalk,2021.10.04.15.05.57_veh-28_00628_01009,2021.10.04.15.05.57_veh-28_00628_01009/traversing_crosswalk/df0a2096a8115e45/sledge_raw.gz,vehicles,native_cache_directory,13,4,4,9,0,50,-46,31.566774368286133,,
df0a2096a8115e45,traversing_crosswalk,2021.10.04.15.05.57_veh-28_00628_01009,2021.10.04.15.05.57_veh-28_00628_01009/traversing_crosswalk/df0a2096a8115e45/sledge_raw.gz,pedestrians,native_cache_directory,4,2,2,2,0,20,-18,19.754535675048828,,
df0a2096a8115e45,traversing_crosswalk,2021.10.04.15.05.57_veh-28_00628_01009,2021.10.04.15.05.57_veh-28_00628_01009/traversing_crosswalk/df0a2096a8115e45/sledge_raw.gz,static_objects,native_cache_directory,19,15,15,4,0,30,-15,34.75062942504883,,
12549d02ab4c5592,traversing_crosswalk,2021.06.11.12.18.41_veh-38_00830_01561,2021.06.11.12.18.41_veh-38_00830_01561/traversing_crosswalk/12549d02ab4c5592/sledge_raw.gz,vehicles,native_cache_directory,6,2,2,4,0,50,-48,29.124977111816406,,
12549d02ab4c5592,traversing_crosswalk,2021.06.11.12.18.41_veh-38_00830_01561,2021.06.11.12.18.41_veh-38_00830_01561/traversing_crosswalk/12549d02ab4c5592/sledge_raw.gz,pedestrians,native_cache_directory,9,2,2,7,0,20,-18,27.00861930847168,,
12549d02ab4c5592,traversing_crosswalk,2021.06.11.12.18.41_veh-38_00830_01561,2021.06.11.12.18.41_veh-38_00830_01561/traversing_crosswalk/12549d02ab4c5592/sledge_raw.gz,static_objects,native_cache_directory,48,30,30,18,0,30,0,31.52909278869629,,
838d634bda1e5d6a,traversing_crosswalk,2021.09.29.06.23.05_veh-49_00190_00627,2021.09.29.06.23.05_veh-49_00190_00627/traversing_crosswalk/838d634bda1e5d6a/sledge_raw.gz,vehicles,native_cache_directory,20,13,13,7,0,50,-37,39.99422073364258,,
838d634bda1e5d6a,traversing_crosswalk,2021.09.29.06.23.05_veh-49_00190_00627,2021.09.29.06.23.05_veh-49_00190_00627/traversing_crosswalk/838d634bda1e5d6a/sledge_raw.gz,pedestrians,native_cache_directory,3,3,3,0,0,20,-17,5.34351921081543,,
838d634bda1e5d6a,traversing_crosswalk,2021.09.29.06.23.05_veh-49_00190_00627,2021.09.29.06.23.05_veh-49_00190_00627/traversing_crosswalk/838d634bda1e5d6a/sledge_raw.gz,static_objects,native_cache_directory,0,0,0,0,0,30,-30,,,
cfd89c7d60585113,traversing_crosswalk,2021.06.11.18.42.43_veh-38_04081_04409,2021.06.11.18.42.43_veh-38_04081_04409/traversing_crosswalk/cfd89c7d60585113/sledge_raw.gz,vehicles,native_cache_directory,41,24,24,17,0,50,-26,31.61316680908203,,
cfd89c7d60585113,traversing_crosswalk,2021.06.11.18.42.43_veh-38_04081_04409,2021.06.11.18.42.43_veh-38_04081_04409/traversing_crosswalk/cfd89c7d60585113/sledge_raw.gz,pedestrians,native_cache_directory,1,1,1,0,0,20,-19,20.82805824279785,,
cfd89c7d60585113,traversing_crosswalk,2021.06.11.18.42.43_veh-38_04081_04409,2021.06.11.18.42.43_veh-38_04081_04409/traversing_crosswalk/cfd89c7d60585113/sledge_raw.gz,static_objects,native_cache_directory,48,33,30,15,3,30,3,31.185251235961914,35.80927276611328,4.624021530151367
116252f0e3515180,traversing_crosswalk,2021.09.28.08.05.03_veh-53_01952_02298,2021.09.28.08.05.03_veh-53_01952_02298/traversing_crosswalk/116252f0e3515180/sledge_raw.gz,vehicles,native_cache_directory,16,7,7,9,0,50,-43,40.8480339050293,,
116252f0e3515180,traversing_crosswalk,2021.09.28.08.05.03_veh-53_01952_02298,2021.09.28.08.05.03_veh-53_01952_02298/traversing_crosswalk/116252f0e3515180/sledge_raw.gz,pedestrians,native_cache_directory,2,2,2,0,0,20,-18,9.199113845825195,,
116252f0e3515180,traversing_crosswalk,2021.09.28.08.05.03_veh-53_01952_02298,2021.09.28.08.05.03_veh-53_01952_02298/traversing_crosswalk/116252f0e3515180/sledge_raw.gz,static_objects,native_cache_directory,0,0,0,0,0,30,-30,,,
fe7e24ace398541f,traversing_crosswalk,2021.09.03.18.32.35_veh-39_00559_01142,2021.09.03.18.32.35_veh-39_00559_01142/traversing_crosswalk/fe7e24ace398541f/sledge_raw.gz,vehicles,native_cache_directory,9,3,3,6,0,50,-47,30.287025451660156,,
fe7e24ace398541f,traversing_crosswalk,2021.09.03.18.32.35_veh-39_00559_01142,2021.09.03.18.32.35_veh-39_00559_01142/traversing_crosswalk/fe7e24ace398541f/sledge_raw.gz,pedestrians,native_cache_directory,34,10,10,24,0,20,-10,28.360307693481445,,
fe7e24ace398541f,traversing_crosswalk,2021.09.03.18.32.35_veh-39_00559_01142,2021.09.03.18.32.35_veh-39_00559_01142/traversing_crosswalk/fe7e24ace398541f/sledge_raw.gz,static_objects,native_cache_directory,8,6,6,2,0,30,-24,29.651012420654297,,
39e840b2442a50e2,traversing_crosswalk,2021.09.29.05.35.05_veh-50_00570_01123,2021.09.29.05.35.05_veh-50_00570_01123/traversing_crosswalk/39e840b2442a50e2/sledge_raw.gz,vehicles,native_cache_directory,4,2,2,2,0,50,-48,28.51366424560547,,
39e840b2442a50e2,traversing_crosswalk,2021.09.29.05.35.05_veh-50_00570_01123,2021.09.29.05.35.05_veh-50_00570_01123/traversing_crosswalk/39e840b2442a50e2/sledge_raw.gz,pedestrians,native_cache_directory,1,1,1,0,0,20,-19,33.48526382446289,,
39e840b2442a50e2,traversing_crosswalk,2021.09.29.05.35.05_veh-50_00570_01123,2021.09.29.05.35.05_veh-50_00570_01123/traversing_crosswalk/39e840b2442a50e2/sledge_raw.gz,static_objects,native_cache_directory,0,0,0,0,0,30,-30,,,
a959028f3fea5944,traversing_crosswalk,2021.10.11.07.47.13_veh-50_01513_02138,2021.10.11.07.47.13_veh-50_01513_02138/traversing_crosswalk/a959028f3fea5944/sledge_raw.gz,vehicles,native_cache_directory,5,1,1,4,0,50,-49,30.228031158447266,,
a959028f3fea5944,traversing_crosswalk,2021.10.11.07.47.13_veh-50_01513_02138,2021.10.11.07.47.13_veh-50_01513_02138/traversing_crosswalk/a959028f3fea5944/sledge_raw.gz,pedestrians,native_cache_directory,0,0,0,0,0,20,-20,,,
a959028f3fea5944,traversing_crosswalk,2021.10.11.07.47.13_veh-50_01513_02138,2021.10.11.07.47.13_veh-50_01513_02138/traversing_crosswalk/a959028f3fea5944/sledge_raw.gz,static_objects,native_cache_directory,0,0,0,0,0,30,-30,,,
28f2bdc177225769,traversing_crosswalk,2021.09.10.08.00.27_veh-51_01315_01711,2021.09.10.08.00.27_veh-51_01315_01711/traversing_crosswalk/28f2bdc177225769/sledge_raw.gz,vehicles,native_cache_directory,24,10,10,14,0,50,-40,30.466854095458984,,
28f2bdc177225769,traversing_crosswalk,2021.09.10.08.00.27_veh-51_01315_01711,2021.09.10.08.00.27_veh-51_01315_01711/traversing_crosswalk/28f2bdc177225769/sledge_raw.gz,pedestrians,native_cache_directory,3,3,3,0,0,20,-17,36.04574203491211,,
28f2bdc177225769,traversing_crosswalk,2021.09.10.08.00.27_veh-51_01315_01711,2021.09.10.08.00.27_veh-51_01315_01711/traversing_crosswalk/28f2bdc177225769/sledge_raw.gz,static_objects,native_cache_directory,0,0,0,0,0,30,-30,,,
77f55b8e1ee55bc2,traversing_crosswalk,2021.09.14.19.35.02_veh-39_01302_01657,2021.09.14.19.35.02_veh-39_01302_01657/traversing_crosswalk/77f55b8e1ee55bc2/sledge_raw.gz,vehicles,native_cache_directory,15,9,9,6,0,50,-41,37.68769073486328,,
77f55b8e1ee55bc2,traversing_crosswalk,2021.09.14.19.35.02_veh-39_01302_01657,2021.09.14.19.35.02_veh-39_01302_01657/traversing_crosswalk/77f55b8e1ee55bc2/sledge_raw.gz,pedestrians,native_cache_directory,9,7,7,2,0,20,-13,35.234840393066406,,
77f55b8e1ee55bc2,traversing_crosswalk,2021.09.14.19.35.02_veh-39_01302_01657,2021.09.14.19.35.02_veh-39_01302_01657/traversing_crosswalk/77f55b8e1ee55bc2/sledge_raw.gz,static_objects,native_cache_directory,5,3,3,2,0,30,-27,32.3405876159668,,
9c3cebc409dc5226,traversing_crosswalk,2021.09.15.15.02.19_veh-39_01107_01666,2021.09.15.15.02.19_veh-39_01107_01666/traversing_crosswalk/9c3cebc409dc5226/sledge_raw.gz,vehicles,native_cache_directory,10,2,2,8,0,50,-48,17.230764389038086,,
9c3cebc409dc5226,traversing_crosswalk,2021.09.15.15.02.19_veh-39_01107_01666,2021.09.15.15.02.19_veh-39_01107_01666/traversing_crosswalk/9c3cebc409dc5226/sledge_raw.gz,pedestrians,native_cache_directory,10,7,7,3,0,20,-13,33.758811950683594,,
9c3cebc409dc5226,traversing_crosswalk,2021.09.15.15.02.19_veh-39_01107_01666,2021.09.15.15.02.19_veh-39_01107_01666/traversing_crosswalk/9c3cebc409dc5226/sledge_raw.gz,static_objects,native_cache_directory,7,6,6,1,0,30,-24,32.927181243896484,,
467a1cd500515cd4,traversing_crosswalk,2021.09.07.15.28.24_veh-40_00582_01059,2021.09.07.15.28.24_veh-40_00582_01059/traversing_crosswalk/467a1cd500515cd4/sledge_raw.gz,vehicles,native_cache_directory,17,8,8,9,0,50,-42,29.291240692138672,,
467a1cd500515cd4,traversing_crosswalk,2021.09.07.15.28.24_veh-40_00582_01059,2021.09.07.15.28.24_veh-40_00582_01059/traversing_crosswalk/467a1cd500515cd4/sledge_raw.gz,pedestrians,native_cache_directory,7,5,5,2,0,20,-15,30.001747131347656,,
467a1cd500515cd4,traversing_crosswalk,2021.09.07.15.28.24_veh-40_00582_01059,2021.09.07.15.28.24_veh-40_00582_01059/traversing_crosswalk/467a1cd500515cd4/sledge_raw.gz,static_objects,native_cache_directory,1,1,1,0,0,30,-29,15.515992164611816,,
f17da18c001a5169,traversing_crosswalk,2021.09.15.15.34.53_veh-28_00512_01084,2021.09.15.15.34.53_veh-28_00512_01084/traversing_crosswalk/f17da18c001a5169/sledge_raw.gz,vehicles,native_cache_directory,14,5,5,9,0,50,-45,27.52834701538086,,
f17da18c001a5169,traversing_crosswalk,2021.09.15.15.34.53_veh-28_00512_01084,2021.09.15.15.34.53_veh-28_00512_01084/traversing_crosswalk/f17da18c001a5169/sledge_raw.gz,pedestrians,native_cache_directory,6,4,4,2,0,20,-16,23.561641693115234,,
f17da18c001a5169,traversing_crosswalk,2021.09.15.15.34.53_veh-28_00512_01084,2021.09.15.15.34.53_veh-28_00512_01084/traversing_crosswalk/f17da18c001a5169/sledge_raw.gz,static_objects,native_cache_directory,4,4,4,0,0,30,-26,16.42804527282715,,
18cd981e574e5c29,traversing_crosswalk,2021.06.04.17.09.53_veh-47_01991_02296,2021.06.04.17.09.53_veh-47_01991_02296/traversing_crosswalk/18cd981e574e5c29/sledge_raw.gz,vehicles,native_cache_directory,40,24,24,16,0,50,-26,35.53929138183594,,
18cd981e574e5c29,traversing_crosswalk,2021.06.04.17.09.53_veh-47_01991_02296,2021.06.04.17.09.53_veh-47_01991_02296/traversing_crosswalk/18cd981e574e5c29/sledge_raw.gz,pedestrians,native_cache_directory,5,0,0,5,0,20,-20,,,
18cd981e574e5c29,traversing_crosswalk,2021.06.04.17.09.53_veh-47_01991_02296,2021.06.04.17.09.53_veh-47_01991_02296/traversing_crosswalk/18cd981e574e5c29/sledge_raw.gz,static_objects,native_cache_directory,1,1,1,0,0,30,-29,19.775850296020508,,
b4fc4b6d813a58e2,traversing_crosswalk,2021.07.23.18.59.02_veh-12_01890_03984,2021.07.23.18.59.02_veh-12_01890_03984/traversing_crosswalk/b4fc4b6d813a58e2/sledge_raw.gz,vehicles,native_cache_directory,18,10,10,8,0,50,-40,34.15855407714844,,
b4fc4b6d813a58e2,traversing_crosswalk,2021.07.23.18.59.02_veh-12_01890_03984,2021.07.23.18.59.02_veh-12_01890_03984/traversing_crosswalk/b4fc4b6d813a58e2/sledge_raw.gz,pedestrians,native_cache_directory,85,60,20,25,40,20,40,22.294565200805664,22.452619552612305,0.15805435180664062
b4fc4b6d813a58e2,traversing_crosswalk,2021.07.23.18.59.02_veh-12_01890_03984,2021.07.23.18.59.02_veh-12_01890_03984/traversing_crosswalk/b4fc4b6d813a58e2/sledge_raw.gz,static_objects,native_cache_directory,112,81,30,31,51,30,51,18.432104110717773,20.082998275756836,1.6508941650390625
3926eacba96c5b5f,traversing_crosswalk,2021.06.10.12.48.14_veh-16_03086_03482,2021.06.10.12.48.14_veh-16_03086_03482/traversing_crosswalk/3926eacba96c5b5f/sledge_raw.gz,vehicles,native_cache_directory,16,5,5,11,0,50,-45,20.73151969909668,,
3926eacba96c5b5f,traversing_crosswalk,2021.06.10.12.48.14_veh-16_03086_03482,2021.06.10.12.48.14_veh-16_03086_03482/traversing_crosswalk/3926eacba96c5b5f/sledge_raw.gz,pedestrians,native_cache_directory,13,0,0,13,0,20,-20,,,
3926eacba96c5b5f,traversing_crosswalk,2021.06.10.12.48.14_veh-16_03086_03482,2021.06.10.12.48.14_veh-16_03086_03482/traversing_crosswalk/3926eacba96c5b5f/sledge_raw.gz,static_objects,native_cache_directory,28,16,16,12,0,30,-14,37.193111419677734,,
d532add734a159a4,traversing_crosswalk,2021.09.30.02.45.10_veh-50_01204_01547,2021.09.30.02.45.10_veh-50_01204_01547/traversing_crosswalk/d532add734a159a4/sledge_raw.gz,vehicles,native_cache_directory,2,1,1,1,0,50,-49,32.31393051147461,,
d532add734a159a4,traversing_crosswalk,2021.09.30.02.45.10_veh-50_01204_01547,2021.09.30.02.45.10_veh-50_01204_01547/traversing_crosswalk/d532add734a159a4/sledge_raw.gz,pedestrians,native_cache_directory,5,1,1,4,0,20,-19,8.962127685546875,,
d532add734a159a4,traversing_crosswalk,2021.09.30.02.45.10_veh-50_01204_01547,2021.09.30.02.45.10_veh-50_01204_01547/traversing_crosswalk/d532add734a159a4/sledge_raw.gz,static_objects,native_cache_directory,0,0,0,0,0,30,-30,,,
02715183e8bf5410,traversing_crosswalk,2021.10.20.17.36.18_veh-28_00267_00482,2021.10.20.17.36.18_veh-28_00267_00482/traversing_crosswalk/02715183e8bf5410/sledge_raw.gz,vehicles,native_cache_directory,8,4,4,4,0,50,-46,31.281330108642578,,
02715183e8bf5410,traversing_crosswalk,2021.10.20.17.36.18_veh-28_00267_00482,2021.10.20.17.36.18_veh-28_00267_00482/traversing_crosswalk/02715183e8bf5410/sledge_raw.gz,pedestrians,native_cache_directory,17,10,10,7,0,20,-10,30.835514068603516,,
02715183e8bf5410,traversing_crosswalk,2021.10.20.17.36.18_veh-28_00267_00482,2021.10.20.17.36.18_veh-28_00267_00482/traversing_crosswalk/02715183e8bf5410/sledge_raw.gz,static_objects,native_cache_directory,53,32,30,21,2,30,2,29.648298263549805,30.055185317993164,0.4068870544433594
9bc95411ff97538d,traversing_crosswalk,2021.06.17.11.59.07_veh-38_02369_03098,2021.06.17.11.59.07_veh-38_02369_03098/traversing_crosswalk/9bc95411ff97538d/sledge_raw.gz,vehicles,native_cache_directory,16,7,7,9,0,50,-43,28.907760620117188,,
9bc95411ff97538d,traversing_crosswalk,2021.06.17.11.59.07_veh-38_02369_03098,2021.06.17.11.59.07_veh-38_02369_03098/traversing_crosswalk/9bc95411ff97538d/sledge_raw.gz,pedestrians,native_cache_directory,42,20,20,22,0,20,0,39.16294860839844,,
9bc95411ff97538d,traversing_crosswalk,2021.06.17.11.59.07_veh-38_02369_03098,2021.06.17.11.59.07_veh-38_02369_03098/traversing_crosswalk/9bc95411ff97538d/sledge_raw.gz,static_objects,native_cache_directory,104,79,30,25,49,30,49,18.38243865966797,20.08234405517578,1.6999053955078125
42b9142607475820,traversing_crosswalk,2021.09.15.13.52.55_veh-39_00371_00631,2021.09.15.13.52.55_veh-39_00371_00631/traversing_crosswalk/42b9142607475820/sledge_raw.gz,vehicles,native_cache_directory,11,6,6,5,0,50,-44,27.64246940612793,,
42b9142607475820,traversing_crosswalk,2021.09.15.13.52.55_veh-39_00371_00631,2021.09.15.13.52.55_veh-39_00371_00631/traversing_crosswalk/42b9142607475820/sledge_raw.gz,pedestrians,native_cache_directory,2,2,2,0,0,20,-18,26.57196807861328,,
42b9142607475820,traversing_crosswalk,2021.09.15.13.52.55_veh-39_00371_00631,2021.09.15.13.52.55_veh-39_00371_00631/traversing_crosswalk/42b9142607475820/sledge_raw.gz,static_objects,native_cache_directory,0,0,0,0,0,30,-30,,,
b1557245d0845fc0,traversing_crosswalk,2021.09.07.15.28.24_veh-40_00160_00361,2021.09.07.15.28.24_veh-40_00160_00361/traversing_crosswalk/b1557245d0845fc0/sledge_raw.gz,vehicles,native_cache_directory,3,1,1,2,0,50,-49,32.21707534790039,,
b1557245d0845fc0,traversing_crosswalk,2021.09.07.15.28.24_veh-40_00160_00361,2021.09.07.15.28.24_veh-40_00160_00361/traversing_crosswalk/b1557245d0845fc0/sledge_raw.gz,pedestrians,native_cache_directory,2,0,0,2,0,20,-20,,,
b1557245d0845fc0,traversing_crosswalk,2021.09.07.15.28.24_veh-40_00160_00361,2021.09.07.15.28.24_veh-40_00160_00361/traversing_crosswalk/b1557245d0845fc0/sledge_raw.gz,static_objects,native_cache_directory,2,1,1,1,0,30,-29,16.685670852661133,,
503417b7bde45058,traversing_crosswalk,2021.09.21.17.53.12_veh-08_01885_02099,2021.09.21.17.53.12_veh-08_01885_02099/traversing_crosswalk/503417b7bde45058/sledge_raw.gz,vehicles,native_cache_directory,1,1,1,0,0,50,-49,22.730785369873047,,
503417b7bde45058,traversing_crosswalk,2021.09.21.17.53.12_veh-08_01885_02099,2021.09.21.17.53.12_veh-08_01885_02099/traversing_crosswalk/503417b7bde45058/sledge_raw.gz,pedestrians,native_cache_directory,0,0,0,0,0,20,-20,,,
503417b7bde45058,traversing_crosswalk,2021.09.21.17.53.12_veh-08_01885_02099,2021.09.21.17.53.12_veh-08_01885_02099/traversing_crosswalk/503417b7bde45058/sledge_raw.gz,static_objects,native_cache_directory,6,4,4,2,0,30,-26,32.396331787109375,,
f906b4841ef7557c,traversing_crosswalk,2021.07.16.16.01.30_veh-38_00356_02486,2021.07.16.16.01.30_veh-38_00356_02486/traversing_crosswalk/f906b4841ef7557c/sledge_raw.gz,vehicles,native_cache_directory,18,5,5,13,0,50,-45,32.844932556152344,,
f906b4841ef7557c,traversing_crosswalk,2021.07.16.16.01.30_veh-38_00356_02486,2021.07.16.16.01.30_veh-38_00356_02486/traversing_crosswalk/f906b4841ef7557c/sledge_raw.gz,pedestrians,native_cache_directory,31,8,8,23,0,20,-12,29.098234176635742,,
f906b4841ef7557c,traversing_crosswalk,2021.07.16.16.01.30_veh-38_00356_02486,2021.07.16.16.01.30_veh-38_00356_02486/traversing_crosswalk/f906b4841ef7557c/sledge_raw.gz,static_objects,native_cache_directory,129,59,30,70,29,30,29,21.40908432006836,21.801000595092773,0.39191627502441406
dc834a33c0745b39,traversing_crosswalk,2021.08.23.16.32.43_veh-45_00229_00620,2021.08.23.16.32.43_veh-45_00229_00620/traversing_crosswalk/dc834a33c0745b39/sledge_raw.gz,vehicles,native_cache_directory,9,0,0,9,0,50,-50,,,
dc834a33c0745b39,traversing_crosswalk,2021.08.23.16.32.43_veh-45_00229_00620,2021.08.23.16.32.43_veh-45_00229_00620/traversing_crosswalk/dc834a33c0745b39/sledge_raw.gz,pedestrians,native_cache_directory,5,1,1,4,0,20,-19,39.49386978149414,,
dc834a33c0745b39,traversing_crosswalk,2021.08.23.16.32.43_veh-45_00229_00620,2021.08.23.16.32.43_veh-45_00229_00620/traversing_crosswalk/dc834a33c0745b39/sledge_raw.gz,static_objects,native_cache_directory,5,2,2,3,0,30,-28,9.618208885192871,,
5d24c11722ae5e90,traversing_crosswalk,2021.09.28.06.03.19_veh-49_00956_01430,2021.09.28.06.03.19_veh-49_00956_01430/traversing_crosswalk/5d24c11722ae5e90/sledge_raw.gz,vehicles,native_cache_directory,1,0,0,1,0,50,-50,,,
5d24c11722ae5e90,traversing_crosswalk,2021.09.28.06.03.19_veh-49_00956_01430,2021.09.28.06.03.19_veh-49_00956_01430/traversing_crosswalk/5d24c11722ae5e90/sledge_raw.gz,pedestrians,native_cache_directory,0,0,0,0,0,20,-20,,,
5d24c11722ae5e90,traversing_crosswalk,2021.09.28.06.03.19_veh-49_00956_01430,2021.09.28.06.03.19_veh-49_00956_01430/traversing_crosswalk/5d24c11722ae5e90/sledge_raw.gz,static_objects,native_cache_directory,0,0,0,0,0,30,-30,,,
a51edc0d66985d60,traversing_crosswalk,2021.09.15.14.27.22_veh-39_00038_00414,2021.09.15.14.27.22_veh-39_00038_00414/traversing_crosswalk/a51edc0d66985d60/sledge_raw.gz,vehicles,native_cache_directory,2,0,0,2,0,50,-50,,,
a51edc0d66985d60,traversing_crosswalk,2021.09.15.14.27.22_veh-39_00038_00414,2021.09.15.14.27.22_veh-39_00038_00414/traversing_crosswalk/a51edc0d66985d60/sledge_raw.gz,pedestrians,native_cache_directory,1,0,0,1,0,20,-20,,,
a51edc0d66985d60,traversing_crosswalk,2021.09.15.14.27.22_veh-39_00038_00414,2021.09.15.14.27.22_veh-39_00038_00414/traversing_crosswalk/a51edc0d66985d60/sledge_raw.gz,static_objects,native_cache_directory,7,5,5,2,0,30,-25,37.08209991455078,,
cbe99882f5b359ea,traversing_crosswalk,2021.07.21.00.57.59_veh-47_02685_03635,2021.07.21.00.57.59_veh-47_02685_03635/traversing_crosswalk/cbe99882f5b359ea/sledge_raw.gz,vehicles,native_cache_directory,18,4,4,14,0,50,-46,25.852468490600586,,
cbe99882f5b359ea,traversing_crosswalk,2021.07.21.00.57.59_veh-47_02685_03635,2021.07.21.00.57.59_veh-47_02685_03635/traversing_crosswalk/cbe99882f5b359ea/sledge_raw.gz,pedestrians,native_cache_directory,49,38,20,11,18,20,18,17.23967742919922,17.862396240234375,0.6227188110351562
cbe99882f5b359ea,traversing_crosswalk,2021.07.21.00.57.59_veh-47_02685_03635,2021.07.21.00.57.59_veh-47_02685_03635/traversing_crosswalk/cbe99882f5b359ea/sledge_raw.gz,static_objects,native_cache_directory,62,34,30,28,4,30,4,31.830801010131836,33.068180084228516,1.2373790740966797
e9de31f5163c5071,traversing_crosswalk,2021.06.24.14.26.26_veh-35_00101_00848,2021.06.24.14.26.26_veh-35_00101_00848/traversing_crosswalk/e9de31f5163c5071/sledge_raw.gz,vehicles,native_cache_directory,5,2,2,3,0,50,-48,31.322744369506836,,
e9de31f5163c5071,traversing_crosswalk,2021.06.24.14.26.26_veh-35_00101_00848,2021.06.24.14.26.26_veh-35_00101_00848/traversing_crosswalk/e9de31f5163c5071/sledge_raw.gz,pedestrians,native_cache_directory,12,6,6,6,0,20,-14,41.4581184387207,,
e9de31f5163c5071,traversing_crosswalk,2021.06.24.14.26.26_veh-35_00101_00848,2021.06.24.14.26.26_veh-35_00101_00848/traversing_crosswalk/e9de31f5163c5071/sledge_raw.gz,static_objects,native_cache_directory,121,83,30,38,53,30,53,16.699853897094727,17.57135009765625,0.8714962005615234
8563b7715d565faa,traversing_crosswalk,2021.10.21.14.43.30_veh-28_02383_02657,2021.10.21.14.43.30_veh-28_02383_02657/traversing_crosswalk/8563b7715d565faa/sledge_raw.gz,vehicles,native_cache_directory,4,4,4,0,0,50,-46,25.31818199157715,,
8563b7715d565faa,traversing_crosswalk,2021.10.21.14.43.30_veh-28_02383_02657,2021.10.21.14.43.30_veh-28_02383_02657/traversing_crosswalk/8563b7715d565faa/sledge_raw.gz,pedestrians,native_cache_directory,0,0,0,0,0,20,-20,,,
8563b7715d565faa,traversing_crosswalk,2021.10.21.14.43.30_veh-28_02383_02657,2021.10.21.14.43.30_veh-28_02383_02657/traversing_crosswalk/8563b7715d565faa/sledge_raw.gz,static_objects,native_cache_directory,2,1,1,1,0,30,-29,9.048116683959961,,
b974e109c16f5494,traversing_crosswalk,2021.07.06.21.23.39_veh-35_00017_02448,2021.07.06.21.23.39_veh-35_00017_02448/traversing_crosswalk/b974e109c16f5494/sledge_raw.gz,vehicles,native_cache_directory,7,3,3,4,0,50,-47,28.871572494506836,,
b974e109c16f5494,traversing_crosswalk,2021.07.06.21.23.39_veh-35_00017_02448,2021.07.06.21.23.39_veh-35_00017_02448/traversing_crosswalk/b974e109c16f5494/sledge_raw.gz,pedestrians,native_cache_directory,15,2,2,13,0,20,-18,25.320585250854492,,
b974e109c16f5494,traversing_crosswalk,2021.07.06.21.23.39_veh-35_00017_02448,2021.07.06.21.23.39_veh-35_00017_02448/traversing_crosswalk/b974e109c16f5494/sledge_raw.gz,static_objects,native_cache_directory,47,35,30,12,5,30,5,27.582319259643555,29.109830856323242,1.5275115966796875
e159e617c45f59a0,traversing_crosswalk,2021.10.05.17.48.44_veh-28_01304_01652,2021.10.05.17.48.44_veh-28_01304_01652/traversing_crosswalk/e159e617c45f59a0/sledge_raw.gz,vehicles,native_cache_directory,6,2,2,4,0,50,-48,24.522056579589844,,
e159e617c45f59a0,traversing_crosswalk,2021.10.05.17.48.44_veh-28_01304_01652,2021.10.05.17.48.44_veh-28_01304_01652/traversing_crosswalk/e159e617c45f59a0/sledge_raw.gz,pedestrians,native_cache_directory,0,0,0,0,0,20,-20,,,
e159e617c45f59a0,traversing_crosswalk,2021.10.05.17.48.44_veh-28_01304_01652,2021.10.05.17.48.44_veh-28_01304_01652/traversing_crosswalk/e159e617c45f59a0/sledge_raw.gz,static_objects,native_cache_directory,2,0,0,2,0,30,-30,,,
24f63b4ba1e35eb1,traversing_crosswalk,2021.09.10.17.26.51_veh-39_00016_00215,2021.09.10.17.26.51_veh-39_00016_00215/traversing_crosswalk/24f63b4ba1e35eb1/sledge_raw.gz,vehicles,native_cache_directory,6,0,0,6,0,50,-50,,,
24f63b4ba1e35eb1,traversing_crosswalk,2021.09.10.17.26.51_veh-39_00016_00215,2021.09.10.17.26.51_veh-39_00016_00215/traversing_crosswalk/24f63b4ba1e35eb1/sledge_raw.gz,pedestrians,native_cache_directory,4,0,0,4,0,20,-20,,,
24f63b4ba1e35eb1,traversing_crosswalk,2021.09.10.17.26.51_veh-39_00016_00215,2021.09.10.17.26.51_veh-39_00016_00215/traversing_crosswalk/24f63b4ba1e35eb1/sledge_raw.gz,static_objects,native_cache_directory,6,4,4,2,0,30,-26,26.881793975830078,,
66b8026f9f9d56cd,traversing_crosswalk,2021.05.26.17.13.21_veh-25_00071_00302,2021.05.26.17.13.21_veh-25_00071_00302/traversing_crosswalk/66b8026f9f9d56cd/sledge_raw.gz,vehicles,native_cache_directory,11,1,1,10,0,50,-49,40.165950775146484,,
66b8026f9f9d56cd,traversing_crosswalk,2021.05.26.17.13.21_veh-25_00071_00302,2021.05.26.17.13.21_veh-25_00071_00302/traversing_crosswalk/66b8026f9f9d56cd/sledge_raw.gz,pedestrians,native_cache_directory,2,2,2,0,0,20,-18,19.02914047241211,,
66b8026f9f9d56cd,traversing_crosswalk,2021.05.26.17.13.21_veh-25_00071_00302,2021.05.26.17.13.21_veh-25_00071_00302/traversing_crosswalk/66b8026f9f9d56cd/sledge_raw.gz,static_objects,native_cache_directory,150,47,30,103,17,30,17,21.09297752380371,21.718088150024414,0.6251106262207031
1a062fe841c85c13,traversing_crosswalk,2021.05.19.12.10.11_veh-25_00067_00939,2021.05.19.12.10.11_veh-25_00067_00939/traversing_crosswalk/1a062fe841c85c13/sledge_raw.gz,vehicles,native_cache_directory,5,1,1,4,0,50,-49,20.62276840209961,,
1a062fe841c85c13,traversing_crosswalk,2021.05.19.12.10.11_veh-25_00067_00939,2021.05.19.12.10.11_veh-25_00067_00939/traversing_crosswalk/1a062fe841c85c13/sledge_raw.gz,pedestrians,native_cache_directory,3,1,1,2,0,20,-19,21.21158790588379,,
1a062fe841c85c13,traversing_crosswalk,2021.05.19.12.10.11_veh-25_00067_00939,2021.05.19.12.10.11_veh-25_00067_00939/traversing_crosswalk/1a062fe841c85c13/sledge_raw.gz,static_objects,native_cache_directory,53,14,14,39,0,30,-16,33.118568420410156,,
8a670dbea03f5ce1,traversing_crosswalk,2021.09.14.02.25.16_veh-51_01283_01762,2021.09.14.02.25.16_veh-51_01283_01762/traversing_crosswalk/8a670dbea03f5ce1/sledge_raw.gz,vehicles,native_cache_directory,0,0,0,0,0,50,-50,,,
8a670dbea03f5ce1,traversing_crosswalk,2021.09.14.02.25.16_veh-51_01283_01762,2021.09.14.02.25.16_veh-51_01283_01762/traversing_crosswalk/8a670dbea03f5ce1/sledge_raw.gz,pedestrians,native_cache_directory,2,1,1,1,0,20,-19,27.6600341796875,,
8a670dbea03f5ce1,traversing_crosswalk,2021.09.14.02.25.16_veh-51_01283_01762,2021.09.14.02.25.16_veh-51_01283_01762/traversing_crosswalk/8a670dbea03f5ce1/sledge_raw.gz,static_objects,native_cache_directory,8,7,7,1,0,30,-23,27.025634765625,,
fcd3f3aeaedc587c,traversing_crosswalk,2021.09.29.08.40.49_veh-50_00336_00547,2021.09.29.08.40.49_veh-50_00336_00547/traversing_crosswalk/fcd3f3aeaedc587c/sledge_raw.gz,vehicles,native_cache_directory,5,0,0,5,0,50,-50,,,
fcd3f3aeaedc587c,traversing_crosswalk,2021.09.29.08.40.49_veh-50_00336_00547,2021.09.29.08.40.49_veh-50_00336_00547/traversing_crosswalk/fcd3f3aeaedc587c/sledge_raw.gz,pedestrians,native_cache_directory,1,0,0,1,0,20,-20,,,
fcd3f3aeaedc587c,traversing_crosswalk,2021.09.29.08.40.49_veh-50_00336_00547,2021.09.29.08.40.49_veh-50_00336_00547/traversing_crosswalk/fcd3f3aeaedc587c/sledge_raw.gz,static_objects,native_cache_directory,4,1,1,3,0,30,-29,14.460970878601074,,
f6b7e73412f85f74,traversing_crosswalk,2021.09.20.17.01.23_veh-08_00974_01766,2021.09.20.17.01.23_veh-08_00974_01766/traversing_crosswalk/f6b7e73412f85f74/sledge_raw.gz,vehicles,native_cache_directory,31,13,13,18,0,50,-37,32.89585494995117,,
f6b7e73412f85f74,traversing_crosswalk,2021.09.20.17.01.23_veh-08_00974_01766,2021.09.20.17.01.23_veh-08_00974_01766/traversing_crosswalk/f6b7e73412f85f74/sledge_raw.gz,pedestrians,native_cache_directory,7,6,6,1,0,20,-14,19.317138671875,,
f6b7e73412f85f74,traversing_crosswalk,2021.09.20.17.01.23_veh-08_00974_01766,2021.09.20.17.01.23_veh-08_00974_01766/traversing_crosswalk/f6b7e73412f85f74/sledge_raw.gz,static_objects,native_cache_directory,3,2,2,1,0,30,-28,32.26567459106445,,
3ea4ea6a673a5643,traversing_crosswalk,2021.10.11.02.57.41_veh-50_01522_02088,2021.10.11.02.57.41_veh-50_01522_02088/traversing_crosswalk/3ea4ea6a673a5643/sledge_raw.gz,vehicles,native_cache_directory,7,6,6,1,0,50,-44,29.365955352783203,,
3ea4ea6a673a5643,traversing_crosswalk,2021.10.11.02.57.41_veh-50_01522_02088,2021.10.11.02.57.41_veh-50_01522_02088/traversing_crosswalk/3ea4ea6a673a5643/sledge_raw.gz,pedestrians,native_cache_directory,11,7,7,4,0,20,-13,35.033119201660156,,
3ea4ea6a673a5643,traversing_crosswalk,2021.10.11.02.57.41_veh-50_01522_02088,2021.10.11.02.57.41_veh-50_01522_02088/traversing_crosswalk/3ea4ea6a673a5643/sledge_raw.gz,static_objects,native_cache_directory,3,0,0,3,0,30,-30,,,
b127a0cc0e48507c,traversing_crosswalk,2021.09.21.16.42.24_veh-08_02115_02448,2021.09.21.16.42.24_veh-08_02115_02448/traversing_crosswalk/b127a0cc0e48507c/sledge_raw.gz,vehicles,native_cache_directory,24,7,7,17,0,50,-43,32.56982421875,,
b127a0cc0e48507c,traversing_crosswalk,2021.09.21.16.42.24_veh-08_02115_02448,2021.09.21.16.42.24_veh-08_02115_02448/traversing_crosswalk/b127a0cc0e48507c/sledge_raw.gz,pedestrians,native_cache_directory,0,0,0,0,0,20,-20,,,
b127a0cc0e48507c,traversing_crosswalk,2021.09.21.16.42.24_veh-08_02115_02448,2021.09.21.16.42.24_veh-08_02115_02448/traversing_crosswalk/b127a0cc0e48507c/sledge_raw.gz,static_objects,native_cache_directory,2,1,1,1,0,30,-29,18.977012634277344,,
ddb62704e2cf5848,traversing_crosswalk,2021.09.21.07.20.21_veh-49_00374_00568,2021.09.21.07.20.21_veh-49_00374_00568/traversing_crosswalk/ddb62704e2cf5848/sledge_raw.gz,vehicles,native_cache_directory,13,10,10,3,0,50,-40,31.628040313720703,,
ddb62704e2cf5848,traversing_crosswalk,2021.09.21.07.20.21_veh-49_00374_00568,2021.09.21.07.20.21_veh-49_00374_00568/traversing_crosswalk/ddb62704e2cf5848/sledge_raw.gz,pedestrians,native_cache_directory,0,0,0,0,0,20,-20,,,
ddb62704e2cf5848,traversing_crosswalk,2021.09.21.07.20.21_veh-49_00374_00568,2021.09.21.07.20.21_veh-49_00374_00568/traversing_crosswalk/ddb62704e2cf5848/sledge_raw.gz,static_objects,native_cache_directory,8,0,0,8,0,30,-30,,,
1e30ac3dc5bd5398,traversing_crosswalk,2021.06.10.13.42.35_veh-35_01406_02153,2021.06.10.13.42.35_veh-35_01406_02153/traversing_crosswalk/1e30ac3dc5bd5398/sledge_raw.gz,vehicles,native_cache_directory,16,2,2,14,0,50,-48,28.57912254333496,,
1e30ac3dc5bd5398,traversing_crosswalk,2021.06.10.13.42.35_veh-35_01406_02153,2021.06.10.13.42.35_veh-35_01406_02153/traversing_crosswalk/1e30ac3dc5bd5398/sledge_raw.gz,pedestrians,native_cache_directory,3,0,0,3,0,20,-20,,,
1e30ac3dc5bd5398,traversing_crosswalk,2021.06.10.13.42.35_veh-35_01406_02153,2021.06.10.13.42.35_veh-35_01406_02153/traversing_crosswalk/1e30ac3dc5bd5398/sledge_raw.gz,static_objects,native_cache_directory,43,16,16,27,0,30,-14,35.031612396240234,,
af55df8d89e554dd,traversing_crosswalk,2021.10.11.05.34.05_veh-50_02309_02677,2021.10.11.05.34.05_veh-50_02309_02677/traversing_crosswalk/af55df8d89e554dd/sledge_raw.gz,vehicles,native_cache_directory,12,3,3,9,0,50,-47,33.98400115966797,,
af55df8d89e554dd,traversing_crosswalk,2021.10.11.05.34.05_veh-50_02309_02677,2021.10.11.05.34.05_veh-50_02309_02677/traversing_crosswalk/af55df8d89e554dd/sledge_raw.gz,pedestrians,native_cache_directory,2,2,2,0,0,20,-18,8.355317115783691,,
af55df8d89e554dd,traversing_crosswalk,2021.10.11.05.34.05_veh-50_02309_02677,2021.10.11.05.34.05_veh-50_02309_02677/traversing_crosswalk/af55df8d89e554dd/sledge_raw.gz,static_objects,native_cache_directory,1,1,1,0,0,30,-29,25.158061981201172,,
8c1ae1bd11e052dd,traversing_crosswalk,2021.09.17.19.20.02_veh-45_01707_02104,2021.09.17.19.20.02_veh-45_01707_02104/traversing_crosswalk/8c1ae1bd11e052dd/sledge_raw.gz,vehicles,native_cache_directory,33,10,10,23,0,50,-40,30.54440689086914,,
8c1ae1bd11e052dd,traversing_crosswalk,2021.09.17.19.20.02_veh-45_01707_02104,2021.09.17.19.20.02_veh-45_01707_02104/traversing_crosswalk/8c1ae1bd11e052dd/sledge_raw.gz,pedestrians,native_cache_directory,5,3,3,2,0,20,-17,31.20301055908203,,
8c1ae1bd11e052dd,traversing_crosswalk,2021.09.17.19.20.02_veh-45_01707_02104,2021.09.17.19.20.02_veh-45_01707_02104/traversing_crosswalk/8c1ae1bd11e052dd/sledge_raw.gz,static_objects,native_cache_directory,12,5,5,7,0,30,-25,20.984901428222656,,
07b69e9d99cc5986,traversing_crosswalk,2021.09.29.03.38.25_veh-50_01334_01557,2021.09.29.03.38.25_veh-50_01334_01557/traversing_crosswalk/07b69e9d99cc5986/sledge_raw.gz,vehicles,native_cache_directory,4,3,3,1,0,50,-47,27.080808639526367,,
07b69e9d99cc5986,traversing_crosswalk,2021.09.29.03.38.25_veh-50_01334_01557,2021.09.29.03.38.25_veh-50_01334_01557/traversing_crosswalk/07b69e9d99cc5986/sledge_raw.gz,pedestrians,native_cache_directory,22,7,7,15,0,20,-13,30.1701602935791,,
07b69e9d99cc5986,traversing_crosswalk,2021.09.29.03.38.25_veh-50_01334_01557,2021.09.29.03.38.25_veh-50_01334_01557/traversing_crosswalk/07b69e9d99cc5986/sledge_raw.gz,static_objects,native_cache_directory,2,0,0,2,0,30,-30,,,
ddc8943f628a571d,traversing_crosswalk,2021.05.27.14.27.08_veh-35_01036_01318,2021.05.27.14.27.08_veh-35_01036_01318/traversing_crosswalk/ddc8943f628a571d/sledge_raw.gz,vehicles,native_cache_directory,12,6,6,6,0,50,-44,36.536956787109375,,
ddc8943f628a571d,traversing_crosswalk,2021.05.27.14.27.08_veh-35_01036_01318,2021.05.27.14.27.08_veh-35_01036_01318/traversing_crosswalk/ddc8943f628a571d/sledge_raw.gz,pedestrians,native_cache_directory,80,52,20,28,32,20,32,26.358531951904297,26.376371383666992,0.017839431762695312
ddc8943f628a571d,traversing_crosswalk,2021.05.27.14.27.08_veh-35_01036_01318,2021.05.27.14.27.08_veh-35_01036_01318/traversing_crosswalk/ddc8943f628a571d/sledge_raw.gz,static_objects,native_cache_directory,109,78,30,31,48,30,48,18.047359466552734,19.727365493774414,1.6800060272216797
f242280ef6f7538a,traversing_crosswalk,2021.07.15.19.15.37_veh-35_03369_04528,2021.07.15.19.15.37_veh-35_03369_04528/traversing_crosswalk/f242280ef6f7538a/sledge_raw.gz,vehicles,native_cache_directory,8,3,3,5,0,50,-47,29.26370620727539,,
f242280ef6f7538a,traversing_crosswalk,2021.07.15.19.15.37_veh-35_03369_04528,2021.07.15.19.15.37_veh-35_03369_04528/traversing_crosswalk/f242280ef6f7538a/sledge_raw.gz,pedestrians,native_cache_directory,20,2,2,18,0,20,-18,24.363439559936523,,
f242280ef6f7538a,traversing_crosswalk,2021.07.15.19.15.37_veh-35_03369_04528,2021.07.15.19.15.37_veh-35_03369_04528/traversing_crosswalk/f242280ef6f7538a/sledge_raw.gz,static_objects,native_cache_directory,42,34,30,8,4,30,4,30.47088050842285,30.84925079345703,0.3783702850341797
4018b519a9985f2b,traversing_crosswalk,2021.06.30.15.31.03_veh-35_00016_00534,2021.06.30.15.31.03_veh-35_00016_00534/traversing_crosswalk/4018b519a9985f2b/sledge_raw.gz,vehicles,native_cache_directory,7,2,2,5,0,50,-48,18.203269958496094,,
4018b519a9985f2b,traversing_crosswalk,2021.06.30.15.31.03_veh-35_00016_00534,2021.06.30.15.31.03_veh-35_00016_00534/traversing_crosswalk/4018b519a9985f2b/sledge_raw.gz,pedestrians,native_cache_directory,12,3,3,9,0,20,-17,22.15402603149414,,
4018b519a9985f2b,traversing_crosswalk,2021.06.30.15.31.03_veh-35_00016_00534,2021.06.30.15.31.03_veh-35_00016_00534/traversing_crosswalk/4018b519a9985f2b/sledge_raw.gz,static_objects,native_cache_directory,55,36,30,19,6,30,6,25.43198013305664,28.831968307495117,3.3999881744384766
97b8ad17fa49585e,traversing_crosswalk,2021.09.17.18.16.32_veh-45_02155_02826,2021.09.17.18.16.32_veh-45_02155_02826/traversing_crosswalk/97b8ad17fa49585e/sledge_raw.gz,vehicles,native_cache_directory,23,14,14,9,0,50,-36,37.1904411315918,,
97b8ad17fa49585e,traversing_crosswalk,2021.09.17.18.16.32_veh-45_02155_02826,2021.09.17.18.16.32_veh-45_02155_02826/traversing_crosswalk/97b8ad17fa49585e/sledge_raw.gz,pedestrians,native_cache_directory,6,3,3,3,0,20,-17,24.762144088745117,,
97b8ad17fa49585e,traversing_crosswalk,2021.09.17.18.16.32_veh-45_02155_02826,2021.09.17.18.16.32_veh-45_02155_02826/traversing_crosswalk/97b8ad17fa49585e/sledge_raw.gz,static_objects,native_cache_directory,4,1,1,3,0,30,-29,36.84056854248047,,
180772af83705cf8,traversing_crosswalk,2021.09.10.14.44.55_veh-42_01614_01799,2021.09.10.14.44.55_veh-42_01614_01799/traversing_crosswalk/180772af83705cf8/sledge_raw.gz,vehicles,native_cache_directory,7,0,0,7,0,50,-50,,,
180772af83705cf8,traversing_crosswalk,2021.09.10.14.44.55_veh-42_01614_01799,2021.09.10.14.44.55_veh-42_01614_01799/traversing_crosswalk/180772af83705cf8/sledge_raw.gz,pedestrians,native_cache_directory,1,0,0,1,0,20,-20,,,
180772af83705cf8,traversing_crosswalk,2021.09.10.14.44.55_veh-42_01614_01799,2021.09.10.14.44.55_veh-42_01614_01799/traversing_crosswalk/180772af83705cf8/sledge_raw.gz,static_objects,native_cache_directory,6,4,4,2,0,30,-26,27.601882934570312,,
efce1680a9bc5450,traversing_crosswalk,2021.05.18.21.31.22_veh-30_00062_00160,2021.05.18.21.31.22_veh-30_00062_00160/traversing_crosswalk/efce1680a9bc5450/sledge_raw.gz,vehicles,native_cache_directory,62,19,19,43,0,50,-31,39.83992385864258,,
efce1680a9bc5450,traversing_crosswalk,2021.05.18.21.31.22_veh-30_00062_00160,2021.05.18.21.31.22_veh-30_00062_00160/traversing_crosswalk/efce1680a9bc5450/sledge_raw.gz,pedestrians,native_cache_directory,1,1,1,0,0,20,-19,25.44914436340332,,
efce1680a9bc5450,traversing_crosswalk,2021.05.18.21.31.22_veh-30_00062_00160,2021.05.18.21.31.22_veh-30_00062_00160/traversing_crosswalk/efce1680a9bc5450/sledge_raw.gz,static_objects,native_cache_directory,9,4,4,5,0,30,-26,34.267616271972656,,
f6afb7ecba6157d5,traversing_crosswalk,2021.09.29.04.12.31_veh-51_01780_02172,2021.09.29.04.12.31_veh-51_01780_02172/traversing_crosswalk/f6afb7ecba6157d5/sledge_raw.gz,vehicles,native_cache_directory,0,0,0,0,0,50,-50,,,
f6afb7ecba6157d5,traversing_crosswalk,2021.09.29.04.12.31_veh-51_01780_02172,2021.09.29.04.12.31_veh-51_01780_02172/traversing_crosswalk/f6afb7ecba6157d5/sledge_raw.gz,pedestrians,native_cache_directory,0,0,0,0,0,20,-20,,,
f6afb7ecba6157d5,traversing_crosswalk,2021.09.29.04.12.31_veh-51_01780_02172,2021.09.29.04.12.31_veh-51_01780_02172/traversing_crosswalk/f6afb7ecba6157d5/sledge_raw.gz,static_objects,native_cache_directory,2,0,0,2,0,30,-30,,,
8d953274a8e85e00,traversing_crosswalk,2021.09.07.13.44.33_veh-39_01788_02210,2021.09.07.13.44.33_veh-39_01788_02210/traversing_crosswalk/8d953274a8e85e00/sledge_raw.gz,vehicles,native_cache_directory,11,6,6,5,0,50,-44,30.108779907226562,,
8d953274a8e85e00,traversing_crosswalk,2021.09.07.13.44.33_veh-39_01788_02210,2021.09.07.13.44.33_veh-39_01788_02210/traversing_crosswalk/8d953274a8e85e00/sledge_raw.gz,pedestrians,native_cache_directory,8,3,3,5,0,20,-17,31.101585388183594,,
8d953274a8e85e00,traversing_crosswalk,2021.09.07.13.44.33_veh-39_01788_02210,2021.09.07.13.44.33_veh-39_01788_02210/traversing_crosswalk/8d953274a8e85e00/sledge_raw.gz,static_objects,native_cache_directory,12,4,4,8,0,30,-26,36.073089599609375,,
677273baa41f5dea,traversing_crosswalk,2021.07.16.22.40.23_veh-38_00818_03032,2021.07.16.22.40.23_veh-38_00818_03032/traversing_crosswalk/677273baa41f5dea/sledge_raw.gz,vehicles,native_cache_directory,23,12,12,11,0,50,-38,28.430299758911133,,
677273baa41f5dea,traversing_crosswalk,2021.07.16.22.40.23_veh-38_00818_03032,2021.07.16.22.40.23_veh-38_00818_03032/traversing_crosswalk/677273baa41f5dea/sledge_raw.gz,pedestrians,native_cache_directory,2,0,0,2,0,20,-20,,,
677273baa41f5dea,traversing_crosswalk,2021.07.16.22.40.23_veh-38_00818_03032,2021.07.16.22.40.23_veh-38_00818_03032/traversing_crosswalk/677273baa41f5dea/sledge_raw.gz,static_objects,native_cache_directory,45,14,14,31,0,30,-16,27.83400535583496,,
b8532c36dfd853bc,traversing_crosswalk,2021.09.10.06.56.28_veh-52_00016_00376,2021.09.10.06.56.28_veh-52_00016_00376/traversing_crosswalk/b8532c36dfd853bc/sledge_raw.gz,vehicles,native_cache_directory,1,1,1,0,0,50,-49,38.0826530456543,,
b8532c36dfd853bc,traversing_crosswalk,2021.09.10.06.56.28_veh-52_00016_00376,2021.09.10.06.56.28_veh-52_00016_00376/traversing_crosswalk/b8532c36dfd853bc/sledge_raw.gz,pedestrians,native_cache_directory,1,1,1,0,0,20,-19,24.06397819519043,,
b8532c36dfd853bc,traversing_crosswalk,2021.09.10.06.56.28_veh-52_00016_00376,2021.09.10.06.56.28_veh-52_00016_00376/traversing_crosswalk/b8532c36dfd853bc/sledge_raw.gz,static_objects,native_cache_directory,4,4,4,0,0,30,-26,19.40558624267578,,
c5d071581ca95ded,traversing_crosswalk,2021.10.05.07.10.04_veh-52_00689_01322,2021.10.05.07.10.04_veh-52_00689_01322/traversing_crosswalk/c5d071581ca95ded/sledge_raw.gz,vehicles,native_cache_directory,3,0,0,3,0,50,-50,,,
c5d071581ca95ded,traversing_crosswalk,2021.10.05.07.10.04_veh-52_00689_01322,2021.10.05.07.10.04_veh-52_00689_01322/traversing_crosswalk/c5d071581ca95ded/sledge_raw.gz,pedestrians,native_cache_directory,0,0,0,0,0,20,-20,,,
c5d071581ca95ded,traversing_crosswalk,2021.10.05.07.10.04_veh-52_00689_01322,2021.10.05.07.10.04_veh-52_00689_01322/traversing_crosswalk/c5d071581ca95ded/sledge_raw.gz,static_objects,native_cache_directory,2,0,0,2,0,30,-30,,,
28bb98bd58555e9a,traversing_crosswalk,2021.09.09.02.17.08_veh-51_01468_01721,2021.09.09.02.17.08_veh-51_01468_01721/traversing_crosswalk/28bb98bd58555e9a/sledge_raw.gz,vehicles,native_cache_directory,5,3,3,2,0,50,-47,22.619447708129883,,
28bb98bd58555e9a,traversing_crosswalk,2021.09.09.02.17.08_veh-51_01468_01721,2021.09.09.02.17.08_veh-51_01468_01721/traversing_crosswalk/28bb98bd58555e9a/sledge_raw.gz,pedestrians,native_cache_directory,1,0,0,1,0,20,-20,,,
28bb98bd58555e9a,traversing_crosswalk,2021.09.09.02.17.08_veh-51_01468_01721,2021.09.09.02.17.08_veh-51_01468_01721/traversing_crosswalk/28bb98bd58555e9a/sledge_raw.gz,static_objects,native_cache_directory,5,0,0,5,0,30,-30,,,
dbef7f6319a254d6,traversing_crosswalk,2021.09.17.13.27.08_veh-42_01295_01490,2021.09.17.13.27.08_veh-42_01295_01490/traversing_crosswalk/dbef7f6319a254d6/sledge_raw.gz,vehicles,native_cache_directory,8,0,0,8,0,50,-50,,,
dbef7f6319a254d6,traversing_crosswalk,2021.09.17.13.27.08_veh-42_01295_01490,2021.09.17.13.27.08_veh-42_01295_01490/traversing_crosswalk/dbef7f6319a254d6/sledge_raw.gz,pedestrians,native_cache_directory,0,0,0,0,0,20,-20,,,
dbef7f6319a254d6,traversing_crosswalk,2021.09.17.13.27.08_veh-42_01295_01490,2021.09.17.13.27.08_veh-42_01295_01490/traversing_crosswalk/dbef7f6319a254d6/sledge_raw.gz,static_objects,native_cache_directory,6,4,4,2,0,30,-26,26.497051239013672,,
acc4ff7832445199,traversing_crosswalk,2021.09.14.16.46.51_veh-45_00149_00900,2021.09.14.16.46.51_veh-45_00149_00900/traversing_crosswalk/acc4ff7832445199/sledge_raw.gz,vehicles,native_cache_directory,19,8,8,11,0,50,-42,28.62520408630371,,
acc4ff7832445199,traversing_crosswalk,2021.09.14.16.46.51_veh-45_00149_00900,2021.09.14.16.46.51_veh-45_00149_00900/traversing_crosswalk/acc4ff7832445199/sledge_raw.gz,pedestrians,native_cache_directory,4,1,1,3,0,20,-19,9.210959434509277,,
acc4ff7832445199,traversing_crosswalk,2021.09.14.16.46.51_veh-45_00149_00900,2021.09.14.16.46.51_veh-45_00149_00900/traversing_crosswalk/acc4ff7832445199/sledge_raw.gz,static_objects,native_cache_directory,11,1,1,10,0,30,-29,19.287017822265625,,
4922c07d12805e87,traversing_crosswalk,2021.09.29.00.50.02_veh-53_01517_01873,2021.09.29.00.50.02_veh-53_01517_01873/traversing_crosswalk/4922c07d12805e87/sledge_raw.gz,vehicles,native_cache_directory,16,9,9,7,0,50,-41,28.43536376953125,,
4922c07d12805e87,traversing_crosswalk,2021.09.29.00.50.02_veh-53_01517_01873,2021.09.29.00.50.02_veh-53_01517_01873/traversing_crosswalk/4922c07d12805e87/sledge_raw.gz,pedestrians,native_cache_directory,8,7,7,1,0,20,-13,42.374122619628906,,
4922c07d12805e87,traversing_crosswalk,2021.09.29.00.50.02_veh-53_01517_01873,2021.09.29.00.50.02_veh-53_01517_01873/traversing_crosswalk/4922c07d12805e87/sledge_raw.gz,static_objects,native_cache_directory,0,0,0,0,0,30,-30,,,
d69b1ff3eaf7543c,traversing_crosswalk,2021.09.02.14.10.27_veh-08_02190_02633,2021.09.02.14.10.27_veh-08_02190_02633/traversing_crosswalk/d69b1ff3eaf7543c/sledge_raw.gz,vehicles,native_cache_directory,7,0,0,7,0,50,-50,,,
d69b1ff3eaf7543c,traversing_crosswalk,2021.09.02.14.10.27_veh-08_02190_02633,2021.09.02.14.10.27_veh-08_02190_02633/traversing_crosswalk/d69b1ff3eaf7543c/sledge_raw.gz,pedestrians,native_cache_directory,1,0,0,1,0,20,-20,,,
d69b1ff3eaf7543c,traversing_crosswalk,2021.09.02.14.10.27_veh-08_02190_02633,2021.09.02.14.10.27_veh-08_02190_02633/traversing_crosswalk/d69b1ff3eaf7543c/sledge_raw.gz,static_objects,native_cache_directory,7,4,4,3,0,30,-26,27.85879135131836,,
ba02104eed935a07,traversing_crosswalk,2021.07.23.01.57.53_veh-47_02744_03696,2021.07.23.01.57.53_veh-47_02744_03696/traversing_crosswalk/ba02104eed935a07/sledge_raw.gz,vehicles,native_cache_directory,46,17,17,29,0,50,-33,40.81731033325195,,
ba02104eed935a07,traversing_crosswalk,2021.07.23.01.57.53_veh-47_02744_03696,2021.07.23.01.57.53_veh-47_02744_03696/traversing_crosswalk/ba02104eed935a07/sledge_raw.gz,pedestrians,native_cache_directory,102,93,20,9,73,20,73,21.402111053466797,21.619802474975586,0.21769142150878906
ba02104eed935a07,traversing_crosswalk,2021.07.23.01.57.53_veh-47_02744_03696,2021.07.23.01.57.53_veh-47_02744_03696/traversing_crosswalk/ba02104eed935a07/sledge_raw.gz,static_objects,native_cache_directory,97,32,30,65,2,30,2,36.9499397277832,37.38764572143555,0.43770599365234375
db081aa6f67c516d,traversing_crosswalk,2021.09.28.05.46.14_veh-50_01010_01501,2021.09.28.05.46.14_veh-50_01010_01501/traversing_crosswalk/db081aa6f67c516d/sledge_raw.gz,vehicles,native_cache_directory,1,1,1,0,0,50,-49,22.930816650390625,,
db081aa6f67c516d,traversing_crosswalk,2021.09.28.05.46.14_veh-50_01010_01501,2021.09.28.05.46.14_veh-50_01010_01501/traversing_crosswalk/db081aa6f67c516d/sledge_raw.gz,pedestrians,native_cache_directory,0,0,0,0,0,20,-20,,,
db081aa6f67c516d,traversing_crosswalk,2021.09.28.05.46.14_veh-50_01010_01501,2021.09.28.05.46.14_veh-50_01010_01501/traversing_crosswalk/db081aa6f67c516d/sledge_raw.gz,static_objects,native_cache_directory,0,0,0,0,0,30,-30,,,
480db5eab19f535f,traversing_crosswalk,2021.06.17.16.22.42_veh-26_01760_03043,2021.06.17.16.22.42_veh-26_01760_03043/traversing_crosswalk/480db5eab19f535f/sledge_raw.gz,vehicles,native_cache_directory,8,3,3,5,0,50,-47,29.146005630493164,,
480db5eab19f535f,traversing_crosswalk,2021.06.17.16.22.42_veh-26_01760_03043,2021.06.17.16.22.42_veh-26_01760_03043/traversing_crosswalk/480db5eab19f535f/sledge_raw.gz,pedestrians,native_cache_directory,6,6,6,0,0,20,-14,37.48340606689453,,
480db5eab19f535f,traversing_crosswalk,2021.06.17.16.22.42_veh-26_01760_03043,2021.06.17.16.22.42_veh-26_01760_03043/traversing_crosswalk/480db5eab19f535f/sledge_raw.gz,static_objects,native_cache_directory,46,14,14,32,0,30,-16,35.76247787475586,,
229f7c1c62fa5439,traversing_crosswalk,2021.09.01.13.51.23_veh-40_00962_01574,2021.09.01.13.51.23_veh-40_00962_01574/traversing_crosswalk/229f7c1c62fa5439/sledge_raw.gz,vehicles,native_cache_directory,16,5,5,11,0,50,-45,28.15193748474121,,
229f7c1c62fa5439,traversing_crosswalk,2021.09.01.13.51.23_veh-40_00962_01574,2021.09.01.13.51.23_veh-40_00962_01574/traversing_crosswalk/229f7c1c62fa5439/sledge_raw.gz,pedestrians,native_cache_directory,6,3,3,3,0,20,-17,33.39189910888672,,
229f7c1c62fa5439,traversing_crosswalk,2021.09.01.13.51.23_veh-40_00962_01574,2021.09.01.13.51.23_veh-40_00962_01574/traversing_crosswalk/229f7c1c62fa5439/sledge_raw.gz,static_objects,native_cache_directory,2,1,1,1,0,30,-29,15.63794231414795,,
7692314175575787,traversing_crosswalk,2021.08.23.17.20.10_veh-45_02731_02903,2021.08.23.17.20.10_veh-45_02731_02903/traversing_crosswalk/7692314175575787/sledge_raw.gz,vehicles,native_cache_directory,1,1,1,0,0,50,-49,8.963335990905762,,
7692314175575787,traversing_crosswalk,2021.08.23.17.20.10_veh-45_02731_02903,2021.08.23.17.20.10_veh-45_02731_02903/traversing_crosswalk/7692314175575787/sledge_raw.gz,pedestrians,native_cache_directory,1,0,0,1,0,20,-20,,,
7692314175575787,traversing_crosswalk,2021.08.23.17.20.10_veh-45_02731_02903,2021.08.23.17.20.10_veh-45_02731_02903/traversing_crosswalk/7692314175575787/sledge_raw.gz,static_objects,native_cache_directory,25,21,21,4,0,30,-9,31.938339233398438,,
1d9a6931046b5390,traversing_crosswalk,2021.07.13.18.26.37_veh-38_00016_00661,2021.07.13.18.26.37_veh-38_00016_00661/traversing_crosswalk/1d9a6931046b5390/sledge_raw.gz,vehicles,native_cache_directory,6,2,2,4,0,50,-48,19.701183319091797,,
1d9a6931046b5390,traversing_crosswalk,2021.07.13.18.26.37_veh-38_00016_00661,2021.07.13.18.26.37_veh-38_00016_00661/traversing_crosswalk/1d9a6931046b5390/sledge_raw.gz,pedestrians,native_cache_directory,5,0,0,5,0,20,-20,,,
1d9a6931046b5390,traversing_crosswalk,2021.07.13.18.26.37_veh-38_00016_00661,2021.07.13.18.26.37_veh-38_00016_00661/traversing_crosswalk/1d9a6931046b5390/sledge_raw.gz,static_objects,native_cache_directory,46,15,15,31,0,30,-15,27.82842254638672,,
bf53ed1bac2d575d,traversing_crosswalk,2021.09.03.14.42.51_veh-40_01023_01439,2021.09.03.14.42.51_veh-40_01023_01439/traversing_crosswalk/bf53ed1bac2d575d/sledge_raw.gz,vehicles,native_cache_directory,9,6,6,3,0,50,-44,37.51151657104492,,
bf53ed1bac2d575d,traversing_crosswalk,2021.09.03.14.42.51_veh-40_01023_01439,2021.09.03.14.42.51_veh-40_01023_01439/traversing_crosswalk/bf53ed1bac2d575d/sledge_raw.gz,pedestrians,native_cache_directory,11,7,7,4,0,20,-13,17.54840850830078,,
bf53ed1bac2d575d,traversing_crosswalk,2021.09.03.14.42.51_veh-40_01023_01439,2021.09.03.14.42.51_veh-40_01023_01439/traversing_crosswalk/bf53ed1bac2d575d/sledge_raw.gz,static_objects,native_cache_directory,2,1,1,1,0,30,-29,19.124521255493164,,
00c7022c22e25b69,traversing_crosswalk,2021.10.19.18.48.46_veh-28_01081_01347,2021.10.19.18.48.46_veh-28_01081_01347/traversing_crosswalk/00c7022c22e25b69/sledge_raw.gz,vehicles,native_cache_directory,4,2,2,2,0,50,-48,34.098934173583984,,
00c7022c22e25b69,traversing_crosswalk,2021.10.19.18.48.46_veh-28_01081_01347,2021.10.19.18.48.46_veh-28_01081_01347/traversing_crosswalk/00c7022c22e25b69/sledge_raw.gz,pedestrians,native_cache_directory,0,0,0,0,0,20,-20,,,
00c7022c22e25b69,traversing_crosswalk,2021.10.19.18.48.46_veh-28_01081_01347,2021.10.19.18.48.46_veh-28_01081_01347/traversing_crosswalk/00c7022c22e25b69/sledge_raw.gz,static_objects,native_cache_directory,1,0,0,1,0,30,-30,,,
15d7d060b204556a,traversing_crosswalk,2021.09.30.03.37.54_veh-51_01022_01614,2021.09.30.03.37.54_veh-51_01022_01614/traversing_crosswalk/15d7d060b204556a/sledge_raw.gz,vehicles,native_cache_directory,16,8,8,8,0,50,-42,35.95606994628906,,
15d7d060b204556a,traversing_crosswalk,2021.09.30.03.37.54_veh-51_01022_01614,2021.09.30.03.37.54_veh-51_01022_01614/traversing_crosswalk/15d7d060b204556a/sledge_raw.gz,pedestrians,native_cache_directory,6,3,3,3,0,20,-17,40.206600189208984,,
15d7d060b204556a,traversing_crosswalk,2021.09.30.03.37.54_veh-51_01022_01614,2021.09.30.03.37.54_veh-51_01022_01614/traversing_crosswalk/15d7d060b204556a/sledge_raw.gz,static_objects,native_cache_directory,0,0,0,0,0,30,-30,,,
7264440d38d85004,traversing_crosswalk,2021.09.28.08.27.17_veh-52_00016_00427,2021.09.28.08.27.17_veh-52_00016_00427/traversing_crosswalk/7264440d38d85004/sledge_raw.gz,vehicles,native_cache_directory,1,0,0,1,0,50,-50,,,
7264440d38d85004,traversing_crosswalk,2021.09.28.08.27.17_veh-52_00016_00427,2021.09.28.08.27.17_veh-52_00016_00427/traversing_crosswalk/7264440d38d85004/sledge_raw.gz,pedestrians,native_cache_directory,3,0,0,3,0,20,-20,,,
7264440d38d85004,traversing_crosswalk,2021.09.28.08.27.17_veh-52_00016_00427,2021.09.28.08.27.17_veh-52_00016_00427/traversing_crosswalk/7264440d38d85004/sledge_raw.gz,static_objects,native_cache_directory,1,1,1,0,0,30,-29,12.880492210388184,,
4151a89d5a7f5c20,traversing_crosswalk,2021.09.02.07.06.50_veh-53_00016_00403,2021.09.02.07.06.50_veh-53_00016_00403/traversing_crosswalk/4151a89d5a7f5c20/sledge_raw.gz,vehicles,native_cache_directory,5,1,1,4,0,50,-49,28.924339294433594,,
4151a89d5a7f5c20,traversing_crosswalk,2021.09.02.07.06.50_veh-53_00016_00403,2021.09.02.07.06.50_veh-53_00016_00403/traversing_crosswalk/4151a89d5a7f5c20/sledge_raw.gz,pedestrians,native_cache_directory,2,2,2,0,0,20,-18,29.4304141998291,,
4151a89d5a7f5c20,traversing_crosswalk,2021.09.02.07.06.50_veh-53_00016_00403,2021.09.02.07.06.50_veh-53_00016_00403/traversing_crosswalk/4151a89d5a7f5c20/sledge_raw.gz,static_objects,native_cache_directory,7,7,7,0,0,30,-23,31.367219924926758,,
68111b6a62525386,traversing_crosswalk,2021.10.04.08.19.31_veh-49_01152_01611,2021.10.04.08.19.31_veh-49_01152_01611/traversing_crosswalk/68111b6a62525386/sledge_raw.gz,vehicles,native_cache_directory,3,0,0,3,0,50,-50,,,
68111b6a62525386,traversing_crosswalk,2021.10.04.08.19.31_veh-49_01152_01611,2021.10.04.08.19.31_veh-49_01152_01611/traversing_crosswalk/68111b6a62525386/sledge_raw.gz,pedestrians,native_cache_directory,0,0,0,0,0,20,-20,,,
68111b6a62525386,traversing_crosswalk,2021.10.04.08.19.31_veh-49_01152_01611,2021.10.04.08.19.31_veh-49_01152_01611/traversing_crosswalk/68111b6a62525386/sledge_raw.gz,static_objects,native_cache_directory,0,0,0,0,0,30,-30,,,
fd3183e9c72d5493,traversing_crosswalk,2021.06.09.11.51.40_veh-47_02901_03536,2021.06.09.11.51.40_veh-47_02901_03536/traversing_crosswalk/fd3183e9c72d5493/sledge_raw.gz,vehicles,native_cache_directory,6,1,1,5,0,50,-49,20.48912811279297,,
fd3183e9c72d5493,traversing_crosswalk,2021.06.09.11.51.40_veh-47_02901_03536,2021.06.09.11.51.40_veh-47_02901_03536/traversing_crosswalk/fd3183e9c72d5493/sledge_raw.gz,pedestrians,native_cache_directory,2,1,1,1,0,20,-19,30.11164665222168,,
fd3183e9c72d5493,traversing_crosswalk,2021.06.09.11.51.40_veh-47_02901_03536,2021.06.09.11.51.40_veh-47_02901_03536/traversing_crosswalk/fd3183e9c72d5493/sledge_raw.gz,static_objects,native_cache_directory,50,18,18,32,0,30,-12,39.20687484741211,,
286755d86dae53f5,traversing_crosswalk,2021.09.28.04.07.40_veh-50_00107_00716,2021.09.28.04.07.40_veh-50_00107_00716/traversing_crosswalk/286755d86dae53f5/sledge_raw.gz,vehicles,native_cache_directory,8,2,2,6,0,50,-48,30.936193466186523,,
286755d86dae53f5,traversing_crosswalk,2021.09.28.04.07.40_veh-50_00107_00716,2021.09.28.04.07.40_veh-50_00107_00716/traversing_crosswalk/286755d86dae53f5/sledge_raw.gz,pedestrians,native_cache_directory,2,1,1,1,0,20,-19,24.72802734375,,
286755d86dae53f5,traversing_crosswalk,2021.09.28.04.07.40_veh-50_00107_00716,2021.09.28.04.07.40_veh-50_00107_00716/traversing_crosswalk/286755d86dae53f5/sledge_raw.gz,static_objects,native_cache_directory,2,1,1,1,0,30,-29,8.082229614257812,,
8e0107bdedf759a0,traversing_crosswalk,2021.07.23.23.47.09_veh-35_00016_00752,2021.07.23.23.47.09_veh-35_00016_00752/traversing_crosswalk/8e0107bdedf759a0/sledge_raw.gz,vehicles,native_cache_directory,33,19,19,14,0,50,-31,32.836692810058594,,
8e0107bdedf759a0,traversing_crosswalk,2021.07.23.23.47.09_veh-35_00016_00752,2021.07.23.23.47.09_veh-35_00016_00752/traversing_crosswalk/8e0107bdedf759a0/sledge_raw.gz,pedestrians,native_cache_directory,7,7,7,0,0,20,-13,33.36006546020508,,
8e0107bdedf759a0,traversing_crosswalk,2021.07.23.23.47.09_veh-35_00016_00752,2021.07.23.23.47.09_veh-35_00016_00752/traversing_crosswalk/8e0107bdedf759a0/sledge_raw.gz,static_objects,native_cache_directory,23,15,15,8,0,30,-15,33.645172119140625,,
06ef0f90f8eb5329,traversing_crosswalk,2021.07.07.18.27.54_veh-35_00016_01411,2021.07.07.18.27.54_veh-35_00016_01411/traversing_crosswalk/06ef0f90f8eb5329/sledge_raw.gz,vehicles,native_cache_directory,9,1,1,8,0,50,-49,31.407997131347656,,
06ef0f90f8eb5329,traversing_crosswalk,2021.07.07.18.27.54_veh-35_00016_01411,2021.07.07.18.27.54_veh-35_00016_01411/traversing_crosswalk/06ef0f90f8eb5329/sledge_raw.gz,pedestrians,native_cache_directory,3,0,0,3,0,20,-20,,,
06ef0f90f8eb5329,traversing_crosswalk,2021.07.07.18.27.54_veh-35_00016_01411,2021.07.07.18.27.54_veh-35_00016_01411/traversing_crosswalk/06ef0f90f8eb5329/sledge_raw.gz,static_objects,native_cache_directory,30,22,22,8,0,30,-8,28.014406204223633,,
9dabead86a195fe5,traversing_crosswalk,2021.07.22.00.15.38_veh-37_00903_05858,2021.07.22.00.15.38_veh-37_00903_05858/traversing_crosswalk/9dabead86a195fe5/sledge_raw.gz,vehicles,native_cache_directory,38,13,13,25,0,50,-37,42.5866584777832,,
9dabead86a195fe5,traversing_crosswalk,2021.07.22.00.15.38_veh-37_00903_05858,2021.07.22.00.15.38_veh-37_00903_05858/traversing_crosswalk/9dabead86a195fe5/sledge_raw.gz,pedestrians,native_cache_directory,38,13,13,25,0,20,-7,29.534793853759766,,
9dabead86a195fe5,traversing_crosswalk,2021.07.22.00.15.38_veh-37_00903_05858,2021.07.22.00.15.38_veh-37_00903_05858/traversing_crosswalk/9dabead86a195fe5/sledge_raw.gz,static_objects,native_cache_directory,95,49,30,46,19,30,19,27.0780086517334,27.6591854095459,0.5811767578125
070d6c51702256d8,traversing_crosswalk,2021.10.11.09.08.18_veh-51_01195_01847,2021.10.11.09.08.18_veh-51_01195_01847/traversing_crosswalk/070d6c51702256d8/sledge_raw.gz,vehicles,native_cache_directory,3,2,2,1,0,50,-48,36.64580154418945,,
070d6c51702256d8,traversing_crosswalk,2021.10.11.09.08.18_veh-51_01195_01847,2021.10.11.09.08.18_veh-51_01195_01847/traversing_crosswalk/070d6c51702256d8/sledge_raw.gz,pedestrians,native_cache_directory,7,3,3,4,0,20,-17,30.667938232421875,,
070d6c51702256d8,traversing_crosswalk,2021.10.11.09.08.18_veh-51_01195_01847,2021.10.11.09.08.18_veh-51_01195_01847/traversing_crosswalk/070d6c51702256d8/sledge_raw.gz,static_objects,native_cache_directory,4,4,4,0,0,30,-26,18.865886688232422,,
4caa60325adf5c99,traversing_crosswalk,2021.05.24.14.25.02_veh-47_00676_00964,2021.05.24.14.25.02_veh-47_00676_00964/traversing_crosswalk/4caa60325adf5c99/sledge_raw.gz,vehicles,native_cache_directory,10,3,3,7,0,50,-47,25.78919792175293,,
4caa60325adf5c99,traversing_crosswalk,2021.05.24.14.25.02_veh-47_00676_00964,2021.05.24.14.25.02_veh-47_00676_00964/traversing_crosswalk/4caa60325adf5c99/sledge_raw.gz,pedestrians,native_cache_directory,9,3,3,6,0,20,-17,22.05342674255371,,
4caa60325adf5c99,traversing_crosswalk,2021.05.24.14.25.02_veh-47_00676_00964,2021.05.24.14.25.02_veh-47_00676_00964/traversing_crosswalk/4caa60325adf5c99/sledge_raw.gz,static_objects,native_cache_directory,16,3,3,13,0,30,-27,20.22093391418457,,
7fb8d511877b5c38,traversing_crosswalk,2021.10.18.13.41.04_veh-28_01565_02090,2021.10.18.13.41.04_veh-28_01565_02090/traversing_crosswalk/7fb8d511877b5c38/sledge_raw.gz,vehicles,native_cache_directory,15,11,11,4,0,50,-39,41.32571792602539,,
7fb8d511877b5c38,traversing_crosswalk,2021.10.18.13.41.04_veh-28_01565_02090,2021.10.18.13.41.04_veh-28_01565_02090/traversing_crosswalk/7fb8d511877b5c38/sledge_raw.gz,pedestrians,native_cache_directory,14,4,4,10,0,20,-16,25.086000442504883,,
7fb8d511877b5c38,traversing_crosswalk,2021.10.18.13.41.04_veh-28_01565_02090,2021.10.18.13.41.04_veh-28_01565_02090/traversing_crosswalk/7fb8d511877b5c38/sledge_raw.gz,static_objects,native_cache_directory,13,7,7,6,0,30,-23,39.45207214355469,,
0a46dd6bb0225c72,traversing_crosswalk,2021.09.28.08.27.17_veh-52_01114_01301,2021.09.28.08.27.17_veh-52_01114_01301/traversing_crosswalk/0a46dd6bb0225c72/sledge_raw.gz,vehicles,native_cache_directory,19,6,6,13,0,50,-44,34.60731506347656,,
0a46dd6bb0225c72,traversing_crosswalk,2021.09.28.08.27.17_veh-52_01114_01301,2021.09.28.08.27.17_veh-52_01114_01301/traversing_crosswalk/0a46dd6bb0225c72/sledge_raw.gz,pedestrians,native_cache_directory,4,4,4,0,0,20,-16,38.7207145690918,,
0a46dd6bb0225c72,traversing_crosswalk,2021.09.28.08.27.17_veh-52_01114_01301,2021.09.28.08.27.17_veh-52_01114_01301/traversing_crosswalk/0a46dd6bb0225c72/sledge_raw.gz,static_objects,native_cache_directory,0,0,0,0,0,30,-30,,,
37fc444a8a3d525d,traversing_crosswalk,2021.09.30.15.05.51_veh-44_00753_01199,2021.09.30.15.05.51_veh-44_00753_01199/traversing_crosswalk/37fc444a8a3d525d/sledge_raw.gz,vehicles,native_cache_directory,39,13,13,26,0,50,-37,29.6898193359375,,
37fc444a8a3d525d,traversing_crosswalk,2021.09.30.15.05.51_veh-44_00753_01199,2021.09.30.15.05.51_veh-44_00753_01199/traversing_crosswalk/37fc444a8a3d525d/sledge_raw.gz,pedestrians,native_cache_directory,3,2,2,1,0,20,-18,33.96870422363281,,
37fc444a8a3d525d,traversing_crosswalk,2021.09.30.15.05.51_veh-44_00753_01199,2021.09.30.15.05.51_veh-44_00753_01199/traversing_crosswalk/37fc444a8a3d525d/sledge_raw.gz,static_objects,native_cache_directory,4,3,3,1,0,30,-27,33.639163970947266,,
72bd282fe15b5ae3,traversing_crosswalk,2021.09.15.14.00.15_veh-28_01953_02255,2021.09.15.14.00.15_veh-28_01953_02255/traversing_crosswalk/72bd282fe15b5ae3/sledge_raw.gz,vehicles,native_cache_directory,2,0,0,2,0,50,-50,,,
72bd282fe15b5ae3,traversing_crosswalk,2021.09.15.14.00.15_veh-28_01953_02255,2021.09.15.14.00.15_veh-28_01953_02255/traversing_crosswalk/72bd282fe15b5ae3/sledge_raw.gz,pedestrians,native_cache_directory,0,0,0,0,0,20,-20,,,
72bd282fe15b5ae3,traversing_crosswalk,2021.09.15.14.00.15_veh-28_01953_02255,2021.09.15.14.00.15_veh-28_01953_02255/traversing_crosswalk/72bd282fe15b5ae3/sledge_raw.gz,static_objects,native_cache_directory,1,1,1,0,0,30,-29,28.010929107666016,,
6530ecbf1feb522e,traversing_crosswalk,2021.10.11.17.07.38_veh-28_01583_01741,2021.10.11.17.07.38_veh-28_01583_01741/traversing_crosswalk/6530ecbf1feb522e/sledge_raw.gz,vehicles,native_cache_directory,8,8,8,0,0,50,-42,34.0950813293457,,
6530ecbf1feb522e,traversing_crosswalk,2021.10.11.17.07.38_veh-28_01583_01741,2021.10.11.17.07.38_veh-28_01583_01741/traversing_crosswalk/6530ecbf1feb522e/sledge_raw.gz,pedestrians,native_cache_directory,0,0,0,0,0,20,-20,,,
6530ecbf1feb522e,traversing_crosswalk,2021.10.11.17.07.38_veh-28_01583_01741,2021.10.11.17.07.38_veh-28_01583_01741/traversing_crosswalk/6530ecbf1feb522e/sledge_raw.gz,static_objects,native_cache_directory,1,1,1,0,0,30,-29,6.532079219818115,,
3f64dec5cd0d55dd,traversing_crosswalk,2021.07.19.21.34.07_veh-35_03380_04245,2021.07.19.21.34.07_veh-35_03380_04245/traversing_crosswalk/3f64dec5cd0d55dd/sledge_raw.gz,vehicles,native_cache_directory,4,1,1,3,0,50,-49,26.148460388183594,,
3f64dec5cd0d55dd,traversing_crosswalk,2021.07.19.21.34.07_veh-35_03380_04245,2021.07.19.21.34.07_veh-35_03380_04245/traversing_crosswalk/3f64dec5cd0d55dd/sledge_raw.gz,pedestrians,native_cache_directory,2,0,0,2,0,20,-20,,,
3f64dec5cd0d55dd,traversing_crosswalk,2021.07.19.21.34.07_veh-35_03380_04245,2021.07.19.21.34.07_veh-35_03380_04245/traversing_crosswalk/3f64dec5cd0d55dd/sledge_raw.gz,static_objects,native_cache_directory,11,3,3,8,0,30,-27,22.55338478088379,,
bd545bd3d4d85c8c,traversing_crosswalk,2021.09.07.13.06.36_veh-42_01306_01697,2021.09.07.13.06.36_veh-42_01306_01697/traversing_crosswalk/bd545bd3d4d85c8c/sledge_raw.gz,vehicles,native_cache_directory,1,0,0,1,0,50,-50,,,
bd545bd3d4d85c8c,traversing_crosswalk,2021.09.07.13.06.36_veh-42_01306_01697,2021.09.07.13.06.36_veh-42_01306_01697/traversing_crosswalk/bd545bd3d4d85c8c/sledge_raw.gz,pedestrians,native_cache_directory,1,0,0,1,0,20,-20,,,
bd545bd3d4d85c8c,traversing_crosswalk,2021.09.07.13.06.36_veh-42_01306_01697,2021.09.07.13.06.36_veh-42_01306_01697/traversing_crosswalk/bd545bd3d4d85c8c/sledge_raw.gz,static_objects,native_cache_directory,1,0,0,1,0,30,-30,,,
7f4bc5b20b725c3f,traversing_crosswalk,2021.06.30.15.31.03_veh-35_01536_03198,2021.06.30.15.31.03_veh-35_01536_03198/traversing_crosswalk/7f4bc5b20b725c3f/sledge_raw.gz,vehicles,native_cache_directory,8,2,2,6,0,50,-48,26.6510066986084,,
7f4bc5b20b725c3f,traversing_crosswalk,2021.06.30.15.31.03_veh-35_01536_03198,2021.06.30.15.31.03_veh-35_01536_03198/traversing_crosswalk/7f4bc5b20b725c3f/sledge_raw.gz,pedestrians,native_cache_directory,0,0,0,0,0,20,-20,,,
7f4bc5b20b725c3f,traversing_crosswalk,2021.06.30.15.31.03_veh-35_01536_03198,2021.06.30.15.31.03_veh-35_01536_03198/traversing_crosswalk/7f4bc5b20b725c3f/sledge_raw.gz,static_objects,native_cache_directory,50,16,16,34,0,30,-14,33.84360885620117,,
48e451b0c0365fbe,traversing_crosswalk,2021.09.28.06.03.19_veh-49_00016_00474,2021.09.28.06.03.19_veh-49_00016_00474/traversing_crosswalk/48e451b0c0365fbe/sledge_raw.gz,vehicles,native_cache_directory,4,2,2,2,0,50,-48,26.13890266418457,,
48e451b0c0365fbe,traversing_crosswalk,2021.09.28.06.03.19_veh-49_00016_00474,2021.09.28.06.03.19_veh-49_00016_00474/traversing_crosswalk/48e451b0c0365fbe/sledge_raw.gz,pedestrians,native_cache_directory,7,2,2,5,0,20,-18,30.405977249145508,,
48e451b0c0365fbe,traversing_crosswalk,2021.09.28.06.03.19_veh-49_00016_00474,2021.09.28.06.03.19_veh-49_00016_00474/traversing_crosswalk/48e451b0c0365fbe/sledge_raw.gz,static_objects,native_cache_directory,17,15,15,2,0,30,-15,40.392642974853516,,
693ea13d4de150b5,traversing_crosswalk,2021.08.24.20.03.01_veh-45_01091_01622,2021.08.24.20.03.01_veh-45_01091_01622/traversing_crosswalk/693ea13d4de150b5/sledge_raw.gz,vehicles,native_cache_directory,22,8,8,14,0,50,-42,28.213605880737305,,
693ea13d4de150b5,traversing_crosswalk,2021.08.24.20.03.01_veh-45_01091_01622,2021.08.24.20.03.01_veh-45_01091_01622/traversing_crosswalk/693ea13d4de150b5/sledge_raw.gz,pedestrians,native_cache_directory,7,3,3,4,0,20,-17,31.683666229248047,,
693ea13d4de150b5,traversing_crosswalk,2021.08.24.20.03.01_veh-45_01091_01622,2021.08.24.20.03.01_veh-45_01091_01622/traversing_crosswalk/693ea13d4de150b5/sledge_raw.gz,static_objects,native_cache_directory,2,2,2,0,0,30,-28,15.792829513549805,,
c079dcab20995f41,traversing_crosswalk,2021.07.09.20.59.12_veh-38_03292_04331,2021.07.09.20.59.12_veh-38_03292_04331/traversing_crosswalk/c079dcab20995f41/sledge_raw.gz,vehicles,native_cache_directory,25,9,9,16,0,50,-41,31.964252471923828,,
c079dcab20995f41,traversing_crosswalk,2021.07.09.20.59.12_veh-38_03292_04331,2021.07.09.20.59.12_veh-38_03292_04331/traversing_crosswalk/c079dcab20995f41/sledge_raw.gz,pedestrians,native_cache_directory,27,7,7,20,0,20,-13,32.23600387573242,,
c079dcab20995f41,traversing_crosswalk,2021.07.09.20.59.12_veh-38_03292_04331,2021.07.09.20.59.12_veh-38_03292_04331/traversing_crosswalk/c079dcab20995f41/sledge_raw.gz,static_objects,native_cache_directory,83,11,11,72,0,30,-19,29.472314834594727,,
23b83fe82aef5d1b,traversing_crosswalk,2021.07.16.00.33.19_veh-12_00353_00687,2021.07.16.00.33.19_veh-12_00353_00687/traversing_crosswalk/23b83fe82aef5d1b/sledge_raw.gz,vehicles,native_cache_directory,14,4,4,10,0,50,-46,32.10707473754883,,
23b83fe82aef5d1b,traversing_crosswalk,2021.07.16.00.33.19_veh-12_00353_00687,2021.07.16.00.33.19_veh-12_00353_00687/traversing_crosswalk/23b83fe82aef5d1b/sledge_raw.gz,pedestrians,native_cache_directory,99,84,20,15,64,20,64,11.107808113098145,11.112924575805664,0.005116462707519531
23b83fe82aef5d1b,traversing_crosswalk,2021.07.16.00.33.19_veh-12_00353_00687,2021.07.16.00.33.19_veh-12_00353_00687/traversing_crosswalk/23b83fe82aef5d1b/sledge_raw.gz,static_objects,native_cache_directory,116,79,30,37,49,30,49,16.8674373626709,18.443485260009766,1.5760478973388672
05617b4359e55f70,traversing_crosswalk,2021.07.19.17.15.36_veh-47_00116_01292,2021.07.19.17.15.36_veh-47_00116_01292/traversing_crosswalk/05617b4359e55f70/sledge_raw.gz,vehicles,native_cache_directory,15,6,6,9,0,50,-44,35.284725189208984,,
05617b4359e55f70,traversing_crosswalk,2021.07.19.17.15.36_veh-47_00116_01292,2021.07.19.17.15.36_veh-47_00116_01292/traversing_crosswalk/05617b4359e55f70/sledge_raw.gz,pedestrians,native_cache_directory,75,40,20,35,20,20,20,27.842741012573242,27.978008270263672,0.1352672576904297
05617b4359e55f70,traversing_crosswalk,2021.07.19.17.15.36_veh-47_00116_01292,2021.07.19.17.15.36_veh-47_00116_01292/traversing_crosswalk/05617b4359e55f70/sledge_raw.gz,static_objects,native_cache_directory,108,78,30,30,48,30,48,18.473068237304688,20.157480239868164,1.6844120025634766
ad9c12efb6965dbc,traversing_crosswalk,2021.09.02.13.53.58_veh-40_00444_00718,2021.09.02.13.53.58_veh-40_00444_00718/traversing_crosswalk/ad9c12efb6965dbc/sledge_raw.gz,vehicles,native_cache_directory,15,4,4,11,0,50,-46,35.14871597290039,,
ad9c12efb6965dbc,traversing_crosswalk,2021.09.02.13.53.58_veh-40_00444_00718,2021.09.02.13.53.58_veh-40_00444_00718/traversing_crosswalk/ad9c12efb6965dbc/sledge_raw.gz,pedestrians,native_cache_directory,3,2,2,1,0,20,-18,12.69603443145752,,
ad9c12efb6965dbc,traversing_crosswalk,2021.09.02.13.53.58_veh-40_00444_00718,2021.09.02.13.53.58_veh-40_00444_00718/traversing_crosswalk/ad9c12efb6965dbc/sledge_raw.gz,static_objects,native_cache_directory,4,4,4,0,0,30,-26,28.354990005493164,,
c5d6ae37b02e5b67,traversing_crosswalk,2021.06.11.12.06.26_veh-35_04260_04949,2021.06.11.12.06.26_veh-35_04260_04949/traversing_crosswalk/c5d6ae37b02e5b67/sledge_raw.gz,vehicles,native_cache_directory,12,3,3,9,0,50,-47,21.68104362487793,,
c5d6ae37b02e5b67,traversing_crosswalk,2021.06.11.12.06.26_veh-35_04260_04949,2021.06.11.12.06.26_veh-35_04260_04949/traversing_crosswalk/c5d6ae37b02e5b67/sledge_raw.gz,pedestrians,native_cache_directory,4,2,2,2,0,20,-18,14.197615623474121,,
c5d6ae37b02e5b67,traversing_crosswalk,2021.06.11.12.06.26_veh-35_04260_04949,2021.06.11.12.06.26_veh-35_04260_04949/traversing_crosswalk/c5d6ae37b02e5b67/sledge_raw.gz,static_objects,native_cache_directory,8,2,2,6,0,30,-28,16.640695571899414,,
ac881d283530571e,traversing_crosswalk,2021.10.01.14.49.24_veh-44_00772_01428,2021.10.01.14.49.24_veh-44_00772_01428/traversing_crosswalk/ac881d283530571e/sledge_raw.gz,vehicles,native_cache_directory,1,0,0,1,0,50,-50,,,
ac881d283530571e,traversing_crosswalk,2021.10.01.14.49.24_veh-44_00772_01428,2021.10.01.14.49.24_veh-44_00772_01428/traversing_crosswalk/ac881d283530571e/sledge_raw.gz,pedestrians,native_cache_directory,4,1,1,3,0,20,-19,35.357337951660156,,
ac881d283530571e,traversing_crosswalk,2021.10.01.14.49.24_veh-44_00772_01428,2021.10.01.14.49.24_veh-44_00772_01428/traversing_crosswalk/ac881d283530571e/sledge_raw.gz,static_objects,native_cache_directory,1,1,1,0,0,30,-29,21.93096160888672,,
c7563fc745f254e6,traversing_crosswalk,2021.06.04.16.32.45_veh-16_00595_01448,2021.06.04.16.32.45_veh-16_00595_01448/traversing_crosswalk/c7563fc745f254e6/sledge_raw.gz,vehicles,native_cache_directory,6,5,5,1,0,50,-45,32.48960494995117,,
c7563fc745f254e6,traversing_crosswalk,2021.06.04.16.32.45_veh-16_00595_01448,2021.06.04.16.32.45_veh-16_00595_01448/traversing_crosswalk/c7563fc745f254e6/sledge_raw.gz,pedestrians,native_cache_directory,90,61,20,29,41,20,41,21.017805099487305,23.32678985595703,2.3089847564697266
c7563fc745f254e6,traversing_crosswalk,2021.06.04.16.32.45_veh-16_00595_01448,2021.06.04.16.32.45_veh-16_00595_01448/traversing_crosswalk/c7563fc745f254e6/sledge_raw.gz,static_objects,native_cache_directory,107,69,30,38,39,30,39,18.522733688354492,20.217365264892578,1.694631576538086
22e7e2507aa45ff9,traversing_crosswalk,2021.07.16.16.08.35_veh-35_01303_01641,2021.07.16.16.08.35_veh-35_01303_01641/traversing_crosswalk/22e7e2507aa45ff9/sledge_raw.gz,vehicles,native_cache_directory,33,15,15,18,0,50,-35,37.40531539916992,,
22e7e2507aa45ff9,traversing_crosswalk,2021.07.16.16.08.35_veh-35_01303_01641,2021.07.16.16.08.35_veh-35_01303_01641/traversing_crosswalk/22e7e2507aa45ff9/sledge_raw.gz,pedestrians,native_cache_directory,50,31,20,19,11,20,11,22.704469680786133,22.768709182739258,0.064239501953125
22e7e2507aa45ff9,traversing_crosswalk,2021.07.16.16.08.35_veh-35_01303_01641,2021.07.16.16.08.35_veh-35_01303_01641/traversing_crosswalk/22e7e2507aa45ff9/sledge_raw.gz,static_objects,native_cache_directory,170,51,30,119,21,30,21,20.189546585083008,20.454362869262695,0.2648162841796875
502070a00a7a5e84,traversing_crosswalk,2021.08.27.03.47.52_veh-53_00016_00432,2021.08.27.03.47.52_veh-53_00016_00432/traversing_crosswalk/502070a00a7a5e84/sledge_raw.gz,vehicles,native_cache_directory,2,0,0,2,0,50,-50,,,
502070a00a7a5e84,traversing_crosswalk,2021.08.27.03.47.52_veh-53_00016_00432,2021.08.27.03.47.52_veh-53_00016_00432/traversing_crosswalk/502070a00a7a5e84/sledge_raw.gz,pedestrians,native_cache_directory,0,0,0,0,0,20,-20,,,
502070a00a7a5e84,traversing_crosswalk,2021.08.27.03.47.52_veh-53_00016_00432,2021.08.27.03.47.52_veh-53_00016_00432/traversing_crosswalk/502070a00a7a5e84/sledge_raw.gz,static_objects,native_cache_directory,1,1,1,0,0,30,-29,12.654946327209473,,
2afd1b3e556d55b8,traversing_crosswalk,2021.08.26.18.24.36_veh-28_01639_01724,2021.08.26.18.24.36_veh-28_01639_01724/traversing_crosswalk/2afd1b3e556d55b8/sledge_raw.gz,vehicles,native_cache_directory,1,1,1,0,0,50,-49,20.293048858642578,,
2afd1b3e556d55b8,traversing_crosswalk,2021.08.26.18.24.36_veh-28_01639_01724,2021.08.26.18.24.36_veh-28_01639_01724/traversing_crosswalk/2afd1b3e556d55b8/sledge_raw.gz,pedestrians,native_cache_directory,2,1,1,1,0,20,-19,19.717145919799805,,
2afd1b3e556d55b8,traversing_crosswalk,2021.08.26.18.24.36_veh-28_01639_01724,2021.08.26.18.24.36_veh-28_01639_01724/traversing_crosswalk/2afd1b3e556d55b8/sledge_raw.gz,static_objects,native_cache_directory,2,1,1,1,0,30,-29,9.162653923034668,,
829a3690e3215ea0,traversing_crosswalk,2021.05.28.16.28.19_veh-35_00935_01203,2021.05.28.16.28.19_veh-35_00935_01203/traversing_crosswalk/829a3690e3215ea0/sledge_raw.gz,vehicles,native_cache_directory,22,12,12,10,0,50,-38,33.93437576293945,,
829a3690e3215ea0,traversing_crosswalk,2021.05.28.16.28.19_veh-35_00935_01203,2021.05.28.16.28.19_veh-35_00935_01203/traversing_crosswalk/829a3690e3215ea0/sledge_raw.gz,pedestrians,native_cache_directory,75,41,20,34,21,20,21,27.803613662719727,27.884340286254883,0.08072662353515625
829a3690e3215ea0,traversing_crosswalk,2021.05.28.16.28.19_veh-35_00935_01203,2021.05.28.16.28.19_veh-35_00935_01203/traversing_crosswalk/829a3690e3215ea0/sledge_raw.gz,static_objects,native_cache_directory,113,84,30,29,54,30,54,18.268892288208008,19.9305419921875,1.6616497039794922
e3b0334559635aea,traversing_crosswalk,2021.09.07.06.56.13_veh-49_00946_01403,2021.09.07.06.56.13_veh-49_00946_01403/traversing_crosswalk/e3b0334559635aea/sledge_raw.gz,vehicles,native_cache_directory,2,1,1,1,0,50,-49,30.889677047729492,,
e3b0334559635aea,traversing_crosswalk,2021.09.07.06.56.13_veh-49_00946_01403,2021.09.07.06.56.13_veh-49_00946_01403/traversing_crosswalk/e3b0334559635aea/sledge_raw.gz,pedestrians,native_cache_directory,0,0,0,0,0,20,-20,,,
e3b0334559635aea,traversing_crosswalk,2021.09.07.06.56.13_veh-49_00946_01403,2021.09.07.06.56.13_veh-49_00946_01403/traversing_crosswalk/e3b0334559635aea/sledge_raw.gz,static_objects,native_cache_directory,1,0,0,1,0,30,-30,,,
82a2c4431e285065,traversing_crosswalk,2021.09.27.07.51.20_veh-50_02099_02372,2021.09.27.07.51.20_veh-50_02099_02372/traversing_crosswalk/82a2c4431e285065/sledge_raw.gz,vehicles,native_cache_directory,0,0,0,0,0,50,-50,,,
82a2c4431e285065,traversing_crosswalk,2021.09.27.07.51.20_veh-50_02099_02372,2021.09.27.07.51.20_veh-50_02099_02372/traversing_crosswalk/82a2c4431e285065/sledge_raw.gz,pedestrians,native_cache_directory,1,1,1,0,0,20,-19,27.932104110717773,,
82a2c4431e285065,traversing_crosswalk,2021.09.27.07.51.20_veh-50_02099_02372,2021.09.27.07.51.20_veh-50_02099_02372/traversing_crosswalk/82a2c4431e285065/sledge_raw.gz,static_objects,native_cache_directory,0,0,0,0,0,30,-30,,,
00f6ea22dd695448,traversing_crosswalk,2021.09.14.03.07.08_veh-51_00751_01109,2021.09.14.03.07.08_veh-51_00751_01109/traversing_crosswalk/00f6ea22dd695448/sledge_raw.gz,vehicles,native_cache_directory,17,9,9,8,0,50,-41,35.513755798339844,,
00f6ea22dd695448,traversing_crosswalk,2021.09.14.03.07.08_veh-51_00751_01109,2021.09.14.03.07.08_veh-51_00751_01109/traversing_crosswalk/00f6ea22dd695448/sledge_raw.gz,pedestrians,native_cache_directory,1,0,0,1,0,20,-20,,,
00f6ea22dd695448,traversing_crosswalk,2021.09.14.03.07.08_veh-51_00751_01109,2021.09.14.03.07.08_veh-51_00751_01109/traversing_crosswalk/00f6ea22dd695448/sledge_raw.gz,static_objects,native_cache_directory,0,0,0,0,0,30,-30,,,
18af2691c28c5fc9,traversing_crosswalk,2021.07.22.21.07.31_veh-47_00006_00828,2021.07.22.21.07.31_veh-47_00006_00828/traversing_crosswalk/18af2691c28c5fc9/sledge_raw.gz,vehicles,native_cache_directory,11,3,3,8,0,50,-47,30.804834365844727,,
18af2691c28c5fc9,traversing_crosswalk,2021.07.22.21.07.31_veh-47_00006_00828,2021.07.22.21.07.31_veh-47_00006_00828/traversing_crosswalk/18af2691c28c5fc9/sledge_raw.gz,pedestrians,native_cache_directory,7,1,1,6,0,20,-19,11.221102714538574,,
18af2691c28c5fc9,traversing_crosswalk,2021.07.22.21.07.31_veh-47_00006_00828,2021.07.22.21.07.31_veh-47_00006_00828/traversing_crosswalk/18af2691c28c5fc9/sledge_raw.gz,static_objects,native_cache_directory,48,16,16,32,0,30,-14,34.91796112060547,,
e0ac753e4bad55d6,traversing_crosswalk,2021.09.28.19.55.30_veh-44_01975_02507,2021.09.28.19.55.30_veh-44_01975_02507/traversing_crosswalk/e0ac753e4bad55d6/sledge_raw.gz,vehicles,native_cache_directory,8,0,0,8,0,50,-50,,,
e0ac753e4bad55d6,traversing_crosswalk,2021.09.28.19.55.30_veh-44_01975_02507,2021.09.28.19.55.30_veh-44_01975_02507/traversing_crosswalk/e0ac753e4bad55d6/sledge_raw.gz,pedestrians,native_cache_directory,2,0,0,2,0,20,-20,,,
e0ac753e4bad55d6,traversing_crosswalk,2021.09.28.19.55.30_veh-44_01975_02507,2021.09.28.19.55.30_veh-44_01975_02507/traversing_crosswalk/e0ac753e4bad55d6/sledge_raw.gz,static_objects,native_cache_directory,8,3,3,5,0,30,-27,27.63005828857422,,
ffc18f3ff6085fd6,traversing_crosswalk,2021.07.22.18.57.03_veh-26_00706_01903,2021.07.22.18.57.03_veh-26_00706_01903/traversing_crosswalk/ffc18f3ff6085fd6/sledge_raw.gz,vehicles,native_cache_directory,10,6,6,4,0,50,-44,29.36334991455078,,
ffc18f3ff6085fd6,traversing_crosswalk,2021.07.22.18.57.03_veh-26_00706_01903,2021.07.22.18.57.03_veh-26_00706_01903/traversing_crosswalk/ffc18f3ff6085fd6/sledge_raw.gz,pedestrians,native_cache_directory,7,1,1,6,0,20,-19,17.026378631591797,,
ffc18f3ff6085fd6,traversing_crosswalk,2021.07.22.18.57.03_veh-26_00706_01903,2021.07.22.18.57.03_veh-26_00706_01903/traversing_crosswalk/ffc18f3ff6085fd6/sledge_raw.gz,static_objects,native_cache_directory,20,16,16,4,0,30,-14,33.71472930908203,,
2405ed98d4ac5799,traversing_crosswalk,2021.08.27.04.11.22_veh-51_01395_01767,2021.08.27.04.11.22_veh-51_01395_01767/traversing_crosswalk/2405ed98d4ac5799/sledge_raw.gz,vehicles,native_cache_directory,11,6,6,5,0,50,-44,25.85634422302246,,
2405ed98d4ac5799,traversing_crosswalk,2021.08.27.04.11.22_veh-51_01395_01767,2021.08.27.04.11.22_veh-51_01395_01767/traversing_crosswalk/2405ed98d4ac5799/sledge_raw.gz,pedestrians,native_cache_directory,40,12,12,28,0,20,-8,39.81276321411133,,
2405ed98d4ac5799,traversing_crosswalk,2021.08.27.04.11.22_veh-51_01395_01767,2021.08.27.04.11.22_veh-51_01395_01767/traversing_crosswalk/2405ed98d4ac5799/sledge_raw.gz,static_objects,native_cache_directory,2,2,2,0,0,30,-28,34.07944107055664,,
b1e33db8f6245339,traversing_crosswalk,2021.06.12.11.57.54_veh-38_00177_00963,2021.06.12.11.57.54_veh-38_00177_00963/traversing_crosswalk/b1e33db8f6245339/sledge_raw.gz,vehicles,native_cache_directory,10,5,5,5,0,50,-45,32.09736251831055,,
b1e33db8f6245339,traversing_crosswalk,2021.06.12.11.57.54_veh-38_00177_00963,2021.06.12.11.57.54_veh-38_00177_00963/traversing_crosswalk/b1e33db8f6245339/sledge_raw.gz,pedestrians,native_cache_directory,14,9,9,5,0,20,-11,28.73541831970215,,
b1e33db8f6245339,traversing_crosswalk,2021.06.12.11.57.54_veh-38_00177_00963,2021.06.12.11.57.54_veh-38_00177_00963/traversing_crosswalk/b1e33db8f6245339/sledge_raw.gz,static_objects,native_cache_directory,37,16,16,21,0,30,-14,26.63808822631836,,
9ecbc2ac5a1d5c2c,traversing_crosswalk,2021.07.15.18.04.19_veh-35_00990_02496,2021.07.15.18.04.19_veh-35_00990_02496/traversing_crosswalk/9ecbc2ac5a1d5c2c/sledge_raw.gz,vehicles,native_cache_directory,9,3,3,6,0,50,-47,32.024261474609375,,
9ecbc2ac5a1d5c2c,traversing_crosswalk,2021.07.15.18.04.19_veh-35_00990_02496,2021.07.15.18.04.19_veh-35_00990_02496/traversing_crosswalk/9ecbc2ac5a1d5c2c/sledge_raw.gz,pedestrians,native_cache_directory,6,4,4,2,0,20,-16,37.0309944152832,,
9ecbc2ac5a1d5c2c,traversing_crosswalk,2021.07.15.18.04.19_veh-35_00990_02496,2021.07.15.18.04.19_veh-35_00990_02496/traversing_crosswalk/9ecbc2ac5a1d5c2c/sledge_raw.gz,static_objects,native_cache_directory,43,15,15,28,0,30,-15,35.92953109741211,,
f30ccf094bc258bb,traversing_crosswalk,2021.09.01.12.09.01_veh-40_00284_00512,2021.09.01.12.09.01_veh-40_00284_00512/traversing_crosswalk/f30ccf094bc258bb/sledge_raw.gz,vehicles,native_cache_directory,10,4,4,6,0,50,-46,41.00033950805664,,
f30ccf094bc258bb,traversing_crosswalk,2021.09.01.12.09.01_veh-40_00284_00512,2021.09.01.12.09.01_veh-40_00284_00512/traversing_crosswalk/f30ccf094bc258bb/sledge_raw.gz,pedestrians,native_cache_directory,0,0,0,0,0,20,-20,,,
f30ccf094bc258bb,traversing_crosswalk,2021.09.01.12.09.01_veh-40_00284_00512,2021.09.01.12.09.01_veh-40_00284_00512/traversing_crosswalk/f30ccf094bc258bb/sledge_raw.gz,static_objects,native_cache_directory,4,4,4,0,0,30,-26,10.85208511352539,,
955f3b7da737558e,traversing_crosswalk,2021.07.06.16.21.11_veh-35_00878_01362,2021.07.06.16.21.11_veh-35_00878_01362/traversing_crosswalk/955f3b7da737558e/sledge_raw.gz,vehicles,native_cache_directory,7,4,4,3,0,50,-46,25.93454360961914,,
955f3b7da737558e,traversing_crosswalk,2021.07.06.16.21.11_veh-35_00878_01362,2021.07.06.16.21.11_veh-35_00878_01362/traversing_crosswalk/955f3b7da737558e/sledge_raw.gz,pedestrians,native_cache_directory,5,0,0,5,0,20,-20,,,
955f3b7da737558e,traversing_crosswalk,2021.07.06.16.21.11_veh-35_00878_01362,2021.07.06.16.21.11_veh-35_00878_01362/traversing_crosswalk/955f3b7da737558e/sledge_raw.gz,static_objects,native_cache_directory,30,17,17,13,0,30,-13,29.982751846313477,,
77a01f225935592a,traversing_crosswalk,2021.07.09.01.20.00_veh-37_04031_04498,2021.07.09.01.20.00_veh-37_04031_04498/traversing_crosswalk/77a01f225935592a/sledge_raw.gz,vehicles,native_cache_directory,20,9,9,11,0,50,-41,34.34144592285156,,
77a01f225935592a,traversing_crosswalk,2021.07.09.01.20.00_veh-37_04031_04498,2021.07.09.01.20.00_veh-37_04031_04498/traversing_crosswalk/77a01f225935592a/sledge_raw.gz,pedestrians,native_cache_directory,74,48,20,26,28,20,28,26.541440963745117,26.59259796142578,0.05115699768066406
77a01f225935592a,traversing_crosswalk,2021.07.09.01.20.00_veh-37_04031_04498,2021.07.09.01.20.00_veh-37_04031_04498/traversing_crosswalk/77a01f225935592a/sledge_raw.gz,static_objects,native_cache_directory,111,72,30,39,42,30,42,18.38551902770996,20.031272888183594,1.6457538604736328
04d92392f85656c2,traversing_crosswalk,2021.09.28.06.53.26_veh-53_01908_02329,2021.09.28.06.53.26_veh-53_01908_02329/traversing_crosswalk/04d92392f85656c2/sledge_raw.gz,vehicles,native_cache_directory,4,1,1,3,0,50,-49,16.77471351623535,,
04d92392f85656c2,traversing_crosswalk,2021.09.28.06.53.26_veh-53_01908_02329,2021.09.28.06.53.26_veh-53_01908_02329/traversing_crosswalk/04d92392f85656c2/sledge_raw.gz,pedestrians,native_cache_directory,0,0,0,0,0,20,-20,,,
04d92392f85656c2,traversing_crosswalk,2021.09.28.06.53.26_veh-53_01908_02329,2021.09.28.06.53.26_veh-53_01908_02329/traversing_crosswalk/04d92392f85656c2/sledge_raw.gz,static_objects,native_cache_directory,1,0,0,1,0,30,-30,,,
64edcf741fdc57a6,traversing_crosswalk,2021.09.06.07.45.37_veh-53_00486_01129,2021.09.06.07.45.37_veh-53_00486_01129/traversing_crosswalk/64edcf741fdc57a6/sledge_raw.gz,vehicles,native_cache_directory,1,1,1,0,0,50,-49,15.932966232299805,,
64edcf741fdc57a6,traversing_crosswalk,2021.09.06.07.45.37_veh-53_00486_01129,2021.09.06.07.45.37_veh-53_00486_01129/traversing_crosswalk/64edcf741fdc57a6/sledge_raw.gz,pedestrians,native_cache_directory,6,4,4,2,0,20,-16,35.13062286376953,,
64edcf741fdc57a6,traversing_crosswalk,2021.09.06.07.45.37_veh-53_00486_01129,2021.09.06.07.45.37_veh-53_00486_01129/traversing_crosswalk/64edcf741fdc57a6/sledge_raw.gz,static_objects,native_cache_directory,1,0,0,1,0,30,-30,,,
d835546f2aeb55dd,traversing_crosswalk,2021.09.29.02.47.23_veh-53_00016_00435,2021.09.29.02.47.23_veh-53_00016_00435/traversing_crosswalk/d835546f2aeb55dd/sledge_raw.gz,vehicles,native_cache_directory,0,0,0,0,0,50,-50,,,
d835546f2aeb55dd,traversing_crosswalk,2021.09.29.02.47.23_veh-53_00016_00435,2021.09.29.02.47.23_veh-53_00016_00435/traversing_crosswalk/d835546f2aeb55dd/sledge_raw.gz,pedestrians,native_cache_directory,1,0,0,1,0,20,-20,,,
d835546f2aeb55dd,traversing_crosswalk,2021.09.29.02.47.23_veh-53_00016_00435,2021.09.29.02.47.23_veh-53_00016_00435/traversing_crosswalk/d835546f2aeb55dd/sledge_raw.gz,static_objects,native_cache_directory,0,0,0,0,0,30,-30,,,
960e72ec2ea45a8c,traversing_crosswalk,2021.07.22.16.48.26_veh-26_00016_01128,2021.07.22.16.48.26_veh-26_00016_01128/traversing_crosswalk/960e72ec2ea45a8c/sledge_raw.gz,vehicles,native_cache_directory,3,1,1,2,0,50,-49,29.00774574279785,,
960e72ec2ea45a8c,traversing_crosswalk,2021.07.22.16.48.26_veh-26_00016_01128,2021.07.22.16.48.26_veh-26_00016_01128/traversing_crosswalk/960e72ec2ea45a8c/sledge_raw.gz,pedestrians,native_cache_directory,2,2,2,0,0,20,-18,31.747331619262695,,
960e72ec2ea45a8c,traversing_crosswalk,2021.07.22.16.48.26_veh-26_00016_01128,2021.07.22.16.48.26_veh-26_00016_01128/traversing_crosswalk/960e72ec2ea45a8c/sledge_raw.gz,static_objects,native_cache_directory,13,4,4,9,0,30,-26,22.585573196411133,,
f60a010b13cc55e4,on_pickup_dropoff,2021.05.21.11.47.54_veh-27_00559_01105,2021.05.21.11.47.54_veh-27_00559_01105/on_pickup_dropoff/f60a010b13cc55e4/sledge_raw.gz,vehicles,native_cache_directory,6,4,4,2,0,50,-46,28.9675235748291,,
f60a010b13cc55e4,on_pickup_dropoff,2021.05.21.11.47.54_veh-27_00559_01105,2021.05.21.11.47.54_veh-27_00559_01105/on_pickup_dropoff/f60a010b13cc55e4/sledge_raw.gz,pedestrians,native_cache_directory,18,14,14,4,0,20,-6,38.42033386230469,,
f60a010b13cc55e4,on_pickup_dropoff,2021.05.21.11.47.54_veh-27_00559_01105,2021.05.21.11.47.54_veh-27_00559_01105/on_pickup_dropoff/f60a010b13cc55e4/sledge_raw.gz,static_objects,native_cache_directory,66,55,30,11,25,30,25,21.02136993408203,21.18067741394043,0.15930747985839844
f9f583d8d6565f97,on_pickup_dropoff,2021.07.15.18.04.19_veh-35_00990_02496,2021.07.15.18.04.19_veh-35_00990_02496/on_pickup_dropoff/f9f583d8d6565f97/sledge_raw.gz,vehicles,native_cache_directory,9,3,3,6,0,50,-47,22.490142822265625,,
f9f583d8d6565f97,on_pickup_dropoff,2021.07.15.18.04.19_veh-35_00990_02496,2021.07.15.18.04.19_veh-35_00990_02496/on_pickup_dropoff/f9f583d8d6565f97/sledge_raw.gz,pedestrians,native_cache_directory,14,13,13,1,0,20,-7,41.224300384521484,,
f9f583d8d6565f97,on_pickup_dropoff,2021.07.15.18.04.19_veh-35_00990_02496,2021.07.15.18.04.19_veh-35_00990_02496/on_pickup_dropoff/f9f583d8d6565f97/sledge_raw.gz,static_objects,native_cache_directory,71,55,30,16,25,30,25,20.663576126098633,21.56906509399414,0.9054889678955078
906e6453e51e5ebf,on_pickup_dropoff,2021.07.23.16.32.39_veh-17_00960_01437,2021.07.23.16.32.39_veh-17_00960_01437/on_pickup_dropoff/906e6453e51e5ebf/sledge_raw.gz,vehicles,native_cache_directory,17,5,5,12,0,50,-45,25.380840301513672,,
906e6453e51e5ebf,on_pickup_dropoff,2021.07.23.16.32.39_veh-17_00960_01437,2021.07.23.16.32.39_veh-17_00960_01437/on_pickup_dropoff/906e6453e51e5ebf/sledge_raw.gz,pedestrians,native_cache_directory,42,16,16,26,0,20,-4,38.186256408691406,,
906e6453e51e5ebf,on_pickup_dropoff,2021.07.23.16.32.39_veh-17_00960_01437,2021.07.23.16.32.39_veh-17_00960_01437/on_pickup_dropoff/906e6453e51e5ebf/sledge_raw.gz,static_objects,native_cache_directory,118,23,23,95,0,30,-7,31.984872817993164,,
891af590daef550d,on_pickup_dropoff,2021.06.21.20.58.30_veh-47_02077_03850,2021.06.21.20.58.30_veh-47_02077_03850/on_pickup_dropoff/891af590daef550d/sledge_raw.gz,vehicles,native_cache_directory,39,14,14,25,0,50,-36,40.68687057495117,,
891af590daef550d,on_pickup_dropoff,2021.06.21.20.58.30_veh-47_02077_03850,2021.06.21.20.58.30_veh-47_02077_03850/on_pickup_dropoff/891af590daef550d/sledge_raw.gz,pedestrians,native_cache_directory,51,47,20,4,27,20,27,24.81222152709961,24.82572364807129,0.013502120971679688
891af590daef550d,on_pickup_dropoff,2021.06.21.20.58.30_veh-47_02077_03850,2021.06.21.20.58.30_veh-47_02077_03850/on_pickup_dropoff/891af590daef550d/sledge_raw.gz,static_objects,native_cache_directory,108,58,30,50,28,30,28,21.459543228149414,22.058626174926758,0.5990829467773438
4c6e9efb966a55c5,on_pickup_dropoff,2021.07.14.16.58.38_veh-38_02164_03516,2021.07.14.16.58.38_veh-38_02164_03516/on_pickup_dropoff/4c6e9efb966a55c5/sledge_raw.gz,vehicles,native_cache_directory,13,5,5,8,0,50,-45,31.258670806884766,,
4c6e9efb966a55c5,on_pickup_dropoff,2021.07.14.16.58.38_veh-38_02164_03516,2021.07.14.16.58.38_veh-38_02164_03516/on_pickup_dropoff/4c6e9efb966a55c5/sledge_raw.gz,pedestrians,native_cache_directory,38,22,20,16,2,20,2,25.966638565063477,26.758390426635742,0.7917518615722656
4c6e9efb966a55c5,on_pickup_dropoff,2021.07.14.16.58.38_veh-38_02164_03516,2021.07.14.16.58.38_veh-38_02164_03516/on_pickup_dropoff/4c6e9efb966a55c5/sledge_raw.gz,static_objects,native_cache_directory,52,42,30,10,12,30,12,18.619338989257812,19.322031021118164,0.7026920318603516
4e58ad5f157b51c4,on_pickup_dropoff,2021.06.16.17.52.52_veh-47_00659_00976,2021.06.16.17.52.52_veh-47_00659_00976/on_pickup_dropoff/4e58ad5f157b51c4/sledge_raw.gz,vehicles,native_cache_directory,27,10,10,17,0,50,-40,36.36565399169922,,
4e58ad5f157b51c4,on_pickup_dropoff,2021.06.16.17.52.52_veh-47_00659_00976,2021.06.16.17.52.52_veh-47_00659_00976/on_pickup_dropoff/4e58ad5f157b51c4/sledge_raw.gz,pedestrians,native_cache_directory,71,37,20,34,17,20,17,12.454793930053711,12.515591621398926,0.060797691345214844
4e58ad5f157b51c4,on_pickup_dropoff,2021.06.16.17.52.52_veh-47_00659_00976,2021.06.16.17.52.52_veh-47_00659_00976/on_pickup_dropoff/4e58ad5f157b51c4/sledge_raw.gz,static_objects,native_cache_directory,159,48,30,111,18,30,18,20.709569931030273,21.153053283691406,0.4434833526611328
78b8f9e1094459ff,on_pickup_dropoff,2021.07.24.00.58.02_veh-12_00016_00623,2021.07.24.00.58.02_veh-12_00016_00623/on_pickup_dropoff/78b8f9e1094459ff/sledge_raw.gz,vehicles,native_cache_directory,16,11,11,5,0,50,-39,33.98472213745117,,
78b8f9e1094459ff,on_pickup_dropoff,2021.07.24.00.58.02_veh-12_00016_00623,2021.07.24.00.58.02_veh-12_00016_00623/on_pickup_dropoff/78b8f9e1094459ff/sledge_raw.gz,pedestrians,native_cache_directory,10,3,3,7,0,20,-17,17.637754440307617,,
78b8f9e1094459ff,on_pickup_dropoff,2021.07.24.00.58.02_veh-12_00016_00623,2021.07.24.00.58.02_veh-12_00016_00623/on_pickup_dropoff/78b8f9e1094459ff/sledge_raw.gz,static_objects,native_cache_directory,20,14,14,6,0,30,-16,29.70953941345215,,
3204ef666c8c59e2,on_pickup_dropoff,2021.06.14.16.48.02_veh-12_01020_01720,2021.06.14.16.48.02_veh-12_01020_01720/on_pickup_dropoff/3204ef666c8c59e2/sledge_raw.gz,vehicles,native_cache_directory,7,6,6,1,0,50,-44,39.680206298828125,,
3204ef666c8c59e2,on_pickup_dropoff,2021.06.14.16.48.02_veh-12_01020_01720,2021.06.14.16.48.02_veh-12_01020_01720/on_pickup_dropoff/3204ef666c8c59e2/sledge_raw.gz,pedestrians,native_cache_directory,14,10,10,4,0,20,-10,27.729555130004883,,
3204ef666c8c59e2,on_pickup_dropoff,2021.06.14.16.48.02_veh-12_01020_01720,2021.06.14.16.48.02_veh-12_01020_01720/on_pickup_dropoff/3204ef666c8c59e2/sledge_raw.gz,static_objects,native_cache_directory,58,50,30,8,20,30,20,22.556907653808594,23.82103729248047,1.264129638671875
82c91c8a0a4a55e4,on_pickup_dropoff,2021.06.17.16.22.42_veh-26_01760_03043,2021.06.17.16.22.42_veh-26_01760_03043/on_pickup_dropoff/82c91c8a0a4a55e4/sledge_raw.gz,vehicles,native_cache_directory,10,4,4,6,0,50,-46,28.147659301757812,,
82c91c8a0a4a55e4,on_pickup_dropoff,2021.06.17.16.22.42_veh-26_01760_03043,2021.06.17.16.22.42_veh-26_01760_03043/on_pickup_dropoff/82c91c8a0a4a55e4/sledge_raw.gz,pedestrians,native_cache_directory,14,13,13,1,0,20,-7,29.874778747558594,,
82c91c8a0a4a55e4,on_pickup_dropoff,2021.06.17.16.22.42_veh-26_01760_03043,2021.06.17.16.22.42_veh-26_01760_03043/on_pickup_dropoff/82c91c8a0a4a55e4/sledge_raw.gz,static_objects,native_cache_directory,58,50,30,8,20,30,20,20.540388107299805,20.860239028930664,0.3198509216308594
314f8068d534570e,on_pickup_dropoff,2021.06.17.13.16.25_veh-47_03571_03908,2021.06.17.13.16.25_veh-47_03571_03908/on_pickup_dropoff/314f8068d534570e/sledge_raw.gz,vehicles,native_cache_directory,24,10,10,14,0,50,-40,29.318204879760742,,
314f8068d534570e,on_pickup_dropoff,2021.06.17.13.16.25_veh-47_03571_03908,2021.06.17.13.16.25_veh-47_03571_03908/on_pickup_dropoff/314f8068d534570e/sledge_raw.gz,pedestrians,native_cache_directory,56,44,20,12,24,20,24,13.065803527832031,13.24494457244873,0.17914104461669922
314f8068d534570e,on_pickup_dropoff,2021.06.17.13.16.25_veh-47_03571_03908,2021.06.17.13.16.25_veh-47_03571_03908/on_pickup_dropoff/314f8068d534570e/sledge_raw.gz,static_objects,native_cache_directory,156,49,30,107,19,30,19,23.88971710205078,24.27004623413086,0.3803291320800781
7ac08b7c991e5b91,on_pickup_dropoff,2021.07.24.00.36.59_veh-47_05600_06769,2021.07.24.00.36.59_veh-47_05600_06769/on_pickup_dropoff/7ac08b7c991e5b91/sledge_raw.gz,vehicles,native_cache_directory,49,26,26,23,0,50,-24,43.024192810058594,,
7ac08b7c991e5b91,on_pickup_dropoff,2021.07.24.00.36.59_veh-47_05600_06769,2021.07.24.00.36.59_veh-47_05600_06769/on_pickup_dropoff/7ac08b7c991e5b91/sledge_raw.gz,pedestrians,native_cache_directory,149,77,20,72,57,20,57,15.293213844299316,15.565997123718262,0.2727832794189453
7ac08b7c991e5b91,on_pickup_dropoff,2021.07.24.00.36.59_veh-47_05600_06769,2021.07.24.00.36.59_veh-47_05600_06769/on_pickup_dropoff/7ac08b7c991e5b91/sledge_raw.gz,static_objects,native_cache_directory,127,52,30,75,22,30,22,19.705488204956055,19.975421905517578,0.26993370056152344
e4644e364ae95006,on_pickup_dropoff,2021.05.28.16.28.19_veh-35_03206_03513,2021.05.28.16.28.19_veh-35_03206_03513/on_pickup_dropoff/e4644e364ae95006/sledge_raw.gz,vehicles,native_cache_directory,2,1,1,1,0,50,-49,9.280845642089844,,
e4644e364ae95006,on_pickup_dropoff,2021.05.28.16.28.19_veh-35_03206_03513,2021.05.28.16.28.19_veh-35_03206_03513/on_pickup_dropoff/e4644e364ae95006/sledge_raw.gz,pedestrians,native_cache_directory,3,3,3,0,0,20,-17,26.21526527404785,,
e4644e364ae95006,on_pickup_dropoff,2021.05.28.16.28.19_veh-35_03206_03513,2021.05.28.16.28.19_veh-35_03206_03513/on_pickup_dropoff/e4644e364ae95006/sledge_raw.gz,static_objects,native_cache_directory,30,24,24,6,0,30,-6,33.30850601196289,,
ae1d36b3512450ad,on_pickup_dropoff,2021.05.26.14.10.09_veh-38_02379_02633,2021.05.26.14.10.09_veh-38_02379_02633/on_pickup_dropoff/ae1d36b3512450ad/sledge_raw.gz,vehicles,native_cache_directory,30,6,6,24,0,50,-44,40.97151565551758,,
ae1d36b3512450ad,on_pickup_dropoff,2021.05.26.14.10.09_veh-38_02379_02633,2021.05.26.14.10.09_veh-38_02379_02633/on_pickup_dropoff/ae1d36b3512450ad/sledge_raw.gz,pedestrians,native_cache_directory,114,4,4,110,0,20,-16,35.04091262817383,,
ae1d36b3512450ad,on_pickup_dropoff,2021.05.26.14.10.09_veh-38_02379_02633,2021.05.26.14.10.09_veh-38_02379_02633/on_pickup_dropoff/ae1d36b3512450ad/sledge_raw.gz,static_objects,native_cache_directory,186,64,30,122,34,30,34,20.5725040435791,20.99505615234375,0.42255210876464844
1492da91d52c5584,on_pickup_dropoff,2021.06.14.19.22.11_veh-38_02857_03230,2021.06.14.19.22.11_veh-38_02857_03230/on_pickup_dropoff/1492da91d52c5584/sledge_raw.gz,vehicles,native_cache_directory,38,17,17,21,0,50,-33,42.986446380615234,,
1492da91d52c5584,on_pickup_dropoff,2021.06.14.19.22.11_veh-38_02857_03230,2021.06.14.19.22.11_veh-38_02857_03230/on_pickup_dropoff/1492da91d52c5584/sledge_raw.gz,pedestrians,native_cache_directory,80,71,20,9,51,20,51,22.352783203125,22.38226318359375,0.02947998046875
1492da91d52c5584,on_pickup_dropoff,2021.06.14.19.22.11_veh-38_02857_03230,2021.06.14.19.22.11_veh-38_02857_03230/on_pickup_dropoff/1492da91d52c5584/sledge_raw.gz,static_objects,native_cache_directory,124,39,30,85,9,30,9,35.67755126953125,36.70832443237305,1.0307731628417969
7f9687241693531d,on_pickup_dropoff,2021.06.25.16.02.11_veh-35_00016_00509,2021.06.25.16.02.11_veh-35_00016_00509/on_pickup_dropoff/7f9687241693531d/sledge_raw.gz,vehicles,native_cache_directory,19,5,5,14,0,50,-45,33.34405517578125,,
7f9687241693531d,on_pickup_dropoff,2021.06.25.16.02.11_veh-35_00016_00509,2021.06.25.16.02.11_veh-35_00016_00509/on_pickup_dropoff/7f9687241693531d/sledge_raw.gz,pedestrians,native_cache_directory,20,11,11,9,0,20,-9,26.099538803100586,,
7f9687241693531d,on_pickup_dropoff,2021.06.25.16.02.11_veh-35_00016_00509,2021.06.25.16.02.11_veh-35_00016_00509/on_pickup_dropoff/7f9687241693531d/sledge_raw.gz,static_objects,native_cache_directory,72,27,27,45,0,30,-3,44.29172134399414,,
57220b82072759ce,on_pickup_dropoff,2021.05.14.18.15.19_veh-35_00228_00462,2021.05.14.18.15.19_veh-35_00228_00462/on_pickup_dropoff/57220b82072759ce/sledge_raw.gz,vehicles,native_cache_directory,25,8,8,17,0,50,-42,31.90363883972168,,
57220b82072759ce,on_pickup_dropoff,2021.05.14.18.15.19_veh-35_00228_00462,2021.05.14.18.15.19_veh-35_00228_00462/on_pickup_dropoff/57220b82072759ce/sledge_raw.gz,pedestrians,native_cache_directory,21,10,10,11,0,20,-10,37.65363311767578,,
57220b82072759ce,on_pickup_dropoff,2021.05.14.18.15.19_veh-35_00228_00462,2021.05.14.18.15.19_veh-35_00228_00462/on_pickup_dropoff/57220b82072759ce/sledge_raw.gz,static_objects,native_cache_directory,102,52,30,50,22,30,22,31.724958419799805,31.941478729248047,0.2165203094482422
9995578a242a5570,on_pickup_dropoff,2021.06.25.16.02.11_veh-35_03032_04731,2021.06.25.16.02.11_veh-35_03032_04731/on_pickup_dropoff/9995578a242a5570/sledge_raw.gz,vehicles,native_cache_directory,24,6,6,18,0,50,-44,40.20110321044922,,
9995578a242a5570,on_pickup_dropoff,2021.06.25.16.02.11_veh-35_03032_04731,2021.06.25.16.02.11_veh-35_03032_04731/on_pickup_dropoff/9995578a242a5570/sledge_raw.gz,pedestrians,native_cache_directory,14,10,10,4,0,20,-10,28.96506118774414,,
9995578a242a5570,on_pickup_dropoff,2021.06.25.16.02.11_veh-35_03032_04731,2021.06.25.16.02.11_veh-35_03032_04731/on_pickup_dropoff/9995578a242a5570/sledge_raw.gz,static_objects,native_cache_directory,85,36,30,49,6,30,6,40.22276306152344,40.30538558959961,0.08262252807617188
6a2cd2db4dd7537d,on_pickup_dropoff,2021.07.23.17.30.53_veh-47_00914_02978,2021.07.23.17.30.53_veh-47_00914_02978/on_pickup_dropoff/6a2cd2db4dd7537d/sledge_raw.gz,vehicles,native_cache_directory,6,5,5,1,0,50,-45,21.3865966796875,,
6a2cd2db4dd7537d,on_pickup_dropoff,2021.07.23.17.30.53_veh-47_00914_02978,2021.07.23.17.30.53_veh-47_00914_02978/on_pickup_dropoff/6a2cd2db4dd7537d/sledge_raw.gz,pedestrians,native_cache_directory,18,16,16,2,0,20,-4,27.611820220947266,,
6a2cd2db4dd7537d,on_pickup_dropoff,2021.07.23.17.30.53_veh-47_00914_02978,2021.07.23.17.30.53_veh-47_00914_02978/on_pickup_dropoff/6a2cd2db4dd7537d/sledge_raw.gz,static_objects,native_cache_directory,78,63,30,15,33,30,33,18.793500900268555,19.146547317504883,0.3530464172363281
a0d9d761a4ab59bd,on_pickup_dropoff,2021.05.27.16.07.39_veh-35_04107_04565,2021.05.27.16.07.39_veh-35_04107_04565/on_pickup_dropoff/a0d9d761a4ab59bd/sledge_raw.gz,vehicles,native_cache_directory,24,14,14,10,0,50,-36,39.24777603149414,,
a0d9d761a4ab59bd,on_pickup_dropoff,2021.05.27.16.07.39_veh-35_04107_04565,2021.05.27.16.07.39_veh-35_04107_04565/on_pickup_dropoff/a0d9d761a4ab59bd/sledge_raw.gz,pedestrians,native_cache_directory,10,9,9,1,0,20,-11,33.1228141784668,,
a0d9d761a4ab59bd,on_pickup_dropoff,2021.05.27.16.07.39_veh-35_04107_04565,2021.05.27.16.07.39_veh-35_04107_04565/on_pickup_dropoff/a0d9d761a4ab59bd/sledge_raw.gz,static_objects,native_cache_directory,43,32,30,11,2,30,2,34.110774993896484,34.649330139160156,0.5385551452636719
166f3eb3a7345f45,on_pickup_dropoff,2021.06.14.15.15.37_veh-47_05084_05640,2021.06.14.15.15.37_veh-47_05084_05640/on_pickup_dropoff/166f3eb3a7345f45/sledge_raw.gz,vehicles,native_cache_directory,4,0,0,4,0,50,-50,,,
166f3eb3a7345f45,on_pickup_dropoff,2021.06.14.15.15.37_veh-47_05084_05640,2021.06.14.15.15.37_veh-47_05084_05640/on_pickup_dropoff/166f3eb3a7345f45/sledge_raw.gz,pedestrians,native_cache_directory,5,3,3,2,0,20,-17,27.278934478759766,,
166f3eb3a7345f45,on_pickup_dropoff,2021.06.14.15.15.37_veh-47_05084_05640,2021.06.14.15.15.37_veh-47_05084_05640/on_pickup_dropoff/166f3eb3a7345f45/sledge_raw.gz,static_objects,native_cache_directory,39,15,15,24,0,30,-15,22.349063873291016,,
a508cbf57bde5e51,on_pickup_dropoff,2021.05.27.16.07.39_veh-35_00371_01431,2021.05.27.16.07.39_veh-35_00371_01431/on_pickup_dropoff/a508cbf57bde5e51/sledge_raw.gz,vehicles,native_cache_directory,20,5,5,15,0,50,-45,19.81481170654297,,
a508cbf57bde5e51,on_pickup_dropoff,2021.05.27.16.07.39_veh-35_00371_01431,2021.05.27.16.07.39_veh-35_00371_01431/on_pickup_dropoff/a508cbf57bde5e51/sledge_raw.gz,pedestrians,native_cache_directory,16,9,9,7,0,20,-11,37.68050003051758,,
a508cbf57bde5e51,on_pickup_dropoff,2021.05.27.16.07.39_veh-35_00371_01431,2021.05.27.16.07.39_veh-35_00371_01431/on_pickup_dropoff/a508cbf57bde5e51/sledge_raw.gz,static_objects,native_cache_directory,64,29,29,35,0,30,-1,39.080718994140625,,
17ef5ad494a85c84,on_pickup_dropoff,2021.07.09.23.35.52_veh-37_00953_01953,2021.07.09.23.35.52_veh-37_00953_01953/on_pickup_dropoff/17ef5ad494a85c84/sledge_raw.gz,vehicles,native_cache_directory,51,17,17,34,0,50,-33,32.63969802856445,,
17ef5ad494a85c84,on_pickup_dropoff,2021.07.09.23.35.52_veh-37_00953_01953,2021.07.09.23.35.52_veh-37_00953_01953/on_pickup_dropoff/17ef5ad494a85c84/sledge_raw.gz,pedestrians,native_cache_directory,1,0,0,1,0,20,-20,,,
17ef5ad494a85c84,on_pickup_dropoff,2021.07.09.23.35.52_veh-37_00953_01953,2021.07.09.23.35.52_veh-37_00953_01953/on_pickup_dropoff/17ef5ad494a85c84/sledge_raw.gz,static_objects,native_cache_directory,84,32,30,52,2,30,2,41.35157012939453,42.35724639892578,1.00567626953125
edbcec21cc8351f9,on_pickup_dropoff,2021.07.15.23.18.35_veh-14_02708_05708,2021.07.15.23.18.35_veh-14_02708_05708/on_pickup_dropoff/edbcec21cc8351f9/sledge_raw.gz,vehicles,native_cache_directory,10,2,2,8,0,50,-48,31.877002716064453,,
edbcec21cc8351f9,on_pickup_dropoff,2021.07.15.23.18.35_veh-14_02708_05708,2021.07.15.23.18.35_veh-14_02708_05708/on_pickup_dropoff/edbcec21cc8351f9/sledge_raw.gz,pedestrians,native_cache_directory,3,1,1,2,0,20,-19,27.457300186157227,,
edbcec21cc8351f9,on_pickup_dropoff,2021.07.15.23.18.35_veh-14_02708_05708,2021.07.15.23.18.35_veh-14_02708_05708/on_pickup_dropoff/edbcec21cc8351f9/sledge_raw.gz,static_objects,native_cache_directory,37,21,21,16,0,30,-9,34.91782760620117,,
5f14565c8536574f,on_pickup_dropoff,2021.06.15.12.52.19_veh-38_01619_02065,2021.06.15.12.52.19_veh-38_01619_02065/on_pickup_dropoff/5f14565c8536574f/sledge_raw.gz,vehicles,native_cache_directory,30,18,18,12,0,50,-32,32.53470993041992,,
5f14565c8536574f,on_pickup_dropoff,2021.06.15.12.52.19_veh-38_01619_02065,2021.06.15.12.52.19_veh-38_01619_02065/on_pickup_dropoff/5f14565c8536574f/sledge_raw.gz,pedestrians,native_cache_directory,50,27,20,23,7,20,7,29.342281341552734,29.716766357421875,0.3744850158691406
5f14565c8536574f,on_pickup_dropoff,2021.06.15.12.52.19_veh-38_01619_02065,2021.06.15.12.52.19_veh-38_01619_02065/on_pickup_dropoff/5f14565c8536574f/sledge_raw.gz,static_objects,native_cache_directory,23,10,10,13,0,30,-20,33.76216125488281,,
9bde8adb9e225a6d,on_pickup_dropoff,2021.07.21.16.13.30_veh-47_01176_01690,2021.07.21.16.13.30_veh-47_01176_01690/on_pickup_dropoff/9bde8adb9e225a6d/sledge_raw.gz,vehicles,native_cache_directory,10,4,4,6,0,50,-46,30.35701560974121,,
9bde8adb9e225a6d,on_pickup_dropoff,2021.07.21.16.13.30_veh-47_01176_01690,2021.07.21.16.13.30_veh-47_01176_01690/on_pickup_dropoff/9bde8adb9e225a6d/sledge_raw.gz,pedestrians,native_cache_directory,14,9,9,5,0,20,-11,27.7514705657959,,
9bde8adb9e225a6d,on_pickup_dropoff,2021.07.21.16.13.30_veh-47_01176_01690,2021.07.21.16.13.30_veh-47_01176_01690/on_pickup_dropoff/9bde8adb9e225a6d/sledge_raw.gz,static_objects,native_cache_directory,61,52,30,9,22,30,22,20.434144973754883,20.47847557067871,0.044330596923828125
d3bfe0e7d1ab5344,on_pickup_dropoff,2021.06.24.15.33.58_veh-35_00023_01304,2021.06.24.15.33.58_veh-35_00023_01304/on_pickup_dropoff/d3bfe0e7d1ab5344/sledge_raw.gz,vehicles,native_cache_directory,9,2,2,7,0,50,-48,11.37826156616211,,
d3bfe0e7d1ab5344,on_pickup_dropoff,2021.06.24.15.33.58_veh-35_00023_01304,2021.06.24.15.33.58_veh-35_00023_01304/on_pickup_dropoff/d3bfe0e7d1ab5344/sledge_raw.gz,pedestrians,native_cache_directory,14,8,8,6,0,20,-12,38.41294479370117,,
d3bfe0e7d1ab5344,on_pickup_dropoff,2021.06.24.15.33.58_veh-35_00023_01304,2021.06.24.15.33.58_veh-35_00023_01304/on_pickup_dropoff/d3bfe0e7d1ab5344/sledge_raw.gz,static_objects,native_cache_directory,45,35,30,10,5,30,5,28.72318458557129,31.79973030090332,3.0765457153320312
30f1da0172435796,on_pickup_dropoff,2021.06.21.16.51.55_veh-47_00525_01335,2021.06.21.16.51.55_veh-47_00525_01335/on_pickup_dropoff/30f1da0172435796/sledge_raw.gz,vehicles,native_cache_directory,20,10,10,10,0,50,-40,40.21355056762695,,
30f1da0172435796,on_pickup_dropoff,2021.06.21.16.51.55_veh-47_00525_01335,2021.06.21.16.51.55_veh-47_00525_01335/on_pickup_dropoff/30f1da0172435796/sledge_raw.gz,pedestrians,native_cache_directory,46,30,20,16,10,20,10,31.71439552307129,32.55735397338867,0.8429584503173828
30f1da0172435796,on_pickup_dropoff,2021.06.21.16.51.55_veh-47_00525_01335,2021.06.21.16.51.55_veh-47_00525_01335/on_pickup_dropoff/30f1da0172435796/sledge_raw.gz,static_objects,native_cache_directory,35,31,30,4,1,30,1,39.32328796386719,44.008914947509766,4.685626983642578
69c58556d9ea53ab,on_pickup_dropoff,2021.06.04.13.35.03_veh-47_01291_01843,2021.06.04.13.35.03_veh-47_01291_01843/on_pickup_dropoff/69c58556d9ea53ab/sledge_raw.gz,vehicles,native_cache_directory,14,9,9,5,0,50,-41,29.17296600341797,,
69c58556d9ea53ab,on_pickup_dropoff,2021.06.04.13.35.03_veh-47_01291_01843,2021.06.04.13.35.03_veh-47_01291_01843/on_pickup_dropoff/69c58556d9ea53ab/sledge_raw.gz,pedestrians,native_cache_directory,44,5,5,39,0,20,-15,28.208629608154297,,
69c58556d9ea53ab,on_pickup_dropoff,2021.06.04.13.35.03_veh-47_01291_01843,2021.06.04.13.35.03_veh-47_01291_01843/on_pickup_dropoff/69c58556d9ea53ab/sledge_raw.gz,static_objects,native_cache_directory,129,14,14,115,0,30,-16,32.18880081176758,,
a93a855b67845d85,on_pickup_dropoff,2021.07.13.22.15.05_veh-26_01622_02793,2021.07.13.22.15.05_veh-26_01622_02793/on_pickup_dropoff/a93a855b67845d85/sledge_raw.gz,vehicles,native_cache_directory,26,23,23,3,0,50,-27,40.15553283691406,,
a93a855b67845d85,on_pickup_dropoff,2021.07.13.22.15.05_veh-26_01622_02793,2021.07.13.22.15.05_veh-26_01622_02793/on_pickup_dropoff/a93a855b67845d85/sledge_raw.gz,pedestrians,native_cache_directory,16,15,15,1,0,20,-5,33.540889739990234,,
a93a855b67845d85,on_pickup_dropoff,2021.07.13.22.15.05_veh-26_01622_02793,2021.07.13.22.15.05_veh-26_01622_02793/on_pickup_dropoff/a93a855b67845d85/sledge_raw.gz,static_objects,native_cache_directory,32,29,29,3,0,30,-1,40.0286979675293,,
b9819acef0e3533a,on_pickup_dropoff,2021.07.16.16.27.22_veh-26_02282_03814,2021.07.16.16.27.22_veh-26_02282_03814/on_pickup_dropoff/b9819acef0e3533a/sledge_raw.gz,vehicles,native_cache_directory,8,5,5,3,0,50,-45,31.491661071777344,,
b9819acef0e3533a,on_pickup_dropoff,2021.07.16.16.27.22_veh-26_02282_03814,2021.07.16.16.27.22_veh-26_02282_03814/on_pickup_dropoff/b9819acef0e3533a/sledge_raw.gz,pedestrians,native_cache_directory,37,35,20,2,15,20,15,15.644707679748535,15.70478630065918,0.06007862091064453
b9819acef0e3533a,on_pickup_dropoff,2021.07.16.16.27.22_veh-26_02282_03814,2021.07.16.16.27.22_veh-26_02282_03814/on_pickup_dropoff/b9819acef0e3533a/sledge_raw.gz,static_objects,native_cache_directory,71,53,30,18,23,30,23,17.721826553344727,18.246231079101562,0.5244045257568359
2b225c72b3d459f7,on_pickup_dropoff,2021.05.28.18.05.53_veh-30_01133_01454,2021.05.28.18.05.53_veh-30_01133_01454/on_pickup_dropoff/2b225c72b3d459f7/sledge_raw.gz,vehicles,native_cache_directory,20,6,6,14,0,50,-44,40.61022186279297,,
2b225c72b3d459f7,on_pickup_dropoff,2021.05.28.18.05.53_veh-30_01133_01454,2021.05.28.18.05.53_veh-30_01133_01454/on_pickup_dropoff/2b225c72b3d459f7/sledge_raw.gz,pedestrians,native_cache_directory,13,9,9,4,0,20,-11,26.86467742919922,,
2b225c72b3d459f7,on_pickup_dropoff,2021.05.28.18.05.53_veh-30_01133_01454,2021.05.28.18.05.53_veh-30_01133_01454/on_pickup_dropoff/2b225c72b3d459f7/sledge_raw.gz,static_objects,native_cache_directory,78,29,29,49,0,30,-1,41.85459518432617,,
b3f68873507f54de,on_pickup_dropoff,2021.07.02.15.42.41_veh-38_00928_01486,2021.07.02.15.42.41_veh-38_00928_01486/on_pickup_dropoff/b3f68873507f54de/sledge_raw.gz,vehicles,native_cache_directory,25,4,4,21,0,50,-46,17.83528709411621,,
b3f68873507f54de,on_pickup_dropoff,2021.07.02.15.42.41_veh-38_00928_01486,2021.07.02.15.42.41_veh-38_00928_01486/on_pickup_dropoff/b3f68873507f54de/sledge_raw.gz,pedestrians,native_cache_directory,9,0,0,9,0,20,-20,,,
b3f68873507f54de,on_pickup_dropoff,2021.07.02.15.42.41_veh-38_00928_01486,2021.07.02.15.42.41_veh-38_00928_01486/on_pickup_dropoff/b3f68873507f54de/sledge_raw.gz,static_objects,native_cache_directory,13,0,0,13,0,30,-30,,,
3fc16c59150d5023,on_pickup_dropoff,2021.06.30.13.57.34_veh-37_01727_03023,2021.06.30.13.57.34_veh-37_01727_03023/on_pickup_dropoff/3fc16c59150d5023/sledge_raw.gz,vehicles,native_cache_directory,6,4,4,2,0,50,-46,34.19565963745117,,
3fc16c59150d5023,on_pickup_dropoff,2021.06.30.13.57.34_veh-37_01727_03023,2021.06.30.13.57.34_veh-37_01727_03023/on_pickup_dropoff/3fc16c59150d5023/sledge_raw.gz,pedestrians,native_cache_directory,15,9,9,6,0,20,-11,23.703622817993164,,
3fc16c59150d5023,on_pickup_dropoff,2021.06.30.13.57.34_veh-37_01727_03023,2021.06.30.13.57.34_veh-37_01727_03023/on_pickup_dropoff/3fc16c59150d5023/sledge_raw.gz,static_objects,native_cache_directory,30,24,24,6,0,30,-6,35.328208923339844,,
4003724ad026524c,on_pickup_dropoff,2021.07.14.16.58.38_veh-38_04268_05695,2021.07.14.16.58.38_veh-38_04268_05695/on_pickup_dropoff/4003724ad026524c/sledge_raw.gz,vehicles,native_cache_directory,31,10,10,21,0,50,-40,37.80582809448242,,
4003724ad026524c,on_pickup_dropoff,2021.07.14.16.58.38_veh-38_04268_05695,2021.07.14.16.58.38_veh-38_04268_05695/on_pickup_dropoff/4003724ad026524c/sledge_raw.gz,pedestrians,native_cache_directory,61,44,20,17,24,20,24,16.621416091918945,17.150188446044922,0.5287723541259766
4003724ad026524c,on_pickup_dropoff,2021.07.14.16.58.38_veh-38_04268_05695,2021.07.14.16.58.38_veh-38_04268_05695/on_pickup_dropoff/4003724ad026524c/sledge_raw.gz,static_objects,native_cache_directory,155,52,30,103,22,30,22,20.798110961914062,21.36060333251953,0.5624923706054688
ecf0a9ea6d1258e3,on_pickup_dropoff,2021.05.19.12.32.59_veh-24_00560_00730,2021.05.19.12.32.59_veh-24_00560_00730/on_pickup_dropoff/ecf0a9ea6d1258e3/sledge_raw.gz,vehicles,native_cache_directory,22,9,9,13,0,50,-41,35.02334976196289,,
ecf0a9ea6d1258e3,on_pickup_dropoff,2021.05.19.12.32.59_veh-24_00560_00730,2021.05.19.12.32.59_veh-24_00560_00730/on_pickup_dropoff/ecf0a9ea6d1258e3/sledge_raw.gz,pedestrians,native_cache_directory,52,41,20,11,21,20,21,16.750717163085938,16.968793869018555,0.2180767059326172
ecf0a9ea6d1258e3,on_pickup_dropoff,2021.05.19.12.32.59_veh-24_00560_00730,2021.05.19.12.32.59_veh-24_00560_00730/on_pickup_dropoff/ecf0a9ea6d1258e3/sledge_raw.gz,static_objects,native_cache_directory,154,50,30,104,20,30,20,21.757890701293945,21.928728103637695,0.17083740234375
3bf066d1c94c53f6,on_pickup_dropoff,2021.07.22.21.43.45_veh-35_01163_02859,2021.07.22.21.43.45_veh-35_01163_02859/on_pickup_dropoff/3bf066d1c94c53f6/sledge_raw.gz,vehicles,native_cache_directory,21,19,19,2,0,50,-31,39.667503356933594,,
3bf066d1c94c53f6,on_pickup_dropoff,2021.07.22.21.43.45_veh-35_01163_02859,2021.07.22.21.43.45_veh-35_01163_02859/on_pickup_dropoff/3bf066d1c94c53f6/sledge_raw.gz,pedestrians,native_cache_directory,25,23,20,2,3,20,3,23.83622932434082,23.857154846191406,0.020925521850585938
3bf066d1c94c53f6,on_pickup_dropoff,2021.07.22.21.43.45_veh-35_01163_02859,2021.07.22.21.43.45_veh-35_01163_02859/on_pickup_dropoff/3bf066d1c94c53f6/sledge_raw.gz,static_objects,native_cache_directory,32,27,27,5,0,30,-3,40.401187896728516,,
890db817e9de5203,on_pickup_dropoff,2021.06.08.14.35.24_veh-26_01356_01914,2021.06.08.14.35.24_veh-26_01356_01914/on_pickup_dropoff/890db817e9de5203/sledge_raw.gz,vehicles,native_cache_directory,9,5,5,4,0,50,-45,30.613176345825195,,
890db817e9de5203,on_pickup_dropoff,2021.06.08.14.35.24_veh-26_01356_01914,2021.06.08.14.35.24_veh-26_01356_01914/on_pickup_dropoff/890db817e9de5203/sledge_raw.gz,pedestrians,native_cache_directory,10,4,4,6,0,20,-16,26.446693420410156,,
890db817e9de5203,on_pickup_dropoff,2021.06.08.14.35.24_veh-26_01356_01914,2021.06.08.14.35.24_veh-26_01356_01914/on_pickup_dropoff/890db817e9de5203/sledge_raw.gz,static_objects,native_cache_directory,35,23,23,12,0,30,-7,39.590450286865234,,
1063036585fa5ba9,on_pickup_dropoff,2021.07.14.22.08.15_veh-35_04105_05270,2021.07.14.22.08.15_veh-35_04105_05270/on_pickup_dropoff/1063036585fa5ba9/sledge_raw.gz,vehicles,native_cache_directory,25,22,22,3,0,50,-28,34.90742492675781,,
1063036585fa5ba9,on_pickup_dropoff,2021.07.14.22.08.15_veh-35_04105_05270,2021.07.14.22.08.15_veh-35_04105_05270/on_pickup_dropoff/1063036585fa5ba9/sledge_raw.gz,pedestrians,native_cache_directory,22,15,15,7,0,20,-5,23.071613311767578,,
1063036585fa5ba9,on_pickup_dropoff,2021.07.14.22.08.15_veh-35_04105_05270,2021.07.14.22.08.15_veh-35_04105_05270/on_pickup_dropoff/1063036585fa5ba9/sledge_raw.gz,static_objects,native_cache_directory,28,25,25,3,0,30,-5,31.915321350097656,,
1be33133435d53cf,on_pickup_dropoff,2021.06.30.15.59.35_veh-38_00021_00545,2021.06.30.15.59.35_veh-38_00021_00545/on_pickup_dropoff/1be33133435d53cf/sledge_raw.gz,vehicles,native_cache_directory,1,0,0,1,0,50,-50,,,
1be33133435d53cf,on_pickup_dropoff,2021.06.30.15.59.35_veh-38_00021_00545,2021.06.30.15.59.35_veh-38_00021_00545/on_pickup_dropoff/1be33133435d53cf/sledge_raw.gz,pedestrians,native_cache_directory,1,1,1,0,0,20,-19,22.496919631958008,,
1be33133435d53cf,on_pickup_dropoff,2021.06.30.15.59.35_veh-38_00021_00545,2021.06.30.15.59.35_veh-38_00021_00545/on_pickup_dropoff/1be33133435d53cf/sledge_raw.gz,static_objects,native_cache_directory,71,61,30,10,31,30,31,18.870105743408203,18.870328903198242,0.0002231597900390625
47773cefd3ee5941,on_pickup_dropoff,2021.06.25.23.29.57_veh-38_00006_01027,2021.06.25.23.29.57_veh-38_00006_01027/on_pickup_dropoff/47773cefd3ee5941/sledge_raw.gz,vehicles,native_cache_directory,9,6,6,3,0,50,-44,33.26808547973633,,
47773cefd3ee5941,on_pickup_dropoff,2021.06.25.23.29.57_veh-38_00006_01027,2021.06.25.23.29.57_veh-38_00006_01027/on_pickup_dropoff/47773cefd3ee5941/sledge_raw.gz,pedestrians,native_cache_directory,29,27,20,2,7,20,7,23.919334411621094,24.541608810424805,0.6222743988037109
47773cefd3ee5941,on_pickup_dropoff,2021.06.25.23.29.57_veh-38_00006_01027,2021.06.25.23.29.57_veh-38_00006_01027/on_pickup_dropoff/47773cefd3ee5941/sledge_raw.gz,static_objects,native_cache_directory,71,57,30,14,27,30,27,18.97417640686035,20.125953674316406,1.1517772674560547
d1e9549956dd5cd1,on_pickup_dropoff,2021.06.15.16.17.16_veh-12_00887_01294,2021.06.15.16.17.16_veh-12_00887_01294/on_pickup_dropoff/d1e9549956dd5cd1/sledge_raw.gz,vehicles,native_cache_directory,14,5,5,9,0,50,-45,29.358203887939453,,
d1e9549956dd5cd1,on_pickup_dropoff,2021.06.15.16.17.16_veh-12_00887_01294,2021.06.15.16.17.16_veh-12_00887_01294/on_pickup_dropoff/d1e9549956dd5cd1/sledge_raw.gz,pedestrians,native_cache_directory,1,1,1,0,0,20,-19,28.093759536743164,,
d1e9549956dd5cd1,on_pickup_dropoff,2021.06.15.16.17.16_veh-12_00887_01294,2021.06.15.16.17.16_veh-12_00887_01294/on_pickup_dropoff/d1e9549956dd5cd1/sledge_raw.gz,static_objects,native_cache_directory,18,13,13,5,0,30,-17,28.44501304626465,,
b3fff87906545bfd,on_pickup_dropoff,2021.06.29.14.27.11_veh-14_03918_05041,2021.06.29.14.27.11_veh-14_03918_05041/on_pickup_dropoff/b3fff87906545bfd/sledge_raw.gz,vehicles,native_cache_directory,15,12,12,3,0,50,-38,41.7277717590332,,
b3fff87906545bfd,on_pickup_dropoff,2021.06.29.14.27.11_veh-14_03918_05041,2021.06.29.14.27.11_veh-14_03918_05041/on_pickup_dropoff/b3fff87906545bfd/sledge_raw.gz,pedestrians,native_cache_directory,14,13,13,1,0,20,-7,20.268482208251953,,
b3fff87906545bfd,on_pickup_dropoff,2021.06.29.14.27.11_veh-14_03918_05041,2021.06.29.14.27.11_veh-14_03918_05041/on_pickup_dropoff/b3fff87906545bfd/sledge_raw.gz,static_objects,native_cache_directory,37,28,28,9,0,30,-2,39.52593231201172,,
af144c557a675bc4,on_pickup_dropoff,2021.06.23.16.52.00_veh-26_01043_03099,2021.06.23.16.52.00_veh-26_01043_03099/on_pickup_dropoff/af144c557a675bc4/sledge_raw.gz,vehicles,native_cache_directory,18,3,3,15,0,50,-47,23.20564079284668,,
af144c557a675bc4,on_pickup_dropoff,2021.06.23.16.52.00_veh-26_01043_03099,2021.06.23.16.52.00_veh-26_01043_03099/on_pickup_dropoff/af144c557a675bc4/sledge_raw.gz,pedestrians,native_cache_directory,21,14,14,7,0,20,-6,25.59758758544922,,
af144c557a675bc4,on_pickup_dropoff,2021.06.23.16.52.00_veh-26_01043_03099,2021.06.23.16.52.00_veh-26_01043_03099/on_pickup_dropoff/af144c557a675bc4/sledge_raw.gz,static_objects,native_cache_directory,74,27,27,47,0,30,-3,44.1209831237793,,
1b7d3d2d811a530d,on_pickup_dropoff,2021.07.07.01.53.56_veh-38_00334_01318,2021.07.07.01.53.56_veh-38_00334_01318/on_pickup_dropoff/1b7d3d2d811a530d/sledge_raw.gz,vehicles,native_cache_directory,35,14,14,21,0,50,-36,30.697845458984375,,
1b7d3d2d811a530d,on_pickup_dropoff,2021.07.07.01.53.56_veh-38_00334_01318,2021.07.07.01.53.56_veh-38_00334_01318/on_pickup_dropoff/1b7d3d2d811a530d/sledge_raw.gz,pedestrians,native_cache_directory,66,65,20,1,45,20,45,24.837907791137695,24.99683380126953,0.15892601013183594
1b7d3d2d811a530d,on_pickup_dropoff,2021.07.07.01.53.56_veh-38_00334_01318,2021.07.07.01.53.56_veh-38_00334_01318/on_pickup_dropoff/1b7d3d2d811a530d/sledge_raw.gz,static_objects,native_cache_directory,111,41,30,70,11,30,11,34.713592529296875,35.39601516723633,0.6824226379394531
976457d2e1205775,on_pickup_dropoff,2021.07.23.00.42.43_veh-35_03795_05835,2021.07.23.00.42.43_veh-35_03795_05835/on_pickup_dropoff/976457d2e1205775/sledge_raw.gz,vehicles,native_cache_directory,17,3,3,14,0,50,-47,25.354148864746094,,
976457d2e1205775,on_pickup_dropoff,2021.07.23.00.42.43_veh-35_03795_05835,2021.07.23.00.42.43_veh-35_03795_05835/on_pickup_dropoff/976457d2e1205775/sledge_raw.gz,pedestrians,native_cache_directory,37,6,6,31,0,20,-14,27.634191513061523,,
976457d2e1205775,on_pickup_dropoff,2021.07.23.00.42.43_veh-35_03795_05835,2021.07.23.00.42.43_veh-35_03795_05835/on_pickup_dropoff/976457d2e1205775/sledge_raw.gz,static_objects,native_cache_directory,36,3,3,33,0,30,-27,29.255130767822266,,
d7833de4d9495d22,on_pickup_dropoff,2021.06.21.18.53.17_veh-35_02119_02628,2021.06.21.18.53.17_veh-35_02119_02628/on_pickup_dropoff/d7833de4d9495d22/sledge_raw.gz,vehicles,native_cache_directory,22,10,10,12,0,50,-40,40.4781608581543,,
d7833de4d9495d22,on_pickup_dropoff,2021.06.21.18.53.17_veh-35_02119_02628,2021.06.21.18.53.17_veh-35_02119_02628/on_pickup_dropoff/d7833de4d9495d22/sledge_raw.gz,pedestrians,native_cache_directory,18,4,4,14,0,20,-16,31.450469970703125,,
d7833de4d9495d22,on_pickup_dropoff,2021.06.21.18.53.17_veh-35_02119_02628,2021.06.21.18.53.17_veh-35_02119_02628/on_pickup_dropoff/d7833de4d9495d22/sledge_raw.gz,static_objects,native_cache_directory,71,39,30,32,9,30,9,32.252864837646484,33.819358825683594,1.5664939880371094
69674e43b65554ad,on_pickup_dropoff,2021.07.22.19.31.55_veh-37_00039_01612,2021.07.22.19.31.55_veh-37_00039_01612/on_pickup_dropoff/69674e43b65554ad/sledge_raw.gz,vehicles,native_cache_directory,25,7,7,18,0,50,-43,39.6090202331543,,
69674e43b65554ad,on_pickup_dropoff,2021.07.22.19.31.55_veh-37_00039_01612,2021.07.22.19.31.55_veh-37_00039_01612/on_pickup_dropoff/69674e43b65554ad/sledge_raw.gz,pedestrians,native_cache_directory,24,13,13,11,0,20,-7,30.865318298339844,,
69674e43b65554ad,on_pickup_dropoff,2021.07.22.19.31.55_veh-37_00039_01612,2021.07.22.19.31.55_veh-37_00039_01612/on_pickup_dropoff/69674e43b65554ad/sledge_raw.gz,static_objects,native_cache_directory,96,41,30,55,11,30,11,29.479148864746094,29.791458129882812,0.31230926513671875
f225e7af075e59a3,on_pickup_dropoff,2021.06.10.12.48.14_veh-16_05042_05832,2021.06.10.12.48.14_veh-16_05042_05832/on_pickup_dropoff/f225e7af075e59a3/sledge_raw.gz,vehicles,native_cache_directory,16,15,15,1,0,50,-35,38.10434341430664,,
f225e7af075e59a3,on_pickup_dropoff,2021.06.10.12.48.14_veh-16_05042_05832,2021.06.10.12.48.14_veh-16_05042_05832/on_pickup_dropoff/f225e7af075e59a3/sledge_raw.gz,pedestrians,native_cache_directory,59,36,20,23,16,20,16,15.594082832336426,15.983604431152344,0.38952159881591797
f225e7af075e59a3,on_pickup_dropoff,2021.06.10.12.48.14_veh-16_05042_05832,2021.06.10.12.48.14_veh-16_05042_05832/on_pickup_dropoff/f225e7af075e59a3/sledge_raw.gz,static_objects,native_cache_directory,57,45,30,12,15,30,15,17.246044158935547,17.396997451782227,0.1509532928466797
2202cee70fb759ae,on_pickup_dropoff,2021.07.06.16.27.42_veh-26_03429_04098,2021.07.06.16.27.42_veh-26_03429_04098/on_pickup_dropoff/2202cee70fb759ae/sledge_raw.gz,vehicles,native_cache_directory,28,7,7,21,0,50,-43,33.11474609375,,
2202cee70fb759ae,on_pickup_dropoff,2021.07.06.16.27.42_veh-26_03429_04098,2021.07.06.16.27.42_veh-26_03429_04098/on_pickup_dropoff/2202cee70fb759ae/sledge_raw.gz,pedestrians,native_cache_directory,1,0,0,1,0,20,-20,,,
2202cee70fb759ae,on_pickup_dropoff,2021.07.06.16.27.42_veh-26_03429_04098,2021.07.06.16.27.42_veh-26_03429_04098/on_pickup_dropoff/2202cee70fb759ae/sledge_raw.gz,static_objects,native_cache_directory,22,2,2,20,0,30,-28,20.479408264160156,,
8f74feb3c5665ac7,on_pickup_dropoff,2021.07.21.22.59.47_veh-38_03166_03761,2021.07.21.22.59.47_veh-38_03166_03761/on_pickup_dropoff/8f74feb3c5665ac7/sledge_raw.gz,vehicles,native_cache_directory,40,17,17,23,0,50,-33,41.37001037597656,,
8f74feb3c5665ac7,on_pickup_dropoff,2021.07.21.22.59.47_veh-38_03166_03761,2021.07.21.22.59.47_veh-38_03166_03761/on_pickup_dropoff/8f74feb3c5665ac7/sledge_raw.gz,pedestrians,native_cache_directory,80,58,20,22,38,20,38,18.552927017211914,18.71544075012207,0.16251373291015625
8f74feb3c5665ac7,on_pickup_dropoff,2021.07.21.22.59.47_veh-38_03166_03761,2021.07.21.22.59.47_veh-38_03166_03761/on_pickup_dropoff/8f74feb3c5665ac7/sledge_raw.gz,static_objects,native_cache_directory,147,44,30,103,14,30,14,22.75617790222168,23.93895149230957,1.1827735900878906
6db71c2f8ab65fc2,on_pickup_dropoff,2021.07.23.02.50.50_veh-26_00857_02082,2021.07.23.02.50.50_veh-26_00857_02082/on_pickup_dropoff/6db71c2f8ab65fc2/sledge_raw.gz,vehicles,native_cache_directory,34,15,15,19,0,50,-35,38.58547592163086,,
6db71c2f8ab65fc2,on_pickup_dropoff,2021.07.23.02.50.50_veh-26_00857_02082,2021.07.23.02.50.50_veh-26_00857_02082/on_pickup_dropoff/6db71c2f8ab65fc2/sledge_raw.gz,pedestrians,native_cache_directory,146,89,20,57,69,20,69,13.566825866699219,13.86101245880127,0.2941865921020508
6db71c2f8ab65fc2,on_pickup_dropoff,2021.07.23.02.50.50_veh-26_00857_02082,2021.07.23.02.50.50_veh-26_00857_02082/on_pickup_dropoff/6db71c2f8ab65fc2/sledge_raw.gz,static_objects,native_cache_directory,109,34,30,75,4,30,4,30.79709243774414,31.549955368041992,0.7528629302978516
43863bbe668f5675,on_pickup_dropoff,2021.06.21.22.56.42_veh-38_01258_02103,2021.06.21.22.56.42_veh-38_01258_02103/on_pickup_dropoff/43863bbe668f5675/sledge_raw.gz,vehicles,native_cache_directory,26,9,9,17,0,50,-41,33.698970794677734,,
43863bbe668f5675,on_pickup_dropoff,2021.06.21.22.56.42_veh-38_01258_02103,2021.06.21.22.56.42_veh-38_01258_02103/on_pickup_dropoff/43863bbe668f5675/sledge_raw.gz,pedestrians,native_cache_directory,70,61,20,9,41,20,41,27.247968673706055,27.566408157348633,0.3184394836425781
43863bbe668f5675,on_pickup_dropoff,2021.06.21.22.56.42_veh-38_01258_02103,2021.06.21.22.56.42_veh-38_01258_02103/on_pickup_dropoff/43863bbe668f5675/sledge_raw.gz,static_objects,native_cache_directory,53,18,18,35,0,30,-12,37.83182907104492,,
41bfb99defb35814,on_pickup_dropoff,2021.06.04.17.09.53_veh-47_05252_05605,2021.06.04.17.09.53_veh-47_05252_05605/on_pickup_dropoff/41bfb99defb35814/sledge_raw.gz,vehicles,native_cache_directory,11,5,5,6,0,50,-45,21.209760665893555,,
41bfb99defb35814,on_pickup_dropoff,2021.06.04.17.09.53_veh-47_05252_05605,2021.06.04.17.09.53_veh-47_05252_05605/on_pickup_dropoff/41bfb99defb35814/sledge_raw.gz,pedestrians,native_cache_directory,14,13,13,1,0,20,-7,32.96290969848633,,
41bfb99defb35814,on_pickup_dropoff,2021.06.04.17.09.53_veh-47_05252_05605,2021.06.04.17.09.53_veh-47_05252_05605/on_pickup_dropoff/41bfb99defb35814/sledge_raw.gz,static_objects,native_cache_directory,13,5,5,8,0,30,-25,35.67919158935547,,
f62a8bd7e6535551,on_pickup_dropoff,2021.05.21.13.48.27_veh-27_05059_05456,2021.05.21.13.48.27_veh-27_05059_05456/on_pickup_dropoff/f62a8bd7e6535551/sledge_raw.gz,vehicles,native_cache_directory,45,22,22,23,0,50,-28,39.4317626953125,,
f62a8bd7e6535551,on_pickup_dropoff,2021.05.21.13.48.27_veh-27_05059_05456,2021.05.21.13.48.27_veh-27_05059_05456/on_pickup_dropoff/f62a8bd7e6535551/sledge_raw.gz,pedestrians,native_cache_directory,128,104,20,24,84,20,84,11.147454261779785,11.154627799987793,0.0071735382080078125
f62a8bd7e6535551,on_pickup_dropoff,2021.05.21.13.48.27_veh-27_05059_05456,2021.05.21.13.48.27_veh-27_05059_05456/on_pickup_dropoff/f62a8bd7e6535551/sledge_raw.gz,static_objects,native_cache_directory,136,47,30,89,17,30,17,19.739225387573242,20.43526840209961,0.6960430145263672
4fad742c21885df0,on_pickup_dropoff,2021.06.23.14.58.13_veh-35_02037_04783,2021.06.23.14.58.13_veh-35_02037_04783/on_pickup_dropoff/4fad742c21885df0/sledge_raw.gz,vehicles,native_cache_directory,44,14,14,30,0,50,-36,34.208560943603516,,
4fad742c21885df0,on_pickup_dropoff,2021.06.23.14.58.13_veh-35_02037_04783,2021.06.23.14.58.13_veh-35_02037_04783/on_pickup_dropoff/4fad742c21885df0/sledge_raw.gz,pedestrians,native_cache_directory,12,0,0,12,0,20,-20,,,
4fad742c21885df0,on_pickup_dropoff,2021.06.23.14.58.13_veh-35_02037_04783,2021.06.23.14.58.13_veh-35_02037_04783/on_pickup_dropoff/4fad742c21885df0/sledge_raw.gz,static_objects,native_cache_directory,35,14,14,21,0,30,-16,42.12042236328125,,
750a7b1c8fe95495,on_pickup_dropoff,2021.05.26.12.22.44_veh-25_01666_02495,2021.05.26.12.22.44_veh-25_01666_02495/on_pickup_dropoff/750a7b1c8fe95495/sledge_raw.gz,vehicles,native_cache_directory,30,10,10,20,0,50,-40,40.86886215209961,,
750a7b1c8fe95495,on_pickup_dropoff,2021.05.26.12.22.44_veh-25_01666_02495,2021.05.26.12.22.44_veh-25_01666_02495/on_pickup_dropoff/750a7b1c8fe95495/sledge_raw.gz,pedestrians,native_cache_directory,42,34,20,8,14,20,14,15.861756324768066,16.14266586303711,0.28090953826904297
750a7b1c8fe95495,on_pickup_dropoff,2021.05.26.12.22.44_veh-25_01666_02495,2021.05.26.12.22.44_veh-25_01666_02495/on_pickup_dropoff/750a7b1c8fe95495/sledge_raw.gz,static_objects,native_cache_directory,147,49,30,98,19,30,19,20.810470581054688,21.16515350341797,0.35468292236328125
78b3af59c7735522,on_pickup_dropoff,2021.06.11.14.22.48_veh-38_02306_02903,2021.06.11.14.22.48_veh-38_02306_02903/on_pickup_dropoff/78b3af59c7735522/sledge_raw.gz,vehicles,native_cache_directory,28,16,16,12,0,50,-34,30.87042236328125,,
78b3af59c7735522,on_pickup_dropoff,2021.06.11.14.22.48_veh-38_02306_02903,2021.06.11.14.22.48_veh-38_02306_02903/on_pickup_dropoff/78b3af59c7735522/sledge_raw.gz,pedestrians,native_cache_directory,65,53,20,12,33,20,33,31.43299102783203,31.521514892578125,0.08852386474609375
78b3af59c7735522,on_pickup_dropoff,2021.06.11.14.22.48_veh-38_02306_02903,2021.06.11.14.22.48_veh-38_02306_02903/on_pickup_dropoff/78b3af59c7735522/sledge_raw.gz,static_objects,native_cache_directory,43,15,15,28,0,30,-15,38.53366470336914,,
1a9f6a612bd35b0c,on_pickup_dropoff,2021.06.11.11.57.05_veh-12_00723_01116,2021.06.11.11.57.05_veh-12_00723_01116/on_pickup_dropoff/1a9f6a612bd35b0c/sledge_raw.gz,vehicles,native_cache_directory,5,4,4,1,0,50,-46,28.00387954711914,,
1a9f6a612bd35b0c,on_pickup_dropoff,2021.06.11.11.57.05_veh-12_00723_01116,2021.06.11.11.57.05_veh-12_00723_01116/on_pickup_dropoff/1a9f6a612bd35b0c/sledge_raw.gz,pedestrians,native_cache_directory,10,5,5,5,0,20,-15,36.78895950317383,,
1a9f6a612bd35b0c,on_pickup_dropoff,2021.06.11.11.57.05_veh-12_00723_01116,2021.06.11.11.57.05_veh-12_00723_01116/on_pickup_dropoff/1a9f6a612bd35b0c/sledge_raw.gz,static_objects,native_cache_directory,76,64,30,12,34,30,34,18.655590057373047,19.96415138244629,1.3085613250732422
0d1fc867ebfa592e,on_pickup_dropoff,2021.07.16.22.40.23_veh-38_00818_03032,2021.07.16.22.40.23_veh-38_00818_03032/on_pickup_dropoff/0d1fc867ebfa592e/sledge_raw.gz,vehicles,native_cache_directory,9,4,4,5,0,50,-46,30.939802169799805,,
0d1fc867ebfa592e,on_pickup_dropoff,2021.07.16.22.40.23_veh-38_00818_03032,2021.07.16.22.40.23_veh-38_00818_03032/on_pickup_dropoff/0d1fc867ebfa592e/sledge_raw.gz,pedestrians,native_cache_directory,22,18,18,4,0,20,-2,25.110036849975586,,
0d1fc867ebfa592e,on_pickup_dropoff,2021.07.16.22.40.23_veh-38_00818_03032,2021.07.16.22.40.23_veh-38_00818_03032/on_pickup_dropoff/0d1fc867ebfa592e/sledge_raw.gz,static_objects,native_cache_directory,60,52,30,8,22,30,22,17.289525985717773,17.462934494018555,0.17340850830078125
6c7097e64e6d5f82,on_pickup_dropoff,2021.06.30.17.20.09_veh-35_01187_01951,2021.06.30.17.20.09_veh-35_01187_01951/on_pickup_dropoff/6c7097e64e6d5f82/sledge_raw.gz,vehicles,native_cache_directory,4,2,2,2,0,50,-48,28.67462921142578,,
6c7097e64e6d5f82,on_pickup_dropoff,2021.06.30.17.20.09_veh-35_01187_01951,2021.06.30.17.20.09_veh-35_01187_01951/on_pickup_dropoff/6c7097e64e6d5f82/sledge_raw.gz,pedestrians,native_cache_directory,18,17,17,1,0,20,-3,42.0452880859375,,
6c7097e64e6d5f82,on_pickup_dropoff,2021.06.30.17.20.09_veh-35_01187_01951,2021.06.30.17.20.09_veh-35_01187_01951/on_pickup_dropoff/6c7097e64e6d5f82/sledge_raw.gz,static_objects,native_cache_directory,81,69,30,12,39,30,39,17.07715606689453,17.3131046295166,0.2359485626220703
5ef1497637665160,on_pickup_dropoff,2021.07.17.02.11.48_veh-47_02491_03260,2021.07.17.02.11.48_veh-47_02491_03260/on_pickup_dropoff/5ef1497637665160/sledge_raw.gz,vehicles,native_cache_directory,13,5,5,8,0,50,-45,43.56502151489258,,
5ef1497637665160,on_pickup_dropoff,2021.07.17.02.11.48_veh-47_02491_03260,2021.07.17.02.11.48_veh-47_02491_03260/on_pickup_dropoff/5ef1497637665160/sledge_raw.gz,pedestrians,native_cache_directory,19,10,10,9,0,20,-10,38.053340911865234,,
5ef1497637665160,on_pickup_dropoff,2021.07.17.02.11.48_veh-47_02491_03260,2021.07.17.02.11.48_veh-47_02491_03260/on_pickup_dropoff/5ef1497637665160/sledge_raw.gz,static_objects,native_cache_directory,48,29,29,19,0,30,-1,41.53053665161133,,
0192bc0bd756548d,on_pickup_dropoff,2021.06.01.17.27.29_veh-47_02246_02791,2021.06.01.17.27.29_veh-47_02246_02791/on_pickup_dropoff/0192bc0bd756548d/sledge_raw.gz,vehicles,native_cache_directory,30,13,13,17,0,50,-37,34.56539535522461,,
0192bc0bd756548d,on_pickup_dropoff,2021.06.01.17.27.29_veh-47_02246_02791,2021.06.01.17.27.29_veh-47_02246_02791/on_pickup_dropoff/0192bc0bd756548d/sledge_raw.gz,pedestrians,native_cache_directory,74,41,20,33,21,20,21,18.04233741760254,18.56638526916504,0.5240478515625
0192bc0bd756548d,on_pickup_dropoff,2021.06.01.17.27.29_veh-47_02246_02791,2021.06.01.17.27.29_veh-47_02246_02791/on_pickup_dropoff/0192bc0bd756548d/sledge_raw.gz,static_objects,native_cache_directory,162,48,30,114,18,30,18,20.350643157958984,20.90987777709961,0.559234619140625
54cdbaee291851f8,on_pickup_dropoff,2021.06.01.12.27.59_veh-12_02426_02726,2021.06.01.12.27.59_veh-12_02426_02726/on_pickup_dropoff/54cdbaee291851f8/sledge_raw.gz,vehicles,native_cache_directory,20,8,8,12,0,50,-42,29.242040634155273,,
54cdbaee291851f8,on_pickup_dropoff,2021.06.01.12.27.59_veh-12_02426_02726,2021.06.01.12.27.59_veh-12_02426_02726/on_pickup_dropoff/54cdbaee291851f8/sledge_raw.gz,pedestrians,native_cache_directory,32,30,20,2,10,20,10,25.09923553466797,26.293529510498047,1.1942939758300781
54cdbaee291851f8,on_pickup_dropoff,2021.06.01.12.27.59_veh-12_02426_02726,2021.06.01.12.27.59_veh-12_02426_02726/on_pickup_dropoff/54cdbaee291851f8/sledge_raw.gz,static_objects,native_cache_directory,127,30,30,97,0,30,0,36.70064163208008,,
45c2122e37395e6d,on_pickup_dropoff,2021.06.09.19.40.26_veh-12_00279_01212,2021.06.09.19.40.26_veh-12_00279_01212/on_pickup_dropoff/45c2122e37395e6d/sledge_raw.gz,vehicles,native_cache_directory,29,19,19,10,0,50,-31,36.46744155883789,,
45c2122e37395e6d,on_pickup_dropoff,2021.06.09.19.40.26_veh-12_00279_01212,2021.06.09.19.40.26_veh-12_00279_01212/on_pickup_dropoff/45c2122e37395e6d/sledge_raw.gz,pedestrians,native_cache_directory,10,4,4,6,0,20,-16,26.766735076904297,,
45c2122e37395e6d,on_pickup_dropoff,2021.06.09.19.40.26_veh-12_00279_01212,2021.06.09.19.40.26_veh-12_00279_01212/on_pickup_dropoff/45c2122e37395e6d/sledge_raw.gz,static_objects,native_cache_directory,34,32,30,2,2,30,2,32.825469970703125,34.07231140136719,1.2468414306640625
52b9316d85095da7,on_pickup_dropoff,2021.06.08.16.31.33_veh-38_01589_02072,2021.06.08.16.31.33_veh-38_01589_02072/on_pickup_dropoff/52b9316d85095da7/sledge_raw.gz,vehicles,native_cache_directory,22,16,16,6,0,50,-34,37.480342864990234,,
52b9316d85095da7,on_pickup_dropoff,2021.06.08.16.31.33_veh-38_01589_02072,2021.06.08.16.31.33_veh-38_01589_02072/on_pickup_dropoff/52b9316d85095da7/sledge_raw.gz,pedestrians,native_cache_directory,92,88,20,4,68,20,68,22.22772216796875,22.23151397705078,0.00379180908203125
52b9316d85095da7,on_pickup_dropoff,2021.06.08.16.31.33_veh-38_01589_02072,2021.06.08.16.31.33_veh-38_01589_02072/on_pickup_dropoff/52b9316d85095da7/sledge_raw.gz,static_objects,native_cache_directory,125,37,30,88,7,30,7,36.940731048583984,37.12410354614258,0.18337249755859375
007ec6e152325bf4,on_pickup_dropoff,2021.07.24.23.59.52_veh-12_04767_05924,2021.07.24.23.59.52_veh-12_04767_05924/on_pickup_dropoff/007ec6e152325bf4/sledge_raw.gz,vehicles,native_cache_directory,25,18,18,7,0,50,-32,34.52895736694336,,
007ec6e152325bf4,on_pickup_dropoff,2021.07.24.23.59.52_veh-12_04767_05924,2021.07.24.23.59.52_veh-12_04767_05924/on_pickup_dropoff/007ec6e152325bf4/sledge_raw.gz,pedestrians,native_cache_directory,66,55,20,11,35,20,35,11.846064567565918,11.993932723999023,0.14786815643310547
007ec6e152325bf4,on_pickup_dropoff,2021.07.24.23.59.52_veh-12_04767_05924,2021.07.24.23.59.52_veh-12_04767_05924/on_pickup_dropoff/007ec6e152325bf4/sledge_raw.gz,static_objects,native_cache_directory,7,5,5,2,0,30,-25,31.37834930419922,,
51a22cdd0e2351f9,on_pickup_dropoff,2021.07.21.16.18.22_veh-38_04452_05015,2021.07.21.16.18.22_veh-38_04452_05015/on_pickup_dropoff/51a22cdd0e2351f9/sledge_raw.gz,vehicles,native_cache_directory,37,18,18,19,0,50,-32,25.101003646850586,,
51a22cdd0e2351f9,on_pickup_dropoff,2021.07.21.16.18.22_veh-38_04452_05015,2021.07.21.16.18.22_veh-38_04452_05015/on_pickup_dropoff/51a22cdd0e2351f9/sledge_raw.gz,pedestrians,native_cache_directory,21,10,10,11,0,20,-10,40.64853286743164,,
51a22cdd0e2351f9,on_pickup_dropoff,2021.07.21.16.18.22_veh-38_04452_05015,2021.07.21.16.18.22_veh-38_04452_05015/on_pickup_dropoff/51a22cdd0e2351f9/sledge_raw.gz,static_objects,native_cache_directory,35,15,15,20,0,30,-15,32.69932556152344,,
458fe0e6534855f2,on_pickup_dropoff,2021.05.18.13.20.19_veh-25_00512_01305,2021.05.18.13.20.19_veh-25_00512_01305/on_pickup_dropoff/458fe0e6534855f2/sledge_raw.gz,vehicles,native_cache_directory,33,14,14,19,0,50,-36,41.28165817260742,,
458fe0e6534855f2,on_pickup_dropoff,2021.05.18.13.20.19_veh-25_00512_01305,2021.05.18.13.20.19_veh-25_00512_01305/on_pickup_dropoff/458fe0e6534855f2/sledge_raw.gz,pedestrians,native_cache_directory,44,42,20,2,22,20,22,25.353181838989258,26.004446029663086,0.6512641906738281
458fe0e6534855f2,on_pickup_dropoff,2021.05.18.13.20.19_veh-25_00512_01305,2021.05.18.13.20.19_veh-25_00512_01305/on_pickup_dropoff/458fe0e6534855f2/sledge_raw.gz,static_objects,native_cache_directory,107,47,30,60,17,30,17,31.693401336669922,32.08423614501953,0.3908348083496094
9db936e5f0b057d3,on_pickup_dropoff,2021.05.26.12.22.14_veh-38_04863_05596,2021.05.26.12.22.14_veh-38_04863_05596/on_pickup_dropoff/9db936e5f0b057d3/sledge_raw.gz,vehicles,native_cache_directory,10,6,6,4,0,50,-44,31.83863639831543,,
9db936e5f0b057d3,on_pickup_dropoff,2021.05.26.12.22.14_veh-38_04863_05596,2021.05.26.12.22.14_veh-38_04863_05596/on_pickup_dropoff/9db936e5f0b057d3/sledge_raw.gz,pedestrians,native_cache_directory,16,14,14,2,0,20,-6,31.058719635009766,,
9db936e5f0b057d3,on_pickup_dropoff,2021.05.26.12.22.14_veh-38_04863_05596,2021.05.26.12.22.14_veh-38_04863_05596/on_pickup_dropoff/9db936e5f0b057d3/sledge_raw.gz,static_objects,native_cache_directory,71,56,30,15,26,30,26,20.69159698486328,20.98474884033203,0.29315185546875
719efec710bc57d8,on_pickup_dropoff,2021.07.07.17.00.27_veh-37_01833_03852,2021.07.07.17.00.27_veh-37_01833_03852/on_pickup_dropoff/719efec710bc57d8/sledge_raw.gz,vehicles,native_cache_directory,11,4,4,7,0,50,-46,24.63179588317871,,
719efec710bc57d8,on_pickup_dropoff,2021.07.07.17.00.27_veh-37_01833_03852,2021.07.07.17.00.27_veh-37_01833_03852/on_pickup_dropoff/719efec710bc57d8/sledge_raw.gz,pedestrians,native_cache_directory,13,6,6,7,0,20,-14,32.55361557006836,,
719efec710bc57d8,on_pickup_dropoff,2021.07.07.17.00.27_veh-37_01833_03852,2021.07.07.17.00.27_veh-37_01833_03852/on_pickup_dropoff/719efec710bc57d8/sledge_raw.gz,static_objects,native_cache_directory,38,24,24,14,0,30,-6,41.164215087890625,,
c825501a5d465b9b,on_pickup_dropoff,2021.06.12.19.04.44_veh-26_03265_03866,2021.06.12.19.04.44_veh-26_03265_03866/on_pickup_dropoff/c825501a5d465b9b/sledge_raw.gz,vehicles,native_cache_directory,11,9,9,2,0,50,-41,29.988662719726562,,
c825501a5d465b9b,on_pickup_dropoff,2021.06.12.19.04.44_veh-26_03265_03866,2021.06.12.19.04.44_veh-26_03265_03866/on_pickup_dropoff/c825501a5d465b9b/sledge_raw.gz,pedestrians,native_cache_directory,25,18,18,7,0,20,-2,28.65995979309082,,
c825501a5d465b9b,on_pickup_dropoff,2021.06.12.19.04.44_veh-26_03265_03866,2021.06.12.19.04.44_veh-26_03265_03866/on_pickup_dropoff/c825501a5d465b9b/sledge_raw.gz,static_objects,native_cache_directory,55,45,30,10,15,30,15,23.588088989257812,23.99643325805664,0.4083442687988281
cd5cac578d9f5d83,on_pickup_dropoff,2021.07.16.18.06.21_veh-38_03733_04300,2021.07.16.18.06.21_veh-38_03733_04300/on_pickup_dropoff/cd5cac578d9f5d83/sledge_raw.gz,vehicles,native_cache_directory,14,10,10,4,0,50,-40,35.370330810546875,,
cd5cac578d9f5d83,on_pickup_dropoff,2021.07.16.18.06.21_veh-38_03733_04300,2021.07.16.18.06.21_veh-38_03733_04300/on_pickup_dropoff/cd5cac578d9f5d83/sledge_raw.gz,pedestrians,native_cache_directory,20,15,15,5,0,20,-5,35.584678649902344,,
cd5cac578d9f5d83,on_pickup_dropoff,2021.07.16.18.06.21_veh-38_03733_04300,2021.07.16.18.06.21_veh-38_03733_04300/on_pickup_dropoff/cd5cac578d9f5d83/sledge_raw.gz,static_objects,native_cache_directory,43,41,30,2,11,30,11,26.04848289489746,26.048646926879883,0.000164031982421875
ba4900f312ee513a,on_pickup_dropoff,2021.06.04.12.42.02_veh-35_03536_04150,2021.06.04.12.42.02_veh-35_03536_04150/on_pickup_dropoff/ba4900f312ee513a/sledge_raw.gz,vehicles,native_cache_directory,7,6,6,1,0,50,-44,31.40114974975586,,
ba4900f312ee513a,on_pickup_dropoff,2021.06.04.12.42.02_veh-35_03536_04150,2021.06.04.12.42.02_veh-35_03536_04150/on_pickup_dropoff/ba4900f312ee513a/sledge_raw.gz,pedestrians,native_cache_directory,1,1,1,0,0,20,-19,11.843995094299316,,
ba4900f312ee513a,on_pickup_dropoff,2021.06.04.12.42.02_veh-35_03536_04150,2021.06.04.12.42.02_veh-35_03536_04150/on_pickup_dropoff/ba4900f312ee513a/sledge_raw.gz,static_objects,native_cache_directory,34,26,26,8,0,30,-4,40.826438903808594,,
974ac71e531757ed,on_pickup_dropoff,2021.07.02.14.05.33_veh-12_04509_05776,2021.07.02.14.05.33_veh-12_04509_05776/on_pickup_dropoff/974ac71e531757ed/sledge_raw.gz,vehicles,native_cache_directory,4,0,0,4,0,50,-50,,,
974ac71e531757ed,on_pickup_dropoff,2021.07.02.14.05.33_veh-12_04509_05776,2021.07.02.14.05.33_veh-12_04509_05776/on_pickup_dropoff/974ac71e531757ed/sledge_raw.gz,pedestrians,native_cache_directory,12,3,3,9,0,20,-17,30.829233169555664,,
974ac71e531757ed,on_pickup_dropoff,2021.07.02.14.05.33_veh-12_04509_05776,2021.07.02.14.05.33_veh-12_04509_05776/on_pickup_dropoff/974ac71e531757ed/sledge_raw.gz,static_objects,native_cache_directory,49,34,30,15,4,30,4,35.302581787109375,35.68802261352539,0.3854408264160156
d6ab1f345b315bb1,on_pickup_dropoff,2021.06.02.17.58.34_veh-35_02794_03377,2021.06.02.17.58.34_veh-35_02794_03377/on_pickup_dropoff/d6ab1f345b315bb1/sledge_raw.gz,vehicles,native_cache_directory,20,9,9,11,0,50,-41,31.951955795288086,,
d6ab1f345b315bb1,on_pickup_dropoff,2021.06.02.17.58.34_veh-35_02794_03377,2021.06.02.17.58.34_veh-35_02794_03377/on_pickup_dropoff/d6ab1f345b315bb1/sledge_raw.gz,pedestrians,native_cache_directory,13,12,12,1,0,20,-8,33.221839904785156,,
d6ab1f345b315bb1,on_pickup_dropoff,2021.06.02.17.58.34_veh-35_02794_03377,2021.06.02.17.58.34_veh-35_02794_03377/on_pickup_dropoff/d6ab1f345b315bb1/sledge_raw.gz,static_objects,native_cache_directory,45,37,30,8,7,30,7,31.935575485229492,32.14228439331055,0.2067089080810547
89c332b108395f1a,on_pickup_dropoff,2021.06.24.14.20.12_veh-47_03110_04677,2021.06.24.14.20.12_veh-47_03110_04677/on_pickup_dropoff/89c332b108395f1a/sledge_raw.gz,vehicles,native_cache_directory,11,9,9,2,0,50,-41,40.910179138183594,,
89c332b108395f1a,on_pickup_dropoff,2021.06.24.14.20.12_veh-47_03110_04677,2021.06.24.14.20.12_veh-47_03110_04677/on_pickup_dropoff/89c332b108395f1a/sledge_raw.gz,pedestrians,native_cache_directory,2,0,0,2,0,20,-20,,,
89c332b108395f1a,on_pickup_dropoff,2021.06.24.14.20.12_veh-47_03110_04677,2021.06.24.14.20.12_veh-47_03110_04677/on_pickup_dropoff/89c332b108395f1a/sledge_raw.gz,static_objects,native_cache_directory,58,50,30,8,20,30,20,16.965850830078125,17.02918815612793,0.06333732604980469
783e78a03b62546d,on_pickup_dropoff,2021.06.24.17.08.56_veh-35_01344_02635,2021.06.24.17.08.56_veh-35_01344_02635/on_pickup_dropoff/783e78a03b62546d/sledge_raw.gz,vehicles,native_cache_directory,3,2,2,1,0,50,-48,23.324506759643555,,
783e78a03b62546d,on_pickup_dropoff,2021.06.24.17.08.56_veh-35_01344_02635,2021.06.24.17.08.56_veh-35_01344_02635/on_pickup_dropoff/783e78a03b62546d/sledge_raw.gz,pedestrians,native_cache_directory,10,7,7,3,0,20,-13,37.306373596191406,,
783e78a03b62546d,on_pickup_dropoff,2021.06.24.17.08.56_veh-35_01344_02635,2021.06.24.17.08.56_veh-35_01344_02635/on_pickup_dropoff/783e78a03b62546d/sledge_raw.gz,static_objects,native_cache_directory,29,25,25,4,0,30,-5,38.58486557006836,,
3955c3ceba265d56,on_pickup_dropoff,2021.07.26.01.22.11_veh-35_00431_01411,2021.07.26.01.22.11_veh-35_00431_01411/on_pickup_dropoff/3955c3ceba265d56/sledge_raw.gz,vehicles,native_cache_directory,14,11,11,3,0,50,-39,32.42424392700195,,
3955c3ceba265d56,on_pickup_dropoff,2021.07.26.01.22.11_veh-35_00431_01411,2021.07.26.01.22.11_veh-35_00431_01411/on_pickup_dropoff/3955c3ceba265d56/sledge_raw.gz,pedestrians,native_cache_directory,5,5,5,0,0,20,-15,26.271047592163086,,
3955c3ceba265d56,on_pickup_dropoff,2021.07.26.01.22.11_veh-35_00431_01411,2021.07.26.01.22.11_veh-35_00431_01411/on_pickup_dropoff/3955c3ceba265d56/sledge_raw.gz,static_objects,native_cache_directory,43,43,30,0,13,30,13,17.656139373779297,18.06766128540039,0.41152191162109375
6a4d2db0db8854e1,on_pickup_dropoff,2021.06.24.21.47.52_veh-16_01680_02551,2021.06.24.21.47.52_veh-16_01680_02551/on_pickup_dropoff/6a4d2db0db8854e1/sledge_raw.gz,vehicles,native_cache_directory,35,14,14,21,0,50,-36,40.34394836425781,,
6a4d2db0db8854e1,on_pickup_dropoff,2021.06.24.21.47.52_veh-16_01680_02551,2021.06.24.21.47.52_veh-16_01680_02551/on_pickup_dropoff/6a4d2db0db8854e1/sledge_raw.gz,pedestrians,native_cache_directory,30,17,17,13,0,20,-3,29.6469669342041,,
6a4d2db0db8854e1,on_pickup_dropoff,2021.06.24.21.47.52_veh-16_01680_02551,2021.06.24.21.47.52_veh-16_01680_02551/on_pickup_dropoff/6a4d2db0db8854e1/sledge_raw.gz,static_objects,native_cache_directory,69,34,30,35,4,30,4,39.92294692993164,39.997901916503906,0.07495498657226562
1d3148520d2b54fa,on_pickup_dropoff,2021.06.30.16.53.06_veh-37_00576_05927,2021.06.30.16.53.06_veh-37_00576_05927/on_pickup_dropoff/1d3148520d2b54fa/sledge_raw.gz,vehicles,native_cache_directory,5,3,3,2,0,50,-47,41.236446380615234,,
1d3148520d2b54fa,on_pickup_dropoff,2021.06.30.16.53.06_veh-37_00576_05927,2021.06.30.16.53.06_veh-37_00576_05927/on_pickup_dropoff/1d3148520d2b54fa/sledge_raw.gz,pedestrians,native_cache_directory,7,5,5,2,0,20,-15,24.032350540161133,,
1d3148520d2b54fa,on_pickup_dropoff,2021.06.30.16.53.06_veh-37_00576_05927,2021.06.30.16.53.06_veh-37_00576_05927/on_pickup_dropoff/1d3148520d2b54fa/sledge_raw.gz,static_objects,native_cache_directory,26,21,21,5,0,30,-9,41.16913986206055,,
9647d2006e6f513c,on_pickup_dropoff,2021.05.26.18.45.36_veh-30_01450_01779,2021.05.26.18.45.36_veh-30_01450_01779/on_pickup_dropoff/9647d2006e6f513c/sledge_raw.gz,vehicles,native_cache_directory,35,6,6,29,0,50,-44,41.497135162353516,,
9647d2006e6f513c,on_pickup_dropoff,2021.05.26.18.45.36_veh-30_01450_01779,2021.05.26.18.45.36_veh-30_01450_01779/on_pickup_dropoff/9647d2006e6f513c/sledge_raw.gz,pedestrians,native_cache_directory,12,3,3,9,0,20,-17,29.089588165283203,,
9647d2006e6f513c,on_pickup_dropoff,2021.05.26.18.45.36_veh-30_01450_01779,2021.05.26.18.45.36_veh-30_01450_01779/on_pickup_dropoff/9647d2006e6f513c/sledge_raw.gz,static_objects,native_cache_directory,105,39,30,66,9,30,9,31.161712646484375,31.537799835205078,0.3760871887207031
31c2d5bd5e86506a,on_pickup_dropoff,2021.07.16.18.06.21_veh-38_02197_03220,2021.07.16.18.06.21_veh-38_02197_03220/on_pickup_dropoff/31c2d5bd5e86506a/sledge_raw.gz,vehicles,native_cache_directory,21,18,18,3,0,50,-32,38.92072677612305,,
31c2d5bd5e86506a,on_pickup_dropoff,2021.07.16.18.06.21_veh-38_02197_03220,2021.07.16.18.06.21_veh-38_02197_03220/on_pickup_dropoff/31c2d5bd5e86506a/sledge_raw.gz,pedestrians,native_cache_directory,47,42,20,5,22,20,22,10.830917358398438,10.838749885559082,0.007832527160644531
31c2d5bd5e86506a,on_pickup_dropoff,2021.07.16.18.06.21_veh-38_02197_03220,2021.07.16.18.06.21_veh-38_02197_03220/on_pickup_dropoff/31c2d5bd5e86506a/sledge_raw.gz,static_objects,native_cache_directory,44,41,30,3,11,30,11,19.515764236450195,19.87217903137207,0.356414794921875
34a1d23cbb0c511c,on_pickup_dropoff,2021.06.21.18.10.43_veh-47_02320_03114,2021.06.21.18.10.43_veh-47_02320_03114/on_pickup_dropoff/34a1d23cbb0c511c/sledge_raw.gz,vehicles,native_cache_directory,15,9,9,6,0,50,-41,34.44029235839844,,
34a1d23cbb0c511c,on_pickup_dropoff,2021.06.21.18.10.43_veh-47_02320_03114,2021.06.21.18.10.43_veh-47_02320_03114/on_pickup_dropoff/34a1d23cbb0c511c/sledge_raw.gz,pedestrians,native_cache_directory,42,23,20,19,3,20,3,23.304445266723633,26.180849075317383,2.87640380859375
34a1d23cbb0c511c,on_pickup_dropoff,2021.06.21.18.10.43_veh-47_02320_03114,2021.06.21.18.10.43_veh-47_02320_03114/on_pickup_dropoff/34a1d23cbb0c511c/sledge_raw.gz,static_objects,native_cache_directory,47,36,30,11,6,30,6,32.08819580078125,34.12546157836914,2.0372657775878906
7122ed9a89445646,on_pickup_dropoff,2021.05.17.22.28.24_veh-30_01773_02307,2021.05.17.22.28.24_veh-30_01773_02307/on_pickup_dropoff/7122ed9a89445646/sledge_raw.gz,vehicles,native_cache_directory,4,2,2,2,0,50,-48,17.642559051513672,,
7122ed9a89445646,on_pickup_dropoff,2021.05.17.22.28.24_veh-30_01773_02307,2021.05.17.22.28.24_veh-30_01773_02307/on_pickup_dropoff/7122ed9a89445646/sledge_raw.gz,pedestrians,native_cache_directory,10,4,4,6,0,20,-16,27.829299926757812,,
7122ed9a89445646,on_pickup_dropoff,2021.05.17.22.28.24_veh-30_01773_02307,2021.05.17.22.28.24_veh-30_01773_02307/on_pickup_dropoff/7122ed9a89445646/sledge_raw.gz,static_objects,native_cache_directory,23,18,18,5,0,30,-12,32.20193862915039,,
4299619776405e98,on_pickup_dropoff,2021.05.27.15.16.33_veh-30_01080_01465,2021.05.27.15.16.33_veh-30_01080_01465/on_pickup_dropoff/4299619776405e98/sledge_raw.gz,vehicles,native_cache_directory,12,7,7,5,0,50,-43,33.9669189453125,,
4299619776405e98,on_pickup_dropoff,2021.05.27.15.16.33_veh-30_01080_01465,2021.05.27.15.16.33_veh-30_01080_01465/on_pickup_dropoff/4299619776405e98/sledge_raw.gz,pedestrians,native_cache_directory,16,8,8,8,0,20,-12,31.82508087158203,,
4299619776405e98,on_pickup_dropoff,2021.05.27.15.16.33_veh-30_01080_01465,2021.05.27.15.16.33_veh-30_01080_01465/on_pickup_dropoff/4299619776405e98/sledge_raw.gz,static_objects,native_cache_directory,45,17,17,28,0,30,-13,40.848636627197266,,
f4b4e317ec6b5f36,on_pickup_dropoff,2021.07.13.01.55.44_veh-38_00766_01710,2021.07.13.01.55.44_veh-38_00766_01710/on_pickup_dropoff/f4b4e317ec6b5f36/sledge_raw.gz,vehicles,native_cache_directory,30,14,14,16,0,50,-36,42.524566650390625,,
f4b4e317ec6b5f36,on_pickup_dropoff,2021.07.13.01.55.44_veh-38_00766_01710,2021.07.13.01.55.44_veh-38_00766_01710/on_pickup_dropoff/f4b4e317ec6b5f36/sledge_raw.gz,pedestrians,native_cache_directory,90,79,20,11,59,20,59,18.63285255432129,18.65646743774414,0.023614883422851562
f4b4e317ec6b5f36,on_pickup_dropoff,2021.07.13.01.55.44_veh-38_00766_01710,2021.07.13.01.55.44_veh-38_00766_01710/on_pickup_dropoff/f4b4e317ec6b5f36/sledge_raw.gz,static_objects,native_cache_directory,110,32,30,78,2,30,2,35.86021041870117,36.348365783691406,0.4881553649902344
02ff3c0e74df5cfb,on_pickup_dropoff,2021.07.17.00.50.34_veh-35_03553_04991,2021.07.17.00.50.34_veh-35_03553_04991/on_pickup_dropoff/02ff3c0e74df5cfb/sledge_raw.gz,vehicles,native_cache_directory,11,9,9,2,0,50,-41,37.5029411315918,,
02ff3c0e74df5cfb,on_pickup_dropoff,2021.07.17.00.50.34_veh-35_03553_04991,2021.07.17.00.50.34_veh-35_03553_04991/on_pickup_dropoff/02ff3c0e74df5cfb/sledge_raw.gz,pedestrians,native_cache_directory,33,32,20,1,12,20,12,16.89659881591797,17.388853073120117,0.49225425720214844
02ff3c0e74df5cfb,on_pickup_dropoff,2021.07.17.00.50.34_veh-35_03553_04991,2021.07.17.00.50.34_veh-35_03553_04991/on_pickup_dropoff/02ff3c0e74df5cfb/sledge_raw.gz,static_objects,native_cache_directory,59,44,30,15,14,30,14,20.699054718017578,21.0906925201416,0.39163780212402344
c3e360d79a3d5153,on_pickup_dropoff,2021.05.26.15.08.40_veh-30_00225_00689,2021.05.26.15.08.40_veh-30_00225_00689/on_pickup_dropoff/c3e360d79a3d5153/sledge_raw.gz,vehicles,native_cache_directory,4,4,4,0,0,50,-46,30.98795509338379,,
c3e360d79a3d5153,on_pickup_dropoff,2021.05.26.15.08.40_veh-30_00225_00689,2021.05.26.15.08.40_veh-30_00225_00689/on_pickup_dropoff/c3e360d79a3d5153/sledge_raw.gz,pedestrians,native_cache_directory,4,2,2,2,0,20,-18,30.852128982543945,,
c3e360d79a3d5153,on_pickup_dropoff,2021.05.26.15.08.40_veh-30_00225_00689,2021.05.26.15.08.40_veh-30_00225_00689/on_pickup_dropoff/c3e360d79a3d5153/sledge_raw.gz,static_objects,native_cache_directory,27,23,23,4,0,30,-7,39.385841369628906,,
28f38755c5dc5a7f,on_pickup_dropoff,2021.06.02.14.28.00_veh-16_02454_02943,2021.06.02.14.28.00_veh-16_02454_02943/on_pickup_dropoff/28f38755c5dc5a7f/sledge_raw.gz,vehicles,native_cache_directory,7,5,5,2,0,50,-45,24.25631332397461,,
28f38755c5dc5a7f,on_pickup_dropoff,2021.06.02.14.28.00_veh-16_02454_02943,2021.06.02.14.28.00_veh-16_02454_02943/on_pickup_dropoff/28f38755c5dc5a7f/sledge_raw.gz,pedestrians,native_cache_directory,8,7,7,1,0,20,-13,24.821884155273438,,
28f38755c5dc5a7f,on_pickup_dropoff,2021.06.02.14.28.00_veh-16_02454_02943,2021.06.02.14.28.00_veh-16_02454_02943/on_pickup_dropoff/28f38755c5dc5a7f/sledge_raw.gz,static_objects,native_cache_directory,21,17,17,4,0,30,-13,31.288095474243164,,
43bce3f5a7fd5d1e,on_pickup_dropoff,2021.06.24.20.25.57_veh-47_02871_03128,2021.06.24.20.25.57_veh-47_02871_03128/on_pickup_dropoff/43bce3f5a7fd5d1e/sledge_raw.gz,vehicles,native_cache_directory,27,11,11,16,0,50,-39,31.044504165649414,,
43bce3f5a7fd5d1e,on_pickup_dropoff,2021.06.24.20.25.57_veh-47_02871_03128,2021.06.24.20.25.57_veh-47_02871_03128/on_pickup_dropoff/43bce3f5a7fd5d1e/sledge_raw.gz,pedestrians,native_cache_directory,61,56,20,5,36,20,36,20.80991554260254,21.155149459838867,0.3452339172363281
43bce3f5a7fd5d1e,on_pickup_dropoff,2021.06.24.20.25.57_veh-47_02871_03128,2021.06.24.20.25.57_veh-47_02871_03128/on_pickup_dropoff/43bce3f5a7fd5d1e/sledge_raw.gz,static_objects,native_cache_directory,130,44,30,86,14,30,14,27.3724308013916,28.154027938842773,0.7815971374511719
2e4c9426a84850ad,on_pickup_dropoff,2021.06.21.16.51.55_veh-47_01720_02849,2021.06.21.16.51.55_veh-47_01720_02849/on_pickup_dropoff/2e4c9426a84850ad/sledge_raw.gz,vehicles,native_cache_directory,7,4,4,3,0,50,-46,37.9485969543457,,
2e4c9426a84850ad,on_pickup_dropoff,2021.06.21.16.51.55_veh-47_01720_02849,2021.06.21.16.51.55_veh-47_01720_02849/on_pickup_dropoff/2e4c9426a84850ad/sledge_raw.gz,pedestrians,native_cache_directory,30,25,20,5,5,20,5,21.23354148864746,21.506940841674805,0.27339935302734375
2e4c9426a84850ad,on_pickup_dropoff,2021.06.21.16.51.55_veh-47_01720_02849,2021.06.21.16.51.55_veh-47_01720_02849/on_pickup_dropoff/2e4c9426a84850ad/sledge_raw.gz,static_objects,native_cache_directory,77,66,30,11,36,30,36,17.27816390991211,17.578275680541992,0.3001117706298828
b30dc5e8a9ed5641,on_pickup_dropoff,2021.06.01.19.39.30_veh-38_02263_02804,2021.06.01.19.39.30_veh-38_02263_02804/on_pickup_dropoff/b30dc5e8a9ed5641/sledge_raw.gz,vehicles,native_cache_directory,21,8,8,13,0,50,-42,32.23049545288086,,
b30dc5e8a9ed5641,on_pickup_dropoff,2021.06.01.19.39.30_veh-38_02263_02804,2021.06.01.19.39.30_veh-38_02263_02804/on_pickup_dropoff/b30dc5e8a9ed5641/sledge_raw.gz,pedestrians,native_cache_directory,37,32,20,5,12,20,12,26.632816314697266,27.071619033813477,0.43880271911621094
b30dc5e8a9ed5641,on_pickup_dropoff,2021.06.01.19.39.30_veh-38_02263_02804,2021.06.01.19.39.30_veh-38_02263_02804/on_pickup_dropoff/b30dc5e8a9ed5641/sledge_raw.gz,static_objects,native_cache_directory,129,54,30,75,24,30,24,23.82029914855957,24.011985778808594,0.19168663024902344
74c2add15a685af4,on_pickup_dropoff,2021.05.18.20.57.37_veh-35_04834_05146,2021.05.18.20.57.37_veh-35_04834_05146/on_pickup_dropoff/74c2add15a685af4/sledge_raw.gz,vehicles,native_cache_directory,20,3,3,17,0,50,-47,40.57773971557617,,
74c2add15a685af4,on_pickup_dropoff,2021.05.18.20.57.37_veh-35_04834_05146,2021.05.18.20.57.37_veh-35_04834_05146/on_pickup_dropoff/74c2add15a685af4/sledge_raw.gz,pedestrians,native_cache_directory,15,12,12,3,0,20,-8,38.77081298828125,,
74c2add15a685af4,on_pickup_dropoff,2021.05.18.20.57.37_veh-35_04834_05146,2021.05.18.20.57.37_veh-35_04834_05146/on_pickup_dropoff/74c2add15a685af4/sledge_raw.gz,static_objects,native_cache_directory,47,24,24,23,0,30,-6,38.582027435302734,,
864cdd4a05eb5809,on_pickup_dropoff,2021.06.14.18.19.31_veh-47_03865_04818,2021.06.14.18.19.31_veh-47_03865_04818/on_pickup_dropoff/864cdd4a05eb5809/sledge_raw.gz,vehicles,native_cache_directory,35,13,13,22,0,50,-37,38.2698860168457,,
864cdd4a05eb5809,on_pickup_dropoff,2021.06.14.18.19.31_veh-47_03865_04818,2021.06.14.18.19.31_veh-47_03865_04818/on_pickup_dropoff/864cdd4a05eb5809/sledge_raw.gz,pedestrians,native_cache_directory,66,66,20,0,46,20,46,21.10613441467285,21.78996467590332,0.6838302612304688
864cdd4a05eb5809,on_pickup_dropoff,2021.06.14.18.19.31_veh-47_03865_04818,2021.06.14.18.19.31_veh-47_03865_04818/on_pickup_dropoff/864cdd4a05eb5809/sledge_raw.gz,static_objects,native_cache_directory,111,34,30,77,4,30,4,29.200899124145508,33.46112060546875,4.260221481323242
62c316f857d055d0,on_pickup_dropoff,2021.06.29.19.37.20_veh-26_01874_02766,2021.06.29.19.37.20_veh-26_01874_02766/on_pickup_dropoff/62c316f857d055d0/sledge_raw.gz,vehicles,native_cache_directory,9,5,5,4,0,50,-45,35.034873962402344,,
62c316f857d055d0,on_pickup_dropoff,2021.06.29.19.37.20_veh-26_01874_02766,2021.06.29.19.37.20_veh-26_01874_02766/on_pickup_dropoff/62c316f857d055d0/sledge_raw.gz,pedestrians,native_cache_directory,8,8,8,0,0,20,-12,27.27701759338379,,
62c316f857d055d0,on_pickup_dropoff,2021.06.29.19.37.20_veh-26_01874_02766,2021.06.29.19.37.20_veh-26_01874_02766/on_pickup_dropoff/62c316f857d055d0/sledge_raw.gz,static_objects,native_cache_directory,76,65,30,11,35,30,35,17.048879623413086,17.085494995117188,0.03661537170410156
b9c26b0dcce55e1b,on_pickup_dropoff,2021.07.21.16.13.30_veh-47_01712_03045,2021.07.21.16.13.30_veh-47_01712_03045/on_pickup_dropoff/b9c26b0dcce55e1b/sledge_raw.gz,vehicles,native_cache_directory,25,15,15,10,0,50,-35,33.29106140136719,,
b9c26b0dcce55e1b,on_pickup_dropoff,2021.07.21.16.13.30_veh-47_01712_03045,2021.07.21.16.13.30_veh-47_01712_03045/on_pickup_dropoff/b9c26b0dcce55e1b/sledge_raw.gz,pedestrians,native_cache_directory,25,18,18,7,0,20,-2,29.80398178100586,,
b9c26b0dcce55e1b,on_pickup_dropoff,2021.07.21.16.13.30_veh-47_01712_03045,2021.07.21.16.13.30_veh-47_01712_03045/on_pickup_dropoff/b9c26b0dcce55e1b/sledge_raw.gz,static_objects,native_cache_directory,143,44,30,99,14,30,14,25.84251594543457,25.862056732177734,0.019540786743164062
7aff2c3a694b5c8d,on_pickup_dropoff,2021.06.30.13.52.24_veh-35_01092_02065,2021.06.30.13.52.24_veh-35_01092_02065/on_pickup_dropoff/7aff2c3a694b5c8d/sledge_raw.gz,vehicles,native_cache_directory,18,2,2,16,0,50,-48,37.785423278808594,,
7aff2c3a694b5c8d,on_pickup_dropoff,2021.06.30.13.52.24_veh-35_01092_02065,2021.06.30.13.52.24_veh-35_01092_02065/on_pickup_dropoff/7aff2c3a694b5c8d/sledge_raw.gz,pedestrians,native_cache_directory,14,11,11,3,0,20,-9,32.45059585571289,,
7aff2c3a694b5c8d,on_pickup_dropoff,2021.06.30.13.52.24_veh-35_01092_02065,2021.06.30.13.52.24_veh-35_01092_02065/on_pickup_dropoff/7aff2c3a694b5c8d/sledge_raw.gz,static_objects,native_cache_directory,178,64,30,114,34,30,34,17.95111846923828,19.261138916015625,1.3100204467773438
f650848fbf575cec,on_pickup_dropoff,2021.06.14.18.33.41_veh-35_02521_03356,2021.06.14.18.33.41_veh-35_02521_03356/on_pickup_dropoff/f650848fbf575cec/sledge_raw.gz,vehicles,native_cache_directory,10,4,4,6,0,50,-46,32.52648162841797,,
f650848fbf575cec,on_pickup_dropoff,2021.06.14.18.33.41_veh-35_02521_03356,2021.06.14.18.33.41_veh-35_02521_03356/on_pickup_dropoff/f650848fbf575cec/sledge_raw.gz,pedestrians,native_cache_directory,14,14,14,0,0,20,-6,23.643123626708984,,
f650848fbf575cec,on_pickup_dropoff,2021.06.14.18.33.41_veh-35_02521_03356,2021.06.14.18.33.41_veh-35_02521_03356/on_pickup_dropoff/f650848fbf575cec/sledge_raw.gz,static_objects,native_cache_directory,66,52,30,14,22,30,22,21.051101684570312,21.578161239624023,0.5270595550537109
85879762f5215acb,on_pickup_dropoff,2021.07.02.17.50.52_veh-37_00015_00760,2021.07.02.17.50.52_veh-37_00015_00760/on_pickup_dropoff/85879762f5215acb/sledge_raw.gz,vehicles,native_cache_directory,11,9,9,2,0,50,-41,24.680908203125,,
85879762f5215acb,on_pickup_dropoff,2021.07.02.17.50.52_veh-37_00015_00760,2021.07.02.17.50.52_veh-37_00015_00760/on_pickup_dropoff/85879762f5215acb/sledge_raw.gz,pedestrians,native_cache_directory,20,19,19,1,0,20,-1,20.472230911254883,,
85879762f5215acb,on_pickup_dropoff,2021.07.02.17.50.52_veh-37_00015_00760,2021.07.02.17.50.52_veh-37_00015_00760/on_pickup_dropoff/85879762f5215acb/sledge_raw.gz,static_objects,native_cache_directory,25,19,19,6,0,30,-11,40.439762115478516,,
3e3514aa41495004,on_pickup_dropoff,2021.07.24.00.36.59_veh-47_02465_04054,2021.07.24.00.36.59_veh-47_02465_04054/on_pickup_dropoff/3e3514aa41495004/sledge_raw.gz,vehicles,native_cache_directory,15,7,7,8,0,50,-43,31.131589889526367,,
3e3514aa41495004,on_pickup_dropoff,2021.07.24.00.36.59_veh-47_02465_04054,2021.07.24.00.36.59_veh-47_02465_04054/on_pickup_dropoff/3e3514aa41495004/sledge_raw.gz,pedestrians,native_cache_directory,12,0,0,12,0,20,-20,,,
3e3514aa41495004,on_pickup_dropoff,2021.07.24.00.36.59_veh-47_02465_04054,2021.07.24.00.36.59_veh-47_02465_04054/on_pickup_dropoff/3e3514aa41495004/sledge_raw.gz,static_objects,native_cache_directory,48,38,30,10,8,30,8,22.084150314331055,24.949556350708008,2.865406036376953
ac0666f7c37b5a62,on_pickup_dropoff,2021.05.24.17.21.29_veh-25_03423_03801,2021.05.24.17.21.29_veh-25_03423_03801/on_pickup_dropoff/ac0666f7c37b5a62/sledge_raw.gz,vehicles,native_cache_directory,26,18,18,8,0,50,-32,41.5259895324707,,
ac0666f7c37b5a62,on_pickup_dropoff,2021.05.24.17.21.29_veh-25_03423_03801,2021.05.24.17.21.29_veh-25_03423_03801/on_pickup_dropoff/ac0666f7c37b5a62/sledge_raw.gz,pedestrians,native_cache_directory,21,10,10,11,0,20,-10,32.56609344482422,,
ac0666f7c37b5a62,on_pickup_dropoff,2021.05.24.17.21.29_veh-25_03423_03801,2021.05.24.17.21.29_veh-25_03423_03801/on_pickup_dropoff/ac0666f7c37b5a62/sledge_raw.gz,static_objects,native_cache_directory,29,24,24,5,0,30,-6,35.400577545166016,,
d27ffc72563d5ac1,on_pickup_dropoff,2021.06.08.12.00.19_veh-35_05235_05578,2021.06.08.12.00.19_veh-35_05235_05578/on_pickup_dropoff/d27ffc72563d5ac1/sledge_raw.gz,vehicles,native_cache_directory,6,5,5,1,0,50,-45,23.66741180419922,,
d27ffc72563d5ac1,on_pickup_dropoff,2021.06.08.12.00.19_veh-35_05235_05578,2021.06.08.12.00.19_veh-35_05235_05578/on_pickup_dropoff/d27ffc72563d5ac1/sledge_raw.gz,pedestrians,native_cache_directory,10,6,6,4,0,20,-14,26.140663146972656,,
d27ffc72563d5ac1,on_pickup_dropoff,2021.06.08.12.00.19_veh-35_05235_05578,2021.06.08.12.00.19_veh-35_05235_05578/on_pickup_dropoff/d27ffc72563d5ac1/sledge_raw.gz,static_objects,native_cache_directory,32,21,21,11,0,30,-9,33.70697784423828,,
da08024b6c9f5269,on_pickup_dropoff,2021.06.22.16.39.31_veh-35_00215_00734,2021.06.22.16.39.31_veh-35_00215_00734/on_pickup_dropoff/da08024b6c9f5269/sledge_raw.gz,vehicles,native_cache_directory,12,3,3,9,0,50,-47,31.594236373901367,,
da08024b6c9f5269,on_pickup_dropoff,2021.06.22.16.39.31_veh-35_00215_00734,2021.06.22.16.39.31_veh-35_00215_00734/on_pickup_dropoff/da08024b6c9f5269/sledge_raw.gz,pedestrians,native_cache_directory,10,6,6,4,0,20,-14,28.21356964111328,,
da08024b6c9f5269,on_pickup_dropoff,2021.06.22.16.39.31_veh-35_00215_00734,2021.06.22.16.39.31_veh-35_00215_00734/on_pickup_dropoff/da08024b6c9f5269/sledge_raw.gz,static_objects,native_cache_directory,106,41,30,65,11,30,11,30.95820426940918,30.99031639099121,0.03211212158203125
46fd9971a4a254e7,on_pickup_dropoff,2021.06.15.17.52.08_veh-12_00489_00793,2021.06.15.17.52.08_veh-12_00489_00793/on_pickup_dropoff/46fd9971a4a254e7/sledge_raw.gz,vehicles,native_cache_directory,3,2,2,1,0,50,-48,17.860769271850586,,
46fd9971a4a254e7,on_pickup_dropoff,2021.06.15.17.52.08_veh-12_00489_00793,2021.06.15.17.52.08_veh-12_00489_00793/on_pickup_dropoff/46fd9971a4a254e7/sledge_raw.gz,pedestrians,native_cache_directory,5,4,4,1,0,20,-16,22.43883514404297,,
46fd9971a4a254e7,on_pickup_dropoff,2021.06.15.17.52.08_veh-12_00489_00793,2021.06.15.17.52.08_veh-12_00489_00793/on_pickup_dropoff/46fd9971a4a254e7/sledge_raw.gz,static_objects,native_cache_directory,25,23,23,2,0,30,-7,34.133995056152344,,
ed18b15bbaa95298,on_pickup_dropoff,2021.06.23.21.56.29_veh-35_00220_00936,2021.06.23.21.56.29_veh-35_00220_00936/on_pickup_dropoff/ed18b15bbaa95298/sledge_raw.gz,vehicles,native_cache_directory,16,12,12,4,0,50,-38,33.7210693359375,,
ed18b15bbaa95298,on_pickup_dropoff,2021.06.23.21.56.29_veh-35_00220_00936,2021.06.23.21.56.29_veh-35_00220_00936/on_pickup_dropoff/ed18b15bbaa95298/sledge_raw.gz,pedestrians,native_cache_directory,17,14,14,3,0,20,-6,33.53801345825195,,
ed18b15bbaa95298,on_pickup_dropoff,2021.06.23.21.56.29_veh-35_00220_00936,2021.06.23.21.56.29_veh-35_00220_00936/on_pickup_dropoff/ed18b15bbaa95298/sledge_raw.gz,static_objects,native_cache_directory,47,39,30,8,9,30,9,28.234539031982422,28.622892379760742,0.3883533477783203
542116c2f83d5aee,on_pickup_dropoff,2021.07.07.17.09.33_veh-26_00850_02406,2021.07.07.17.09.33_veh-26_00850_02406/on_pickup_dropoff/542116c2f83d5aee/sledge_raw.gz,vehicles,native_cache_directory,25,17,17,8,0,50,-33,32.15478515625,,
542116c2f83d5aee,on_pickup_dropoff,2021.07.07.17.09.33_veh-26_00850_02406,2021.07.07.17.09.33_veh-26_00850_02406/on_pickup_dropoff/542116c2f83d5aee/sledge_raw.gz,pedestrians,native_cache_directory,63,59,20,4,39,20,39,19.538206100463867,19.624223709106445,0.08601760864257812
542116c2f83d5aee,on_pickup_dropoff,2021.07.07.17.09.33_veh-26_00850_02406,2021.07.07.17.09.33_veh-26_00850_02406/on_pickup_dropoff/542116c2f83d5aee/sledge_raw.gz,static_objects,native_cache_directory,120,32,30,88,2,30,2,36.179073333740234,36.89224624633789,0.7131729125976562
8ba38d8ec9d65549,on_pickup_dropoff,2021.07.22.19.31.55_veh-37_02958_04057,2021.07.22.19.31.55_veh-37_02958_04057/on_pickup_dropoff/8ba38d8ec9d65549/sledge_raw.gz,vehicles,native_cache_directory,19,9,9,10,0,50,-41,35.96087646484375,,
8ba38d8ec9d65549,on_pickup_dropoff,2021.07.22.19.31.55_veh-37_02958_04057,2021.07.22.19.31.55_veh-37_02958_04057/on_pickup_dropoff/8ba38d8ec9d65549/sledge_raw.gz,pedestrians,native_cache_directory,30,13,13,17,0,20,-7,38.38332748413086,,
8ba38d8ec9d65549,on_pickup_dropoff,2021.07.22.19.31.55_veh-37_02958_04057,2021.07.22.19.31.55_veh-37_02958_04057/on_pickup_dropoff/8ba38d8ec9d65549/sledge_raw.gz,static_objects,native_cache_directory,33,23,23,10,0,30,-7,38.70229721069336,,
622717d3d9485228,on_pickup_dropoff,2021.07.07.21.34.34_veh-35_00033_00818,2021.07.07.21.34.34_veh-35_00033_00818/on_pickup_dropoff/622717d3d9485228/sledge_raw.gz,vehicles,native_cache_directory,7,6,6,1,0,50,-44,41.13843536376953,,
622717d3d9485228,on_pickup_dropoff,2021.07.07.21.34.34_veh-35_00033_00818,2021.07.07.21.34.34_veh-35_00033_00818/on_pickup_dropoff/622717d3d9485228/sledge_raw.gz,pedestrians,native_cache_directory,11,4,4,7,0,20,-16,9.18876838684082,,
622717d3d9485228,on_pickup_dropoff,2021.07.07.21.34.34_veh-35_00033_00818,2021.07.07.21.34.34_veh-35_00033_00818/on_pickup_dropoff/622717d3d9485228/sledge_raw.gz,static_objects,native_cache_directory,35,29,29,6,0,30,-1,34.09212875366211,,
ccaa59b8a2dc5e73,on_pickup_dropoff,2021.05.13.20.19.39_veh-35_04013_05183,2021.05.13.20.19.39_veh-35_04013_05183/on_pickup_dropoff/ccaa59b8a2dc5e73/sledge_raw.gz,vehicles,native_cache_directory,16,9,9,7,0,50,-41,39.867218017578125,,
ccaa59b8a2dc5e73,on_pickup_dropoff,2021.05.13.20.19.39_veh-35_04013_05183,2021.05.13.20.19.39_veh-35_04013_05183/on_pickup_dropoff/ccaa59b8a2dc5e73/sledge_raw.gz,pedestrians,native_cache_directory,30,26,20,4,6,20,6,24.172870635986328,24.628278732299805,0.45540809631347656
ccaa59b8a2dc5e73,on_pickup_dropoff,2021.05.13.20.19.39_veh-35_04013_05183,2021.05.13.20.19.39_veh-35_04013_05183/on_pickup_dropoff/ccaa59b8a2dc5e73/sledge_raw.gz,static_objects,native_cache_directory,41,35,30,6,5,30,5,30.28639793395996,32.776145935058594,2.489748001098633
dba3577c7c4e5da6,on_pickup_dropoff,2021.06.23.16.54.19_veh-35_01603_03271,2021.06.23.16.54.19_veh-35_01603_03271/on_pickup_dropoff/dba3577c7c4e5da6/sledge_raw.gz,vehicles,native_cache_directory,13,10,10,3,0,50,-40,35.974037170410156,,
dba3577c7c4e5da6,on_pickup_dropoff,2021.06.23.16.54.19_veh-35_01603_03271,2021.06.23.16.54.19_veh-35_01603_03271/on_pickup_dropoff/dba3577c7c4e5da6/sledge_raw.gz,pedestrians,native_cache_directory,6,6,6,0,0,20,-14,20.543699264526367,,
dba3577c7c4e5da6,on_pickup_dropoff,2021.06.23.16.54.19_veh-35_01603_03271,2021.06.23.16.54.19_veh-35_01603_03271/on_pickup_dropoff/dba3577c7c4e5da6/sledge_raw.gz,static_objects,native_cache_directory,25,21,21,4,0,30,-9,36.36185073852539,,
eddc96cef2535e23,on_pickup_dropoff,2021.06.30.20.16.04_veh-37_03787_04577,2021.06.30.20.16.04_veh-37_03787_04577/on_pickup_dropoff/eddc96cef2535e23/sledge_raw.gz,vehicles,native_cache_directory,43,31,31,12,0,50,-19,31.584087371826172,,
eddc96cef2535e23,on_pickup_dropoff,2021.06.30.20.16.04_veh-37_03787_04577,2021.06.30.20.16.04_veh-37_03787_04577/on_pickup_dropoff/eddc96cef2535e23/sledge_raw.gz,pedestrians,native_cache_directory,27,5,5,22,0,20,-15,34.728912353515625,,
eddc96cef2535e23,on_pickup_dropoff,2021.06.30.20.16.04_veh-37_03787_04577,2021.06.30.20.16.04_veh-37_03787_04577/on_pickup_dropoff/eddc96cef2535e23/sledge_raw.gz,static_objects,native_cache_directory,2,1,1,1,0,30,-29,30.63001251220703,,
87126be614c25015,on_pickup_dropoff,2021.06.09.14.58.55_veh-35_00193_01084,2021.06.09.14.58.55_veh-35_00193_01084/on_pickup_dropoff/87126be614c25015/sledge_raw.gz,vehicles,native_cache_directory,29,16,16,13,0,50,-34,35.13134765625,,
87126be614c25015,on_pickup_dropoff,2021.06.09.14.58.55_veh-35_00193_01084,2021.06.09.14.58.55_veh-35_00193_01084/on_pickup_dropoff/87126be614c25015/sledge_raw.gz,pedestrians,native_cache_directory,50,43,20,7,23,20,23,20.396711349487305,20.747962951660156,0.35125160217285156
87126be614c25015,on_pickup_dropoff,2021.06.09.14.58.55_veh-35_00193_01084,2021.06.09.14.58.55_veh-35_00193_01084/on_pickup_dropoff/87126be614c25015/sledge_raw.gz,static_objects,native_cache_directory,131,49,30,82,19,30,19,23.490747451782227,24.257808685302734,0.7670612335205078
0efd5efd5d5355db,on_pickup_dropoff,2021.06.16.13.21.10_veh-38_01154_01377,2021.06.16.13.21.10_veh-38_01154_01377/on_pickup_dropoff/0efd5efd5d5355db/sledge_raw.gz,vehicles,native_cache_directory,5,4,4,1,0,50,-46,19.57406234741211,,
0efd5efd5d5355db,on_pickup_dropoff,2021.06.16.13.21.10_veh-38_01154_01377,2021.06.16.13.21.10_veh-38_01154_01377/on_pickup_dropoff/0efd5efd5d5355db/sledge_raw.gz,pedestrians,native_cache_directory,2,1,1,1,0,20,-19,4.185429096221924,,
0efd5efd5d5355db,on_pickup_dropoff,2021.06.16.13.21.10_veh-38_01154_01377,2021.06.16.13.21.10_veh-38_01154_01377/on_pickup_dropoff/0efd5efd5d5355db/sledge_raw.gz,static_objects,native_cache_directory,32,26,26,6,0,30,-4,37.69516372680664,,
89c66320136d5c22,on_pickup_dropoff,2021.07.16.23.56.02_veh-47_00015_02042,2021.07.16.23.56.02_veh-47_00015_02042/on_pickup_dropoff/89c66320136d5c22/sledge_raw.gz,vehicles,native_cache_directory,10,6,6,4,0,50,-44,36.75471496582031,,
89c66320136d5c22,on_pickup_dropoff,2021.07.16.23.56.02_veh-47_00015_02042,2021.07.16.23.56.02_veh-47_00015_02042/on_pickup_dropoff/89c66320136d5c22/sledge_raw.gz,pedestrians,native_cache_directory,13,9,9,4,0,20,-11,34.20448303222656,,
89c66320136d5c22,on_pickup_dropoff,2021.07.16.23.56.02_veh-47_00015_02042,2021.07.16.23.56.02_veh-47_00015_02042/on_pickup_dropoff/89c66320136d5c22/sledge_raw.gz,static_objects,native_cache_directory,50,39,30,11,9,30,9,28.9020938873291,29.93939208984375,1.0372982025146484
865d83404c5d57ac,on_pickup_dropoff,2021.06.24.20.25.57_veh-47_03460_04227,2021.06.24.20.25.57_veh-47_03460_04227/on_pickup_dropoff/865d83404c5d57ac/sledge_raw.gz,vehicles,native_cache_directory,34,14,14,20,0,50,-36,30.835220336914062,,
865d83404c5d57ac,on_pickup_dropoff,2021.06.24.20.25.57_veh-47_03460_04227,2021.06.24.20.25.57_veh-47_03460_04227/on_pickup_dropoff/865d83404c5d57ac/sledge_raw.gz,pedestrians,native_cache_directory,59,49,20,10,29,20,29,23.164321899414062,23.19671058654785,0.03238868713378906
865d83404c5d57ac,on_pickup_dropoff,2021.06.24.20.25.57_veh-47_03460_04227,2021.06.24.20.25.57_veh-47_03460_04227/on_pickup_dropoff/865d83404c5d57ac/sledge_raw.gz,static_objects,native_cache_directory,126,43,30,83,13,30,13,31.439552307128906,31.736562728881836,0.2970104217529297
5f2d91222d3a5ca9,on_pickup_dropoff,2021.06.16.17.16.57_veh-35_01671_01861,2021.06.16.17.16.57_veh-35_01671_01861/on_pickup_dropoff/5f2d91222d3a5ca9/sledge_raw.gz,vehicles,native_cache_directory,37,13,13,24,0,50,-37,31.940000534057617,,
5f2d91222d3a5ca9,on_pickup_dropoff,2021.06.16.17.16.57_veh-35_01671_01861,2021.06.16.17.16.57_veh-35_01671_01861/on_pickup_dropoff/5f2d91222d3a5ca9/sledge_raw.gz,pedestrians,native_cache_directory,57,46,20,11,26,20,26,12.72606086730957,13.336709976196289,0.6106491088867188
5f2d91222d3a5ca9,on_pickup_dropoff,2021.06.16.17.16.57_veh-35_01671_01861,2021.06.16.17.16.57_veh-35_01671_01861/on_pickup_dropoff/5f2d91222d3a5ca9/sledge_raw.gz,static_objects,native_cache_directory,138,46,30,92,16,30,16,21.552061080932617,22.628185272216797,1.0761241912841797
d01fa298280452bd,on_pickup_dropoff,2021.06.25.16.22.33_veh-16_04272_06227,2021.06.25.16.22.33_veh-16_04272_06227/on_pickup_dropoff/d01fa298280452bd/sledge_raw.gz,vehicles,native_cache_directory,29,11,11,18,0,50,-39,41.66801834106445,,
d01fa298280452bd,on_pickup_dropoff,2021.06.25.16.22.33_veh-16_04272_06227,2021.06.25.16.22.33_veh-16_04272_06227/on_pickup_dropoff/d01fa298280452bd/sledge_raw.gz,pedestrians,native_cache_directory,17,5,5,12,0,20,-15,30.53164291381836,,
d01fa298280452bd,on_pickup_dropoff,2021.06.25.16.22.33_veh-16_04272_06227,2021.06.25.16.22.33_veh-16_04272_06227/on_pickup_dropoff/d01fa298280452bd/sledge_raw.gz,static_objects,native_cache_directory,61,24,24,37,0,30,-6,40.918479919433594,,
2cfbc94fdb9d5f61,on_pickup_dropoff,2021.07.07.20.25.22_veh-38_04415_05240,2021.07.07.20.25.22_veh-38_04415_05240/on_pickup_dropoff/2cfbc94fdb9d5f61/sledge_raw.gz,vehicles,native_cache_directory,18,5,5,13,0,50,-45,36.636898040771484,,
2cfbc94fdb9d5f61,on_pickup_dropoff,2021.07.07.20.25.22_veh-38_04415_05240,2021.07.07.20.25.22_veh-38_04415_05240/on_pickup_dropoff/2cfbc94fdb9d5f61/sledge_raw.gz,pedestrians,native_cache_directory,16,4,4,12,0,20,-16,12.729240417480469,,
2cfbc94fdb9d5f61,on_pickup_dropoff,2021.07.07.20.25.22_veh-38_04415_05240,2021.07.07.20.25.22_veh-38_04415_05240/on_pickup_dropoff/2cfbc94fdb9d5f61/sledge_raw.gz,static_objects,native_cache_directory,24,2,2,22,0,30,-28,22.67914581298828,,
c00edbf21fdc577c,on_pickup_dropoff,2021.07.02.13.52.52_veh-35_01220_01884,2021.07.02.13.52.52_veh-35_01220_01884/on_pickup_dropoff/c00edbf21fdc577c/sledge_raw.gz,vehicles,native_cache_directory,5,4,4,1,0,50,-46,25.551071166992188,,
c00edbf21fdc577c,on_pickup_dropoff,2021.07.02.13.52.52_veh-35_01220_01884,2021.07.02.13.52.52_veh-35_01220_01884/on_pickup_dropoff/c00edbf21fdc577c/sledge_raw.gz,pedestrians,native_cache_directory,6,6,6,0,0,20,-14,30.326112747192383,,
c00edbf21fdc577c,on_pickup_dropoff,2021.07.02.13.52.52_veh-35_01220_01884,2021.07.02.13.52.52_veh-35_01220_01884/on_pickup_dropoff/c00edbf21fdc577c/sledge_raw.gz,static_objects,native_cache_directory,73,49,30,24,19,30,19,18.156099319458008,18.66621208190918,0.5101127624511719
f585783834a75e3d,on_pickup_dropoff,2021.06.29.13.53.51_veh-26_04708_04919,2021.06.29.13.53.51_veh-26_04708_04919/on_pickup_dropoff/f585783834a75e3d/sledge_raw.gz,vehicles,native_cache_directory,18,6,6,12,0,50,-44,35.48637771606445,,
f585783834a75e3d,on_pickup_dropoff,2021.06.29.13.53.51_veh-26_04708_04919,2021.06.29.13.53.51_veh-26_04708_04919/on_pickup_dropoff/f585783834a75e3d/sledge_raw.gz,pedestrians,native_cache_directory,26,19,19,7,0,20,-1,33.195308685302734,,
f585783834a75e3d,on_pickup_dropoff,2021.06.29.13.53.51_veh-26_04708_04919,2021.06.29.13.53.51_veh-26_04708_04919/on_pickup_dropoff/f585783834a75e3d/sledge_raw.gz,static_objects,native_cache_directory,183,53,30,130,23,30,23,16.478153228759766,17.228086471557617,0.7499332427978516
0cb07b8fc4115f92,on_pickup_dropoff,2021.06.07.19.29.59_veh-38_00474_00922,2021.06.07.19.29.59_veh-38_00474_00922/on_pickup_dropoff/0cb07b8fc4115f92/sledge_raw.gz,vehicles,native_cache_directory,25,18,18,7,0,50,-32,41.020355224609375,,
0cb07b8fc4115f92,on_pickup_dropoff,2021.06.07.19.29.59_veh-38_00474_00922,2021.06.07.19.29.59_veh-38_00474_00922/on_pickup_dropoff/0cb07b8fc4115f92/sledge_raw.gz,pedestrians,native_cache_directory,24,18,18,6,0,20,-2,33.045597076416016,,
0cb07b8fc4115f92,on_pickup_dropoff,2021.06.07.19.29.59_veh-38_00474_00922,2021.06.07.19.29.59_veh-38_00474_00922/on_pickup_dropoff/0cb07b8fc4115f92/sledge_raw.gz,static_objects,native_cache_directory,38,30,30,8,0,30,0,40.73911666870117,,
20da728d0e8a5b5c,on_pickup_dropoff,2021.07.07.17.09.33_veh-26_02417_04116,2021.07.07.17.09.33_veh-26_02417_04116/on_pickup_dropoff/20da728d0e8a5b5c/sledge_raw.gz,vehicles,native_cache_directory,16,10,10,6,0,50,-40,41.42906188964844,,
20da728d0e8a5b5c,on_pickup_dropoff,2021.07.07.17.09.33_veh-26_02417_04116,2021.07.07.17.09.33_veh-26_02417_04116/on_pickup_dropoff/20da728d0e8a5b5c/sledge_raw.gz,pedestrians,native_cache_directory,12,2,2,10,0,20,-18,37.4112548828125,,
20da728d0e8a5b5c,on_pickup_dropoff,2021.07.07.17.09.33_veh-26_02417_04116,2021.07.07.17.09.33_veh-26_02417_04116/on_pickup_dropoff/20da728d0e8a5b5c/sledge_raw.gz,static_objects,native_cache_directory,53,48,30,5,18,30,18,18.797412872314453,19.13389015197754,0.33647727966308594
b4deb22612b959f5,on_pickup_dropoff,2021.06.25.21.44.31_veh-16_03247_03700,2021.06.25.21.44.31_veh-16_03247_03700/on_pickup_dropoff/b4deb22612b959f5/sledge_raw.gz,vehicles,native_cache_directory,34,13,13,21,0,50,-37,41.13358688354492,,
b4deb22612b959f5,on_pickup_dropoff,2021.06.25.21.44.31_veh-16_03247_03700,2021.06.25.21.44.31_veh-16_03247_03700/on_pickup_dropoff/b4deb22612b959f5/sledge_raw.gz,pedestrians,native_cache_directory,42,20,20,22,0,20,0,28.92606544494629,,
b4deb22612b959f5,on_pickup_dropoff,2021.06.25.21.44.31_veh-16_03247_03700,2021.06.25.21.44.31_veh-16_03247_03700/on_pickup_dropoff/b4deb22612b959f5/sledge_raw.gz,static_objects,native_cache_directory,70,32,30,38,2,30,2,40.63532638549805,41.28042984008789,0.6451034545898438
cff695a3cec3507e,on_pickup_dropoff,2021.06.16.13.21.10_veh-38_04530_05203,2021.06.16.13.21.10_veh-38_04530_05203/on_pickup_dropoff/cff695a3cec3507e/sledge_raw.gz,vehicles,native_cache_directory,16,7,7,9,0,50,-43,28.629220962524414,,
cff695a3cec3507e,on_pickup_dropoff,2021.06.16.13.21.10_veh-38_04530_05203,2021.06.16.13.21.10_veh-38_04530_05203/on_pickup_dropoff/cff695a3cec3507e/sledge_raw.gz,pedestrians,native_cache_directory,3,2,2,1,0,20,-18,34.882450103759766,,
cff695a3cec3507e,on_pickup_dropoff,2021.06.16.13.21.10_veh-38_04530_05203,2021.06.16.13.21.10_veh-38_04530_05203/on_pickup_dropoff/cff695a3cec3507e/sledge_raw.gz,static_objects,native_cache_directory,27,17,17,10,0,30,-13,35.10422134399414,,
1365afa205335443,on_pickup_dropoff,2021.07.13.21.32.12_veh-12_01627_04213,2021.07.13.21.32.12_veh-12_01627_04213/on_pickup_dropoff/1365afa205335443/sledge_raw.gz,vehicles,native_cache_directory,6,4,4,2,0,50,-46,22.001874923706055,,
1365afa205335443,on_pickup_dropoff,2021.07.13.21.32.12_veh-12_01627_04213,2021.07.13.21.32.12_veh-12_01627_04213/on_pickup_dropoff/1365afa205335443/sledge_raw.gz,pedestrians,native_cache_directory,11,9,9,2,0,20,-11,26.163076400756836,,
1365afa205335443,on_pickup_dropoff,2021.07.13.21.32.12_veh-12_01627_04213,2021.07.13.21.32.12_veh-12_01627_04213/on_pickup_dropoff/1365afa205335443/sledge_raw.gz,static_objects,native_cache_directory,22,20,20,2,0,30,-10,29.5633487701416,,
24df689f27c35262,on_pickup_dropoff,2021.06.04.16.26.58_veh-30_04291_04655,2021.06.04.16.26.58_veh-30_04291_04655/on_pickup_dropoff/24df689f27c35262/sledge_raw.gz,vehicles,native_cache_directory,24,9,9,15,0,50,-41,38.33997344970703,,
24df689f27c35262,on_pickup_dropoff,2021.06.04.16.26.58_veh-30_04291_04655,2021.06.04.16.26.58_veh-30_04291_04655/on_pickup_dropoff/24df689f27c35262/sledge_raw.gz,pedestrians,native_cache_directory,12,0,0,12,0,20,-20,,,
24df689f27c35262,on_pickup_dropoff,2021.06.04.16.26.58_veh-30_04291_04655,2021.06.04.16.26.58_veh-30_04291_04655/on_pickup_dropoff/24df689f27c35262/sledge_raw.gz,static_objects,native_cache_directory,42,11,11,31,0,30,-19,32.355655670166016,,
872b8fd0e3935438,on_pickup_dropoff,2021.07.13.22.05.35_veh-35_02509_03297,2021.07.13.22.05.35_veh-35_02509_03297/on_pickup_dropoff/872b8fd0e3935438/sledge_raw.gz,vehicles,native_cache_directory,24,6,6,18,0,50,-44,38.3770866394043,,
872b8fd0e3935438,on_pickup_dropoff,2021.07.13.22.05.35_veh-35_02509_03297,2021.07.13.22.05.35_veh-35_02509_03297/on_pickup_dropoff/872b8fd0e3935438/sledge_raw.gz,pedestrians,native_cache_directory,77,69,20,8,49,20,49,17.783292770385742,17.790266036987305,0.0069732666015625
872b8fd0e3935438,on_pickup_dropoff,2021.07.13.22.05.35_veh-35_02509_03297,2021.07.13.22.05.35_veh-35_02509_03297/on_pickup_dropoff/872b8fd0e3935438/sledge_raw.gz,static_objects,native_cache_directory,126,43,30,83,13,30,13,27.535869598388672,28.725915908813477,1.1900463104248047
137328eb16a756aa,on_pickup_dropoff,2021.07.15.02.40.35_veh-12_00855_01334,2021.07.15.02.40.35_veh-12_00855_01334/on_pickup_dropoff/137328eb16a756aa/sledge_raw.gz,vehicles,native_cache_directory,20,13,13,7,0,50,-37,35.36488342285156,,
137328eb16a756aa,on_pickup_dropoff,2021.07.15.02.40.35_veh-12_00855_01334,2021.07.15.02.40.35_veh-12_00855_01334/on_pickup_dropoff/137328eb16a756aa/sledge_raw.gz,pedestrians,native_cache_directory,10,7,7,3,0,20,-13,27.64202117919922,,
137328eb16a756aa,on_pickup_dropoff,2021.07.15.02.40.35_veh-12_00855_01334,2021.07.15.02.40.35_veh-12_00855_01334/on_pickup_dropoff/137328eb16a756aa/sledge_raw.gz,static_objects,native_cache_directory,38,32,30,6,2,30,2,33.35286331176758,36.62562942504883,3.27276611328125
79fe250ef7905803,on_pickup_dropoff,2021.07.24.23.59.52_veh-12_01025_01526,2021.07.24.23.59.52_veh-12_01025_01526/on_pickup_dropoff/79fe250ef7905803/sledge_raw.gz,vehicles,native_cache_directory,48,35,35,13,0,50,-15,43.43040466308594,,
79fe250ef7905803,on_pickup_dropoff,2021.07.24.23.59.52_veh-12_01025_01526,2021.07.24.23.59.52_veh-12_01025_01526/on_pickup_dropoff/79fe250ef7905803/sledge_raw.gz,pedestrians,native_cache_directory,27,12,12,15,0,20,-8,34.53075408935547,,
79fe250ef7905803,on_pickup_dropoff,2021.07.24.23.59.52_veh-12_01025_01526,2021.07.24.23.59.52_veh-12_01025_01526/on_pickup_dropoff/79fe250ef7905803/sledge_raw.gz,static_objects,native_cache_directory,5,0,0,5,0,30,-30,,,
b658a3ad9ae551a4,on_pickup_dropoff,2021.06.04.16.26.58_veh-30_02907_03222,2021.06.04.16.26.58_veh-30_02907_03222/on_pickup_dropoff/b658a3ad9ae551a4/sledge_raw.gz,vehicles,native_cache_directory,21,11,11,10,0,50,-39,40.071067810058594,,
b658a3ad9ae551a4,on_pickup_dropoff,2021.06.04.16.26.58_veh-30_02907_03222,2021.06.04.16.26.58_veh-30_02907_03222/on_pickup_dropoff/b658a3ad9ae551a4/sledge_raw.gz,pedestrians,native_cache_directory,2,2,2,0,0,20,-18,32.561580657958984,,
b658a3ad9ae551a4,on_pickup_dropoff,2021.06.04.16.26.58_veh-30_02907_03222,2021.06.04.16.26.58_veh-30_02907_03222/on_pickup_dropoff/b658a3ad9ae551a4/sledge_raw.gz,static_objects,native_cache_directory,111,43,30,68,13,30,13,20.574199676513672,21.350889205932617,0.7766895294189453
d1547f08994156c1,on_pickup_dropoff,2021.06.12.17.37.57_veh-47_00128_00481,2021.06.12.17.37.57_veh-47_00128_00481/on_pickup_dropoff/d1547f08994156c1/sledge_raw.gz,vehicles,native_cache_directory,12,2,2,10,0,50,-48,22.719043731689453,,
d1547f08994156c1,on_pickup_dropoff,2021.06.12.17.37.57_veh-47_00128_00481,2021.06.12.17.37.57_veh-47_00128_00481/on_pickup_dropoff/d1547f08994156c1/sledge_raw.gz,pedestrians,native_cache_directory,12,8,8,4,0,20,-12,16.073654174804688,,
d1547f08994156c1,on_pickup_dropoff,2021.06.12.17.37.57_veh-47_00128_00481,2021.06.12.17.37.57_veh-47_00128_00481/on_pickup_dropoff/d1547f08994156c1/sledge_raw.gz,static_objects,native_cache_directory,63,54,30,9,24,30,24,20.185400009155273,21.291406631469727,1.1060066223144531
53ec66b6c23151e2,on_pickup_dropoff,2021.06.04.17.09.53_veh-47_01991_02296,2021.06.04.17.09.53_veh-47_01991_02296/on_pickup_dropoff/53ec66b6c23151e2/sledge_raw.gz,vehicles,native_cache_directory,26,10,10,16,0,50,-40,27.7086124420166,,
53ec66b6c23151e2,on_pickup_dropoff,2021.06.04.17.09.53_veh-47_01991_02296,2021.06.04.17.09.53_veh-47_01991_02296/on_pickup_dropoff/53ec66b6c23151e2/sledge_raw.gz,pedestrians,native_cache_directory,21,3,3,18,0,20,-17,28.91853904724121,,
53ec66b6c23151e2,on_pickup_dropoff,2021.06.04.17.09.53_veh-47_01991_02296,2021.06.04.17.09.53_veh-47_01991_02296/on_pickup_dropoff/53ec66b6c23151e2/sledge_raw.gz,static_objects,native_cache_directory,63,10,10,53,0,30,-20,35.94566345214844,,
a49ba7f8252b5ba9,on_pickup_dropoff,2021.06.14.15.15.37_veh-47_01189_01865,2021.06.14.15.15.37_veh-47_01189_01865/on_pickup_dropoff/a49ba7f8252b5ba9/sledge_raw.gz,vehicles,native_cache_directory,25,16,16,9,0,50,-34,32.0070915222168,,
a49ba7f8252b5ba9,on_pickup_dropoff,2021.06.14.15.15.37_veh-47_01189_01865,2021.06.14.15.15.37_veh-47_01189_01865/on_pickup_dropoff/a49ba7f8252b5ba9/sledge_raw.gz,pedestrians,native_cache_directory,27,17,17,10,0,20,-3,28.555753707885742,,
a49ba7f8252b5ba9,on_pickup_dropoff,2021.06.14.15.15.37_veh-47_01189_01865,2021.06.14.15.15.37_veh-47_01189_01865/on_pickup_dropoff/a49ba7f8252b5ba9/sledge_raw.gz,static_objects,native_cache_directory,40,23,23,17,0,30,-7,26.868824005126953,,
d403672aa869538a,on_pickup_dropoff,2021.07.07.16.35.42_veh-35_04766_05248,2021.07.07.16.35.42_veh-35_04766_05248/on_pickup_dropoff/d403672aa869538a/sledge_raw.gz,vehicles,native_cache_directory,20,12,12,8,0,50,-38,40.64077377319336,,
d403672aa869538a,on_pickup_dropoff,2021.07.07.16.35.42_veh-35_04766_05248,2021.07.07.16.35.42_veh-35_04766_05248/on_pickup_dropoff/d403672aa869538a/sledge_raw.gz,pedestrians,native_cache_directory,53,47,20,6,27,20,27,14.816479682922363,15.501687049865723,0.6852073669433594
d403672aa869538a,on_pickup_dropoff,2021.07.07.16.35.42_veh-35_04766_05248,2021.07.07.16.35.42_veh-35_04766_05248/on_pickup_dropoff/d403672aa869538a/sledge_raw.gz,static_objects,native_cache_directory,178,50,30,128,20,30,20,21.84943199157715,21.87587547302246,0.0264434814453125
0d7cc40835dc5377,on_pickup_dropoff,2021.07.23.00.42.43_veh-35_02950_03774,2021.07.23.00.42.43_veh-35_02950_03774/on_pickup_dropoff/0d7cc40835dc5377/sledge_raw.gz,vehicles,native_cache_directory,24,6,6,18,0,50,-44,29.79704475402832,,
0d7cc40835dc5377,on_pickup_dropoff,2021.07.23.00.42.43_veh-35_02950_03774,2021.07.23.00.42.43_veh-35_02950_03774/on_pickup_dropoff/0d7cc40835dc5377/sledge_raw.gz,pedestrians,native_cache_directory,43,0,0,43,0,20,-20,,,
0d7cc40835dc5377,on_pickup_dropoff,2021.07.23.00.42.43_veh-35_02950_03774,2021.07.23.00.42.43_veh-35_02950_03774/on_pickup_dropoff/0d7cc40835dc5377/sledge_raw.gz,static_objects,native_cache_directory,6,0,0,6,0,30,-30,,,
8d0f42080d405d4f,on_pickup_dropoff,2021.07.21.00.49.45_veh-37_03923_05752,2021.07.21.00.49.45_veh-37_03923_05752/on_pickup_dropoff/8d0f42080d405d4f/sledge_raw.gz,vehicles,native_cache_directory,39,16,16,23,0,50,-34,36.72378158569336,,
8d0f42080d405d4f,on_pickup_dropoff,2021.07.21.00.49.45_veh-37_03923_05752,2021.07.21.00.49.45_veh-37_03923_05752/on_pickup_dropoff/8d0f42080d405d4f/sledge_raw.gz,pedestrians,native_cache_directory,83,39,20,44,19,20,19,27.143285751342773,27.18068504333496,0.0373992919921875
8d0f42080d405d4f,on_pickup_dropoff,2021.07.21.00.49.45_veh-37_03923_05752,2021.07.21.00.49.45_veh-37_03923_05752/on_pickup_dropoff/8d0f42080d405d4f/sledge_raw.gz,static_objects,native_cache_directory,93,69,30,24,39,30,39,22.927291870117188,23.243221282958984,0.3159294128417969
3dc4ad62809e55af,on_pickup_dropoff,2021.07.06.20.37.44_veh-26_00955_01199,2021.07.06.20.37.44_veh-26_00955_01199/on_pickup_dropoff/3dc4ad62809e55af/sledge_raw.gz,vehicles,native_cache_directory,24,16,16,8,0,50,-34,26.753469467163086,,
3dc4ad62809e55af,on_pickup_dropoff,2021.07.06.20.37.44_veh-26_00955_01199,2021.07.06.20.37.44_veh-26_00955_01199/on_pickup_dropoff/3dc4ad62809e55af/sledge_raw.gz,pedestrians,native_cache_directory,20,20,20,0,0,20,0,36.88103103637695,,
3dc4ad62809e55af,on_pickup_dropoff,2021.07.06.20.37.44_veh-26_00955_01199,2021.07.06.20.37.44_veh-26_00955_01199/on_pickup_dropoff/3dc4ad62809e55af/sledge_raw.gz,static_objects,native_cache_directory,122,36,30,86,6,30,6,38.55619430541992,39.786949157714844,1.2307548522949219
a36d2feb3a6b5ebe,on_pickup_dropoff,2021.05.26.17.56.15_veh-35_01678_02342,2021.05.26.17.56.15_veh-35_01678_02342/on_pickup_dropoff/a36d2feb3a6b5ebe/sledge_raw.gz,vehicles,native_cache_directory,3,3,3,0,0,50,-47,15.604439735412598,,
a36d2feb3a6b5ebe,on_pickup_dropoff,2021.05.26.17.56.15_veh-35_01678_02342,2021.05.26.17.56.15_veh-35_01678_02342/on_pickup_dropoff/a36d2feb3a6b5ebe/sledge_raw.gz,pedestrians,native_cache_directory,5,5,5,0,0,20,-15,24.07061004638672,,
a36d2feb3a6b5ebe,on_pickup_dropoff,2021.05.26.17.56.15_veh-35_01678_02342,2021.05.26.17.56.15_veh-35_01678_02342/on_pickup_dropoff/a36d2feb3a6b5ebe/sledge_raw.gz,static_objects,native_cache_directory,32,26,26,6,0,30,-4,39.023677825927734,,
4f1106330bd550f0,on_pickup_dropoff,2021.07.09.15.54.09_veh-37_04036_05572,2021.07.09.15.54.09_veh-37_04036_05572/on_pickup_dropoff/4f1106330bd550f0/sledge_raw.gz,vehicles,native_cache_directory,6,4,4,2,0,50,-46,37.68690872192383,,
4f1106330bd550f0,on_pickup_dropoff,2021.07.09.15.54.09_veh-37_04036_05572,2021.07.09.15.54.09_veh-37_04036_05572/on_pickup_dropoff/4f1106330bd550f0/sledge_raw.gz,pedestrians,native_cache_directory,6,2,2,4,0,20,-18,37.42344665527344,,
4f1106330bd550f0,on_pickup_dropoff,2021.07.09.15.54.09_veh-37_04036_05572,2021.07.09.15.54.09_veh-37_04036_05572/on_pickup_dropoff/4f1106330bd550f0/sledge_raw.gz,static_objects,native_cache_directory,20,15,15,5,0,30,-15,32.7030029296875,,
07c888386df65cf6,on_pickup_dropoff,2021.06.21.17.42.00_veh-38_05475_05890,2021.06.21.17.42.00_veh-38_05475_05890/on_pickup_dropoff/07c888386df65cf6/sledge_raw.gz,vehicles,native_cache_directory,23,5,5,18,0,50,-45,40.00595474243164,,
07c888386df65cf6,on_pickup_dropoff,2021.06.21.17.42.00_veh-38_05475_05890,2021.06.21.17.42.00_veh-38_05475_05890/on_pickup_dropoff/07c888386df65cf6/sledge_raw.gz,pedestrians,native_cache_directory,6,1,1,5,0,20,-19,14.396586418151855,,
07c888386df65cf6,on_pickup_dropoff,2021.06.21.17.42.00_veh-38_05475_05890,2021.06.21.17.42.00_veh-38_05475_05890/on_pickup_dropoff/07c888386df65cf6/sledge_raw.gz,static_objects,native_cache_directory,121,49,30,72,19,30,19,20.91228675842285,21.330493927001953,0.41820716857910156
884619e5527f5f3a,on_pickup_dropoff,2021.07.13.18.35.46_veh-35_01000_04898,2021.07.13.18.35.46_veh-35_01000_04898/on_pickup_dropoff/884619e5527f5f3a/sledge_raw.gz,vehicles,native_cache_directory,27,10,10,17,0,50,-40,39.01292037963867,,
884619e5527f5f3a,on_pickup_dropoff,2021.07.13.18.35.46_veh-35_01000_04898,2021.07.13.18.35.46_veh-35_01000_04898/on_pickup_dropoff/884619e5527f5f3a/sledge_raw.gz,pedestrians,native_cache_directory,88,84,20,4,64,20,64,14.122846603393555,14.533942222595215,0.41109561920166016
884619e5527f5f3a,on_pickup_dropoff,2021.07.13.18.35.46_veh-35_01000_04898,2021.07.13.18.35.46_veh-35_01000_04898/on_pickup_dropoff/884619e5527f5f3a/sledge_raw.gz,static_objects,native_cache_directory,153,50,30,103,20,30,20,20.262584686279297,20.599519729614258,0.33693504333496094
b37cbee6d37d5b21,on_pickup_dropoff,2021.07.02.15.42.41_veh-38_06868_07675,2021.07.02.15.42.41_veh-38_06868_07675/on_pickup_dropoff/b37cbee6d37d5b21/sledge_raw.gz,vehicles,native_cache_directory,17,11,11,6,0,50,-39,34.78183364868164,,
b37cbee6d37d5b21,on_pickup_dropoff,2021.07.02.15.42.41_veh-38_06868_07675,2021.07.02.15.42.41_veh-38_06868_07675/on_pickup_dropoff/b37cbee6d37d5b21/sledge_raw.gz,pedestrians,native_cache_directory,32,21,20,11,1,20,1,32.85087966918945,34.47470474243164,1.6238250732421875
b37cbee6d37d5b21,on_pickup_dropoff,2021.07.02.15.42.41_veh-38_06868_07675,2021.07.02.15.42.41_veh-38_06868_07675/on_pickup_dropoff/b37cbee6d37d5b21/sledge_raw.gz,static_objects,native_cache_directory,40,30,30,10,0,30,0,36.85188674926758,,
0c850b158fe55551,on_pickup_dropoff,2021.06.21.23.10.22_veh-47_00015_01999,2021.06.21.23.10.22_veh-47_00015_01999/on_pickup_dropoff/0c850b158fe55551/sledge_raw.gz,vehicles,native_cache_directory,18,15,15,3,0,50,-35,38.61320495605469,,
0c850b158fe55551,on_pickup_dropoff,2021.06.21.23.10.22_veh-47_00015_01999,2021.06.21.23.10.22_veh-47_00015_01999/on_pickup_dropoff/0c850b158fe55551/sledge_raw.gz,pedestrians,native_cache_directory,22,16,16,6,0,20,-4,26.439489364624023,,
0c850b158fe55551,on_pickup_dropoff,2021.06.21.23.10.22_veh-47_00015_01999,2021.06.21.23.10.22_veh-47_00015_01999/on_pickup_dropoff/0c850b158fe55551/sledge_raw.gz,static_objects,native_cache_directory,31,22,22,9,0,30,-8,42.719871520996094,,
e139c66d9422560d,on_pickup_dropoff,2021.06.16.13.21.10_veh-38_01388_02541,2021.06.16.13.21.10_veh-38_01388_02541/on_pickup_dropoff/e139c66d9422560d/sledge_raw.gz,vehicles,native_cache_directory,27,12,12,15,0,50,-38,37.61875915527344,,
e139c66d9422560d,on_pickup_dropoff,2021.06.16.13.21.10_veh-38_01388_02541,2021.06.16.13.21.10_veh-38_01388_02541/on_pickup_dropoff/e139c66d9422560d/sledge_raw.gz,pedestrians,native_cache_directory,14,14,14,0,0,20,-6,32.56718826293945,,
e139c66d9422560d,on_pickup_dropoff,2021.06.16.13.21.10_veh-38_01388_02541,2021.06.16.13.21.10_veh-38_01388_02541/on_pickup_dropoff/e139c66d9422560d/sledge_raw.gz,static_objects,native_cache_directory,62,24,24,38,0,30,-6,38.646942138671875,,
1bfaa0ddd81d573b,on_pickup_dropoff,2021.07.26.01.43.29_veh-12_02870_03748,2021.07.26.01.43.29_veh-12_02870_03748/on_pickup_dropoff/1bfaa0ddd81d573b/sledge_raw.gz,vehicles,native_cache_directory,8,5,5,3,0,50,-45,26.925790786743164,,
1bfaa0ddd81d573b,on_pickup_dropoff,2021.07.26.01.43.29_veh-12_02870_03748,2021.07.26.01.43.29_veh-12_02870_03748/on_pickup_dropoff/1bfaa0ddd81d573b/sledge_raw.gz,pedestrians,native_cache_directory,20,20,20,0,0,20,0,25.46868324279785,,
1bfaa0ddd81d573b,on_pickup_dropoff,2021.07.26.01.43.29_veh-12_02870_03748,2021.07.26.01.43.29_veh-12_02870_03748/on_pickup_dropoff/1bfaa0ddd81d573b/sledge_raw.gz,static_objects,native_cache_directory,17,13,13,4,0,30,-17,27.836448669433594,,
bc552d38bf195a1f,on_pickup_dropoff,2021.06.30.16.57.14_veh-12_02304_02619,2021.06.30.16.57.14_veh-12_02304_02619/on_pickup_dropoff/bc552d38bf195a1f/sledge_raw.gz,vehicles,native_cache_directory,18,9,9,9,0,50,-41,38.61920166015625,,
bc552d38bf195a1f,on_pickup_dropoff,2021.06.30.16.57.14_veh-12_02304_02619,2021.06.30.16.57.14_veh-12_02304_02619/on_pickup_dropoff/bc552d38bf195a1f/sledge_raw.gz,pedestrians,native_cache_directory,17,0,0,17,0,20,-20,,,
bc552d38bf195a1f,on_pickup_dropoff,2021.06.30.16.57.14_veh-12_02304_02619,2021.06.30.16.57.14_veh-12_02304_02619/on_pickup_dropoff/bc552d38bf195a1f/sledge_raw.gz,static_objects,native_cache_directory,52,13,13,39,0,30,-17,31.848052978515625,,
b9d90a3f14d85703,on_pickup_dropoff,2021.06.02.14.52.21_veh-35_04348_04884,2021.06.02.14.52.21_veh-35_04348_04884/on_pickup_dropoff/b9d90a3f14d85703/sledge_raw.gz,vehicles,native_cache_directory,17,3,3,14,0,50,-47,29.242982864379883,,
b9d90a3f14d85703,on_pickup_dropoff,2021.06.02.14.52.21_veh-35_04348_04884,2021.06.02.14.52.21_veh-35_04348_04884/on_pickup_dropoff/b9d90a3f14d85703/sledge_raw.gz,pedestrians,native_cache_directory,10,8,8,2,0,20,-12,35.54081344604492,,
b9d90a3f14d85703,on_pickup_dropoff,2021.06.02.14.52.21_veh-35_04348_04884,2021.06.02.14.52.21_veh-35_04348_04884/on_pickup_dropoff/b9d90a3f14d85703/sledge_raw.gz,static_objects,native_cache_directory,65,20,20,45,0,30,-10,39.48225021362305,,
2bc66492f34c5e53,on_pickup_dropoff,2021.07.06.17.30.06_veh-38_00026_01268,2021.07.06.17.30.06_veh-38_00026_01268/on_pickup_dropoff/2bc66492f34c5e53/sledge_raw.gz,vehicles,native_cache_directory,37,16,16,21,0,50,-34,38.3334846496582,,
2bc66492f34c5e53,on_pickup_dropoff,2021.07.06.17.30.06_veh-38_00026_01268,2021.07.06.17.30.06_veh-38_00026_01268/on_pickup_dropoff/2bc66492f34c5e53/sledge_raw.gz,pedestrians,native_cache_directory,92,79,20,13,59,20,59,12.56408977508545,12.651936531066895,0.08784675598144531
2bc66492f34c5e53,on_pickup_dropoff,2021.07.06.17.30.06_veh-38_00026_01268,2021.07.06.17.30.06_veh-38_00026_01268/on_pickup_dropoff/2bc66492f34c5e53/sledge_raw.gz,static_objects,native_cache_directory,181,45,30,136,15,30,15,21.731863021850586,21.93345832824707,0.20159530639648438
0564265caec15160,on_pickup_dropoff,2021.06.07.12.54.00_veh-35_00891_01175,2021.06.07.12.54.00_veh-35_00891_01175/on_pickup_dropoff/0564265caec15160/sledge_raw.gz,vehicles,native_cache_directory,3,3,3,0,0,50,-47,18.05910301208496,,
0564265caec15160,on_pickup_dropoff,2021.06.07.12.54.00_veh-35_00891_01175,2021.06.07.12.54.00_veh-35_00891_01175/on_pickup_dropoff/0564265caec15160/sledge_raw.gz,pedestrians,native_cache_directory,3,3,3,0,0,20,-17,23.192035675048828,,
0564265caec15160,on_pickup_dropoff,2021.06.07.12.54.00_veh-35_00891_01175,2021.06.07.12.54.00_veh-35_00891_01175/on_pickup_dropoff/0564265caec15160/sledge_raw.gz,static_objects,native_cache_directory,36,23,23,13,0,30,-7,38.05027389526367,,
ca0ce617ada25e0d,on_pickup_dropoff,2021.05.21.19.37.23_veh-27_00540_01163,2021.05.21.19.37.23_veh-27_00540_01163/on_pickup_dropoff/ca0ce617ada25e0d/sledge_raw.gz,vehicles,native_cache_directory,14,14,14,0,0,50,-36,37.73115158081055,,
ca0ce617ada25e0d,on_pickup_dropoff,2021.05.21.19.37.23_veh-27_00540_01163,2021.05.21.19.37.23_veh-27_00540_01163/on_pickup_dropoff/ca0ce617ada25e0d/sledge_raw.gz,pedestrians,native_cache_directory,3,3,3,0,0,20,-17,35.93761444091797,,
ca0ce617ada25e0d,on_pickup_dropoff,2021.05.21.19.37.23_veh-27_00540_01163,2021.05.21.19.37.23_veh-27_00540_01163/on_pickup_dropoff/ca0ce617ada25e0d/sledge_raw.gz,static_objects,native_cache_directory,39,39,30,0,9,30,9,18.146686553955078,18.531002044677734,0.38431549072265625
1dfd6bf435ba5300,traversing_pickup_dropoff,2021.06.08.17.36.50_veh-26_00639_01479,2021.06.08.17.36.50_veh-26_00639_01479/traversing_pickup_dropoff/1dfd6bf435ba5300/sledge_raw.gz,vehicles,native_cache_directory,22,13,13,9,0,50,-37,42.95503616333008,,
1dfd6bf435ba5300,traversing_pickup_dropoff,2021.06.08.17.36.50_veh-26_00639_01479,2021.06.08.17.36.50_veh-26_00639_01479/traversing_pickup_dropoff/1dfd6bf435ba5300/sledge_raw.gz,pedestrians,native_cache_directory,25,19,19,6,0,20,-1,26.8543643951416,,
1dfd6bf435ba5300,traversing_pickup_dropoff,2021.06.08.17.36.50_veh-26_00639_01479,2021.06.08.17.36.50_veh-26_00639_01479/traversing_pickup_dropoff/1dfd6bf435ba5300/sledge_raw.gz,static_objects,native_cache_directory,100,37,30,63,7,30,7,30.42535400390625,32.384002685546875,1.958648681640625
09b45d96b8615bd9,traversing_pickup_dropoff,2021.06.14.16.32.09_veh-35_03803_04103,2021.06.14.16.32.09_veh-35_03803_04103/traversing_pickup_dropoff/09b45d96b8615bd9/sledge_raw.gz,vehicles,native_cache_directory,28,13,13,15,0,50,-37,40.47766876220703,,
09b45d96b8615bd9,traversing_pickup_dropoff,2021.06.14.16.32.09_veh-35_03803_04103,2021.06.14.16.32.09_veh-35_03803_04103/traversing_pickup_dropoff/09b45d96b8615bd9/sledge_raw.gz,pedestrians,native_cache_directory,64,49,20,15,29,20,29,19.73661231994629,20.792078018188477,1.0554656982421875
09b45d96b8615bd9,traversing_pickup_dropoff,2021.06.14.16.32.09_veh-35_03803_04103,2021.06.14.16.32.09_veh-35_03803_04103/traversing_pickup_dropoff/09b45d96b8615bd9/sledge_raw.gz,static_objects,native_cache_directory,49,30,30,19,0,30,0,35.12411880493164,,
fd47916f7e925eba,traversing_pickup_dropoff,2021.06.29.14.49.56_veh-38_02335_03640,2021.06.29.14.49.56_veh-38_02335_03640/traversing_pickup_dropoff/fd47916f7e925eba/sledge_raw.gz,vehicles,native_cache_directory,22,7,7,15,0,50,-43,38.16162109375,,
fd47916f7e925eba,traversing_pickup_dropoff,2021.06.29.14.49.56_veh-38_02335_03640,2021.06.29.14.49.56_veh-38_02335_03640/traversing_pickup_dropoff/fd47916f7e925eba/sledge_raw.gz,pedestrians,native_cache_directory,37,22,20,15,2,20,2,26.25603675842285,27.454681396484375,1.1986446380615234
fd47916f7e925eba,traversing_pickup_dropoff,2021.06.29.14.49.56_veh-38_02335_03640,2021.06.29.14.49.56_veh-38_02335_03640/traversing_pickup_dropoff/fd47916f7e925eba/sledge_raw.gz,static_objects,native_cache_directory,167,48,30,119,18,30,18,24.230180740356445,26.32777976989746,2.0975990295410156
7ae63354f9975c52,traversing_pickup_dropoff,2021.06.14.16.32.09_veh-35_00574_00989,2021.06.14.16.32.09_veh-35_00574_00989/traversing_pickup_dropoff/7ae63354f9975c52/sledge_raw.gz,vehicles,native_cache_directory,32,18,18,14,0,50,-32,32.9580192565918,,
7ae63354f9975c52,traversing_pickup_dropoff,2021.06.14.16.32.09_veh-35_00574_00989,2021.06.14.16.32.09_veh-35_00574_00989/traversing_pickup_dropoff/7ae63354f9975c52/sledge_raw.gz,pedestrians,native_cache_directory,48,44,20,4,24,20,24,18.56357765197754,18.981157302856445,0.41757965087890625
7ae63354f9975c52,traversing_pickup_dropoff,2021.06.14.16.32.09_veh-35_00574_00989,2021.06.14.16.32.09_veh-35_00574_00989/traversing_pickup_dropoff/7ae63354f9975c52/sledge_raw.gz,static_objects,native_cache_directory,128,50,30,78,20,30,20,24.8026123046875,25.68684196472168,0.8842296600341797
ad76547f42ee5543,traversing_pickup_dropoff,2021.07.15.21.07.10_veh-12_00858_02217,2021.07.15.21.07.10_veh-12_00858_02217/traversing_pickup_dropoff/ad76547f42ee5543/sledge_raw.gz,vehicles,native_cache_directory,24,14,14,10,0,50,-36,29.667991638183594,,
ad76547f42ee5543,traversing_pickup_dropoff,2021.07.15.21.07.10_veh-12_00858_02217,2021.07.15.21.07.10_veh-12_00858_02217/traversing_pickup_dropoff/ad76547f42ee5543/sledge_raw.gz,pedestrians,native_cache_directory,23,15,15,8,0,20,-5,30.913806915283203,,
ad76547f42ee5543,traversing_pickup_dropoff,2021.07.15.21.07.10_veh-12_00858_02217,2021.07.15.21.07.10_veh-12_00858_02217/traversing_pickup_dropoff/ad76547f42ee5543/sledge_raw.gz,static_objects,native_cache_directory,21,6,6,15,0,30,-24,43.02814483642578,,
9b2526f7a80c5bfd,traversing_pickup_dropoff,2021.06.11.17.44.29_veh-26_03646_04342,2021.06.11.17.44.29_veh-26_03646_04342/traversing_pickup_dropoff/9b2526f7a80c5bfd/sledge_raw.gz,vehicles,native_cache_directory,15,8,8,7,0,50,-42,27.886293411254883,,
9b2526f7a80c5bfd,traversing_pickup_dropoff,2021.06.11.17.44.29_veh-26_03646_04342,2021.06.11.17.44.29_veh-26_03646_04342/traversing_pickup_dropoff/9b2526f7a80c5bfd/sledge_raw.gz,pedestrians,native_cache_directory,10,2,2,8,0,20,-18,11.797798156738281,,
9b2526f7a80c5bfd,traversing_pickup_dropoff,2021.06.11.17.44.29_veh-26_03646_04342,2021.06.11.17.44.29_veh-26_03646_04342/traversing_pickup_dropoff/9b2526f7a80c5bfd/sledge_raw.gz,static_objects,native_cache_directory,185,56,30,129,26,30,26,18.28311538696289,18.34779167175293,0.06467628479003906
71fcfec0cf5f5c30,traversing_pickup_dropoff,2021.07.06.17.30.06_veh-38_03818_04736,2021.07.06.17.30.06_veh-38_03818_04736/traversing_pickup_dropoff/71fcfec0cf5f5c30/sledge_raw.gz,vehicles,native_cache_directory,29,12,12,17,0,50,-38,38.31355285644531,,
71fcfec0cf5f5c30,traversing_pickup_dropoff,2021.07.06.17.30.06_veh-38_03818_04736,2021.07.06.17.30.06_veh-38_03818_04736/traversing_pickup_dropoff/71fcfec0cf5f5c30/sledge_raw.gz,pedestrians,native_cache_directory,7,5,5,2,0,20,-15,24.46879768371582,,
71fcfec0cf5f5c30,traversing_pickup_dropoff,2021.07.06.17.30.06_veh-38_03818_04736,2021.07.06.17.30.06_veh-38_03818_04736/traversing_pickup_dropoff/71fcfec0cf5f5c30/sledge_raw.gz,static_objects,native_cache_directory,26,26,26,0,0,30,-4,25.41300392150879,,
447f1946a5cf5366,traversing_pickup_dropoff,2021.05.28.16.10.40_veh-47_04895_05228,2021.05.28.16.10.40_veh-47_04895_05228/traversing_pickup_dropoff/447f1946a5cf5366/sledge_raw.gz,vehicles,native_cache_directory,45,19,19,26,0,50,-31,38.62980651855469,,
447f1946a5cf5366,traversing_pickup_dropoff,2021.05.28.16.10.40_veh-47_04895_05228,2021.05.28.16.10.40_veh-47_04895_05228/traversing_pickup_dropoff/447f1946a5cf5366/sledge_raw.gz,pedestrians,native_cache_directory,63,54,20,9,34,20,34,18.08498191833496,18.749797821044922,0.6648159027099609
447f1946a5cf5366,traversing_pickup_dropoff,2021.05.28.16.10.40_veh-47_04895_05228,2021.05.28.16.10.40_veh-47_04895_05228/traversing_pickup_dropoff/447f1946a5cf5366/sledge_raw.gz,static_objects,native_cache_directory,147,51,30,96,21,30,21,23.520267486572266,24.56985855102539,1.049591064453125
d60dd1c582cd5cb6,traversing_pickup_dropoff,2021.07.09.23.35.52_veh-37_06201_09958,2021.07.09.23.35.52_veh-37_06201_09958/traversing_pickup_dropoff/d60dd1c582cd5cb6/sledge_raw.gz,vehicles,native_cache_directory,48,31,31,17,0,50,-19,33.97410583496094,,
d60dd1c582cd5cb6,traversing_pickup_dropoff,2021.07.09.23.35.52_veh-37_06201_09958,2021.07.09.23.35.52_veh-37_06201_09958/traversing_pickup_dropoff/d60dd1c582cd5cb6/sledge_raw.gz,pedestrians,native_cache_directory,11,6,6,5,0,20,-14,24.377676010131836,,
d60dd1c582cd5cb6,traversing_pickup_dropoff,2021.07.09.23.35.52_veh-37_06201_09958,2021.07.09.23.35.52_veh-37_06201_09958/traversing_pickup_dropoff/d60dd1c582cd5cb6/sledge_raw.gz,static_objects,native_cache_directory,9,0,0,9,0,30,-30,,,
2d169ee750f7553e,traversing_pickup_dropoff,2021.06.22.16.39.31_veh-35_00215_00734,2021.06.22.16.39.31_veh-35_00215_00734/traversing_pickup_dropoff/2d169ee750f7553e/sledge_raw.gz,vehicles,native_cache_directory,12,3,3,9,0,50,-47,31.252269744873047,,
2d169ee750f7553e,traversing_pickup_dropoff,2021.06.22.16.39.31_veh-35_00215_00734,2021.06.22.16.39.31_veh-35_00215_00734/traversing_pickup_dropoff/2d169ee750f7553e/sledge_raw.gz,pedestrians,native_cache_directory,9,5,5,4,0,20,-15,27.192724227905273,,
2d169ee750f7553e,traversing_pickup_dropoff,2021.06.22.16.39.31_veh-35_00215_00734,2021.06.22.16.39.31_veh-35_00215_00734/traversing_pickup_dropoff/2d169ee750f7553e/sledge_raw.gz,static_objects,native_cache_directory,112,41,30,71,11,30,11,30.612743377685547,30.64124298095703,0.028499603271484375
84e577937f58568f,traversing_pickup_dropoff,2021.06.25.16.22.33_veh-16_00189_01733,2021.06.25.16.22.33_veh-16_00189_01733/traversing_pickup_dropoff/84e577937f58568f/sledge_raw.gz,vehicles,native_cache_directory,6,3,3,3,0,50,-47,31.58321762084961,,
84e577937f58568f,traversing_pickup_dropoff,2021.06.25.16.22.33_veh-16_00189_01733,2021.06.25.16.22.33_veh-16_00189_01733/traversing_pickup_dropoff/84e577937f58568f/sledge_raw.gz,pedestrians,native_cache_directory,5,0,0,5,0,20,-20,,,
84e577937f58568f,traversing_pickup_dropoff,2021.06.25.16.22.33_veh-16_00189_01733,2021.06.25.16.22.33_veh-16_00189_01733/traversing_pickup_dropoff/84e577937f58568f/sledge_raw.gz,static_objects,native_cache_directory,3,1,1,2,0,30,-29,31.4387149810791,,
7a83a71793d555b4,traversing_pickup_dropoff,2021.06.23.21.56.29_veh-35_02412_03161,2021.06.23.21.56.29_veh-35_02412_03161/traversing_pickup_dropoff/7a83a71793d555b4/sledge_raw.gz,vehicles,native_cache_directory,32,11,11,21,0,50,-39,40.169044494628906,,
7a83a71793d555b4,traversing_pickup_dropoff,2021.06.23.21.56.29_veh-35_02412_03161,2021.06.23.21.56.29_veh-35_02412_03161/traversing_pickup_dropoff/7a83a71793d555b4/sledge_raw.gz,pedestrians,native_cache_directory,28,8,8,20,0,20,-12,32.09138870239258,,
7a83a71793d555b4,traversing_pickup_dropoff,2021.06.23.21.56.29_veh-35_02412_03161,2021.06.23.21.56.29_veh-35_02412_03161/traversing_pickup_dropoff/7a83a71793d555b4/sledge_raw.gz,static_objects,native_cache_directory,76,27,27,49,0,30,-3,35.023231506347656,,
6025a9d2756250ab,traversing_pickup_dropoff,2021.05.18.19.25.26_veh-24_00652_01124,2021.05.18.19.25.26_veh-24_00652_01124/traversing_pickup_dropoff/6025a9d2756250ab/sledge_raw.gz,vehicles,native_cache_directory,32,18,18,14,0,50,-32,29.2108097076416,,
6025a9d2756250ab,traversing_pickup_dropoff,2021.05.18.19.25.26_veh-24_00652_01124,2021.05.18.19.25.26_veh-24_00652_01124/traversing_pickup_dropoff/6025a9d2756250ab/sledge_raw.gz,pedestrians,native_cache_directory,3,0,0,3,0,20,-20,,,
6025a9d2756250ab,traversing_pickup_dropoff,2021.05.18.19.25.26_veh-24_00652_01124,2021.05.18.19.25.26_veh-24_00652_01124/traversing_pickup_dropoff/6025a9d2756250ab/sledge_raw.gz,static_objects,native_cache_directory,77,26,26,51,0,30,-4,34.73637771606445,,
0d1522f73d945808,traversing_pickup_dropoff,2021.07.19.23.12.29_veh-35_01047_01849,2021.07.19.23.12.29_veh-35_01047_01849/traversing_pickup_dropoff/0d1522f73d945808/sledge_raw.gz,vehicles,native_cache_directory,10,4,4,6,0,50,-46,36.85068130493164,,
0d1522f73d945808,traversing_pickup_dropoff,2021.07.19.23.12.29_veh-35_01047_01849,2021.07.19.23.12.29_veh-35_01047_01849/traversing_pickup_dropoff/0d1522f73d945808/sledge_raw.gz,pedestrians,native_cache_directory,13,4,4,9,0,20,-16,31.12125015258789,,
0d1522f73d945808,traversing_pickup_dropoff,2021.07.19.23.12.29_veh-35_01047_01849,2021.07.19.23.12.29_veh-35_01047_01849/traversing_pickup_dropoff/0d1522f73d945808/sledge_raw.gz,static_objects,native_cache_directory,24,22,22,2,0,30,-8,36.388675689697266,,
d64b18a190fa51f9,traversing_pickup_dropoff,2021.06.23.15.56.12_veh-16_01308_04289,2021.06.23.15.56.12_veh-16_01308_04289/traversing_pickup_dropoff/d64b18a190fa51f9/sledge_raw.gz,vehicles,native_cache_directory,17,4,4,13,0,50,-46,32.993873596191406,,
d64b18a190fa51f9,traversing_pickup_dropoff,2021.06.23.15.56.12_veh-16_01308_04289,2021.06.23.15.56.12_veh-16_01308_04289/traversing_pickup_dropoff/d64b18a190fa51f9/sledge_raw.gz,pedestrians,native_cache_directory,10,6,6,4,0,20,-14,26.774248123168945,,
d64b18a190fa51f9,traversing_pickup_dropoff,2021.06.23.15.56.12_veh-16_01308_04289,2021.06.23.15.56.12_veh-16_01308_04289/traversing_pickup_dropoff/d64b18a190fa51f9/sledge_raw.gz,static_objects,native_cache_directory,85,31,30,54,1,30,1,41.63792037963867,43.394073486328125,1.7561531066894531
1dfc2d43918c5669,traversing_pickup_dropoff,2021.06.25.23.29.57_veh-38_00006_01027,2021.06.25.23.29.57_veh-38_00006_01027/traversing_pickup_dropoff/1dfc2d43918c5669/sledge_raw.gz,vehicles,native_cache_directory,10,8,8,2,0,50,-42,42.86372756958008,,
1dfc2d43918c5669,traversing_pickup_dropoff,2021.06.25.23.29.57_veh-38_00006_01027,2021.06.25.23.29.57_veh-38_00006_01027/traversing_pickup_dropoff/1dfc2d43918c5669/sledge_raw.gz,pedestrians,native_cache_directory,25,17,17,8,0,20,-3,43.963134765625,,
1dfc2d43918c5669,traversing_pickup_dropoff,2021.06.25.23.29.57_veh-38_00006_01027,2021.06.25.23.29.57_veh-38_00006_01027/traversing_pickup_dropoff/1dfc2d43918c5669/sledge_raw.gz,static_objects,native_cache_directory,39,35,30,4,5,30,5,31.046110153198242,31.136341094970703,0.09023094177246094
5e02f719591056e9,traversing_pickup_dropoff,2021.06.02.17.47.13_veh-47_03183_03704,2021.06.02.17.47.13_veh-47_03183_03704/traversing_pickup_dropoff/5e02f719591056e9/sledge_raw.gz,vehicles,native_cache_directory,19,5,5,14,0,50,-45,30.88883399963379,,
5e02f719591056e9,traversing_pickup_dropoff,2021.06.02.17.47.13_veh-47_03183_03704,2021.06.02.17.47.13_veh-47_03183_03704/traversing_pickup_dropoff/5e02f719591056e9/sledge_raw.gz,pedestrians,native_cache_directory,52,20,20,32,0,20,0,40.58722686767578,,
5e02f719591056e9,traversing_pickup_dropoff,2021.06.02.17.47.13_veh-47_03183_03704,2021.06.02.17.47.13_veh-47_03183_03704/traversing_pickup_dropoff/5e02f719591056e9/sledge_raw.gz,static_objects,native_cache_directory,135,47,30,88,17,30,17,26.69499969482422,26.93421173095703,0.2392120361328125
b93ee9c240295352,traversing_pickup_dropoff,2021.06.02.14.33.41_veh-47_01718_02276,2021.06.02.14.33.41_veh-47_01718_02276/traversing_pickup_dropoff/b93ee9c240295352/sledge_raw.gz,vehicles,native_cache_directory,10,9,9,1,0,50,-41,26.55485725402832,,
b93ee9c240295352,traversing_pickup_dropoff,2021.06.02.14.33.41_veh-47_01718_02276,2021.06.02.14.33.41_veh-47_01718_02276/traversing_pickup_dropoff/b93ee9c240295352/sledge_raw.gz,pedestrians,native_cache_directory,0,0,0,0,0,20,-20,,,
b93ee9c240295352,traversing_pickup_dropoff,2021.06.02.14.33.41_veh-47_01718_02276,2021.06.02.14.33.41_veh-47_01718_02276/traversing_pickup_dropoff/b93ee9c240295352/sledge_raw.gz,static_objects,native_cache_directory,63,47,30,16,17,30,17,18.95496940612793,19.61222267150879,0.6572532653808594
f16fa50a201a5d59,traversing_pickup_dropoff,2021.05.27.14.29.03_veh-38_03584_04205,2021.05.27.14.29.03_veh-38_03584_04205/traversing_pickup_dropoff/f16fa50a201a5d59/sledge_raw.gz,vehicles,native_cache_directory,50,20,20,30,0,50,-30,40.255313873291016,,
f16fa50a201a5d59,traversing_pickup_dropoff,2021.05.27.14.29.03_veh-38_03584_04205,2021.05.27.14.29.03_veh-38_03584_04205/traversing_pickup_dropoff/f16fa50a201a5d59/sledge_raw.gz,pedestrians,native_cache_directory,5,0,0,5,0,20,-20,,,
f16fa50a201a5d59,traversing_pickup_dropoff,2021.05.27.14.29.03_veh-38_03584_04205,2021.05.27.14.29.03_veh-38_03584_04205/traversing_pickup_dropoff/f16fa50a201a5d59/sledge_raw.gz,static_objects,native_cache_directory,3,1,1,2,0,30,-29,13.211833953857422,,
7baf6f42e5375b71,traversing_pickup_dropoff,2021.07.07.17.00.27_veh-37_01669_01822,2021.07.07.17.00.27_veh-37_01669_01822/traversing_pickup_dropoff/7baf6f42e5375b71/sledge_raw.gz,vehicles,native_cache_directory,11,7,7,4,0,50,-43,31.286540985107422,,
7baf6f42e5375b71,traversing_pickup_dropoff,2021.07.07.17.00.27_veh-37_01669_01822,2021.07.07.17.00.27_veh-37_01669_01822/traversing_pickup_dropoff/7baf6f42e5375b71/sledge_raw.gz,pedestrians,native_cache_directory,5,0,0,5,0,20,-20,,,
7baf6f42e5375b71,traversing_pickup_dropoff,2021.07.07.17.00.27_veh-37_01669_01822,2021.07.07.17.00.27_veh-37_01669_01822/traversing_pickup_dropoff/7baf6f42e5375b71/sledge_raw.gz,static_objects,native_cache_directory,14,8,8,6,0,30,-22,36.29653549194336,,
426818b1d79c597d,traversing_pickup_dropoff,2021.06.25.16.02.11_veh-35_03032_04731,2021.06.25.16.02.11_veh-35_03032_04731/traversing_pickup_dropoff/426818b1d79c597d/sledge_raw.gz,vehicles,native_cache_directory,10,9,9,1,0,50,-41,39.40967559814453,,
426818b1d79c597d,traversing_pickup_dropoff,2021.06.25.16.02.11_veh-35_03032_04731,2021.06.25.16.02.11_veh-35_03032_04731/traversing_pickup_dropoff/426818b1d79c597d/sledge_raw.gz,pedestrians,native_cache_directory,8,8,8,0,0,20,-12,41.129783630371094,,
426818b1d79c597d,traversing_pickup_dropoff,2021.06.25.16.02.11_veh-35_03032_04731,2021.06.25.16.02.11_veh-35_03032_04731/traversing_pickup_dropoff/426818b1d79c597d/sledge_raw.gz,static_objects,native_cache_directory,23,21,21,2,0,30,-9,32.46788787841797,,
7d12109c88aa5fdb,traversing_pickup_dropoff,2021.07.24.23.50.16_veh-17_00010_00554,2021.07.24.23.50.16_veh-17_00010_00554/traversing_pickup_dropoff/7d12109c88aa5fdb/sledge_raw.gz,vehicles,native_cache_directory,34,11,11,23,0,50,-39,34.96247100830078,,
7d12109c88aa5fdb,traversing_pickup_dropoff,2021.07.24.23.50.16_veh-17_00010_00554,2021.07.24.23.50.16_veh-17_00010_00554/traversing_pickup_dropoff/7d12109c88aa5fdb/sledge_raw.gz,pedestrians,native_cache_directory,34,13,13,21,0,20,-7,30.430692672729492,,
7d12109c88aa5fdb,traversing_pickup_dropoff,2021.07.24.23.50.16_veh-17_00010_00554,2021.07.24.23.50.16_veh-17_00010_00554/traversing_pickup_dropoff/7d12109c88aa5fdb/sledge_raw.gz,static_objects,native_cache_directory,92,32,30,60,2,30,2,35.18111038208008,36.83927917480469,1.6581687927246094
5e867046c8a05e48,traversing_pickup_dropoff,2021.07.07.01.46.29_veh-12_01198_01516,2021.07.07.01.46.29_veh-12_01198_01516/traversing_pickup_dropoff/5e867046c8a05e48/sledge_raw.gz,vehicles,native_cache_directory,28,17,17,11,0,50,-33,37.35083770751953,,
5e867046c8a05e48,traversing_pickup_dropoff,2021.07.07.01.46.29_veh-12_01198_01516,2021.07.07.01.46.29_veh-12_01198_01516/traversing_pickup_dropoff/5e867046c8a05e48/sledge_raw.gz,pedestrians,native_cache_directory,3,0,0,3,0,20,-20,,,
5e867046c8a05e48,traversing_pickup_dropoff,2021.07.07.01.46.29_veh-12_01198_01516,2021.07.07.01.46.29_veh-12_01198_01516/traversing_pickup_dropoff/5e867046c8a05e48/sledge_raw.gz,static_objects,native_cache_directory,41,1,1,40,0,30,-29,31.386526107788086,,
f17a50faaf785899,traversing_pickup_dropoff,2021.06.16.16.25.56_veh-38_01639_02591,2021.06.16.16.25.56_veh-38_01639_02591/traversing_pickup_dropoff/f17a50faaf785899/sledge_raw.gz,vehicles,native_cache_directory,9,9,9,0,0,50,-41,36.06694793701172,,
f17a50faaf785899,traversing_pickup_dropoff,2021.06.16.16.25.56_veh-38_01639_02591,2021.06.16.16.25.56_veh-38_01639_02591/traversing_pickup_dropoff/f17a50faaf785899/sledge_raw.gz,pedestrians,native_cache_directory,18,11,11,7,0,20,-9,21.871122360229492,,
f17a50faaf785899,traversing_pickup_dropoff,2021.06.16.16.25.56_veh-38_01639_02591,2021.06.16.16.25.56_veh-38_01639_02591/traversing_pickup_dropoff/f17a50faaf785899/sledge_raw.gz,static_objects,native_cache_directory,24,19,19,5,0,30,-11,37.12384033203125,,
f6432b3d99395dd2,traversing_pickup_dropoff,2021.05.21.18.27.53_veh-12_00029_00233,2021.05.21.18.27.53_veh-12_00029_00233/traversing_pickup_dropoff/f6432b3d99395dd2/sledge_raw.gz,vehicles,native_cache_directory,23,14,14,9,0,50,-36,40.15623474121094,,
f6432b3d99395dd2,traversing_pickup_dropoff,2021.05.21.18.27.53_veh-12_00029_00233,2021.05.21.18.27.53_veh-12_00029_00233/traversing_pickup_dropoff/f6432b3d99395dd2/sledge_raw.gz,pedestrians,native_cache_directory,64,56,20,8,36,20,36,18.845666885375977,20.037525177001953,1.1918582916259766
f6432b3d99395dd2,traversing_pickup_dropoff,2021.05.21.18.27.53_veh-12_00029_00233,2021.05.21.18.27.53_veh-12_00029_00233/traversing_pickup_dropoff/f6432b3d99395dd2/sledge_raw.gz,static_objects,native_cache_directory,37,35,30,2,5,30,5,36.007484436035156,36.01408386230469,0.00659942626953125
291f860ed2dc5413,traversing_pickup_dropoff,2021.05.20.16.57.20_veh-24_01160_02058,2021.05.20.16.57.20_veh-24_01160_02058/traversing_pickup_dropoff/291f860ed2dc5413/sledge_raw.gz,vehicles,native_cache_directory,39,14,14,25,0,50,-36,37.45632553100586,,
291f860ed2dc5413,traversing_pickup_dropoff,2021.05.20.16.57.20_veh-24_01160_02058,2021.05.20.16.57.20_veh-24_01160_02058/traversing_pickup_dropoff/291f860ed2dc5413/sledge_raw.gz,pedestrians,native_cache_directory,88,87,20,1,67,20,67,25.592775344848633,25.836336135864258,0.243560791015625
291f860ed2dc5413,traversing_pickup_dropoff,2021.05.20.16.57.20_veh-24_01160_02058,2021.05.20.16.57.20_veh-24_01160_02058/traversing_pickup_dropoff/291f860ed2dc5413/sledge_raw.gz,static_objects,native_cache_directory,122,43,30,79,13,30,13,35.45962142944336,35.49332809448242,0.0337066650390625
d11a551a80a05893,traversing_pickup_dropoff,2021.07.21.00.49.45_veh-37_00954_02291,2021.07.21.00.49.45_veh-37_00954_02291/traversing_pickup_dropoff/d11a551a80a05893/sledge_raw.gz,vehicles,native_cache_directory,27,12,12,15,0,50,-38,31.95649528503418,,
d11a551a80a05893,traversing_pickup_dropoff,2021.07.21.00.49.45_veh-37_00954_02291,2021.07.21.00.49.45_veh-37_00954_02291/traversing_pickup_dropoff/d11a551a80a05893/sledge_raw.gz,pedestrians,native_cache_directory,45,2,2,43,0,20,-18,13.884566307067871,,
d11a551a80a05893,traversing_pickup_dropoff,2021.07.21.00.49.45_veh-37_00954_02291,2021.07.21.00.49.45_veh-37_00954_02291/traversing_pickup_dropoff/d11a551a80a05893/sledge_raw.gz,static_objects,native_cache_directory,44,0,0,44,0,30,-30,,,
de8e9ffb52225d11,traversing_pickup_dropoff,2021.07.22.18.31.29_veh-12_00857_01139,2021.07.22.18.31.29_veh-12_00857_01139/traversing_pickup_dropoff/de8e9ffb52225d11/sledge_raw.gz,vehicles,native_cache_directory,21,7,7,14,0,50,-43,32.5206298828125,,
de8e9ffb52225d11,traversing_pickup_dropoff,2021.07.22.18.31.29_veh-12_00857_01139,2021.07.22.18.31.29_veh-12_00857_01139/traversing_pickup_dropoff/de8e9ffb52225d11/sledge_raw.gz,pedestrians,native_cache_directory,23,9,9,14,0,20,-11,31.42237663269043,,
de8e9ffb52225d11,traversing_pickup_dropoff,2021.07.22.18.31.29_veh-12_00857_01139,2021.07.22.18.31.29_veh-12_00857_01139/traversing_pickup_dropoff/de8e9ffb52225d11/sledge_raw.gz,static_objects,native_cache_directory,37,23,23,14,0,30,-7,40.4459228515625,,
dcc95368ffc35c6f,traversing_pickup_dropoff,2021.05.21.13.41.26_veh-12_01917_02165,2021.05.21.13.41.26_veh-12_01917_02165/traversing_pickup_dropoff/dcc95368ffc35c6f/sledge_raw.gz,vehicles,native_cache_directory,26,15,15,11,0,50,-35,30.20705795288086,,
dcc95368ffc35c6f,traversing_pickup_dropoff,2021.05.21.13.41.26_veh-12_01917_02165,2021.05.21.13.41.26_veh-12_01917_02165/traversing_pickup_dropoff/dcc95368ffc35c6f/sledge_raw.gz,pedestrians,native_cache_directory,47,47,20,0,27,20,27,25.6964054107666,26.00882911682129,0.3124237060546875
dcc95368ffc35c6f,traversing_pickup_dropoff,2021.05.21.13.41.26_veh-12_01917_02165,2021.05.21.13.41.26_veh-12_01917_02165/traversing_pickup_dropoff/dcc95368ffc35c6f/sledge_raw.gz,static_objects,native_cache_directory,89,35,30,54,5,30,5,40.58654022216797,41.35661315917969,0.7700729370117188
716d8e6cdcb45329,traversing_pickup_dropoff,2021.07.07.21.34.34_veh-35_03290_04078,2021.07.07.21.34.34_veh-35_03290_04078/traversing_pickup_dropoff/716d8e6cdcb45329/sledge_raw.gz,vehicles,native_cache_directory,32,14,14,18,0,50,-36,41.89659881591797,,
716d8e6cdcb45329,traversing_pickup_dropoff,2021.07.07.21.34.34_veh-35_03290_04078,2021.07.07.21.34.34_veh-35_03290_04078/traversing_pickup_dropoff/716d8e6cdcb45329/sledge_raw.gz,pedestrians,native_cache_directory,47,46,20,1,26,20,26,21.45003890991211,21.47928237915039,0.02924346923828125
716d8e6cdcb45329,traversing_pickup_dropoff,2021.07.07.21.34.34_veh-35_03290_04078,2021.07.07.21.34.34_veh-35_03290_04078/traversing_pickup_dropoff/716d8e6cdcb45329/sledge_raw.gz,static_objects,native_cache_directory,140,53,30,87,23,30,23,25.02751922607422,25.488000869750977,0.4604816436767578
45f9502ed7475e3d,traversing_pickup_dropoff,2021.07.07.17.00.27_veh-37_04033_04881,2021.07.07.17.00.27_veh-37_04033_04881/traversing_pickup_dropoff/45f9502ed7475e3d/sledge_raw.gz,vehicles,native_cache_directory,4,2,2,2,0,50,-48,24.395898818969727,,
45f9502ed7475e3d,traversing_pickup_dropoff,2021.07.07.17.00.27_veh-37_04033_04881,2021.07.07.17.00.27_veh-37_04033_04881/traversing_pickup_dropoff/45f9502ed7475e3d/sledge_raw.gz,pedestrians,native_cache_directory,3,3,3,0,0,20,-17,25.516223907470703,,
45f9502ed7475e3d,traversing_pickup_dropoff,2021.07.07.17.00.27_veh-37_04033_04881,2021.07.07.17.00.27_veh-37_04033_04881/traversing_pickup_dropoff/45f9502ed7475e3d/sledge_raw.gz,static_objects,native_cache_directory,30,2,2,28,0,30,-28,25.54117774963379,,
401ae6c9007c5ace,traversing_pickup_dropoff,2021.07.24.16.48.51_veh-17_03553_04284,2021.07.24.16.48.51_veh-17_03553_04284/traversing_pickup_dropoff/401ae6c9007c5ace/sledge_raw.gz,vehicles,native_cache_directory,20,8,8,12,0,50,-42,35.97627258300781,,
401ae6c9007c5ace,traversing_pickup_dropoff,2021.07.24.16.48.51_veh-17_03553_04284,2021.07.24.16.48.51_veh-17_03553_04284/traversing_pickup_dropoff/401ae6c9007c5ace/sledge_raw.gz,pedestrians,native_cache_directory,16,12,12,4,0,20,-8,35.65835189819336,,
401ae6c9007c5ace,traversing_pickup_dropoff,2021.07.24.16.48.51_veh-17_03553_04284,2021.07.24.16.48.51_veh-17_03553_04284/traversing_pickup_dropoff/401ae6c9007c5ace/sledge_raw.gz,static_objects,native_cache_directory,38,29,29,9,0,30,-1,36.85401153564453,,
6f132208c30453f3,traversing_pickup_dropoff,2021.06.25.21.44.31_veh-16_00016_00630,2021.06.25.21.44.31_veh-16_00016_00630/traversing_pickup_dropoff/6f132208c30453f3/sledge_raw.gz,vehicles,native_cache_directory,37,15,15,22,0,50,-35,43.30953598022461,,
6f132208c30453f3,traversing_pickup_dropoff,2021.06.25.21.44.31_veh-16_00016_00630,2021.06.25.21.44.31_veh-16_00016_00630/traversing_pickup_dropoff/6f132208c30453f3/sledge_raw.gz,pedestrians,native_cache_directory,36,13,13,23,0,20,-7,33.38642883300781,,
6f132208c30453f3,traversing_pickup_dropoff,2021.06.25.21.44.31_veh-16_00016_00630,2021.06.25.21.44.31_veh-16_00016_00630/traversing_pickup_dropoff/6f132208c30453f3/sledge_raw.gz,static_objects,native_cache_directory,78,35,30,43,5,30,5,37.69414520263672,37.770687103271484,0.07654190063476562
9d62f253ba225f0f,traversing_pickup_dropoff,2021.06.23.14.06.20_veh-26_00020_01142,2021.06.23.14.06.20_veh-26_00020_01142/traversing_pickup_dropoff/9d62f253ba225f0f/sledge_raw.gz,vehicles,native_cache_directory,2,0,0,2,0,50,-50,,,
9d62f253ba225f0f,traversing_pickup_dropoff,2021.06.23.14.06.20_veh-26_00020_01142,2021.06.23.14.06.20_veh-26_00020_01142/traversing_pickup_dropoff/9d62f253ba225f0f/sledge_raw.gz,pedestrians,native_cache_directory,2,2,2,0,0,20,-18,23.50178337097168,,
9d62f253ba225f0f,traversing_pickup_dropoff,2021.06.23.14.06.20_veh-26_00020_01142,2021.06.23.14.06.20_veh-26_00020_01142/traversing_pickup_dropoff/9d62f253ba225f0f/sledge_raw.gz,static_objects,native_cache_directory,19,1,1,18,0,30,-29,25.027551651000977,,
638091ad161752bc,traversing_pickup_dropoff,2021.07.23.21.07.18_veh-47_03216_04638,2021.07.23.21.07.18_veh-47_03216_04638/traversing_pickup_dropoff/638091ad161752bc/sledge_raw.gz,vehicles,native_cache_directory,49,14,14,35,0,50,-36,34.655006408691406,,
638091ad161752bc,traversing_pickup_dropoff,2021.07.23.21.07.18_veh-47_03216_04638,2021.07.23.21.07.18_veh-47_03216_04638/traversing_pickup_dropoff/638091ad161752bc/sledge_raw.gz,pedestrians,native_cache_directory,104,51,20,53,31,20,31,22.230636596679688,24.51114845275879,2.2805118560791016
638091ad161752bc,traversing_pickup_dropoff,2021.07.23.21.07.18_veh-47_03216_04638,2021.07.23.21.07.18_veh-47_03216_04638/traversing_pickup_dropoff/638091ad161752bc/sledge_raw.gz,static_objects,native_cache_directory,121,41,30,80,11,30,11,26.43538475036621,27.124177932739258,0.6887931823730469
99497128bf005068,traversing_pickup_dropoff,2021.06.09.19.40.26_veh-12_00279_01212,2021.06.09.19.40.26_veh-12_00279_01212/traversing_pickup_dropoff/99497128bf005068/sledge_raw.gz,vehicles,native_cache_directory,33,24,24,9,0,50,-26,36.3570556640625,,
99497128bf005068,traversing_pickup_dropoff,2021.06.09.19.40.26_veh-12_00279_01212,2021.06.09.19.40.26_veh-12_00279_01212/traversing_pickup_dropoff/99497128bf005068/sledge_raw.gz,pedestrians,native_cache_directory,32,25,20,7,5,20,5,19.815736770629883,22.31122589111328,2.4954891204833984
99497128bf005068,traversing_pickup_dropoff,2021.06.09.19.40.26_veh-12_00279_01212,2021.06.09.19.40.26_veh-12_00279_01212/traversing_pickup_dropoff/99497128bf005068/sledge_raw.gz,static_objects,native_cache_directory,34,29,29,5,0,30,-1,34.0584602355957,,
fb6f38272258550a,traversing_pickup_dropoff,2021.06.14.17.26.26_veh-38_01860_02729,2021.06.14.17.26.26_veh-38_01860_02729/traversing_pickup_dropoff/fb6f38272258550a/sledge_raw.gz,vehicles,native_cache_directory,33,17,17,16,0,50,-33,37.34667205810547,,
fb6f38272258550a,traversing_pickup_dropoff,2021.06.14.17.26.26_veh-38_01860_02729,2021.06.14.17.26.26_veh-38_01860_02729/traversing_pickup_dropoff/fb6f38272258550a/sledge_raw.gz,pedestrians,native_cache_directory,100,48,20,52,28,20,28,14.345560073852539,14.924480438232422,0.5789203643798828
fb6f38272258550a,traversing_pickup_dropoff,2021.06.14.17.26.26_veh-38_01860_02729,2021.06.14.17.26.26_veh-38_01860_02729/traversing_pickup_dropoff/fb6f38272258550a/sledge_raw.gz,static_objects,native_cache_directory,155,51,30,104,21,30,21,19.73676109313965,20.704891204833984,0.9681301116943359
a0f53f2feeea5526,traversing_pickup_dropoff,2021.07.15.23.06.09_veh-35_00186_00773,2021.07.15.23.06.09_veh-35_00186_00773/traversing_pickup_dropoff/a0f53f2feeea5526/sledge_raw.gz,vehicles,native_cache_directory,4,3,3,1,0,50,-47,21.71166229248047,,
a0f53f2feeea5526,traversing_pickup_dropoff,2021.07.15.23.06.09_veh-35_00186_00773,2021.07.15.23.06.09_veh-35_00186_00773/traversing_pickup_dropoff/a0f53f2feeea5526/sledge_raw.gz,pedestrians,native_cache_directory,10,6,6,4,0,20,-14,23.887845993041992,,
a0f53f2feeea5526,traversing_pickup_dropoff,2021.07.15.23.06.09_veh-35_00186_00773,2021.07.15.23.06.09_veh-35_00186_00773/traversing_pickup_dropoff/a0f53f2feeea5526/sledge_raw.gz,static_objects,native_cache_directory,35,27,27,8,0,30,-3,31.666000366210938,,
4a7f14ac5d1f5221,traversing_pickup_dropoff,2021.06.09.12.39.51_veh-26_01179_01338,2021.06.09.12.39.51_veh-26_01179_01338/traversing_pickup_dropoff/4a7f14ac5d1f5221/sledge_raw.gz,vehicles,native_cache_directory,26,20,20,6,0,50,-30,31.31599998474121,,
4a7f14ac5d1f5221,traversing_pickup_dropoff,2021.06.09.12.39.51_veh-26_01179_01338,2021.06.09.12.39.51_veh-26_01179_01338/traversing_pickup_dropoff/4a7f14ac5d1f5221/sledge_raw.gz,pedestrians,native_cache_directory,2,0,0,2,0,20,-20,,,
4a7f14ac5d1f5221,traversing_pickup_dropoff,2021.06.09.12.39.51_veh-26_01179_01338,2021.06.09.12.39.51_veh-26_01179_01338/traversing_pickup_dropoff/4a7f14ac5d1f5221/sledge_raw.gz,static_objects,native_cache_directory,18,1,1,17,0,30,-29,21.624481201171875,,
08a62938f8895f0e,traversing_pickup_dropoff,2021.06.12.11.48.53_veh-35_03129_03557,2021.06.12.11.48.53_veh-35_03129_03557/traversing_pickup_dropoff/08a62938f8895f0e/sledge_raw.gz,vehicles,native_cache_directory,34,14,14,20,0,50,-36,36.01182174682617,,
08a62938f8895f0e,traversing_pickup_dropoff,2021.06.12.11.48.53_veh-35_03129_03557,2021.06.12.11.48.53_veh-35_03129_03557/traversing_pickup_dropoff/08a62938f8895f0e/sledge_raw.gz,pedestrians,native_cache_directory,75,45,20,30,25,20,25,13.9405517578125,14.390515327453613,0.4499635696411133
08a62938f8895f0e,traversing_pickup_dropoff,2021.06.12.11.48.53_veh-35_03129_03557,2021.06.12.11.48.53_veh-35_03129_03557/traversing_pickup_dropoff/08a62938f8895f0e/sledge_raw.gz,static_objects,native_cache_directory,137,43,30,94,13,30,13,26.98092269897461,27.28628921508789,0.30536651611328125
5b28de64eeb15398,traversing_pickup_dropoff,2021.07.09.20.59.12_veh-38_05697_06861,2021.07.09.20.59.12_veh-38_05697_06861/traversing_pickup_dropoff/5b28de64eeb15398/sledge_raw.gz,vehicles,native_cache_directory,36,18,18,18,0,50,-32,40.254051208496094,,
5b28de64eeb15398,traversing_pickup_dropoff,2021.07.09.20.59.12_veh-38_05697_06861,2021.07.09.20.59.12_veh-38_05697_06861/traversing_pickup_dropoff/5b28de64eeb15398/sledge_raw.gz,pedestrians,native_cache_directory,0,0,0,0,0,20,-20,,,
5b28de64eeb15398,traversing_pickup_dropoff,2021.07.09.20.59.12_veh-38_05697_06861,2021.07.09.20.59.12_veh-38_05697_06861/traversing_pickup_dropoff/5b28de64eeb15398/sledge_raw.gz,static_objects,native_cache_directory,121,47,30,74,17,30,17,23.924924850463867,24.446395874023438,0.5214710235595703
fa87c7e7db8d5847,traversing_pickup_dropoff,2021.07.23.20.32.07_veh-26_02098_03853,2021.07.23.20.32.07_veh-26_02098_03853/traversing_pickup_dropoff/fa87c7e7db8d5847/sledge_raw.gz,vehicles,native_cache_directory,40,17,17,23,0,50,-33,39.9442024230957,,
fa87c7e7db8d5847,traversing_pickup_dropoff,2021.07.23.20.32.07_veh-26_02098_03853,2021.07.23.20.32.07_veh-26_02098_03853/traversing_pickup_dropoff/fa87c7e7db8d5847/sledge_raw.gz,pedestrians,native_cache_directory,113,65,20,48,45,20,45,15.890371322631836,18.335227966308594,2.444856643676758
fa87c7e7db8d5847,traversing_pickup_dropoff,2021.07.23.20.32.07_veh-26_02098_03853,2021.07.23.20.32.07_veh-26_02098_03853/traversing_pickup_dropoff/fa87c7e7db8d5847/sledge_raw.gz,static_objects,native_cache_directory,139,40,30,99,10,30,10,23.83000373840332,26.676671981811523,2.846668243408203
0170b316e1b857e4,traversing_pickup_dropoff,2021.07.16.00.51.05_veh-17_01938_03243,2021.07.16.00.51.05_veh-17_01938_03243/traversing_pickup_dropoff/0170b316e1b857e4/sledge_raw.gz,vehicles,native_cache_directory,27,20,20,7,0,50,-30,38.631168365478516,,
0170b316e1b857e4,traversing_pickup_dropoff,2021.07.16.00.51.05_veh-17_01938_03243,2021.07.16.00.51.05_veh-17_01938_03243/traversing_pickup_dropoff/0170b316e1b857e4/sledge_raw.gz,pedestrians,native_cache_directory,39,27,20,12,7,20,7,17.050037384033203,17.311439514160156,0.2614021301269531
0170b316e1b857e4,traversing_pickup_dropoff,2021.07.16.00.51.05_veh-17_01938_03243,2021.07.16.00.51.05_veh-17_01938_03243/traversing_pickup_dropoff/0170b316e1b857e4/sledge_raw.gz,static_objects,native_cache_directory,44,38,30,6,8,30,8,24.660200119018555,27.160432815551758,2.500232696533203
e58b1b3617c859df,traversing_pickup_dropoff,2021.05.24.15.41.29_veh-25_03996_04859,2021.05.24.15.41.29_veh-25_03996_04859/traversing_pickup_dropoff/e58b1b3617c859df/sledge_raw.gz,vehicles,native_cache_directory,4,1,1,3,0,50,-49,9.780537605285645,,
e58b1b3617c859df,traversing_pickup_dropoff,2021.05.24.15.41.29_veh-25_03996_04859,2021.05.24.15.41.29_veh-25_03996_04859/traversing_pickup_dropoff/e58b1b3617c859df/sledge_raw.gz,pedestrians,native_cache_directory,15,11,11,4,0,20,-9,28.12467384338379,,
e58b1b3617c859df,traversing_pickup_dropoff,2021.05.24.15.41.29_veh-25_03996_04859,2021.05.24.15.41.29_veh-25_03996_04859/traversing_pickup_dropoff/e58b1b3617c859df/sledge_raw.gz,static_objects,native_cache_directory,67,56,30,11,26,30,26,20.940868377685547,21.060932159423828,0.12006378173828125
06b0212aef0b522a,traversing_pickup_dropoff,2021.06.25.17.44.01_veh-35_00247_01572,2021.06.25.17.44.01_veh-35_00247_01572/traversing_pickup_dropoff/06b0212aef0b522a/sledge_raw.gz,vehicles,native_cache_directory,18,10,10,8,0,50,-40,38.65061950683594,,
06b0212aef0b522a,traversing_pickup_dropoff,2021.06.25.17.44.01_veh-35_00247_01572,2021.06.25.17.44.01_veh-35_00247_01572/traversing_pickup_dropoff/06b0212aef0b522a/sledge_raw.gz,pedestrians,native_cache_directory,53,31,20,22,11,20,11,17.844493865966797,17.993408203125,0.14891433715820312
06b0212aef0b522a,traversing_pickup_dropoff,2021.06.25.17.44.01_veh-35_00247_01572,2021.06.25.17.44.01_veh-35_00247_01572/traversing_pickup_dropoff/06b0212aef0b522a/sledge_raw.gz,static_objects,native_cache_directory,43,34,30,9,4,30,4,27.55211067199707,28.935741424560547,1.3836307525634766
642470cec95157d4,traversing_pickup_dropoff,2021.06.10.17.22.51_veh-47_02140_02851,2021.06.10.17.22.51_veh-47_02140_02851/traversing_pickup_dropoff/642470cec95157d4/sledge_raw.gz,vehicles,native_cache_directory,29,8,8,21,0,50,-42,28.686683654785156,,
642470cec95157d4,traversing_pickup_dropoff,2021.06.10.17.22.51_veh-47_02140_02851,2021.06.10.17.22.51_veh-47_02140_02851/traversing_pickup_dropoff/642470cec95157d4/sledge_raw.gz,pedestrians,native_cache_directory,56,25,20,31,5,20,5,30.82301902770996,31.03211784362793,0.20909881591796875
642470cec95157d4,traversing_pickup_dropoff,2021.06.10.17.22.51_veh-47_02140_02851,2021.06.10.17.22.51_veh-47_02140_02851/traversing_pickup_dropoff/642470cec95157d4/sledge_raw.gz,static_objects,native_cache_directory,37,30,30,7,0,30,0,33.73915100097656,,
cdcc6135f10855d1,traversing_pickup_dropoff,2021.07.21.00.48.35_veh-38_01727_02453,2021.07.21.00.48.35_veh-38_01727_02453/traversing_pickup_dropoff/cdcc6135f10855d1/sledge_raw.gz,vehicles,native_cache_directory,16,12,12,4,0,50,-38,36.40742874145508,,
cdcc6135f10855d1,traversing_pickup_dropoff,2021.07.21.00.48.35_veh-38_01727_02453,2021.07.21.00.48.35_veh-38_01727_02453/traversing_pickup_dropoff/cdcc6135f10855d1/sledge_raw.gz,pedestrians,native_cache_directory,23,14,14,9,0,20,-6,35.18699264526367,,
cdcc6135f10855d1,traversing_pickup_dropoff,2021.07.21.00.48.35_veh-38_01727_02453,2021.07.21.00.48.35_veh-38_01727_02453/traversing_pickup_dropoff/cdcc6135f10855d1/sledge_raw.gz,static_objects,native_cache_directory,45,42,30,3,12,30,12,25.708894729614258,25.845958709716797,0.13706398010253906
e76f5890e01c57a8,traversing_pickup_dropoff,2021.07.16.00.03.12_veh-37_02189_03199,2021.07.16.00.03.12_veh-37_02189_03199/traversing_pickup_dropoff/e76f5890e01c57a8/sledge_raw.gz,vehicles,native_cache_directory,4,1,1,3,0,50,-49,20.820253372192383,,
e76f5890e01c57a8,traversing_pickup_dropoff,2021.07.16.00.03.12_veh-37_02189_03199,2021.07.16.00.03.12_veh-37_02189_03199/traversing_pickup_dropoff/e76f5890e01c57a8/sledge_raw.gz,pedestrians,native_cache_directory,15,12,12,3,0,20,-8,24.330663681030273,,
e76f5890e01c57a8,traversing_pickup_dropoff,2021.07.16.00.03.12_veh-37_02189_03199,2021.07.16.00.03.12_veh-37_02189_03199/traversing_pickup_dropoff/e76f5890e01c57a8/sledge_raw.gz,static_objects,native_cache_directory,74,51,30,23,21,30,21,21.714954376220703,21.721160888671875,0.006206512451171875
217d5c76d3935c67,traversing_pickup_dropoff,2021.06.04.13.35.03_veh-47_02355_02675,2021.06.04.13.35.03_veh-47_02355_02675/traversing_pickup_dropoff/217d5c76d3935c67/sledge_raw.gz,vehicles,native_cache_directory,23,8,8,15,0,50,-42,31.170686721801758,,
217d5c76d3935c67,traversing_pickup_dropoff,2021.06.04.13.35.03_veh-47_02355_02675,2021.06.04.13.35.03_veh-47_02355_02675/traversing_pickup_dropoff/217d5c76d3935c67/sledge_raw.gz,pedestrians,native_cache_directory,56,17,17,39,0,20,-3,32.75888442993164,,
217d5c76d3935c67,traversing_pickup_dropoff,2021.06.04.13.35.03_veh-47_02355_02675,2021.06.04.13.35.03_veh-47_02355_02675/traversing_pickup_dropoff/217d5c76d3935c67/sledge_raw.gz,static_objects,native_cache_directory,102,12,12,90,0,30,-18,22.71993637084961,,
8b0284351a98525b,traversing_pickup_dropoff,2021.07.23.16.58.15_veh-12_02202_04053,2021.07.23.16.58.15_veh-12_02202_04053/traversing_pickup_dropoff/8b0284351a98525b/sledge_raw.gz,vehicles,native_cache_directory,11,6,6,5,0,50,-44,39.85662841796875,,
8b0284351a98525b,traversing_pickup_dropoff,2021.07.23.16.58.15_veh-12_02202_04053,2021.07.23.16.58.15_veh-12_02202_04053/traversing_pickup_dropoff/8b0284351a98525b/sledge_raw.gz,pedestrians,native_cache_directory,16,4,4,12,0,20,-16,38.896305084228516,,
8b0284351a98525b,traversing_pickup_dropoff,2021.07.23.16.58.15_veh-12_02202_04053,2021.07.23.16.58.15_veh-12_02202_04053/traversing_pickup_dropoff/8b0284351a98525b/sledge_raw.gz,static_objects,native_cache_directory,29,15,15,14,0,30,-15,31.739351272583008,,
547c71f56fb35e8c,traversing_pickup_dropoff,2021.07.23.17.54.34_veh-35_03811_04215,2021.07.23.17.54.34_veh-35_03811_04215/traversing_pickup_dropoff/547c71f56fb35e8c/sledge_raw.gz,vehicles,native_cache_directory,40,16,16,24,0,50,-34,43.81058883666992,,
547c71f56fb35e8c,traversing_pickup_dropoff,2021.07.23.17.54.34_veh-35_03811_04215,2021.07.23.17.54.34_veh-35_03811_04215/traversing_pickup_dropoff/547c71f56fb35e8c/sledge_raw.gz,pedestrians,native_cache_directory,51,39,20,12,19,20,19,21.195722579956055,21.231191635131836,0.03546905517578125
547c71f56fb35e8c,traversing_pickup_dropoff,2021.07.23.17.54.34_veh-35_03811_04215,2021.07.23.17.54.34_veh-35_03811_04215/traversing_pickup_dropoff/547c71f56fb35e8c/sledge_raw.gz,static_objects,native_cache_directory,136,48,30,88,18,30,18,21.383182525634766,22.312381744384766,0.92919921875
eaf7a3e0c4d55d09,traversing_pickup_dropoff,2021.06.17.16.22.42_veh-26_00553_01042,2021.06.17.16.22.42_veh-26_00553_01042/traversing_pickup_dropoff/eaf7a3e0c4d55d09/sledge_raw.gz,vehicles,native_cache_directory,18,14,14,4,0,50,-36,39.178707122802734,,
eaf7a3e0c4d55d09,traversing_pickup_dropoff,2021.06.17.16.22.42_veh-26_00553_01042,2021.06.17.16.22.42_veh-26_00553_01042/traversing_pickup_dropoff/eaf7a3e0c4d55d09/sledge_raw.gz,pedestrians,native_cache_directory,48,35,20,13,15,20,15,18.742698669433594,19.063507080078125,0.32080841064453125
eaf7a3e0c4d55d09,traversing_pickup_dropoff,2021.06.17.16.22.42_veh-26_00553_01042,2021.06.17.16.22.42_veh-26_00553_01042/traversing_pickup_dropoff/eaf7a3e0c4d55d09/sledge_raw.gz,static_objects,native_cache_directory,30,24,24,6,0,30,-6,41.023681640625,,
0271f88ac1d15f54,traversing_pickup_dropoff,2021.06.21.22.56.30_veh-35_01656_04055,2021.06.21.22.56.30_veh-35_01656_04055/traversing_pickup_dropoff/0271f88ac1d15f54/sledge_raw.gz,vehicles,native_cache_directory,24,13,13,11,0,50,-37,30.82706642150879,,
0271f88ac1d15f54,traversing_pickup_dropoff,2021.06.21.22.56.30_veh-35_01656_04055,2021.06.21.22.56.30_veh-35_01656_04055/traversing_pickup_dropoff/0271f88ac1d15f54/sledge_raw.gz,pedestrians,native_cache_directory,32,15,15,17,0,20,-5,41.82609939575195,,
0271f88ac1d15f54,traversing_pickup_dropoff,2021.06.21.22.56.30_veh-35_01656_04055,2021.06.21.22.56.30_veh-35_01656_04055/traversing_pickup_dropoff/0271f88ac1d15f54/sledge_raw.gz,static_objects,native_cache_directory,33,24,24,9,0,30,-6,35.74278259277344,,
2dc68257782f5a76,traversing_pickup_dropoff,2021.07.19.23.12.29_veh-35_00005_00999,2021.07.19.23.12.29_veh-35_00005_00999/traversing_pickup_dropoff/2dc68257782f5a76/sledge_raw.gz,vehicles,native_cache_directory,23,16,16,7,0,50,-34,33.504310607910156,,
2dc68257782f5a76,traversing_pickup_dropoff,2021.07.19.23.12.29_veh-35_00005_00999,2021.07.19.23.12.29_veh-35_00005_00999/traversing_pickup_dropoff/2dc68257782f5a76/sledge_raw.gz,pedestrians,native_cache_directory,35,17,17,18,0,20,-3,30.217247009277344,,
2dc68257782f5a76,traversing_pickup_dropoff,2021.07.19.23.12.29_veh-35_00005_00999,2021.07.19.23.12.29_veh-35_00005_00999/traversing_pickup_dropoff/2dc68257782f5a76/sledge_raw.gz,static_objects,native_cache_directory,25,17,17,8,0,30,-13,29.780929565429688,,
ead764505cc55241,traversing_pickup_dropoff,2021.07.02.16.06.13_veh-35_01057_02690,2021.07.02.16.06.13_veh-35_01057_02690/traversing_pickup_dropoff/ead764505cc55241/sledge_raw.gz,vehicles,native_cache_directory,19,13,13,6,0,50,-37,36.072505950927734,,
ead764505cc55241,traversing_pickup_dropoff,2021.07.02.16.06.13_veh-35_01057_02690,2021.07.02.16.06.13_veh-35_01057_02690/traversing_pickup_dropoff/ead764505cc55241/sledge_raw.gz,pedestrians,native_cache_directory,22,14,14,8,0,20,-6,22.671186447143555,,
ead764505cc55241,traversing_pickup_dropoff,2021.07.02.16.06.13_veh-35_01057_02690,2021.07.02.16.06.13_veh-35_01057_02690/traversing_pickup_dropoff/ead764505cc55241/sledge_raw.gz,static_objects,native_cache_directory,36,28,28,8,0,30,-2,32.28293991088867,,
c6f52799aa6a5ba7,traversing_pickup_dropoff,2021.05.20.15.11.34_veh-25_01678_02253,2021.05.20.15.11.34_veh-25_01678_02253/traversing_pickup_dropoff/c6f52799aa6a5ba7/sledge_raw.gz,vehicles,native_cache_directory,9,5,5,4,0,50,-45,35.34417724609375,,
c6f52799aa6a5ba7,traversing_pickup_dropoff,2021.05.20.15.11.34_veh-25_01678_02253,2021.05.20.15.11.34_veh-25_01678_02253/traversing_pickup_dropoff/c6f52799aa6a5ba7/sledge_raw.gz,pedestrians,native_cache_directory,4,2,2,2,0,20,-18,36.367637634277344,,
c6f52799aa6a5ba7,traversing_pickup_dropoff,2021.05.20.15.11.34_veh-25_01678_02253,2021.05.20.15.11.34_veh-25_01678_02253/traversing_pickup_dropoff/c6f52799aa6a5ba7/sledge_raw.gz,static_objects,native_cache_directory,38,31,30,7,1,30,1,39.63890075683594,40.380123138427734,0.7412223815917969
24b39410f2f35ca8,traversing_pickup_dropoff,2021.06.10.14.13.54_veh-26_00546_00977,2021.06.10.14.13.54_veh-26_00546_00977/traversing_pickup_dropoff/24b39410f2f35ca8/sledge_raw.gz,vehicles,native_cache_directory,28,16,16,12,0,50,-34,30.77352523803711,,
24b39410f2f35ca8,traversing_pickup_dropoff,2021.06.10.14.13.54_veh-26_00546_00977,2021.06.10.14.13.54_veh-26_00546_00977/traversing_pickup_dropoff/24b39410f2f35ca8/sledge_raw.gz,pedestrians,native_cache_directory,53,45,20,8,25,20,25,18.19956398010254,18.291133880615234,0.09156990051269531
24b39410f2f35ca8,traversing_pickup_dropoff,2021.06.10.14.13.54_veh-26_00546_00977,2021.06.10.14.13.54_veh-26_00546_00977/traversing_pickup_dropoff/24b39410f2f35ca8/sledge_raw.gz,static_objects,native_cache_directory,129,38,30,91,8,30,8,32.150814056396484,32.912818908691406,0.7620048522949219
c8fe80d22d87547f,traversing_pickup_dropoff,2021.07.16.16.27.22_veh-26_05058_05383,2021.07.16.16.27.22_veh-26_05058_05383/traversing_pickup_dropoff/c8fe80d22d87547f/sledge_raw.gz,vehicles,native_cache_directory,16,13,13,3,0,50,-37,41.8597412109375,,
c8fe80d22d87547f,traversing_pickup_dropoff,2021.07.16.16.27.22_veh-26_05058_05383,2021.07.16.16.27.22_veh-26_05058_05383/traversing_pickup_dropoff/c8fe80d22d87547f/sledge_raw.gz,pedestrians,native_cache_directory,24,20,20,4,0,20,0,31.020954132080078,,
c8fe80d22d87547f,traversing_pickup_dropoff,2021.07.16.16.27.22_veh-26_05058_05383,2021.07.16.16.27.22_veh-26_05058_05383/traversing_pickup_dropoff/c8fe80d22d87547f/sledge_raw.gz,static_objects,native_cache_directory,48,42,30,6,12,30,12,21.831350326538086,23.720420837402344,1.8890705108642578
fc1b753d42145772,traversing_pickup_dropoff,2021.06.30.13.52.24_veh-35_00328_01059,2021.06.30.13.52.24_veh-35_00328_01059/traversing_pickup_dropoff/fc1b753d42145772/sledge_raw.gz,vehicles,native_cache_directory,12,6,6,6,0,50,-44,39.5422477722168,,
fc1b753d42145772,traversing_pickup_dropoff,2021.06.30.13.52.24_veh-35_00328_01059,2021.06.30.13.52.24_veh-35_00328_01059/traversing_pickup_dropoff/fc1b753d42145772/sledge_raw.gz,pedestrians,native_cache_directory,10,1,1,9,0,20,-19,10.003300666809082,,
fc1b753d42145772,traversing_pickup_dropoff,2021.06.30.13.52.24_veh-35_00328_01059,2021.06.30.13.52.24_veh-35_00328_01059/traversing_pickup_dropoff/fc1b753d42145772/sledge_raw.gz,static_objects,native_cache_directory,49,23,23,26,0,30,-7,34.04117202758789,,
f1001fc5c0315d3c,traversing_pickup_dropoff,2021.05.21.19.37.23_veh-27_00540_01163,2021.05.21.19.37.23_veh-27_00540_01163/traversing_pickup_dropoff/f1001fc5c0315d3c/sledge_raw.gz,vehicles,native_cache_directory,14,14,14,0,0,50,-36,39.18247985839844,,
f1001fc5c0315d3c,traversing_pickup_dropoff,2021.05.21.19.37.23_veh-27_00540_01163,2021.05.21.19.37.23_veh-27_00540_01163/traversing_pickup_dropoff/f1001fc5c0315d3c/sledge_raw.gz,pedestrians,native_cache_directory,6,3,3,3,0,20,-17,13.31798267364502,,
f1001fc5c0315d3c,traversing_pickup_dropoff,2021.05.21.19.37.23_veh-27_00540_01163,2021.05.21.19.37.23_veh-27_00540_01163/traversing_pickup_dropoff/f1001fc5c0315d3c/sledge_raw.gz,static_objects,native_cache_directory,43,43,30,0,13,30,13,19.525474548339844,19.540315628051758,0.014841079711914062
600553fc58cb5287,traversing_pickup_dropoff,2021.07.24.16.51.13_veh-26_01241_01864,2021.07.24.16.51.13_veh-26_01241_01864/traversing_pickup_dropoff/600553fc58cb5287/sledge_raw.gz,vehicles,native_cache_directory,13,8,8,5,0,50,-42,32.039676666259766,,
600553fc58cb5287,traversing_pickup_dropoff,2021.07.24.16.51.13_veh-26_01241_01864,2021.07.24.16.51.13_veh-26_01241_01864/traversing_pickup_dropoff/600553fc58cb5287/sledge_raw.gz,pedestrians,native_cache_directory,27,17,17,10,0,20,-3,25.58425521850586,,
600553fc58cb5287,traversing_pickup_dropoff,2021.07.24.16.51.13_veh-26_01241_01864,2021.07.24.16.51.13_veh-26_01241_01864/traversing_pickup_dropoff/600553fc58cb5287/sledge_raw.gz,static_objects,native_cache_directory,35,26,26,9,0,30,-4,42.23944854736328,,
0867c8ce7f385ed1,traversing_pickup_dropoff,2021.06.29.16.22.56_veh-14_00015_01628,2021.06.29.16.22.56_veh-14_00015_01628/traversing_pickup_dropoff/0867c8ce7f385ed1/sledge_raw.gz,vehicles,native_cache_directory,11,8,8,3,0,50,-42,38.39643859863281,,
0867c8ce7f385ed1,traversing_pickup_dropoff,2021.06.29.16.22.56_veh-14_00015_01628,2021.06.29.16.22.56_veh-14_00015_01628/traversing_pickup_dropoff/0867c8ce7f385ed1/sledge_raw.gz,pedestrians,native_cache_directory,19,11,11,8,0,20,-9,34.34178924560547,,
0867c8ce7f385ed1,traversing_pickup_dropoff,2021.06.29.16.22.56_veh-14_00015_01628,2021.06.29.16.22.56_veh-14_00015_01628/traversing_pickup_dropoff/0867c8ce7f385ed1/sledge_raw.gz,static_objects,native_cache_directory,51,42,30,9,12,30,12,26.41487693786621,26.518823623657227,0.10394668579101562
e50a57c13356596a,traversing_pickup_dropoff,2021.07.26.01.22.11_veh-35_01863_02425,2021.07.26.01.22.11_veh-35_01863_02425/traversing_pickup_dropoff/e50a57c13356596a/sledge_raw.gz,vehicles,native_cache_directory,34,11,11,23,0,50,-39,33.43321990966797,,
e50a57c13356596a,traversing_pickup_dropoff,2021.07.26.01.22.11_veh-35_01863_02425,2021.07.26.01.22.11_veh-35_01863_02425/traversing_pickup_dropoff/e50a57c13356596a/sledge_raw.gz,pedestrians,native_cache_directory,149,107,20,42,87,20,87,11.383252143859863,11.433627128601074,0.05037498474121094
e50a57c13356596a,traversing_pickup_dropoff,2021.07.26.01.22.11_veh-35_01863_02425,2021.07.26.01.22.11_veh-35_01863_02425/traversing_pickup_dropoff/e50a57c13356596a/sledge_raw.gz,static_objects,native_cache_directory,102,38,30,64,8,30,8,26.798498153686523,27.204023361206055,0.40552520751953125
9f469687d1865f08,traversing_pickup_dropoff,2021.05.20.19.08.30_veh-35_01430_02093,2021.05.20.19.08.30_veh-35_01430_02093/traversing_pickup_dropoff/9f469687d1865f08/sledge_raw.gz,vehicles,native_cache_directory,14,8,8,6,0,50,-42,34.49120330810547,,
9f469687d1865f08,traversing_pickup_dropoff,2021.05.20.19.08.30_veh-35_01430_02093,2021.05.20.19.08.30_veh-35_01430_02093/traversing_pickup_dropoff/9f469687d1865f08/sledge_raw.gz,pedestrians,native_cache_directory,16,9,9,7,0,20,-11,38.85529708862305,,
9f469687d1865f08,traversing_pickup_dropoff,2021.05.20.19.08.30_veh-35_01430_02093,2021.05.20.19.08.30_veh-35_01430_02093/traversing_pickup_dropoff/9f469687d1865f08/sledge_raw.gz,static_objects,native_cache_directory,53,46,30,7,16,30,16,25.53362274169922,25.63796043395996,0.10433769226074219
d1c47750a7b552d0,traversing_pickup_dropoff,2021.06.23.20.00.35_veh-35_00130_00949,2021.06.23.20.00.35_veh-35_00130_00949/traversing_pickup_dropoff/d1c47750a7b552d0/sledge_raw.gz,vehicles,native_cache_directory,10,7,7,3,0,50,-43,30.65755844116211,,
d1c47750a7b552d0,traversing_pickup_dropoff,2021.06.23.20.00.35_veh-35_00130_00949,2021.06.23.20.00.35_veh-35_00130_00949/traversing_pickup_dropoff/d1c47750a7b552d0/sledge_raw.gz,pedestrians,native_cache_directory,16,11,11,5,0,20,-9,32.059471130371094,,
d1c47750a7b552d0,traversing_pickup_dropoff,2021.06.23.20.00.35_veh-35_00130_00949,2021.06.23.20.00.35_veh-35_00130_00949/traversing_pickup_dropoff/d1c47750a7b552d0/sledge_raw.gz,static_objects,native_cache_directory,29,23,23,6,0,30,-7,38.397544860839844,,
7c3503e91d4953ec,traversing_pickup_dropoff,2021.06.29.19.37.20_veh-26_00016_01863,2021.06.29.19.37.20_veh-26_00016_01863/traversing_pickup_dropoff/7c3503e91d4953ec/sledge_raw.gz,vehicles,native_cache_directory,10,6,6,4,0,50,-44,35.08316421508789,,
7c3503e91d4953ec,traversing_pickup_dropoff,2021.06.29.19.37.20_veh-26_00016_01863,2021.06.29.19.37.20_veh-26_00016_01863/traversing_pickup_dropoff/7c3503e91d4953ec/sledge_raw.gz,pedestrians,native_cache_directory,30,29,20,1,9,20,9,23.6882381439209,23.970035552978516,0.2817974090576172
7c3503e91d4953ec,traversing_pickup_dropoff,2021.06.29.19.37.20_veh-26_00016_01863,2021.06.29.19.37.20_veh-26_00016_01863/traversing_pickup_dropoff/7c3503e91d4953ec/sledge_raw.gz,static_objects,native_cache_directory,70,59,30,11,29,30,29,19.79075050354004,20.98756217956543,1.1968116760253906
bc154644b23b5904,traversing_pickup_dropoff,2021.07.24.20.02.23_veh-47_00005_00767,2021.07.24.20.02.23_veh-47_00005_00767/traversing_pickup_dropoff/bc154644b23b5904/sledge_raw.gz,vehicles,native_cache_directory,13,6,6,7,0,50,-44,38.54669189453125,,
bc154644b23b5904,traversing_pickup_dropoff,2021.07.24.20.02.23_veh-47_00005_00767,2021.07.24.20.02.23_veh-47_00005_00767/traversing_pickup_dropoff/bc154644b23b5904/sledge_raw.gz,pedestrians,native_cache_directory,16,9,9,7,0,20,-11,36.31790542602539,,
bc154644b23b5904,traversing_pickup_dropoff,2021.07.24.20.02.23_veh-47_00005_00767,2021.07.24.20.02.23_veh-47_00005_00767/traversing_pickup_dropoff/bc154644b23b5904/sledge_raw.gz,static_objects,native_cache_directory,25,23,23,2,0,30,-7,33.39594268798828,,
aefabf75ca395eae,traversing_pickup_dropoff,2021.06.24.18.12.52_veh-35_00005_00344,2021.06.24.18.12.52_veh-35_00005_00344/traversing_pickup_dropoff/aefabf75ca395eae/sledge_raw.gz,vehicles,native_cache_directory,27,10,10,17,0,50,-40,40.35158920288086,,
aefabf75ca395eae,traversing_pickup_dropoff,2021.06.24.18.12.52_veh-35_00005_00344,2021.06.24.18.12.52_veh-35_00005_00344/traversing_pickup_dropoff/aefabf75ca395eae/sledge_raw.gz,pedestrians,native_cache_directory,28,17,17,11,0,20,-3,29.35186195373535,,
aefabf75ca395eae,traversing_pickup_dropoff,2021.06.24.18.12.52_veh-35_00005_00344,2021.06.24.18.12.52_veh-35_00005_00344/traversing_pickup_dropoff/aefabf75ca395eae/sledge_raw.gz,static_objects,native_cache_directory,83,38,30,45,8,30,8,33.09843063354492,35.840301513671875,2.741870880126953
efa1d471a87d51b9,traversing_pickup_dropoff,2021.05.24.18.54.30_veh-25_04505_05004,2021.05.24.18.54.30_veh-25_04505_05004/traversing_pickup_dropoff/efa1d471a87d51b9/sledge_raw.gz,vehicles,native_cache_directory,24,15,15,9,0,50,-35,41.00122833251953,,
efa1d471a87d51b9,traversing_pickup_dropoff,2021.05.24.18.54.30_veh-25_04505_05004,2021.05.24.18.54.30_veh-25_04505_05004/traversing_pickup_dropoff/efa1d471a87d51b9/sledge_raw.gz,pedestrians,native_cache_directory,12,2,2,10,0,20,-18,28.091108322143555,,
efa1d471a87d51b9,traversing_pickup_dropoff,2021.05.24.18.54.30_veh-25_04505_05004,2021.05.24.18.54.30_veh-25_04505_05004/traversing_pickup_dropoff/efa1d471a87d51b9/sledge_raw.gz,static_objects,native_cache_directory,34,29,29,5,0,30,-1,41.16727828979492,,
0e8fb714dff85ae4,traversing_pickup_dropoff,2021.07.24.23.59.52_veh-12_07598_08663,2021.07.24.23.59.52_veh-12_07598_08663/traversing_pickup_dropoff/0e8fb714dff85ae4/sledge_raw.gz,vehicles,native_cache_directory,41,18,18,23,0,50,-32,32.67239761352539,,
0e8fb714dff85ae4,traversing_pickup_dropoff,2021.07.24.23.59.52_veh-12_07598_08663,2021.07.24.23.59.52_veh-12_07598_08663/traversing_pickup_dropoff/0e8fb714dff85ae4/sledge_raw.gz,pedestrians,native_cache_directory,20,0,0,20,0,20,-20,,,
0e8fb714dff85ae4,traversing_pickup_dropoff,2021.07.24.23.59.52_veh-12_07598_08663,2021.07.24.23.59.52_veh-12_07598_08663/traversing_pickup_dropoff/0e8fb714dff85ae4/sledge_raw.gz,static_objects,native_cache_directory,10,0,0,10,0,30,-30,,,
ca541807e98b5291,traversing_pickup_dropoff,2021.05.20.14.22.28_veh-30_03198_03518,2021.05.20.14.22.28_veh-30_03198_03518/traversing_pickup_dropoff/ca541807e98b5291/sledge_raw.gz,vehicles,native_cache_directory,26,11,11,15,0,50,-39,38.191158294677734,,
ca541807e98b5291,traversing_pickup_dropoff,2021.05.20.14.22.28_veh-30_03198_03518,2021.05.20.14.22.28_veh-30_03198_03518/traversing_pickup_dropoff/ca541807e98b5291/sledge_raw.gz,pedestrians,native_cache_directory,73,42,20,31,22,20,22,15.328581809997559,15.442004203796387,0.11342239379882812
ca541807e98b5291,traversing_pickup_dropoff,2021.05.20.14.22.28_veh-30_03198_03518,2021.05.20.14.22.28_veh-30_03198_03518/traversing_pickup_dropoff/ca541807e98b5291/sledge_raw.gz,static_objects,native_cache_directory,128,39,30,89,9,30,9,24.527666091918945,26.037403106689453,1.5097370147705078
d0aae08f4e685757,traversing_pickup_dropoff,2021.06.09.17.37.09_veh-12_00875_01204,2021.06.09.17.37.09_veh-12_00875_01204/traversing_pickup_dropoff/d0aae08f4e685757/sledge_raw.gz,vehicles,native_cache_directory,11,5,5,6,0,50,-45,39.385337829589844,,
d0aae08f4e685757,traversing_pickup_dropoff,2021.06.09.17.37.09_veh-12_00875_01204,2021.06.09.17.37.09_veh-12_00875_01204/traversing_pickup_dropoff/d0aae08f4e685757/sledge_raw.gz,pedestrians,native_cache_directory,23,13,13,10,0,20,-7,29.26069450378418,,
d0aae08f4e685757,traversing_pickup_dropoff,2021.06.09.17.37.09_veh-12_00875_01204,2021.06.09.17.37.09_veh-12_00875_01204/traversing_pickup_dropoff/d0aae08f4e685757/sledge_raw.gz,static_objects,native_cache_directory,71,58,30,13,28,30,28,23.979501724243164,24.516088485717773,0.5365867614746094
31dc7d09189c5d40,traversing_pickup_dropoff,2021.06.30.16.57.14_veh-12_05350_05949,2021.06.30.16.57.14_veh-12_05350_05949/traversing_pickup_dropoff/31dc7d09189c5d40/sledge_raw.gz,vehicles,native_cache_directory,18,10,10,8,0,50,-40,31.154817581176758,,
31dc7d09189c5d40,traversing_pickup_dropoff,2021.06.30.16.57.14_veh-12_05350_05949,2021.06.30.16.57.14_veh-12_05350_05949/traversing_pickup_dropoff/31dc7d09189c5d40/sledge_raw.gz,pedestrians,native_cache_directory,27,10,10,17,0,20,-10,40.46378707885742,,
31dc7d09189c5d40,traversing_pickup_dropoff,2021.06.30.16.57.14_veh-12_05350_05949,2021.06.30.16.57.14_veh-12_05350_05949/traversing_pickup_dropoff/31dc7d09189c5d40/sledge_raw.gz,static_objects,native_cache_directory,86,44,30,42,14,30,14,36.37914276123047,37.0724983215332,0.6933555603027344
8ab9c3b6325059ef,traversing_pickup_dropoff,2021.06.10.18.43.22_veh-16_02719_03772,2021.06.10.18.43.22_veh-16_02719_03772/traversing_pickup_dropoff/8ab9c3b6325059ef/sledge_raw.gz,vehicles,native_cache_directory,46,9,9,37,0,50,-41,34.69154357910156,,
8ab9c3b6325059ef,traversing_pickup_dropoff,2021.06.10.18.43.22_veh-16_02719_03772,2021.06.10.18.43.22_veh-16_02719_03772/traversing_pickup_dropoff/8ab9c3b6325059ef/sledge_raw.gz,pedestrians,native_cache_directory,149,63,20,86,43,20,43,17.34036636352539,17.577133178710938,0.23676681518554688
8ab9c3b6325059ef,traversing_pickup_dropoff,2021.06.10.18.43.22_veh-16_02719_03772,2021.06.10.18.43.22_veh-16_02719_03772/traversing_pickup_dropoff/8ab9c3b6325059ef/sledge_raw.gz,static_objects,native_cache_directory,122,44,30,78,14,30,14,19.04763412475586,19.445837020874023,0.39820289611816406
ae6dd7e7c6585863,traversing_pickup_dropoff,2021.07.15.21.19.31_veh-38_00017_00932,2021.07.15.21.19.31_veh-38_00017_00932/traversing_pickup_dropoff/ae6dd7e7c6585863/sledge_raw.gz,vehicles,native_cache_directory,6,1,1,5,0,50,-49,31.888023376464844,,
ae6dd7e7c6585863,traversing_pickup_dropoff,2021.07.15.21.19.31_veh-38_00017_00932,2021.07.15.21.19.31_veh-38_00017_00932/traversing_pickup_dropoff/ae6dd7e7c6585863/sledge_raw.gz,pedestrians,native_cache_directory,10,5,5,5,0,20,-15,34.903560638427734,,
ae6dd7e7c6585863,traversing_pickup_dropoff,2021.07.15.21.19.31_veh-38_00017_00932,2021.07.15.21.19.31_veh-38_00017_00932/traversing_pickup_dropoff/ae6dd7e7c6585863/sledge_raw.gz,static_objects,native_cache_directory,39,28,28,11,0,30,-2,32.38825607299805,,
dec4c10019b25197,traversing_pickup_dropoff,2021.06.01.18.56.11_veh-12_00066_00890,2021.06.01.18.56.11_veh-12_00066_00890/traversing_pickup_dropoff/dec4c10019b25197/sledge_raw.gz,vehicles,native_cache_directory,3,3,3,0,0,50,-47,32.92305374145508,,
dec4c10019b25197,traversing_pickup_dropoff,2021.06.01.18.56.11_veh-12_00066_00890,2021.06.01.18.56.11_veh-12_00066_00890/traversing_pickup_dropoff/dec4c10019b25197/sledge_raw.gz,pedestrians,native_cache_directory,11,8,8,3,0,20,-12,28.491382598876953,,
dec4c10019b25197,traversing_pickup_dropoff,2021.06.01.18.56.11_veh-12_00066_00890,2021.06.01.18.56.11_veh-12_00066_00890/traversing_pickup_dropoff/dec4c10019b25197/sledge_raw.gz,static_objects,native_cache_directory,27,23,23,4,0,30,-7,38.62604904174805,,
863d56bf84395ed0,traversing_pickup_dropoff,2021.05.18.12.34.13_veh-24_03431_03837,2021.05.18.12.34.13_veh-24_03431_03837/traversing_pickup_dropoff/863d56bf84395ed0/sledge_raw.gz,vehicles,native_cache_directory,7,4,4,3,0,50,-46,36.77093505859375,,
863d56bf84395ed0,traversing_pickup_dropoff,2021.05.18.12.34.13_veh-24_03431_03837,2021.05.18.12.34.13_veh-24_03431_03837/traversing_pickup_dropoff/863d56bf84395ed0/sledge_raw.gz,pedestrians,native_cache_directory,28,5,5,23,0,20,-15,38.896583557128906,,
863d56bf84395ed0,traversing_pickup_dropoff,2021.05.18.12.34.13_veh-24_03431_03837,2021.05.18.12.34.13_veh-24_03431_03837/traversing_pickup_dropoff/863d56bf84395ed0/sledge_raw.gz,static_objects,native_cache_directory,38,35,30,3,5,30,5,32.43716049194336,32.58013153076172,0.14297103881835938
174c866792df5c5b,traversing_pickup_dropoff,2021.07.14.23.51.56_veh-37_01589_03509,2021.07.14.23.51.56_veh-37_01589_03509/traversing_pickup_dropoff/174c866792df5c5b/sledge_raw.gz,vehicles,native_cache_directory,35,13,13,22,0,50,-37,40.852542877197266,,
174c866792df5c5b,traversing_pickup_dropoff,2021.07.14.23.51.56_veh-37_01589_03509,2021.07.14.23.51.56_veh-37_01589_03509/traversing_pickup_dropoff/174c866792df5c5b/sledge_raw.gz,pedestrians,native_cache_directory,40,12,12,28,0,20,-8,18.247150421142578,,
174c866792df5c5b,traversing_pickup_dropoff,2021.07.14.23.51.56_veh-37_01589_03509,2021.07.14.23.51.56_veh-37_01589_03509/traversing_pickup_dropoff/174c866792df5c5b/sledge_raw.gz,static_objects,native_cache_directory,86,31,30,55,1,30,1,35.16330337524414,38.44744873046875,3.2841453552246094
acf27d96887b53c2,traversing_pickup_dropoff,2021.06.07.13.42.27_veh-47_00299_00588,2021.06.07.13.42.27_veh-47_00299_00588/traversing_pickup_dropoff/acf27d96887b53c2/sledge_raw.gz,vehicles,native_cache_directory,9,4,4,5,0,50,-46,20.515544891357422,,
acf27d96887b53c2,traversing_pickup_dropoff,2021.06.07.13.42.27_veh-47_00299_00588,2021.06.07.13.42.27_veh-47_00299_00588/traversing_pickup_dropoff/acf27d96887b53c2/sledge_raw.gz,pedestrians,native_cache_directory,10,8,8,2,0,20,-12,27.856643676757812,,
acf27d96887b53c2,traversing_pickup_dropoff,2021.06.07.13.42.27_veh-47_00299_00588,2021.06.07.13.42.27_veh-47_00299_00588/traversing_pickup_dropoff/acf27d96887b53c2/sledge_raw.gz,static_objects,native_cache_directory,67,45,30,22,15,30,15,22.344703674316406,22.58881378173828,0.244110107421875
4a531092dec05777,traversing_pickup_dropoff,2021.06.21.20.58.30_veh-47_00447_02056,2021.06.21.20.58.30_veh-47_00447_02056/traversing_pickup_dropoff/4a531092dec05777/sledge_raw.gz,vehicles,native_cache_directory,24,18,18,6,0,50,-32,42.68675231933594,,
4a531092dec05777,traversing_pickup_dropoff,2021.06.21.20.58.30_veh-47_00447_02056,2021.06.21.20.58.30_veh-47_00447_02056/traversing_pickup_dropoff/4a531092dec05777/sledge_raw.gz,pedestrians,native_cache_directory,30,29,20,1,9,20,9,26.218942642211914,26.546344757080078,0.32740211486816406
4a531092dec05777,traversing_pickup_dropoff,2021.06.21.20.58.30_veh-47_00447_02056,2021.06.21.20.58.30_veh-47_00447_02056/traversing_pickup_dropoff/4a531092dec05777/sledge_raw.gz,static_objects,native_cache_directory,35,27,27,8,0,30,-3,35.022682189941406,,
944795e988bf576d,traversing_pickup_dropoff,2021.05.24.14.25.02_veh-47_02220_03099,2021.05.24.14.25.02_veh-47_02220_03099/traversing_pickup_dropoff/944795e988bf576d/sledge_raw.gz,vehicles,native_cache_directory,3,2,2,1,0,50,-48,23.213605880737305,,
944795e988bf576d,traversing_pickup_dropoff,2021.05.24.14.25.02_veh-47_02220_03099,2021.05.24.14.25.02_veh-47_02220_03099/traversing_pickup_dropoff/944795e988bf576d/sledge_raw.gz,pedestrians,native_cache_directory,15,6,6,9,0,20,-14,41.60942077636719,,
944795e988bf576d,traversing_pickup_dropoff,2021.05.24.14.25.02_veh-47_02220_03099,2021.05.24.14.25.02_veh-47_02220_03099/traversing_pickup_dropoff/944795e988bf576d/sledge_raw.gz,static_objects,native_cache_directory,42,34,30,8,4,30,4,32.533843994140625,32.64276885986328,0.10892486572265625
bb089b1d9aa153c9,traversing_pickup_dropoff,2021.06.24.21.57.34_veh-47_00802_02463,2021.06.24.21.57.34_veh-47_00802_02463/traversing_pickup_dropoff/bb089b1d9aa153c9/sledge_raw.gz,vehicles,native_cache_directory,13,7,7,6,0,50,-43,36.44312286376953,,
bb089b1d9aa153c9,traversing_pickup_dropoff,2021.06.24.21.57.34_veh-47_00802_02463,2021.06.24.21.57.34_veh-47_00802_02463/traversing_pickup_dropoff/bb089b1d9aa153c9/sledge_raw.gz,pedestrians,native_cache_directory,11,7,7,4,0,20,-13,32.52223205566406,,
bb089b1d9aa153c9,traversing_pickup_dropoff,2021.06.24.21.57.34_veh-47_00802_02463,2021.06.24.21.57.34_veh-47_00802_02463/traversing_pickup_dropoff/bb089b1d9aa153c9/sledge_raw.gz,static_objects,native_cache_directory,38,34,30,4,4,30,4,31.769315719604492,32.060020446777344,0.29070472717285156
63072b0dabc558ae,traversing_pickup_dropoff,2021.06.30.17.20.09_veh-35_04150_05364,2021.06.30.17.20.09_veh-35_04150_05364/traversing_pickup_dropoff/63072b0dabc558ae/sledge_raw.gz,vehicles,native_cache_directory,36,16,16,20,0,50,-34,41.606441497802734,,
63072b0dabc558ae,traversing_pickup_dropoff,2021.06.30.17.20.09_veh-35_04150_05364,2021.06.30.17.20.09_veh-35_04150_05364/traversing_pickup_dropoff/63072b0dabc558ae/sledge_raw.gz,pedestrians,native_cache_directory,83,59,20,24,39,20,39,13.769148826599121,13.854888916015625,0.0857400894165039
63072b0dabc558ae,traversing_pickup_dropoff,2021.06.30.17.20.09_veh-35_04150_05364,2021.06.30.17.20.09_veh-35_04150_05364/traversing_pickup_dropoff/63072b0dabc558ae/sledge_raw.gz,static_objects,native_cache_directory,145,51,30,94,21,30,21,17.876623153686523,19.344484329223633,1.4678611755371094
f77e783ce0f753e6,traversing_pickup_dropoff,2021.06.01.17.27.29_veh-47_05184_05397,2021.06.01.17.27.29_veh-47_05184_05397/traversing_pickup_dropoff/f77e783ce0f753e6/sledge_raw.gz,vehicles,native_cache_directory,31,5,5,26,0,50,-45,39.20583724975586,,
f77e783ce0f753e6,traversing_pickup_dropoff,2021.06.01.17.27.29_veh-47_05184_05397,2021.06.01.17.27.29_veh-47_05184_05397/traversing_pickup_dropoff/f77e783ce0f753e6/sledge_raw.gz,pedestrians,native_cache_directory,70,56,20,14,36,20,36,14.564125061035156,15.262667655944824,0.698542594909668
f77e783ce0f753e6,traversing_pickup_dropoff,2021.06.01.17.27.29_veh-47_05184_05397,2021.06.01.17.27.29_veh-47_05184_05397/traversing_pickup_dropoff/f77e783ce0f753e6/sledge_raw.gz,static_objects,native_cache_directory,153,53,30,100,23,30,23,20.117393493652344,20.348472595214844,0.2310791015625
732ded110cc754e9,traversing_pickup_dropoff,2021.07.23.00.42.43_veh-35_05846_07323,2021.07.23.00.42.43_veh-35_05846_07323/traversing_pickup_dropoff/732ded110cc754e9/sledge_raw.gz,vehicles,native_cache_directory,15,5,5,10,0,50,-45,26.90479278564453,,
732ded110cc754e9,traversing_pickup_dropoff,2021.07.23.00.42.43_veh-35_05846_07323,2021.07.23.00.42.43_veh-35_05846_07323/traversing_pickup_dropoff/732ded110cc754e9/sledge_raw.gz,pedestrians,native_cache_directory,12,9,9,3,0,20,-11,15.031357765197754,,
732ded110cc754e9,traversing_pickup_dropoff,2021.07.23.00.42.43_veh-35_05846_07323,2021.07.23.00.42.43_veh-35_05846_07323/traversing_pickup_dropoff/732ded110cc754e9/sledge_raw.gz,static_objects,native_cache_directory,56,15,15,41,0,30,-15,26.891698837280273,,
903ee8fc3075595d,traversing_pickup_dropoff,2021.06.24.17.25.34_veh-16_02104_03070,2021.06.24.17.25.34_veh-16_02104_03070/traversing_pickup_dropoff/903ee8fc3075595d/sledge_raw.gz,vehicles,native_cache_directory,21,10,10,11,0,50,-40,37.50685119628906,,
903ee8fc3075595d,traversing_pickup_dropoff,2021.06.24.17.25.34_veh-16_02104_03070,2021.06.24.17.25.34_veh-16_02104_03070/traversing_pickup_dropoff/903ee8fc3075595d/sledge_raw.gz,pedestrians,native_cache_directory,12,2,2,10,0,20,-18,23.40260887145996,,
903ee8fc3075595d,traversing_pickup_dropoff,2021.06.24.17.25.34_veh-16_02104_03070,2021.06.24.17.25.34_veh-16_02104_03070/traversing_pickup_dropoff/903ee8fc3075595d/sledge_raw.gz,static_objects,native_cache_directory,82,25,25,57,0,30,-5,35.11235427856445,,
2769ca89a6c656b4,traversing_pickup_dropoff,2021.07.09.18.57.22_veh-37_02713_03560,2021.07.09.18.57.22_veh-37_02713_03560/traversing_pickup_dropoff/2769ca89a6c656b4/sledge_raw.gz,vehicles,native_cache_directory,35,12,12,23,0,50,-38,40.042686462402344,,
2769ca89a6c656b4,traversing_pickup_dropoff,2021.07.09.18.57.22_veh-37_02713_03560,2021.07.09.18.57.22_veh-37_02713_03560/traversing_pickup_dropoff/2769ca89a6c656b4/sledge_raw.gz,pedestrians,native_cache_directory,37,17,17,20,0,20,-3,29.867029190063477,,
2769ca89a6c656b4,traversing_pickup_dropoff,2021.07.09.18.57.22_veh-37_02713_03560,2021.07.09.18.57.22_veh-37_02713_03560/traversing_pickup_dropoff/2769ca89a6c656b4/sledge_raw.gz,static_objects,native_cache_directory,86,43,30,43,13,30,13,27.934226989746094,28.23819351196289,0.3039665222167969
672c1af2702d55a2,traversing_pickup_dropoff,2021.06.07.13.53.57_veh-35_03332_03909,2021.06.07.13.53.57_veh-35_03332_03909/traversing_pickup_dropoff/672c1af2702d55a2/sledge_raw.gz,vehicles,native_cache_directory,24,8,8,16,0,50,-42,31.065185546875,,
672c1af2702d55a2,traversing_pickup_dropoff,2021.06.07.13.53.57_veh-35_03332_03909,2021.06.07.13.53.57_veh-35_03332_03909/traversing_pickup_dropoff/672c1af2702d55a2/sledge_raw.gz,pedestrians,native_cache_directory,10,8,8,2,0,20,-12,38.0463752746582,,
672c1af2702d55a2,traversing_pickup_dropoff,2021.06.07.13.53.57_veh-35_03332_03909,2021.06.07.13.53.57_veh-35_03332_03909/traversing_pickup_dropoff/672c1af2702d55a2/sledge_raw.gz,static_objects,native_cache_directory,46,20,20,26,0,30,-10,35.61970901489258,,
699f8adb242457b7,traversing_pickup_dropoff,2021.05.18.12.34.13_veh-24_01992_02684,2021.05.18.12.34.13_veh-24_01992_02684/traversing_pickup_dropoff/699f8adb242457b7/sledge_raw.gz,vehicles,native_cache_directory,31,13,13,18,0,50,-37,40.554141998291016,,
699f8adb242457b7,traversing_pickup_dropoff,2021.05.18.12.34.13_veh-24_01992_02684,2021.05.18.12.34.13_veh-24_01992_02684/traversing_pickup_dropoff/699f8adb242457b7/sledge_raw.gz,pedestrians,native_cache_directory,59,47,20,12,27,20,27,14.845056533813477,15.182881355285645,0.33782482147216797
699f8adb242457b7,traversing_pickup_dropoff,2021.05.18.12.34.13_veh-24_01992_02684,2021.05.18.12.34.13_veh-24_01992_02684/traversing_pickup_dropoff/699f8adb242457b7/sledge_raw.gz,static_objects,native_cache_directory,156,51,30,105,21,30,21,20.471878051757812,20.71015739440918,0.2382793426513672
2bd8ec1c56265c0a,traversing_pickup_dropoff,2021.06.10.12.24.07_veh-12_01827_02180,2021.06.10.12.24.07_veh-12_01827_02180/traversing_pickup_dropoff/2bd8ec1c56265c0a/sledge_raw.gz,vehicles,native_cache_directory,21,13,13,8,0,50,-37,39.2461051940918,,
2bd8ec1c56265c0a,traversing_pickup_dropoff,2021.06.10.12.24.07_veh-12_01827_02180,2021.06.10.12.24.07_veh-12_01827_02180/traversing_pickup_dropoff/2bd8ec1c56265c0a/sledge_raw.gz,pedestrians,native_cache_directory,42,19,19,23,0,20,-1,33.84962844848633,,
2bd8ec1c56265c0a,traversing_pickup_dropoff,2021.06.10.12.24.07_veh-12_01827_02180,2021.06.10.12.24.07_veh-12_01827_02180/traversing_pickup_dropoff/2bd8ec1c56265c0a/sledge_raw.gz,static_objects,native_cache_directory,40,19,19,21,0,30,-11,36.66611099243164,,
ab8e66d6b3c95079,traversing_pickup_dropoff,2021.07.22.17.54.22_veh-17_00016_02153,2021.07.22.17.54.22_veh-17_00016_02153/traversing_pickup_dropoff/ab8e66d6b3c95079/sledge_raw.gz,vehicles,native_cache_directory,17,6,6,11,0,50,-44,26.28139305114746,,
ab8e66d6b3c95079,traversing_pickup_dropoff,2021.07.22.17.54.22_veh-17_00016_02153,2021.07.22.17.54.22_veh-17_00016_02153/traversing_pickup_dropoff/ab8e66d6b3c95079/sledge_raw.gz,pedestrians,native_cache_directory,14,10,10,4,0,20,-10,31.517690658569336,,
ab8e66d6b3c95079,traversing_pickup_dropoff,2021.07.22.17.54.22_veh-17_00016_02153,2021.07.22.17.54.22_veh-17_00016_02153/traversing_pickup_dropoff/ab8e66d6b3c95079/sledge_raw.gz,static_objects,native_cache_directory,33,25,25,8,0,30,-5,39.894203186035156,,
70f72312af8356de,traversing_pickup_dropoff,2021.06.21.18.10.43_veh-47_00027_01293,2021.06.21.18.10.43_veh-47_00027_01293/traversing_pickup_dropoff/70f72312af8356de/sledge_raw.gz,vehicles,native_cache_directory,11,10,10,1,0,50,-40,34.48759460449219,,
70f72312af8356de,traversing_pickup_dropoff,2021.06.21.18.10.43_veh-47_00027_01293,2021.06.21.18.10.43_veh-47_00027_01293/traversing_pickup_dropoff/70f72312af8356de/sledge_raw.gz,pedestrians,native_cache_directory,42,27,20,15,7,20,7,30.17529296875,30.460769653320312,0.2854766845703125
70f72312af8356de,traversing_pickup_dropoff,2021.06.21.18.10.43_veh-47_00027_01293,2021.06.21.18.10.43_veh-47_00027_01293/traversing_pickup_dropoff/70f72312af8356de/sledge_raw.gz,static_objects,native_cache_directory,46,35,30,11,5,30,5,20.973209381103516,21.812549591064453,0.8393402099609375
460cfe89cd9756d0,traversing_pickup_dropoff,2021.07.15.21.07.10_veh-12_05823_06549,2021.07.15.21.07.10_veh-12_05823_06549/traversing_pickup_dropoff/460cfe89cd9756d0/sledge_raw.gz,vehicles,native_cache_directory,38,13,13,25,0,50,-37,35.1494026184082,,
460cfe89cd9756d0,traversing_pickup_dropoff,2021.07.15.21.07.10_veh-12_05823_06549,2021.07.15.21.07.10_veh-12_05823_06549/traversing_pickup_dropoff/460cfe89cd9756d0/sledge_raw.gz,pedestrians,native_cache_directory,131,66,20,65,46,20,46,13.123876571655273,13.241127014160156,0.11725044250488281
460cfe89cd9756d0,traversing_pickup_dropoff,2021.07.15.21.07.10_veh-12_05823_06549,2021.07.15.21.07.10_veh-12_05823_06549/traversing_pickup_dropoff/460cfe89cd9756d0/sledge_raw.gz,static_objects,native_cache_directory,104,37,30,67,7,30,7,24.09862518310547,24.22039031982422,0.12176513671875
4f3c3d0684f150eb,traversing_pickup_dropoff,2021.07.17.19.14.24_veh-12_02246_02659,2021.07.17.19.14.24_veh-12_02246_02659/traversing_pickup_dropoff/4f3c3d0684f150eb/sledge_raw.gz,vehicles,native_cache_directory,11,2,2,9,0,50,-48,24.536834716796875,,
4f3c3d0684f150eb,traversing_pickup_dropoff,2021.07.17.19.14.24_veh-12_02246_02659,2021.07.17.19.14.24_veh-12_02246_02659/traversing_pickup_dropoff/4f3c3d0684f150eb/sledge_raw.gz,pedestrians,native_cache_directory,9,8,8,1,0,20,-12,23.424543380737305,,
4f3c3d0684f150eb,traversing_pickup_dropoff,2021.07.17.19.14.24_veh-12_02246_02659,2021.07.17.19.14.24_veh-12_02246_02659/traversing_pickup_dropoff/4f3c3d0684f150eb/sledge_raw.gz,static_objects,native_cache_directory,20,2,2,18,0,30,-28,25.455303192138672,,
12ce910d76e65082,traversing_pickup_dropoff,2021.06.07.11.59.52_veh-35_00765_01072,2021.06.07.11.59.52_veh-35_00765_01072/traversing_pickup_dropoff/12ce910d76e65082/sledge_raw.gz,vehicles,native_cache_directory,13,9,9,4,0,50,-41,36.35499954223633,,
12ce910d76e65082,traversing_pickup_dropoff,2021.06.07.11.59.52_veh-35_00765_01072,2021.06.07.11.59.52_veh-35_00765_01072/traversing_pickup_dropoff/12ce910d76e65082/sledge_raw.gz,pedestrians,native_cache_directory,9,6,6,3,0,20,-14,29.615873336791992,,
12ce910d76e65082,traversing_pickup_dropoff,2021.06.07.11.59.52_veh-35_00765_01072,2021.06.07.11.59.52_veh-35_00765_01072/traversing_pickup_dropoff/12ce910d76e65082/sledge_raw.gz,static_objects,native_cache_directory,44,33,30,11,3,30,3,35.46568298339844,36.63223648071289,1.1665534973144531
210d3cf244c95329,traversing_pickup_dropoff,2021.06.02.12.49.42_veh-38_04866_05071,2021.06.02.12.49.42_veh-38_04866_05071/traversing_pickup_dropoff/210d3cf244c95329/sledge_raw.gz,vehicles,native_cache_directory,34,18,18,16,0,50,-32,31.39015007019043,,
210d3cf244c95329,traversing_pickup_dropoff,2021.06.02.12.49.42_veh-38_04866_05071,2021.06.02.12.49.42_veh-38_04866_05071/traversing_pickup_dropoff/210d3cf244c95329/sledge_raw.gz,pedestrians,native_cache_directory,32,24,20,8,4,20,4,19.30817985534668,22.139785766601562,2.831605911254883
210d3cf244c95329,traversing_pickup_dropoff,2021.06.02.12.49.42_veh-38_04866_05071,2021.06.02.12.49.42_veh-38_04866_05071/traversing_pickup_dropoff/210d3cf244c95329/sledge_raw.gz,static_objects,native_cache_directory,143,55,30,88,25,30,25,23.0881290435791,23.271869659423828,0.18374061584472656
ba2fcaa80e9b5c0a,traversing_pickup_dropoff,2021.06.01.13.47.32_veh-35_02624_03019,2021.06.01.13.47.32_veh-35_02624_03019/traversing_pickup_dropoff/ba2fcaa80e9b5c0a/sledge_raw.gz,vehicles,native_cache_directory,3,1,1,2,0,50,-49,23.2528018951416,,
ba2fcaa80e9b5c0a,traversing_pickup_dropoff,2021.06.01.13.47.32_veh-35_02624_03019,2021.06.01.13.47.32_veh-35_02624_03019/traversing_pickup_dropoff/ba2fcaa80e9b5c0a/sledge_raw.gz,pedestrians,native_cache_directory,1,1,1,0,0,20,-19,8.947251319885254,,
ba2fcaa80e9b5c0a,traversing_pickup_dropoff,2021.06.01.13.47.32_veh-35_02624_03019,2021.06.01.13.47.32_veh-35_02624_03019/traversing_pickup_dropoff/ba2fcaa80e9b5c0a/sledge_raw.gz,static_objects,native_cache_directory,24,3,3,21,0,30,-27,20.186574935913086,,
0e61901473515f5e,traversing_pickup_dropoff,2021.07.16.00.51.05_veh-17_00023_01331,2021.07.16.00.51.05_veh-17_00023_01331/traversing_pickup_dropoff/0e61901473515f5e/sledge_raw.gz,vehicles,native_cache_directory,22,10,10,12,0,50,-40,42.23272705078125,,
0e61901473515f5e,traversing_pickup_dropoff,2021.07.16.00.51.05_veh-17_00023_01331,2021.07.16.00.51.05_veh-17_00023_01331/traversing_pickup_dropoff/0e61901473515f5e/sledge_raw.gz,pedestrians,native_cache_directory,36,19,19,17,0,20,-1,35.4176139831543,,
0e61901473515f5e,traversing_pickup_dropoff,2021.07.16.00.51.05_veh-17_00023_01331,2021.07.16.00.51.05_veh-17_00023_01331/traversing_pickup_dropoff/0e61901473515f5e/sledge_raw.gz,static_objects,native_cache_directory,38,32,30,6,2,30,2,31.61651611328125,35.86582565307617,4.249309539794922
415ad6c0fece5394,traversing_pickup_dropoff,2021.07.02.16.47.20_veh-12_00333_00995,2021.07.02.16.47.20_veh-12_00333_00995/traversing_pickup_dropoff/415ad6c0fece5394/sledge_raw.gz,vehicles,native_cache_directory,2,0,0,2,0,50,-50,,,
415ad6c0fece5394,traversing_pickup_dropoff,2021.07.02.16.47.20_veh-12_00333_00995,2021.07.02.16.47.20_veh-12_00333_00995/traversing_pickup_dropoff/415ad6c0fece5394/sledge_raw.gz,pedestrians,native_cache_directory,1,1,1,0,0,20,-19,19.197303771972656,,
415ad6c0fece5394,traversing_pickup_dropoff,2021.07.02.16.47.20_veh-12_00333_00995,2021.07.02.16.47.20_veh-12_00333_00995/traversing_pickup_dropoff/415ad6c0fece5394/sledge_raw.gz,static_objects,native_cache_directory,21,3,3,18,0,30,-27,24.956966400146484,,
6f835155a49555ef,traversing_pickup_dropoff,2021.07.09.23.23.48_veh-26_01454_02217,2021.07.09.23.23.48_veh-26_01454_02217/traversing_pickup_dropoff/6f835155a49555ef/sledge_raw.gz,vehicles,native_cache_directory,38,18,18,20,0,50,-32,43.60224533081055,,
6f835155a49555ef,traversing_pickup_dropoff,2021.07.09.23.23.48_veh-26_01454_02217,2021.07.09.23.23.48_veh-26_01454_02217/traversing_pickup_dropoff/6f835155a49555ef/sledge_raw.gz,pedestrians,native_cache_directory,3,1,1,2,0,20,-19,26.371376037597656,,
6f835155a49555ef,traversing_pickup_dropoff,2021.07.09.23.23.48_veh-26_01454_02217,2021.07.09.23.23.48_veh-26_01454_02217/traversing_pickup_dropoff/6f835155a49555ef/sledge_raw.gz,static_objects,native_cache_directory,107,47,30,60,17,30,17,30.51837158203125,30.64228057861328,0.12390899658203125
e47d5b46334453bc,traversing_pickup_dropoff,2021.06.11.16.44.04_veh-12_04599_05127,2021.06.11.16.44.04_veh-12_04599_05127/traversing_pickup_dropoff/e47d5b46334453bc/sledge_raw.gz,vehicles,native_cache_directory,27,20,20,7,0,50,-30,38.165157318115234,,
e47d5b46334453bc,traversing_pickup_dropoff,2021.06.11.16.44.04_veh-12_04599_05127,2021.06.11.16.44.04_veh-12_04599_05127/traversing_pickup_dropoff/e47d5b46334453bc/sledge_raw.gz,pedestrians,native_cache_directory,17,7,7,10,0,20,-13,29.60854721069336,,
e47d5b46334453bc,traversing_pickup_dropoff,2021.06.11.16.44.04_veh-12_04599_05127,2021.06.11.16.44.04_veh-12_04599_05127/traversing_pickup_dropoff/e47d5b46334453bc/sledge_raw.gz,static_objects,native_cache_directory,39,36,30,3,6,30,6,22.340198516845703,22.67379379272461,0.33359527587890625
12f4d90067c75240,traversing_pickup_dropoff,2021.07.06.20.58.06_veh-14_00022_00260,2021.07.06.20.58.06_veh-14_00022_00260/traversing_pickup_dropoff/12f4d90067c75240/sledge_raw.gz,vehicles,native_cache_directory,25,7,7,18,0,50,-43,39.805973052978516,,
12f4d90067c75240,traversing_pickup_dropoff,2021.07.06.20.58.06_veh-14_00022_00260,2021.07.06.20.58.06_veh-14_00022_00260/traversing_pickup_dropoff/12f4d90067c75240/sledge_raw.gz,pedestrians,native_cache_directory,20,6,6,14,0,20,-14,22.09943962097168,,
12f4d90067c75240,traversing_pickup_dropoff,2021.07.06.20.58.06_veh-14_00022_00260,2021.07.06.20.58.06_veh-14_00022_00260/traversing_pickup_dropoff/12f4d90067c75240/sledge_raw.gz,static_objects,native_cache_directory,82,39,30,43,9,30,9,32.2166862487793,32.76393127441406,0.5472450256347656
4b03cbeba9325c4f,traversing_pickup_dropoff,2021.06.29.20.11.27_veh-38_01839_02800,2021.06.29.20.11.27_veh-38_01839_02800/traversing_pickup_dropoff/4b03cbeba9325c4f/sledge_raw.gz,vehicles,native_cache_directory,10,5,5,5,0,50,-45,23.761924743652344,,
4b03cbeba9325c4f,traversing_pickup_dropoff,2021.06.29.20.11.27_veh-38_01839_02800,2021.06.29.20.11.27_veh-38_01839_02800/traversing_pickup_dropoff/4b03cbeba9325c4f/sledge_raw.gz,pedestrians,native_cache_directory,7,0,0,7,0,20,-20,,,
4b03cbeba9325c4f,traversing_pickup_dropoff,2021.06.29.20.11.27_veh-38_01839_02800,2021.06.29.20.11.27_veh-38_01839_02800/traversing_pickup_dropoff/4b03cbeba9325c4f/sledge_raw.gz,static_objects,native_cache_directory,158,43,30,115,13,30,13,22.717853546142578,22.791967391967773,0.07411384582519531
8e1212870c6e5897,traversing_pickup_dropoff,2021.06.09.18.23.43_veh-35_03967_05057,2021.06.09.18.23.43_veh-35_03967_05057/traversing_pickup_dropoff/8e1212870c6e5897/sledge_raw.gz,vehicles,native_cache_directory,10,6,6,4,0,50,-44,38.52224349975586,,
8e1212870c6e5897,traversing_pickup_dropoff,2021.06.09.18.23.43_veh-35_03967_05057,2021.06.09.18.23.43_veh-35_03967_05057/traversing_pickup_dropoff/8e1212870c6e5897/sledge_raw.gz,pedestrians,native_cache_directory,13,7,7,6,0,20,-13,37.158912658691406,,
8e1212870c6e5897,traversing_pickup_dropoff,2021.06.09.18.23.43_veh-35_03967_05057,2021.06.09.18.23.43_veh-35_03967_05057/traversing_pickup_dropoff/8e1212870c6e5897/sledge_raw.gz,static_objects,native_cache_directory,47,20,20,27,0,30,-10,40.24349594116211,,
1b8c738d48e55559,traversing_pickup_dropoff,2021.07.21.00.57.59_veh-47_01856_02500,2021.07.21.00.57.59_veh-47_01856_02500/traversing_pickup_dropoff/1b8c738d48e55559/sledge_raw.gz,vehicles,native_cache_directory,13,9,9,4,0,50,-41,31.561325073242188,,
1b8c738d48e55559,traversing_pickup_dropoff,2021.07.21.00.57.59_veh-47_01856_02500,2021.07.21.00.57.59_veh-47_01856_02500/traversing_pickup_dropoff/1b8c738d48e55559/sledge_raw.gz,pedestrians,native_cache_directory,14,0,0,14,0,20,-20,,,
1b8c738d48e55559,traversing_pickup_dropoff,2021.07.21.00.57.59_veh-47_01856_02500,2021.07.21.00.57.59_veh-47_01856_02500/traversing_pickup_dropoff/1b8c738d48e55559/sledge_raw.gz,static_objects,native_cache_directory,54,51,30,3,21,30,21,14.999384880065918,15.23484992980957,0.23546504974365234
c309a60d8dbd5dde,traversing_pickup_dropoff,2021.06.10.11.53.36_veh-26_03346_04002,2021.06.10.11.53.36_veh-26_03346_04002/traversing_pickup_dropoff/c309a60d8dbd5dde/sledge_raw.gz,vehicles,native_cache_directory,40,12,12,28,0,50,-38,33.949005126953125,,
c309a60d8dbd5dde,traversing_pickup_dropoff,2021.06.10.11.53.36_veh-26_03346_04002,2021.06.10.11.53.36_veh-26_03346_04002/traversing_pickup_dropoff/c309a60d8dbd5dde/sledge_raw.gz,pedestrians,native_cache_directory,2,0,0,2,0,20,-20,,,
c309a60d8dbd5dde,traversing_pickup_dropoff,2021.06.10.11.53.36_veh-26_03346_04002,2021.06.10.11.53.36_veh-26_03346_04002/traversing_pickup_dropoff/c309a60d8dbd5dde/sledge_raw.gz,static_objects,native_cache_directory,13,4,4,9,0,30,-26,16.596956253051758,,
64aca6b154aa539a,traversing_pickup_dropoff,2021.07.21.18.06.16_veh-38_00015_00361,2021.07.21.18.06.16_veh-38_00015_00361/traversing_pickup_dropoff/64aca6b154aa539a/sledge_raw.gz,vehicles,native_cache_directory,8,4,4,4,0,50,-46,40.920650482177734,,
64aca6b154aa539a,traversing_pickup_dropoff,2021.07.21.18.06.16_veh-38_00015_00361,2021.07.21.18.06.16_veh-38_00015_00361/traversing_pickup_dropoff/64aca6b154aa539a/sledge_raw.gz,pedestrians,native_cache_directory,34,25,20,9,5,20,5,18.208084106445312,20.574743270874023,2.366659164428711
64aca6b154aa539a,traversing_pickup_dropoff,2021.07.21.18.06.16_veh-38_00015_00361,2021.07.21.18.06.16_veh-38_00015_00361/traversing_pickup_dropoff/64aca6b154aa539a/sledge_raw.gz,static_objects,native_cache_directory,83,62,30,21,32,30,32,15.035738945007324,15.30494499206543,0.26920604705810547
35e02139c5cf5f33,traversing_pickup_dropoff,2021.06.14.14.03.45_veh-38_03180_03766,2021.06.14.14.03.45_veh-38_03180_03766/traversing_pickup_dropoff/35e02139c5cf5f33/sledge_raw.gz,vehicles,native_cache_directory,7,6,6,1,0,50,-44,27.220048904418945,,
35e02139c5cf5f33,traversing_pickup_dropoff,2021.06.14.14.03.45_veh-38_03180_03766,2021.06.14.14.03.45_veh-38_03180_03766/traversing_pickup_dropoff/35e02139c5cf5f33/sledge_raw.gz,pedestrians,native_cache_directory,27,25,20,2,5,20,5,21.093576431274414,23.835737228393555,2.7421607971191406
35e02139c5cf5f33,traversing_pickup_dropoff,2021.06.14.14.03.45_veh-38_03180_03766,2021.06.14.14.03.45_veh-38_03180_03766/traversing_pickup_dropoff/35e02139c5cf5f33/sledge_raw.gz,static_objects,native_cache_directory,74,52,30,22,22,30,22,17.663026809692383,17.802953720092773,0.13992691040039062
2d1a7afbfe535459,traversing_pickup_dropoff,2021.06.14.13.28.41_veh-12_00169_00783,2021.06.14.13.28.41_veh-12_00169_00783/traversing_pickup_dropoff/2d1a7afbfe535459/sledge_raw.gz,vehicles,native_cache_directory,30,13,13,17,0,50,-37,41.47356033325195,,
2d1a7afbfe535459,traversing_pickup_dropoff,2021.06.14.13.28.41_veh-12_00169_00783,2021.06.14.13.28.41_veh-12_00169_00783/traversing_pickup_dropoff/2d1a7afbfe535459/sledge_raw.gz,pedestrians,native_cache_directory,45,30,20,15,10,20,10,16.034988403320312,16.12815284729004,0.09316444396972656
2d1a7afbfe535459,traversing_pickup_dropoff,2021.06.14.13.28.41_veh-12_00169_00783,2021.06.14.13.28.41_veh-12_00169_00783/traversing_pickup_dropoff/2d1a7afbfe535459/sledge_raw.gz,static_objects,native_cache_directory,113,41,30,72,11,30,11,26.495086669921875,26.847042083740234,0.3519554138183594
4b67b797150a53fb,traversing_pickup_dropoff,2021.07.24.00.12.51_veh-37_03485_04947,2021.07.24.00.12.51_veh-37_03485_04947/traversing_pickup_dropoff/4b67b797150a53fb/sledge_raw.gz,vehicles,native_cache_directory,41,11,11,30,0,50,-39,38.64243698120117,,
4b67b797150a53fb,traversing_pickup_dropoff,2021.07.24.00.12.51_veh-37_03485_04947,2021.07.24.00.12.51_veh-37_03485_04947/traversing_pickup_dropoff/4b67b797150a53fb/sledge_raw.gz,pedestrians,native_cache_directory,44,30,20,14,10,20,10,29.598791122436523,29.837860107421875,0.23906898498535156
4b67b797150a53fb,traversing_pickup_dropoff,2021.07.24.00.12.51_veh-37_03485_04947,2021.07.24.00.12.51_veh-37_03485_04947/traversing_pickup_dropoff/4b67b797150a53fb/sledge_raw.gz,static_objects,native_cache_directory,64,29,29,35,0,30,-1,38.24519348144531,,
f499c6538a3b5b6a,traversing_pickup_dropoff,2021.07.06.21.23.39_veh-35_04004_04895,2021.07.06.21.23.39_veh-35_04004_04895/traversing_pickup_dropoff/f499c6538a3b5b6a/sledge_raw.gz,vehicles,native_cache_directory,28,11,11,17,0,50,-39,32.46784591674805,,
f499c6538a3b5b6a,traversing_pickup_dropoff,2021.07.06.21.23.39_veh-35_04004_04895,2021.07.06.21.23.39_veh-35_04004_04895/traversing_pickup_dropoff/f499c6538a3b5b6a/sledge_raw.gz,pedestrians,native_cache_directory,67,38,20,29,18,20,18,29.289955139160156,29.538576126098633,0.24862098693847656
f499c6538a3b5b6a,traversing_pickup_dropoff,2021.07.06.21.23.39_veh-35_04004_04895,2021.07.06.21.23.39_veh-35_04004_04895/traversing_pickup_dropoff/f499c6538a3b5b6a/sledge_raw.gz,static_objects,native_cache_directory,121,45,30,76,15,30,15,25.45448875427246,25.751649856567383,0.2971611022949219
9f2c17a6edea5f93,traversing_pickup_dropoff,2021.06.30.15.59.35_veh-38_01284_01629,2021.06.30.15.59.35_veh-38_01284_01629/traversing_pickup_dropoff/9f2c17a6edea5f93/sledge_raw.gz,vehicles,native_cache_directory,38,18,18,20,0,50,-32,40.97718048095703,,
9f2c17a6edea5f93,traversing_pickup_dropoff,2021.06.30.15.59.35_veh-38_01284_01629,2021.06.30.15.59.35_veh-38_01284_01629/traversing_pickup_dropoff/9f2c17a6edea5f93/sledge_raw.gz,pedestrians,native_cache_directory,37,36,20,1,16,20,16,23.539203643798828,23.86182975769043,0.32262611389160156
9f2c17a6edea5f93,traversing_pickup_dropoff,2021.06.30.15.59.35_veh-38_01284_01629,2021.06.30.15.59.35_veh-38_01284_01629/traversing_pickup_dropoff/9f2c17a6edea5f93/sledge_raw.gz,static_objects,native_cache_directory,142,61,30,81,31,30,31,24.47582244873047,25.22943115234375,0.7536087036132812
fdf03647793f5390,traversing_pickup_dropoff,2021.07.23.15.59.40_veh-47_00907_02711,2021.07.23.15.59.40_veh-47_00907_02711/traversing_pickup_dropoff/fdf03647793f5390/sledge_raw.gz,vehicles,native_cache_directory,29,10,10,19,0,50,-40,37.24872589111328,,
fdf03647793f5390,traversing_pickup_dropoff,2021.07.23.15.59.40_veh-47_00907_02711,2021.07.23.15.59.40_veh-47_00907_02711/traversing_pickup_dropoff/fdf03647793f5390/sledge_raw.gz,pedestrians,native_cache_directory,50,20,20,30,0,20,0,41.13550567626953,,
fdf03647793f5390,traversing_pickup_dropoff,2021.07.23.15.59.40_veh-47_00907_02711,2021.07.23.15.59.40_veh-47_00907_02711/traversing_pickup_dropoff/fdf03647793f5390/sledge_raw.gz,static_objects,native_cache_directory,145,45,30,100,15,30,15,26.16585350036621,26.988447189331055,0.8225936889648438
2cd1ac4bf1c15400,traversing_pickup_dropoff,2021.07.13.20.25.13_veh-26_00175_00630,2021.07.13.20.25.13_veh-26_00175_00630/traversing_pickup_dropoff/2cd1ac4bf1c15400/sledge_raw.gz,vehicles,native_cache_directory,4,1,1,3,0,50,-49,16.508663177490234,,
2cd1ac4bf1c15400,traversing_pickup_dropoff,2021.07.13.20.25.13_veh-26_00175_00630,2021.07.13.20.25.13_veh-26_00175_00630/traversing_pickup_dropoff/2cd1ac4bf1c15400/sledge_raw.gz,pedestrians,native_cache_directory,8,8,8,0,0,20,-12,26.300966262817383,,
2cd1ac4bf1c15400,traversing_pickup_dropoff,2021.07.13.20.25.13_veh-26_00175_00630,2021.07.13.20.25.13_veh-26_00175_00630/traversing_pickup_dropoff/2cd1ac4bf1c15400/sledge_raw.gz,static_objects,native_cache_directory,62,54,30,8,24,30,24,20.436716079711914,20.485416412353516,0.04870033264160156
bf31b6f77db35be2,traversing_pickup_dropoff,2021.06.24.17.08.56_veh-35_02656_03104,2021.06.24.17.08.56_veh-35_02656_03104/traversing_pickup_dropoff/bf31b6f77db35be2/sledge_raw.gz,vehicles,native_cache_directory,12,7,7,5,0,50,-43,32.024940490722656,,
bf31b6f77db35be2,traversing_pickup_dropoff,2021.06.24.17.08.56_veh-35_02656_03104,2021.06.24.17.08.56_veh-35_02656_03104/traversing_pickup_dropoff/bf31b6f77db35be2/sledge_raw.gz,pedestrians,native_cache_directory,9,0,0,9,0,20,-20,,,
bf31b6f77db35be2,traversing_pickup_dropoff,2021.06.24.17.08.56_veh-35_02656_03104,2021.06.24.17.08.56_veh-35_02656_03104/traversing_pickup_dropoff/bf31b6f77db35be2/sledge_raw.gz,static_objects,native_cache_directory,15,11,11,4,0,30,-19,37.342594146728516,,
a4970c36e2a85b0c,traversing_pickup_dropoff,2021.06.14.19.22.11_veh-38_00675_00889,2021.06.14.19.22.11_veh-38_00675_00889/traversing_pickup_dropoff/a4970c36e2a85b0c/sledge_raw.gz,vehicles,native_cache_directory,38,10,10,28,0,50,-40,27.940086364746094,,
a4970c36e2a85b0c,traversing_pickup_dropoff,2021.06.14.19.22.11_veh-38_00675_00889,2021.06.14.19.22.11_veh-38_00675_00889/traversing_pickup_dropoff/a4970c36e2a85b0c/sledge_raw.gz,pedestrians,native_cache_directory,89,55,20,34,35,20,35,10.546770095825195,10.66670036315918,0.11993026733398438
a4970c36e2a85b0c,traversing_pickup_dropoff,2021.06.14.19.22.11_veh-38_00675_00889,2021.06.14.19.22.11_veh-38_00675_00889/traversing_pickup_dropoff/a4970c36e2a85b0c/sledge_raw.gz,static_objects,native_cache_directory,134,49,30,85,19,30,19,20.72322654724121,21.441635131835938,0.7184085845947266
09c46cab65c35fc1,traversing_pickup_dropoff,2021.07.21.16.13.30_veh-47_03155_04859,2021.07.21.16.13.30_veh-47_03155_04859/traversing_pickup_dropoff/09c46cab65c35fc1/sledge_raw.gz,vehicles,native_cache_directory,6,3,3,3,0,50,-47,32.40699768066406,,
09c46cab65c35fc1,traversing_pickup_dropoff,2021.07.21.16.13.30_veh-47_03155_04859,2021.07.21.16.13.30_veh-47_03155_04859/traversing_pickup_dropoff/09c46cab65c35fc1/sledge_raw.gz,pedestrians,native_cache_directory,6,3,3,3,0,20,-17,40.858760833740234,,
09c46cab65c35fc1,traversing_pickup_dropoff,2021.07.21.16.13.30_veh-47_03155_04859,2021.07.21.16.13.30_veh-47_03155_04859/traversing_pickup_dropoff/09c46cab65c35fc1/sledge_raw.gz,static_objects,native_cache_directory,44,36,30,8,6,30,6,32.69429397583008,33.7580451965332,1.063751220703125
e7deb0248334541f,traversing_pickup_dropoff,2021.06.24.14.20.12_veh-47_04688_07299,2021.06.24.14.20.12_veh-47_04688_07299/traversing_pickup_dropoff/e7deb0248334541f/sledge_raw.gz,vehicles,native_cache_directory,15,8,8,7,0,50,-42,40.24749755859375,,
e7deb0248334541f,traversing_pickup_dropoff,2021.06.24.14.20.12_veh-47_04688_07299,2021.06.24.14.20.12_veh-47_04688_07299/traversing_pickup_dropoff/e7deb0248334541f/sledge_raw.gz,pedestrians,native_cache_directory,25,20,20,5,0,20,0,37.184452056884766,,
e7deb0248334541f,traversing_pickup_dropoff,2021.06.24.14.20.12_veh-47_04688_07299,2021.06.24.14.20.12_veh-47_04688_07299/traversing_pickup_dropoff/e7deb0248334541f/sledge_raw.gz,static_objects,native_cache_directory,46,35,30,11,5,30,5,30.636503219604492,30.95172882080078,0.31522560119628906
b41d6accac39555d,traversing_pickup_dropoff,2021.06.25.21.24.42_veh-47_00921_02284,2021.06.25.21.24.42_veh-47_00921_02284/traversing_pickup_dropoff/b41d6accac39555d/sledge_raw.gz,vehicles,native_cache_directory,12,6,6,6,0,50,-44,28.379932403564453,,
b41d6accac39555d,traversing_pickup_dropoff,2021.06.25.21.24.42_veh-47_00921_02284,2021.06.25.21.24.42_veh-47_00921_02284/traversing_pickup_dropoff/b41d6accac39555d/sledge_raw.gz,pedestrians,native_cache_directory,23,21,20,2,1,20,1,18.08976173400879,24.46054458618164,6.370782852172852
b41d6accac39555d,traversing_pickup_dropoff,2021.06.25.21.24.42_veh-47_00921_02284,2021.06.25.21.24.42_veh-47_00921_02284/traversing_pickup_dropoff/b41d6accac39555d/sledge_raw.gz,static_objects,native_cache_directory,76,59,30,17,29,30,29,17.114013671875,17.578773498535156,0.46475982666015625
a008f7ed609b5b76,traversing_pickup_dropoff,2021.06.08.17.25.03_veh-35_00359_00894,2021.06.08.17.25.03_veh-35_00359_00894/traversing_pickup_dropoff/a008f7ed609b5b76/sledge_raw.gz,vehicles,native_cache_directory,18,5,5,13,0,50,-45,32.55862808227539,,
a008f7ed609b5b76,traversing_pickup_dropoff,2021.06.08.17.25.03_veh-35_00359_00894,2021.06.08.17.25.03_veh-35_00359_00894/traversing_pickup_dropoff/a008f7ed609b5b76/sledge_raw.gz,pedestrians,native_cache_directory,22,15,15,7,0,20,-5,21.275867462158203,,
a008f7ed609b5b76,traversing_pickup_dropoff,2021.06.08.17.25.03_veh-35_00359_00894,2021.06.08.17.25.03_veh-35_00359_00894/traversing_pickup_dropoff/a008f7ed609b5b76/sledge_raw.gz,static_objects,native_cache_directory,102,27,27,75,0,30,-3,43.01646041870117,,
91498acb80765cfd,traversing_pickup_dropoff,2021.07.09.17.48.26_veh-38_01164_02247,2021.07.09.17.48.26_veh-38_01164_02247/traversing_pickup_dropoff/91498acb80765cfd/sledge_raw.gz,vehicles,native_cache_directory,17,12,12,5,0,50,-38,38.16518783569336,,
91498acb80765cfd,traversing_pickup_dropoff,2021.07.09.17.48.26_veh-38_01164_02247,2021.07.09.17.48.26_veh-38_01164_02247/traversing_pickup_dropoff/91498acb80765cfd/sledge_raw.gz,pedestrians,native_cache_directory,66,57,20,9,37,20,37,11.398768424987793,11.607148170471191,0.20837974548339844
91498acb80765cfd,traversing_pickup_dropoff,2021.07.09.17.48.26_veh-38_01164_02247,2021.07.09.17.48.26_veh-38_01164_02247/traversing_pickup_dropoff/91498acb80765cfd/sledge_raw.gz,static_objects,native_cache_directory,35,27,27,8,0,30,-3,44.1439323425293,,
ba9fbe238e3d50b7,traversing_pickup_dropoff,2021.05.21.13.41.26_veh-12_03964_04676,2021.05.21.13.41.26_veh-12_03964_04676/traversing_pickup_dropoff/ba9fbe238e3d50b7/sledge_raw.gz,vehicles,native_cache_directory,12,9,9,3,0,50,-41,31.48564910888672,,
ba9fbe238e3d50b7,traversing_pickup_dropoff,2021.05.21.13.41.26_veh-12_03964_04676,2021.05.21.13.41.26_veh-12_03964_04676/traversing_pickup_dropoff/ba9fbe238e3d50b7/sledge_raw.gz,pedestrians,native_cache_directory,49,38,20,11,18,20,18,20.022655487060547,20.894912719726562,0.8722572326660156
ba9fbe238e3d50b7,traversing_pickup_dropoff,2021.05.21.13.41.26_veh-12_03964_04676,2021.05.21.13.41.26_veh-12_03964_04676/traversing_pickup_dropoff/ba9fbe238e3d50b7/sledge_raw.gz,static_objects,native_cache_directory,45,33,30,12,3,30,3,30.86513900756836,31.917644500732422,1.0525054931640625
4325737ad08455d5,traversing_pickup_dropoff,2021.07.23.18.11.29_veh-37_00005_00499,2021.07.23.18.11.29_veh-37_00005_00499/traversing_pickup_dropoff/4325737ad08455d5/sledge_raw.gz,vehicles,native_cache_directory,13,7,7,6,0,50,-43,34.50014114379883,,
4325737ad08455d5,traversing_pickup_dropoff,2021.07.23.18.11.29_veh-37_00005_00499,2021.07.23.18.11.29_veh-37_00005_00499/traversing_pickup_dropoff/4325737ad08455d5/sledge_raw.gz,pedestrians,native_cache_directory,6,4,4,2,0,20,-16,27.498855590820312,,
4325737ad08455d5,traversing_pickup_dropoff,2021.07.23.18.11.29_veh-37_00005_00499,2021.07.23.18.11.29_veh-37_00005_00499/traversing_pickup_dropoff/4325737ad08455d5/sledge_raw.gz,static_objects,native_cache_directory,16,13,13,3,0,30,-17,32.91094970703125,,
74c9645a7a5857b7,traversing_pickup_dropoff,2021.07.09.02.42.50_veh-35_00038_02629,2021.07.09.02.42.50_veh-35_00038_02629/traversing_pickup_dropoff/74c9645a7a5857b7/sledge_raw.gz,vehicles,native_cache_directory,37,14,14,23,0,50,-36,41.55075454711914,,
74c9645a7a5857b7,traversing_pickup_dropoff,2021.07.09.02.42.50_veh-35_00038_02629,2021.07.09.02.42.50_veh-35_00038_02629/traversing_pickup_dropoff/74c9645a7a5857b7/sledge_raw.gz,pedestrians,native_cache_directory,123,91,20,32,71,20,71,15.144173622131348,15.172320365905762,0.028146743774414062
74c9645a7a5857b7,traversing_pickup_dropoff,2021.07.09.02.42.50_veh-35_00038_02629,2021.07.09.02.42.50_veh-35_00038_02629/traversing_pickup_dropoff/74c9645a7a5857b7/sledge_raw.gz,static_objects,native_cache_directory,117,41,30,76,11,30,11,27.81370735168457,28.059980392456055,0.24627304077148438
fbefbf42fc835881,traversing_pickup_dropoff,2021.07.23.22.08.40_veh-12_00405_01212,2021.07.23.22.08.40_veh-12_00405_01212/traversing_pickup_dropoff/fbefbf42fc835881/sledge_raw.gz,vehicles,native_cache_directory,20,11,11,9,0,50,-39,33.40626525878906,,
fbefbf42fc835881,traversing_pickup_dropoff,2021.07.23.22.08.40_veh-12_00405_01212,2021.07.23.22.08.40_veh-12_00405_01212/traversing_pickup_dropoff/fbefbf42fc835881/sledge_raw.gz,pedestrians,native_cache_directory,28,17,17,11,0,20,-3,33.49195861816406,,
fbefbf42fc835881,traversing_pickup_dropoff,2021.07.23.22.08.40_veh-12_00405_01212,2021.07.23.22.08.40_veh-12_00405_01212/traversing_pickup_dropoff/fbefbf42fc835881/sledge_raw.gz,static_objects,native_cache_directory,51,41,30,10,11,30,11,26.541275024414062,28.183170318603516,1.6418952941894531
bd03677248445ad5,traversing_pickup_dropoff,2021.07.14.21.49.48_veh-17_04873_05701,2021.07.14.21.49.48_veh-17_04873_05701/traversing_pickup_dropoff/bd03677248445ad5/sledge_raw.gz,vehicles,native_cache_directory,35,18,18,17,0,50,-32,35.92439270019531,,
bd03677248445ad5,traversing_pickup_dropoff,2021.07.14.21.49.48_veh-17_04873_05701,2021.07.14.21.49.48_veh-17_04873_05701/traversing_pickup_dropoff/bd03677248445ad5/sledge_raw.gz,pedestrians,native_cache_directory,24,18,18,6,0,20,-2,33.14236068725586,,
bd03677248445ad5,traversing_pickup_dropoff,2021.07.14.21.49.48_veh-17_04873_05701,2021.07.14.21.49.48_veh-17_04873_05701/traversing_pickup_dropoff/bd03677248445ad5/sledge_raw.gz,static_objects,native_cache_directory,75,40,30,35,10,30,10,37.10300827026367,37.17363357543945,0.07062530517578125
6e87b5c89a455395,traversing_pickup_dropoff,2021.06.11.14.22.48_veh-38_00962_01511,2021.06.11.14.22.48_veh-38_00962_01511/traversing_pickup_dropoff/6e87b5c89a455395/sledge_raw.gz,vehicles,native_cache_directory,24,7,7,17,0,50,-43,35.92276382446289,,
6e87b5c89a455395,traversing_pickup_dropoff,2021.06.11.14.22.48_veh-38_00962_01511,2021.06.11.14.22.48_veh-38_00962_01511/traversing_pickup_dropoff/6e87b5c89a455395/sledge_raw.gz,pedestrians,native_cache_directory,66,52,20,14,32,20,32,21.6046142578125,27.917543411254883,6.312929153442383
6e87b5c89a455395,traversing_pickup_dropoff,2021.06.11.14.22.48_veh-38_00962_01511,2021.06.11.14.22.48_veh-38_00962_01511/traversing_pickup_dropoff/6e87b5c89a455395/sledge_raw.gz,static_objects,native_cache_directory,40,13,13,27,0,30,-17,32.0057373046875,,
449aa4646571578d,traversing_pickup_dropoff,2021.06.02.14.43.48_veh-38_00901_01741,2021.06.02.14.43.48_veh-38_00901_01741/traversing_pickup_dropoff/449aa4646571578d/sledge_raw.gz,vehicles,native_cache_directory,12,6,6,6,0,50,-44,35.04237747192383,,
449aa4646571578d,traversing_pickup_dropoff,2021.06.02.14.43.48_veh-38_00901_01741,2021.06.02.14.43.48_veh-38_00901_01741/traversing_pickup_dropoff/449aa4646571578d/sledge_raw.gz,pedestrians,native_cache_directory,52,24,20,28,4,20,4,27.845624923706055,28.942337036132812,1.0967121124267578
449aa4646571578d,traversing_pickup_dropoff,2021.06.02.14.43.48_veh-38_00901_01741,2021.06.02.14.43.48_veh-38_00901_01741/traversing_pickup_dropoff/449aa4646571578d/sledge_raw.gz,static_objects,native_cache_directory,46,26,26,20,0,30,-4,33.17957305908203,,
bca1adae1f7b5c30,traversing_pickup_dropoff,2021.05.20.14.06.02_veh-27_00649_01188,2021.05.20.14.06.02_veh-27_00649_01188/traversing_pickup_dropoff/bca1adae1f7b5c30/sledge_raw.gz,vehicles,native_cache_directory,30,15,15,15,0,50,-35,34.00798034667969,,
bca1adae1f7b5c30,traversing_pickup_dropoff,2021.05.20.14.06.02_veh-27_00649_01188,2021.05.20.14.06.02_veh-27_00649_01188/traversing_pickup_dropoff/bca1adae1f7b5c30/sledge_raw.gz,pedestrians,native_cache_directory,86,74,20,12,54,20,54,18.941360473632812,19.020605087280273,0.07924461364746094
bca1adae1f7b5c30,traversing_pickup_dropoff,2021.05.20.14.06.02_veh-27_00649_01188,2021.05.20.14.06.02_veh-27_00649_01188/traversing_pickup_dropoff/bca1adae1f7b5c30/sledge_raw.gz,static_objects,native_cache_directory,147,47,30,100,17,30,17,28.765920639038086,29.486610412597656,0.7206897735595703
f5d963de7456555c,traversing_pickup_dropoff,2021.06.10.13.50.05_veh-38_04765_05120,2021.06.10.13.50.05_veh-38_04765_05120/traversing_pickup_dropoff/f5d963de7456555c/sledge_raw.gz,vehicles,native_cache_directory,11,6,6,5,0,50,-44,34.40595245361328,,
f5d963de7456555c,traversing_pickup_dropoff,2021.06.10.13.50.05_veh-38_04765_05120,2021.06.10.13.50.05_veh-38_04765_05120/traversing_pickup_dropoff/f5d963de7456555c/sledge_raw.gz,pedestrians,native_cache_directory,20,19,19,1,0,20,-1,30.01825714111328,,
f5d963de7456555c,traversing_pickup_dropoff,2021.06.10.13.50.05_veh-38_04765_05120,2021.06.10.13.50.05_veh-38_04765_05120/traversing_pickup_dropoff/f5d963de7456555c/sledge_raw.gz,static_objects,native_cache_directory,64,55,30,9,25,30,25,16.540035247802734,16.891036987304688,0.3510017395019531
ccb04eb90b4f5cc3,traversing_pickup_dropoff,2021.05.24.13.17.29_veh-25_02153_02543,2021.05.24.13.17.29_veh-25_02153_02543/traversing_pickup_dropoff/ccb04eb90b4f5cc3/sledge_raw.gz,vehicles,native_cache_directory,10,7,7,3,0,50,-43,30.35630989074707,,
ccb04eb90b4f5cc3,traversing_pickup_dropoff,2021.05.24.13.17.29_veh-25_02153_02543,2021.05.24.13.17.29_veh-25_02153_02543/traversing_pickup_dropoff/ccb04eb90b4f5cc3/sledge_raw.gz,pedestrians,native_cache_directory,24,20,20,4,0,20,0,32.236576080322266,,
ccb04eb90b4f5cc3,traversing_pickup_dropoff,2021.05.24.13.17.29_veh-25_02153_02543,2021.05.24.13.17.29_veh-25_02153_02543/traversing_pickup_dropoff/ccb04eb90b4f5cc3/sledge_raw.gz,static_objects,native_cache_directory,74,61,30,13,31,30,31,17.625125885009766,17.639490127563477,0.014364242553710938
8a12232c4bb4511e,traversing_pickup_dropoff,2021.06.08.14.36.49_veh-38_01567_02014,2021.06.08.14.36.49_veh-38_01567_02014/traversing_pickup_dropoff/8a12232c4bb4511e/sledge_raw.gz,vehicles,native_cache_directory,38,21,21,17,0,50,-29,42.64060592651367,,
8a12232c4bb4511e,traversing_pickup_dropoff,2021.06.08.14.36.49_veh-38_01567_02014,2021.06.08.14.36.49_veh-38_01567_02014/traversing_pickup_dropoff/8a12232c4bb4511e/sledge_raw.gz,pedestrians,native_cache_directory,38,31,20,7,11,20,11,28.165592193603516,28.570043563842773,0.4044513702392578
8a12232c4bb4511e,traversing_pickup_dropoff,2021.06.08.14.36.49_veh-38_01567_02014,2021.06.08.14.36.49_veh-38_01567_02014/traversing_pickup_dropoff/8a12232c4bb4511e/sledge_raw.gz,static_objects,native_cache_directory,142,55,30,87,25,30,25,25.154855728149414,25.272287368774414,0.117431640625
9e087c74fed35a83,traversing_pickup_dropoff,2021.07.16.01.22.41_veh-14_04315_07102,2021.07.16.01.22.41_veh-14_04315_07102/traversing_pickup_dropoff/9e087c74fed35a83/sledge_raw.gz,vehicles,native_cache_directory,27,5,5,22,0,50,-45,30.502695083618164,,
9e087c74fed35a83,traversing_pickup_dropoff,2021.07.16.01.22.41_veh-14_04315_07102,2021.07.16.01.22.41_veh-14_04315_07102/traversing_pickup_dropoff/9e087c74fed35a83/sledge_raw.gz,pedestrians,native_cache_directory,23,0,0,23,0,20,-20,,,
9e087c74fed35a83,traversing_pickup_dropoff,2021.07.16.01.22.41_veh-14_04315_07102,2021.07.16.01.22.41_veh-14_04315_07102/traversing_pickup_dropoff/9e087c74fed35a83/sledge_raw.gz,static_objects,native_cache_directory,13,0,0,13,0,30,-30,,,
3ccecfdc6a3c5325,traversing_pickup_dropoff,2021.07.22.00.22.57_veh-47_01291_01680,2021.07.22.00.22.57_veh-47_01291_01680/traversing_pickup_dropoff/3ccecfdc6a3c5325/sledge_raw.gz,vehicles,native_cache_directory,14,7,7,7,0,50,-43,31.980920791625977,,
3ccecfdc6a3c5325,traversing_pickup_dropoff,2021.07.22.00.22.57_veh-47_01291_01680,2021.07.22.00.22.57_veh-47_01291_01680/traversing_pickup_dropoff/3ccecfdc6a3c5325/sledge_raw.gz,pedestrians,native_cache_directory,2,2,2,0,0,20,-18,37.50223159790039,,
3ccecfdc6a3c5325,traversing_pickup_dropoff,2021.07.22.00.22.57_veh-47_01291_01680,2021.07.22.00.22.57_veh-47_01291_01680/traversing_pickup_dropoff/3ccecfdc6a3c5325/sledge_raw.gz,static_objects,native_cache_directory,162,40,30,122,10,30,10,23.712890625,24.694616317749023,0.9817256927490234
e4f71d2f035553fc,traversing_pickup_dropoff,2021.06.30.16.57.14_veh-12_04389_05339,2021.06.30.16.57.14_veh-12_04389_05339/traversing_pickup_dropoff/e4f71d2f035553fc/sledge_raw.gz,vehicles,native_cache_directory,24,10,10,14,0,50,-40,40.49317932128906,,
e4f71d2f035553fc,traversing_pickup_dropoff,2021.06.30.16.57.14_veh-12_04389_05339,2021.06.30.16.57.14_veh-12_04389_05339/traversing_pickup_dropoff/e4f71d2f035553fc/sledge_raw.gz,pedestrians,native_cache_directory,19,5,5,14,0,20,-15,36.21155548095703,,
e4f71d2f035553fc,traversing_pickup_dropoff,2021.06.30.16.57.14_veh-12_04389_05339,2021.06.30.16.57.14_veh-12_04389_05339/traversing_pickup_dropoff/e4f71d2f035553fc/sledge_raw.gz,static_objects,native_cache_directory,67,30,30,37,0,30,0,40.27265930175781,,
632b8651da565fa0,traversing_pickup_dropoff,2021.06.24.17.25.34_veh-16_01064_02093,2021.06.24.17.25.34_veh-16_01064_02093/traversing_pickup_dropoff/632b8651da565fa0/sledge_raw.gz,vehicles,native_cache_directory,25,6,6,19,0,50,-44,35.71955108642578,,
632b8651da565fa0,traversing_pickup_dropoff,2021.06.24.17.25.34_veh-16_01064_02093,2021.06.24.17.25.34_veh-16_01064_02093/traversing_pickup_dropoff/632b8651da565fa0/sledge_raw.gz,pedestrians,native_cache_directory,34,19,19,15,0,20,-1,30.705638885498047,,
632b8651da565fa0,traversing_pickup_dropoff,2021.06.24.17.25.34_veh-16_01064_02093,2021.06.24.17.25.34_veh-16_01064_02093/traversing_pickup_dropoff/632b8651da565fa0/sledge_raw.gz,static_objects,native_cache_directory,86,25,25,61,0,30,-5,39.00101089477539,,
4079754e5168541b,traversing_pickup_dropoff,2021.07.15.19.15.37_veh-35_00386_02633,2021.07.15.19.15.37_veh-35_00386_02633/traversing_pickup_dropoff/4079754e5168541b/sledge_raw.gz,vehicles,native_cache_directory,31,16,16,15,0,50,-34,38.596580505371094,,
4079754e5168541b,traversing_pickup_dropoff,2021.07.15.19.15.37_veh-35_00386_02633,2021.07.15.19.15.37_veh-35_00386_02633/traversing_pickup_dropoff/4079754e5168541b/sledge_raw.gz,pedestrians,native_cache_directory,101,57,20,44,37,20,37,16.384489059448242,16.973928451538086,0.5894393920898438
4079754e5168541b,traversing_pickup_dropoff,2021.07.15.19.15.37_veh-35_00386_02633,2021.07.15.19.15.37_veh-35_00386_02633/traversing_pickup_dropoff/4079754e5168541b/sledge_raw.gz,static_objects,native_cache_directory,77,42,30,35,12,30,12,22.532541275024414,22.619932174682617,0.08739089965820312
7599d8e572445d4d,traversing_pickup_dropoff,2021.07.24.22.53.21_veh-47_05389_05705,2021.07.24.22.53.21_veh-47_05389_05705/traversing_pickup_dropoff/7599d8e572445d4d/sledge_raw.gz,vehicles,native_cache_directory,28,20,20,8,0,50,-30,39.64317321777344,,
7599d8e572445d4d,traversing_pickup_dropoff,2021.07.24.22.53.21_veh-47_05389_05705,2021.07.24.22.53.21_veh-47_05389_05705/traversing_pickup_dropoff/7599d8e572445d4d/sledge_raw.gz,pedestrians,native_cache_directory,35,28,20,7,8,20,8,26.019962310791016,26.89548683166504,0.8755245208740234
7599d8e572445d4d,traversing_pickup_dropoff,2021.07.24.22.53.21_veh-47_05389_05705,2021.07.24.22.53.21_veh-47_05389_05705/traversing_pickup_dropoff/7599d8e572445d4d/sledge_raw.gz,static_objects,native_cache_directory,24,21,21,3,0,30,-9,30.13449478149414,,
83419ab507545ad4,traversing_pickup_dropoff,2021.06.30.21.09.59_veh-35_01009_01456,2021.06.30.21.09.59_veh-35_01009_01456/traversing_pickup_dropoff/83419ab507545ad4/sledge_raw.gz,vehicles,native_cache_directory,8,4,4,4,0,50,-46,31.248573303222656,,
83419ab507545ad4,traversing_pickup_dropoff,2021.06.30.21.09.59_veh-35_01009_01456,2021.06.30.21.09.59_veh-35_01009_01456/traversing_pickup_dropoff/83419ab507545ad4/sledge_raw.gz,pedestrians,native_cache_directory,9,7,7,2,0,20,-13,31.60696792602539,,
83419ab507545ad4,traversing_pickup_dropoff,2021.06.30.21.09.59_veh-35_01009_01456,2021.06.30.21.09.59_veh-35_01009_01456/traversing_pickup_dropoff/83419ab507545ad4/sledge_raw.gz,static_objects,native_cache_directory,60,46,30,14,16,30,16,23.71080780029297,24.54825210571289,0.8374443054199219
a03338a7e88e5c24,traversing_pickup_dropoff,2021.06.12.13.57.31_veh-38_04674_05071,2021.06.12.13.57.31_veh-38_04674_05071/traversing_pickup_dropoff/a03338a7e88e5c24/sledge_raw.gz,vehicles,native_cache_directory,21,3,3,18,0,50,-47,30.23973274230957,,
a03338a7e88e5c24,traversing_pickup_dropoff,2021.06.12.13.57.31_veh-38_04674_05071,2021.06.12.13.57.31_veh-38_04674_05071/traversing_pickup_dropoff/a03338a7e88e5c24/sledge_raw.gz,pedestrians,native_cache_directory,12,2,2,10,0,20,-18,20.857120513916016,,
a03338a7e88e5c24,traversing_pickup_dropoff,2021.06.12.13.57.31_veh-38_04674_05071,2021.06.12.13.57.31_veh-38_04674_05071/traversing_pickup_dropoff/a03338a7e88e5c24/sledge_raw.gz,static_objects,native_cache_directory,22,15,15,7,0,30,-15,22.516664505004883,,
9120e39b70875961,traversing_pickup_dropoff,2021.06.21.17.42.00_veh-38_04833_05454,2021.06.21.17.42.00_veh-38_04833_05454/traversing_pickup_dropoff/9120e39b70875961/sledge_raw.gz,vehicles,native_cache_directory,31,18,18,13,0,50,-32,36.17805862426758,,
9120e39b70875961,traversing_pickup_dropoff,2021.06.21.17.42.00_veh-38_04833_05454,2021.06.21.17.42.00_veh-38_04833_05454/traversing_pickup_dropoff/9120e39b70875961/sledge_raw.gz,pedestrians,native_cache_directory,56,50,20,6,30,20,30,21.895381927490234,22.056617736816406,0.16123580932617188
9120e39b70875961,traversing_pickup_dropoff,2021.06.21.17.42.00_veh-38_04833_05454,2021.06.21.17.42.00_veh-38_04833_05454/traversing_pickup_dropoff/9120e39b70875961/sledge_raw.gz,static_objects,native_cache_directory,108,33,30,75,3,30,3,32.82429504394531,33.153770446777344,0.32947540283203125
61ee8d5a411250f7,traversing_pickup_dropoff,2021.07.15.16.56.34_veh-12_05887_06757,2021.07.15.16.56.34_veh-12_05887_06757/traversing_pickup_dropoff/61ee8d5a411250f7/sledge_raw.gz,vehicles,native_cache_directory,36,17,17,19,0,50,-33,38.26686096191406,,
61ee8d5a411250f7,traversing_pickup_dropoff,2021.07.15.16.56.34_veh-12_05887_06757,2021.07.15.16.56.34_veh-12_05887_06757/traversing_pickup_dropoff/61ee8d5a411250f7/sledge_raw.gz,pedestrians,native_cache_directory,10,0,0,10,0,20,-20,,,
61ee8d5a411250f7,traversing_pickup_dropoff,2021.07.15.16.56.34_veh-12_05887_06757,2021.07.15.16.56.34_veh-12_05887_06757/traversing_pickup_dropoff/61ee8d5a411250f7/sledge_raw.gz,static_objects,native_cache_directory,30,4,4,26,0,30,-26,22.31346893310547,,
dceda6a6fd975aa5,traversing_pickup_dropoff,2021.06.11.12.18.41_veh-38_00830_01561,2021.06.11.12.18.41_veh-38_00830_01561/traversing_pickup_dropoff/dceda6a6fd975aa5/sledge_raw.gz,vehicles,native_cache_directory,7,2,2,5,0,50,-48,40.273162841796875,,
dceda6a6fd975aa5,traversing_pickup_dropoff,2021.06.11.12.18.41_veh-38_00830_01561,2021.06.11.12.18.41_veh-38_00830_01561/traversing_pickup_dropoff/dceda6a6fd975aa5/sledge_raw.gz,pedestrians,native_cache_directory,11,3,3,8,0,20,-17,18.94991683959961,,
dceda6a6fd975aa5,traversing_pickup_dropoff,2021.06.11.12.18.41_veh-38_00830_01561,2021.06.11.12.18.41_veh-38_00830_01561/traversing_pickup_dropoff/dceda6a6fd975aa5/sledge_raw.gz,static_objects,native_cache_directory,60,44,30,16,14,30,14,21.345462799072266,23.390573501586914,2.0451107025146484
1d9b41ddfbc4573e,traversing_pickup_dropoff,2021.07.23.21.07.18_veh-47_01458_02100,2021.07.23.21.07.18_veh-47_01458_02100/traversing_pickup_dropoff/1d9b41ddfbc4573e/sledge_raw.gz,vehicles,native_cache_directory,10,3,3,7,0,50,-47,35.95528793334961,,
1d9b41ddfbc4573e,traversing_pickup_dropoff,2021.07.23.21.07.18_veh-47_01458_02100,2021.07.23.21.07.18_veh-47_01458_02100/traversing_pickup_dropoff/1d9b41ddfbc4573e/sledge_raw.gz,pedestrians,native_cache_directory,13,4,4,9,0,20,-16,7.594569206237793,,
1d9b41ddfbc4573e,traversing_pickup_dropoff,2021.07.23.21.07.18_veh-47_01458_02100,2021.07.23.21.07.18_veh-47_01458_02100/traversing_pickup_dropoff/1d9b41ddfbc4573e/sledge_raw.gz,static_objects,native_cache_directory,35,28,28,7,0,30,-2,43.76155090332031,,
b917f511ec765d1c,traversing_pickup_dropoff,2021.07.21.01.14.08_veh-35_02572_03383,2021.07.21.01.14.08_veh-35_02572_03383/traversing_pickup_dropoff/b917f511ec765d1c/sledge_raw.gz,vehicles,native_cache_directory,50,12,12,38,0,50,-38,35.2287712097168,,
b917f511ec765d1c,traversing_pickup_dropoff,2021.07.21.01.14.08_veh-35_02572_03383,2021.07.21.01.14.08_veh-35_02572_03383/traversing_pickup_dropoff/b917f511ec765d1c/sledge_raw.gz,pedestrians,native_cache_directory,115,58,20,57,38,20,38,12.056516647338867,12.29106616973877,0.23454952239990234
b917f511ec765d1c,traversing_pickup_dropoff,2021.07.21.01.14.08_veh-35_02572_03383,2021.07.21.01.14.08_veh-35_02572_03383/traversing_pickup_dropoff/b917f511ec765d1c/sledge_raw.gz,static_objects,native_cache_directory,109,43,30,66,13,30,13,27.04862403869629,27.350257873535156,0.3016338348388672
0a2e207288a8574e,traversing_pickup_dropoff,2021.07.16.20.45.29_veh-35_01513_02486,2021.07.16.20.45.29_veh-35_01513_02486/traversing_pickup_dropoff/0a2e207288a8574e/sledge_raw.gz,vehicles,native_cache_directory,35,9,9,26,0,50,-41,32.772300720214844,,
0a2e207288a8574e,traversing_pickup_dropoff,2021.07.16.20.45.29_veh-35_01513_02486,2021.07.16.20.45.29_veh-35_01513_02486/traversing_pickup_dropoff/0a2e207288a8574e/sledge_raw.gz,pedestrians,native_cache_directory,72,37,20,35,17,20,17,13.099918365478516,13.466867446899414,0.36694908142089844
0a2e207288a8574e,traversing_pickup_dropoff,2021.07.16.20.45.29_veh-35_01513_02486,2021.07.16.20.45.29_veh-35_01513_02486/traversing_pickup_dropoff/0a2e207288a8574e/sledge_raw.gz,static_objects,native_cache_directory,99,45,30,54,15,30,15,26.72211265563965,27.020496368408203,0.2983837127685547
d473bb76fb785d72,traversing_pickup_dropoff,2021.07.13.17.36.02_veh-12_02488_03487,2021.07.13.17.36.02_veh-12_02488_03487/traversing_pickup_dropoff/d473bb76fb785d72/sledge_raw.gz,vehicles,native_cache_directory,18,6,6,12,0,50,-44,32.998374938964844,,
d473bb76fb785d72,traversing_pickup_dropoff,2021.07.13.17.36.02_veh-12_02488_03487,2021.07.13.17.36.02_veh-12_02488_03487/traversing_pickup_dropoff/d473bb76fb785d72/sledge_raw.gz,pedestrians,native_cache_directory,20,6,6,14,0,20,-14,28.54345703125,,
d473bb76fb785d72,traversing_pickup_dropoff,2021.07.13.17.36.02_veh-12_02488_03487,2021.07.13.17.36.02_veh-12_02488_03487/traversing_pickup_dropoff/d473bb76fb785d72/sledge_raw.gz,static_objects,native_cache_directory,42,34,30,8,4,30,4,35.04561233520508,37.10785675048828,2.062244415283203
5045c617831759d1,traversing_pickup_dropoff,2021.06.07.12.42.11_veh-38_04779_06284,2021.06.07.12.42.11_veh-38_04779_06284/traversing_pickup_dropoff/5045c617831759d1/sledge_raw.gz,vehicles,native_cache_directory,8,5,5,3,0,50,-45,31.937286376953125,,
5045c617831759d1,traversing_pickup_dropoff,2021.06.07.12.42.11_veh-38_04779_06284,2021.06.07.12.42.11_veh-38_04779_06284/traversing_pickup_dropoff/5045c617831759d1/sledge_raw.gz,pedestrians,native_cache_directory,15,8,8,7,0,20,-12,37.64986801147461,,
5045c617831759d1,traversing_pickup_dropoff,2021.06.07.12.42.11_veh-38_04779_06284,2021.06.07.12.42.11_veh-38_04779_06284/traversing_pickup_dropoff/5045c617831759d1/sledge_raw.gz,static_objects,native_cache_directory,59,54,30,5,24,30,24,17.144723892211914,17.150638580322266,0.0059146881103515625
50faaf0456725f42,traversing_pickup_dropoff,2021.06.25.14.42.38_veh-38_01424_02409,2021.06.25.14.42.38_veh-38_01424_02409/traversing_pickup_dropoff/50faaf0456725f42/sledge_raw.gz,vehicles,native_cache_directory,15,8,8,7,0,50,-42,38.24213790893555,,
50faaf0456725f42,traversing_pickup_dropoff,2021.06.25.14.42.38_veh-38_01424_02409,2021.06.25.14.42.38_veh-38_01424_02409/traversing_pickup_dropoff/50faaf0456725f42/sledge_raw.gz,pedestrians,native_cache_directory,23,17,17,6,0,20,-3,26.68623161315918,,
50faaf0456725f42,traversing_pickup_dropoff,2021.06.25.14.42.38_veh-38_01424_02409,2021.06.25.14.42.38_veh-38_01424_02409/traversing_pickup_dropoff/50faaf0456725f42/sledge_raw.gz,static_objects,native_cache_directory,40,36,30,4,6,30,6,30.760974884033203,31.09541893005371,0.3344440460205078
e94ef3d5f9255f2d,traversing_pickup_dropoff,2021.07.26.01.22.11_veh-35_00431_01411,2021.07.26.01.22.11_veh-35_00431_01411/traversing_pickup_dropoff/e94ef3d5f9255f2d/sledge_raw.gz,vehicles,native_cache_directory,18,9,9,9,0,50,-41,37.30899429321289,,
e94ef3d5f9255f2d,traversing_pickup_dropoff,2021.07.26.01.22.11_veh-35_00431_01411,2021.07.26.01.22.11_veh-35_00431_01411/traversing_pickup_dropoff/e94ef3d5f9255f2d/sledge_raw.gz,pedestrians,native_cache_directory,4,2,2,2,0,20,-18,20.179149627685547,,
e94ef3d5f9255f2d,traversing_pickup_dropoff,2021.07.26.01.22.11_veh-35_00431_01411,2021.07.26.01.22.11_veh-35_00431_01411/traversing_pickup_dropoff/e94ef3d5f9255f2d/sledge_raw.gz,static_objects,native_cache_directory,40,28,28,12,0,30,-2,34.19377517700195,,
1db969819bd354a3,on_traffic_light_intersection,2021.09.20.13.46.45_veh-42_01157_01690,2021.09.20.13.46.45_veh-42_01157_01690/on_traffic_light_intersection/1db969819bd354a3/sledge_raw.gz,vehicles,native_cache_directory,14,4,4,10,0,50,-46,32.841407775878906,,
1db969819bd354a3,on_traffic_light_intersection,2021.09.20.13.46.45_veh-42_01157_01690,2021.09.20.13.46.45_veh-42_01157_01690/on_traffic_light_intersection/1db969819bd354a3/sledge_raw.gz,pedestrians,native_cache_directory,1,1,1,0,0,20,-19,27.44403648376465,,
1db969819bd354a3,on_traffic_light_intersection,2021.09.20.13.46.45_veh-42_01157_01690,2021.09.20.13.46.45_veh-42_01157_01690/on_traffic_light_intersection/1db969819bd354a3/sledge_raw.gz,static_objects,native_cache_directory,7,7,7,0,0,30,-23,26.159605026245117,,
171257749cbe5882,on_traffic_light_intersection,2021.06.24.21.57.34_veh-47_02829_03589,2021.06.24.21.57.34_veh-47_02829_03589/on_traffic_light_intersection/171257749cbe5882/sledge_raw.gz,vehicles,native_cache_directory,46,12,12,34,0,50,-38,31.32006072998047,,
171257749cbe5882,on_traffic_light_intersection,2021.06.24.21.57.34_veh-47_02829_03589,2021.06.24.21.57.34_veh-47_02829_03589/on_traffic_light_intersection/171257749cbe5882/sledge_raw.gz,pedestrians,native_cache_directory,170,31,20,139,11,20,11,25.499719619750977,26.34912872314453,0.8494091033935547
171257749cbe5882,on_traffic_light_intersection,2021.06.24.21.57.34_veh-47_02829_03589,2021.06.24.21.57.34_veh-47_02829_03589/on_traffic_light_intersection/171257749cbe5882/sledge_raw.gz,static_objects,native_cache_directory,162,75,30,87,45,30,45,14.536463737487793,14.620113372802734,0.0836496353149414
5cdbf0cc69735e96,on_traffic_light_intersection,2021.07.22.19.31.55_veh-37_00039_01612,2021.07.22.19.31.55_veh-37_00039_01612/on_traffic_light_intersection/5cdbf0cc69735e96/sledge_raw.gz,vehicles,native_cache_directory,35,17,17,18,0,50,-33,38.0062370300293,,
5cdbf0cc69735e96,on_traffic_light_intersection,2021.07.22.19.31.55_veh-37_00039_01612,2021.07.22.19.31.55_veh-37_00039_01612/on_traffic_light_intersection/5cdbf0cc69735e96/sledge_raw.gz,pedestrians,native_cache_directory,47,24,20,23,4,20,4,30.774534225463867,34.583221435546875,3.808687210083008
5cdbf0cc69735e96,on_traffic_light_intersection,2021.07.22.19.31.55_veh-37_00039_01612,2021.07.22.19.31.55_veh-37_00039_01612/on_traffic_light_intersection/5cdbf0cc69735e96/sledge_raw.gz,static_objects,native_cache_directory,68,43,30,25,13,30,13,33.50049591064453,33.67805480957031,0.17755889892578125
45740892b4945458,on_traffic_light_intersection,2021.05.24.17.57.11_veh-35_03069_03379,2021.05.24.17.57.11_veh-35_03069_03379/on_traffic_light_intersection/45740892b4945458/sledge_raw.gz,vehicles,native_cache_directory,63,19,19,44,0,50,-31,40.0322151184082,,
45740892b4945458,on_traffic_light_intersection,2021.05.24.17.57.11_veh-35_03069_03379,2021.05.24.17.57.11_veh-35_03069_03379/on_traffic_light_intersection/45740892b4945458/sledge_raw.gz,pedestrians,native_cache_directory,23,0,0,23,0,20,-20,,,
45740892b4945458,on_traffic_light_intersection,2021.05.24.17.57.11_veh-35_03069_03379,2021.05.24.17.57.11_veh-35_03069_03379/on_traffic_light_intersection/45740892b4945458/sledge_raw.gz,static_objects,native_cache_directory,13,3,3,10,0,30,-27,25.24906349182129,,
ca40a4af26ee55a5,on_traffic_light_intersection,2021.09.23.20.37.33_veh-45_00487_01007,2021.09.23.20.37.33_veh-45_00487_01007/on_traffic_light_intersection/ca40a4af26ee55a5/sledge_raw.gz,vehicles,native_cache_directory,20,9,9,11,0,50,-41,34.481571197509766,,
ca40a4af26ee55a5,on_traffic_light_intersection,2021.09.23.20.37.33_veh-45_00487_01007,2021.09.23.20.37.33_veh-45_00487_01007/on_traffic_light_intersection/ca40a4af26ee55a5/sledge_raw.gz,pedestrians,native_cache_directory,0,0,0,0,0,20,-20,,,
ca40a4af26ee55a5,on_traffic_light_intersection,2021.09.23.20.37.33_veh-45_00487_01007,2021.09.23.20.37.33_veh-45_00487_01007/on_traffic_light_intersection/ca40a4af26ee55a5/sledge_raw.gz,static_objects,native_cache_directory,1,1,1,0,0,30,-29,24.209144592285156,,
6e7f132ed6f75d8f,on_traffic_light_intersection,2021.06.29.14.49.56_veh-38_03908_04357,2021.06.29.14.49.56_veh-38_03908_04357/on_traffic_light_intersection/6e7f132ed6f75d8f/sledge_raw.gz,vehicles,native_cache_directory,20,8,8,12,0,50,-42,42.870479583740234,,
6e7f132ed6f75d8f,on_traffic_light_intersection,2021.06.29.14.49.56_veh-38_03908_04357,2021.06.29.14.49.56_veh-38_03908_04357/on_traffic_light_intersection/6e7f132ed6f75d8f/sledge_raw.gz,pedestrians,native_cache_directory,2,0,0,2,0,20,-20,,,
6e7f132ed6f75d8f,on_traffic_light_intersection,2021.06.29.14.49.56_veh-38_03908_04357,2021.06.29.14.49.56_veh-38_03908_04357/on_traffic_light_intersection/6e7f132ed6f75d8f/sledge_raw.gz,static_objects,native_cache_directory,17,2,2,15,0,30,-28,22.774534225463867,,
7f39f93bdcb55be2,on_traffic_light_intersection,2021.06.10.17.22.51_veh-47_05179_05528,2021.06.10.17.22.51_veh-47_05179_05528/on_traffic_light_intersection/7f39f93bdcb55be2/sledge_raw.gz,vehicles,native_cache_directory,35,19,19,16,0,50,-31,39.68756866455078,,
7f39f93bdcb55be2,on_traffic_light_intersection,2021.06.10.17.22.51_veh-47_05179_05528,2021.06.10.17.22.51_veh-47_05179_05528/on_traffic_light_intersection/7f39f93bdcb55be2/sledge_raw.gz,pedestrians,native_cache_directory,118,67,20,51,47,20,47,16.985139846801758,17.07667350769043,0.09153366088867188
7f39f93bdcb55be2,on_traffic_light_intersection,2021.06.10.17.22.51_veh-47_05179_05528,2021.06.10.17.22.51_veh-47_05179_05528/on_traffic_light_intersection/7f39f93bdcb55be2/sledge_raw.gz,static_objects,native_cache_directory,88,54,30,34,24,30,24,26.948444366455078,26.970413208007812,0.021968841552734375
4e5d135761025ecc,on_traffic_light_intersection,2021.10.21.14.43.30_veh-28_00712_01070,2021.10.21.14.43.30_veh-28_00712_01070/on_traffic_light_intersection/4e5d135761025ecc/sledge_raw.gz,vehicles,native_cache_directory,19,8,8,11,0,50,-42,31.881542205810547,,
4e5d135761025ecc,on_traffic_light_intersection,2021.10.21.14.43.30_veh-28_00712_01070,2021.10.21.14.43.30_veh-28_00712_01070/on_traffic_light_intersection/4e5d135761025ecc/sledge_raw.gz,pedestrians,native_cache_directory,15,9,9,6,0,20,-11,33.34278106689453,,
4e5d135761025ecc,on_traffic_light_intersection,2021.10.21.14.43.30_veh-28_00712_01070,2021.10.21.14.43.30_veh-28_00712_01070/on_traffic_light_intersection/4e5d135761025ecc/sledge_raw.gz,static_objects,native_cache_directory,22,13,13,9,0,30,-17,36.19702911376953,,
26e0a565a5d55e7c,on_traffic_light_intersection,2021.07.21.00.48.35_veh-38_02702_03522,2021.07.21.00.48.35_veh-38_02702_03522/on_traffic_light_intersection/26e0a565a5d55e7c/sledge_raw.gz,vehicles,native_cache_directory,22,8,8,14,0,50,-42,31.358428955078125,,
26e0a565a5d55e7c,on_traffic_light_intersection,2021.07.21.00.48.35_veh-38_02702_03522,2021.07.21.00.48.35_veh-38_02702_03522/on_traffic_light_intersection/26e0a565a5d55e7c/sledge_raw.gz,pedestrians,native_cache_directory,122,43,20,79,23,20,23,12.692975997924805,13.436380386352539,0.7434043884277344
26e0a565a5d55e7c,on_traffic_light_intersection,2021.07.21.00.48.35_veh-38_02702_03522,2021.07.21.00.48.35_veh-38_02702_03522/on_traffic_light_intersection/26e0a565a5d55e7c/sledge_raw.gz,static_objects,native_cache_directory,99,26,26,73,0,30,-4,25.102001190185547,,
c3e28305e92c596a,on_traffic_light_intersection,2021.05.28.21.56.29_veh-24_00005_01617,2021.05.28.21.56.29_veh-24_00005_01617/on_traffic_light_intersection/c3e28305e92c596a/sledge_raw.gz,vehicles,native_cache_directory,41,19,19,22,0,50,-31,32.080711364746094,,
c3e28305e92c596a,on_traffic_light_intersection,2021.05.28.21.56.29_veh-24_00005_01617,2021.05.28.21.56.29_veh-24_00005_01617/on_traffic_light_intersection/c3e28305e92c596a/sledge_raw.gz,pedestrians,native_cache_directory,86,33,20,53,13,20,13,22.48304557800293,22.52021598815918,0.03717041015625
c3e28305e92c596a,on_traffic_light_intersection,2021.05.28.21.56.29_veh-24_00005_01617,2021.05.28.21.56.29_veh-24_00005_01617/on_traffic_light_intersection/c3e28305e92c596a/sledge_raw.gz,static_objects,native_cache_directory,131,42,30,89,12,30,12,33.680885314941406,33.78453826904297,0.1036529541015625
383cfdf2edea5704,on_traffic_light_intersection,2021.08.23.18.41.38_veh-28_00985_01399,2021.08.23.18.41.38_veh-28_00985_01399/on_traffic_light_intersection/383cfdf2edea5704/sledge_raw.gz,vehicles,native_cache_directory,19,11,11,8,0,50,-39,30.953170776367188,,
383cfdf2edea5704,on_traffic_light_intersection,2021.08.23.18.41.38_veh-28_00985_01399,2021.08.23.18.41.38_veh-28_00985_01399/on_traffic_light_intersection/383cfdf2edea5704/sledge_raw.gz,pedestrians,native_cache_directory,17,9,9,8,0,20,-11,31.190637588500977,,
383cfdf2edea5704,on_traffic_light_intersection,2021.08.23.18.41.38_veh-28_00985_01399,2021.08.23.18.41.38_veh-28_00985_01399/on_traffic_light_intersection/383cfdf2edea5704/sledge_raw.gz,static_objects,native_cache_directory,30,15,15,15,0,30,-15,32.05242919921875,,
8f38597113fc5ea4,on_traffic_light_intersection,2021.09.28.19.55.30_veh-44_01975_02507,2021.09.28.19.55.30_veh-44_01975_02507/on_traffic_light_intersection/8f38597113fc5ea4/sledge_raw.gz,vehicles,native_cache_directory,17,5,5,12,0,50,-45,38.36772537231445,,
8f38597113fc5ea4,on_traffic_light_intersection,2021.09.28.19.55.30_veh-44_01975_02507,2021.09.28.19.55.30_veh-44_01975_02507/on_traffic_light_intersection/8f38597113fc5ea4/sledge_raw.gz,pedestrians,native_cache_directory,0,0,0,0,0,20,-20,,,
8f38597113fc5ea4,on_traffic_light_intersection,2021.09.28.19.55.30_veh-44_01975_02507,2021.09.28.19.55.30_veh-44_01975_02507/on_traffic_light_intersection/8f38597113fc5ea4/sledge_raw.gz,static_objects,native_cache_directory,2,1,1,1,0,30,-29,25.664945602416992,,
e8188598aa6f5af9,on_traffic_light_intersection,2021.07.24.16.51.13_veh-26_00404_00941,2021.07.24.16.51.13_veh-26_00404_00941/on_traffic_light_intersection/e8188598aa6f5af9/sledge_raw.gz,vehicles,native_cache_directory,29,7,7,22,0,50,-43,40.78609085083008,,
e8188598aa6f5af9,on_traffic_light_intersection,2021.07.24.16.51.13_veh-26_00404_00941,2021.07.24.16.51.13_veh-26_00404_00941/on_traffic_light_intersection/e8188598aa6f5af9/sledge_raw.gz,pedestrians,native_cache_directory,88,30,20,58,10,20,10,24.158597946166992,24.26121711730957,0.10261917114257812
e8188598aa6f5af9,on_traffic_light_intersection,2021.07.24.16.51.13_veh-26_00404_00941,2021.07.24.16.51.13_veh-26_00404_00941/on_traffic_light_intersection/e8188598aa6f5af9/sledge_raw.gz,static_objects,native_cache_directory,179,43,30,136,13,30,13,20.673261642456055,20.787433624267578,0.11417198181152344
05a23c0c51a9567e,on_traffic_light_intersection,2021.07.16.18.06.21_veh-38_01526_02150,2021.07.16.18.06.21_veh-38_01526_02150/on_traffic_light_intersection/05a23c0c51a9567e/sledge_raw.gz,vehicles,native_cache_directory,39,7,7,32,0,50,-43,42.82477569580078,,
05a23c0c51a9567e,on_traffic_light_intersection,2021.07.16.18.06.21_veh-38_01526_02150,2021.07.16.18.06.21_veh-38_01526_02150/on_traffic_light_intersection/05a23c0c51a9567e/sledge_raw.gz,pedestrians,native_cache_directory,136,29,20,107,9,20,9,36.96009826660156,37.781517028808594,0.8214187622070312
05a23c0c51a9567e,on_traffic_light_intersection,2021.07.16.18.06.21_veh-38_01526_02150,2021.07.16.18.06.21_veh-38_01526_02150/on_traffic_light_intersection/05a23c0c51a9567e/sledge_raw.gz,static_objects,native_cache_directory,192,80,30,112,50,30,50,20.643186569213867,20.650245666503906,0.0070590972900390625
9797d0867726506c,on_traffic_light_intersection,2021.07.09.17.06.37_veh-35_00928_02567,2021.07.09.17.06.37_veh-35_00928_02567/on_traffic_light_intersection/9797d0867726506c/sledge_raw.gz,vehicles,native_cache_directory,30,6,6,24,0,50,-44,27.005163192749023,,
9797d0867726506c,on_traffic_light_intersection,2021.07.09.17.06.37_veh-35_00928_02567,2021.07.09.17.06.37_veh-35_00928_02567/on_traffic_light_intersection/9797d0867726506c/sledge_raw.gz,pedestrians,native_cache_directory,93,38,20,55,18,20,18,25.149198532104492,25.20644187927246,0.05724334716796875
9797d0867726506c,on_traffic_light_intersection,2021.07.09.17.06.37_veh-35_00928_02567,2021.07.09.17.06.37_veh-35_00928_02567/on_traffic_light_intersection/9797d0867726506c/sledge_raw.gz,static_objects,native_cache_directory,123,33,30,90,3,30,3,22.39434814453125,22.404582977294922,0.010234832763671875
21b34b6ed5ec5ab5,on_traffic_light_intersection,2021.09.27.03.33.50_veh-53_01496_01794,2021.09.27.03.33.50_veh-53_01496_01794/on_traffic_light_intersection/21b34b6ed5ec5ab5/sledge_raw.gz,vehicles,native_cache_directory,9,6,6,3,0,50,-44,35.23582458496094,,
21b34b6ed5ec5ab5,on_traffic_light_intersection,2021.09.27.03.33.50_veh-53_01496_01794,2021.09.27.03.33.50_veh-53_01496_01794/on_traffic_light_intersection/21b34b6ed5ec5ab5/sledge_raw.gz,pedestrians,native_cache_directory,29,25,20,4,5,20,5,30.511388778686523,31.2226505279541,0.7112617492675781
21b34b6ed5ec5ab5,on_traffic_light_intersection,2021.09.27.03.33.50_veh-53_01496_01794,2021.09.27.03.33.50_veh-53_01496_01794/on_traffic_light_intersection/21b34b6ed5ec5ab5/sledge_raw.gz,static_objects,native_cache_directory,2,0,0,2,0,30,-30,,,
f94b8f85441350ae,on_traffic_light_intersection,2021.06.08.12.54.54_veh-26_02994_03970,2021.06.08.12.54.54_veh-26_02994_03970/on_traffic_light_intersection/f94b8f85441350ae/sledge_raw.gz,vehicles,native_cache_directory,58,30,30,28,0,50,-20,31.93547821044922,,
f94b8f85441350ae,on_traffic_light_intersection,2021.06.08.12.54.54_veh-26_02994_03970,2021.06.08.12.54.54_veh-26_02994_03970/on_traffic_light_intersection/f94b8f85441350ae/sledge_raw.gz,pedestrians,native_cache_directory,5,0,0,5,0,20,-20,,,
f94b8f85441350ae,on_traffic_light_intersection,2021.06.08.12.54.54_veh-26_02994_03970,2021.06.08.12.54.54_veh-26_02994_03970/on_traffic_light_intersection/f94b8f85441350ae/sledge_raw.gz,static_objects,native_cache_directory,110,36,30,74,6,30,6,37.571292877197266,38.44912338256836,0.8778305053710938
51bd5b2617705214,on_traffic_light_intersection,2021.08.25.17.10.24_veh-45_02857_03252,2021.08.25.17.10.24_veh-45_02857_03252/on_traffic_light_intersection/51bd5b2617705214/sledge_raw.gz,vehicles,native_cache_directory,22,7,7,15,0,50,-43,32.860595703125,,
51bd5b2617705214,on_traffic_light_intersection,2021.08.25.17.10.24_veh-45_02857_03252,2021.08.25.17.10.24_veh-45_02857_03252/on_traffic_light_intersection/51bd5b2617705214/sledge_raw.gz,pedestrians,native_cache_directory,0,0,0,0,0,20,-20,,,
51bd5b2617705214,on_traffic_light_intersection,2021.08.25.17.10.24_veh-45_02857_03252,2021.08.25.17.10.24_veh-45_02857_03252/on_traffic_light_intersection/51bd5b2617705214/sledge_raw.gz,static_objects,native_cache_directory,2,2,2,0,0,30,-28,42.5538444519043,,
5bb6dbf7d6bc5a97,on_traffic_light_intersection,2021.07.16.18.06.21_veh-38_02197_03220,2021.07.16.18.06.21_veh-38_02197_03220/on_traffic_light_intersection/5bb6dbf7d6bc5a97/sledge_raw.gz,vehicles,native_cache_directory,37,7,7,30,0,50,-43,26.490413665771484,,
5bb6dbf7d6bc5a97,on_traffic_light_intersection,2021.07.16.18.06.21_veh-38_02197_03220,2021.07.16.18.06.21_veh-38_02197_03220/on_traffic_light_intersection/5bb6dbf7d6bc5a97/sledge_raw.gz,pedestrians,native_cache_directory,90,41,20,49,21,20,21,21.283077239990234,21.515766143798828,0.23268890380859375
5bb6dbf7d6bc5a97,on_traffic_light_intersection,2021.07.16.18.06.21_veh-38_02197_03220,2021.07.16.18.06.21_veh-38_02197_03220/on_traffic_light_intersection/5bb6dbf7d6bc5a97/sledge_raw.gz,static_objects,native_cache_directory,106,38,30,68,8,30,8,23.773042678833008,23.906360626220703,0.1333179473876953
0bd3bfa7cbe65915,on_traffic_light_intersection,2021.09.30.03.37.54_veh-51_00017_00273,2021.09.30.03.37.54_veh-51_00017_00273/on_traffic_light_intersection/0bd3bfa7cbe65915/sledge_raw.gz,vehicles,native_cache_directory,16,14,14,2,0,50,-36,37.69410705566406,,
0bd3bfa7cbe65915,on_traffic_light_intersection,2021.09.30.03.37.54_veh-51_00017_00273,2021.09.30.03.37.54_veh-51_00017_00273/on_traffic_light_intersection/0bd3bfa7cbe65915/sledge_raw.gz,pedestrians,native_cache_directory,2,1,1,1,0,20,-19,17.876344680786133,,
0bd3bfa7cbe65915,on_traffic_light_intersection,2021.09.30.03.37.54_veh-51_00017_00273,2021.09.30.03.37.54_veh-51_00017_00273/on_traffic_light_intersection/0bd3bfa7cbe65915/sledge_raw.gz,static_objects,native_cache_directory,0,0,0,0,0,30,-30,,,
bfbe43562e5c545d,on_traffic_light_intersection,2021.07.09.20.59.12_veh-38_04342_05676,2021.07.09.20.59.12_veh-38_04342_05676/on_traffic_light_intersection/bfbe43562e5c545d/sledge_raw.gz,vehicles,native_cache_directory,44,26,26,18,0,50,-24,33.2426643371582,,
bfbe43562e5c545d,on_traffic_light_intersection,2021.07.09.20.59.12_veh-38_04342_05676,2021.07.09.20.59.12_veh-38_04342_05676/on_traffic_light_intersection/bfbe43562e5c545d/sledge_raw.gz,pedestrians,native_cache_directory,10,0,0,10,0,20,-20,,,
bfbe43562e5c545d,on_traffic_light_intersection,2021.07.09.20.59.12_veh-38_04342_05676,2021.07.09.20.59.12_veh-38_04342_05676/on_traffic_light_intersection/bfbe43562e5c545d/sledge_raw.gz,static_objects,native_cache_directory,86,21,21,65,0,30,-9,31.630863189697266,,
fac5abe282955af3,on_traffic_light_intersection,2021.07.16.00.03.12_veh-37_02189_03199,2021.07.16.00.03.12_veh-37_02189_03199/on_traffic_light_intersection/fac5abe282955af3/sledge_raw.gz,vehicles,native_cache_directory,45,20,20,25,0,50,-30,34.0700569152832,,
fac5abe282955af3,on_traffic_light_intersection,2021.07.16.00.03.12_veh-37_02189_03199,2021.07.16.00.03.12_veh-37_02189_03199/on_traffic_light_intersection/fac5abe282955af3/sledge_raw.gz,pedestrians,native_cache_directory,5,0,0,5,0,20,-20,,,
fac5abe282955af3,on_traffic_light_intersection,2021.07.16.00.03.12_veh-37_02189_03199,2021.07.16.00.03.12_veh-37_02189_03199/on_traffic_light_intersection/fac5abe282955af3/sledge_raw.gz,static_objects,native_cache_directory,25,2,2,23,0,30,-28,26.38262939453125,,
7ba2220b1ce45683,on_traffic_light_intersection,2021.06.25.17.44.01_veh-35_02926_04787,2021.06.25.17.44.01_veh-35_02926_04787/on_traffic_light_intersection/7ba2220b1ce45683/sledge_raw.gz,vehicles,native_cache_directory,34,15,15,19,0,50,-35,36.680816650390625,,
7ba2220b1ce45683,on_traffic_light_intersection,2021.06.25.17.44.01_veh-35_02926_04787,2021.06.25.17.44.01_veh-35_02926_04787/on_traffic_light_intersection/7ba2220b1ce45683/sledge_raw.gz,pedestrians,native_cache_directory,38,20,20,18,0,20,0,39.70445251464844,,
7ba2220b1ce45683,on_traffic_light_intersection,2021.06.25.17.44.01_veh-35_02926_04787,2021.06.25.17.44.01_veh-35_02926_04787/on_traffic_light_intersection/7ba2220b1ce45683/sledge_raw.gz,static_objects,native_cache_directory,90,50,30,40,20,30,20,27.745494842529297,28.296018600463867,0.5505237579345703
57b116ed32ba53f0,on_traffic_light_intersection,2021.07.22.18.57.03_veh-26_00706_01903,2021.07.22.18.57.03_veh-26_00706_01903/on_traffic_light_intersection/57b116ed32ba53f0/sledge_raw.gz,vehicles,native_cache_directory,37,7,7,30,0,50,-43,35.47636032104492,,
57b116ed32ba53f0,on_traffic_light_intersection,2021.07.22.18.57.03_veh-26_00706_01903,2021.07.22.18.57.03_veh-26_00706_01903/on_traffic_light_intersection/57b116ed32ba53f0/sledge_raw.gz,pedestrians,native_cache_directory,139,59,20,80,39,20,39,20.240938186645508,21.28728485107422,1.046346664428711
57b116ed32ba53f0,on_traffic_light_intersection,2021.07.22.18.57.03_veh-26_00706_01903,2021.07.22.18.57.03_veh-26_00706_01903/on_traffic_light_intersection/57b116ed32ba53f0/sledge_raw.gz,static_objects,native_cache_directory,168,43,30,125,13,30,13,20.562114715576172,20.659330368041992,0.09721565246582031
5300d5d045e15cf8,on_traffic_light_intersection,2021.06.25.21.24.42_veh-47_02295_03384,2021.06.25.21.24.42_veh-47_02295_03384/on_traffic_light_intersection/5300d5d045e15cf8/sledge_raw.gz,vehicles,native_cache_directory,36,10,10,26,0,50,-40,24.4849910736084,,
5300d5d045e15cf8,on_traffic_light_intersection,2021.06.25.21.24.42_veh-47_02295_03384,2021.06.25.21.24.42_veh-47_02295_03384/on_traffic_light_intersection/5300d5d045e15cf8/sledge_raw.gz,pedestrians,native_cache_directory,153,41,20,112,21,20,21,25.18733024597168,26.21034049987793,1.02301025390625
5300d5d045e15cf8,on_traffic_light_intersection,2021.06.25.21.24.42_veh-47_02295_03384,2021.06.25.21.24.42_veh-47_02295_03384/on_traffic_light_intersection/5300d5d045e15cf8/sledge_raw.gz,static_objects,native_cache_directory,206,91,30,115,61,30,61,22.70963478088379,22.77475357055664,0.06511878967285156
ee39e6bca3775934,on_traffic_light_intersection,2021.07.22.17.54.22_veh-17_00016_02153,2021.07.22.17.54.22_veh-17_00016_02153/on_traffic_light_intersection/ee39e6bca3775934/sledge_raw.gz,vehicles,native_cache_directory,27,14,14,13,0,50,-36,37.29341125488281,,
ee39e6bca3775934,on_traffic_light_intersection,2021.07.22.17.54.22_veh-17_00016_02153,2021.07.22.17.54.22_veh-17_00016_02153/on_traffic_light_intersection/ee39e6bca3775934/sledge_raw.gz,pedestrians,native_cache_directory,15,8,8,7,0,20,-12,31.632545471191406,,
ee39e6bca3775934,on_traffic_light_intersection,2021.07.22.17.54.22_veh-17_00016_02153,2021.07.22.17.54.22_veh-17_00016_02153/on_traffic_light_intersection/ee39e6bca3775934/sledge_raw.gz,static_objects,native_cache_directory,65,45,30,20,15,30,15,27.428503036499023,28.07682228088379,0.6483192443847656
4a82179b6c2e5ad8,on_traffic_light_intersection,2021.06.16.13.21.10_veh-38_03277_03897,2021.06.16.13.21.10_veh-38_03277_03897/on_traffic_light_intersection/4a82179b6c2e5ad8/sledge_raw.gz,vehicles,native_cache_directory,29,14,14,15,0,50,-36,36.32843780517578,,
4a82179b6c2e5ad8,on_traffic_light_intersection,2021.06.16.13.21.10_veh-38_03277_03897,2021.06.16.13.21.10_veh-38_03277_03897/on_traffic_light_intersection/4a82179b6c2e5ad8/sledge_raw.gz,pedestrians,native_cache_directory,13,10,10,3,0,20,-10,32.01188659667969,,
4a82179b6c2e5ad8,on_traffic_light_intersection,2021.06.16.13.21.10_veh-38_03277_03897,2021.06.16.13.21.10_veh-38_03277_03897/on_traffic_light_intersection/4a82179b6c2e5ad8/sledge_raw.gz,static_objects,native_cache_directory,85,27,27,58,0,30,-3,39.72673797607422,,
cd90e7f259185923,on_traffic_light_intersection,2021.07.22.00.22.57_veh-47_00263_01280,2021.07.22.00.22.57_veh-47_00263_01280/on_traffic_light_intersection/cd90e7f259185923/sledge_raw.gz,vehicles,native_cache_directory,46,17,17,29,0,50,-33,39.62181091308594,,
cd90e7f259185923,on_traffic_light_intersection,2021.07.22.00.22.57_veh-47_00263_01280,2021.07.22.00.22.57_veh-47_00263_01280/on_traffic_light_intersection/cd90e7f259185923/sledge_raw.gz,pedestrians,native_cache_directory,139,63,20,76,43,20,43,19.029420852661133,19.046432495117188,0.017011642456054688
cd90e7f259185923,on_traffic_light_intersection,2021.07.22.00.22.57_veh-47_00263_01280,2021.07.22.00.22.57_veh-47_00263_01280/on_traffic_light_intersection/cd90e7f259185923/sledge_raw.gz,static_objects,native_cache_directory,55,35,30,20,5,30,5,22.460004806518555,23.418487548828125,0.9584827423095703
b6bdfb6e1e0557c5,on_traffic_light_intersection,2021.05.24.17.57.11_veh-35_05075_05292,2021.05.24.17.57.11_veh-35_05075_05292/on_traffic_light_intersection/b6bdfb6e1e0557c5/sledge_raw.gz,vehicles,native_cache_directory,48,12,12,36,0,50,-38,32.02987289428711,,
b6bdfb6e1e0557c5,on_traffic_light_intersection,2021.05.24.17.57.11_veh-35_05075_05292,2021.05.24.17.57.11_veh-35_05075_05292/on_traffic_light_intersection/b6bdfb6e1e0557c5/sledge_raw.gz,pedestrians,native_cache_directory,220,86,20,134,66,20,66,11.670476913452148,11.810925483703613,0.14044857025146484
b6bdfb6e1e0557c5,on_traffic_light_intersection,2021.05.24.17.57.11_veh-35_05075_05292,2021.05.24.17.57.11_veh-35_05075_05292/on_traffic_light_intersection/b6bdfb6e1e0557c5/sledge_raw.gz,static_objects,native_cache_directory,163,48,30,115,18,30,18,21.387184143066406,22.379863739013672,0.9926795959472656
3ab6cc8d5c1c5be0,on_traffic_light_intersection,2021.07.06.17.26.30_veh-14_00274_02913,2021.07.06.17.26.30_veh-14_00274_02913/on_traffic_light_intersection/3ab6cc8d5c1c5be0/sledge_raw.gz,vehicles,native_cache_directory,24,11,11,13,0,50,-39,39.890960693359375,,
3ab6cc8d5c1c5be0,on_traffic_light_intersection,2021.07.06.17.26.30_veh-14_00274_02913,2021.07.06.17.26.30_veh-14_00274_02913/on_traffic_light_intersection/3ab6cc8d5c1c5be0/sledge_raw.gz,pedestrians,native_cache_directory,24,8,8,16,0,20,-12,33.11849594116211,,
3ab6cc8d5c1c5be0,on_traffic_light_intersection,2021.07.06.17.26.30_veh-14_00274_02913,2021.07.06.17.26.30_veh-14_00274_02913/on_traffic_light_intersection/3ab6cc8d5c1c5be0/sledge_raw.gz,static_objects,native_cache_directory,94,51,30,43,21,30,21,25.061996459960938,25.217941284179688,0.15594482421875
d44533713c7b5747,on_traffic_light_intersection,2021.10.13.17.44.34_veh-28_01087_01430,2021.10.13.17.44.34_veh-28_01087_01430/on_traffic_light_intersection/d44533713c7b5747/sledge_raw.gz,vehicles,native_cache_directory,20,10,10,10,0,50,-40,31.654043197631836,,
d44533713c7b5747,on_traffic_light_intersection,2021.10.13.17.44.34_veh-28_01087_01430,2021.10.13.17.44.34_veh-28_01087_01430/on_traffic_light_intersection/d44533713c7b5747/sledge_raw.gz,pedestrians,native_cache_directory,22,10,10,12,0,20,-10,29.03044319152832,,
d44533713c7b5747,on_traffic_light_intersection,2021.10.13.17.44.34_veh-28_01087_01430,2021.10.13.17.44.34_veh-28_01087_01430/on_traffic_light_intersection/d44533713c7b5747/sledge_raw.gz,static_objects,native_cache_directory,66,26,26,40,0,30,-4,38.38683319091797,,
a42562b9f8255344,on_traffic_light_intersection,2021.07.16.16.27.22_veh-26_05058_05383,2021.07.16.16.27.22_veh-26_05058_05383/on_traffic_light_intersection/a42562b9f8255344/sledge_raw.gz,vehicles,native_cache_directory,32,6,6,26,0,50,-44,29.681800842285156,,
a42562b9f8255344,on_traffic_light_intersection,2021.07.16.16.27.22_veh-26_05058_05383,2021.07.16.16.27.22_veh-26_05058_05383/on_traffic_light_intersection/a42562b9f8255344/sledge_raw.gz,pedestrians,native_cache_directory,137,11,11,126,0,20,-9,41.4479866027832,,
a42562b9f8255344,on_traffic_light_intersection,2021.07.16.16.27.22_veh-26_05058_05383,2021.07.16.16.27.22_veh-26_05058_05383/on_traffic_light_intersection/a42562b9f8255344/sledge_raw.gz,static_objects,native_cache_directory,200,96,30,104,66,30,66,20.46969223022461,20.789575576782227,0.3198833465576172
18301314ac4a5127,on_traffic_light_intersection,2021.07.07.20.25.22_veh-38_01054_01890,2021.07.07.20.25.22_veh-38_01054_01890/on_traffic_light_intersection/18301314ac4a5127/sledge_raw.gz,vehicles,native_cache_directory,20,5,5,15,0,50,-45,31.347341537475586,,
18301314ac4a5127,on_traffic_light_intersection,2021.07.07.20.25.22_veh-38_01054_01890,2021.07.07.20.25.22_veh-38_01054_01890/on_traffic_light_intersection/18301314ac4a5127/sledge_raw.gz,pedestrians,native_cache_directory,30,15,15,15,0,20,-5,23.43236541748047,,
18301314ac4a5127,on_traffic_light_intersection,2021.07.07.20.25.22_veh-38_01054_01890,2021.07.07.20.25.22_veh-38_01054_01890/on_traffic_light_intersection/18301314ac4a5127/sledge_raw.gz,static_objects,native_cache_directory,108,44,30,64,14,30,14,18.147579193115234,18.648487091064453,0.5009078979492188
f45f5cec39dc5baf,on_traffic_light_intersection,2021.07.09.23.35.52_veh-37_05190_06183,2021.07.09.23.35.52_veh-37_05190_06183/on_traffic_light_intersection/f45f5cec39dc5baf/sledge_raw.gz,vehicles,native_cache_directory,24,8,8,16,0,50,-42,38.926326751708984,,
f45f5cec39dc5baf,on_traffic_light_intersection,2021.07.09.23.35.52_veh-37_05190_06183,2021.07.09.23.35.52_veh-37_05190_06183/on_traffic_light_intersection/f45f5cec39dc5baf/sledge_raw.gz,pedestrians,native_cache_directory,66,6,6,60,0,20,-14,28.950721740722656,,
f45f5cec39dc5baf,on_traffic_light_intersection,2021.07.09.23.35.52_veh-37_05190_06183,2021.07.09.23.35.52_veh-37_05190_06183/on_traffic_light_intersection/f45f5cec39dc5baf/sledge_raw.gz,static_objects,native_cache_directory,142,59,30,83,29,30,29,24.658143997192383,24.860702514648438,0.2025585174560547
3a35b81a0f6553d4,on_traffic_light_intersection,2021.06.29.19.37.20_veh-26_03324_04198,2021.06.29.19.37.20_veh-26_03324_04198/on_traffic_light_intersection/3a35b81a0f6553d4/sledge_raw.gz,vehicles,native_cache_directory,31,10,10,21,0,50,-40,42.249961853027344,,
3a35b81a0f6553d4,on_traffic_light_intersection,2021.06.29.19.37.20_veh-26_03324_04198,2021.06.29.19.37.20_veh-26_03324_04198/on_traffic_light_intersection/3a35b81a0f6553d4/sledge_raw.gz,pedestrians,native_cache_directory,99,31,20,68,11,20,11,20.24038314819336,20.28385353088379,0.04347038269042969
3a35b81a0f6553d4,on_traffic_light_intersection,2021.06.29.19.37.20_veh-26_03324_04198,2021.06.29.19.37.20_veh-26_03324_04198/on_traffic_light_intersection/3a35b81a0f6553d4/sledge_raw.gz,static_objects,native_cache_directory,148,44,30,104,14,30,14,19.63528823852539,20.21696662902832,0.5816783905029297
54b6bbcd58705a78,on_traffic_light_intersection,2021.06.30.13.57.34_veh-37_00015_00346,2021.06.30.13.57.34_veh-37_00015_00346/on_traffic_light_intersection/54b6bbcd58705a78/sledge_raw.gz,vehicles,native_cache_directory,20,4,4,16,0,50,-46,34.83403778076172,,
54b6bbcd58705a78,on_traffic_light_intersection,2021.06.30.13.57.34_veh-37_00015_00346,2021.06.30.13.57.34_veh-37_00015_00346/on_traffic_light_intersection/54b6bbcd58705a78/sledge_raw.gz,pedestrians,native_cache_directory,5,2,2,3,0,20,-18,18.781503677368164,,
54b6bbcd58705a78,on_traffic_light_intersection,2021.06.30.13.57.34_veh-37_00015_00346,2021.06.30.13.57.34_veh-37_00015_00346/on_traffic_light_intersection/54b6bbcd58705a78/sledge_raw.gz,static_objects,native_cache_directory,64,33,30,31,3,30,3,37.8519172668457,38.026119232177734,0.17420196533203125
d7c817f214d55bff,on_traffic_light_intersection,2021.06.02.12.49.42_veh-38_02713_03139,2021.06.02.12.49.42_veh-38_02713_03139/on_traffic_light_intersection/d7c817f214d55bff/sledge_raw.gz,vehicles,native_cache_directory,31,7,7,24,0,50,-43,34.78297424316406,,
d7c817f214d55bff,on_traffic_light_intersection,2021.06.02.12.49.42_veh-38_02713_03139,2021.06.02.12.49.42_veh-38_02713_03139/on_traffic_light_intersection/d7c817f214d55bff/sledge_raw.gz,pedestrians,native_cache_directory,110,61,20,49,41,20,41,18.03961944580078,18.605382919311523,0.5657634735107422
d7c817f214d55bff,on_traffic_light_intersection,2021.06.02.12.49.42_veh-38_02713_03139,2021.06.02.12.49.42_veh-38_02713_03139/on_traffic_light_intersection/d7c817f214d55bff/sledge_raw.gz,static_objects,native_cache_directory,167,36,30,131,6,30,6,21.51380157470703,21.992347717285156,0.478546142578125
a0af7cd6dfff5f51,on_traffic_light_intersection,2021.07.16.00.51.05_veh-17_01938_03243,2021.07.16.00.51.05_veh-17_01938_03243/on_traffic_light_intersection/a0af7cd6dfff5f51/sledge_raw.gz,vehicles,native_cache_directory,34,18,18,16,0,50,-32,30.964750289916992,,
a0af7cd6dfff5f51,on_traffic_light_intersection,2021.07.16.00.51.05_veh-17_01938_03243,2021.07.16.00.51.05_veh-17_01938_03243/on_traffic_light_intersection/a0af7cd6dfff5f51/sledge_raw.gz,pedestrians,native_cache_directory,84,12,12,72,0,20,-8,25.800214767456055,,
a0af7cd6dfff5f51,on_traffic_light_intersection,2021.07.16.00.51.05_veh-17_01938_03243,2021.07.16.00.51.05_veh-17_01938_03243/on_traffic_light_intersection/a0af7cd6dfff5f51/sledge_raw.gz,static_objects,native_cache_directory,119,40,30,79,10,30,10,30.04013442993164,30.25337028503418,0.21323585510253906
1e7e8296ab535c7a,on_traffic_light_intersection,2021.06.04.12.00.53_veh-16_03520_04036,2021.06.04.12.00.53_veh-16_03520_04036/on_traffic_light_intersection/1e7e8296ab535c7a/sledge_raw.gz,vehicles,native_cache_directory,29,10,10,19,0,50,-40,26.12967872619629,,
1e7e8296ab535c7a,on_traffic_light_intersection,2021.06.04.12.00.53_veh-16_03520_04036,2021.06.04.12.00.53_veh-16_03520_04036/on_traffic_light_intersection/1e7e8296ab535c7a/sledge_raw.gz,pedestrians,native_cache_directory,4,1,1,3,0,20,-19,28.82431983947754,,
1e7e8296ab535c7a,on_traffic_light_intersection,2021.06.04.12.00.53_veh-16_03520_04036,2021.06.04.12.00.53_veh-16_03520_04036/on_traffic_light_intersection/1e7e8296ab535c7a/sledge_raw.gz,static_objects,native_cache_directory,111,58,30,53,28,30,28,20.347028732299805,20.581260681152344,0.23423194885253906
d5099d3bb6e0505c,on_traffic_light_intersection,2021.06.25.16.02.11_veh-35_03032_04731,2021.06.25.16.02.11_veh-35_03032_04731/on_traffic_light_intersection/d5099d3bb6e0505c/sledge_raw.gz,vehicles,native_cache_directory,42,19,19,23,0,50,-31,32.049495697021484,,
d5099d3bb6e0505c,on_traffic_light_intersection,2021.06.25.16.02.11_veh-35_03032_04731,2021.06.25.16.02.11_veh-35_03032_04731/on_traffic_light_intersection/d5099d3bb6e0505c/sledge_raw.gz,pedestrians,native_cache_directory,45,18,18,27,0,20,-2,34.75001907348633,,
d5099d3bb6e0505c,on_traffic_light_intersection,2021.06.25.16.02.11_veh-35_03032_04731,2021.06.25.16.02.11_veh-35_03032_04731/on_traffic_light_intersection/d5099d3bb6e0505c/sledge_raw.gz,static_objects,native_cache_directory,132,52,30,80,22,30,22,26.131921768188477,26.561649322509766,0.42972755432128906
03a9fdd03d0d56f8,on_traffic_light_intersection,2021.09.29.00.19.12_veh-50_00746_01345,2021.09.29.00.19.12_veh-50_00746_01345/on_traffic_light_intersection/03a9fdd03d0d56f8/sledge_raw.gz,vehicles,native_cache_directory,5,3,3,2,0,50,-47,28.37102699279785,,
03a9fdd03d0d56f8,on_traffic_light_intersection,2021.09.29.00.19.12_veh-50_00746_01345,2021.09.29.00.19.12_veh-50_00746_01345/on_traffic_light_intersection/03a9fdd03d0d56f8/sledge_raw.gz,pedestrians,native_cache_directory,1,1,1,0,0,20,-19,26.635250091552734,,
03a9fdd03d0d56f8,on_traffic_light_intersection,2021.09.29.00.19.12_veh-50_00746_01345,2021.09.29.00.19.12_veh-50_00746_01345/on_traffic_light_intersection/03a9fdd03d0d56f8/sledge_raw.gz,static_objects,native_cache_directory,1,1,1,0,0,30,-29,15.216480255126953,,
66d1f948ea6b5f20,on_traffic_light_intersection,2021.05.12.23.36.44_veh-35_01133_01535,2021.05.12.23.36.44_veh-35_01133_01535/on_traffic_light_intersection/66d1f948ea6b5f20/sledge_raw.gz,vehicles,native_cache_directory,63,33,33,30,0,50,-17,43.93165588378906,,
66d1f948ea6b5f20,on_traffic_light_intersection,2021.05.12.23.36.44_veh-35_01133_01535,2021.05.12.23.36.44_veh-35_01133_01535/on_traffic_light_intersection/66d1f948ea6b5f20/sledge_raw.gz,pedestrians,native_cache_directory,34,2,2,32,0,20,-18,29.9677791595459,,
66d1f948ea6b5f20,on_traffic_light_intersection,2021.05.12.23.36.44_veh-35_01133_01535,2021.05.12.23.36.44_veh-35_01133_01535/on_traffic_light_intersection/66d1f948ea6b5f20/sledge_raw.gz,static_objects,native_cache_directory,3,0,0,3,0,30,-30,,,
308fc7c042ca5760,on_traffic_light_intersection,2021.09.30.06.13.47_veh-53_01138_01428,2021.09.30.06.13.47_veh-53_01138_01428/on_traffic_light_intersection/308fc7c042ca5760/sledge_raw.gz,vehicles,native_cache_directory,14,11,11,3,0,50,-39,37.82756042480469,,
308fc7c042ca5760,on_traffic_light_intersection,2021.09.30.06.13.47_veh-53_01138_01428,2021.09.30.06.13.47_veh-53_01138_01428/on_traffic_light_intersection/308fc7c042ca5760/sledge_raw.gz,pedestrians,native_cache_directory,2,2,2,0,0,20,-18,17.351423263549805,,
308fc7c042ca5760,on_traffic_light_intersection,2021.09.30.06.13.47_veh-53_01138_01428,2021.09.30.06.13.47_veh-53_01138_01428/on_traffic_light_intersection/308fc7c042ca5760/sledge_raw.gz,static_objects,native_cache_directory,3,3,3,0,0,30,-27,24.564760208129883,,
69622ec2dd1f52e7,on_traffic_light_intersection,2021.09.10.13.55.04_veh-39_00639_00805,2021.09.10.13.55.04_veh-39_00639_00805/on_traffic_light_intersection/69622ec2dd1f52e7/sledge_raw.gz,vehicles,native_cache_directory,7,6,6,1,0,50,-44,25.945310592651367,,
69622ec2dd1f52e7,on_traffic_light_intersection,2021.09.10.13.55.04_veh-39_00639_00805,2021.09.10.13.55.04_veh-39_00639_00805/on_traffic_light_intersection/69622ec2dd1f52e7/sledge_raw.gz,pedestrians,native_cache_directory,3,3,3,0,0,20,-17,32.203433990478516,,
69622ec2dd1f52e7,on_traffic_light_intersection,2021.09.10.13.55.04_veh-39_00639_00805,2021.09.10.13.55.04_veh-39_00639_00805/on_traffic_light_intersection/69622ec2dd1f52e7/sledge_raw.gz,static_objects,native_cache_directory,3,1,1,2,0,30,-29,11.992632865905762,,
9d60926e4c4c51b4,on_traffic_light_intersection,2021.05.26.14.20.58_veh-35_00323_00606,2021.05.26.14.20.58_veh-35_00323_00606/on_traffic_light_intersection/9d60926e4c4c51b4/sledge_raw.gz,vehicles,native_cache_directory,23,10,10,13,0,50,-40,29.31702995300293,,
9d60926e4c4c51b4,on_traffic_light_intersection,2021.05.26.14.20.58_veh-35_00323_00606,2021.05.26.14.20.58_veh-35_00323_00606/on_traffic_light_intersection/9d60926e4c4c51b4/sledge_raw.gz,pedestrians,native_cache_directory,11,5,5,6,0,20,-15,26.912551879882812,,
9d60926e4c4c51b4,on_traffic_light_intersection,2021.05.26.14.20.58_veh-35_00323_00606,2021.05.26.14.20.58_veh-35_00323_00606/on_traffic_light_intersection/9d60926e4c4c51b4/sledge_raw.gz,static_objects,native_cache_directory,62,0,0,62,0,30,-30,,,
eedb65a7ad7254f2,on_traffic_light_intersection,2021.05.24.17.57.11_veh-35_02840_03058,2021.05.24.17.57.11_veh-35_02840_03058/on_traffic_light_intersection/eedb65a7ad7254f2/sledge_raw.gz,vehicles,native_cache_directory,46,14,14,32,0,50,-36,30.82802391052246,,
eedb65a7ad7254f2,on_traffic_light_intersection,2021.05.24.17.57.11_veh-35_02840_03058,2021.05.24.17.57.11_veh-35_02840_03058/on_traffic_light_intersection/eedb65a7ad7254f2/sledge_raw.gz,pedestrians,native_cache_directory,9,0,0,9,0,20,-20,,,
eedb65a7ad7254f2,on_traffic_light_intersection,2021.05.24.17.57.11_veh-35_02840_03058,2021.05.24.17.57.11_veh-35_02840_03058/on_traffic_light_intersection/eedb65a7ad7254f2/sledge_raw.gz,static_objects,native_cache_directory,96,48,30,48,18,30,18,23.86791229248047,24.2367000579834,0.3687877655029297
25dbda31c79e53c9,on_traffic_light_intersection,2021.07.22.17.54.22_veh-17_02379_04909,2021.07.22.17.54.22_veh-17_02379_04909/on_traffic_light_intersection/25dbda31c79e53c9/sledge_raw.gz,vehicles,native_cache_directory,37,17,17,20,0,50,-33,32.40647888183594,,
25dbda31c79e53c9,on_traffic_light_intersection,2021.07.22.17.54.22_veh-17_02379_04909,2021.07.22.17.54.22_veh-17_02379_04909/on_traffic_light_intersection/25dbda31c79e53c9/sledge_raw.gz,pedestrians,native_cache_directory,42,19,19,23,0,20,-1,44.28556442260742,,
25dbda31c79e53c9,on_traffic_light_intersection,2021.07.22.17.54.22_veh-17_02379_04909,2021.07.22.17.54.22_veh-17_02379_04909/on_traffic_light_intersection/25dbda31c79e53c9/sledge_raw.gz,static_objects,native_cache_directory,78,45,30,33,15,30,15,24.5421085357666,25.19083595275879,0.6487274169921875
43b41f97d52d5873,on_traffic_light_intersection,2021.06.21.20.58.30_veh-47_02077_03850,2021.06.21.20.58.30_veh-47_02077_03850/on_traffic_light_intersection/43b41f97d52d5873/sledge_raw.gz,vehicles,native_cache_directory,41,7,7,34,0,50,-43,31.20008087158203,,
43b41f97d52d5873,on_traffic_light_intersection,2021.06.21.20.58.30_veh-47_02077_03850,2021.06.21.20.58.30_veh-47_02077_03850/on_traffic_light_intersection/43b41f97d52d5873/sledge_raw.gz,pedestrians,native_cache_directory,122,50,20,72,30,20,30,9.620402336120605,9.779669761657715,0.15926742553710938
43b41f97d52d5873,on_traffic_light_intersection,2021.06.21.20.58.30_veh-47_02077_03850,2021.06.21.20.58.30_veh-47_02077_03850/on_traffic_light_intersection/43b41f97d52d5873/sledge_raw.gz,static_objects,native_cache_directory,162,42,30,120,12,30,12,20.38422393798828,20.586746215820312,0.20252227783203125
e5ec7023565e5fe8,on_traffic_light_intersection,2021.05.27.14.29.03_veh-38_05249_05523,2021.05.27.14.29.03_veh-38_05249_05523/on_traffic_light_intersection/e5ec7023565e5fe8/sledge_raw.gz,vehicles,native_cache_directory,41,16,16,25,0,50,-34,38.23174285888672,,
e5ec7023565e5fe8,on_traffic_light_intersection,2021.05.27.14.29.03_veh-38_05249_05523,2021.05.27.14.29.03_veh-38_05249_05523/on_traffic_light_intersection/e5ec7023565e5fe8/sledge_raw.gz,pedestrians,native_cache_directory,68,56,20,12,36,20,36,13.737149238586426,13.921516418457031,0.18436717987060547
e5ec7023565e5fe8,on_traffic_light_intersection,2021.05.27.14.29.03_veh-38_05249_05523,2021.05.27.14.29.03_veh-38_05249_05523/on_traffic_light_intersection/e5ec7023565e5fe8/sledge_raw.gz,static_objects,native_cache_directory,133,50,30,83,20,30,20,21.811634063720703,22.229658126831055,0.41802406311035156
c5619a4468785cb6,on_traffic_light_intersection,2021.10.07.07.18.59_veh-52_01492_02358,2021.10.07.07.18.59_veh-52_01492_02358/on_traffic_light_intersection/c5619a4468785cb6/sledge_raw.gz,vehicles,native_cache_directory,3,1,1,2,0,50,-49,11.037355422973633,,
c5619a4468785cb6,on_traffic_light_intersection,2021.10.07.07.18.59_veh-52_01492_02358,2021.10.07.07.18.59_veh-52_01492_02358/on_traffic_light_intersection/c5619a4468785cb6/sledge_raw.gz,pedestrians,native_cache_directory,10,2,2,8,0,20,-18,31.41948890686035,,
c5619a4468785cb6,on_traffic_light_intersection,2021.10.07.07.18.59_veh-52_01492_02358,2021.10.07.07.18.59_veh-52_01492_02358/on_traffic_light_intersection/c5619a4468785cb6/sledge_raw.gz,static_objects,native_cache_directory,7,5,5,2,0,30,-25,31.179895401000977,,
fb8aac74920c5951,on_traffic_light_intersection,2021.09.27.03.45.53_veh-49_00573_00899,2021.09.27.03.45.53_veh-49_00573_00899/on_traffic_light_intersection/fb8aac74920c5951/sledge_raw.gz,vehicles,native_cache_directory,22,15,15,7,0,50,-35,32.28215408325195,,
fb8aac74920c5951,on_traffic_light_intersection,2021.09.27.03.45.53_veh-49_00573_00899,2021.09.27.03.45.53_veh-49_00573_00899/on_traffic_light_intersection/fb8aac74920c5951/sledge_raw.gz,pedestrians,native_cache_directory,2,2,2,0,0,20,-18,23.223918914794922,,
fb8aac74920c5951,on_traffic_light_intersection,2021.09.27.03.45.53_veh-49_00573_00899,2021.09.27.03.45.53_veh-49_00573_00899/on_traffic_light_intersection/fb8aac74920c5951/sledge_raw.gz,static_objects,native_cache_directory,0,0,0,0,0,30,-30,,,
58cd31c379ce5e02,on_traffic_light_intersection,2021.05.24.14.25.02_veh-47_00975_01374,2021.05.24.14.25.02_veh-47_00975_01374/on_traffic_light_intersection/58cd31c379ce5e02/sledge_raw.gz,vehicles,native_cache_directory,38,18,18,20,0,50,-32,36.468204498291016,,
58cd31c379ce5e02,on_traffic_light_intersection,2021.05.24.14.25.02_veh-47_00975_01374,2021.05.24.14.25.02_veh-47_00975_01374/on_traffic_light_intersection/58cd31c379ce5e02/sledge_raw.gz,pedestrians,native_cache_directory,124,31,20,93,11,20,11,20.63239860534668,25.372631072998047,4.740232467651367
58cd31c379ce5e02,on_traffic_light_intersection,2021.05.24.14.25.02_veh-47_00975_01374,2021.05.24.14.25.02_veh-47_00975_01374/on_traffic_light_intersection/58cd31c379ce5e02/sledge_raw.gz,static_objects,native_cache_directory,88,41,30,47,11,30,11,23.30152702331543,23.34365463256836,0.04212760925292969
56ae5a9027e55651,on_traffic_light_intersection,2021.07.24.22.52.16_veh-35_03236_04096,2021.07.24.22.52.16_veh-35_03236_04096/on_traffic_light_intersection/56ae5a9027e55651/sledge_raw.gz,vehicles,native_cache_directory,48,17,17,31,0,50,-33,41.65461730957031,,
56ae5a9027e55651,on_traffic_light_intersection,2021.07.24.22.52.16_veh-35_03236_04096,2021.07.24.22.52.16_veh-35_03236_04096/on_traffic_light_intersection/56ae5a9027e55651/sledge_raw.gz,pedestrians,native_cache_directory,112,43,20,69,23,20,23,17.540790557861328,17.62037467956543,0.07958412170410156
56ae5a9027e55651,on_traffic_light_intersection,2021.07.24.22.52.16_veh-35_03236_04096,2021.07.24.22.52.16_veh-35_03236_04096/on_traffic_light_intersection/56ae5a9027e55651/sledge_raw.gz,static_objects,native_cache_directory,68,44,30,24,14,30,14,27.28325653076172,27.379941940307617,0.09668540954589844
071044a83abd545d,on_traffic_light_intersection,2021.09.15.07.22.51_veh-49_00016_00341,2021.09.15.07.22.51_veh-49_00016_00341/on_traffic_light_intersection/071044a83abd545d/sledge_raw.gz,vehicles,native_cache_directory,21,17,17,4,0,50,-33,34.03254318237305,,
071044a83abd545d,on_traffic_light_intersection,2021.09.15.07.22.51_veh-49_00016_00341,2021.09.15.07.22.51_veh-49_00016_00341/on_traffic_light_intersection/071044a83abd545d/sledge_raw.gz,pedestrians,native_cache_directory,19,14,14,5,0,20,-6,26.39432144165039,,
071044a83abd545d,on_traffic_light_intersection,2021.09.15.07.22.51_veh-49_00016_00341,2021.09.15.07.22.51_veh-49_00016_00341/on_traffic_light_intersection/071044a83abd545d/sledge_raw.gz,static_objects,native_cache_directory,0,0,0,0,0,30,-30,,,
60275926dc865c93,on_traffic_light_intersection,2021.09.17.13.27.08_veh-42_01295_01490,2021.09.17.13.27.08_veh-42_01295_01490/on_traffic_light_intersection/60275926dc865c93/sledge_raw.gz,vehicles,native_cache_directory,14,6,6,8,0,50,-44,30.919960021972656,,
60275926dc865c93,on_traffic_light_intersection,2021.09.17.13.27.08_veh-42_01295_01490,2021.09.17.13.27.08_veh-42_01295_01490/on_traffic_light_intersection/60275926dc865c93/sledge_raw.gz,pedestrians,native_cache_directory,11,6,6,5,0,20,-14,25.594343185424805,,
60275926dc865c93,on_traffic_light_intersection,2021.09.17.13.27.08_veh-42_01295_01490,2021.09.17.13.27.08_veh-42_01295_01490/on_traffic_light_intersection/60275926dc865c93/sledge_raw.gz,static_objects,native_cache_directory,9,7,7,2,0,30,-23,32.33951187133789,,
b1f1ee90d8405b89,on_traffic_light_intersection,2021.08.25.19.45.41_veh-42_01035_01564,2021.08.25.19.45.41_veh-42_01035_01564/on_traffic_light_intersection/b1f1ee90d8405b89/sledge_raw.gz,vehicles,native_cache_directory,16,9,9,7,0,50,-41,30.628074645996094,,
b1f1ee90d8405b89,on_traffic_light_intersection,2021.08.25.19.45.41_veh-42_01035_01564,2021.08.25.19.45.41_veh-42_01035_01564/on_traffic_light_intersection/b1f1ee90d8405b89/sledge_raw.gz,pedestrians,native_cache_directory,9,5,5,4,0,20,-15,24.015989303588867,,
b1f1ee90d8405b89,on_traffic_light_intersection,2021.08.25.19.45.41_veh-42_01035_01564,2021.08.25.19.45.41_veh-42_01035_01564/on_traffic_light_intersection/b1f1ee90d8405b89/sledge_raw.gz,static_objects,native_cache_directory,8,3,3,5,0,30,-27,26.238052368164062,,
c9dc1f5aec245283,on_traffic_light_intersection,2021.06.10.17.22.51_veh-47_02140_02851,2021.06.10.17.22.51_veh-47_02140_02851/on_traffic_light_intersection/c9dc1f5aec245283/sledge_raw.gz,vehicles,native_cache_directory,45,29,29,16,0,50,-21,32.31593322753906,,
c9dc1f5aec245283,on_traffic_light_intersection,2021.06.10.17.22.51_veh-47_02140_02851,2021.06.10.17.22.51_veh-47_02140_02851/on_traffic_light_intersection/c9dc1f5aec245283/sledge_raw.gz,pedestrians,native_cache_directory,3,1,1,2,0,20,-19,14.747841835021973,,
c9dc1f5aec245283,on_traffic_light_intersection,2021.06.10.17.22.51_veh-47_02140_02851,2021.06.10.17.22.51_veh-47_02140_02851/on_traffic_light_intersection/c9dc1f5aec245283/sledge_raw.gz,static_objects,native_cache_directory,21,4,4,17,0,30,-26,35.33549499511719,,
50dc4fc6b17b56c4,on_traffic_light_intersection,2021.06.11.17.44.29_veh-26_05961_06259,2021.06.11.17.44.29_veh-26_05961_06259/on_traffic_light_intersection/50dc4fc6b17b56c4/sledge_raw.gz,vehicles,native_cache_directory,38,13,13,25,0,50,-37,40.015384674072266,,
50dc4fc6b17b56c4,on_traffic_light_intersection,2021.06.11.17.44.29_veh-26_05961_06259,2021.06.11.17.44.29_veh-26_05961_06259/on_traffic_light_intersection/50dc4fc6b17b56c4/sledge_raw.gz,pedestrians,native_cache_directory,44,32,20,12,12,20,12,23.256725311279297,24.44392204284668,1.1871967315673828
50dc4fc6b17b56c4,on_traffic_light_intersection,2021.06.11.17.44.29_veh-26_05961_06259,2021.06.11.17.44.29_veh-26_05961_06259/on_traffic_light_intersection/50dc4fc6b17b56c4/sledge_raw.gz,static_objects,native_cache_directory,160,52,30,108,22,30,22,21.053136825561523,21.163719177246094,0.11058235168457031
f5d3a23f7b1c5b94,on_traffic_light_intersection,2021.05.27.18.27.52_veh-38_04519_05052,2021.05.27.18.27.52_veh-38_04519_05052/on_traffic_light_intersection/f5d3a23f7b1c5b94/sledge_raw.gz,vehicles,native_cache_directory,92,28,28,64,0,50,-22,41.27519226074219,,
f5d3a23f7b1c5b94,on_traffic_light_intersection,2021.05.27.18.27.52_veh-38_04519_05052,2021.05.27.18.27.52_veh-38_04519_05052/on_traffic_light_intersection/f5d3a23f7b1c5b94/sledge_raw.gz,pedestrians,native_cache_directory,0,0,0,0,0,20,-20,,,
f5d3a23f7b1c5b94,on_traffic_light_intersection,2021.05.27.18.27.52_veh-38_04519_05052,2021.05.27.18.27.52_veh-38_04519_05052/on_traffic_light_intersection/f5d3a23f7b1c5b94/sledge_raw.gz,static_objects,native_cache_directory,1,1,1,0,0,30,-29,24.597436904907227,,
446ce697198651b9,on_traffic_light_intersection,2021.09.27.03.33.50_veh-53_00694_01088,2021.09.27.03.33.50_veh-53_00694_01088/on_traffic_light_intersection/446ce697198651b9/sledge_raw.gz,vehicles,native_cache_directory,16,9,9,7,0,50,-41,33.47225570678711,,
446ce697198651b9,on_traffic_light_intersection,2021.09.27.03.33.50_veh-53_00694_01088,2021.09.27.03.33.50_veh-53_00694_01088/on_traffic_light_intersection/446ce697198651b9/sledge_raw.gz,pedestrians,native_cache_directory,4,2,2,2,0,20,-18,17.892471313476562,,
446ce697198651b9,on_traffic_light_intersection,2021.09.27.03.33.50_veh-53_00694_01088,2021.09.27.03.33.50_veh-53_00694_01088/on_traffic_light_intersection/446ce697198651b9/sledge_raw.gz,static_objects,native_cache_directory,5,3,3,2,0,30,-27,23.675947189331055,,
d552ce0ecf0e5620,on_traffic_light_intersection,2021.07.21.18.30.29_veh-47_02334_02909,2021.07.21.18.30.29_veh-47_02334_02909/on_traffic_light_intersection/d552ce0ecf0e5620/sledge_raw.gz,vehicles,native_cache_directory,41,9,9,32,0,50,-41,41.65058135986328,,
d552ce0ecf0e5620,on_traffic_light_intersection,2021.07.21.18.30.29_veh-47_02334_02909,2021.07.21.18.30.29_veh-47_02334_02909/on_traffic_light_intersection/d552ce0ecf0e5620/sledge_raw.gz,pedestrians,native_cache_directory,144,77,20,67,57,20,57,10.795348167419434,10.842893600463867,0.047545433044433594
d552ce0ecf0e5620,on_traffic_light_intersection,2021.07.21.18.30.29_veh-47_02334_02909,2021.07.21.18.30.29_veh-47_02334_02909/on_traffic_light_intersection/d552ce0ecf0e5620/sledge_raw.gz,static_objects,native_cache_directory,186,45,30,141,15,30,15,22.231273651123047,22.491819381713867,0.2605457305908203
c9bbaffcc0a25f11,on_traffic_light_intersection,2021.07.26.01.19.38_veh-26_00110_02156,2021.07.26.01.19.38_veh-26_00110_02156/on_traffic_light_intersection/c9bbaffcc0a25f11/sledge_raw.gz,vehicles,native_cache_directory,54,11,11,43,0,50,-39,22.895599365234375,,
c9bbaffcc0a25f11,on_traffic_light_intersection,2021.07.26.01.19.38_veh-26_00110_02156,2021.07.26.01.19.38_veh-26_00110_02156/on_traffic_light_intersection/c9bbaffcc0a25f11/sledge_raw.gz,pedestrians,native_cache_directory,229,48,20,181,28,20,28,23.232933044433594,23.44457244873047,0.211639404296875
c9bbaffcc0a25f11,on_traffic_light_intersection,2021.07.26.01.19.38_veh-26_00110_02156,2021.07.26.01.19.38_veh-26_00110_02156/on_traffic_light_intersection/c9bbaffcc0a25f11/sledge_raw.gz,static_objects,native_cache_directory,160,70,30,90,40,30,40,20.41444969177246,20.73462677001953,0.3201770782470703
36199243073f568c,on_traffic_light_intersection,2021.06.01.13.47.32_veh-35_01270_02044,2021.06.01.13.47.32_veh-35_01270_02044/on_traffic_light_intersection/36199243073f568c/sledge_raw.gz,vehicles,native_cache_directory,29,16,16,13,0,50,-34,39.26603317260742,,
36199243073f568c,on_traffic_light_intersection,2021.06.01.13.47.32_veh-35_01270_02044,2021.06.01.13.47.32_veh-35_01270_02044/on_traffic_light_intersection/36199243073f568c/sledge_raw.gz,pedestrians,native_cache_directory,24,11,11,13,0,20,-9,31.581697463989258,,
36199243073f568c,on_traffic_light_intersection,2021.06.01.13.47.32_veh-35_01270_02044,2021.06.01.13.47.32_veh-35_01270_02044/on_traffic_light_intersection/36199243073f568c/sledge_raw.gz,static_objects,native_cache_directory,125,26,26,99,0,30,-4,34.34193420410156,,
88fd82801fc2532a,on_traffic_light_intersection,2021.05.17.17.32.24_veh-30_04196_04329,2021.05.17.17.32.24_veh-30_04196_04329/on_traffic_light_intersection/88fd82801fc2532a/sledge_raw.gz,vehicles,native_cache_directory,44,23,23,21,0,50,-27,34.88014221191406,,
88fd82801fc2532a,on_traffic_light_intersection,2021.05.17.17.32.24_veh-30_04196_04329,2021.05.17.17.32.24_veh-30_04196_04329/on_traffic_light_intersection/88fd82801fc2532a/sledge_raw.gz,pedestrians,native_cache_directory,77,11,11,66,0,20,-9,32.766170501708984,,
88fd82801fc2532a,on_traffic_light_intersection,2021.05.17.17.32.24_veh-30_04196_04329,2021.05.17.17.32.24_veh-30_04196_04329/on_traffic_light_intersection/88fd82801fc2532a/sledge_raw.gz,static_objects,native_cache_directory,123,44,30,79,14,30,14,25.444690704345703,26.085655212402344,0.6409645080566406
0ffbf5add3ff5f5d,on_traffic_light_intersection,2021.06.07.12.01.13_veh-47_01590_01865,2021.06.07.12.01.13_veh-47_01590_01865/on_traffic_light_intersection/0ffbf5add3ff5f5d/sledge_raw.gz,vehicles,native_cache_directory,11,8,8,3,0,50,-42,40.107242584228516,,
0ffbf5add3ff5f5d,on_traffic_light_intersection,2021.06.07.12.01.13_veh-47_01590_01865,2021.06.07.12.01.13_veh-47_01590_01865/on_traffic_light_intersection/0ffbf5add3ff5f5d/sledge_raw.gz,pedestrians,native_cache_directory,0,0,0,0,0,20,-20,,,
0ffbf5add3ff5f5d,on_traffic_light_intersection,2021.06.07.12.01.13_veh-47_01590_01865,2021.06.07.12.01.13_veh-47_01590_01865/on_traffic_light_intersection/0ffbf5add3ff5f5d/sledge_raw.gz,static_objects,native_cache_directory,20,5,5,15,0,30,-25,22.724653244018555,,
9c2a05a2844f5ca7,on_traffic_light_intersection,2021.10.11.09.08.18_veh-51_01860_02195,2021.10.11.09.08.18_veh-51_01860_02195/on_traffic_light_intersection/9c2a05a2844f5ca7/sledge_raw.gz,vehicles,native_cache_directory,6,3,3,3,0,50,-47,31.37461280822754,,
9c2a05a2844f5ca7,on_traffic_light_intersection,2021.10.11.09.08.18_veh-51_01860_02195,2021.10.11.09.08.18_veh-51_01860_02195/on_traffic_light_intersection/9c2a05a2844f5ca7/sledge_raw.gz,pedestrians,native_cache_directory,6,5,5,1,0,20,-15,31.163829803466797,,
9c2a05a2844f5ca7,on_traffic_light_intersection,2021.10.11.09.08.18_veh-51_01860_02195,2021.10.11.09.08.18_veh-51_01860_02195/on_traffic_light_intersection/9c2a05a2844f5ca7/sledge_raw.gz,static_objects,native_cache_directory,8,5,5,3,0,30,-25,33.69322204589844,,
121b94f7b98d5773,on_traffic_light_intersection,2021.06.09.12.39.51_veh-26_01653_01919,2021.06.09.12.39.51_veh-26_01653_01919/on_traffic_light_intersection/121b94f7b98d5773/sledge_raw.gz,vehicles,native_cache_directory,35,16,16,19,0,50,-34,39.07535171508789,,
121b94f7b98d5773,on_traffic_light_intersection,2021.06.09.12.39.51_veh-26_01653_01919,2021.06.09.12.39.51_veh-26_01653_01919/on_traffic_light_intersection/121b94f7b98d5773/sledge_raw.gz,pedestrians,native_cache_directory,2,0,0,2,0,20,-20,,,
121b94f7b98d5773,on_traffic_light_intersection,2021.06.09.12.39.51_veh-26_01653_01919,2021.06.09.12.39.51_veh-26_01653_01919/on_traffic_light_intersection/121b94f7b98d5773/sledge_raw.gz,static_objects,native_cache_directory,27,4,4,23,0,30,-26,29.352359771728516,,
ecc79a43c9bc5c14,on_traffic_light_intersection,2021.10.06.14.31.13_veh-28_01388_01849,2021.10.06.14.31.13_veh-28_01388_01849/on_traffic_light_intersection/ecc79a43c9bc5c14/sledge_raw.gz,vehicles,native_cache_directory,17,8,8,9,0,50,-42,33.65375900268555,,
ecc79a43c9bc5c14,on_traffic_light_intersection,2021.10.06.14.31.13_veh-28_01388_01849,2021.10.06.14.31.13_veh-28_01388_01849/on_traffic_light_intersection/ecc79a43c9bc5c14/sledge_raw.gz,pedestrians,native_cache_directory,20,10,10,10,0,20,-10,34.49771499633789,,
ecc79a43c9bc5c14,on_traffic_light_intersection,2021.10.06.14.31.13_veh-28_01388_01849,2021.10.06.14.31.13_veh-28_01388_01849/on_traffic_light_intersection/ecc79a43c9bc5c14/sledge_raw.gz,static_objects,native_cache_directory,5,4,4,1,0,30,-26,26.028621673583984,,
73bc9e32527b5afb,on_traffic_light_intersection,2021.06.12.13.22.09_veh-47_01602_01930,2021.06.12.13.22.09_veh-47_01602_01930/on_traffic_light_intersection/73bc9e32527b5afb/sledge_raw.gz,vehicles,native_cache_directory,21,14,14,7,0,50,-36,32.437252044677734,,
73bc9e32527b5afb,on_traffic_light_intersection,2021.06.12.13.22.09_veh-47_01602_01930,2021.06.12.13.22.09_veh-47_01602_01930/on_traffic_light_intersection/73bc9e32527b5afb/sledge_raw.gz,pedestrians,native_cache_directory,55,43,20,12,23,20,23,15.583404541015625,15.733609199523926,0.15020465850830078
73bc9e32527b5afb,on_traffic_light_intersection,2021.06.12.13.22.09_veh-47_01602_01930,2021.06.12.13.22.09_veh-47_01602_01930/on_traffic_light_intersection/73bc9e32527b5afb/sledge_raw.gz,static_objects,native_cache_directory,130,32,30,98,2,30,2,31.382110595703125,32.75980758666992,1.3776969909667969
3c223bfec0205cb3,on_traffic_light_intersection,2021.09.02.07.45.36_veh-53_00954_01595,2021.09.02.07.45.36_veh-53_00954_01595/on_traffic_light_intersection/3c223bfec0205cb3/sledge_raw.gz,vehicles,native_cache_directory,8,4,4,4,0,50,-46,26.420455932617188,,
3c223bfec0205cb3,on_traffic_light_intersection,2021.09.02.07.45.36_veh-53_00954_01595,2021.09.02.07.45.36_veh-53_00954_01595/on_traffic_light_intersection/3c223bfec0205cb3/sledge_raw.gz,pedestrians,native_cache_directory,5,2,2,3,0,20,-18,35.07450485229492,,
3c223bfec0205cb3,on_traffic_light_intersection,2021.09.02.07.45.36_veh-53_00954_01595,2021.09.02.07.45.36_veh-53_00954_01595/on_traffic_light_intersection/3c223bfec0205cb3/sledge_raw.gz,static_objects,native_cache_directory,3,0,0,3,0,30,-30,,,
9ab92bff13025c6f,on_traffic_light_intersection,2021.09.20.06.51.19_veh-51_00082_00628,2021.09.20.06.51.19_veh-51_00082_00628/on_traffic_light_intersection/9ab92bff13025c6f/sledge_raw.gz,vehicles,native_cache_directory,2,2,2,0,0,50,-48,15.636456489562988,,
9ab92bff13025c6f,on_traffic_light_intersection,2021.09.20.06.51.19_veh-51_00082_00628,2021.09.20.06.51.19_veh-51_00082_00628/on_traffic_light_intersection/9ab92bff13025c6f/sledge_raw.gz,pedestrians,native_cache_directory,6,1,1,5,0,20,-19,30.788856506347656,,
9ab92bff13025c6f,on_traffic_light_intersection,2021.09.20.06.51.19_veh-51_00082_00628,2021.09.20.06.51.19_veh-51_00082_00628/on_traffic_light_intersection/9ab92bff13025c6f/sledge_raw.gz,static_objects,native_cache_directory,13,4,4,9,0,30,-26,37.33174514770508,,
92cad93cce745b3d,on_traffic_light_intersection,2021.07.14.17.11.00_veh-12_03279_04045,2021.07.14.17.11.00_veh-12_03279_04045/on_traffic_light_intersection/92cad93cce745b3d/sledge_raw.gz,vehicles,native_cache_directory,28,9,9,19,0,50,-41,30.341110229492188,,
92cad93cce745b3d,on_traffic_light_intersection,2021.07.14.17.11.00_veh-12_03279_04045,2021.07.14.17.11.00_veh-12_03279_04045/on_traffic_light_intersection/92cad93cce745b3d/sledge_raw.gz,pedestrians,native_cache_directory,27,7,7,20,0,20,-13,38.78656005859375,,
92cad93cce745b3d,on_traffic_light_intersection,2021.07.14.17.11.00_veh-12_03279_04045,2021.07.14.17.11.00_veh-12_03279_04045/on_traffic_light_intersection/92cad93cce745b3d/sledge_raw.gz,static_objects,native_cache_directory,60,24,24,36,0,30,-6,44.630638122558594,,
b5106803cbd15030,on_traffic_light_intersection,2021.07.13.17.36.02_veh-12_03512_05167,2021.07.13.17.36.02_veh-12_03512_05167/on_traffic_light_intersection/b5106803cbd15030/sledge_raw.gz,vehicles,native_cache_directory,24,12,12,12,0,50,-38,38.91325378417969,,
b5106803cbd15030,on_traffic_light_intersection,2021.07.13.17.36.02_veh-12_03512_05167,2021.07.13.17.36.02_veh-12_03512_05167/on_traffic_light_intersection/b5106803cbd15030/sledge_raw.gz,pedestrians,native_cache_directory,46,13,13,33,0,20,-7,43.316734313964844,,
b5106803cbd15030,on_traffic_light_intersection,2021.07.13.17.36.02_veh-12_03512_05167,2021.07.13.17.36.02_veh-12_03512_05167/on_traffic_light_intersection/b5106803cbd15030/sledge_raw.gz,static_objects,native_cache_directory,188,36,30,152,6,30,6,30.664884567260742,31.222021102905273,0.5571365356445312
999f37fe5cf75f53,on_traffic_light_intersection,2021.06.12.13.57.31_veh-38_03696_03947,2021.06.12.13.57.31_veh-38_03696_03947/on_traffic_light_intersection/999f37fe5cf75f53/sledge_raw.gz,vehicles,native_cache_directory,54,26,26,28,0,50,-24,40.979103088378906,,
999f37fe5cf75f53,on_traffic_light_intersection,2021.06.12.13.57.31_veh-38_03696_03947,2021.06.12.13.57.31_veh-38_03696_03947/on_traffic_light_intersection/999f37fe5cf75f53/sledge_raw.gz,pedestrians,native_cache_directory,1,0,0,1,0,20,-20,,,
999f37fe5cf75f53,on_traffic_light_intersection,2021.06.12.13.57.31_veh-38_03696_03947,2021.06.12.13.57.31_veh-38_03696_03947/on_traffic_light_intersection/999f37fe5cf75f53/sledge_raw.gz,static_objects,native_cache_directory,17,3,3,14,0,30,-27,17.439197540283203,,
d9b5f70abfde5741,on_traffic_light_intersection,2021.06.21.23.10.22_veh-47_02909_03392,2021.06.21.23.10.22_veh-47_02909_03392/on_traffic_light_intersection/d9b5f70abfde5741/sledge_raw.gz,vehicles,native_cache_directory,46,9,9,37,0,50,-41,32.27656173706055,,
d9b5f70abfde5741,on_traffic_light_intersection,2021.06.21.23.10.22_veh-47_02909_03392,2021.06.21.23.10.22_veh-47_02909_03392/on_traffic_light_intersection/d9b5f70abfde5741/sledge_raw.gz,pedestrians,native_cache_directory,112,14,14,98,0,20,-6,31.52988624572754,,
d9b5f70abfde5741,on_traffic_light_intersection,2021.06.21.23.10.22_veh-47_02909_03392,2021.06.21.23.10.22_veh-47_02909_03392/on_traffic_light_intersection/d9b5f70abfde5741/sledge_raw.gz,static_objects,native_cache_directory,191,70,30,121,40,30,40,22.696413040161133,23.17021369934082,0.4738006591796875
9ed9d2cb77ba5da7,on_traffic_light_intersection,2021.05.21.13.41.26_veh-12_00161_00720,2021.05.21.13.41.26_veh-12_00161_00720/on_traffic_light_intersection/9ed9d2cb77ba5da7/sledge_raw.gz,vehicles,native_cache_directory,16,3,3,13,0,50,-47,24.738279342651367,,
9ed9d2cb77ba5da7,on_traffic_light_intersection,2021.05.21.13.41.26_veh-12_00161_00720,2021.05.21.13.41.26_veh-12_00161_00720/on_traffic_light_intersection/9ed9d2cb77ba5da7/sledge_raw.gz,pedestrians,native_cache_directory,39,26,20,13,6,20,6,26.413118362426758,27.39780616760254,0.9846878051757812
9ed9d2cb77ba5da7,on_traffic_light_intersection,2021.05.21.13.41.26_veh-12_00161_00720,2021.05.21.13.41.26_veh-12_00161_00720/on_traffic_light_intersection/9ed9d2cb77ba5da7/sledge_raw.gz,static_objects,native_cache_directory,68,34,30,34,4,30,4,27.053678512573242,28.14949607849121,1.0958175659179688
0bb47d48666e50f2,on_traffic_light_intersection,2021.07.22.16.04.21_veh-35_02539_05454,2021.07.22.16.04.21_veh-35_02539_05454/on_traffic_light_intersection/0bb47d48666e50f2/sledge_raw.gz,vehicles,native_cache_directory,41,12,12,29,0,50,-38,34.07087707519531,,
0bb47d48666e50f2,on_traffic_light_intersection,2021.07.22.16.04.21_veh-35_02539_05454,2021.07.22.16.04.21_veh-35_02539_05454/on_traffic_light_intersection/0bb47d48666e50f2/sledge_raw.gz,pedestrians,native_cache_directory,51,27,20,24,7,20,7,27.898855209350586,28.551239013671875,0.6523838043212891
0bb47d48666e50f2,on_traffic_light_intersection,2021.07.22.16.04.21_veh-35_02539_05454,2021.07.22.16.04.21_veh-35_02539_05454/on_traffic_light_intersection/0bb47d48666e50f2/sledge_raw.gz,static_objects,native_cache_directory,78,42,30,36,12,30,12,20.860719680786133,23.17264747619629,2.3119277954101562
8e884ed334cd5466,on_traffic_light_intersection,2021.06.25.21.24.42_veh-47_03710_04436,2021.06.25.21.24.42_veh-47_03710_04436/on_traffic_light_intersection/8e884ed334cd5466/sledge_raw.gz,vehicles,native_cache_directory,35,9,9,26,0,50,-41,34.27577590942383,,
8e884ed334cd5466,on_traffic_light_intersection,2021.06.25.21.24.42_veh-47_03710_04436,2021.06.25.21.24.42_veh-47_03710_04436/on_traffic_light_intersection/8e884ed334cd5466/sledge_raw.gz,pedestrians,native_cache_directory,180,80,20,100,60,20,60,11.243170738220215,13.041938781738281,1.7987680435180664
8e884ed334cd5466,on_traffic_light_intersection,2021.06.25.21.24.42_veh-47_03710_04436,2021.06.25.21.24.42_veh-47_03710_04436/on_traffic_light_intersection/8e884ed334cd5466/sledge_raw.gz,static_objects,native_cache_directory,145,62,30,83,32,30,32,18.089706420898438,18.789690017700195,0.6999835968017578
bdf55304c6fa5c2d,on_traffic_light_intersection,2021.09.23.03.40.18_veh-49_00005_00350,2021.09.23.03.40.18_veh-49_00005_00350/on_traffic_light_intersection/bdf55304c6fa5c2d/sledge_raw.gz,vehicles,native_cache_directory,19,12,12,7,0,50,-38,36.15966033935547,,
bdf55304c6fa5c2d,on_traffic_light_intersection,2021.09.23.03.40.18_veh-49_00005_00350,2021.09.23.03.40.18_veh-49_00005_00350/on_traffic_light_intersection/bdf55304c6fa5c2d/sledge_raw.gz,pedestrians,native_cache_directory,2,1,1,1,0,20,-19,18.190465927124023,,
bdf55304c6fa5c2d,on_traffic_light_intersection,2021.09.23.03.40.18_veh-49_00005_00350,2021.09.23.03.40.18_veh-49_00005_00350/on_traffic_light_intersection/bdf55304c6fa5c2d/sledge_raw.gz,static_objects,native_cache_directory,0,0,0,0,0,30,-30,,,
38d856e748085fe1,on_traffic_light_intersection,2021.06.24.14.54.04_veh-16_00005_02926,2021.06.24.14.54.04_veh-16_00005_02926/on_traffic_light_intersection/38d856e748085fe1/sledge_raw.gz,vehicles,native_cache_directory,24,4,4,20,0,50,-46,10.156269073486328,,
38d856e748085fe1,on_traffic_light_intersection,2021.06.24.14.54.04_veh-16_00005_02926,2021.06.24.14.54.04_veh-16_00005_02926/on_traffic_light_intersection/38d856e748085fe1/sledge_raw.gz,pedestrians,native_cache_directory,1,0,0,1,0,20,-20,,,
38d856e748085fe1,on_traffic_light_intersection,2021.06.24.14.54.04_veh-16_00005_02926,2021.06.24.14.54.04_veh-16_00005_02926/on_traffic_light_intersection/38d856e748085fe1/sledge_raw.gz,static_objects,native_cache_directory,98,48,30,50,18,30,18,22.848615646362305,24.233373641967773,1.3847579956054688
1f3592d6c28159d9,on_traffic_light_intersection,2021.06.02.14.28.00_veh-16_02454_02943,2021.06.02.14.28.00_veh-16_02454_02943/on_traffic_light_intersection/1f3592d6c28159d9/sledge_raw.gz,vehicles,native_cache_directory,21,10,10,11,0,50,-40,28.200401306152344,,
1f3592d6c28159d9,on_traffic_light_intersection,2021.06.02.14.28.00_veh-16_02454_02943,2021.06.02.14.28.00_veh-16_02454_02943/on_traffic_light_intersection/1f3592d6c28159d9/sledge_raw.gz,pedestrians,native_cache_directory,49,17,17,32,0,20,-3,33.12059783935547,,
1f3592d6c28159d9,on_traffic_light_intersection,2021.06.02.14.28.00_veh-16_02454_02943,2021.06.02.14.28.00_veh-16_02454_02943/on_traffic_light_intersection/1f3592d6c28159d9/sledge_raw.gz,static_objects,native_cache_directory,120,33,30,87,3,30,3,29.37173080444336,31.384315490722656,2.012584686279297
68131a27b65b5f66,on_traffic_light_intersection,2021.07.13.20.25.13_veh-26_02673_04797,2021.07.13.20.25.13_veh-26_02673_04797/on_traffic_light_intersection/68131a27b65b5f66/sledge_raw.gz,vehicles,native_cache_directory,43,11,11,32,0,50,-39,33.412967681884766,,
68131a27b65b5f66,on_traffic_light_intersection,2021.07.13.20.25.13_veh-26_02673_04797,2021.07.13.20.25.13_veh-26_02673_04797/on_traffic_light_intersection/68131a27b65b5f66/sledge_raw.gz,pedestrians,native_cache_directory,96,45,20,51,25,20,25,13.581245422363281,13.736390113830566,0.15514469146728516
68131a27b65b5f66,on_traffic_light_intersection,2021.07.13.20.25.13_veh-26_02673_04797,2021.07.13.20.25.13_veh-26_02673_04797/on_traffic_light_intersection/68131a27b65b5f66/sledge_raw.gz,static_objects,native_cache_directory,85,38,30,47,8,30,8,24.185792922973633,24.602514266967773,0.4167213439941406
e0503ef098975baf,on_traffic_light_intersection,2021.06.11.12.18.41_veh-38_04822_05311,2021.06.11.12.18.41_veh-38_04822_05311/on_traffic_light_intersection/e0503ef098975baf/sledge_raw.gz,vehicles,native_cache_directory,38,10,10,28,0,50,-40,37.17377471923828,,
e0503ef098975baf,on_traffic_light_intersection,2021.06.11.12.18.41_veh-38_04822_05311,2021.06.11.12.18.41_veh-38_04822_05311/on_traffic_light_intersection/e0503ef098975baf/sledge_raw.gz,pedestrians,native_cache_directory,136,14,14,122,0,20,-6,29.724729537963867,,
e0503ef098975baf,on_traffic_light_intersection,2021.06.11.12.18.41_veh-38_04822_05311,2021.06.11.12.18.41_veh-38_04822_05311/on_traffic_light_intersection/e0503ef098975baf/sledge_raw.gz,static_objects,native_cache_directory,194,68,30,126,38,30,38,18.731977462768555,19.16851234436035,0.4365348815917969
f9d7652aa4925c8d,on_traffic_light_intersection,2021.06.15.15.06.36_veh-47_01157_01654,2021.06.15.15.06.36_veh-47_01157_01654/on_traffic_light_intersection/f9d7652aa4925c8d/sledge_raw.gz,vehicles,native_cache_directory,24,16,16,8,0,50,-34,27.63225555419922,,
f9d7652aa4925c8d,on_traffic_light_intersection,2021.06.15.15.06.36_veh-47_01157_01654,2021.06.15.15.06.36_veh-47_01157_01654/on_traffic_light_intersection/f9d7652aa4925c8d/sledge_raw.gz,pedestrians,native_cache_directory,13,10,10,3,0,20,-10,36.43722152709961,,
f9d7652aa4925c8d,on_traffic_light_intersection,2021.06.15.15.06.36_veh-47_01157_01654,2021.06.15.15.06.36_veh-47_01157_01654/on_traffic_light_intersection/f9d7652aa4925c8d/sledge_raw.gz,static_objects,native_cache_directory,29,24,24,5,0,30,-6,29.786922454833984,,
aa53fc754a785966,on_traffic_light_intersection,2021.07.13.18.35.46_veh-35_01000_04898,2021.07.13.18.35.46_veh-35_01000_04898/on_traffic_light_intersection/aa53fc754a785966/sledge_raw.gz,vehicles,native_cache_directory,40,7,7,33,0,50,-43,37.296897888183594,,
aa53fc754a785966,on_traffic_light_intersection,2021.07.13.18.35.46_veh-35_01000_04898,2021.07.13.18.35.46_veh-35_01000_04898/on_traffic_light_intersection/aa53fc754a785966/sledge_raw.gz,pedestrians,native_cache_directory,94,2,2,92,0,20,-18,41.970664978027344,,
aa53fc754a785966,on_traffic_light_intersection,2021.07.13.18.35.46_veh-35_01000_04898,2021.07.13.18.35.46_veh-35_01000_04898/on_traffic_light_intersection/aa53fc754a785966/sledge_raw.gz,static_objects,native_cache_directory,175,67,30,108,37,30,37,27.159940719604492,27.709362030029297,0.5494213104248047
5f9a884ca4d85751,on_traffic_light_intersection,2021.09.30.19.04.00_veh-28_00117_00539,2021.09.30.19.04.00_veh-28_00117_00539/on_traffic_light_intersection/5f9a884ca4d85751/sledge_raw.gz,vehicles,native_cache_directory,20,10,10,10,0,50,-40,34.81340408325195,,
5f9a884ca4d85751,on_traffic_light_intersection,2021.09.30.19.04.00_veh-28_00117_00539,2021.09.30.19.04.00_veh-28_00117_00539/on_traffic_light_intersection/5f9a884ca4d85751/sledge_raw.gz,pedestrians,native_cache_directory,40,19,19,21,0,20,-1,36.61254119873047,,
5f9a884ca4d85751,on_traffic_light_intersection,2021.09.30.19.04.00_veh-28_00117_00539,2021.09.30.19.04.00_veh-28_00117_00539/on_traffic_light_intersection/5f9a884ca4d85751/sledge_raw.gz,static_objects,native_cache_directory,5,4,4,1,0,30,-26,25.08340072631836,,
ecc449aa9cc95b42,on_traffic_light_intersection,2021.07.21.22.59.47_veh-38_00811_01640,2021.07.21.22.59.47_veh-38_00811_01640/on_traffic_light_intersection/ecc449aa9cc95b42/sledge_raw.gz,vehicles,native_cache_directory,51,26,26,25,0,50,-24,40.8459358215332,,
ecc449aa9cc95b42,on_traffic_light_intersection,2021.07.21.22.59.47_veh-38_00811_01640,2021.07.21.22.59.47_veh-38_00811_01640/on_traffic_light_intersection/ecc449aa9cc95b42/sledge_raw.gz,pedestrians,native_cache_directory,157,39,20,118,19,20,19,32.5577507019043,32.83108901977539,0.27333831787109375
ecc449aa9cc95b42,on_traffic_light_intersection,2021.07.21.22.59.47_veh-38_00811_01640,2021.07.21.22.59.47_veh-38_00811_01640/on_traffic_light_intersection/ecc449aa9cc95b42/sledge_raw.gz,static_objects,native_cache_directory,170,86,30,84,56,30,56,23.13417625427246,23.26189613342285,0.12771987915039062
6d5736448f925592,on_traffic_light_intersection,2021.06.12.11.42.45_veh-47_04849_05115,2021.06.12.11.42.45_veh-47_04849_05115/on_traffic_light_intersection/6d5736448f925592/sledge_raw.gz,vehicles,native_cache_directory,41,27,27,14,0,50,-23,37.37665939331055,,
6d5736448f925592,on_traffic_light_intersection,2021.06.12.11.42.45_veh-47_04849_05115,2021.06.12.11.42.45_veh-47_04849_05115/on_traffic_light_intersection/6d5736448f925592/sledge_raw.gz,pedestrians,native_cache_directory,0,0,0,0,0,20,-20,,,
6d5736448f925592,on_traffic_light_intersection,2021.06.12.11.42.45_veh-47_04849_05115,2021.06.12.11.42.45_veh-47_04849_05115/on_traffic_light_intersection/6d5736448f925592/sledge_raw.gz,static_objects,native_cache_directory,16,1,1,15,0,30,-29,10.018614768981934,,
c8e39ae3907854d7,on_traffic_light_intersection,2021.06.14.17.26.26_veh-38_01860_02729,2021.06.14.17.26.26_veh-38_01860_02729/on_traffic_light_intersection/c8e39ae3907854d7/sledge_raw.gz,vehicles,native_cache_directory,70,18,18,52,0,50,-32,41.116363525390625,,
c8e39ae3907854d7,on_traffic_light_intersection,2021.06.14.17.26.26_veh-38_01860_02729,2021.06.14.17.26.26_veh-38_01860_02729/on_traffic_light_intersection/c8e39ae3907854d7/sledge_raw.gz,pedestrians,native_cache_directory,2,0,0,2,0,20,-20,,,
c8e39ae3907854d7,on_traffic_light_intersection,2021.06.14.17.26.26_veh-38_01860_02729,2021.06.14.17.26.26_veh-38_01860_02729/on_traffic_light_intersection/c8e39ae3907854d7/sledge_raw.gz,static_objects,native_cache_directory,1,1,1,0,0,30,-29,23.975677490234375,,
a3c26a1dc673545f,on_traffic_light_intersection,2021.06.21.18.10.43_veh-47_01304_02309,2021.06.21.18.10.43_veh-47_01304_02309/on_traffic_light_intersection/a3c26a1dc673545f/sledge_raw.gz,vehicles,native_cache_directory,27,4,4,23,0,50,-46,33.7728157043457,,
a3c26a1dc673545f,on_traffic_light_intersection,2021.06.21.18.10.43_veh-47_01304_02309,2021.06.21.18.10.43_veh-47_01304_02309/on_traffic_light_intersection/a3c26a1dc673545f/sledge_raw.gz,pedestrians,native_cache_directory,112,43,20,69,23,20,23,23.8914737701416,24.000858306884766,0.10938453674316406
a3c26a1dc673545f,on_traffic_light_intersection,2021.06.21.18.10.43_veh-47_01304_02309,2021.06.21.18.10.43_veh-47_01304_02309/on_traffic_light_intersection/a3c26a1dc673545f/sledge_raw.gz,static_objects,native_cache_directory,177,44,30,133,14,30,14,20.104948043823242,20.17715835571289,0.07221031188964844
0b6323e3a0eb5645,on_traffic_light_intersection,2021.06.10.18.43.22_veh-16_02719_03772,2021.06.10.18.43.22_veh-16_02719_03772/on_traffic_light_intersection/0b6323e3a0eb5645/sledge_raw.gz,vehicles,native_cache_directory,8,4,4,4,0,50,-46,26.911649703979492,,
0b6323e3a0eb5645,on_traffic_light_intersection,2021.06.10.18.43.22_veh-16_02719_03772,2021.06.10.18.43.22_veh-16_02719_03772/on_traffic_light_intersection/0b6323e3a0eb5645/sledge_raw.gz,pedestrians,native_cache_directory,3,0,0,3,0,20,-20,,,
0b6323e3a0eb5645,on_traffic_light_intersection,2021.06.10.18.43.22_veh-16_02719_03772,2021.06.10.18.43.22_veh-16_02719_03772/on_traffic_light_intersection/0b6323e3a0eb5645/sledge_raw.gz,static_objects,native_cache_directory,14,3,3,11,0,30,-27,25.553556442260742,,
a9eeedffb6a65a14,on_traffic_light_intersection,2021.09.28.00.35.22_veh-49_00016_00601,2021.09.28.00.35.22_veh-49_00016_00601/on_traffic_light_intersection/a9eeedffb6a65a14/sledge_raw.gz,vehicles,native_cache_directory,21,16,16,5,0,50,-34,34.67490768432617,,
a9eeedffb6a65a14,on_traffic_light_intersection,2021.09.28.00.35.22_veh-49_00016_00601,2021.09.28.00.35.22_veh-49_00016_00601/on_traffic_light_intersection/a9eeedffb6a65a14/sledge_raw.gz,pedestrians,native_cache_directory,13,5,5,8,0,20,-15,32.005340576171875,,
a9eeedffb6a65a14,on_traffic_light_intersection,2021.09.28.00.35.22_veh-49_00016_00601,2021.09.28.00.35.22_veh-49_00016_00601/on_traffic_light_intersection/a9eeedffb6a65a14/sledge_raw.gz,static_objects,native_cache_directory,0,0,0,0,0,30,-30,,,
b7d7927547175f02,on_traffic_light_intersection,2021.05.21.12.42.04_veh-35_04166_04547,2021.05.21.12.42.04_veh-35_04166_04547/on_traffic_light_intersection/b7d7927547175f02/sledge_raw.gz,vehicles,native_cache_directory,23,10,10,13,0,50,-40,26.75457763671875,,
b7d7927547175f02,on_traffic_light_intersection,2021.05.21.12.42.04_veh-35_04166_04547,2021.05.21.12.42.04_veh-35_04166_04547/on_traffic_light_intersection/b7d7927547175f02/sledge_raw.gz,pedestrians,native_cache_directory,122,61,20,61,41,20,41,11.369085311889648,11.70785140991211,0.33876609802246094
b7d7927547175f02,on_traffic_light_intersection,2021.05.21.12.42.04_veh-35_04166_04547,2021.05.21.12.42.04_veh-35_04166_04547/on_traffic_light_intersection/b7d7927547175f02/sledge_raw.gz,static_objects,native_cache_directory,79,37,30,42,7,30,7,21.12792205810547,22.51426124572754,1.3863391876220703
884af14a46b1539c,on_traffic_light_intersection,2021.10.04.05.45.21_veh-49_00200_00626,2021.10.04.05.45.21_veh-49_00200_00626/on_traffic_light_intersection/884af14a46b1539c/sledge_raw.gz,vehicles,native_cache_directory,15,12,12,3,0,50,-38,35.16378402709961,,
884af14a46b1539c,on_traffic_light_intersection,2021.10.04.05.45.21_veh-49_00200_00626,2021.10.04.05.45.21_veh-49_00200_00626/on_traffic_light_intersection/884af14a46b1539c/sledge_raw.gz,pedestrians,native_cache_directory,3,1,1,2,0,20,-19,13.681849479675293,,
884af14a46b1539c,on_traffic_light_intersection,2021.10.04.05.45.21_veh-49_00200_00626,2021.10.04.05.45.21_veh-49_00200_00626/on_traffic_light_intersection/884af14a46b1539c/sledge_raw.gz,static_objects,native_cache_directory,7,3,3,4,0,30,-27,22.847658157348633,,
ef42f1b34f055a88,on_traffic_light_intersection,2021.09.17.19.38.59_veh-08_00199_01050,2021.09.17.19.38.59_veh-08_00199_01050/on_traffic_light_intersection/ef42f1b34f055a88/sledge_raw.gz,vehicles,native_cache_directory,17,7,7,10,0,50,-43,36.55853271484375,,
ef42f1b34f055a88,on_traffic_light_intersection,2021.09.17.19.38.59_veh-08_00199_01050,2021.09.17.19.38.59_veh-08_00199_01050/on_traffic_light_intersection/ef42f1b34f055a88/sledge_raw.gz,pedestrians,native_cache_directory,0,0,0,0,0,20,-20,,,
ef42f1b34f055a88,on_traffic_light_intersection,2021.09.17.19.38.59_veh-08_00199_01050,2021.09.17.19.38.59_veh-08_00199_01050/on_traffic_light_intersection/ef42f1b34f055a88/sledge_raw.gz,static_objects,native_cache_directory,2,2,2,0,0,30,-28,26.995439529418945,,
3e48bc5fa6895f19,on_traffic_light_intersection,2021.07.09.20.59.12_veh-38_02064_03281,2021.07.09.20.59.12_veh-38_02064_03281/on_traffic_light_intersection/3e48bc5fa6895f19/sledge_raw.gz,vehicles,native_cache_directory,49,30,30,19,0,50,-20,30.494497299194336,,
3e48bc5fa6895f19,on_traffic_light_intersection,2021.07.09.20.59.12_veh-38_02064_03281,2021.07.09.20.59.12_veh-38_02064_03281/on_traffic_light_intersection/3e48bc5fa6895f19/sledge_raw.gz,pedestrians,native_cache_directory,1,1,1,0,0,20,-19,30.99675941467285,,
3e48bc5fa6895f19,on_traffic_light_intersection,2021.07.09.20.59.12_veh-38_02064_03281,2021.07.09.20.59.12_veh-38_02064_03281/on_traffic_light_intersection/3e48bc5fa6895f19/sledge_raw.gz,static_objects,native_cache_directory,17,0,0,17,0,30,-30,,,
2e542ca905bc5f78,on_traffic_light_intersection,2021.08.25.14.12.46_veh-08_02563_02869,2021.08.25.14.12.46_veh-08_02563_02869/on_traffic_light_intersection/2e542ca905bc5f78/sledge_raw.gz,vehicles,native_cache_directory,11,2,2,9,0,50,-48,33.37823486328125,,
2e542ca905bc5f78,on_traffic_light_intersection,2021.08.25.14.12.46_veh-08_02563_02869,2021.08.25.14.12.46_veh-08_02563_02869/on_traffic_light_intersection/2e542ca905bc5f78/sledge_raw.gz,pedestrians,native_cache_directory,0,0,0,0,0,20,-20,,,
2e542ca905bc5f78,on_traffic_light_intersection,2021.08.25.14.12.46_veh-08_02563_02869,2021.08.25.14.12.46_veh-08_02563_02869/on_traffic_light_intersection/2e542ca905bc5f78/sledge_raw.gz,static_objects,native_cache_directory,1,1,1,0,0,30,-29,24.937095642089844,,
aa40c9925f8b53e7,on_traffic_light_intersection,2021.06.04.17.09.53_veh-47_02307_02726,2021.06.04.17.09.53_veh-47_02307_02726/on_traffic_light_intersection/aa40c9925f8b53e7/sledge_raw.gz,vehicles,native_cache_directory,43,23,23,20,0,50,-27,34.44023132324219,,
aa40c9925f8b53e7,on_traffic_light_intersection,2021.06.04.17.09.53_veh-47_02307_02726,2021.06.04.17.09.53_veh-47_02307_02726/on_traffic_light_intersection/aa40c9925f8b53e7/sledge_raw.gz,pedestrians,native_cache_directory,2,1,1,1,0,20,-19,28.430713653564453,,
aa40c9925f8b53e7,on_traffic_light_intersection,2021.06.04.17.09.53_veh-47_02307_02726,2021.06.04.17.09.53_veh-47_02307_02726/on_traffic_light_intersection/aa40c9925f8b53e7/sledge_raw.gz,static_objects,native_cache_directory,172,38,30,134,8,30,8,31.728609085083008,32.0160026550293,0.28739356994628906
93e758bc4ee7526a,on_traffic_light_intersection,2021.06.30.15.59.35_veh-38_04514_05250,2021.06.30.15.59.35_veh-38_04514_05250/on_traffic_light_intersection/93e758bc4ee7526a/sledge_raw.gz,vehicles,native_cache_directory,38,14,14,24,0,50,-36,32.298675537109375,,
93e758bc4ee7526a,on_traffic_light_intersection,2021.06.30.15.59.35_veh-38_04514_05250,2021.06.30.15.59.35_veh-38_04514_05250/on_traffic_light_intersection/93e758bc4ee7526a/sledge_raw.gz,pedestrians,native_cache_directory,10,4,4,6,0,20,-16,31.450267791748047,,
93e758bc4ee7526a,on_traffic_light_intersection,2021.06.30.15.59.35_veh-38_04514_05250,2021.06.30.15.59.35_veh-38_04514_05250/on_traffic_light_intersection/93e758bc4ee7526a/sledge_raw.gz,static_objects,native_cache_directory,157,47,30,110,17,30,17,17.34828758239746,18.325639724731445,0.9773521423339844
fd3fa5d019585e27,on_traffic_light_intersection,2021.06.08.14.57.07_veh-47_01556_01964,2021.06.08.14.57.07_veh-47_01556_01964/on_traffic_light_intersection/fd3fa5d019585e27/sledge_raw.gz,vehicles,native_cache_directory,27,9,9,18,0,50,-41,31.53917121887207,,
fd3fa5d019585e27,on_traffic_light_intersection,2021.06.08.14.57.07_veh-47_01556_01964,2021.06.08.14.57.07_veh-47_01556_01964/on_traffic_light_intersection/fd3fa5d019585e27/sledge_raw.gz,pedestrians,native_cache_directory,100,36,20,64,16,20,16,14.684043884277344,15.462492942810059,0.7784490585327148
fd3fa5d019585e27,on_traffic_light_intersection,2021.06.08.14.57.07_veh-47_01556_01964,2021.06.08.14.57.07_veh-47_01556_01964/on_traffic_light_intersection/fd3fa5d019585e27/sledge_raw.gz,static_objects,native_cache_directory,93,44,30,49,14,30,14,23.247703552246094,24.1484375,0.9007339477539062
73938420bafd56f0,on_traffic_light_intersection,2021.07.21.21.27.19_veh-47_02581_04848,2021.07.21.21.27.19_veh-47_02581_04848/on_traffic_light_intersection/73938420bafd56f0/sledge_raw.gz,vehicles,native_cache_directory,51,13,13,38,0,50,-37,38.057613372802734,,
73938420bafd56f0,on_traffic_light_intersection,2021.07.21.21.27.19_veh-47_02581_04848,2021.07.21.21.27.19_veh-47_02581_04848/on_traffic_light_intersection/73938420bafd56f0/sledge_raw.gz,pedestrians,native_cache_directory,178,43,20,135,23,20,23,35.84678649902344,35.93910598754883,0.09231948852539062
73938420bafd56f0,on_traffic_light_intersection,2021.07.21.21.27.19_veh-47_02581_04848,2021.07.21.21.27.19_veh-47_02581_04848/on_traffic_light_intersection/73938420bafd56f0/sledge_raw.gz,static_objects,native_cache_directory,165,104,30,61,74,30,74,20.229211807250977,20.31127166748047,0.08205986022949219
c70f742e59a45861,on_traffic_light_intersection,2021.07.21.01.44.59_veh-12_00005_00559,2021.07.21.01.44.59_veh-12_00005_00559/on_traffic_light_intersection/c70f742e59a45861/sledge_raw.gz,vehicles,native_cache_directory,39,18,18,21,0,50,-32,31.436182022094727,,
c70f742e59a45861,on_traffic_light_intersection,2021.07.21.01.44.59_veh-12_00005_00559,2021.07.21.01.44.59_veh-12_00005_00559/on_traffic_light_intersection/c70f742e59a45861/sledge_raw.gz,pedestrians,native_cache_directory,33,16,16,17,0,20,-4,37.26750183105469,,
c70f742e59a45861,on_traffic_light_intersection,2021.07.21.01.44.59_veh-12_00005_00559,2021.07.21.01.44.59_veh-12_00005_00559/on_traffic_light_intersection/c70f742e59a45861/sledge_raw.gz,static_objects,native_cache_directory,85,60,30,25,30,30,30,17.482500076293945,17.91481590270996,0.4323158264160156
daf98668675e54fd,on_traffic_light_intersection,2021.06.14.13.27.42_veh-35_02614_02842,2021.06.14.13.27.42_veh-35_02614_02842/on_traffic_light_intersection/daf98668675e54fd/sledge_raw.gz,vehicles,native_cache_directory,35,3,3,32,0,50,-47,9.427936553955078,,
daf98668675e54fd,on_traffic_light_intersection,2021.06.14.13.27.42_veh-35_02614_02842,2021.06.14.13.27.42_veh-35_02614_02842/on_traffic_light_intersection/daf98668675e54fd/sledge_raw.gz,pedestrians,native_cache_directory,93,5,5,88,0,20,-15,26.994609832763672,,
daf98668675e54fd,on_traffic_light_intersection,2021.06.14.13.27.42_veh-35_02614_02842,2021.06.14.13.27.42_veh-35_02614_02842/on_traffic_light_intersection/daf98668675e54fd/sledge_raw.gz,static_objects,native_cache_directory,199,75,30,124,45,30,45,15.564393997192383,15.924391746520996,0.3599977493286133
da224fef88955cc4,on_traffic_light_intersection,2021.10.08.02.06.16_veh-50_00016_00402,2021.10.08.02.06.16_veh-50_00016_00402/on_traffic_light_intersection/da224fef88955cc4/sledge_raw.gz,vehicles,native_cache_directory,25,15,15,10,0,50,-35,34.92919158935547,,
da224fef88955cc4,on_traffic_light_intersection,2021.10.08.02.06.16_veh-50_00016_00402,2021.10.08.02.06.16_veh-50_00016_00402/on_traffic_light_intersection/da224fef88955cc4/sledge_raw.gz,pedestrians,native_cache_directory,2,1,1,1,0,20,-19,27.523815155029297,,
da224fef88955cc4,on_traffic_light_intersection,2021.10.08.02.06.16_veh-50_00016_00402,2021.10.08.02.06.16_veh-50_00016_00402/on_traffic_light_intersection/da224fef88955cc4/sledge_raw.gz,static_objects,native_cache_directory,0,0,0,0,0,30,-30,,,
4e9dc60294345cb2,on_traffic_light_intersection,2021.05.27.14.29.03_veh-38_01649_01909,2021.05.27.14.29.03_veh-38_01649_01909/on_traffic_light_intersection/4e9dc60294345cb2/sledge_raw.gz,vehicles,native_cache_directory,20,8,8,12,0,50,-42,43.255126953125,,
4e9dc60294345cb2,on_traffic_light_intersection,2021.05.27.14.29.03_veh-38_01649_01909,2021.05.27.14.29.03_veh-38_01649_01909/on_traffic_light_intersection/4e9dc60294345cb2/sledge_raw.gz,pedestrians,native_cache_directory,32,0,0,32,0,20,-20,,,
4e9dc60294345cb2,on_traffic_light_intersection,2021.05.27.14.29.03_veh-38_01649_01909,2021.05.27.14.29.03_veh-38_01649_01909/on_traffic_light_intersection/4e9dc60294345cb2/sledge_raw.gz,static_objects,native_cache_directory,52,0,0,52,0,30,-30,,,
94bfa54685be5e5c,on_traffic_light_intersection,2021.09.03.06.04.17_veh-51_00025_00434,2021.09.03.06.04.17_veh-51_00025_00434/on_traffic_light_intersection/94bfa54685be5e5c/sledge_raw.gz,vehicles,native_cache_directory,17,14,14,3,0,50,-36,34.00545120239258,,
94bfa54685be5e5c,on_traffic_light_intersection,2021.09.03.06.04.17_veh-51_00025_00434,2021.09.03.06.04.17_veh-51_00025_00434/on_traffic_light_intersection/94bfa54685be5e5c/sledge_raw.gz,pedestrians,native_cache_directory,3,3,3,0,0,20,-17,19.308927536010742,,
94bfa54685be5e5c,on_traffic_light_intersection,2021.09.03.06.04.17_veh-51_00025_00434,2021.09.03.06.04.17_veh-51_00025_00434/on_traffic_light_intersection/94bfa54685be5e5c/sledge_raw.gz,static_objects,native_cache_directory,1,1,1,0,0,30,-29,11.729060173034668,,
44f437b10dd755d0,on_traffic_light_intersection,2021.06.29.14.27.11_veh-14_03918_05041,2021.06.29.14.27.11_veh-14_03918_05041/on_traffic_light_intersection/44f437b10dd755d0/sledge_raw.gz,vehicles,native_cache_directory,25,16,16,9,0,50,-34,36.206024169921875,,
44f437b10dd755d0,on_traffic_light_intersection,2021.06.29.14.27.11_veh-14_03918_05041,2021.06.29.14.27.11_veh-14_03918_05041/on_traffic_light_intersection/44f437b10dd755d0/sledge_raw.gz,pedestrians,native_cache_directory,2,0,0,2,0,20,-20,,,
44f437b10dd755d0,on_traffic_light_intersection,2021.06.29.14.27.11_veh-14_03918_05041,2021.06.29.14.27.11_veh-14_03918_05041/on_traffic_light_intersection/44f437b10dd755d0/sledge_raw.gz,static_objects,native_cache_directory,24,1,1,23,0,30,-29,10.034181594848633,,
520ad28566815280,on_traffic_light_intersection,2021.06.23.21.56.29_veh-35_02412_03161,2021.06.23.21.56.29_veh-35_02412_03161/on_traffic_light_intersection/520ad28566815280/sledge_raw.gz,vehicles,native_cache_directory,33,17,17,16,0,50,-33,42.93853759765625,,
520ad28566815280,on_traffic_light_intersection,2021.06.23.21.56.29_veh-35_02412_03161,2021.06.23.21.56.29_veh-35_02412_03161/on_traffic_light_intersection/520ad28566815280/sledge_raw.gz,pedestrians,native_cache_directory,115,26,20,89,6,20,6,31.92182159423828,32.225486755371094,0.3036651611328125
520ad28566815280,on_traffic_light_intersection,2021.06.23.21.56.29_veh-35_02412_03161,2021.06.23.21.56.29_veh-35_02412_03161/on_traffic_light_intersection/520ad28566815280/sledge_raw.gz,static_objects,native_cache_directory,83,32,30,51,2,30,2,31.83953857421875,43.10907745361328,11.269538879394531
f7eaf3936cd9539d,on_traffic_light_intersection,2021.06.09.16.29.25_veh-47_00610_00834,2021.06.09.16.29.25_veh-47_00610_00834/on_traffic_light_intersection/f7eaf3936cd9539d/sledge_raw.gz,vehicles,native_cache_directory,32,13,13,19,0,50,-37,33.60575866699219,,
f7eaf3936cd9539d,on_traffic_light_intersection,2021.06.09.16.29.25_veh-47_00610_00834,2021.06.09.16.29.25_veh-47_00610_00834/on_traffic_light_intersection/f7eaf3936cd9539d/sledge_raw.gz,pedestrians,native_cache_directory,122,29,20,93,9,20,9,27.032283782958984,27.149002075195312,0.11671829223632812
f7eaf3936cd9539d,on_traffic_light_intersection,2021.06.09.16.29.25_veh-47_00610_00834,2021.06.09.16.29.25_veh-47_00610_00834/on_traffic_light_intersection/f7eaf3936cd9539d/sledge_raw.gz,static_objects,native_cache_directory,173,84,30,89,54,30,54,17.93157196044922,18.367563247680664,0.4359912872314453
89f783eeb3b55dbc,on_traffic_light_intersection,2021.07.21.01.14.08_veh-35_01489_02536,2021.07.21.01.14.08_veh-35_01489_02536/on_traffic_light_intersection/89f783eeb3b55dbc/sledge_raw.gz,vehicles,native_cache_directory,47,11,11,36,0,50,-39,32.50940704345703,,
89f783eeb3b55dbc,on_traffic_light_intersection,2021.07.21.01.14.08_veh-35_01489_02536,2021.07.21.01.14.08_veh-35_01489_02536/on_traffic_light_intersection/89f783eeb3b55dbc/sledge_raw.gz,pedestrians,native_cache_directory,190,80,20,110,60,20,60,14.13682746887207,14.145030975341797,0.008203506469726562
89f783eeb3b55dbc,on_traffic_light_intersection,2021.07.21.01.14.08_veh-35_01489_02536,2021.07.21.01.14.08_veh-35_01489_02536/on_traffic_light_intersection/89f783eeb3b55dbc/sledge_raw.gz,static_objects,native_cache_directory,144,39,30,105,9,30,9,21.197120666503906,21.639188766479492,0.44206809997558594
b8a201ac9a915c77,on_traffic_light_intersection,2021.09.03.08.21.32_veh-51_01035_01285,2021.09.03.08.21.32_veh-51_01035_01285/on_traffic_light_intersection/b8a201ac9a915c77/sledge_raw.gz,vehicles,native_cache_directory,7,3,3,4,0,50,-47,23.021610260009766,,
b8a201ac9a915c77,on_traffic_light_intersection,2021.09.03.08.21.32_veh-51_01035_01285,2021.09.03.08.21.32_veh-51_01035_01285/on_traffic_light_intersection/b8a201ac9a915c77/sledge_raw.gz,pedestrians,native_cache_directory,9,3,3,6,0,20,-17,28.637521743774414,,
b8a201ac9a915c77,on_traffic_light_intersection,2021.09.03.08.21.32_veh-51_01035_01285,2021.09.03.08.21.32_veh-51_01035_01285/on_traffic_light_intersection/b8a201ac9a915c77/sledge_raw.gz,static_objects,native_cache_directory,12,2,2,10,0,30,-28,37.242286682128906,,
a6de32d003c1522f,on_traffic_light_intersection,2021.06.24.21.47.52_veh-16_01680_02551,2021.06.24.21.47.52_veh-16_01680_02551/on_traffic_light_intersection/a6de32d003c1522f/sledge_raw.gz,vehicles,native_cache_directory,15,10,10,5,0,50,-40,29.357608795166016,,
a6de32d003c1522f,on_traffic_light_intersection,2021.06.24.21.47.52_veh-16_01680_02551,2021.06.24.21.47.52_veh-16_01680_02551/on_traffic_light_intersection/a6de32d003c1522f/sledge_raw.gz,pedestrians,native_cache_directory,119,52,20,67,32,20,32,28.993234634399414,29.681835174560547,0.6886005401611328
a6de32d003c1522f,on_traffic_light_intersection,2021.06.24.21.47.52_veh-16_01680_02551,2021.06.24.21.47.52_veh-16_01680_02551/on_traffic_light_intersection/a6de32d003c1522f/sledge_raw.gz,static_objects,native_cache_directory,131,63,30,68,33,30,33,19.710294723510742,19.77501106262207,0.06471633911132812
4ffe7c6ae61e5d6f,on_traffic_light_intersection,2021.05.21.17.47.35_veh-35_04692_04906,2021.05.21.17.47.35_veh-35_04692_04906/on_traffic_light_intersection/4ffe7c6ae61e5d6f/sledge_raw.gz,vehicles,native_cache_directory,29,7,7,22,0,50,-43,36.6264762878418,,
4ffe7c6ae61e5d6f,on_traffic_light_intersection,2021.05.21.17.47.35_veh-35_04692_04906,2021.05.21.17.47.35_veh-35_04692_04906/on_traffic_light_intersection/4ffe7c6ae61e5d6f/sledge_raw.gz,pedestrians,native_cache_directory,56,0,0,56,0,20,-20,,,
4ffe7c6ae61e5d6f,on_traffic_light_intersection,2021.05.21.17.47.35_veh-35_04692_04906,2021.05.21.17.47.35_veh-35_04692_04906/on_traffic_light_intersection/4ffe7c6ae61e5d6f/sledge_raw.gz,static_objects,native_cache_directory,39,0,0,39,0,30,-30,,,
b07ac491448c5190,on_traffic_light_intersection,2021.09.21.06.50.48_veh-51_01500_01790,2021.09.21.06.50.48_veh-51_01500_01790/on_traffic_light_intersection/b07ac491448c5190/sledge_raw.gz,vehicles,native_cache_directory,13,8,8,5,0,50,-42,30.797746658325195,,
b07ac491448c5190,on_traffic_light_intersection,2021.09.21.06.50.48_veh-51_01500_01790,2021.09.21.06.50.48_veh-51_01500_01790/on_traffic_light_intersection/b07ac491448c5190/sledge_raw.gz,pedestrians,native_cache_directory,6,6,6,0,0,20,-14,22.68942642211914,,
b07ac491448c5190,on_traffic_light_intersection,2021.09.21.06.50.48_veh-51_01500_01790,2021.09.21.06.50.48_veh-51_01500_01790/on_traffic_light_intersection/b07ac491448c5190/sledge_raw.gz,static_objects,native_cache_directory,0,0,0,0,0,30,-30,,,
8fc91809fb3a5d6f,on_traffic_light_intersection,2021.06.30.17.59.22_veh-38_01572_02991,2021.06.30.17.59.22_veh-38_01572_02991/on_traffic_light_intersection/8fc91809fb3a5d6f/sledge_raw.gz,vehicles,native_cache_directory,36,7,7,29,0,50,-43,36.257110595703125,,
8fc91809fb3a5d6f,on_traffic_light_intersection,2021.06.30.17.59.22_veh-38_01572_02991,2021.06.30.17.59.22_veh-38_01572_02991/on_traffic_light_intersection/8fc91809fb3a5d6f/sledge_raw.gz,pedestrians,native_cache_directory,128,46,20,82,26,20,26,17.922460556030273,19.765287399291992,1.8428268432617188
8fc91809fb3a5d6f,on_traffic_light_intersection,2021.06.30.17.59.22_veh-38_01572_02991,2021.06.30.17.59.22_veh-38_01572_02991/on_traffic_light_intersection/8fc91809fb3a5d6f/sledge_raw.gz,static_objects,native_cache_directory,166,44,30,122,14,30,14,20.650360107421875,20.770450592041016,0.12009048461914062
c891163305fc5312,on_traffic_light_intersection,2021.07.14.17.11.00_veh-12_02247_03268,2021.07.14.17.11.00_veh-12_02247_03268/on_traffic_light_intersection/c891163305fc5312/sledge_raw.gz,vehicles,native_cache_directory,28,12,12,16,0,50,-38,33.891090393066406,,
c891163305fc5312,on_traffic_light_intersection,2021.07.14.17.11.00_veh-12_02247_03268,2021.07.14.17.11.00_veh-12_02247_03268/on_traffic_light_intersection/c891163305fc5312/sledge_raw.gz,pedestrians,native_cache_directory,21,15,15,6,0,20,-5,27.74330711364746,,
c891163305fc5312,on_traffic_light_intersection,2021.07.14.17.11.00_veh-12_02247_03268,2021.07.14.17.11.00_veh-12_02247_03268/on_traffic_light_intersection/c891163305fc5312/sledge_raw.gz,static_objects,native_cache_directory,118,37,30,81,7,30,7,26.145484924316406,26.232608795166016,0.08712387084960938
b6df948c3d2f5a3c,on_traffic_light_intersection,2021.07.16.23.56.02_veh-47_04767_06093,2021.07.16.23.56.02_veh-47_04767_06093/on_traffic_light_intersection/b6df948c3d2f5a3c/sledge_raw.gz,vehicles,native_cache_directory,19,10,10,9,0,50,-40,31.038333892822266,,
b6df948c3d2f5a3c,on_traffic_light_intersection,2021.07.16.23.56.02_veh-47_04767_06093,2021.07.16.23.56.02_veh-47_04767_06093/on_traffic_light_intersection/b6df948c3d2f5a3c/sledge_raw.gz,pedestrians,native_cache_directory,105,4,4,101,0,20,-16,29.316932678222656,,
b6df948c3d2f5a3c,on_traffic_light_intersection,2021.07.16.23.56.02_veh-47_04767_06093,2021.07.16.23.56.02_veh-47_04767_06093/on_traffic_light_intersection/b6df948c3d2f5a3c/sledge_raw.gz,static_objects,native_cache_directory,33,4,4,29,0,30,-26,23.64667510986328,,
a1237cb95eaf5987,on_traffic_light_intersection,2021.09.28.16.50.03_veh-44_00782_01293,2021.09.28.16.50.03_veh-44_00782_01293/on_traffic_light_intersection/a1237cb95eaf5987/sledge_raw.gz,vehicles,native_cache_directory,15,5,5,10,0,50,-45,38.44683837890625,,
a1237cb95eaf5987,on_traffic_light_intersection,2021.09.28.16.50.03_veh-44_00782_01293,2021.09.28.16.50.03_veh-44_00782_01293/on_traffic_light_intersection/a1237cb95eaf5987/sledge_raw.gz,pedestrians,native_cache_directory,0,0,0,0,0,20,-20,,,
a1237cb95eaf5987,on_traffic_light_intersection,2021.09.28.16.50.03_veh-44_00782_01293,2021.09.28.16.50.03_veh-44_00782_01293/on_traffic_light_intersection/a1237cb95eaf5987/sledge_raw.gz,static_objects,native_cache_directory,2,1,1,1,0,30,-29,25.88248634338379,,
ebc5fe38f8625ffb,on_traffic_light_intersection,2021.07.26.00.50.21_veh-47_04168_05238,2021.07.26.00.50.21_veh-47_04168_05238/on_traffic_light_intersection/ebc5fe38f8625ffb/sledge_raw.gz,vehicles,native_cache_directory,28,13,13,15,0,50,-37,35.75337600708008,,
ebc5fe38f8625ffb,on_traffic_light_intersection,2021.07.26.00.50.21_veh-47_04168_05238,2021.07.26.00.50.21_veh-47_04168_05238/on_traffic_light_intersection/ebc5fe38f8625ffb/sledge_raw.gz,pedestrians,native_cache_directory,8,2,2,6,0,20,-18,31.762069702148438,,
ebc5fe38f8625ffb,on_traffic_light_intersection,2021.07.26.00.50.21_veh-47_04168_05238,2021.07.26.00.50.21_veh-47_04168_05238/on_traffic_light_intersection/ebc5fe38f8625ffb/sledge_raw.gz,static_objects,native_cache_directory,43,0,0,43,0,30,-30,,,
1c79b1938f675d10,on_traffic_light_intersection,2021.06.16.12.04.20_veh-35_03396_04070,2021.06.16.12.04.20_veh-35_03396_04070/on_traffic_light_intersection/1c79b1938f675d10/sledge_raw.gz,vehicles,native_cache_directory,30,9,9,21,0,50,-41,33.21616744995117,,
1c79b1938f675d10,on_traffic_light_intersection,2021.06.16.12.04.20_veh-35_03396_04070,2021.06.16.12.04.20_veh-35_03396_04070/on_traffic_light_intersection/1c79b1938f675d10/sledge_raw.gz,pedestrians,native_cache_directory,94,53,20,41,33,20,33,12.89224910736084,12.900227546691895,0.007978439331054688
1c79b1938f675d10,on_traffic_light_intersection,2021.06.16.12.04.20_veh-35_03396_04070,2021.06.16.12.04.20_veh-35_03396_04070/on_traffic_light_intersection/1c79b1938f675d10/sledge_raw.gz,static_objects,native_cache_directory,127,41,30,86,11,30,11,21.44990348815918,21.463298797607422,0.013395309448242188
a3532e73d2b555f0,on_traffic_light_intersection,2021.09.10.05.48.49_veh-49_01559_01909,2021.09.10.05.48.49_veh-49_01559_01909/on_traffic_light_intersection/a3532e73d2b555f0/sledge_raw.gz,vehicles,native_cache_directory,2,0,0,2,0,50,-50,,,
a3532e73d2b555f0,on_traffic_light_intersection,2021.09.10.05.48.49_veh-49_01559_01909,2021.09.10.05.48.49_veh-49_01559_01909/on_traffic_light_intersection/a3532e73d2b555f0/sledge_raw.gz,pedestrians,native_cache_directory,9,4,4,5,0,20,-16,30.15822982788086,,
a3532e73d2b555f0,on_traffic_light_intersection,2021.09.10.05.48.49_veh-49_01559_01909,2021.09.10.05.48.49_veh-49_01559_01909/on_traffic_light_intersection/a3532e73d2b555f0/sledge_raw.gz,static_objects,native_cache_directory,3,2,2,1,0,30,-28,19.77830696105957,,
b0551a2485e358b1,on_traffic_light_intersection,2021.05.12.19.36.12_veh-35_00568_01168,2021.05.12.19.36.12_veh-35_00568_01168/on_traffic_light_intersection/b0551a2485e358b1/sledge_raw.gz,vehicles,native_cache_directory,29,16,16,13,0,50,-34,31.884239196777344,,
b0551a2485e358b1,on_traffic_light_intersection,2021.05.12.19.36.12_veh-35_00568_01168,2021.05.12.19.36.12_veh-35_00568_01168/on_traffic_light_intersection/b0551a2485e358b1/sledge_raw.gz,pedestrians,native_cache_directory,39,17,17,22,0,20,-3,34.42634963989258,,
b0551a2485e358b1,on_traffic_light_intersection,2021.05.12.19.36.12_veh-35_00568_01168,2021.05.12.19.36.12_veh-35_00568_01168/on_traffic_light_intersection/b0551a2485e358b1/sledge_raw.gz,static_objects,native_cache_directory,85,45,30,40,15,30,15,27.44873809814453,27.566390991210938,0.11765289306640625
bf2c3ce5763a5617,on_traffic_light_intersection,2021.07.02.16.47.20_veh-12_02773_03661,2021.07.02.16.47.20_veh-12_02773_03661/on_traffic_light_intersection/bf2c3ce5763a5617/sledge_raw.gz,vehicles,native_cache_directory,25,11,11,14,0,50,-39,35.17863845825195,,
bf2c3ce5763a5617,on_traffic_light_intersection,2021.07.02.16.47.20_veh-12_02773_03661,2021.07.02.16.47.20_veh-12_02773_03661/on_traffic_light_intersection/bf2c3ce5763a5617/sledge_raw.gz,pedestrians,native_cache_directory,28,15,15,13,0,20,-5,24.915802001953125,,
bf2c3ce5763a5617,on_traffic_light_intersection,2021.07.02.16.47.20_veh-12_02773_03661,2021.07.02.16.47.20_veh-12_02773_03661/on_traffic_light_intersection/bf2c3ce5763a5617/sledge_raw.gz,static_objects,native_cache_directory,99,37,30,62,7,30,7,24.67064666748047,24.84441566467285,0.1737689971923828
f962ba0e347f5986,on_traffic_light_intersection,2021.09.02.07.06.50_veh-53_00987_01368,2021.09.02.07.06.50_veh-53_00987_01368/on_traffic_light_intersection/f962ba0e347f5986/sledge_raw.gz,vehicles,native_cache_directory,4,3,3,1,0,50,-47,35.5724983215332,,
f962ba0e347f5986,on_traffic_light_intersection,2021.09.02.07.06.50_veh-53_00987_01368,2021.09.02.07.06.50_veh-53_00987_01368/on_traffic_light_intersection/f962ba0e347f5986/sledge_raw.gz,pedestrians,native_cache_directory,3,3,3,0,0,20,-17,8.511436462402344,,
f962ba0e347f5986,on_traffic_light_intersection,2021.09.02.07.06.50_veh-53_00987_01368,2021.09.02.07.06.50_veh-53_00987_01368/on_traffic_light_intersection/f962ba0e347f5986/sledge_raw.gz,static_objects,native_cache_directory,10,7,7,3,0,30,-23,31.306163787841797,,
4a6edb2532715a04,on_traffic_light_intersection,2021.07.06.16.27.42_veh-26_02203_02670,2021.07.06.16.27.42_veh-26_02203_02670/on_traffic_light_intersection/4a6edb2532715a04/sledge_raw.gz,vehicles,native_cache_directory,30,11,11,19,0,50,-39,38.53242874145508,,
4a6edb2532715a04,on_traffic_light_intersection,2021.07.06.16.27.42_veh-26_02203_02670,2021.07.06.16.27.42_veh-26_02203_02670/on_traffic_light_intersection/4a6edb2532715a04/sledge_raw.gz,pedestrians,native_cache_directory,41,41,20,0,21,20,21,23.42633819580078,23.4672908782959,0.04095268249511719
4a6edb2532715a04,on_traffic_light_intersection,2021.07.06.16.27.42_veh-26_02203_02670,2021.07.06.16.27.42_veh-26_02203_02670/on_traffic_light_intersection/4a6edb2532715a04/sledge_raw.gz,static_objects,native_cache_directory,61,22,22,39,0,30,-8,24.776142120361328,,
622b598b36dc5bda,on_traffic_light_intersection,2021.06.10.19.05.09_veh-26_00752_01223,2021.06.10.19.05.09_veh-26_00752_01223/on_traffic_light_intersection/622b598b36dc5bda/sledge_raw.gz,vehicles,native_cache_directory,38,9,9,29,0,50,-41,33.90618896484375,,
622b598b36dc5bda,on_traffic_light_intersection,2021.06.10.19.05.09_veh-26_00752_01223,2021.06.10.19.05.09_veh-26_00752_01223/on_traffic_light_intersection/622b598b36dc5bda/sledge_raw.gz,pedestrians,native_cache_directory,147,34,20,113,14,20,14,21.31477928161621,22.52082633972168,1.2060470581054688
622b598b36dc5bda,on_traffic_light_intersection,2021.06.10.19.05.09_veh-26_00752_01223,2021.06.10.19.05.09_veh-26_00752_01223/on_traffic_light_intersection/622b598b36dc5bda/sledge_raw.gz,static_objects,native_cache_directory,200,72,30,128,42,30,42,17.677335739135742,18.052513122558594,0.37517738342285156
196e1a478cc956a9,on_traffic_light_intersection,2021.08.24.18.56.54_veh-45_00801_01587,2021.08.24.18.56.54_veh-45_00801_01587/on_traffic_light_intersection/196e1a478cc956a9/sledge_raw.gz,vehicles,native_cache_directory,22,9,9,13,0,50,-41,29.768373489379883,,
196e1a478cc956a9,on_traffic_light_intersection,2021.08.24.18.56.54_veh-45_00801_01587,2021.08.24.18.56.54_veh-45_00801_01587/on_traffic_light_intersection/196e1a478cc956a9/sledge_raw.gz,pedestrians,native_cache_directory,1,1,1,0,0,20,-19,16.19251251220703,,
196e1a478cc956a9,on_traffic_light_intersection,2021.08.24.18.56.54_veh-45_00801_01587,2021.08.24.18.56.54_veh-45_00801_01587/on_traffic_light_intersection/196e1a478cc956a9/sledge_raw.gz,static_objects,native_cache_directory,10,7,7,3,0,30,-23,32.76283264160156,,
3631bc9ac3775b88,on_traffic_light_intersection,2021.07.21.21.06.04_veh-37_02451_03425,2021.07.21.21.06.04_veh-37_02451_03425/on_traffic_light_intersection/3631bc9ac3775b88/sledge_raw.gz,vehicles,native_cache_directory,26,13,13,13,0,50,-37,34.181495666503906,,
3631bc9ac3775b88,on_traffic_light_intersection,2021.07.21.21.06.04_veh-37_02451_03425,2021.07.21.21.06.04_veh-37_02451_03425/on_traffic_light_intersection/3631bc9ac3775b88/sledge_raw.gz,pedestrians,native_cache_directory,74,29,20,45,9,20,9,21.766376495361328,23.293567657470703,1.527191162109375
3631bc9ac3775b88,on_traffic_light_intersection,2021.07.21.21.06.04_veh-37_02451_03425,2021.07.21.21.06.04_veh-37_02451_03425/on_traffic_light_intersection/3631bc9ac3775b88/sledge_raw.gz,static_objects,native_cache_directory,117,47,30,70,17,30,17,30.43775749206543,31.065107345581055,0.627349853515625
8890a72c87245d55,on_traffic_light_intersection,2021.06.11.14.22.48_veh-38_00962_01511,2021.06.11.14.22.48_veh-38_00962_01511/on_traffic_light_intersection/8890a72c87245d55/sledge_raw.gz,vehicles,native_cache_directory,19,9,9,10,0,50,-41,31.813966751098633,,
8890a72c87245d55,on_traffic_light_intersection,2021.06.11.14.22.48_veh-38_00962_01511,2021.06.11.14.22.48_veh-38_00962_01511/on_traffic_light_intersection/8890a72c87245d55/sledge_raw.gz,pedestrians,native_cache_directory,2,0,0,2,0,20,-20,,,
8890a72c87245d55,on_traffic_light_intersection,2021.06.11.14.22.48_veh-38_00962_01511,2021.06.11.14.22.48_veh-38_00962_01511/on_traffic_light_intersection/8890a72c87245d55/sledge_raw.gz,static_objects,native_cache_directory,77,31,30,46,1,30,1,34.70547103881836,36.61579132080078,1.9103202819824219
4a8fe36b47555706,on_traffic_light_intersection,2021.06.12.11.48.53_veh-35_03836_04625,2021.06.12.11.48.53_veh-35_03836_04625/on_traffic_light_intersection/4a8fe36b47555706/sledge_raw.gz,vehicles,native_cache_directory,34,7,7,27,0,50,-43,26.83066177368164,,
4a8fe36b47555706,on_traffic_light_intersection,2021.06.12.11.48.53_veh-35_03836_04625,2021.06.12.11.48.53_veh-35_03836_04625/on_traffic_light_intersection/4a8fe36b47555706/sledge_raw.gz,pedestrians,native_cache_directory,105,6,6,99,0,20,-14,29.218740463256836,,
4a8fe36b47555706,on_traffic_light_intersection,2021.06.12.11.48.53_veh-35_03836_04625,2021.06.12.11.48.53_veh-35_03836_04625/on_traffic_light_intersection/4a8fe36b47555706/sledge_raw.gz,static_objects,native_cache_directory,209,75,30,134,45,30,45,15.967663764953613,16.056961059570312,0.08929729461669922
0ad1c292beb852e3,on_traffic_light_intersection,2021.07.21.01.14.08_veh-35_02572_03383,2021.07.21.01.14.08_veh-35_02572_03383/on_traffic_light_intersection/0ad1c292beb852e3/sledge_raw.gz,vehicles,native_cache_directory,30,11,11,19,0,50,-39,31.419822692871094,,
0ad1c292beb852e3,on_traffic_light_intersection,2021.07.21.01.14.08_veh-35_02572_03383,2021.07.21.01.14.08_veh-35_02572_03383/on_traffic_light_intersection/0ad1c292beb852e3/sledge_raw.gz,pedestrians,native_cache_directory,140,88,20,52,68,20,68,12.101524353027344,12.274224281311035,0.1726999282836914
0ad1c292beb852e3,on_traffic_light_intersection,2021.07.21.01.14.08_veh-35_02572_03383,2021.07.21.01.14.08_veh-35_02572_03383/on_traffic_light_intersection/0ad1c292beb852e3/sledge_raw.gz,static_objects,native_cache_directory,61,38,30,23,8,30,8,25.039535522460938,26.05052375793457,1.0109882354736328
38f7b47b66855f2b,on_traffic_light_intersection,2021.07.09.20.59.12_veh-38_05697_06861,2021.07.09.20.59.12_veh-38_05697_06861/on_traffic_light_intersection/38f7b47b66855f2b/sledge_raw.gz,vehicles,native_cache_directory,10,2,2,8,0,50,-48,23.01613426208496,,
38f7b47b66855f2b,on_traffic_light_intersection,2021.07.09.20.59.12_veh-38_05697_06861,2021.07.09.20.59.12_veh-38_05697_06861/on_traffic_light_intersection/38f7b47b66855f2b/sledge_raw.gz,pedestrians,native_cache_directory,0,0,0,0,0,20,-20,,,
38f7b47b66855f2b,on_traffic_light_intersection,2021.07.09.20.59.12_veh-38_05697_06861,2021.07.09.20.59.12_veh-38_05697_06861/on_traffic_light_intersection/38f7b47b66855f2b/sledge_raw.gz,static_objects,native_cache_directory,36,16,16,20,0,30,-14,25.816207885742188,,
a2679fd99b635618,on_traffic_light_intersection,2021.06.21.18.53.17_veh-35_03385_04164,2021.06.21.18.53.17_veh-35_03385_04164/on_traffic_light_intersection/a2679fd99b635618/sledge_raw.gz,vehicles,native_cache_directory,36,21,21,15,0,50,-29,39.272403717041016,,
a2679fd99b635618,on_traffic_light_intersection,2021.06.21.18.53.17_veh-35_03385_04164,2021.06.21.18.53.17_veh-35_03385_04164/on_traffic_light_intersection/a2679fd99b635618/sledge_raw.gz,pedestrians,native_cache_directory,14,5,5,9,0,20,-15,27.306535720825195,,
a2679fd99b635618,on_traffic_light_intersection,2021.06.21.18.53.17_veh-35_03385_04164,2021.06.21.18.53.17_veh-35_03385_04164/on_traffic_light_intersection/a2679fd99b635618/sledge_raw.gz,static_objects,native_cache_directory,102,40,30,62,10,30,10,20.223041534423828,20.59300994873047,0.3699684143066406
6d3cbcc0ad825402,on_traffic_light_intersection,2021.06.21.16.44.54_veh-35_00895_04154,2021.06.21.16.44.54_veh-35_00895_04154/on_traffic_light_intersection/6d3cbcc0ad825402/sledge_raw.gz,vehicles,native_cache_directory,53,24,24,29,0,50,-26,35.85914611816406,,
6d3cbcc0ad825402,on_traffic_light_intersection,2021.06.21.16.44.54_veh-35_00895_04154,2021.06.21.16.44.54_veh-35_00895_04154/on_traffic_light_intersection/6d3cbcc0ad825402/sledge_raw.gz,pedestrians,native_cache_directory,59,4,4,55,0,20,-16,30.54558753967285,,
6d3cbcc0ad825402,on_traffic_light_intersection,2021.06.21.16.44.54_veh-35_00895_04154,2021.06.21.16.44.54_veh-35_00895_04154/on_traffic_light_intersection/6d3cbcc0ad825402/sledge_raw.gz,static_objects,native_cache_directory,50,18,18,32,0,30,-12,30.8037109375,,
356588d0ab28507b,on_traffic_light_intersection,2021.09.27.17.24.22_veh-28_00519_01118,2021.09.27.17.24.22_veh-28_00519_01118/on_traffic_light_intersection/356588d0ab28507b/sledge_raw.gz,vehicles,native_cache_directory,19,12,12,7,0,50,-38,37.650970458984375,,
356588d0ab28507b,on_traffic_light_intersection,2021.09.27.17.24.22_veh-28_00519_01118,2021.09.27.17.24.22_veh-28_00519_01118/on_traffic_light_intersection/356588d0ab28507b/sledge_raw.gz,pedestrians,native_cache_directory,40,21,20,19,1,20,1,26.87908935546875,27.289953231811523,0.41086387634277344
356588d0ab28507b,on_traffic_light_intersection,2021.09.27.17.24.22_veh-28_00519_01118,2021.09.27.17.24.22_veh-28_00519_01118/on_traffic_light_intersection/356588d0ab28507b/sledge_raw.gz,static_objects,native_cache_directory,6,3,3,3,0,30,-27,25.866769790649414,,
9503547b204e552d,on_traffic_light_intersection,2021.07.09.17.48.26_veh-38_00627_01024,2021.07.09.17.48.26_veh-38_00627_01024/on_traffic_light_intersection/9503547b204e552d/sledge_raw.gz,vehicles,native_cache_directory,39,4,4,35,0,50,-46,10.880264282226562,,
9503547b204e552d,on_traffic_light_intersection,2021.07.09.17.48.26_veh-38_00627_01024,2021.07.09.17.48.26_veh-38_00627_01024/on_traffic_light_intersection/9503547b204e552d/sledge_raw.gz,pedestrians,native_cache_directory,109,3,3,106,0,20,-17,27.91512107849121,,
9503547b204e552d,on_traffic_light_intersection,2021.07.09.17.48.26_veh-38_00627_01024,2021.07.09.17.48.26_veh-38_00627_01024/on_traffic_light_intersection/9503547b204e552d/sledge_raw.gz,static_objects,native_cache_directory,204,72,30,132,42,30,42,16.987455368041992,17.319337844848633,0.3318824768066406
93eaf2e7aab55d12,on_traffic_light_intersection,2021.09.27.08.03.54_veh-52_00418_00593,2021.09.27.08.03.54_veh-52_00418_00593/on_traffic_light_intersection/93eaf2e7aab55d12/sledge_raw.gz,vehicles,native_cache_directory,7,5,5,2,0,50,-45,32.60634231567383,,
93eaf2e7aab55d12,on_traffic_light_intersection,2021.09.27.08.03.54_veh-52_00418_00593,2021.09.27.08.03.54_veh-52_00418_00593/on_traffic_light_intersection/93eaf2e7aab55d12/sledge_raw.gz,pedestrians,native_cache_directory,13,8,8,5,0,20,-12,35.00408935546875,,
93eaf2e7aab55d12,on_traffic_light_intersection,2021.09.27.08.03.54_veh-52_00418_00593,2021.09.27.08.03.54_veh-52_00418_00593/on_traffic_light_intersection/93eaf2e7aab55d12/sledge_raw.gz,static_objects,native_cache_directory,7,2,2,5,0,30,-28,36.90114974975586,,
457262816337542e,on_traffic_light_intersection,2021.09.23.18.34.30_veh-28_00298_00965,2021.09.23.18.34.30_veh-28_00298_00965/on_traffic_light_intersection/457262816337542e/sledge_raw.gz,vehicles,native_cache_directory,22,18,18,4,0,50,-32,42.2964973449707,,
457262816337542e,on_traffic_light_intersection,2021.09.23.18.34.30_veh-28_00298_00965,2021.09.23.18.34.30_veh-28_00298_00965/on_traffic_light_intersection/457262816337542e/sledge_raw.gz,pedestrians,native_cache_directory,35,13,13,22,0,20,-7,31.11263656616211,,
457262816337542e,on_traffic_light_intersection,2021.09.23.18.34.30_veh-28_00298_00965,2021.09.23.18.34.30_veh-28_00298_00965/on_traffic_light_intersection/457262816337542e/sledge_raw.gz,static_objects,native_cache_directory,7,3,3,4,0,30,-27,24.036422729492188,,
9276f10c549b5ecb,on_traffic_light_intersection,2021.10.12.13.17.59_veh-28_00629_00974,2021.10.12.13.17.59_veh-28_00629_00974/on_traffic_light_intersection/9276f10c549b5ecb/sledge_raw.gz,vehicles,native_cache_directory,18,12,12,6,0,50,-38,31.434494018554688,,
9276f10c549b5ecb,on_traffic_light_intersection,2021.10.12.13.17.59_veh-28_00629_00974,2021.10.12.13.17.59_veh-28_00629_00974/on_traffic_light_intersection/9276f10c549b5ecb/sledge_raw.gz,pedestrians,native_cache_directory,13,4,4,9,0,20,-16,29.048166275024414,,
9276f10c549b5ecb,on_traffic_light_intersection,2021.10.12.13.17.59_veh-28_00629_00974,2021.10.12.13.17.59_veh-28_00629_00974/on_traffic_light_intersection/9276f10c549b5ecb/sledge_raw.gz,static_objects,native_cache_directory,16,14,14,2,0,30,-16,27.88556480407715,,
8c4d99b074505221,on_traffic_light_intersection,2021.07.09.23.35.52_veh-37_00649_00932,2021.07.09.23.35.52_veh-37_00649_00932/on_traffic_light_intersection/8c4d99b074505221/sledge_raw.gz,vehicles,native_cache_directory,70,31,31,39,0,50,-19,42.956939697265625,,
8c4d99b074505221,on_traffic_light_intersection,2021.07.09.23.35.52_veh-37_00649_00932,2021.07.09.23.35.52_veh-37_00649_00932/on_traffic_light_intersection/8c4d99b074505221/sledge_raw.gz,pedestrians,native_cache_directory,7,3,3,4,0,20,-17,32.280696868896484,,
8c4d99b074505221,on_traffic_light_intersection,2021.07.09.23.35.52_veh-37_00649_00932,2021.07.09.23.35.52_veh-37_00649_00932/on_traffic_light_intersection/8c4d99b074505221/sledge_raw.gz,static_objects,native_cache_directory,8,4,4,4,0,30,-26,34.57460021972656,,
25c7967c92ba59ca,on_traffic_light_intersection,2021.06.30.13.52.24_veh-35_02333_04797,2021.06.30.13.52.24_veh-35_02333_04797/on_traffic_light_intersection/25c7967c92ba59ca/sledge_raw.gz,vehicles,native_cache_directory,13,8,8,5,0,50,-42,34.63694763183594,,
25c7967c92ba59ca,on_traffic_light_intersection,2021.06.30.13.52.24_veh-35_02333_04797,2021.06.30.13.52.24_veh-35_02333_04797/on_traffic_light_intersection/25c7967c92ba59ca/sledge_raw.gz,pedestrians,native_cache_directory,9,2,2,7,0,20,-18,16.797866821289062,,
25c7967c92ba59ca,on_traffic_light_intersection,2021.06.30.13.52.24_veh-35_02333_04797,2021.06.30.13.52.24_veh-35_02333_04797/on_traffic_light_intersection/25c7967c92ba59ca/sledge_raw.gz,static_objects,native_cache_directory,123,45,30,78,15,30,15,18.669052124023438,19.935321807861328,1.2662696838378906
a3c1cd4cc3de5c1b,on_traffic_light_intersection,2021.05.20.12.12.04_veh-27_01492_01983,2021.05.20.12.12.04_veh-27_01492_01983/on_traffic_light_intersection/a3c1cd4cc3de5c1b/sledge_raw.gz,vehicles,native_cache_directory,30,8,8,22,0,50,-42,38.80178451538086,,
a3c1cd4cc3de5c1b,on_traffic_light_intersection,2021.05.20.12.12.04_veh-27_01492_01983,2021.05.20.12.12.04_veh-27_01492_01983/on_traffic_light_intersection/a3c1cd4cc3de5c1b/sledge_raw.gz,pedestrians,native_cache_directory,89,41,20,48,21,20,21,16.410736083984375,16.524450302124023,0.11371421813964844
a3c1cd4cc3de5c1b,on_traffic_light_intersection,2021.05.20.12.12.04_veh-27_01492_01983,2021.05.20.12.12.04_veh-27_01492_01983/on_traffic_light_intersection/a3c1cd4cc3de5c1b/sledge_raw.gz,static_objects,native_cache_directory,162,41,30,121,11,30,11,21.32415199279785,21.814096450805664,0.4899444580078125
7585b376a1fa5310,on_traffic_light_intersection,2021.09.27.17.52.47_veh-44_00016_00742,2021.09.27.17.52.47_veh-44_00016_00742/on_traffic_light_intersection/7585b376a1fa5310/sledge_raw.gz,vehicles,native_cache_directory,20,8,8,12,0,50,-42,37.223533630371094,,
7585b376a1fa5310,on_traffic_light_intersection,2021.09.27.17.52.47_veh-44_00016_00742,2021.09.27.17.52.47_veh-44_00016_00742/on_traffic_light_intersection/7585b376a1fa5310/sledge_raw.gz,pedestrians,native_cache_directory,0,0,0,0,0,20,-20,,,
7585b376a1fa5310,on_traffic_light_intersection,2021.09.27.17.52.47_veh-44_00016_00742,2021.09.27.17.52.47_veh-44_00016_00742/on_traffic_light_intersection/7585b376a1fa5310/sledge_raw.gz,static_objects,native_cache_directory,1,1,1,0,0,30,-29,25.363487243652344,,
44ef5f334b7c5dfa,on_traffic_light_intersection,2021.06.09.18.18.55_veh-47_02388_02908,2021.06.09.18.18.55_veh-47_02388_02908/on_traffic_light_intersection/44ef5f334b7c5dfa/sledge_raw.gz,vehicles,native_cache_directory,32,9,9,23,0,50,-41,30.718074798583984,,
44ef5f334b7c5dfa,on_traffic_light_intersection,2021.06.09.18.18.55_veh-47_02388_02908,2021.06.09.18.18.55_veh-47_02388_02908/on_traffic_light_intersection/44ef5f334b7c5dfa/sledge_raw.gz,pedestrians,native_cache_directory,105,13,13,92,0,20,-7,19.958282470703125,,
44ef5f334b7c5dfa,on_traffic_light_intersection,2021.06.09.18.18.55_veh-47_02388_02908,2021.06.09.18.18.55_veh-47_02388_02908/on_traffic_light_intersection/44ef5f334b7c5dfa/sledge_raw.gz,static_objects,native_cache_directory,187,64,30,123,34,30,34,22.10617446899414,22.389652252197266,0.283477783203125
875020f44a4f5421,on_traffic_light_intersection,2021.09.27.07.42.51_veh-51_00029_00237,2021.09.27.07.42.51_veh-51_00029_00237/on_traffic_light_intersection/875020f44a4f5421/sledge_raw.gz,vehicles,native_cache_directory,20,15,15,5,0,50,-35,31.926654815673828,,
875020f44a4f5421,on_traffic_light_intersection,2021.09.27.07.42.51_veh-51_00029_00237,2021.09.27.07.42.51_veh-51_00029_00237/on_traffic_light_intersection/875020f44a4f5421/sledge_raw.gz,pedestrians,native_cache_directory,1,1,1,0,0,20,-19,25.712724685668945,,
875020f44a4f5421,on_traffic_light_intersection,2021.09.27.07.42.51_veh-51_00029_00237,2021.09.27.07.42.51_veh-51_00029_00237/on_traffic_light_intersection/875020f44a4f5421/sledge_raw.gz,static_objects,native_cache_directory,0,0,0,0,0,30,-30,,,
4ceab6314be159c9,on_traffic_light_intersection,2021.10.08.03.32.58_veh-51_02259_02674,2021.10.08.03.32.58_veh-51_02259_02674/on_traffic_light_intersection/4ceab6314be159c9/sledge_raw.gz,vehicles,native_cache_directory,4,3,3,1,0,50,-47,20.850826263427734,,
4ceab6314be159c9,on_traffic_light_intersection,2021.10.08.03.32.58_veh-51_02259_02674,2021.10.08.03.32.58_veh-51_02259_02674/on_traffic_light_intersection/4ceab6314be159c9/sledge_raw.gz,pedestrians,native_cache_directory,15,11,11,4,0,20,-9,33.84833526611328,,
4ceab6314be159c9,on_traffic_light_intersection,2021.10.08.03.32.58_veh-51_02259_02674,2021.10.08.03.32.58_veh-51_02259_02674/on_traffic_light_intersection/4ceab6314be159c9/sledge_raw.gz,static_objects,native_cache_directory,9,4,4,5,0,30,-26,35.38616180419922,,
cf7e6e83fad2545d,on_traffic_light_intersection,2021.10.08.08.24.52_veh-50_00915_01855,2021.10.08.08.24.52_veh-50_00915_01855/on_traffic_light_intersection/cf7e6e83fad2545d/sledge_raw.gz,vehicles,native_cache_directory,4,1,1,3,0,50,-49,32.55726623535156,,
cf7e6e83fad2545d,on_traffic_light_intersection,2021.10.08.08.24.52_veh-50_00915_01855,2021.10.08.08.24.52_veh-50_00915_01855/on_traffic_light_intersection/cf7e6e83fad2545d/sledge_raw.gz,pedestrians,native_cache_directory,12,3,3,9,0,20,-17,40.64509582519531,,
cf7e6e83fad2545d,on_traffic_light_intersection,2021.10.08.08.24.52_veh-50_00915_01855,2021.10.08.08.24.52_veh-50_00915_01855/on_traffic_light_intersection/cf7e6e83fad2545d/sledge_raw.gz,static_objects,native_cache_directory,11,5,5,6,0,30,-25,34.948822021484375,,
abce4c58896057ca,on_traffic_light_intersection,2021.07.24.19.10.14_veh-37_02937_03698,2021.07.24.19.10.14_veh-37_02937_03698/on_traffic_light_intersection/abce4c58896057ca/sledge_raw.gz,vehicles,native_cache_directory,51,24,24,27,0,50,-26,34.61711883544922,,
abce4c58896057ca,on_traffic_light_intersection,2021.07.24.19.10.14_veh-37_02937_03698,2021.07.24.19.10.14_veh-37_02937_03698/on_traffic_light_intersection/abce4c58896057ca/sledge_raw.gz,pedestrians,native_cache_directory,106,55,20,51,35,20,35,18.272796630859375,18.28790855407715,0.015111923217773438
abce4c58896057ca,on_traffic_light_intersection,2021.07.24.19.10.14_veh-37_02937_03698,2021.07.24.19.10.14_veh-37_02937_03698/on_traffic_light_intersection/abce4c58896057ca/sledge_raw.gz,static_objects,native_cache_directory,95,35,30,60,5,30,5,31.79216957092285,33.43008041381836,1.6379108428955078
977a58c7adce5a80,on_traffic_light_intersection,2021.06.09.14.58.55_veh-35_00193_01084,2021.06.09.14.58.55_veh-35_00193_01084/on_traffic_light_intersection/977a58c7adce5a80/sledge_raw.gz,vehicles,native_cache_directory,28,7,7,21,0,50,-43,35.75574493408203,,
977a58c7adce5a80,on_traffic_light_intersection,2021.06.09.14.58.55_veh-35_00193_01084,2021.06.09.14.58.55_veh-35_00193_01084/on_traffic_light_intersection/977a58c7adce5a80/sledge_raw.gz,pedestrians,native_cache_directory,107,16,16,91,0,20,-4,31.279996871948242,,
977a58c7adce5a80,on_traffic_light_intersection,2021.06.09.14.58.55_veh-35_00193_01084,2021.06.09.14.58.55_veh-35_00193_01084/on_traffic_light_intersection/977a58c7adce5a80/sledge_raw.gz,static_objects,native_cache_directory,192,73,30,119,43,30,43,17.245512008666992,17.251482009887695,0.005970001220703125
707b080f4cda5c64,on_traffic_light_intersection,2021.09.14.19.35.02_veh-39_00967_01165,2021.09.14.19.35.02_veh-39_00967_01165/on_traffic_light_intersection/707b080f4cda5c64/sledge_raw.gz,vehicles,native_cache_directory,19,10,10,9,0,50,-40,38.1479377746582,,
707b080f4cda5c64,on_traffic_light_intersection,2021.09.14.19.35.02_veh-39_00967_01165,2021.09.14.19.35.02_veh-39_00967_01165/on_traffic_light_intersection/707b080f4cda5c64/sledge_raw.gz,pedestrians,native_cache_directory,23,12,12,11,0,20,-8,38.20621109008789,,
707b080f4cda5c64,on_traffic_light_intersection,2021.09.14.19.35.02_veh-39_00967_01165,2021.09.14.19.35.02_veh-39_00967_01165/on_traffic_light_intersection/707b080f4cda5c64/sledge_raw.gz,static_objects,native_cache_directory,17,16,16,1,0,30,-14,36.907230377197266,,
af3f59ceeb2f5d03,traversing_intersection,2021.05.24.12.22.13_veh-47_00245_00582,2021.05.24.12.22.13_veh-47_00245_00582/traversing_intersection/af3f59ceeb2f5d03/sledge_raw.gz,vehicles,native_cache_directory,23,6,6,17,0,50,-44,40.763675689697266,,
af3f59ceeb2f5d03,traversing_intersection,2021.05.24.12.22.13_veh-47_00245_00582,2021.05.24.12.22.13_veh-47_00245_00582/traversing_intersection/af3f59ceeb2f5d03/sledge_raw.gz,pedestrians,native_cache_directory,34,15,15,19,0,20,-5,31.36890983581543,,
af3f59ceeb2f5d03,traversing_intersection,2021.05.24.12.22.13_veh-47_00245_00582,2021.05.24.12.22.13_veh-47_00245_00582/traversing_intersection/af3f59ceeb2f5d03/sledge_raw.gz,static_objects,native_cache_directory,61,37,30,24,7,30,7,29.25052833557129,30.14899253845215,0.8984642028808594
1d96f1edb5a45abb,traversing_intersection,2021.06.17.18.56.24_veh-26_00296_00627,2021.06.17.18.56.24_veh-26_00296_00627/traversing_intersection/1d96f1edb5a45abb/sledge_raw.gz,vehicles,native_cache_directory,26,9,9,17,0,50,-41,33.11094284057617,,
1d96f1edb5a45abb,traversing_intersection,2021.06.17.18.56.24_veh-26_00296_00627,2021.06.17.18.56.24_veh-26_00296_00627/traversing_intersection/1d96f1edb5a45abb/sledge_raw.gz,pedestrians,native_cache_directory,24,19,19,5,0,20,-1,35.0691032409668,,
1d96f1edb5a45abb,traversing_intersection,2021.06.17.18.56.24_veh-26_00296_00627,2021.06.17.18.56.24_veh-26_00296_00627/traversing_intersection/1d96f1edb5a45abb/sledge_raw.gz,static_objects,native_cache_directory,27,22,22,5,0,30,-8,31.592222213745117,,
75b16397ee2b5545,traversing_intersection,2021.09.27.07.05.30_veh-50_01138_01402,2021.09.27.07.05.30_veh-50_01138_01402/traversing_intersection/75b16397ee2b5545/sledge_raw.gz,vehicles,native_cache_directory,5,2,2,3,0,50,-48,31.324962615966797,,
75b16397ee2b5545,traversing_intersection,2021.09.27.07.05.30_veh-50_01138_01402,2021.09.27.07.05.30_veh-50_01138_01402/traversing_intersection/75b16397ee2b5545/sledge_raw.gz,pedestrians,native_cache_directory,5,5,5,0,0,20,-15,29.69527244567871,,
75b16397ee2b5545,traversing_intersection,2021.09.27.07.05.30_veh-50_01138_01402,2021.09.27.07.05.30_veh-50_01138_01402/traversing_intersection/75b16397ee2b5545/sledge_raw.gz,static_objects,native_cache_directory,11,9,9,2,0,30,-21,29.026968002319336,,
ecc290a40e565d76,traversing_intersection,2021.09.28.08.27.17_veh-52_00016_00427,2021.09.28.08.27.17_veh-52_00016_00427/traversing_intersection/ecc290a40e565d76/sledge_raw.gz,vehicles,native_cache_directory,3,1,1,2,0,50,-49,25.61879539489746,,
ecc290a40e565d76,traversing_intersection,2021.09.28.08.27.17_veh-52_00016_00427,2021.09.28.08.27.17_veh-52_00016_00427/traversing_intersection/ecc290a40e565d76/sledge_raw.gz,pedestrians,native_cache_directory,1,0,0,1,0,20,-20,,,
ecc290a40e565d76,traversing_intersection,2021.09.28.08.27.17_veh-52_00016_00427,2021.09.28.08.27.17_veh-52_00016_00427/traversing_intersection/ecc290a40e565d76/sledge_raw.gz,static_objects,native_cache_directory,2,2,2,0,0,30,-28,26.74737548828125,,
5a2099cd1cc75bd3,traversing_intersection,2021.05.26.19.37.19_veh-25_02161_02306,2021.05.26.19.37.19_veh-25_02161_02306/traversing_intersection/5a2099cd1cc75bd3/sledge_raw.gz,vehicles,native_cache_directory,11,4,4,7,0,50,-46,33.644371032714844,,
5a2099cd1cc75bd3,traversing_intersection,2021.05.26.19.37.19_veh-25_02161_02306,2021.05.26.19.37.19_veh-25_02161_02306/traversing_intersection/5a2099cd1cc75bd3/sledge_raw.gz,pedestrians,native_cache_directory,50,25,20,25,5,20,5,23.514957427978516,27.182085037231445,3.6671276092529297
5a2099cd1cc75bd3,traversing_intersection,2021.05.26.19.37.19_veh-25_02161_02306,2021.05.26.19.37.19_veh-25_02161_02306/traversing_intersection/5a2099cd1cc75bd3/sledge_raw.gz,static_objects,native_cache_directory,98,22,22,76,0,30,-8,32.587074279785156,,
ab44557b08455d2e,traversing_intersection,2021.06.14.17.26.26_veh-38_00104_00944,2021.06.14.17.26.26_veh-38_00104_00944/traversing_intersection/ab44557b08455d2e/sledge_raw.gz,vehicles,native_cache_directory,7,3,3,4,0,50,-47,33.76464080810547,,
ab44557b08455d2e,traversing_intersection,2021.06.14.17.26.26_veh-38_00104_00944,2021.06.14.17.26.26_veh-38_00104_00944/traversing_intersection/ab44557b08455d2e/sledge_raw.gz,pedestrians,native_cache_directory,0,0,0,0,0,20,-20,,,
ab44557b08455d2e,traversing_intersection,2021.06.14.17.26.26_veh-38_00104_00944,2021.06.14.17.26.26_veh-38_00104_00944/traversing_intersection/ab44557b08455d2e/sledge_raw.gz,static_objects,native_cache_directory,185,15,15,170,0,30,-15,32.56258010864258,,
aad1636d171c58e3,traversing_intersection,2021.05.12.23.36.44_veh-35_01133_01535,2021.05.12.23.36.44_veh-35_01133_01535/traversing_intersection/aad1636d171c58e3/sledge_raw.gz,vehicles,native_cache_directory,33,13,13,20,0,50,-37,40.29348373413086,,
aad1636d171c58e3,traversing_intersection,2021.05.12.23.36.44_veh-35_01133_01535,2021.05.12.23.36.44_veh-35_01133_01535/traversing_intersection/aad1636d171c58e3/sledge_raw.gz,pedestrians,native_cache_directory,61,37,20,24,17,20,17,27.630067825317383,28.597064971923828,0.9669971466064453
aad1636d171c58e3,traversing_intersection,2021.05.12.23.36.44_veh-35_01133_01535,2021.05.12.23.36.44_veh-35_01133_01535/traversing_intersection/aad1636d171c58e3/sledge_raw.gz,static_objects,native_cache_directory,64,37,30,27,7,30,7,26.91102409362793,27.67654800415039,0.7655239105224609
988396cb57e15de9,traversing_intersection,2021.06.04.17.09.53_veh-47_00005_00483,2021.06.04.17.09.53_veh-47_00005_00483/traversing_intersection/988396cb57e15de9/sledge_raw.gz,vehicles,native_cache_directory,24,10,10,14,0,50,-40,44.71080017089844,,
988396cb57e15de9,traversing_intersection,2021.06.04.17.09.53_veh-47_00005_00483,2021.06.04.17.09.53_veh-47_00005_00483/traversing_intersection/988396cb57e15de9/sledge_raw.gz,pedestrians,native_cache_directory,0,0,0,0,0,20,-20,,,
988396cb57e15de9,traversing_intersection,2021.06.04.17.09.53_veh-47_00005_00483,2021.06.04.17.09.53_veh-47_00005_00483/traversing_intersection/988396cb57e15de9/sledge_raw.gz,static_objects,native_cache_directory,147,19,19,128,0,30,-11,32.76732635498047,,
bcb673b8a44253de,traversing_intersection,2021.07.09.20.26.06_veh-35_03314_03877,2021.07.09.20.26.06_veh-35_03314_03877/traversing_intersection/bcb673b8a44253de/sledge_raw.gz,vehicles,native_cache_directory,23,6,6,17,0,50,-44,39.859989166259766,,
bcb673b8a44253de,traversing_intersection,2021.07.09.20.26.06_veh-35_03314_03877,2021.07.09.20.26.06_veh-35_03314_03877/traversing_intersection/bcb673b8a44253de/sledge_raw.gz,pedestrians,native_cache_directory,2,0,0,2,0,20,-20,,,
bcb673b8a44253de,traversing_intersection,2021.07.09.20.26.06_veh-35_03314_03877,2021.07.09.20.26.06_veh-35_03314_03877/traversing_intersection/bcb673b8a44253de/sledge_raw.gz,static_objects,native_cache_directory,167,55,30,112,25,30,25,17.72977638244629,18.803869247436523,1.0740928649902344
abe8ef014edc582d,traversing_intersection,2021.05.21.12.42.04_veh-35_00098_00531,2021.05.21.12.42.04_veh-35_00098_00531/traversing_intersection/abe8ef014edc582d/sledge_raw.gz,vehicles,native_cache_directory,21,6,6,15,0,50,-44,24.517650604248047,,
abe8ef014edc582d,traversing_intersection,2021.05.21.12.42.04_veh-35_00098_00531,2021.05.21.12.42.04_veh-35_00098_00531/traversing_intersection/abe8ef014edc582d/sledge_raw.gz,pedestrians,native_cache_directory,42,33,20,9,13,20,13,16.949508666992188,17.7014217376709,0.7519130706787109
abe8ef014edc582d,traversing_intersection,2021.05.21.12.42.04_veh-35_00098_00531,2021.05.21.12.42.04_veh-35_00098_00531/traversing_intersection/abe8ef014edc582d/sledge_raw.gz,static_objects,native_cache_directory,38,17,17,21,0,30,-13,19.065486907958984,,
ad2de79d854756d3,traversing_intersection,2021.06.04.18.31.53_veh-38_01979_02225,2021.06.04.18.31.53_veh-38_01979_02225/traversing_intersection/ad2de79d854756d3/sledge_raw.gz,vehicles,native_cache_directory,20,11,11,9,0,50,-39,37.81196594238281,,
ad2de79d854756d3,traversing_intersection,2021.06.04.18.31.53_veh-38_01979_02225,2021.06.04.18.31.53_veh-38_01979_02225/traversing_intersection/ad2de79d854756d3/sledge_raw.gz,pedestrians,native_cache_directory,5,1,1,4,0,20,-19,14.264549255371094,,
ad2de79d854756d3,traversing_intersection,2021.06.04.18.31.53_veh-38_01979_02225,2021.06.04.18.31.53_veh-38_01979_02225/traversing_intersection/ad2de79d854756d3/sledge_raw.gz,static_objects,native_cache_directory,160,54,30,106,24,30,24,17.628400802612305,18.84323501586914,1.214834213256836
7d73c78421ac5d77,traversing_intersection,2021.06.23.17.31.36_veh-16_02150_02774,2021.06.23.17.31.36_veh-16_02150_02774/traversing_intersection/7d73c78421ac5d77/sledge_raw.gz,vehicles,native_cache_directory,15,7,7,8,0,50,-43,29.738143920898438,,
7d73c78421ac5d77,traversing_intersection,2021.06.23.17.31.36_veh-16_02150_02774,2021.06.23.17.31.36_veh-16_02150_02774/traversing_intersection/7d73c78421ac5d77/sledge_raw.gz,pedestrians,native_cache_directory,66,27,20,39,7,20,7,31.90965461730957,31.920522689819336,0.010868072509765625
7d73c78421ac5d77,traversing_intersection,2021.06.23.17.31.36_veh-16_02150_02774,2021.06.23.17.31.36_veh-16_02150_02774/traversing_intersection/7d73c78421ac5d77/sledge_raw.gz,static_objects,native_cache_directory,148,38,30,110,8,30,8,24.093353271484375,24.76279640197754,0.6694431304931641
91a2d48accf1551a,traversing_intersection,2021.08.27.16.46.47_veh-45_01810_02137,2021.08.27.16.46.47_veh-45_01810_02137/traversing_intersection/91a2d48accf1551a/sledge_raw.gz,vehicles,native_cache_directory,0,0,0,0,0,50,-50,,,
91a2d48accf1551a,traversing_intersection,2021.08.27.16.46.47_veh-45_01810_02137,2021.08.27.16.46.47_veh-45_01810_02137/traversing_intersection/91a2d48accf1551a/sledge_raw.gz,pedestrians,native_cache_directory,0,0,0,0,0,20,-20,,,
91a2d48accf1551a,traversing_intersection,2021.08.27.16.46.47_veh-45_01810_02137,2021.08.27.16.46.47_veh-45_01810_02137/traversing_intersection/91a2d48accf1551a/sledge_raw.gz,static_objects,native_cache_directory,10,9,9,1,0,30,-21,21.2403621673584,,
a47f3e4b19ef50c8,traversing_intersection,2021.09.13.14.16.34_veh-28_00363_00529,2021.09.13.14.16.34_veh-28_00363_00529/traversing_intersection/a47f3e4b19ef50c8/sledge_raw.gz,vehicles,native_cache_directory,3,0,0,3,0,50,-50,,,
a47f3e4b19ef50c8,traversing_intersection,2021.09.13.14.16.34_veh-28_00363_00529,2021.09.13.14.16.34_veh-28_00363_00529/traversing_intersection/a47f3e4b19ef50c8/sledge_raw.gz,pedestrians,native_cache_directory,5,3,3,2,0,20,-17,30.28122901916504,,
a47f3e4b19ef50c8,traversing_intersection,2021.09.13.14.16.34_veh-28_00363_00529,2021.09.13.14.16.34_veh-28_00363_00529/traversing_intersection/a47f3e4b19ef50c8/sledge_raw.gz,static_objects,native_cache_directory,15,7,7,8,0,30,-23,22.51030731201172,,
f26cecd2ad2e55a3,traversing_intersection,2021.08.30.07.38.06_veh-49_01051_01331,2021.08.30.07.38.06_veh-49_01051_01331/traversing_intersection/f26cecd2ad2e55a3/sledge_raw.gz,vehicles,native_cache_directory,2,0,0,2,0,50,-50,,,
f26cecd2ad2e55a3,traversing_intersection,2021.08.30.07.38.06_veh-49_01051_01331,2021.08.30.07.38.06_veh-49_01051_01331/traversing_intersection/f26cecd2ad2e55a3/sledge_raw.gz,pedestrians,native_cache_directory,1,0,0,1,0,20,-20,,,
f26cecd2ad2e55a3,traversing_intersection,2021.08.30.07.38.06_veh-49_01051_01331,2021.08.30.07.38.06_veh-49_01051_01331/traversing_intersection/f26cecd2ad2e55a3/sledge_raw.gz,static_objects,native_cache_directory,0,0,0,0,0,30,-30,,,
33693d9f06b15734,traversing_intersection,2021.06.08.14.14.51_veh-35_04291_04586,2021.06.08.14.14.51_veh-35_04291_04586/traversing_intersection/33693d9f06b15734/sledge_raw.gz,vehicles,native_cache_directory,8,0,0,8,0,50,-50,,,
33693d9f06b15734,traversing_intersection,2021.06.08.14.14.51_veh-35_04291_04586,2021.06.08.14.14.51_veh-35_04291_04586/traversing_intersection/33693d9f06b15734/sledge_raw.gz,pedestrians,native_cache_directory,6,2,2,4,0,20,-18,31.7741641998291,,
33693d9f06b15734,traversing_intersection,2021.06.08.14.14.51_veh-35_04291_04586,2021.06.08.14.14.51_veh-35_04291_04586/traversing_intersection/33693d9f06b15734/sledge_raw.gz,static_objects,native_cache_directory,33,7,7,26,0,30,-23,33.263633728027344,,
575d1c58f2315f50,traversing_intersection,2021.05.28.14.50.57_veh-12_03144_03330,2021.05.28.14.50.57_veh-12_03144_03330/traversing_intersection/575d1c58f2315f50/sledge_raw.gz,vehicles,native_cache_directory,37,18,18,19,0,50,-32,41.27173614501953,,
575d1c58f2315f50,traversing_intersection,2021.05.28.14.50.57_veh-12_03144_03330,2021.05.28.14.50.57_veh-12_03144_03330/traversing_intersection/575d1c58f2315f50/sledge_raw.gz,pedestrians,native_cache_directory,13,0,0,13,0,20,-20,,,
575d1c58f2315f50,traversing_intersection,2021.05.28.14.50.57_veh-12_03144_03330,2021.05.28.14.50.57_veh-12_03144_03330/traversing_intersection/575d1c58f2315f50/sledge_raw.gz,static_objects,native_cache_directory,42,16,16,26,0,30,-14,32.52773666381836,,
9fc497523d185d3d,traversing_intersection,2021.05.24.13.17.29_veh-25_01008_01140,2021.05.24.13.17.29_veh-25_01008_01140/traversing_intersection/9fc497523d185d3d/sledge_raw.gz,vehicles,native_cache_directory,6,1,1,5,0,50,-49,7.491708278656006,,
9fc497523d185d3d,traversing_intersection,2021.05.24.13.17.29_veh-25_01008_01140,2021.05.24.13.17.29_veh-25_01008_01140/traversing_intersection/9fc497523d185d3d/sledge_raw.gz,pedestrians,native_cache_directory,60,14,14,46,0,20,-6,34.03631591796875,,
9fc497523d185d3d,traversing_intersection,2021.05.24.13.17.29_veh-25_01008_01140,2021.05.24.13.17.29_veh-25_01008_01140/traversing_intersection/9fc497523d185d3d/sledge_raw.gz,static_objects,native_cache_directory,65,35,30,30,5,30,5,31.0860595703125,31.96221923828125,0.87615966796875
ebbad237c3c05ded,traversing_intersection,2021.07.24.16.07.03_veh-35_03033_05899,2021.07.24.16.07.03_veh-35_03033_05899/traversing_intersection/ebbad237c3c05ded/sledge_raw.gz,vehicles,native_cache_directory,15,5,5,10,0,50,-45,33.35849380493164,,
ebbad237c3c05ded,traversing_intersection,2021.07.24.16.07.03_veh-35_03033_05899,2021.07.24.16.07.03_veh-35_03033_05899/traversing_intersection/ebbad237c3c05ded/sledge_raw.gz,pedestrians,native_cache_directory,27,3,3,24,0,20,-17,27.79194450378418,,
ebbad237c3c05ded,traversing_intersection,2021.07.24.16.07.03_veh-35_03033_05899,2021.07.24.16.07.03_veh-35_03033_05899/traversing_intersection/ebbad237c3c05ded/sledge_raw.gz,static_objects,native_cache_directory,74,13,13,61,0,30,-17,32.22270584106445,,
c2bc0a4adf775765,traversing_intersection,2021.06.02.14.33.41_veh-47_05445_05613,2021.06.02.14.33.41_veh-47_05445_05613/traversing_intersection/c2bc0a4adf775765/sledge_raw.gz,vehicles,native_cache_directory,15,5,5,10,0,50,-45,21.672481536865234,,
c2bc0a4adf775765,traversing_intersection,2021.06.02.14.33.41_veh-47_05445_05613,2021.06.02.14.33.41_veh-47_05445_05613/traversing_intersection/c2bc0a4adf775765/sledge_raw.gz,pedestrians,native_cache_directory,15,5,5,10,0,20,-15,30.052791595458984,,
c2bc0a4adf775765,traversing_intersection,2021.06.02.14.33.41_veh-47_05445_05613,2021.06.02.14.33.41_veh-47_05445_05613/traversing_intersection/c2bc0a4adf775765/sledge_raw.gz,static_objects,native_cache_directory,180,55,30,125,25,30,25,17.93630599975586,18.59596061706543,0.6596546173095703
5c35b4c1b81156a1,traversing_intersection,2021.09.29.06.23.05_veh-49_00190_00627,2021.09.29.06.23.05_veh-49_00190_00627/traversing_intersection/5c35b4c1b81156a1/sledge_raw.gz,vehicles,native_cache_directory,5,1,1,4,0,50,-49,13.974405288696289,,
5c35b4c1b81156a1,traversing_intersection,2021.09.29.06.23.05_veh-49_00190_00627,2021.09.29.06.23.05_veh-49_00190_00627/traversing_intersection/5c35b4c1b81156a1/sledge_raw.gz,pedestrians,native_cache_directory,2,1,1,1,0,20,-19,10.622063636779785,,
5c35b4c1b81156a1,traversing_intersection,2021.09.29.06.23.05_veh-49_00190_00627,2021.09.29.06.23.05_veh-49_00190_00627/traversing_intersection/5c35b4c1b81156a1/sledge_raw.gz,static_objects,native_cache_directory,5,5,5,0,0,30,-25,13.469233512878418,,
74a442637af150f2,traversing_intersection,2021.06.15.17.10.27_veh-47_00236_00430,2021.06.15.17.10.27_veh-47_00236_00430/traversing_intersection/74a442637af150f2/sledge_raw.gz,vehicles,native_cache_directory,25,10,10,15,0,50,-40,34.42467498779297,,
74a442637af150f2,traversing_intersection,2021.06.15.17.10.27_veh-47_00236_00430,2021.06.15.17.10.27_veh-47_00236_00430/traversing_intersection/74a442637af150f2/sledge_raw.gz,pedestrians,native_cache_directory,44,21,20,23,1,20,1,25.399572372436523,30.527584075927734,5.128011703491211
74a442637af150f2,traversing_intersection,2021.06.15.17.10.27_veh-47_00236_00430,2021.06.15.17.10.27_veh-47_00236_00430/traversing_intersection/74a442637af150f2/sledge_raw.gz,static_objects,native_cache_directory,93,24,24,69,0,30,-6,32.06585693359375,,
4b7f77276883536f,traversing_intersection,2021.07.16.02.35.53_veh-37_00577_01479,2021.07.16.02.35.53_veh-37_00577_01479/traversing_intersection/4b7f77276883536f/sledge_raw.gz,vehicles,native_cache_directory,15,4,4,11,0,50,-46,33.351253509521484,,
4b7f77276883536f,traversing_intersection,2021.07.16.02.35.53_veh-37_00577_01479,2021.07.16.02.35.53_veh-37_00577_01479/traversing_intersection/4b7f77276883536f/sledge_raw.gz,pedestrians,native_cache_directory,49,6,6,43,0,20,-14,28.426803588867188,,
4b7f77276883536f,traversing_intersection,2021.07.16.02.35.53_veh-37_00577_01479,2021.07.16.02.35.53_veh-37_00577_01479/traversing_intersection/4b7f77276883536f/sledge_raw.gz,static_objects,native_cache_directory,86,15,15,71,0,30,-15,32.24176025390625,,
8acf666b9cac5d8a,traversing_intersection,2021.10.08.02.05.47_veh-51_00842_01291,2021.10.08.02.05.47_veh-51_00842_01291/traversing_intersection/8acf666b9cac5d8a/sledge_raw.gz,vehicles,native_cache_directory,2,1,1,1,0,50,-49,29.97298240661621,,
8acf666b9cac5d8a,traversing_intersection,2021.10.08.02.05.47_veh-51_00842_01291,2021.10.08.02.05.47_veh-51_00842_01291/traversing_intersection/8acf666b9cac5d8a/sledge_raw.gz,pedestrians,native_cache_directory,9,8,8,1,0,20,-12,32.376094818115234,,
8acf666b9cac5d8a,traversing_intersection,2021.10.08.02.05.47_veh-51_00842_01291,2021.10.08.02.05.47_veh-51_00842_01291/traversing_intersection/8acf666b9cac5d8a/sledge_raw.gz,static_objects,native_cache_directory,4,4,4,0,0,30,-26,28.79184341430664,,
d4c424c137885108,traversing_intersection,2021.05.24.15.41.29_veh-25_03558_03939,2021.05.24.15.41.29_veh-25_03558_03939/traversing_intersection/d4c424c137885108/sledge_raw.gz,vehicles,native_cache_directory,17,7,7,10,0,50,-43,31.308408737182617,,
d4c424c137885108,traversing_intersection,2021.05.24.15.41.29_veh-25_03558_03939,2021.05.24.15.41.29_veh-25_03558_03939/traversing_intersection/d4c424c137885108/sledge_raw.gz,pedestrians,native_cache_directory,63,21,20,42,1,20,1,33.12022399902344,34.57508087158203,1.4548568725585938
d4c424c137885108,traversing_intersection,2021.05.24.15.41.29_veh-25_03558_03939,2021.05.24.15.41.29_veh-25_03558_03939/traversing_intersection/d4c424c137885108/sledge_raw.gz,static_objects,native_cache_directory,127,50,30,77,20,30,20,20.499595642089844,20.632709503173828,0.13311386108398438
3860983428ff5747,traversing_intersection,2021.07.09.20.26.06_veh-35_03898_05974,2021.07.09.20.26.06_veh-35_03898_05974/traversing_intersection/3860983428ff5747/sledge_raw.gz,vehicles,native_cache_directory,23,5,5,18,0,50,-45,34.92881393432617,,
3860983428ff5747,traversing_intersection,2021.07.09.20.26.06_veh-35_03898_05974,2021.07.09.20.26.06_veh-35_03898_05974/traversing_intersection/3860983428ff5747/sledge_raw.gz,pedestrians,native_cache_directory,4,0,0,4,0,20,-20,,,
3860983428ff5747,traversing_intersection,2021.07.09.20.26.06_veh-35_03898_05974,2021.07.09.20.26.06_veh-35_03898_05974/traversing_intersection/3860983428ff5747/sledge_raw.gz,static_objects,native_cache_directory,168,18,18,150,0,30,-12,32.094947814941406,,
ba4018b0539f50cb,traversing_intersection,2021.09.14.07.57.07_veh-51_01035_01599,2021.09.14.07.57.07_veh-51_01035_01599/traversing_intersection/ba4018b0539f50cb/sledge_raw.gz,vehicles,native_cache_directory,8,4,4,4,0,50,-46,30.7423038482666,,
ba4018b0539f50cb,traversing_intersection,2021.09.14.07.57.07_veh-51_01035_01599,2021.09.14.07.57.07_veh-51_01035_01599/traversing_intersection/ba4018b0539f50cb/sledge_raw.gz,pedestrians,native_cache_directory,7,1,1,6,0,20,-19,10.035107612609863,,
ba4018b0539f50cb,traversing_intersection,2021.09.14.07.57.07_veh-51_01035_01599,2021.09.14.07.57.07_veh-51_01035_01599/traversing_intersection/ba4018b0539f50cb/sledge_raw.gz,static_objects,native_cache_directory,1,1,1,0,0,30,-29,8.869526863098145,,
3cf228000f3f514b,traversing_intersection,2021.06.16.17.42.34_veh-26_01112_01606,2021.06.16.17.42.34_veh-26_01112_01606/traversing_intersection/3cf228000f3f514b/sledge_raw.gz,vehicles,native_cache_directory,24,7,7,17,0,50,-43,31.879003524780273,,
3cf228000f3f514b,traversing_intersection,2021.06.16.17.42.34_veh-26_01112_01606,2021.06.16.17.42.34_veh-26_01112_01606/traversing_intersection/3cf228000f3f514b/sledge_raw.gz,pedestrians,native_cache_directory,25,17,17,8,0,20,-3,30.9377498626709,,
3cf228000f3f514b,traversing_intersection,2021.06.16.17.42.34_veh-26_01112_01606,2021.06.16.17.42.34_veh-26_01112_01606/traversing_intersection/3cf228000f3f514b/sledge_raw.gz,static_objects,native_cache_directory,40,18,18,22,0,30,-12,19.158565521240234,,
521f8c4efa725422,traversing_intersection,2021.10.05.08.44.14_veh-53_00010_00964,2021.10.05.08.44.14_veh-53_00010_00964/traversing_intersection/521f8c4efa725422/sledge_raw.gz,vehicles,native_cache_directory,2,0,0,2,0,50,-50,,,
521f8c4efa725422,traversing_intersection,2021.10.05.08.44.14_veh-53_00010_00964,2021.10.05.08.44.14_veh-53_00010_00964/traversing_intersection/521f8c4efa725422/sledge_raw.gz,pedestrians,native_cache_directory,0,0,0,0,0,20,-20,,,
521f8c4efa725422,traversing_intersection,2021.10.05.08.44.14_veh-53_00010_00964,2021.10.05.08.44.14_veh-53_00010_00964/traversing_intersection/521f8c4efa725422/sledge_raw.gz,static_objects,native_cache_directory,0,0,0,0,0,30,-30,,,
5adb7c037e41522d,traversing_intersection,2021.07.21.16.26.10_veh-26_00649_02602,2021.07.21.16.26.10_veh-26_00649_02602/traversing_intersection/5adb7c037e41522d/sledge_raw.gz,vehicles,native_cache_directory,20,7,7,13,0,50,-43,41.43926239013672,,
5adb7c037e41522d,traversing_intersection,2021.07.21.16.26.10_veh-26_00649_02602,2021.07.21.16.26.10_veh-26_00649_02602/traversing_intersection/5adb7c037e41522d/sledge_raw.gz,pedestrians,native_cache_directory,45,18,18,27,0,20,-2,29.953514099121094,,
5adb7c037e41522d,traversing_intersection,2021.07.21.16.26.10_veh-26_00649_02602,2021.07.21.16.26.10_veh-26_00649_02602/traversing_intersection/5adb7c037e41522d/sledge_raw.gz,static_objects,native_cache_directory,89,19,19,70,0,30,-11,31.973655700683594,,
212be47f1ba852c2,traversing_intersection,2021.07.22.01.42.44_veh-12_00537_03284,2021.07.22.01.42.44_veh-12_00537_03284/traversing_intersection/212be47f1ba852c2/sledge_raw.gz,vehicles,native_cache_directory,13,7,7,6,0,50,-43,28.75808334350586,,
212be47f1ba852c2,traversing_intersection,2021.07.22.01.42.44_veh-12_00537_03284,2021.07.22.01.42.44_veh-12_00537_03284/traversing_intersection/212be47f1ba852c2/sledge_raw.gz,pedestrians,native_cache_directory,59,40,20,19,20,20,20,15.847652435302734,16.125612258911133,0.27795982360839844
212be47f1ba852c2,traversing_intersection,2021.07.22.01.42.44_veh-12_00537_03284,2021.07.22.01.42.44_veh-12_00537_03284/traversing_intersection/212be47f1ba852c2/sledge_raw.gz,static_objects,native_cache_directory,54,26,26,28,0,30,-4,31.325538635253906,,
0661e71ca9065c4d,traversing_intersection,2021.09.10.13.58.49_veh-42_00119_00710,2021.09.10.13.58.49_veh-42_00119_00710/traversing_intersection/0661e71ca9065c4d/sledge_raw.gz,vehicles,native_cache_directory,7,3,3,4,0,50,-47,30.091169357299805,,
0661e71ca9065c4d,traversing_intersection,2021.09.10.13.58.49_veh-42_00119_00710,2021.09.10.13.58.49_veh-42_00119_00710/traversing_intersection/0661e71ca9065c4d/sledge_raw.gz,pedestrians,native_cache_directory,3,0,0,3,0,20,-20,,,
0661e71ca9065c4d,traversing_intersection,2021.09.10.13.58.49_veh-42_00119_00710,2021.09.10.13.58.49_veh-42_00119_00710/traversing_intersection/0661e71ca9065c4d/sledge_raw.gz,static_objects,native_cache_directory,6,3,3,3,0,30,-27,28.744543075561523,,
69eed688c14c5edf,traversing_intersection,2021.06.30.16.57.14_veh-12_00109_01120,2021.06.30.16.57.14_veh-12_00109_01120/traversing_intersection/69eed688c14c5edf/sledge_raw.gz,vehicles,native_cache_directory,7,2,2,5,0,50,-48,30.683412551879883,,
69eed688c14c5edf,traversing_intersection,2021.06.30.16.57.14_veh-12_00109_01120,2021.06.30.16.57.14_veh-12_00109_01120/traversing_intersection/69eed688c14c5edf/sledge_raw.gz,pedestrians,native_cache_directory,7,5,5,2,0,20,-15,27.947702407836914,,
69eed688c14c5edf,traversing_intersection,2021.06.30.16.57.14_veh-12_00109_01120,2021.06.30.16.57.14_veh-12_00109_01120/traversing_intersection/69eed688c14c5edf/sledge_raw.gz,static_objects,native_cache_directory,25,6,6,19,0,30,-24,33.796634674072266,,
843e3d8526ca50ce,traversing_intersection,2021.08.30.14.29.08_veh-45_01971_02180,2021.08.30.14.29.08_veh-45_01971_02180/traversing_intersection/843e3d8526ca50ce/sledge_raw.gz,vehicles,native_cache_directory,0,0,0,0,0,50,-50,,,
843e3d8526ca50ce,traversing_intersection,2021.08.30.14.29.08_veh-45_01971_02180,2021.08.30.14.29.08_veh-45_01971_02180/traversing_intersection/843e3d8526ca50ce/sledge_raw.gz,pedestrians,native_cache_directory,0,0,0,0,0,20,-20,,,
843e3d8526ca50ce,traversing_intersection,2021.08.30.14.29.08_veh-45_01971_02180,2021.08.30.14.29.08_veh-45_01971_02180/traversing_intersection/843e3d8526ca50ce/sledge_raw.gz,static_objects,native_cache_directory,2,2,2,0,0,30,-28,25.25865936279297,,
9972dc607d655cdd,traversing_intersection,2021.06.16.13.42.21_veh-26_01769_01898,2021.06.16.13.42.21_veh-26_01769_01898/traversing_intersection/9972dc607d655cdd/sledge_raw.gz,vehicles,native_cache_directory,33,7,7,26,0,50,-43,39.99934005737305,,
9972dc607d655cdd,traversing_intersection,2021.06.16.13.42.21_veh-26_01769_01898,2021.06.16.13.42.21_veh-26_01769_01898/traversing_intersection/9972dc607d655cdd/sledge_raw.gz,pedestrians,native_cache_directory,14,1,1,13,0,20,-19,31.990785598754883,,
9972dc607d655cdd,traversing_intersection,2021.06.16.13.42.21_veh-26_01769_01898,2021.06.16.13.42.21_veh-26_01769_01898/traversing_intersection/9972dc607d655cdd/sledge_raw.gz,static_objects,native_cache_directory,38,1,1,37,0,30,-29,26.4488525390625,,
2721e074fe3e55f6,traversing_intersection,2021.07.21.01.14.08_veh-35_00050_00459,2021.07.21.01.14.08_veh-35_00050_00459/traversing_intersection/2721e074fe3e55f6/sledge_raw.gz,vehicles,native_cache_directory,8,6,6,2,0,50,-44,22.038347244262695,,
2721e074fe3e55f6,traversing_intersection,2021.07.21.01.14.08_veh-35_00050_00459,2021.07.21.01.14.08_veh-35_00050_00459/traversing_intersection/2721e074fe3e55f6/sledge_raw.gz,pedestrians,native_cache_directory,3,0,0,3,0,20,-20,,,
2721e074fe3e55f6,traversing_intersection,2021.07.21.01.14.08_veh-35_00050_00459,2021.07.21.01.14.08_veh-35_00050_00459/traversing_intersection/2721e074fe3e55f6/sledge_raw.gz,static_objects,native_cache_directory,23,14,14,9,0,30,-16,37.28836441040039,,
651eb50bd5e65180,traversing_intersection,2021.09.28.04.07.40_veh-50_01499_01855,2021.09.28.04.07.40_veh-50_01499_01855/traversing_intersection/651eb50bd5e65180/sledge_raw.gz,vehicles,native_cache_directory,0,0,0,0,0,50,-50,,,
651eb50bd5e65180,traversing_intersection,2021.09.28.04.07.40_veh-50_01499_01855,2021.09.28.04.07.40_veh-50_01499_01855/traversing_intersection/651eb50bd5e65180/sledge_raw.gz,pedestrians,native_cache_directory,6,5,5,1,0,20,-15,26.60672950744629,,
651eb50bd5e65180,traversing_intersection,2021.09.28.04.07.40_veh-50_01499_01855,2021.09.28.04.07.40_veh-50_01499_01855/traversing_intersection/651eb50bd5e65180/sledge_raw.gz,static_objects,native_cache_directory,14,7,7,7,0,30,-23,18.25983428955078,,
086345f0359a5117,traversing_intersection,2021.09.10.05.48.49_veh-49_00266_00720,2021.09.10.05.48.49_veh-49_00266_00720/traversing_intersection/086345f0359a5117/sledge_raw.gz,vehicles,native_cache_directory,6,4,4,2,0,50,-46,31.864538192749023,,
086345f0359a5117,traversing_intersection,2021.09.10.05.48.49_veh-49_00266_00720,2021.09.10.05.48.49_veh-49_00266_00720/traversing_intersection/086345f0359a5117/sledge_raw.gz,pedestrians,native_cache_directory,0,0,0,0,0,20,-20,,,
086345f0359a5117,traversing_intersection,2021.09.10.05.48.49_veh-49_00266_00720,2021.09.10.05.48.49_veh-49_00266_00720/traversing_intersection/086345f0359a5117/sledge_raw.gz,static_objects,native_cache_directory,0,0,0,0,0,30,-30,,,
b8172f00697e5bbe,traversing_intersection,2021.05.27.18.21.51_veh-30_03611_03870,2021.05.27.18.21.51_veh-30_03611_03870/traversing_intersection/b8172f00697e5bbe/sledge_raw.gz,vehicles,native_cache_directory,10,0,0,10,0,50,-50,,,
b8172f00697e5bbe,traversing_intersection,2021.05.27.18.21.51_veh-30_03611_03870,2021.05.27.18.21.51_veh-30_03611_03870/traversing_intersection/b8172f00697e5bbe/sledge_raw.gz,pedestrians,native_cache_directory,18,1,1,17,0,20,-19,8.753572463989258,,
b8172f00697e5bbe,traversing_intersection,2021.05.27.18.21.51_veh-30_03611_03870,2021.05.27.18.21.51_veh-30_03611_03870/traversing_intersection/b8172f00697e5bbe/sledge_raw.gz,static_objects,native_cache_directory,26,5,5,21,0,30,-25,33.1198616027832,,
2a36b4bcb7c45686,traversing_intersection,2021.07.24.15.54.20_veh-47_03573_05252,2021.07.24.15.54.20_veh-47_03573_05252/traversing_intersection/2a36b4bcb7c45686/sledge_raw.gz,vehicles,native_cache_directory,13,6,6,7,0,50,-44,31.5292911529541,,
2a36b4bcb7c45686,traversing_intersection,2021.07.24.15.54.20_veh-47_03573_05252,2021.07.24.15.54.20_veh-47_03573_05252/traversing_intersection/2a36b4bcb7c45686/sledge_raw.gz,pedestrians,native_cache_directory,11,0,0,11,0,20,-20,,,
2a36b4bcb7c45686,traversing_intersection,2021.07.24.15.54.20_veh-47_03573_05252,2021.07.24.15.54.20_veh-47_03573_05252/traversing_intersection/2a36b4bcb7c45686/sledge_raw.gz,static_objects,native_cache_directory,34,23,23,11,0,30,-7,31.829797744750977,,
c84ffda17d685395,traversing_intersection,2021.06.29.21.10.40_veh-14_00441_01040,2021.06.29.21.10.40_veh-14_00441_01040/traversing_intersection/c84ffda17d685395/sledge_raw.gz,vehicles,native_cache_directory,24,10,10,14,0,50,-40,39.4352912902832,,
c84ffda17d685395,traversing_intersection,2021.06.29.21.10.40_veh-14_00441_01040,2021.06.29.21.10.40_veh-14_00441_01040/traversing_intersection/c84ffda17d685395/sledge_raw.gz,pedestrians,native_cache_directory,58,25,20,33,5,20,5,30.585018157958984,33.385948181152344,2.8009300231933594
c84ffda17d685395,traversing_intersection,2021.06.29.21.10.40_veh-14_00441_01040,2021.06.29.21.10.40_veh-14_00441_01040/traversing_intersection/c84ffda17d685395/sledge_raw.gz,static_objects,native_cache_directory,54,34,30,20,4,30,4,33.2480354309082,33.696144104003906,0.4481086730957031
621c6709398253fb,traversing_intersection,2021.07.21.00.49.45_veh-37_05763_06789,2021.07.21.00.49.45_veh-37_05763_06789/traversing_intersection/621c6709398253fb/sledge_raw.gz,vehicles,native_cache_directory,31,10,10,21,0,50,-40,36.44215774536133,,
621c6709398253fb,traversing_intersection,2021.07.21.00.49.45_veh-37_05763_06789,2021.07.21.00.49.45_veh-37_05763_06789/traversing_intersection/621c6709398253fb/sledge_raw.gz,pedestrians,native_cache_directory,32,0,0,32,0,20,-20,,,
621c6709398253fb,traversing_intersection,2021.07.21.00.49.45_veh-37_05763_06789,2021.07.21.00.49.45_veh-37_05763_06789/traversing_intersection/621c6709398253fb/sledge_raw.gz,static_objects,native_cache_directory,40,0,0,40,0,30,-30,,,
08cfae6c91ec5da3,traversing_intersection,2021.08.24.14.40.55_veh-28_01190_01458,2021.08.24.14.40.55_veh-28_01190_01458/traversing_intersection/08cfae6c91ec5da3/sledge_raw.gz,vehicles,native_cache_directory,2,1,1,1,0,50,-49,32.711788177490234,,
08cfae6c91ec5da3,traversing_intersection,2021.08.24.14.40.55_veh-28_01190_01458,2021.08.24.14.40.55_veh-28_01190_01458/traversing_intersection/08cfae6c91ec5da3/sledge_raw.gz,pedestrians,native_cache_directory,0,0,0,0,0,20,-20,,,
08cfae6c91ec5da3,traversing_intersection,2021.08.24.14.40.55_veh-28_01190_01458,2021.08.24.14.40.55_veh-28_01190_01458/traversing_intersection/08cfae6c91ec5da3/sledge_raw.gz,static_objects,native_cache_directory,2,1,1,1,0,30,-29,24.21522331237793,,
ae435a25910e559c,traversing_intersection,2021.10.04.15.44.57_veh-28_00404_00597,2021.10.04.15.44.57_veh-28_00404_00597/traversing_intersection/ae435a25910e559c/sledge_raw.gz,vehicles,native_cache_directory,9,0,0,9,0,50,-50,,,
ae435a25910e559c,traversing_intersection,2021.10.04.15.44.57_veh-28_00404_00597,2021.10.04.15.44.57_veh-28_00404_00597/traversing_intersection/ae435a25910e559c/sledge_raw.gz,pedestrians,native_cache_directory,0,0,0,0,0,20,-20,,,
ae435a25910e559c,traversing_intersection,2021.10.04.15.44.57_veh-28_00404_00597,2021.10.04.15.44.57_veh-28_00404_00597/traversing_intersection/ae435a25910e559c/sledge_raw.gz,static_objects,native_cache_directory,27,9,9,18,0,30,-21,24.41777801513672,,
4b71c762d76c5474,traversing_intersection,2021.09.10.17.26.51_veh-39_01515_01778,2021.09.10.17.26.51_veh-39_01515_01778/traversing_intersection/4b71c762d76c5474/sledge_raw.gz,vehicles,native_cache_directory,1,1,1,0,0,50,-49,12.557089805603027,,
4b71c762d76c5474,traversing_intersection,2021.09.10.17.26.51_veh-39_01515_01778,2021.09.10.17.26.51_veh-39_01515_01778/traversing_intersection/4b71c762d76c5474/sledge_raw.gz,pedestrians,native_cache_directory,0,0,0,0,0,20,-20,,,
4b71c762d76c5474,traversing_intersection,2021.09.10.17.26.51_veh-39_01515_01778,2021.09.10.17.26.51_veh-39_01515_01778/traversing_intersection/4b71c762d76c5474/sledge_raw.gz,static_objects,native_cache_directory,17,12,12,5,0,30,-18,29.26497459411621,,
0938a517664159a8,traversing_intersection,2021.09.23.17.57.13_veh-45_02202_02830,2021.09.23.17.57.13_veh-45_02202_02830/traversing_intersection/0938a517664159a8/sledge_raw.gz,vehicles,native_cache_directory,7,4,4,3,0,50,-46,32.10637283325195,,
0938a517664159a8,traversing_intersection,2021.09.23.17.57.13_veh-45_02202_02830,2021.09.23.17.57.13_veh-45_02202_02830/traversing_intersection/0938a517664159a8/sledge_raw.gz,pedestrians,native_cache_directory,3,0,0,3,0,20,-20,,,
0938a517664159a8,traversing_intersection,2021.09.23.17.57.13_veh-45_02202_02830,2021.09.23.17.57.13_veh-45_02202_02830/traversing_intersection/0938a517664159a8/sledge_raw.gz,static_objects,native_cache_directory,16,11,11,5,0,30,-19,30.675687789916992,,
6247bc7f131150ca,traversing_intersection,2021.09.10.19.51.48_veh-39_00997_01252,2021.09.10.19.51.48_veh-39_00997_01252/traversing_intersection/6247bc7f131150ca/sledge_raw.gz,vehicles,native_cache_directory,1,0,0,1,0,50,-50,,,
6247bc7f131150ca,traversing_intersection,2021.09.10.19.51.48_veh-39_00997_01252,2021.09.10.19.51.48_veh-39_00997_01252/traversing_intersection/6247bc7f131150ca/sledge_raw.gz,pedestrians,native_cache_directory,1,0,0,1,0,20,-20,,,
6247bc7f131150ca,traversing_intersection,2021.09.10.19.51.48_veh-39_00997_01252,2021.09.10.19.51.48_veh-39_00997_01252/traversing_intersection/6247bc7f131150ca/sledge_raw.gz,static_objects,native_cache_directory,11,5,5,6,0,30,-25,25.417936325073242,,
a4e682ca934d5f47,traversing_intersection,2021.10.20.17.01.17_veh-28_01324_01584,2021.10.20.17.01.17_veh-28_01324_01584/traversing_intersection/a4e682ca934d5f47/sledge_raw.gz,vehicles,native_cache_directory,5,3,3,2,0,50,-47,31.110733032226562,,
a4e682ca934d5f47,traversing_intersection,2021.10.20.17.01.17_veh-28_01324_01584,2021.10.20.17.01.17_veh-28_01324_01584/traversing_intersection/a4e682ca934d5f47/sledge_raw.gz,pedestrians,native_cache_directory,8,4,4,4,0,20,-16,31.94251823425293,,
a4e682ca934d5f47,traversing_intersection,2021.10.20.17.01.17_veh-28_01324_01584,2021.10.20.17.01.17_veh-28_01324_01584/traversing_intersection/a4e682ca934d5f47/sledge_raw.gz,static_objects,native_cache_directory,3,0,0,3,0,30,-30,,,
9666b63d229f5453,traversing_intersection,2021.10.04.07.49.45_veh-50_00793_01090,2021.10.04.07.49.45_veh-50_00793_01090/traversing_intersection/9666b63d229f5453/sledge_raw.gz,vehicles,native_cache_directory,9,6,6,3,0,50,-44,33.491214752197266,,
9666b63d229f5453,traversing_intersection,2021.10.04.07.49.45_veh-50_00793_01090,2021.10.04.07.49.45_veh-50_00793_01090/traversing_intersection/9666b63d229f5453/sledge_raw.gz,pedestrians,native_cache_directory,8,6,6,2,0,20,-14,22.536394119262695,,
9666b63d229f5453,traversing_intersection,2021.10.04.07.49.45_veh-50_00793_01090,2021.10.04.07.49.45_veh-50_00793_01090/traversing_intersection/9666b63d229f5453/sledge_raw.gz,static_objects,native_cache_directory,1,1,1,0,0,30,-29,13.24693775177002,,
3daf2db16e985428,traversing_intersection,2021.09.15.14.30.33_veh-42_00990_01457,2021.09.15.14.30.33_veh-42_00990_01457/traversing_intersection/3daf2db16e985428/sledge_raw.gz,vehicles,native_cache_directory,19,4,4,15,0,50,-46,30.816665649414062,,
3daf2db16e985428,traversing_intersection,2021.09.15.14.30.33_veh-42_00990_01457,2021.09.15.14.30.33_veh-42_00990_01457/traversing_intersection/3daf2db16e985428/sledge_raw.gz,pedestrians,native_cache_directory,2,0,0,2,0,20,-20,,,
3daf2db16e985428,traversing_intersection,2021.09.15.14.30.33_veh-42_00990_01457,2021.09.15.14.30.33_veh-42_00990_01457/traversing_intersection/3daf2db16e985428/sledge_raw.gz,static_objects,native_cache_directory,1,0,0,1,0,30,-30,,,
cc798239e0255b5e,traversing_intersection,2021.09.07.20.27.01_veh-39_00407_00994,2021.09.07.20.27.01_veh-39_00407_00994/traversing_intersection/cc798239e0255b5e/sledge_raw.gz,vehicles,native_cache_directory,4,1,1,3,0,50,-49,20.576656341552734,,
cc798239e0255b5e,traversing_intersection,2021.09.07.20.27.01_veh-39_00407_00994,2021.09.07.20.27.01_veh-39_00407_00994/traversing_intersection/cc798239e0255b5e/sledge_raw.gz,pedestrians,native_cache_directory,4,3,3,1,0,20,-17,28.797439575195312,,
cc798239e0255b5e,traversing_intersection,2021.09.07.20.27.01_veh-39_00407_00994,2021.09.07.20.27.01_veh-39_00407_00994/traversing_intersection/cc798239e0255b5e/sledge_raw.gz,static_objects,native_cache_directory,7,6,6,1,0,30,-24,30.761173248291016,,
3660062e3b5457bf,traversing_intersection,2021.08.17.14.45.12_veh-42_00831_01079,2021.08.17.14.45.12_veh-42_00831_01079/traversing_intersection/3660062e3b5457bf/sledge_raw.gz,vehicles,native_cache_directory,14,5,5,9,0,50,-45,29.037322998046875,,
3660062e3b5457bf,traversing_intersection,2021.08.17.14.45.12_veh-42_00831_01079,2021.08.17.14.45.12_veh-42_00831_01079/traversing_intersection/3660062e3b5457bf/sledge_raw.gz,pedestrians,native_cache_directory,3,0,0,3,0,20,-20,,,
3660062e3b5457bf,traversing_intersection,2021.08.17.14.45.12_veh-42_00831_01079,2021.08.17.14.45.12_veh-42_00831_01079/traversing_intersection/3660062e3b5457bf/sledge_raw.gz,static_objects,native_cache_directory,14,3,3,11,0,30,-27,22.16316795349121,,
57822a0bd4a256f9,traversing_intersection,2021.09.27.02.44.44_veh-51_00457_01229,2021.09.27.02.44.44_veh-51_00457_01229/traversing_intersection/57822a0bd4a256f9/sledge_raw.gz,vehicles,native_cache_directory,4,0,0,4,0,50,-50,,,
57822a0bd4a256f9,traversing_intersection,2021.09.27.02.44.44_veh-51_00457_01229,2021.09.27.02.44.44_veh-51_00457_01229/traversing_intersection/57822a0bd4a256f9/sledge_raw.gz,pedestrians,native_cache_directory,2,0,0,2,0,20,-20,,,
57822a0bd4a256f9,traversing_intersection,2021.09.27.02.44.44_veh-51_00457_01229,2021.09.27.02.44.44_veh-51_00457_01229/traversing_intersection/57822a0bd4a256f9/sledge_raw.gz,static_objects,native_cache_directory,2,1,1,1,0,30,-29,20.722015380859375,,
d6c503ddb8485325,traversing_intersection,2021.07.16.21.42.48_veh-12_03245_04702,2021.07.16.21.42.48_veh-12_03245_04702/traversing_intersection/d6c503ddb8485325/sledge_raw.gz,vehicles,native_cache_directory,35,13,13,22,0,50,-37,35.90841293334961,,
d6c503ddb8485325,traversing_intersection,2021.07.16.21.42.48_veh-12_03245_04702,2021.07.16.21.42.48_veh-12_03245_04702/traversing_intersection/d6c503ddb8485325/sledge_raw.gz,pedestrians,native_cache_directory,80,44,20,36,24,20,24,26.190523147583008,26.801433563232422,0.6109104156494141
d6c503ddb8485325,traversing_intersection,2021.07.16.21.42.48_veh-12_03245_04702,2021.07.16.21.42.48_veh-12_03245_04702/traversing_intersection/d6c503ddb8485325/sledge_raw.gz,static_objects,native_cache_directory,47,33,30,14,3,30,3,30.084861755371094,30.7156982421875,0.6308364868164062
81c118a94432520a,traversing_intersection,2021.09.23.02.58.49_veh-53_00489_00758,2021.09.23.02.58.49_veh-53_00489_00758/traversing_intersection/81c118a94432520a/sledge_raw.gz,vehicles,native_cache_directory,2,1,1,1,0,50,-49,13.972495079040527,,
81c118a94432520a,traversing_intersection,2021.09.23.02.58.49_veh-53_00489_00758,2021.09.23.02.58.49_veh-53_00489_00758/traversing_intersection/81c118a94432520a/sledge_raw.gz,pedestrians,native_cache_directory,0,0,0,0,0,20,-20,,,
81c118a94432520a,traversing_intersection,2021.09.23.02.58.49_veh-53_00489_00758,2021.09.23.02.58.49_veh-53_00489_00758/traversing_intersection/81c118a94432520a/sledge_raw.gz,static_objects,native_cache_directory,29,8,8,21,0,30,-22,35.44661331176758,,
c15d3e401fd75ada,traversing_intersection,2021.06.21.17.42.00_veh-38_04098_04812,2021.06.21.17.42.00_veh-38_04098_04812/traversing_intersection/c15d3e401fd75ada/sledge_raw.gz,vehicles,native_cache_directory,10,7,7,3,0,50,-43,30.485708236694336,,
c15d3e401fd75ada,traversing_intersection,2021.06.21.17.42.00_veh-38_04098_04812,2021.06.21.17.42.00_veh-38_04098_04812/traversing_intersection/c15d3e401fd75ada/sledge_raw.gz,pedestrians,native_cache_directory,21,19,19,2,0,20,-1,22.4693660736084,,
c15d3e401fd75ada,traversing_intersection,2021.06.21.17.42.00_veh-38_04098_04812,2021.06.21.17.42.00_veh-38_04098_04812/traversing_intersection/c15d3e401fd75ada/sledge_raw.gz,static_objects,native_cache_directory,62,51,30,11,21,30,21,18.373966217041016,19.44436264038086,1.0703964233398438
852547b586895173,traversing_intersection,2021.05.26.14.10.09_veh-38_00442_01034,2021.05.26.14.10.09_veh-38_00442_01034/traversing_intersection/852547b586895173/sledge_raw.gz,vehicles,native_cache_directory,33,14,14,19,0,50,-36,36.01871109008789,,
852547b586895173,traversing_intersection,2021.05.26.14.10.09_veh-38_00442_01034,2021.05.26.14.10.09_veh-38_00442_01034/traversing_intersection/852547b586895173/sledge_raw.gz,pedestrians,native_cache_directory,23,4,4,19,0,20,-16,27.7039852142334,,
852547b586895173,traversing_intersection,2021.05.26.14.10.09_veh-38_00442_01034,2021.05.26.14.10.09_veh-38_00442_01034/traversing_intersection/852547b586895173/sledge_raw.gz,static_objects,native_cache_directory,45,16,16,29,0,30,-14,32.0847053527832,,
56df0c69686e5341,traversing_intersection,2021.06.23.14.06.20_veh-26_01563_02494,2021.06.23.14.06.20_veh-26_01563_02494/traversing_intersection/56df0c69686e5341/sledge_raw.gz,vehicles,native_cache_directory,19,7,7,12,0,50,-43,37.12312698364258,,
56df0c69686e5341,traversing_intersection,2021.06.23.14.06.20_veh-26_01563_02494,2021.06.23.14.06.20_veh-26_01563_02494/traversing_intersection/56df0c69686e5341/sledge_raw.gz,pedestrians,native_cache_directory,14,5,5,9,0,20,-15,30.559553146362305,,
56df0c69686e5341,traversing_intersection,2021.06.23.14.06.20_veh-26_01563_02494,2021.06.23.14.06.20_veh-26_01563_02494/traversing_intersection/56df0c69686e5341/sledge_raw.gz,static_objects,native_cache_directory,71,35,30,36,5,30,5,30.795690536499023,30.85437774658203,0.05868721008300781
ef0a2282d37d50af,traversing_intersection,2021.07.23.15.54.28_veh-35_01764_02705,2021.07.23.15.54.28_veh-35_01764_02705/traversing_intersection/ef0a2282d37d50af/sledge_raw.gz,vehicles,native_cache_directory,6,4,4,2,0,50,-46,29.873746871948242,,
ef0a2282d37d50af,traversing_intersection,2021.07.23.15.54.28_veh-35_01764_02705,2021.07.23.15.54.28_veh-35_01764_02705/traversing_intersection/ef0a2282d37d50af/sledge_raw.gz,pedestrians,native_cache_directory,13,0,0,13,0,20,-20,,,
ef0a2282d37d50af,traversing_intersection,2021.07.23.15.54.28_veh-35_01764_02705,2021.07.23.15.54.28_veh-35_01764_02705/traversing_intersection/ef0a2282d37d50af/sledge_raw.gz,static_objects,native_cache_directory,38,32,30,6,2,30,2,31.508440017700195,32.73622131347656,1.2277812957763672
5b3471dc903356ca,traversing_intersection,2021.08.23.17.36.45_veh-42_00023_01720,2021.08.23.17.36.45_veh-42_00023_01720/traversing_intersection/5b3471dc903356ca/sledge_raw.gz,vehicles,native_cache_directory,5,3,3,2,0,50,-47,22.323944091796875,,
5b3471dc903356ca,traversing_intersection,2021.08.23.17.36.45_veh-42_00023_01720,2021.08.23.17.36.45_veh-42_00023_01720/traversing_intersection/5b3471dc903356ca/sledge_raw.gz,pedestrians,native_cache_directory,2,1,1,1,0,20,-19,23.20994758605957,,
5b3471dc903356ca,traversing_intersection,2021.08.23.17.36.45_veh-42_00023_01720,2021.08.23.17.36.45_veh-42_00023_01720/traversing_intersection/5b3471dc903356ca/sledge_raw.gz,static_objects,native_cache_directory,1,0,0,1,0,30,-30,,,
663e44d2750f5646,traversing_intersection,2021.08.30.13.47.20_veh-08_00533_01152,2021.08.30.13.47.20_veh-08_00533_01152/traversing_intersection/663e44d2750f5646/sledge_raw.gz,vehicles,native_cache_directory,5,0,0,5,0,50,-50,,,
663e44d2750f5646,traversing_intersection,2021.08.30.13.47.20_veh-08_00533_01152,2021.08.30.13.47.20_veh-08_00533_01152/traversing_intersection/663e44d2750f5646/sledge_raw.gz,pedestrians,native_cache_directory,0,0,0,0,0,20,-20,,,
663e44d2750f5646,traversing_intersection,2021.08.30.13.47.20_veh-08_00533_01152,2021.08.30.13.47.20_veh-08_00533_01152/traversing_intersection/663e44d2750f5646/sledge_raw.gz,static_objects,native_cache_directory,13,10,10,3,0,30,-20,25.404306411743164,,
7c531566b8ee5605,traversing_intersection,2021.08.31.14.01.15_veh-40_01576_01714,2021.08.31.14.01.15_veh-40_01576_01714/traversing_intersection/7c531566b8ee5605/sledge_raw.gz,vehicles,native_cache_directory,14,1,1,13,0,50,-49,31.167722702026367,,
7c531566b8ee5605,traversing_intersection,2021.08.31.14.01.15_veh-40_01576_01714,2021.08.31.14.01.15_veh-40_01576_01714/traversing_intersection/7c531566b8ee5605/sledge_raw.gz,pedestrians,native_cache_directory,2,2,2,0,0,20,-18,29.10305404663086,,
7c531566b8ee5605,traversing_intersection,2021.08.31.14.01.15_veh-40_01576_01714,2021.08.31.14.01.15_veh-40_01576_01714/traversing_intersection/7c531566b8ee5605/sledge_raw.gz,static_objects,native_cache_directory,18,12,12,6,0,30,-18,33.171051025390625,,
b316f71bd7a65d8f,traversing_intersection,2021.09.28.08.27.17_veh-52_00850_01094,2021.09.28.08.27.17_veh-52_00850_01094/traversing_intersection/b316f71bd7a65d8f/sledge_raw.gz,vehicles,native_cache_directory,0,0,0,0,0,50,-50,,,
b316f71bd7a65d8f,traversing_intersection,2021.09.28.08.27.17_veh-52_00850_01094,2021.09.28.08.27.17_veh-52_00850_01094/traversing_intersection/b316f71bd7a65d8f/sledge_raw.gz,pedestrians,native_cache_directory,2,0,0,2,0,20,-20,,,
b316f71bd7a65d8f,traversing_intersection,2021.09.28.08.27.17_veh-52_00850_01094,2021.09.28.08.27.17_veh-52_00850_01094/traversing_intersection/b316f71bd7a65d8f/sledge_raw.gz,static_objects,native_cache_directory,25,18,18,7,0,30,-12,37.68626403808594,,
4dabefb96faa5e9e,traversing_intersection,2021.07.22.01.42.44_veh-12_05318_06079,2021.07.22.01.42.44_veh-12_05318_06079/traversing_intersection/4dabefb96faa5e9e/sledge_raw.gz,vehicles,native_cache_directory,63,17,17,46,0,50,-33,30.486433029174805,,
4dabefb96faa5e9e,traversing_intersection,2021.07.22.01.42.44_veh-12_05318_06079,2021.07.22.01.42.44_veh-12_05318_06079/traversing_intersection/4dabefb96faa5e9e/sledge_raw.gz,pedestrians,native_cache_directory,79,19,19,60,0,20,-1,38.19951629638672,,
4dabefb96faa5e9e,traversing_intersection,2021.07.22.01.42.44_veh-12_05318_06079,2021.07.22.01.42.44_veh-12_05318_06079/traversing_intersection/4dabefb96faa5e9e/sledge_raw.gz,static_objects,native_cache_directory,13,10,10,3,0,30,-20,30.64101219177246,,
2f850e4c0a365995,traversing_intersection,2021.09.10.20.06.13_veh-42_00032_01034,2021.09.10.20.06.13_veh-42_00032_01034/traversing_intersection/2f850e4c0a365995/sledge_raw.gz,vehicles,native_cache_directory,16,2,2,14,0,50,-48,27.256301879882812,,
2f850e4c0a365995,traversing_intersection,2021.09.10.20.06.13_veh-42_00032_01034,2021.09.10.20.06.13_veh-42_00032_01034/traversing_intersection/2f850e4c0a365995/sledge_raw.gz,pedestrians,native_cache_directory,1,0,0,1,0,20,-20,,,
2f850e4c0a365995,traversing_intersection,2021.09.10.20.06.13_veh-42_00032_01034,2021.09.10.20.06.13_veh-42_00032_01034/traversing_intersection/2f850e4c0a365995/sledge_raw.gz,static_objects,native_cache_directory,2,2,2,0,0,30,-28,14.581161499023438,,
5a9e162f3a4e50d7,traversing_intersection,2021.10.15.02.36.56_veh-53_02020_02442,2021.10.15.02.36.56_veh-53_02020_02442/traversing_intersection/5a9e162f3a4e50d7/sledge_raw.gz,vehicles,native_cache_directory,5,0,0,5,0,50,-50,,,
5a9e162f3a4e50d7,traversing_intersection,2021.10.15.02.36.56_veh-53_02020_02442,2021.10.15.02.36.56_veh-53_02020_02442/traversing_intersection/5a9e162f3a4e50d7/sledge_raw.gz,pedestrians,native_cache_directory,6,2,2,4,0,20,-18,27.09670066833496,,
5a9e162f3a4e50d7,traversing_intersection,2021.10.15.02.36.56_veh-53_02020_02442,2021.10.15.02.36.56_veh-53_02020_02442/traversing_intersection/5a9e162f3a4e50d7/sledge_raw.gz,static_objects,native_cache_directory,3,2,2,1,0,30,-28,30.005138397216797,,
1652865163595624,traversing_intersection,2021.07.24.23.59.52_veh-12_01548_02862,2021.07.24.23.59.52_veh-12_01548_02862/traversing_intersection/1652865163595624/sledge_raw.gz,vehicles,native_cache_directory,37,27,27,10,0,50,-23,36.1312370300293,,
1652865163595624,traversing_intersection,2021.07.24.23.59.52_veh-12_01548_02862,2021.07.24.23.59.52_veh-12_01548_02862/traversing_intersection/1652865163595624/sledge_raw.gz,pedestrians,native_cache_directory,75,33,20,42,13,20,13,38.1055908203125,38.10890197753906,0.0033111572265625
1652865163595624,traversing_intersection,2021.07.24.23.59.52_veh-12_01548_02862,2021.07.24.23.59.52_veh-12_01548_02862/traversing_intersection/1652865163595624/sledge_raw.gz,static_objects,native_cache_directory,69,35,30,34,5,30,5,34.91748809814453,36.03641128540039,1.1189231872558594
8340cfb2d2125e5c,traversing_intersection,2021.09.15.12.32.43_veh-28_02111_02342,2021.09.15.12.32.43_veh-28_02111_02342/traversing_intersection/8340cfb2d2125e5c/sledge_raw.gz,vehicles,native_cache_directory,5,1,1,4,0,50,-49,14.098326683044434,,
8340cfb2d2125e5c,traversing_intersection,2021.09.15.12.32.43_veh-28_02111_02342,2021.09.15.12.32.43_veh-28_02111_02342/traversing_intersection/8340cfb2d2125e5c/sledge_raw.gz,pedestrians,native_cache_directory,4,0,0,4,0,20,-20,,,
8340cfb2d2125e5c,traversing_intersection,2021.09.15.12.32.43_veh-28_02111_02342,2021.09.15.12.32.43_veh-28_02111_02342/traversing_intersection/8340cfb2d2125e5c/sledge_raw.gz,static_objects,native_cache_directory,5,1,1,4,0,30,-29,25.823711395263672,,
d87413713f4e5653,traversing_intersection,2021.09.07.05.45.19_veh-51_00031_00343,2021.09.07.05.45.19_veh-51_00031_00343/traversing_intersection/d87413713f4e5653/sledge_raw.gz,vehicles,native_cache_directory,10,8,8,2,0,50,-42,21.855131149291992,,
d87413713f4e5653,traversing_intersection,2021.09.07.05.45.19_veh-51_00031_00343,2021.09.07.05.45.19_veh-51_00031_00343/traversing_intersection/d87413713f4e5653/sledge_raw.gz,pedestrians,native_cache_directory,2,1,1,1,0,20,-19,13.956452369689941,,
d87413713f4e5653,traversing_intersection,2021.09.07.05.45.19_veh-51_00031_00343,2021.09.07.05.45.19_veh-51_00031_00343/traversing_intersection/d87413713f4e5653/sledge_raw.gz,static_objects,native_cache_directory,1,0,0,1,0,30,-30,,,
2eb29acda24a568b,traversing_intersection,2021.06.11.12.06.26_veh-35_04260_04949,2021.06.11.12.06.26_veh-35_04260_04949/traversing_intersection/2eb29acda24a568b/sledge_raw.gz,vehicles,native_cache_directory,16,7,7,9,0,50,-43,38.172035217285156,,
2eb29acda24a568b,traversing_intersection,2021.06.11.12.06.26_veh-35_04260_04949,2021.06.11.12.06.26_veh-35_04260_04949/traversing_intersection/2eb29acda24a568b/sledge_raw.gz,pedestrians,native_cache_directory,13,3,3,10,0,20,-17,25.649274826049805,,
2eb29acda24a568b,traversing_intersection,2021.06.11.12.06.26_veh-35_04260_04949,2021.06.11.12.06.26_veh-35_04260_04949/traversing_intersection/2eb29acda24a568b/sledge_raw.gz,static_objects,native_cache_directory,180,19,19,161,0,30,-11,32.80961990356445,,
fee7e29f9b0c5ceb,traversing_intersection,2021.09.27.01.35.14_veh-50_00807_01196,2021.09.27.01.35.14_veh-50_00807_01196/traversing_intersection/fee7e29f9b0c5ceb/sledge_raw.gz,vehicles,native_cache_directory,2,0,0,2,0,50,-50,,,
fee7e29f9b0c5ceb,traversing_intersection,2021.09.27.01.35.14_veh-50_00807_01196,2021.09.27.01.35.14_veh-50_00807_01196/traversing_intersection/fee7e29f9b0c5ceb/sledge_raw.gz,pedestrians,native_cache_directory,1,1,1,0,0,20,-19,18.25852394104004,,
fee7e29f9b0c5ceb,traversing_intersection,2021.09.27.01.35.14_veh-50_00807_01196,2021.09.27.01.35.14_veh-50_00807_01196/traversing_intersection/fee7e29f9b0c5ceb/sledge_raw.gz,static_objects,native_cache_directory,0,0,0,0,0,30,-30,,,
50d3fb5676d850d9,traversing_intersection,2021.06.01.17.27.29_veh-47_02849_03440,2021.06.01.17.27.29_veh-47_02849_03440/traversing_intersection/50d3fb5676d850d9/sledge_raw.gz,vehicles,native_cache_directory,33,9,9,24,0,50,-41,42.71403503417969,,
50d3fb5676d850d9,traversing_intersection,2021.06.01.17.27.29_veh-47_02849_03440,2021.06.01.17.27.29_veh-47_02849_03440/traversing_intersection/50d3fb5676d850d9/sledge_raw.gz,pedestrians,native_cache_directory,51,28,20,23,8,20,8,18.605976104736328,22.244956970214844,3.6389808654785156
50d3fb5676d850d9,traversing_intersection,2021.06.01.17.27.29_veh-47_02849_03440,2021.06.01.17.27.29_veh-47_02849_03440/traversing_intersection/50d3fb5676d850d9/sledge_raw.gz,static_objects,native_cache_directory,37,17,17,20,0,30,-13,18.973777770996094,,
ccd20736ed095786,traversing_intersection,2021.09.14.14.57.08_veh-39_01114_01208,2021.09.14.14.57.08_veh-39_01114_01208/traversing_intersection/ccd20736ed095786/sledge_raw.gz,vehicles,native_cache_directory,6,4,4,2,0,50,-46,27.63776397705078,,
ccd20736ed095786,traversing_intersection,2021.09.14.14.57.08_veh-39_01114_01208,2021.09.14.14.57.08_veh-39_01114_01208/traversing_intersection/ccd20736ed095786/sledge_raw.gz,pedestrians,native_cache_directory,4,0,0,4,0,20,-20,,,
ccd20736ed095786,traversing_intersection,2021.09.14.14.57.08_veh-39_01114_01208,2021.09.14.14.57.08_veh-39_01114_01208/traversing_intersection/ccd20736ed095786/sledge_raw.gz,static_objects,native_cache_directory,1,0,0,1,0,30,-30,,,
8f2cece49e0f52c6,traversing_intersection,2021.10.14.17.47.55_veh-28_00484_01094,2021.10.14.17.47.55_veh-28_00484_01094/traversing_intersection/8f2cece49e0f52c6/sledge_raw.gz,vehicles,native_cache_directory,9,3,3,6,0,50,-47,29.9615478515625,,
8f2cece49e0f52c6,traversing_intersection,2021.10.14.17.47.55_veh-28_00484_01094,2021.10.14.17.47.55_veh-28_00484_01094/traversing_intersection/8f2cece49e0f52c6/sledge_raw.gz,pedestrians,native_cache_directory,3,3,3,0,0,20,-17,28.26536750793457,,
8f2cece49e0f52c6,traversing_intersection,2021.10.14.17.47.55_veh-28_00484_01094,2021.10.14.17.47.55_veh-28_00484_01094/traversing_intersection/8f2cece49e0f52c6/sledge_raw.gz,static_objects,native_cache_directory,3,1,1,2,0,30,-29,13.675110816955566,,
18c3c0898d745412,traversing_intersection,2021.09.25.02.16.18_veh-50_00886_01226,2021.09.25.02.16.18_veh-50_00886_01226/traversing_intersection/18c3c0898d745412/sledge_raw.gz,vehicles,native_cache_directory,5,4,4,1,0,50,-46,24.252704620361328,,
18c3c0898d745412,traversing_intersection,2021.09.25.02.16.18_veh-50_00886_01226,2021.09.25.02.16.18_veh-50_00886_01226/traversing_intersection/18c3c0898d745412/sledge_raw.gz,pedestrians,native_cache_directory,1,1,1,0,0,20,-19,26.09379768371582,,
18c3c0898d745412,traversing_intersection,2021.09.25.02.16.18_veh-50_00886_01226,2021.09.25.02.16.18_veh-50_00886_01226/traversing_intersection/18c3c0898d745412/sledge_raw.gz,static_objects,native_cache_directory,3,2,2,1,0,30,-28,21.819072723388672,,
20a1b5f1e2e65827,traversing_intersection,2021.09.07.18.32.07_veh-39_00589_01013,2021.09.07.18.32.07_veh-39_00589_01013/traversing_intersection/20a1b5f1e2e65827/sledge_raw.gz,vehicles,native_cache_directory,9,3,3,6,0,50,-47,30.19785499572754,,
20a1b5f1e2e65827,traversing_intersection,2021.09.07.18.32.07_veh-39_00589_01013,2021.09.07.18.32.07_veh-39_00589_01013/traversing_intersection/20a1b5f1e2e65827/sledge_raw.gz,pedestrians,native_cache_directory,2,0,0,2,0,20,-20,,,
20a1b5f1e2e65827,traversing_intersection,2021.09.07.18.32.07_veh-39_00589_01013,2021.09.07.18.32.07_veh-39_00589_01013/traversing_intersection/20a1b5f1e2e65827/sledge_raw.gz,static_objects,native_cache_directory,3,3,3,0,0,30,-27,21.891441345214844,,
6c2a8da6d20856cf,traversing_intersection,2021.09.09.18.47.17_veh-45_02938_03061,2021.09.09.18.47.17_veh-45_02938_03061/traversing_intersection/6c2a8da6d20856cf/sledge_raw.gz,vehicles,native_cache_directory,2,0,0,2,0,50,-50,,,
6c2a8da6d20856cf,traversing_intersection,2021.09.09.18.47.17_veh-45_02938_03061,2021.09.09.18.47.17_veh-45_02938_03061/traversing_intersection/6c2a8da6d20856cf/sledge_raw.gz,pedestrians,native_cache_directory,0,0,0,0,0,20,-20,,,
6c2a8da6d20856cf,traversing_intersection,2021.09.09.18.47.17_veh-45_02938_03061,2021.09.09.18.47.17_veh-45_02938_03061/traversing_intersection/6c2a8da6d20856cf/sledge_raw.gz,static_objects,native_cache_directory,3,3,3,0,0,30,-27,21.4073429107666,,
e7fd9815115d5006,traversing_intersection,2021.09.27.14.45.42_veh-44_01103_02583,2021.09.27.14.45.42_veh-44_01103_02583/traversing_intersection/e7fd9815115d5006/sledge_raw.gz,vehicles,native_cache_directory,0,0,0,0,0,50,-50,,,
e7fd9815115d5006,traversing_intersection,2021.09.27.14.45.42_veh-44_01103_02583,2021.09.27.14.45.42_veh-44_01103_02583/traversing_intersection/e7fd9815115d5006/sledge_raw.gz,pedestrians,native_cache_directory,2,1,1,1,0,20,-19,24.30224609375,,
e7fd9815115d5006,traversing_intersection,2021.09.27.14.45.42_veh-44_01103_02583,2021.09.27.14.45.42_veh-44_01103_02583/traversing_intersection/e7fd9815115d5006/sledge_raw.gz,static_objects,native_cache_directory,1,1,1,0,0,30,-29,29.46997833251953,,
0cc7c0cf435658db,traversing_intersection,2021.07.07.16.57.29_veh-12_04696_04893,2021.07.07.16.57.29_veh-12_04696_04893/traversing_intersection/0cc7c0cf435658db/sledge_raw.gz,vehicles,native_cache_directory,28,13,13,15,0,50,-37,35.43753433227539,,
0cc7c0cf435658db,traversing_intersection,2021.07.07.16.57.29_veh-12_04696_04893,2021.07.07.16.57.29_veh-12_04696_04893/traversing_intersection/0cc7c0cf435658db/sledge_raw.gz,pedestrians,native_cache_directory,32,21,20,11,1,20,1,30.92855453491211,32.635833740234375,1.7072792053222656
0cc7c0cf435658db,traversing_intersection,2021.07.07.16.57.29_veh-12_04696_04893,2021.07.07.16.57.29_veh-12_04696_04893/traversing_intersection/0cc7c0cf435658db/sledge_raw.gz,static_objects,native_cache_directory,109,40,30,69,10,30,10,23.738784790039062,24.193559646606445,0.4547748565673828
8a5016ef5c9e5c14,traversing_intersection,2021.06.10.14.10.28_veh-47_00585_00863,2021.06.10.14.10.28_veh-47_00585_00863/traversing_intersection/8a5016ef5c9e5c14/sledge_raw.gz,vehicles,native_cache_directory,31,8,8,23,0,50,-42,28.09942054748535,,
8a5016ef5c9e5c14,traversing_intersection,2021.06.10.14.10.28_veh-47_00585_00863,2021.06.10.14.10.28_veh-47_00585_00863/traversing_intersection/8a5016ef5c9e5c14/sledge_raw.gz,pedestrians,native_cache_directory,105,8,8,97,0,20,-12,32.956485748291016,,
8a5016ef5c9e5c14,traversing_intersection,2021.06.10.14.10.28_veh-47_00585_00863,2021.06.10.14.10.28_veh-47_00585_00863/traversing_intersection/8a5016ef5c9e5c14/sledge_raw.gz,static_objects,native_cache_directory,185,53,30,132,23,30,23,24.058382034301758,24.727676391601562,0.6692943572998047
6e32c1a2b5d252ca,traversing_intersection,2021.06.10.14.10.28_veh-47_00926_01485,2021.06.10.14.10.28_veh-47_00926_01485/traversing_intersection/6e32c1a2b5d252ca/sledge_raw.gz,vehicles,native_cache_directory,6,3,3,3,0,50,-47,22.76981544494629,,
6e32c1a2b5d252ca,traversing_intersection,2021.06.10.14.10.28_veh-47_00926_01485,2021.06.10.14.10.28_veh-47_00926_01485/traversing_intersection/6e32c1a2b5d252ca/sledge_raw.gz,pedestrians,native_cache_directory,15,7,7,8,0,20,-13,22.772262573242188,,
6e32c1a2b5d252ca,traversing_intersection,2021.06.10.14.10.28_veh-47_00926_01485,2021.06.10.14.10.28_veh-47_00926_01485/traversing_intersection/6e32c1a2b5d252ca/sledge_raw.gz,static_objects,native_cache_directory,16,5,5,11,0,30,-25,27.563283920288086,,
5937234ce80e5062,traversing_intersection,2021.09.27.04.11.41_veh-51_01561_01876,2021.09.27.04.11.41_veh-51_01561_01876/traversing_intersection/5937234ce80e5062/sledge_raw.gz,vehicles,native_cache_directory,4,1,1,3,0,50,-49,31.2406005859375,,
5937234ce80e5062,traversing_intersection,2021.09.27.04.11.41_veh-51_01561_01876,2021.09.27.04.11.41_veh-51_01561_01876/traversing_intersection/5937234ce80e5062/sledge_raw.gz,pedestrians,native_cache_directory,8,0,0,8,0,20,-20,,,
5937234ce80e5062,traversing_intersection,2021.09.27.04.11.41_veh-51_01561_01876,2021.09.27.04.11.41_veh-51_01561_01876/traversing_intersection/5937234ce80e5062/sledge_raw.gz,static_objects,native_cache_directory,3,3,3,0,0,30,-27,28.102325439453125,,
fc85d5afc14752f1,traversing_intersection,2021.06.01.16.57.36_veh-35_04676_05004,2021.06.01.16.57.36_veh-35_04676_05004/traversing_intersection/fc85d5afc14752f1/sledge_raw.gz,vehicles,native_cache_directory,37,11,11,26,0,50,-39,34.748931884765625,,
fc85d5afc14752f1,traversing_intersection,2021.06.01.16.57.36_veh-35_04676_05004,2021.06.01.16.57.36_veh-35_04676_05004/traversing_intersection/fc85d5afc14752f1/sledge_raw.gz,pedestrians,native_cache_directory,70,49,20,21,29,20,29,17.394603729248047,17.50356674194336,0.1089630126953125
fc85d5afc14752f1,traversing_intersection,2021.06.01.16.57.36_veh-35_04676_05004,2021.06.01.16.57.36_veh-35_04676_05004/traversing_intersection/fc85d5afc14752f1/sledge_raw.gz,static_objects,native_cache_directory,61,37,30,24,7,30,7,26.79715347290039,26.85150909423828,0.054355621337890625
657221488d755e2b,traversing_intersection,2021.06.30.21.09.59_veh-35_02243_02787,2021.06.30.21.09.59_veh-35_02243_02787/traversing_intersection/657221488d755e2b/sledge_raw.gz,vehicles,native_cache_directory,17,8,8,9,0,50,-42,36.417633056640625,,
657221488d755e2b,traversing_intersection,2021.06.30.21.09.59_veh-35_02243_02787,2021.06.30.21.09.59_veh-35_02243_02787/traversing_intersection/657221488d755e2b/sledge_raw.gz,pedestrians,native_cache_directory,27,14,14,13,0,20,-6,29.18116569519043,,
657221488d755e2b,traversing_intersection,2021.06.30.21.09.59_veh-35_02243_02787,2021.06.30.21.09.59_veh-35_02243_02787/traversing_intersection/657221488d755e2b/sledge_raw.gz,static_objects,native_cache_directory,43,19,19,24,0,30,-11,31.70590591430664,,
88948b98b8525799,traversing_intersection,2021.06.01.16.57.36_veh-35_03759_04161,2021.06.01.16.57.36_veh-35_03759_04161/traversing_intersection/88948b98b8525799/sledge_raw.gz,vehicles,native_cache_directory,18,9,9,9,0,50,-41,40.346107482910156,,
88948b98b8525799,traversing_intersection,2021.06.01.16.57.36_veh-35_03759_04161,2021.06.01.16.57.36_veh-35_03759_04161/traversing_intersection/88948b98b8525799/sledge_raw.gz,pedestrians,native_cache_directory,69,38,20,31,18,20,18,19.59088706970215,19.6729736328125,0.08208656311035156
88948b98b8525799,traversing_intersection,2021.06.01.16.57.36_veh-35_03759_04161,2021.06.01.16.57.36_veh-35_03759_04161/traversing_intersection/88948b98b8525799/sledge_raw.gz,static_objects,native_cache_directory,131,35,30,96,5,30,5,24.616432189941406,26.093996047973633,1.4775638580322266
41cd90bce41c5ad5,traversing_intersection,2021.06.15.16.17.16_veh-12_00285_00573,2021.06.15.16.17.16_veh-12_00285_00573/traversing_intersection/41cd90bce41c5ad5/sledge_raw.gz,vehicles,native_cache_directory,37,20,20,17,0,50,-30,28.7073917388916,,
41cd90bce41c5ad5,traversing_intersection,2021.06.15.16.17.16_veh-12_00285_00573,2021.06.15.16.17.16_veh-12_00285_00573/traversing_intersection/41cd90bce41c5ad5/sledge_raw.gz,pedestrians,native_cache_directory,70,55,20,15,35,20,35,21.523487091064453,21.97663116455078,0.4531440734863281
41cd90bce41c5ad5,traversing_intersection,2021.06.15.16.17.16_veh-12_00285_00573,2021.06.15.16.17.16_veh-12_00285_00573/traversing_intersection/41cd90bce41c5ad5/sledge_raw.gz,static_objects,native_cache_directory,68,35,30,33,5,30,5,27.214920043945312,28.59062957763672,1.3757095336914062
25c9a5f2732e547e,traversing_intersection,2021.06.08.13.23.30_veh-16_03547_03686,2021.06.08.13.23.30_veh-16_03547_03686/traversing_intersection/25c9a5f2732e547e/sledge_raw.gz,vehicles,native_cache_directory,23,6,6,17,0,50,-44,36.95851135253906,,
25c9a5f2732e547e,traversing_intersection,2021.06.08.13.23.30_veh-16_03547_03686,2021.06.08.13.23.30_veh-16_03547_03686/traversing_intersection/25c9a5f2732e547e/sledge_raw.gz,pedestrians,native_cache_directory,69,39,20,30,19,20,19,18.16599464416504,18.71659278869629,0.55059814453125
25c9a5f2732e547e,traversing_intersection,2021.06.08.13.23.30_veh-16_03547_03686,2021.06.08.13.23.30_veh-16_03547_03686/traversing_intersection/25c9a5f2732e547e/sledge_raw.gz,static_objects,native_cache_directory,67,35,30,32,5,30,5,27.880199432373047,28.867753982543945,0.9875545501708984
91dd49467e8853e4,traversing_intersection,2021.06.29.21.10.40_veh-14_02859_03486,2021.06.29.21.10.40_veh-14_02859_03486/traversing_intersection/91dd49467e8853e4/sledge_raw.gz,vehicles,native_cache_directory,11,2,2,9,0,50,-48,9.047870635986328,,
91dd49467e8853e4,traversing_intersection,2021.06.29.21.10.40_veh-14_02859_03486,2021.06.29.21.10.40_veh-14_02859_03486/traversing_intersection/91dd49467e8853e4/sledge_raw.gz,pedestrians,native_cache_directory,12,3,3,9,0,20,-17,17.051843643188477,,
91dd49467e8853e4,traversing_intersection,2021.06.29.21.10.40_veh-14_02859_03486,2021.06.29.21.10.40_veh-14_02859_03486/traversing_intersection/91dd49467e8853e4/sledge_raw.gz,static_objects,native_cache_directory,24,16,16,8,0,30,-14,37.419776916503906,,
24d91ae6f59f5f1f,traversing_intersection,2021.09.17.14.16.10_veh-42_00590_00737,2021.09.17.14.16.10_veh-42_00590_00737/traversing_intersection/24d91ae6f59f5f1f/sledge_raw.gz,vehicles,native_cache_directory,27,12,12,15,0,50,-38,40.24994659423828,,
24d91ae6f59f5f1f,traversing_intersection,2021.09.17.14.16.10_veh-42_00590_00737,2021.09.17.14.16.10_veh-42_00590_00737/traversing_intersection/24d91ae6f59f5f1f/sledge_raw.gz,pedestrians,native_cache_directory,10,6,6,4,0,20,-14,35.20494842529297,,
24d91ae6f59f5f1f,traversing_intersection,2021.09.17.14.16.10_veh-42_00590_00737,2021.09.17.14.16.10_veh-42_00590_00737/traversing_intersection/24d91ae6f59f5f1f/sledge_raw.gz,static_objects,native_cache_directory,9,5,5,4,0,30,-25,31.6079044342041,,
c004440ecd725704,traversing_intersection,2021.06.24.14.26.26_veh-35_01122_02840,2021.06.24.14.26.26_veh-35_01122_02840/traversing_intersection/c004440ecd725704/sledge_raw.gz,vehicles,native_cache_directory,6,2,2,4,0,50,-48,28.471752166748047,,
c004440ecd725704,traversing_intersection,2021.06.24.14.26.26_veh-35_01122_02840,2021.06.24.14.26.26_veh-35_01122_02840/traversing_intersection/c004440ecd725704/sledge_raw.gz,pedestrians,native_cache_directory,16,10,10,6,0,20,-10,37.778724670410156,,
c004440ecd725704,traversing_intersection,2021.06.24.14.26.26_veh-35_01122_02840,2021.06.24.14.26.26_veh-35_01122_02840/traversing_intersection/c004440ecd725704/sledge_raw.gz,static_objects,native_cache_directory,75,21,21,54,0,30,-9,43.01045227050781,,
f12fdd6ed78a55e8,traversing_intersection,2021.06.02.12.41.05_veh-47_04383_04740,2021.06.02.12.41.05_veh-47_04383_04740/traversing_intersection/f12fdd6ed78a55e8/sledge_raw.gz,vehicles,native_cache_directory,5,2,2,3,0,50,-48,28.7132625579834,,
f12fdd6ed78a55e8,traversing_intersection,2021.06.02.12.41.05_veh-47_04383_04740,2021.06.02.12.41.05_veh-47_04383_04740/traversing_intersection/f12fdd6ed78a55e8/sledge_raw.gz,pedestrians,native_cache_directory,4,4,4,0,0,20,-16,28.971323013305664,,
f12fdd6ed78a55e8,traversing_intersection,2021.06.02.12.41.05_veh-47_04383_04740,2021.06.02.12.41.05_veh-47_04383_04740/traversing_intersection/f12fdd6ed78a55e8/sledge_raw.gz,static_objects,native_cache_directory,180,18,18,162,0,30,-12,31.592308044433594,,
16640c71ac2d5354,traversing_intersection,2021.05.14.00.01.18_veh-30_00106_00508,2021.05.14.00.01.18_veh-30_00106_00508/traversing_intersection/16640c71ac2d5354/sledge_raw.gz,vehicles,native_cache_directory,28,13,13,15,0,50,-37,31.847387313842773,,
16640c71ac2d5354,traversing_intersection,2021.05.14.00.01.18_veh-30_00106_00508,2021.05.14.00.01.18_veh-30_00106_00508/traversing_intersection/16640c71ac2d5354/sledge_raw.gz,pedestrians,native_cache_directory,80,26,20,54,6,20,6,28.717714309692383,28.807334899902344,0.08962059020996094
16640c71ac2d5354,traversing_intersection,2021.05.14.00.01.18_veh-30_00106_00508,2021.05.14.00.01.18_veh-30_00106_00508/traversing_intersection/16640c71ac2d5354/sledge_raw.gz,static_objects,native_cache_directory,139,37,30,102,7,30,7,24.72434425354004,25.66754722595215,0.9432029724121094
41533ddcde1858d5,traversing_intersection,2021.05.21.17.47.35_veh-35_00585_00825,2021.05.21.17.47.35_veh-35_00585_00825/traversing_intersection/41533ddcde1858d5/sledge_raw.gz,vehicles,native_cache_directory,55,27,27,28,0,50,-23,41.75700378417969,,
41533ddcde1858d5,traversing_intersection,2021.05.21.17.47.35_veh-35_00585_00825,2021.05.21.17.47.35_veh-35_00585_00825/traversing_intersection/41533ddcde1858d5/sledge_raw.gz,pedestrians,native_cache_directory,194,88,20,106,68,20,68,12.852862358093262,12.956412315368652,0.10354995727539062
41533ddcde1858d5,traversing_intersection,2021.05.21.17.47.35_veh-35_00585_00825,2021.05.21.17.47.35_veh-35_00585_00825/traversing_intersection/41533ddcde1858d5/sledge_raw.gz,static_objects,native_cache_directory,143,47,30,96,17,30,17,22.662906646728516,22.860008239746094,0.19710159301757812
b68e6b7d3f325884,traversing_intersection,2021.07.24.23.50.16_veh-17_00565_00857,2021.07.24.23.50.16_veh-17_00565_00857/traversing_intersection/b68e6b7d3f325884/sledge_raw.gz,vehicles,native_cache_directory,49,17,17,32,0,50,-33,43.157405853271484,,
b68e6b7d3f325884,traversing_intersection,2021.07.24.23.50.16_veh-17_00565_00857,2021.07.24.23.50.16_veh-17_00565_00857/traversing_intersection/b68e6b7d3f325884/sledge_raw.gz,pedestrians,native_cache_directory,79,40,20,39,20,20,20,28.09611701965332,28.238523483276367,0.14240646362304688
b68e6b7d3f325884,traversing_intersection,2021.07.24.23.50.16_veh-17_00565_00857,2021.07.24.23.50.16_veh-17_00565_00857/traversing_intersection/b68e6b7d3f325884/sledge_raw.gz,static_objects,native_cache_directory,53,33,30,20,3,30,3,30.94574737548828,31.031906127929688,0.08615875244140625
ca0afef48e2a5d7d,traversing_intersection,2021.09.10.05.48.49_veh-49_00731_00955,2021.09.10.05.48.49_veh-49_00731_00955/traversing_intersection/ca0afef48e2a5d7d/sledge_raw.gz,vehicles,native_cache_directory,6,1,1,5,0,50,-49,31.46497344970703,,
ca0afef48e2a5d7d,traversing_intersection,2021.09.10.05.48.49_veh-49_00731_00955,2021.09.10.05.48.49_veh-49_00731_00955/traversing_intersection/ca0afef48e2a5d7d/sledge_raw.gz,pedestrians,native_cache_directory,1,0,0,1,0,20,-20,,,
ca0afef48e2a5d7d,traversing_intersection,2021.09.10.05.48.49_veh-49_00731_00955,2021.09.10.05.48.49_veh-49_00731_00955/traversing_intersection/ca0afef48e2a5d7d/sledge_raw.gz,static_objects,native_cache_directory,4,2,2,2,0,30,-28,21.106958389282227,,
7e0a98ef051a5f2e,traversing_intersection,2021.10.18.15.36.48_veh-28_00027_00262,2021.10.18.15.36.48_veh-28_00027_00262/traversing_intersection/7e0a98ef051a5f2e/sledge_raw.gz,vehicles,native_cache_directory,6,0,0,6,0,50,-50,,,
7e0a98ef051a5f2e,traversing_intersection,2021.10.18.15.36.48_veh-28_00027_00262,2021.10.18.15.36.48_veh-28_00027_00262/traversing_intersection/7e0a98ef051a5f2e/sledge_raw.gz,pedestrians,native_cache_directory,0,0,0,0,0,20,-20,,,
7e0a98ef051a5f2e,traversing_intersection,2021.10.18.15.36.48_veh-28_00027_00262,2021.10.18.15.36.48_veh-28_00027_00262/traversing_intersection/7e0a98ef051a5f2e/sledge_raw.gz,static_objects,native_cache_directory,0,0,0,0,0,30,-30,,,
9eba3c6c08cf576f,traversing_intersection,2021.06.30.17.20.09_veh-35_00020_01040,2021.06.30.17.20.09_veh-35_00020_01040/traversing_intersection/9eba3c6c08cf576f/sledge_raw.gz,vehicles,native_cache_directory,13,7,7,6,0,50,-43,39.553306579589844,,
9eba3c6c08cf576f,traversing_intersection,2021.06.30.17.20.09_veh-35_00020_01040,2021.06.30.17.20.09_veh-35_00020_01040/traversing_intersection/9eba3c6c08cf576f/sledge_raw.gz,pedestrians,native_cache_directory,16,1,1,15,0,20,-19,12.672811508178711,,
9eba3c6c08cf576f,traversing_intersection,2021.06.30.17.20.09_veh-35_00020_01040,2021.06.30.17.20.09_veh-35_00020_01040/traversing_intersection/9eba3c6c08cf576f/sledge_raw.gz,static_objects,native_cache_directory,175,20,20,155,0,30,-10,44.921634674072266,,
89806076aae9569e,traversing_intersection,2021.07.24.22.58.17_veh-37_00207_03083,2021.07.24.22.58.17_veh-37_00207_03083/traversing_intersection/89806076aae9569e/sledge_raw.gz,vehicles,native_cache_directory,57,30,30,27,0,50,-20,36.869903564453125,,
89806076aae9569e,traversing_intersection,2021.07.24.22.58.17_veh-37_00207_03083,2021.07.24.22.58.17_veh-37_00207_03083/traversing_intersection/89806076aae9569e/sledge_raw.gz,pedestrians,native_cache_directory,2,0,0,2,0,20,-20,,,
89806076aae9569e,traversing_intersection,2021.07.24.22.58.17_veh-37_00207_03083,2021.07.24.22.58.17_veh-37_00207_03083/traversing_intersection/89806076aae9569e/sledge_raw.gz,static_objects,native_cache_directory,14,5,5,9,0,30,-25,32.39059066772461,,
fe28d5d95126535f,traversing_intersection,2021.05.27.14.15.01_veh-47_00517_00694,2021.05.27.14.15.01_veh-47_00517_00694/traversing_intersection/fe28d5d95126535f/sledge_raw.gz,vehicles,native_cache_directory,25,8,8,17,0,50,-42,32.484275817871094,,
fe28d5d95126535f,traversing_intersection,2021.05.27.14.15.01_veh-47_00517_00694,2021.05.27.14.15.01_veh-47_00517_00694/traversing_intersection/fe28d5d95126535f/sledge_raw.gz,pedestrians,native_cache_directory,43,33,20,10,13,20,13,19.451316833496094,19.50067710876465,0.04936027526855469
fe28d5d95126535f,traversing_intersection,2021.05.27.14.15.01_veh-47_00517_00694,2021.05.27.14.15.01_veh-47_00517_00694/traversing_intersection/fe28d5d95126535f/sledge_raw.gz,static_objects,native_cache_directory,39,18,18,21,0,30,-12,18.8800048828125,,
47cd0a6b683f5eaa,traversing_intersection,2021.06.09.13.32.34_veh-47_04250_04365,2021.06.09.13.32.34_veh-47_04250_04365/traversing_intersection/47cd0a6b683f5eaa/sledge_raw.gz,vehicles,native_cache_directory,15,4,4,11,0,50,-46,25.809391021728516,,
47cd0a6b683f5eaa,traversing_intersection,2021.06.09.13.32.34_veh-47_04250_04365,2021.06.09.13.32.34_veh-47_04250_04365/traversing_intersection/47cd0a6b683f5eaa/sledge_raw.gz,pedestrians,native_cache_directory,25,13,13,12,0,20,-7,31.53495216369629,,
47cd0a6b683f5eaa,traversing_intersection,2021.06.09.13.32.34_veh-47_04250_04365,2021.06.09.13.32.34_veh-47_04250_04365/traversing_intersection/47cd0a6b683f5eaa/sledge_raw.gz,static_objects,native_cache_directory,39,21,21,18,0,30,-9,32.981502532958984,,
044aca1737c55419,traversing_intersection,2021.07.16.20.45.29_veh-35_01513_02486,2021.07.16.20.45.29_veh-35_01513_02486/traversing_intersection/044aca1737c55419/sledge_raw.gz,vehicles,native_cache_directory,35,15,15,20,0,50,-35,42.98926544189453,,
044aca1737c55419,traversing_intersection,2021.07.16.20.45.29_veh-35_01513_02486,2021.07.16.20.45.29_veh-35_01513_02486/traversing_intersection/044aca1737c55419/sledge_raw.gz,pedestrians,native_cache_directory,71,37,20,34,17,20,17,26.750120162963867,28.030086517333984,1.2799663543701172
044aca1737c55419,traversing_intersection,2021.07.16.20.45.29_veh-35_01513_02486,2021.07.16.20.45.29_veh-35_01513_02486/traversing_intersection/044aca1737c55419/sledge_raw.gz,static_objects,native_cache_directory,50,31,30,19,1,30,1,33.41454315185547,34.84786605834961,1.4333229064941406
9e03a390183a5e2e,traversing_intersection,2021.09.14.08.32.27_veh-51_01477_01830,2021.09.14.08.32.27_veh-51_01477_01830/traversing_intersection/9e03a390183a5e2e/sledge_raw.gz,vehicles,native_cache_directory,1,1,1,0,0,50,-49,4.710779190063477,,
9e03a390183a5e2e,traversing_intersection,2021.09.14.08.32.27_veh-51_01477_01830,2021.09.14.08.32.27_veh-51_01477_01830/traversing_intersection/9e03a390183a5e2e/sledge_raw.gz,pedestrians,native_cache_directory,3,3,3,0,0,20,-17,33.08298110961914,,
9e03a390183a5e2e,traversing_intersection,2021.09.14.08.32.27_veh-51_01477_01830,2021.09.14.08.32.27_veh-51_01477_01830/traversing_intersection/9e03a390183a5e2e/sledge_raw.gz,static_objects,native_cache_directory,14,13,13,1,0,30,-17,24.00354766845703,,
3dd4d808e38c59ce,traversing_intersection,2021.09.14.14.57.08_veh-39_00645_00957,2021.09.14.14.57.08_veh-39_00645_00957/traversing_intersection/3dd4d808e38c59ce/sledge_raw.gz,vehicles,native_cache_directory,5,2,2,3,0,50,-48,13.973282814025879,,
3dd4d808e38c59ce,traversing_intersection,2021.09.14.14.57.08_veh-39_00645_00957,2021.09.14.14.57.08_veh-39_00645_00957/traversing_intersection/3dd4d808e38c59ce/sledge_raw.gz,pedestrians,native_cache_directory,3,2,2,1,0,20,-18,30.00581932067871,,
3dd4d808e38c59ce,traversing_intersection,2021.09.14.14.57.08_veh-39_00645_00957,2021.09.14.14.57.08_veh-39_00645_00957/traversing_intersection/3dd4d808e38c59ce/sledge_raw.gz,static_objects,native_cache_directory,9,5,5,4,0,30,-25,21.23987579345703,,
60e6e59a744e5dad,traversing_intersection,2021.05.24.17.57.11_veh-35_01289_01499,2021.05.24.17.57.11_veh-35_01289_01499/traversing_intersection/60e6e59a744e5dad/sledge_raw.gz,vehicles,native_cache_directory,24,9,9,15,0,50,-41,26.364416122436523,,
60e6e59a744e5dad,traversing_intersection,2021.05.24.17.57.11_veh-35_01289_01499,2021.05.24.17.57.11_veh-35_01289_01499/traversing_intersection/60e6e59a744e5dad/sledge_raw.gz,pedestrians,native_cache_directory,106,67,20,39,47,20,47,12.698269844055176,12.973611831665039,0.2753419876098633
60e6e59a744e5dad,traversing_intersection,2021.05.24.17.57.11_veh-35_01289_01499,2021.05.24.17.57.11_veh-35_01289_01499/traversing_intersection/60e6e59a744e5dad/sledge_raw.gz,static_objects,native_cache_directory,93,37,30,56,7,30,7,41.100547790527344,41.21210479736328,0.1115570068359375
104997e4da2d5d80,traversing_intersection,2021.05.24.14.31.31_veh-30_00108_00315,2021.05.24.14.31.31_veh-30_00108_00315/traversing_intersection/104997e4da2d5d80/sledge_raw.gz,vehicles,native_cache_directory,29,5,5,24,0,50,-45,30.94587516784668,,
104997e4da2d5d80,traversing_intersection,2021.05.24.14.31.31_veh-30_00108_00315,2021.05.24.14.31.31_veh-30_00108_00315/traversing_intersection/104997e4da2d5d80/sledge_raw.gz,pedestrians,native_cache_directory,63,21,20,42,1,20,1,29.931232452392578,33.22556686401367,3.2943344116210938
104997e4da2d5d80,traversing_intersection,2021.05.24.14.31.31_veh-30_00108_00315,2021.05.24.14.31.31_veh-30_00108_00315/traversing_intersection/104997e4da2d5d80/sledge_raw.gz,static_objects,native_cache_directory,56,32,30,24,2,30,2,28.951040267944336,30.814720153808594,1.8636798858642578
100bd54aba1a58cd,traversing_intersection,2021.08.23.17.33.08_veh-08_00115_00764,2021.08.23.17.33.08_veh-08_00115_00764/traversing_intersection/100bd54aba1a58cd/sledge_raw.gz,vehicles,native_cache_directory,0,0,0,0,0,50,-50,,,
100bd54aba1a58cd,traversing_intersection,2021.08.23.17.33.08_veh-08_00115_00764,2021.08.23.17.33.08_veh-08_00115_00764/traversing_intersection/100bd54aba1a58cd/sledge_raw.gz,pedestrians,native_cache_directory,0,0,0,0,0,20,-20,,,
100bd54aba1a58cd,traversing_intersection,2021.08.23.17.33.08_veh-08_00115_00764,2021.08.23.17.33.08_veh-08_00115_00764/traversing_intersection/100bd54aba1a58cd/sledge_raw.gz,static_objects,native_cache_directory,4,3,3,1,0,30,-27,19.927650451660156,,
8f331926996c56ec,traversing_intersection,2021.09.15.14.57.57_veh-45_00346_01183,2021.09.15.14.57.57_veh-45_00346_01183/traversing_intersection/8f331926996c56ec/sledge_raw.gz,vehicles,native_cache_directory,1,1,1,0,0,50,-49,32.02983856201172,,
8f331926996c56ec,traversing_intersection,2021.09.15.14.57.57_veh-45_00346_01183,2021.09.15.14.57.57_veh-45_00346_01183/traversing_intersection/8f331926996c56ec/sledge_raw.gz,pedestrians,native_cache_directory,0,0,0,0,0,20,-20,,,
8f331926996c56ec,traversing_intersection,2021.09.15.14.57.57_veh-45_00346_01183,2021.09.15.14.57.57_veh-45_00346_01183/traversing_intersection/8f331926996c56ec/sledge_raw.gz,static_objects,native_cache_directory,6,5,5,1,0,30,-25,35.50766372680664,,
4ffc513c3f035a80,traversing_intersection,2021.06.15.17.52.08_veh-12_01230_01578,2021.06.15.17.52.08_veh-12_01230_01578/traversing_intersection/4ffc513c3f035a80/sledge_raw.gz,vehicles,native_cache_directory,3,0,0,3,0,50,-50,,,
4ffc513c3f035a80,traversing_intersection,2021.06.15.17.52.08_veh-12_01230_01578,2021.06.15.17.52.08_veh-12_01230_01578/traversing_intersection/4ffc513c3f035a80/sledge_raw.gz,pedestrians,native_cache_directory,0,0,0,0,0,20,-20,,,
4ffc513c3f035a80,traversing_intersection,2021.06.15.17.52.08_veh-12_01230_01578,2021.06.15.17.52.08_veh-12_01230_01578/traversing_intersection/4ffc513c3f035a80/sledge_raw.gz,static_objects,native_cache_directory,6,0,0,6,0,30,-30,,,
6560d2c6a49b5c2b,traversing_intersection,2021.07.24.00.36.59_veh-47_00439_02454,2021.07.24.00.36.59_veh-47_00439_02454/traversing_intersection/6560d2c6a49b5c2b/sledge_raw.gz,vehicles,native_cache_directory,58,26,26,32,0,50,-24,37.93265151977539,,
6560d2c6a49b5c2b,traversing_intersection,2021.07.24.00.36.59_veh-47_00439_02454,2021.07.24.00.36.59_veh-47_00439_02454/traversing_intersection/6560d2c6a49b5c2b/sledge_raw.gz,pedestrians,native_cache_directory,149,66,20,83,46,20,46,14.717477798461914,14.931310653686523,0.21383285522460938
6560d2c6a49b5c2b,traversing_intersection,2021.07.24.00.36.59_veh-47_00439_02454,2021.07.24.00.36.59_veh-47_00439_02454/traversing_intersection/6560d2c6a49b5c2b/sledge_raw.gz,static_objects,native_cache_directory,158,56,30,102,26,30,26,21.527315139770508,21.848512649536133,0.321197509765625
f93fd5b54f9e531c,traversing_intersection,2021.09.02.12.54.17_veh-08_00341_00924,2021.09.02.12.54.17_veh-08_00341_00924/traversing_intersection/f93fd5b54f9e531c/sledge_raw.gz,vehicles,native_cache_directory,0,0,0,0,0,50,-50,,,
f93fd5b54f9e531c,traversing_intersection,2021.09.02.12.54.17_veh-08_00341_00924,2021.09.02.12.54.17_veh-08_00341_00924/traversing_intersection/f93fd5b54f9e531c/sledge_raw.gz,pedestrians,native_cache_directory,3,0,0,3,0,20,-20,,,
f93fd5b54f9e531c,traversing_intersection,2021.09.02.12.54.17_veh-08_00341_00924,2021.09.02.12.54.17_veh-08_00341_00924/traversing_intersection/f93fd5b54f9e531c/sledge_raw.gz,static_objects,native_cache_directory,1,1,1,0,0,30,-29,31.169645309448242,,
330c7833fc7356d8,traversing_intersection,2021.07.07.01.52.28_veh-35_01144_03289,2021.07.07.01.52.28_veh-35_01144_03289/traversing_intersection/330c7833fc7356d8/sledge_raw.gz,vehicles,native_cache_directory,7,4,4,3,0,50,-46,34.20966339111328,,
330c7833fc7356d8,traversing_intersection,2021.07.07.01.52.28_veh-35_01144_03289,2021.07.07.01.52.28_veh-35_01144_03289/traversing_intersection/330c7833fc7356d8/sledge_raw.gz,pedestrians,native_cache_directory,7,1,1,6,0,20,-19,21.022756576538086,,
330c7833fc7356d8,traversing_intersection,2021.07.07.01.52.28_veh-35_01144_03289,2021.07.07.01.52.28_veh-35_01144_03289/traversing_intersection/330c7833fc7356d8/sledge_raw.gz,static_objects,native_cache_directory,23,17,17,6,0,30,-13,40.58726119995117,,
15b9185de3b55f21,traversing_intersection,2021.06.12.16.56.47_veh-26_00423_00636,2021.06.12.16.56.47_veh-26_00423_00636/traversing_intersection/15b9185de3b55f21/sledge_raw.gz,vehicles,native_cache_directory,27,9,9,18,0,50,-41,34.60781478881836,,
15b9185de3b55f21,traversing_intersection,2021.06.12.16.56.47_veh-26_00423_00636,2021.06.12.16.56.47_veh-26_00423_00636/traversing_intersection/15b9185de3b55f21/sledge_raw.gz,pedestrians,native_cache_directory,49,25,20,24,5,20,5,19.016239166259766,19.12410545349121,0.10786628723144531
15b9185de3b55f21,traversing_intersection,2021.06.12.16.56.47_veh-26_00423_00636,2021.06.12.16.56.47_veh-26_00423_00636/traversing_intersection/15b9185de3b55f21/sledge_raw.gz,static_objects,native_cache_directory,42,17,17,25,0,30,-13,19.24323844909668,,
cc7e75f8d50e59bb,traversing_intersection,2021.06.09.14.03.17_veh-12_02584_02970,2021.06.09.14.03.17_veh-12_02584_02970/traversing_intersection/cc7e75f8d50e59bb/sledge_raw.gz,vehicles,native_cache_directory,34,13,13,21,0,50,-37,44.1773681640625,,
cc7e75f8d50e59bb,traversing_intersection,2021.06.09.14.03.17_veh-12_02584_02970,2021.06.09.14.03.17_veh-12_02584_02970/traversing_intersection/cc7e75f8d50e59bb/sledge_raw.gz,pedestrians,native_cache_directory,55,28,20,27,8,20,8,19.513139724731445,20.252517700195312,0.7393779754638672
cc7e75f8d50e59bb,traversing_intersection,2021.06.09.14.03.17_veh-12_02584_02970,2021.06.09.14.03.17_veh-12_02584_02970/traversing_intersection/cc7e75f8d50e59bb/sledge_raw.gz,static_objects,native_cache_directory,49,34,30,15,4,30,4,32.10591125488281,32.12823486328125,0.0223236083984375
2f730b8a705b5f0e,traversing_intersection,2021.08.23.13.17.08_veh-42_00015_00194,2021.08.23.13.17.08_veh-42_00015_00194/traversing_intersection/2f730b8a705b5f0e/sledge_raw.gz,vehicles,native_cache_directory,0,0,0,0,0,50,-50,,,
2f730b8a705b5f0e,traversing_intersection,2021.08.23.13.17.08_veh-42_00015_00194,2021.08.23.13.17.08_veh-42_00015_00194/traversing_intersection/2f730b8a705b5f0e/sledge_raw.gz,pedestrians,native_cache_directory,0,0,0,0,0,20,-20,,,
2f730b8a705b5f0e,traversing_intersection,2021.08.23.13.17.08_veh-42_00015_00194,2021.08.23.13.17.08_veh-42_00015_00194/traversing_intersection/2f730b8a705b5f0e/sledge_raw.gz,static_objects,native_cache_directory,0,0,0,0,0,30,-30,,,
1002a11b51535dba,traversing_intersection,2021.09.09.19.47.56_veh-45_01645_02084,2021.09.09.19.47.56_veh-45_01645_02084/traversing_intersection/1002a11b51535dba/sledge_raw.gz,vehicles,native_cache_directory,10,1,1,9,0,50,-49,24.773151397705078,,
1002a11b51535dba,traversing_intersection,2021.09.09.19.47.56_veh-45_01645_02084,2021.09.09.19.47.56_veh-45_01645_02084/traversing_intersection/1002a11b51535dba/sledge_raw.gz,pedestrians,native_cache_directory,5,1,1,4,0,20,-19,21.880126953125,,
1002a11b51535dba,traversing_intersection,2021.09.09.19.47.56_veh-45_01645_02084,2021.09.09.19.47.56_veh-45_01645_02084/traversing_intersection/1002a11b51535dba/sledge_raw.gz,static_objects,native_cache_directory,5,4,4,1,0,30,-26,29.22014808654785,,
3ab6f938b1015be8,traversing_intersection,2021.07.07.01.46.29_veh-12_01537_02307,2021.07.07.01.46.29_veh-12_01537_02307/traversing_intersection/3ab6f938b1015be8/sledge_raw.gz,vehicles,native_cache_directory,34,18,18,16,0,50,-32,38.713016510009766,,
3ab6f938b1015be8,traversing_intersection,2021.07.07.01.46.29_veh-12_01537_02307,2021.07.07.01.46.29_veh-12_01537_02307/traversing_intersection/3ab6f938b1015be8/sledge_raw.gz,pedestrians,native_cache_directory,114,68,20,46,48,20,48,13.353644371032715,13.443565368652344,0.0899209976196289
3ab6f938b1015be8,traversing_intersection,2021.07.07.01.46.29_veh-12_01537_02307,2021.07.07.01.46.29_veh-12_01537_02307/traversing_intersection/3ab6f938b1015be8/sledge_raw.gz,static_objects,native_cache_directory,137,50,30,87,20,30,20,20.137104034423828,20.41508674621582,0.2779827117919922
9a422fd179c15476,traversing_intersection,2021.09.13.17.32.06_veh-39_00533_00750,2021.09.13.17.32.06_veh-39_00533_00750/traversing_intersection/9a422fd179c15476/sledge_raw.gz,vehicles,native_cache_directory,5,5,5,0,0,50,-45,29.70632553100586,,
9a422fd179c15476,traversing_intersection,2021.09.13.17.32.06_veh-39_00533_00750,2021.09.13.17.32.06_veh-39_00533_00750/traversing_intersection/9a422fd179c15476/sledge_raw.gz,pedestrians,native_cache_directory,4,4,4,0,0,20,-16,14.789026260375977,,
9a422fd179c15476,traversing_intersection,2021.09.13.17.32.06_veh-39_00533_00750,2021.09.13.17.32.06_veh-39_00533_00750/traversing_intersection/9a422fd179c15476/sledge_raw.gz,static_objects,native_cache_directory,4,4,4,0,0,30,-26,22.704792022705078,,
aee52c82e74e55c7,traversing_intersection,2021.06.02.14.52.21_veh-35_00168_00514,2021.06.02.14.52.21_veh-35_00168_00514/traversing_intersection/aee52c82e74e55c7/sledge_raw.gz,vehicles,native_cache_directory,30,11,11,19,0,50,-39,43.235958099365234,,
aee52c82e74e55c7,traversing_intersection,2021.06.02.14.52.21_veh-35_00168_00514,2021.06.02.14.52.21_veh-35_00168_00514/traversing_intersection/aee52c82e74e55c7/sledge_raw.gz,pedestrians,native_cache_directory,61,22,20,39,2,20,2,27.002370834350586,27.781539916992188,0.7791690826416016
aee52c82e74e55c7,traversing_intersection,2021.06.02.14.52.21_veh-35_00168_00514,2021.06.02.14.52.21_veh-35_00168_00514/traversing_intersection/aee52c82e74e55c7/sledge_raw.gz,static_objects,native_cache_directory,50,31,30,19,1,30,1,31.166006088256836,32.74757385253906,1.5815677642822266
ce2dffd074365793,traversing_intersection,2021.10.04.07.37.18_veh-49_00016_00392,2021.10.04.07.37.18_veh-49_00016_00392/traversing_intersection/ce2dffd074365793/sledge_raw.gz,vehicles,native_cache_directory,0,0,0,0,0,50,-50,,,
ce2dffd074365793,traversing_intersection,2021.10.04.07.37.18_veh-49_00016_00392,2021.10.04.07.37.18_veh-49_00016_00392/traversing_intersection/ce2dffd074365793/sledge_raw.gz,pedestrians,native_cache_directory,0,0,0,0,0,20,-20,,,
ce2dffd074365793,traversing_intersection,2021.10.04.07.37.18_veh-49_00016_00392,2021.10.04.07.37.18_veh-49_00016_00392/traversing_intersection/ce2dffd074365793/sledge_raw.gz,static_objects,native_cache_directory,1,1,1,0,0,30,-29,37.20240783691406,,
c8026c30332d55f4,traversing_intersection,2021.06.08.17.29.54_veh-16_02128_02701,2021.06.08.17.29.54_veh-16_02128_02701/traversing_intersection/c8026c30332d55f4/sledge_raw.gz,vehicles,native_cache_directory,29,14,14,15,0,50,-36,29.79454803466797,,
c8026c30332d55f4,traversing_intersection,2021.06.08.17.29.54_veh-16_02128_02701,2021.06.08.17.29.54_veh-16_02128_02701/traversing_intersection/c8026c30332d55f4/sledge_raw.gz,pedestrians,native_cache_directory,40,27,20,13,7,20,7,34.14399337768555,34.182472229003906,0.038478851318359375
c8026c30332d55f4,traversing_intersection,2021.06.08.17.29.54_veh-16_02128_02701,2021.06.08.17.29.54_veh-16_02128_02701/traversing_intersection/c8026c30332d55f4/sledge_raw.gz,static_objects,native_cache_directory,36,16,16,20,0,30,-14,41.580135345458984,,
5bc853d2de295e87,traversing_intersection,2021.05.12.22.00.38_veh-35_00215_00995,2021.05.12.22.00.38_veh-35_00215_00995/traversing_intersection/5bc853d2de295e87/sledge_raw.gz,vehicles,native_cache_directory,22,9,9,13,0,50,-41,31.470806121826172,,
5bc853d2de295e87,traversing_intersection,2021.05.12.22.00.38_veh-35_00215_00995,2021.05.12.22.00.38_veh-35_00215_00995/traversing_intersection/5bc853d2de295e87/sledge_raw.gz,pedestrians,native_cache_directory,88,49,20,39,29,20,29,14.660584449768066,14.806828498840332,0.14624404907226562
5bc853d2de295e87,traversing_intersection,2021.05.12.22.00.38_veh-35_00215_00995,2021.05.12.22.00.38_veh-35_00215_00995/traversing_intersection/5bc853d2de295e87/sledge_raw.gz,static_objects,native_cache_directory,149,37,30,112,7,30,7,24.78131675720215,25.386180877685547,0.6048641204833984
b0529237814c533f,traversing_intersection,2021.07.24.16.48.51_veh-17_02573_03272,2021.07.24.16.48.51_veh-17_02573_03272/traversing_intersection/b0529237814c533f/sledge_raw.gz,vehicles,native_cache_directory,21,8,8,13,0,50,-42,34.994728088378906,,
b0529237814c533f,traversing_intersection,2021.07.24.16.48.51_veh-17_02573_03272,2021.07.24.16.48.51_veh-17_02573_03272/traversing_intersection/b0529237814c533f/sledge_raw.gz,pedestrians,native_cache_directory,79,54,20,25,34,20,34,13.252426147460938,13.508040428161621,0.2556142807006836
b0529237814c533f,traversing_intersection,2021.07.24.16.48.51_veh-17_02573_03272,2021.07.24.16.48.51_veh-17_02573_03272/traversing_intersection/b0529237814c533f/sledge_raw.gz,static_objects,native_cache_directory,142,35,30,107,5,30,5,25.41863250732422,27.612085342407227,2.193452835083008
be5d0fc41f8a543c,traversing_intersection,2021.06.23.18.23.38_veh-26_00069_00642,2021.06.23.18.23.38_veh-26_00069_00642/traversing_intersection/be5d0fc41f8a543c/sledge_raw.gz,vehicles,native_cache_directory,36,7,7,29,0,50,-43,25.3756160736084,,
be5d0fc41f8a543c,traversing_intersection,2021.06.23.18.23.38_veh-26_00069_00642,2021.06.23.18.23.38_veh-26_00069_00642/traversing_intersection/be5d0fc41f8a543c/sledge_raw.gz,pedestrians,native_cache_directory,77,40,20,37,20,20,20,14.035475730895996,14.216235160827637,0.18075942993164062
be5d0fc41f8a543c,traversing_intersection,2021.06.23.18.23.38_veh-26_00069_00642,2021.06.23.18.23.38_veh-26_00069_00642/traversing_intersection/be5d0fc41f8a543c/sledge_raw.gz,static_objects,native_cache_directory,52,32,30,20,2,30,2,29.816408157348633,30.933502197265625,1.1170940399169922
96428a4b760559e9,traversing_intersection,2021.07.26.01.43.29_veh-12_00749_01440,2021.07.26.01.43.29_veh-12_00749_01440/traversing_intersection/96428a4b760559e9/sledge_raw.gz,vehicles,native_cache_directory,21,9,9,12,0,50,-41,35.842926025390625,,
96428a4b760559e9,traversing_intersection,2021.07.26.01.43.29_veh-12_00749_01440,2021.07.26.01.43.29_veh-12_00749_01440/traversing_intersection/96428a4b760559e9/sledge_raw.gz,pedestrians,native_cache_directory,71,52,20,19,32,20,32,16.122495651245117,16.51045799255371,0.38796234130859375
96428a4b760559e9,traversing_intersection,2021.07.26.01.43.29_veh-12_00749_01440,2021.07.26.01.43.29_veh-12_00749_01440/traversing_intersection/96428a4b760559e9/sledge_raw.gz,static_objects,native_cache_directory,109,30,30,79,0,30,0,32.78700256347656,,
37261375afe7585e,traversing_intersection,2021.06.29.19.37.20_veh-26_02790_03313,2021.06.29.19.37.20_veh-26_02790_03313/traversing_intersection/37261375afe7585e/sledge_raw.gz,vehicles,native_cache_directory,23,9,9,14,0,50,-41,42.096038818359375,,
37261375afe7585e,traversing_intersection,2021.06.29.19.37.20_veh-26_02790_03313,2021.06.29.19.37.20_veh-26_02790_03313/traversing_intersection/37261375afe7585e/sledge_raw.gz,pedestrians,native_cache_directory,54,23,20,31,3,20,3,33.97305679321289,34.233985900878906,0.2609291076660156
37261375afe7585e,traversing_intersection,2021.06.29.19.37.20_veh-26_02790_03313,2021.06.29.19.37.20_veh-26_02790_03313/traversing_intersection/37261375afe7585e/sledge_raw.gz,static_objects,native_cache_directory,55,35,30,20,5,30,5,31.94866943359375,32.974891662597656,1.0262222290039062
f78fe795b8f7545a,traversing_intersection,2021.07.22.00.22.57_veh-47_03467_05195,2021.07.22.00.22.57_veh-47_03467_05195/traversing_intersection/f78fe795b8f7545a/sledge_raw.gz,vehicles,native_cache_directory,44,26,26,18,0,50,-24,38.65131759643555,,
f78fe795b8f7545a,traversing_intersection,2021.07.22.00.22.57_veh-47_03467_05195,2021.07.22.00.22.57_veh-47_03467_05195/traversing_intersection/f78fe795b8f7545a/sledge_raw.gz,pedestrians,native_cache_directory,8,2,2,6,0,20,-18,13.245648384094238,,
f78fe795b8f7545a,traversing_intersection,2021.07.22.00.22.57_veh-47_03467_05195,2021.07.22.00.22.57_veh-47_03467_05195/traversing_intersection/f78fe795b8f7545a/sledge_raw.gz,static_objects,native_cache_directory,19,0,0,19,0,30,-30,,,
4a668ab6e24954ef,traversing_intersection,2021.10.08.02.59.51_veh-53_00367_00787,2021.10.08.02.59.51_veh-53_00367_00787/traversing_intersection/4a668ab6e24954ef/sledge_raw.gz,vehicles,native_cache_directory,1,1,1,0,0,50,-49,14.984993934631348,,
4a668ab6e24954ef,traversing_intersection,2021.10.08.02.59.51_veh-53_00367_00787,2021.10.08.02.59.51_veh-53_00367_00787/traversing_intersection/4a668ab6e24954ef/sledge_raw.gz,pedestrians,native_cache_directory,2,1,1,1,0,20,-19,19.058391571044922,,
4a668ab6e24954ef,traversing_intersection,2021.10.08.02.59.51_veh-53_00367_00787,2021.10.08.02.59.51_veh-53_00367_00787/traversing_intersection/4a668ab6e24954ef/sledge_raw.gz,static_objects,native_cache_directory,0,0,0,0,0,30,-30,,,
2443475b486a5eaa,traversing_intersection,2021.06.15.12.52.19_veh-38_02688_02934,2021.06.15.12.52.19_veh-38_02688_02934/traversing_intersection/2443475b486a5eaa/sledge_raw.gz,vehicles,native_cache_directory,29,10,10,19,0,50,-40,42.10853576660156,,
2443475b486a5eaa,traversing_intersection,2021.06.15.12.52.19_veh-38_02688_02934,2021.06.15.12.52.19_veh-38_02688_02934/traversing_intersection/2443475b486a5eaa/sledge_raw.gz,pedestrians,native_cache_directory,46,24,20,22,4,20,4,27.197418212890625,28.880434036254883,1.6830158233642578
2443475b486a5eaa,traversing_intersection,2021.06.15.12.52.19_veh-38_02688_02934,2021.06.15.12.52.19_veh-38_02688_02934/traversing_intersection/2443475b486a5eaa/sledge_raw.gz,static_objects,native_cache_directory,51,35,30,16,5,30,5,31.14418601989746,32.034934997558594,0.8907489776611328
cb7919f9f70854d9,traversing_intersection,2021.06.09.20.02.38_veh-47_01380_01497,2021.06.09.20.02.38_veh-47_01380_01497/traversing_intersection/cb7919f9f70854d9/sledge_raw.gz,vehicles,native_cache_directory,23,9,9,14,0,50,-41,32.38955307006836,,
cb7919f9f70854d9,traversing_intersection,2021.06.09.20.02.38_veh-47_01380_01497,2021.06.09.20.02.38_veh-47_01380_01497/traversing_intersection/cb7919f9f70854d9/sledge_raw.gz,pedestrians,native_cache_directory,37,17,17,20,0,20,-3,33.69103240966797,,
cb7919f9f70854d9,traversing_intersection,2021.06.09.20.02.38_veh-47_01380_01497,2021.06.09.20.02.38_veh-47_01380_01497/traversing_intersection/cb7919f9f70854d9/sledge_raw.gz,static_objects,native_cache_directory,40,35,30,5,5,30,5,31.470823287963867,32.190269470214844,0.7194461822509766
3b038d8faf595605,traversing_intersection,2021.06.30.16.57.14_veh-12_04081_04378,2021.06.30.16.57.14_veh-12_04081_04378/traversing_intersection/3b038d8faf595605/sledge_raw.gz,vehicles,native_cache_directory,30,16,16,14,0,50,-34,43.92595291137695,,
3b038d8faf595605,traversing_intersection,2021.06.30.16.57.14_veh-12_04081_04378,2021.06.30.16.57.14_veh-12_04081_04378/traversing_intersection/3b038d8faf595605/sledge_raw.gz,pedestrians,native_cache_directory,10,0,0,10,0,20,-20,,,
3b038d8faf595605,traversing_intersection,2021.06.30.16.57.14_veh-12_04081_04378,2021.06.30.16.57.14_veh-12_04081_04378/traversing_intersection/3b038d8faf595605/sledge_raw.gz,static_objects,native_cache_directory,29,3,3,26,0,30,-27,22.7675838470459,,
93d433b3cba65d79,traversing_intersection,2021.07.14.22.16.49_veh-38_04994_05194,2021.07.14.22.16.49_veh-38_04994_05194/traversing_intersection/93d433b3cba65d79/sledge_raw.gz,vehicles,native_cache_directory,77,26,26,51,0,50,-24,32.79969024658203,,
93d433b3cba65d79,traversing_intersection,2021.07.14.22.16.49_veh-38_04994_05194,2021.07.14.22.16.49_veh-38_04994_05194/traversing_intersection/93d433b3cba65d79/sledge_raw.gz,pedestrians,native_cache_directory,5,0,0,5,0,20,-20,,,
93d433b3cba65d79,traversing_intersection,2021.07.14.22.16.49_veh-38_04994_05194,2021.07.14.22.16.49_veh-38_04994_05194/traversing_intersection/93d433b3cba65d79/sledge_raw.gz,static_objects,native_cache_directory,5,4,4,1,0,30,-26,32.52353286743164,,
90915db8677057f8,traversing_intersection,2021.06.04.18.21.59_veh-30_00418_00750,2021.06.04.18.21.59_veh-30_00418_00750/traversing_intersection/90915db8677057f8/sledge_raw.gz,vehicles,native_cache_directory,29,12,12,17,0,50,-38,33.80989456176758,,
90915db8677057f8,traversing_intersection,2021.06.04.18.21.59_veh-30_00418_00750,2021.06.04.18.21.59_veh-30_00418_00750/traversing_intersection/90915db8677057f8/sledge_raw.gz,pedestrians,native_cache_directory,42,9,9,33,0,20,-11,30.4322566986084,,
90915db8677057f8,traversing_intersection,2021.06.04.18.21.59_veh-30_00418_00750,2021.06.04.18.21.59_veh-30_00418_00750/traversing_intersection/90915db8677057f8/sledge_raw.gz,static_objects,native_cache_directory,74,12,12,62,0,30,-18,32.06026077270508,,
a91af5f3b50a51b9,traversing_intersection,2021.09.09.13.32.12_veh-43_02295_02890,2021.09.09.13.32.12_veh-43_02295_02890/traversing_intersection/a91af5f3b50a51b9/sledge_raw.gz,vehicles,native_cache_directory,0,0,0,0,0,50,-50,,,
a91af5f3b50a51b9,traversing_intersection,2021.09.09.13.32.12_veh-43_02295_02890,2021.09.09.13.32.12_veh-43_02295_02890/traversing_intersection/a91af5f3b50a51b9/sledge_raw.gz,pedestrians,native_cache_directory,1,0,0,1,0,20,-20,,,
a91af5f3b50a51b9,traversing_intersection,2021.09.09.13.32.12_veh-43_02295_02890,2021.09.09.13.32.12_veh-43_02295_02890/traversing_intersection/a91af5f3b50a51b9/sledge_raw.gz,static_objects,native_cache_directory,8,3,3,5,0,30,-27,34.807884216308594,,
bdcbcd4b89ae5b67,traversing_intersection,2021.05.20.15.11.34_veh-25_01308_01667,2021.05.20.15.11.34_veh-25_01308_01667/traversing_intersection/bdcbcd4b89ae5b67/sledge_raw.gz,vehicles,native_cache_directory,31,11,11,20,0,50,-39,37.29457092285156,,
bdcbcd4b89ae5b67,traversing_intersection,2021.05.20.15.11.34_veh-25_01308_01667,2021.05.20.15.11.34_veh-25_01308_01667/traversing_intersection/bdcbcd4b89ae5b67/sledge_raw.gz,pedestrians,native_cache_directory,61,23,20,38,3,20,3,31.290407180786133,31.737300872802734,0.44689369201660156
bdcbcd4b89ae5b67,traversing_intersection,2021.05.20.15.11.34_veh-25_01308_01667,2021.05.20.15.11.34_veh-25_01308_01667/traversing_intersection/bdcbcd4b89ae5b67/sledge_raw.gz,static_objects,native_cache_directory,64,38,30,26,8,30,8,27.504911422729492,27.801523208618164,0.2966117858886719
56267586d54857df,traversing_intersection,2021.07.07.21.34.34_veh-35_02676_03048,2021.07.07.21.34.34_veh-35_02676_03048/traversing_intersection/56267586d54857df/sledge_raw.gz,vehicles,native_cache_directory,15,5,5,10,0,50,-45,41.68217086791992,,
56267586d54857df,traversing_intersection,2021.07.07.21.34.34_veh-35_02676_03048,2021.07.07.21.34.34_veh-35_02676_03048/traversing_intersection/56267586d54857df/sledge_raw.gz,pedestrians,native_cache_directory,0,0,0,0,0,20,-20,,,
56267586d54857df,traversing_intersection,2021.07.07.21.34.34_veh-35_02676_03048,2021.07.07.21.34.34_veh-35_02676_03048/traversing_intersection/56267586d54857df/sledge_raw.gz,static_objects,native_cache_directory,172,18,18,154,0,30,-12,31.57215690612793,,
6e91235d490b5240,traversing_intersection,2021.06.21.17.42.00_veh-38_03692_04076,2021.06.21.17.42.00_veh-38_03692_04076/traversing_intersection/6e91235d490b5240/sledge_raw.gz,vehicles,native_cache_directory,45,24,24,21,0,50,-26,41.933109283447266,,
6e91235d490b5240,traversing_intersection,2021.06.21.17.42.00_veh-38_03692_04076,2021.06.21.17.42.00_veh-38_03692_04076/traversing_intersection/6e91235d490b5240/sledge_raw.gz,pedestrians,native_cache_directory,35,29,20,6,9,20,9,27.05115509033203,27.689123153686523,0.6379680633544922
6e91235d490b5240,traversing_intersection,2021.06.21.17.42.00_veh-38_03692_04076,2021.06.21.17.42.00_veh-38_03692_04076/traversing_intersection/6e91235d490b5240/sledge_raw.gz,static_objects,native_cache_directory,135,39,30,96,9,30,9,33.401859283447266,33.98082733154297,0.5789680480957031
26e38104c56b5eea,traversing_intersection,2021.06.10.12.08.50_veh-47_00016_00226,2021.06.10.12.08.50_veh-47_00016_00226/traversing_intersection/26e38104c56b5eea/sledge_raw.gz,vehicles,native_cache_directory,2,0,0,2,0,50,-50,,,
26e38104c56b5eea,traversing_intersection,2021.06.10.12.08.50_veh-47_00016_00226,2021.06.10.12.08.50_veh-47_00016_00226/traversing_intersection/26e38104c56b5eea/sledge_raw.gz,pedestrians,native_cache_directory,3,0,0,3,0,20,-20,,,
26e38104c56b5eea,traversing_intersection,2021.06.10.12.08.50_veh-47_00016_00226,2021.06.10.12.08.50_veh-47_00016_00226/traversing_intersection/26e38104c56b5eea/sledge_raw.gz,static_objects,native_cache_directory,181,19,19,162,0,30,-11,32.84918975830078,,
5bde5476b93a5907,traversing_intersection,2021.09.20.14.38.07_veh-42_00379_00742,2021.09.20.14.38.07_veh-42_00379_00742/traversing_intersection/5bde5476b93a5907/sledge_raw.gz,vehicles,native_cache_directory,5,0,0,5,0,50,-50,,,
5bde5476b93a5907,traversing_intersection,2021.09.20.14.38.07_veh-42_00379_00742,2021.09.20.14.38.07_veh-42_00379_00742/traversing_intersection/5bde5476b93a5907/sledge_raw.gz,pedestrians,native_cache_directory,1,0,0,1,0,20,-20,,,
5bde5476b93a5907,traversing_intersection,2021.09.20.14.38.07_veh-42_00379_00742,2021.09.20.14.38.07_veh-42_00379_00742/traversing_intersection/5bde5476b93a5907/sledge_raw.gz,static_objects,native_cache_directory,5,3,3,2,0,30,-27,42.85825729370117,,
48cc8744f1255d53,traversing_intersection,2021.07.15.21.07.10_veh-12_03488_05812,2021.07.15.21.07.10_veh-12_03488_05812/traversing_intersection/48cc8744f1255d53/sledge_raw.gz,vehicles,native_cache_directory,39,19,19,20,0,50,-31,29.587387084960938,,
48cc8744f1255d53,traversing_intersection,2021.07.15.21.07.10_veh-12_03488_05812,2021.07.15.21.07.10_veh-12_03488_05812/traversing_intersection/48cc8744f1255d53/sledge_raw.gz,pedestrians,native_cache_directory,22,19,19,3,0,20,-1,35.925472259521484,,
48cc8744f1255d53,traversing_intersection,2021.07.15.21.07.10_veh-12_03488_05812,2021.07.15.21.07.10_veh-12_03488_05812/traversing_intersection/48cc8744f1255d53/sledge_raw.gz,static_objects,native_cache_directory,53,38,30,15,8,30,8,23.94356346130371,24.197355270385742,0.25379180908203125
3d55fae8e6b258d0,traversing_intersection,2021.05.24.20.15.16_veh-27_00986_01402,2021.05.24.20.15.16_veh-27_00986_01402/traversing_intersection/3d55fae8e6b258d0/sledge_raw.gz,vehicles,native_cache_directory,11,6,6,5,0,50,-44,36.22502517700195,,
3d55fae8e6b258d0,traversing_intersection,2021.05.24.20.15.16_veh-27_00986_01402,2021.05.24.20.15.16_veh-27_00986_01402/traversing_intersection/3d55fae8e6b258d0/sledge_raw.gz,pedestrians,native_cache_directory,15,1,1,14,0,20,-19,29.425548553466797,,
3d55fae8e6b258d0,traversing_intersection,2021.05.24.20.15.16_veh-27_00986_01402,2021.05.24.20.15.16_veh-27_00986_01402/traversing_intersection/3d55fae8e6b258d0/sledge_raw.gz,static_objects,native_cache_directory,176,51,30,125,21,30,21,34.86665344238281,35.50053405761719,0.633880615234375
c4f59d77452d587d,traversing_intersection,2021.05.20.15.11.34_veh-25_02436_02569,2021.05.20.15.11.34_veh-25_02436_02569/traversing_intersection/c4f59d77452d587d/sledge_raw.gz,vehicles,native_cache_directory,31,9,9,22,0,50,-41,44.47743225097656,,
c4f59d77452d587d,traversing_intersection,2021.05.20.15.11.34_veh-25_02436_02569,2021.05.20.15.11.34_veh-25_02436_02569/traversing_intersection/c4f59d77452d587d/sledge_raw.gz,pedestrians,native_cache_directory,67,20,20,47,0,20,0,30.307435989379883,,
c4f59d77452d587d,traversing_intersection,2021.05.20.15.11.34_veh-25_02436_02569,2021.05.20.15.11.34_veh-25_02436_02569/traversing_intersection/c4f59d77452d587d/sledge_raw.gz,static_objects,native_cache_directory,65,34,30,31,4,30,4,29.066753387451172,31.995359420776367,2.9286060333251953
0ed9a88a8a945b16,traversing_intersection,2021.05.19.14.07.59_veh-25_02909_03113,2021.05.19.14.07.59_veh-25_02909_03113/traversing_intersection/0ed9a88a8a945b16/sledge_raw.gz,vehicles,native_cache_directory,25,7,7,18,0,50,-43,32.609317779541016,,
0ed9a88a8a945b16,traversing_intersection,2021.05.19.14.07.59_veh-25_02909_03113,2021.05.19.14.07.59_veh-25_02909_03113/traversing_intersection/0ed9a88a8a945b16/sledge_raw.gz,pedestrians,native_cache_directory,44,27,20,17,7,20,7,28.527830123901367,28.590497970581055,0.0626678466796875
0ed9a88a8a945b16,traversing_intersection,2021.05.19.14.07.59_veh-25_02909_03113,2021.05.19.14.07.59_veh-25_02909_03113/traversing_intersection/0ed9a88a8a945b16/sledge_raw.gz,static_objects,native_cache_directory,39,17,17,22,0,30,-13,19.250688552856445,,
e9a6e72676c85e29,traversing_intersection,2021.09.30.05.37.44_veh-53_00720_01005,2021.09.30.05.37.44_veh-53_00720_01005/traversing_intersection/e9a6e72676c85e29/sledge_raw.gz,vehicles,native_cache_directory,1,0,0,1,0,50,-50,,,
e9a6e72676c85e29,traversing_intersection,2021.09.30.05.37.44_veh-53_00720_01005,2021.09.30.05.37.44_veh-53_00720_01005/traversing_intersection/e9a6e72676c85e29/sledge_raw.gz,pedestrians,native_cache_directory,9,6,6,3,0,20,-14,22.937440872192383,,
e9a6e72676c85e29,traversing_intersection,2021.09.30.05.37.44_veh-53_00720_01005,2021.09.30.05.37.44_veh-53_00720_01005/traversing_intersection/e9a6e72676c85e29/sledge_raw.gz,static_objects,native_cache_directory,0,0,0,0,0,30,-30,,,
074f0b0590915274,traversing_intersection,2021.07.15.23.18.35_veh-14_00179_00972,2021.07.15.23.18.35_veh-14_00179_00972/traversing_intersection/074f0b0590915274/sledge_raw.gz,vehicles,native_cache_directory,8,5,5,3,0,50,-45,39.98161315917969,,
074f0b0590915274,traversing_intersection,2021.07.15.23.18.35_veh-14_00179_00972,2021.07.15.23.18.35_veh-14_00179_00972/traversing_intersection/074f0b0590915274/sledge_raw.gz,pedestrians,native_cache_directory,3,0,0,3,0,20,-20,,,
074f0b0590915274,traversing_intersection,2021.07.15.23.18.35_veh-14_00179_00972,2021.07.15.23.18.35_veh-14_00179_00972/traversing_intersection/074f0b0590915274/sledge_raw.gz,static_objects,native_cache_directory,18,12,12,6,0,30,-18,42.31196594238281,,
aa27cbd9f3f153bd,traversing_intersection,2021.07.23.20.55.34_veh-37_00040_01188,2021.07.23.20.55.34_veh-37_00040_01188/traversing_intersection/aa27cbd9f3f153bd/sledge_raw.gz,vehicles,native_cache_directory,28,12,12,16,0,50,-38,39.069766998291016,,
aa27cbd9f3f153bd,traversing_intersection,2021.07.23.20.55.34_veh-37_00040_01188,2021.07.23.20.55.34_veh-37_00040_01188/traversing_intersection/aa27cbd9f3f153bd/sledge_raw.gz,pedestrians,native_cache_directory,108,61,20,47,41,20,41,17.476011276245117,17.74393653869629,0.2679252624511719
aa27cbd9f3f153bd,traversing_intersection,2021.07.23.20.55.34_veh-37_00040_01188,2021.07.23.20.55.34_veh-37_00040_01188/traversing_intersection/aa27cbd9f3f153bd/sledge_raw.gz,static_objects,native_cache_directory,102,26,26,76,0,30,-4,36.59998321533203,,
c08b1739baa65ae2,traversing_intersection,2021.06.01.17.27.29_veh-47_00996_01197,2021.06.01.17.27.29_veh-47_00996_01197/traversing_intersection/c08b1739baa65ae2/sledge_raw.gz,vehicles,native_cache_directory,25,9,9,16,0,50,-41,37.0749626159668,,
c08b1739baa65ae2,traversing_intersection,2021.06.01.17.27.29_veh-47_00996_01197,2021.06.01.17.27.29_veh-47_00996_01197/traversing_intersection/c08b1739baa65ae2/sledge_raw.gz,pedestrians,native_cache_directory,19,12,12,7,0,20,-8,25.08880043029785,,
c08b1739baa65ae2,traversing_intersection,2021.06.01.17.27.29_veh-47_00996_01197,2021.06.01.17.27.29_veh-47_00996_01197/traversing_intersection/c08b1739baa65ae2/sledge_raw.gz,static_objects,native_cache_directory,31,17,17,14,0,30,-13,19.132577896118164,,
c2961c247ce15f3a,traversing_intersection,2021.06.02.12.41.05_veh-47_03673_03807,2021.06.02.12.41.05_veh-47_03673_03807/traversing_intersection/c2961c247ce15f3a/sledge_raw.gz,vehicles,native_cache_directory,19,7,7,12,0,50,-43,35.88224792480469,,
c2961c247ce15f3a,traversing_intersection,2021.06.02.12.41.05_veh-47_03673_03807,2021.06.02.12.41.05_veh-47_03673_03807/traversing_intersection/c2961c247ce15f3a/sledge_raw.gz,pedestrians,native_cache_directory,26,14,14,12,0,20,-6,33.50303649902344,,
c2961c247ce15f3a,traversing_intersection,2021.06.02.12.41.05_veh-47_03673_03807,2021.06.02.12.41.05_veh-47_03673_03807/traversing_intersection/c2961c247ce15f3a/sledge_raw.gz,static_objects,native_cache_directory,39,18,18,21,0,30,-12,18.979053497314453,,
0d6ca322abf8512b,traversing_intersection,2021.09.07.04.01.34_veh-51_01117_01397,2021.09.07.04.01.34_veh-51_01117_01397/traversing_intersection/0d6ca322abf8512b/sledge_raw.gz,vehicles,native_cache_directory,4,0,0,4,0,50,-50,,,
0d6ca322abf8512b,traversing_intersection,2021.09.07.04.01.34_veh-51_01117_01397,2021.09.07.04.01.34_veh-51_01117_01397/traversing_intersection/0d6ca322abf8512b/sledge_raw.gz,pedestrians,native_cache_directory,11,7,7,4,0,20,-13,33.16546630859375,,
0d6ca322abf8512b,traversing_intersection,2021.09.07.04.01.34_veh-51_01117_01397,2021.09.07.04.01.34_veh-51_01117_01397/traversing_intersection/0d6ca322abf8512b/sledge_raw.gz,static_objects,native_cache_directory,24,11,11,13,0,30,-19,39.86134338378906,,
ce903157ac955129,traversing_intersection,2021.05.24.13.18.46_veh-30_00901_01355,2021.05.24.13.18.46_veh-30_00901_01355/traversing_intersection/ce903157ac955129/sledge_raw.gz,vehicles,native_cache_directory,25,14,14,11,0,50,-36,37.22026062011719,,
ce903157ac955129,traversing_intersection,2021.05.24.13.18.46_veh-30_00901_01355,2021.05.24.13.18.46_veh-30_00901_01355/traversing_intersection/ce903157ac955129/sledge_raw.gz,pedestrians,native_cache_directory,59,21,20,38,1,20,1,32.87363815307617,33.56043243408203,0.6867942810058594
ce903157ac955129,traversing_intersection,2021.05.24.13.18.46_veh-30_00901_01355,2021.05.24.13.18.46_veh-30_00901_01355/traversing_intersection/ce903157ac955129/sledge_raw.gz,static_objects,native_cache_directory,138,37,30,101,7,30,7,24.85677146911621,24.91441535949707,0.057643890380859375
7ccc707ccf4f5dab,traversing_intersection,2021.10.13.14.40.14_veh-28_01119_01246,2021.10.13.14.40.14_veh-28_01119_01246/traversing_intersection/7ccc707ccf4f5dab/sledge_raw.gz,vehicles,native_cache_directory,5,3,3,2,0,50,-47,14.135702133178711,,
7ccc707ccf4f5dab,traversing_intersection,2021.10.13.14.40.14_veh-28_01119_01246,2021.10.13.14.40.14_veh-28_01119_01246/traversing_intersection/7ccc707ccf4f5dab/sledge_raw.gz,pedestrians,native_cache_directory,8,3,3,5,0,20,-17,21.843564987182617,,
7ccc707ccf4f5dab,traversing_intersection,2021.10.13.14.40.14_veh-28_01119_01246,2021.10.13.14.40.14_veh-28_01119_01246/traversing_intersection/7ccc707ccf4f5dab/sledge_raw.gz,static_objects,native_cache_directory,21,15,15,6,0,30,-15,31.86452865600586,,
