token,log_name,scenario_type,frame_index,timestamp_us,dt_s,ego_rear_x,ego_rear_y,ego_heading,ego_center_x,ego_center_y,ego_vx,ego_vy,object_count,vehicles_raw_count,vehicles_in_frame_count,vehicles_kept_count,vehicles_dropped_by_cap,pedestrians_raw_count,pedestrians_in_frame_count,pedestrians_kept_count,pedestrians_dropped_by_cap,static_objects_raw_count,static_objects_in_frame_count,static_objects_kept_count,static_objects_dropped_by_cap
a8ba823407a357b2,2021.09.13.18.39.41_veh-39_00273_00761,traversing_intersection,0,1631558767700274,,331254.91911962756,4690957.273513346,-2.12003469892561,331254.1564224442,4690956.027393767,8.725690145325897,0.20526945626347268,37,6,2,2,0,5,0,0,0,13,12,12,0
a8ba823407a357b2,2021.09.13.18.39.41_veh-39_00273_00761,traversing_intersection,1,1631558767750252,0.049978,331254.6942199285,4690956.906501006,-2.119676521952389,331253.9319691254,4690955.660108326,8.722579772084543,0.20415438154617185,37,6,2,2,0,5,0,0,0,13,12,12,0
a8ba823407a357b2,2021.09.13.18.39.41_veh-39_00273_00761,traversing_intersection,2,1631558767800233,0.049981,331254.4747811763,4690956.546319435,-2.1200353563964685,331253.7120831736,4690955.300200357,8.737852473928296,0.20402140349560044,37,6,2,2,0,5,0,0,0,13,12,12,0
a8ba823407a357b2,2021.09.13.18.39.41_veh-39_00273_00761,traversing_intersection,3,1631558767850214,0.049981,331254.25577541406,4690956.190438445,-2.119994404107151,331253.4931284435,4690954.944288134,8.724128506822248,0.2228266971101104,36,5,3,3,0,5,0,0,0,13,12,12,0
a8ba823407a357b2,2021.09.13.18.39.41_veh-39_00273_00761,traversing_intersection,4,1631558767900200,0.049986,331254.03728888324,4690955.83429245,-2.1200388840145536,331253.27458648477,4690954.588176062,8.725673096771308,0.20088420047600214,36,5,3,3,0,5,0,0,0,13,12,12,0
a8ba823407a357b2,2021.09.13.18.39.41_veh-39_00273_00761,traversing_intersection,5,1631558767950182,0.049982,331253.8159467862,4690955.476893038,-2.1201443078922737,331253.05311302154,4690954.230857064,8.722691338813618,0.1956686568883883,36,5,3,3,0,5,0,0,0,13,12,12,0
a8ba823407a357b2,2021.09.13.18.39.41_veh-39_00273_00761,traversing_intersection,6,1631558768000164,0.049982,331253.5964886053,4690955.11564472,-2.1201523168276393,331252.83364486124,4690953.869614856,8.71423515647563,0.2168246875302094,37,5,3,3,0,5,0,0,0,13,12,12,0
a8ba823407a357b2,2021.09.13.18.39.41_veh-39_00273_00761,traversing_intersection,7,1631558768050144,0.04998,331253.3778627248,4690954.758199927,-2.121081537812082,331252.61386147316,4690953.512879452,8.713556338758282,0.1917354151083371,37,5,3,3,0,5,0,0,0,13,12,12,0
a8ba823407a357b2,2021.09.13.18.39.41_veh-39_00273_00761,traversing_intersection,8,1631558768100119,0.049975,331253.1588777862,4690954.408327373,-2.121411129217281,331252.39446612913,4690953.163258773,8.69093222268757,0.20078747629534344,37,5,3,3,0,5,0,0,0,13,12,12,0
a8ba823407a357b2,2021.09.13.18.39.41_veh-39_00273_00761,traversing_intersection,9,1631558768150094,0.049975,331252.9343856351,4690954.04746088,-2.1216796029895506,331252.1696397373,4690952.80259755,8.721806148711075,0.227664654605529,37,5,3,3,0,5,0,0,0,13,12,12,0
a8ba823407a357b2,2021.09.13.18.39.41_veh-39_00273_00761,traversing_intersection,10,1631558768200068,0.049974,331252.71912653814,4690953.696240607,-2.1224969639244584,331251.95336339326,4690952.452002766,8.710399130373183,0.2621881899801659,37,5,3,3,0,5,0,0,0,13,12,12,0
a8ba823407a357b2,2021.09.13.18.39.41_veh-39_00273_00761,traversing_intersection,11,1631558768250040,0.049972,331252.49564920587,4690953.331401503,-2.1222063192202962,331251.73024772445,4690952.086941149,8.706804396767986,0.23941953038456537,37,5,3,3,0,5,0,0,0,13,12,12,0
a8ba823407a357b2,2021.09.13.18.39.41_veh-39_00273_00761,traversing_intersection,12,1631558768300008,0.049968,331252.27428500686,4690952.977725375,-2.1223323693234373,331251.5087266672,4690951.733361511,8.718295002537722,0.19552278297677997,37,5,3,3,0,5,0,0,0,13,12,12,0
a8ba823407a357b2,2021.09.13.18.39.41_veh-39_00273_00761,traversing_intersection,13,1631558768349974,0.049966,331252.0513864201,4690952.618466458,-2.122015979343871,331251.286221823,4690951.37386044,8.687654752546955,0.21350085521583234,37,5,3,3,0,6,1,1,0,12,11,11,0
a8ba823407a357b2,2021.09.13.18.39.41_veh-39_00273_00761,traversing_intersection,14,1631558768399949,0.049975,331251.8295986826,4690952.260029915,-2.122569979973674,331251.06374469044,4690951.015847989,8.682719813433959,0.23800604127532896,37,5,3,3,0,6,1,1,0,12,11,11,0
a8ba823407a357b2,2021.09.13.18.39.41_veh-39_00273_00761,traversing_intersection,15,1631558768449923,0.049974,331251.61182095064,4690951.906633031,-2.1222701120504164,331250.84634008317,4690950.662221506,8.675873848643036,0.22519370865634367,36,5,3,3,0,6,1,1,0,11,10,10,0
a8ba823407a357b2,2021.09.13.18.39.41_veh-39_00273_00761,traversing_intersection,16,1631558768499901,0.049978,331251.3967050858,4690951.5568703525,-2.1222092190057373,331250.63129999576,4690950.312412218,8.64840203064104,0.23066347390000327,35,4,3,3,0,6,1,1,0,11,10,10,0
a8ba823407a357b2,2021.09.13.18.39.41_veh-39_00273_00761,traversing_intersection,17,1631558768549878,0.049977,331251.17889692186,4690951.203230068,-2.1228899535396453,331250.4126448636,4690949.959293259,8.654456966480243,0.242806494779251,35,4,3,3,0,6,1,1,0,11,10,10,0
a8ba823407a357b2,2021.09.13.18.39.41_veh-39_00273_00761,traversing_intersection,18,1631558768599853,0.049975,331250.96440625266,4690950.854347488,-2.123333398473545,331250.19760265225,4690949.610750592,8.650285501136018,0.2586659620305674,35,4,3,3,0,6,1,1,0,11,10,10,0
a8ba823407a357b2,2021.09.13.18.39.41_veh-39_00273_00761,traversing_intersection,19,1631558768649829,0.049976,331250.7446067199,4690950.499402445,-2.1242717701211937,331249.9766365012,4690949.256525643,8.64839260629314,0.253563684673205,35,4,4,4,0,6,1,1,0,11,10,10,0
a8ba823407a357b2,2021.09.13.18.39.41_veh-39_00273_00761,traversing_intersection,20,1631558768699797,0.049968,331250.5227998579,4690950.1414814945,-2.124596224444247,331249.7544264229,4690948.89885393,8.659126216048676,0.24454767936023314,35,4,4,4,0,6,1,1,0,11,10,10,0
a8ba823407a357b2,2021.09.13.18.39.41_veh-39_00273_00761,traversing_intersection,21,1631558768749766,0.049969,331250.30534605414,4690949.789810932,-2.1244817567136844,331249.5371148649,4690948.547095422,8.663716424391104,0.2482334202785037,35,4,4,4,0,6,1,1,0,11,10,10,0
a8ba823407a357b2,2021.09.13.18.39.41_veh-39_00273_00761,traversing_intersection,22,1631558768799736,0.04997,331250.08424421016,4690949.432455265,-2.1249459165030853,331249.31543628516,4690948.1900964705,8.66429621815465,0.25027318572363566,35,4,4,4,0,6,1,1,0,11,10,10,0
a8ba823407a357b2,2021.09.13.18.39.41_veh-39_00273_00761,traversing_intersection,23,1631558768849704,0.049968,331249.86387052597,4690949.076492989,-2.1242928526004254,331249.09587410453,4690947.833632379,8.66158595472145,0.24113214576159755,35,4,4,4,0,6,1,1,0,11,10,10,0
a8ba823407a357b2,2021.09.13.18.39.41_veh-39_00273_00761,traversing_intersection,24,1631558768899673,0.049969,331249.6468402131,4690948.723966138,-2.1241568248318385,331248.87901286234,4690947.481001071,8.660639945674633,0.2350882769534523,36,4,4,4,0,7,2,2,0,11,10,10,0
a8ba823407a357b2,2021.09.13.18.39.41_veh-39_00273_00761,traversing_intersection,25,1631558768949640,0.049967,331249.4294159895,4690948.3687661085,-2.1237949115980315,331248.6620385345,4690947.125523236,8.649861283897762,0.2287132938510255,36,4,4,4,0,7,2,2,0,11,10,10,0
a8ba823407a357b2,2021.09.13.18.39.41_veh-39_00273_00761,traversing_intersection,26,1631558768999611,0.049971,331249.2106210729,4690948.010409085,-2.123610335269212,331248.44347310415,4690946.767024593,8.642050793515251,0.22805250637283675,36,4,4,4,0,7,2,2,0,11,10,10,0
a8ba823407a357b2,2021.09.13.18.39.41_veh-39_00273_00761,traversing_intersection,27,1631558769049584,0.049973,331248.99570027326,4690947.66140226,-2.1237728260957396,331248.22835027607,4690946.418142439,8.628563158746708,0.23122352205810076,36,4,4,4,0,7,2,2,0,11,10,10,0
a8ba823407a357b2,2021.09.13.18.39.41_veh-39_00273_00761,traversing_intersection,28,1631558769099563,0.049979,331248.77510595246,4690947.301625075,-2.123871312184391,331248.0076335152,4690946.058440833,8.615654250440185,0.24523258961303526,35,4,4,4,0,7,2,2,0,10,9,9,0
a8ba823407a357b2,2021.09.13.18.39.41_veh-39_00273_00761,traversing_intersection,29,1631558769149546,0.049983,331248.5611827668,4690946.952023505,-2.12440271109218,331247.7930498112,4690945.709247273,8.6119014673748,0.26673720528967654,35,4,4,4,0,7,2,2,0,10,9,9,0
a8ba823407a357b2,2021.09.13.18.39.41_veh-39_00273_00761,traversing_intersection,30,1631558769199529,0.049983,331248.3482944633,4690946.6043415535,-2.124636462197865,331247.57987102837,4690945.361744908,8.60122656565388,0.26308217876069756,35,4,4,4,0,7,2,2,0,10,9,9,0
a8ba823407a357b2,2021.09.13.18.39.41_veh-39_00273_00761,traversing_intersection,31,1631558769249516,0.049987,331248.1322444561,4690946.2527464,-2.125075385050045,331247.3632756911,4690945.010487152,8.592330509729642,0.26511285354085384,35,4,4,4,0,7,2,2,0,10,9,9,0
a8ba823407a357b2,2021.09.13.18.39.41_veh-39_00273_00761,traversing_intersection,32,1631558769299502,0.049986,331247.9163769631,4690945.90069034,-2.125508709810958,331247.1468699686,4690944.658764423,8.586145297314271,0.25695845543865353,32,4,4,4,0,7,2,2,0,7,6,6,0
a8ba823407a357b2,2021.09.13.18.39.41_veh-39_00273_00761,traversing_intersection,33,1631558769349488,0.049986,331247.697202219,4690945.549114282,-2.1257346050655306,331246.927414699,4690944.307362224,8.582572740511008,0.23577396456366015,32,4,4,4,0,7,2,2,0,7,6,6,0
a8ba823407a357b2,2021.09.13.18.39.41_veh-39_00273_00761,traversing_intersection,34,1631558769399471,0.049983,331247.4794349695,4690945.199123721,-2.125851152721684,331246.70950273145,4690943.957461388,8.574517999919351,0.23410213125355553,32,4,4,4,0,7,2,2,0,7,6,6,0
a8ba823407a357b2,2021.09.13.18.39.41_veh-39_00273_00761,traversing_intersection,35,1631558769449453,0.049982,331247.2622954637,4690944.84930093,-2.125616107791782,331246.4926550934,4690943.607457663,8.565745313954078,0.2530198930326346,31,4,4,4,0,6,1,1,0,7,6,6,0
a8ba823407a357b2,2021.09.13.18.39.41_veh-39_00273_00761,traversing_intersection,36,1631558769499435,0.049982,331247.04512784514,4690944.498409196,-2.125232050828655,331246.2759644701,4690943.256270435,8.553937212320529,0.27159688679983385,31,4,4,4,0,6,1,1,0,7,6,6,0
a8ba823407a357b2,2021.09.13.18.39.41_veh-39_00273_00761,traversing_intersection,37,1631558769549416,0.049981,331246.83216805663,4690944.157077689,-2.1247883431792234,331246.06355590373,4690942.914597766,8.553666533409958,0.25591317059496566,31,4,4,4,0,6,1,1,0,7,6,6,0
a8ba823407a357b2,2021.09.13.18.39.41_veh-39_00273_00761,traversing_intersection,38,1631558769599393,0.049977,331246.61402185046,4690943.804649887,-2.1245037040497095,331245.8457633871,4690942.561951237,8.543070464897408,0.2486515150344407,32,4,4,4,0,6,0,0,0,8,7,7,0
a8ba823407a357b2,2021.09.13.18.39.41_veh-39_00273_00761,traversing_intersection,39,1631558769649371,0.049978,331246.39781222236,4690943.458147337,-2.1241771844354393,331245.6299595655,4690942.215197902,8.531693980559016,0.23930270227281936,31,4,4,4,0,6,0,0,0,7,6,6,0
a8ba823407a357b2,2021.09.13.18.39.41_veh-39_00273_00761,traversing_intersection,40,1631558769699352,0.049981,331246.18435192015,4690943.119232045,-2.1245625205420327,331245.41602036695,4690941.876578583,8.523521417606663,0.24077558290251572,31,4,4,4,0,6,0,0,0,7,6,6,0
a8ba823407a357b2,2021.09.13.18.39.41_veh-39_00273_00761,traversing_intersection,41,1631558769749341,0.049989,331245.96476822766,4690942.765899233,-2.1245704701319594,331245.1964267959,4690941.523251879,8.507032374219131,0.25026790251597725,31,4,4,4,0,6,0,0,0,7,6,6,0
a8ba823407a357b2,2021.09.13.18.39.41_veh-39_00273_00761,traversing_intersection,42,1631558769799334,0.049993,331245.75167582766,4690942.4258985305,-2.1246200469195853,331244.9832727904,4690941.183289271,8.496784885651588,0.2477895826232245,31,4,4,4,0,6,0,0,0,7,6,6,0
a8ba823407a357b2,2021.09.13.18.39.41_veh-39_00273_00761,traversing_intersection,43,1631558769849330,0.049996,331245.5324549195,4690942.072626656,-2.1246085448253633,331244.76406617486,4690940.830008558,8.490027110621199,0.22731530168131184,30,4,4,4,0,6,1,1,0,6,5,5,0
a8ba823407a357b2,2021.09.13.18.39.41_veh-39_00273_00761,traversing_intersection,44,1631558769899328,0.049998,331245.3184620222,4690941.731233131,-2.1247203614523302,331244.54993433703,4690940.48870096,8.47683700680461,0.21799882085930067,29,4,4,4,0,6,1,1,0,5,4,4,0
a8ba823407a357b2,2021.09.13.18.39.41_veh-39_00273_00761,traversing_intersection,45,1631558769949328,0.05,331245.1022375698,4690941.383147626,-2.1250846290097707,331244.3332573215,4690940.140895487,8.473804076208438,0.19335003547492496,29,4,4,4,0,6,1,1,0,5,4,4,0
a8ba823407a357b2,2021.09.13.18.39.41_veh-39_00273_00761,traversing_intersection,46,1631558769999329,0.050001,331244.8852170837,4690941.037567359,-2.1251713890789867,331244.1161290604,4690939.795381942,8.465294400296145,0.17921158762929437,30,4,4,4,0,6,1,1,0,5,4,4,0
a8ba823407a357b2,2021.09.13.18.39.41_veh-39_00273_00761,traversing_intersection,47,1631558770049337,0.050008,331244.6733879978,4690940.698682175,-2.1250444882014485,331243.9044576151,4690939.456399169,8.460174956698483,0.18466076892464103,31,4,4,4,0,6,1,1,0,6,5,5,0
a8ba823407a357b2,2021.09.13.18.39.41_veh-39_00273_00761,traversing_intersection,48,1631558770099351,0.050014,331244.45623684576,4690940.353447824,-2.125281336705909,331243.68701225176,4690939.111346973,8.453111943528297,0.1969282099619487,31,4,4,4,0,6,1,1,0,6,5,5,0
a8ba823407a357b2,2021.09.13.18.39.41_veh-39_00273_00761,traversing_intersection,49,1631558770149369,0.050018,331244.23733603075,4690940.001262644,-2.1253037548879425,331243.4680835913,4690938.759179038,8.441971521363755,0.20021091221263423,31,4,4,4,0,6,2,2,0,6,5,5,0
a8ba823407a357b2,2021.09.13.18.39.41_veh-39_00273_00761,traversing_intersection,50,1631558770199388,0.050019,331244.02522936213,4690939.660244247,-2.1252177435550763,331243.2560837588,4690938.418094481,8.459440828864269,0.19611546296355706,30,4,4,4,0,6,2,2,0,5,5,5,0
a8ba823407a357b2,2021.09.13.18.39.41_veh-39_00273_00761,traversing_intersection,51,1631558770249405,0.050017,331243.8043617493,4690939.309050937,-2.1253518604624944,331243.0350495596,4690938.067004338,8.455506247242791,0.17800368785623333,30,4,4,4,0,6,2,2,0,5,5,5,0
a8ba823407a357b2,2021.09.13.18.39.41_veh-39_00273_00761,traversing_intersection,52,1631558770299423,0.050018,331243.5904326718,4690938.964208727,-2.125053479899457,331242.82149111887,4690937.721932635,8.461429945892215,0.16365692796175815,30,4,4,4,0,6,2,2,0,5,5,5,0
a8ba823407a357b2,2021.09.13.18.39.41_veh-39_00273_00761,traversing_intersection,53,1631558770349447,0.050024,331243.3698034724,4690938.614326808,-2.124854006318826,331242.6011097361,4690937.3718973575,8.45670433160125,0.15068502545709964,30,4,4,4,0,6,2,2,0,5,5,5,0
a8ba823407a357b2,2021.09.13.18.39.41_veh-39_00273_00761,traversing_intersection,54,1631558770399479,0.050032,331243.1525361218,4690938.263414071,-2.1247858673607944,331242.38392704504,4690937.020932245,8.466171057633229,0.1586091321672591,30,4,4,4,0,6,2,2,0,5,5,5,0
a8ba823407a357b2,2021.09.13.18.39.41_veh-39_00273_00761,traversing_intersection,55,1631558770449513,0.050034,331242.9380429679,4690937.918339263,-2.124891029945063,331242.1693032328,4690936.675938273,8.470696149008091,0.15805650969499146,29,4,4,4,0,6,2,2,0,4,4,4,0
a8ba823407a357b2,2021.09.13.18.39.41_veh-39_00273_00761,traversing_intersection,56,1631558770499548,0.050035,331242.72306199424,4690937.573390831,-2.124423455879978,331241.95490325766,4690936.330630534,8.461899771113298,0.18756335883164008,29,4,4,4,0,6,2,2,0,4,4,4,0
a8ba823407a357b2,2021.09.13.18.39.41_veh-39_00273_00761,traversing_intersection,57,1631558770549587,0.050039,331242.5092905093,4690937.22468288,-2.1239145510644244,331241.74176431884,4690935.981531824,8.4629245610886,0.22644421456110467,29,4,4,4,0,6,3,3,0,4,4,4,0
a8ba823407a357b2,2021.09.13.18.39.41_veh-39_00273_00761,traversing_intersection,58,1631558770599630,0.050043,331242.2977904385,4690936.880150246,-2.1243050148527067,331241.52977890114,4690935.637298977,8.450876748751021,0.23564750110907173,30,4,4,4,0,6,3,3,0,4,4,4,0
a8ba823407a357b2,2021.09.13.18.39.41_veh-39_00273_00761,traversing_intersection,59,1631558770649677,0.050047,331242.08419623977,4690936.534561851,-2.124325505747994,331241.31615923543,4690935.291726319,8.443540207890795,0.20429718852113535,30,4,4,4,0,6,3,3,0,4,4,4,0
a8ba823407a357b2,2021.09.13.18.39.41_veh-39_00273_00761,traversing_intersection,60,1631558770699725,0.050048,331241.8699773993,4690936.1926547745,-2.124528875639242,331241.1016876555,4690934.949975464,8.453415147067972,0.19413695259865912,30,4,4,4,0,6,3,3,0,4,3,3,0
a8ba823407a357b2,2021.09.13.18.39.41_veh-39_00273_00761,traversing_intersection,61,1631558770749771,0.050046,331241.6514415322,4690935.842277307,-2.124368542906301,331240.8833510404,4690934.599474831,8.450916182893954,0.20887451415466696,30,4,4,4,0,6,3,3,0,4,3,3,0
a8ba823407a357b2,2021.09.13.18.39.41_veh-39_00273_00761,traversing_intersection,62,1631558770799817,0.050046,331241.4354310045,4690935.495165032,-2.1245727424604772,331240.66708674905,4690934.252519425,8.460136188357044,0.21565522067436946,31,4,4,4,0,6,4,4,0,5,3,3,0
a8ba823407a357b2,2021.09.13.18.39.41_veh-39_00273_00761,traversing_intersection,63,1631558770849863,0.050046,331241.215931126,4690935.145796298,-2.12458588651601,331240.4475705372,4690933.90316079,8.466739658331202,0.21837545153614826,31,4,4,4,0,6,4,4,0,5,3,3,0
a8ba823407a357b2,2021.09.13.18.39.41_veh-39_00273_00761,traversing_intersection,64,1631558770899908,0.050045,331241.0011943769,4690934.799081498,-2.124098896823244,331240.2334390299,4690933.556071954,8.45905927443028,0.21594184580516912,31,4,4,4,0,6,4,4,0,5,3,3,0
a8ba823407a357b2,2021.09.13.18.39.41_veh-39_00273_00761,traversing_intersection,65,1631558770949949,0.050041,331240.78910582856,4690934.458201781,-2.124392418808314,331240.020985664,4690933.215417643,8.450162101068242,0.19958288844767852,31,4,4,4,0,6,4,4,0,5,3,3,0
a8ba823407a357b2,2021.09.13.18.39.41_veh-39_00273_00761,traversing_intersection,66,1631558770999989,0.05004,331240.5689060024,4690934.1127886195,-2.124397358150397,331239.8007796993,4690932.870008276,8.446377274960856,0.18769651575408478,31,4,4,4,0,6,4,4,0,5,3,3,0
a8ba823407a357b2,2021.09.13.18.39.41_veh-39_00273_00761,traversing_intersection,67,1631558771050026,0.050037,331240.3514877232,4690933.766808707,-2.125102835231613,331239.5824848583,4690932.524570568,8.431004178177304,0.1938477949930705,31,4,4,4,0,6,4,4,0,5,3,3,0
a8ba823407a357b2,2021.09.13.18.39.41_veh-39_00273_00761,traversing_intersection,68,1631558771100060,0.050034,331240.1375568559,4690933.425952927,-2.125844663277487,331239.36763267557,4690932.184285598,8.414758112546608,0.23483067065948435,31,4,4,4,0,6,5,5,0,5,3,3,0
a8ba823407a357b2,2021.09.13.18.39.41_veh-39_00273_00761,traversing_intersection,69,1631558771150084,0.050024,331239.92187412083,4690933.078703114,-2.1262577582577746,331239.15143707965,4690931.837353942,8.414026365103135,0.24111086751537247,31,4,4,4,0,6,5,5,0,5,3,3,0
a8ba823407a357b2,2021.09.13.18.39.41_veh-39_00273_00761,traversing_intersection,70,1631558771200102,0.050018,331239.7116741485,4690932.743987453,-2.126972744991367,331238.94034975616,4690931.503189451,8.416548832185391,0.22641149888435572,31,4,4,4,0,6,5,5,0,5,3,3,0
a8ba823407a357b2,2021.09.13.18.39.41_veh-39_00273_00761,traversing_intersection,71,1631558771250111,0.050009,331239.4967779456,4690932.40016559,-2.1274135594560355,331238.7249066665,4690931.15970772,8.424407074425249,0.19194209158212494,30,4,4,4,0,6,5,5,0,4,3,3,0
a8ba823407a357b2,2021.09.13.18.39.41_veh-39_00273_00761,traversing_intersection,72,1631558771300112,0.050001,331239.2788523119,4690932.055622814,-2.1280327237863945,331238.5062131335,4690930.815643096,8.429036178731206,0.16142546462432802,30,4,4,4,0,6,5,5,0,4,3,3,0
a8ba823407a357b2,2021.09.13.18.39.41_veh-39_00273_00761,traversing_intersection,73,1631558771350104,0.049992,331239.05908821814,4690931.712177313,-2.128233448717812,331238.2862001605,4690930.472352709,8.420023820623296,0.14917044245593802,30,4,4,4,0,6,5,5,0,4,3,3,0
a8ba823407a357b2,2021.09.13.18.39.41_veh-39_00273_00761,traversing_intersection,74,1631558771400093,0.049989,331238.8493559784,4690931.379431189,-2.1284106256343684,331238.07624826464,4690930.139743541,8.41901566472422,0.15987427148373284,30,4,4,4,0,6,5,5,0,4,3,3,0
a8ba823407a357b2,2021.09.13.18.39.41_veh-39_00273_00761,traversing_intersection,75,1631558771450077,0.049984,331238.63546618307,4690931.035778501,-2.1279910625302296,331237.8628786645,4690929.795766596,8.409625008956905,0.19389216733695777,30,4,4,4,0,6,5,5,0,4,3,3,0
a8ba823407a357b2,2021.09.13.18.39.41_veh-39_00273_00761,traversing_intersection,76,1631558771500059,0.049982,331238.42711305857,4690930.698626124,-2.1273670235234587,331237.65529950615,4690929.458132335,8.407706759448219,0.23827229550248546,30,4,4,4,0,6,5,5,0,4,3,3,0
a8ba823407a357b2,2021.09.13.18.39.41_veh-39_00273_00761,traversing_intersection,77,1631558771550044,0.049985,331238.2165230291,4690930.350193506,-2.1268066315255036,331237.44540476066,4690929.109267394,8.405809647211946,0.2572601991246333,30,4,4,4,0,6,5,5,0,4,3,3,0
a8ba823407a357b2,2021.09.13.18.39.41_veh-39_00273_00761,traversing_intersection,78,1631558771600029,0.049985,331238.0076499134,4690930.007894161,-2.126315305875863,331237.2371414368,4690928.766589329,8.402485903529104,0.18960835945642415,30,4,4,4,0,6,5,5,0,4,3,3,0
a8ba823407a357b2,2021.09.13.18.39.41_veh-39_00273_00761,traversing_intersection,79,1631558771650010,0.049981,331237.7942424798,4690929.665178265,-2.1251235562234116,331237.02521387464,4690928.422956062,8.392467346428303,0.15259594728384016,30,4,4,4,0,6,5,5,0,4,3,3,0
a8ba823407a357b2,2021.09.13.18.39.41_veh-39_00273_00761,traversing_intersection,80,1631558771699993,0.049983,331237.5876683936,4690929.331440691,-2.124988221157011,331236.8188079117,4690928.089114422,8.390624620558066,0.1833545108916815,30,4,4,4,0,6,5,5,0,4,3,3,0
a8ba823407a357b2,2021.09.13.18.39.41_veh-39_00273_00761,traversing_intersection,81,1631558771749976,0.049983,331237.3745707385,4690928.988849547,-2.124670655889093,331236.6061048151,4690927.746279176,8.386796148508404,0.22071426428854476,30,4,4,4,0,6,5,5,0,4,3,3,0
a8ba823407a357b2,2021.09.13.18.39.41_veh-39_00273_00761,traversing_intersection,82,1631558771799963,0.049987,331237.16079846583,4690928.6434516935,-2.123672592761913,331236.3935730886,4690927.400114965,8.401829295491646,0.2749481547446924,30,4,4,4,0,6,5,5,0,4,3,3,0
a8ba823407a357b2,2021.09.13.18.39.41_veh-39_00273_00761,traversing_intersection,83,1631558771849948,0.049985,331236.9523186274,4690928.302453462,-2.1223921645914956,331236.186685882,4690927.058135376,8.397080444523619,0.3132249735236623,30,4,4,4,0,6,5,5,0,4,3,3,0
a8ba823407a357b2,2021.09.13.18.39.41_veh-39_00273_00761,traversing_intersection,84,1631558771899933,0.049985,331236.7436325593,4690927.952392383,-2.1220505934427742,331235.97842488176,4690926.707812851,8.400835915422292,0.3239109255062827,30,4,4,4,0,6,5,5,0,4,3,3,0
a8ba823407a357b2,2021.09.13.18.39.41_veh-39_00273_00761,traversing_intersection,85,1631558771949910,0.049977,331236.5385890928,4690927.607364969,-2.1213612427305852,331235.7742395488,4690926.362258237,8.411748298554112,0.2613178624433352,30,4,4,4,0,6,5,5,0,4,3,3,0
a8ba823407a357b2,2021.09.13.18.39.41_veh-39_00273_00761,traversing_intersection,86,1631558771999885,0.049975,331236.3292141663,4690927.260419634,-2.121043337056615,331235.56526048743,4690926.015069974,8.426817186134794,0.15695506299591447,30,4,4,4,0,6,5,5,0,4,3,3,0
a8ba823407a357b2,2021.09.13.18.39.41_veh-39_00273_00761,traversing_intersection,87,1631558772049853,0.049968,331236.12027148757,4690926.922376934,-2.120918407576914,331235.3564733955,4690925.676931843,8.415355316396074,0.10054749711447705,30,4,4,4,0,6,5,5,0,4,3,3,0
a8ba823407a357b2,2021.09.13.18.39.41_veh-39_00273_00761,traversing_intersection,88,1631558772099828,0.049975,331235.903390078,4690926.572469156,-2.119639844978973,331235.1411849893,4690925.326048519,8.428030561132037,0.1177742627039622,30,4,4,4,0,6,5,5,0,4,3,3,0
a8ba823407a357b2,2021.09.13.18.39.41_veh-39_00273_00761,traversing_intersection,89,1631558772149810,0.049982,331235.69222829305,4690926.227280508,-2.118829296397677,331234.9310337391,4690924.980242477,8.432200087042432,0.17780437955002074,31,4,4,4,0,6,5,5,0,5,4,4,0
a8ba823407a357b2,2021.09.13.18.39.41_veh-39_00273_00761,traversing_intersection,90,1631558772199798,0.049988,331235.48426307057,4690925.882917364,-2.1180117285045266,331234.72408830916,4690924.635257422,8.441698401641702,0.2484306309574678,31,4,4,4,0,6,5,5,0,5,4,4,0
a8ba823407a357b2,2021.09.13.18.39.41_veh-39_00273_00761,traversing_intersection,91,1631558772249787,0.049989,331235.27318254317,4690925.529647998,-2.1170711970310125,331234.51418158127,4690924.281273639,8.450802664693065,0.2535675774411832,31,4,4,4,0,6,5,5,0,5,4,4,0
a8ba823407a357b2,2021.09.13.18.39.41_veh-39_00273_00761,traversing_intersection,92,1631558772299769,0.049982,331235.06247405946,4690925.18258398,-2.116259461633306,331234.30448669713,4690923.933593925,8.430567355261063,0.2119250211958349,31,4,4,4,0,6,5,5,0,5,4,4,0
a8ba823407a357b2,2021.09.13.18.39.41_veh-39_00273_00761,traversing_intersection,93,1631558772349746,0.049977,331234.8554425072,4690924.84327983,-2.116293554435147,331234.09741256374,4690923.594315617,8.437442127866134,0.18998011815245075,30,4,4,4,0,6,5,5,0,4,4,4,0
a8ba823407a357b2,2021.09.13.18.39.41_veh-39_00273_00761,traversing_intersection,94,1631558772399722,0.049976,331234.6417809376,4690924.500100164,-2.1174748705236075,331233.8822761019,4690923.252032295,8.441849143773098,0.18024645099888872,30,4,4,4,0,6,5,5,0,4,4,4,0
a8ba823407a357b2,2021.09.13.18.39.41_veh-39_00273_00761,traversing_intersection,95,1631558772449703,0.049981,331234.42879592424,4690924.152224743,-2.1172667149384314,331233.6695508973,4690922.903998806,8.430345158572274,0.15435042925755998,30,4,4,4,0,6,5,5,0,4,4,4,0
a8ba823407a357b2,2021.09.13.18.39.41_veh-39_00273_00761,traversing_intersection,96,1631558772499685,0.049982,331234.2137861219,4690923.809495397,-2.1170319863840623,331233.45483411016,4690922.561091278,8.438440879043078,0.1380443406388243,30,4,4,4,0,6,5,5,0,4,4,4,0
a8ba823407a357b2,2021.09.13.18.39.41_veh-39_00273_00761,traversing_intersection,97,1631558772549671,0.049986,331233.99880000483,4690923.461517904,-2.116679338403412,331233.24028828746,4690922.21284622,8.442111248078985,0.13526028195872855,30,4,4,4,0,6,5,5,0,4,4,4,0
a8ba823407a357b2,2021.09.13.18.39.41_veh-39_00273_00761,traversing_intersection,98,1631558772599656,0.049985,331233.7829903596,4690923.1122454675,-2.1162411545180926,331233.0250258628,4690921.863241536,8.448695746935675,0.13725135083863665,30,4,4,4,0,6,5,5,0,4,4,4,0
a8ba823407a357b2,2021.09.13.18.39.41_veh-39_00273_00761,traversing_intersection,99,1631558772649641,0.049985,331233.5680666985,4690922.766962583,-2.115570410968543,331232.8109401335,4690921.517450533,8.441837176144967,0.12694857578256,30,4,4,4,0,6,5,5,0,4,4,4,0
a8ba823407a357b2,2021.09.13.18.39.41_veh-39_00273_00761,traversing_intersection,100,1631558772699622,0.049981,331233.3509567884,4690922.424707872,-2.114894724940997,331232.594674674,4690921.174684526,8.430375557579024,0.12383993121947146,30,4,4,4,0,6,5,5,0,4,4,4,0
fe7e24ace398541f,2021.09.03.18.32.35_veh-39_00559_01142,traversing_crosswalk,0,1630694760950056,,331602.8585489477,4690818.63515662,2.5761604337648416,331601.6249432185,4690819.417932389,8.155858908730472,0.20506609194311373,67,9,3,3,0,34,10,10,0,8,6,6,0
fe7e24ace398541f,2021.09.03.18.32.35_veh-39_00559_01142,traversing_crosswalk,1,1630694761000082,0.050026,331602.5208041044,4690818.848869127,2.575542797049668,331601.28768208146,4690819.632406667,8.167959366733324,0.20624560407205786,67,9,3,3,0,34,10,10,0,8,6,6,0
fe7e24ace398541f,2021.09.03.18.32.35_veh-39_00559_01142,traversing_crosswalk,2,1630694761050105,0.050023,331602.18674696924,4690819.059751774,2.574930440424756,331600.95410498185,4690819.844044277,8.18010503635335,0.21094498722976934,67,9,3,3,0,34,10,10,0,8,6,6,0
fe7e24ace398541f,2021.09.03.18.32.35_veh-39_00559_01142,traversing_crosswalk,3,1630694761100124,0.050019,331601.857239889,4690819.268623173,2.5743800155515597,331600.6250297824,4690820.053594035,8.191452099581767,0.2174935803813866,67,9,3,3,0,34,10,10,0,8,6,6,0
fe7e24ace398541f,2021.09.03.18.32.35_veh-39_00559_01142,traversing_crosswalk,4,1630694761150141,0.050017,331601.52290444914,4690819.480685206,2.574011774313854,331600.29098348477,4690820.266109765,8.205244886167533,0.2225734145190522,67,9,3,3,0,34,10,10,0,8,6,6,0
fe7e24ace398541f,2021.09.03.18.32.35_veh-39_00559_01142,traversing_crosswalk,5,1630694761200153,0.050012,331601.1919508905,4690819.690348692,2.573635983610082,331599.9603251684,4690820.47623614,8.214170210440892,0.21563561215667054,67,9,3,3,0,34,10,10,0,8,6,6,0
fe7e24ace398541f,2021.09.03.18.32.35_veh-39_00559_01142,traversing_crosswalk,6,1630694761250161,0.050008,331600.86007474404,4690819.900876246,2.5733072354733717,331599.6287074475,4690820.687168546,8.223987238989974,0.20751259663525468,66,9,3,3,0,33,10,10,0,8,6,6,0
fe7e24ace398541f,2021.09.03.18.32.35_veh-39_00559_01142,traversing_crosswalk,7,1630694761300170,0.050009,331600.5256821894,4690820.113275196,2.5730033799280894,331599.29455386894,4690820.899941618,8.234946311258042,0.2068898709530053,66,9,3,3,0,33,10,10,0,8,6,6,0
fe7e24ace398541f,2021.09.03.18.32.35_veh-39_00559_01142,traversing_crosswalk,8,1630694761350176,0.050006,331600.19041921664,4690820.326440746,2.572717464160999,331598.9595158668,4690821.1134591345,8.244940948908166,0.2108896777302493,67,9,3,3,0,34,10,10,0,8,6,6,0
fe7e24ace398541f,2021.09.03.18.32.35_veh-39_00559_01142,traversing_crosswalk,9,1630694761400178,0.050002,331599.85178653087,4690820.541433424,2.572579168479062,331598.6209920341,4690821.328622033,8.251933094731031,0.2105961675631947,66,9,3,3,0,33,11,11,0,8,6,6,0
fe7e24ace398541f,2021.09.03.18.32.35_veh-39_00559_01142,traversing_crosswalk,10,1630694761450178,0.05,331599.51785644074,4690820.754064393,2.57256973611082,331598.28706936905,4690821.541264612,8.258043759990743,0.20741354640604615,66,9,3,3,0,33,11,11,0,8,6,6,0
fe7e24ace398541f,2021.09.03.18.32.35_veh-39_00559_01142,traversing_crosswalk,11,1630694761500174,0.049996,331599.1785308039,4690820.969391155,2.5726933392499007,331597.9476464412,4690821.756439239,8.265055517518586,0.212106766558916,67,9,3,3,0,34,11,11,0,8,6,6,0
fe7e24ace398541f,2021.09.03.18.32.35_veh-39_00559_01142,traversing_crosswalk,12,1630694761550166,0.049992,331598.84581190784,4690821.180595044,2.5728435138978414,331597.6148093644,4690821.967458271,8.270764227879512,0.21598116261476724,67,9,3,3,0,34,11,11,0,7,6,6,0
fe7e24ace398541f,2021.09.03.18.32.35_veh-39_00559_01142,traversing_crosswalk,13,1630694761600155,0.049989,331598.50651049917,4690821.395847377,2.5731774542756543,331597.27524525893,4690822.182299479,8.280379698203808,0.21025600696272506,66,8,3,3,0,34,11,11,0,7,6,6,0
fe7e24ace398541f,2021.09.03.18.32.35_veh-39_00559_01142,traversing_crosswalk,14,1630694761650144,0.049989,331598.1669638992,4690821.610964149,2.5734578777085924,331596.9354781678,4690822.397070944,8.285639842344288,0.20459894185506464,66,8,3,3,0,34,11,11,0,7,7,7,0
fe7e24ace398541f,2021.09.03.18.32.35_veh-39_00559_01142,traversing_crosswalk,15,1630694761700131,0.049987,331597.8300025821,4690821.824047182,2.5737261103064935,331596.5983060355,4690822.609823624,8.290463176486575,0.20845217929382195,66,8,3,3,0,34,11,11,0,7,7,7,0
fe7e24ace398541f,2021.09.03.18.32.35_veh-39_00559_01142,traversing_crosswalk,16,1630694761750117,0.049986,331597.4943004405,4690822.036352786,2.5740893941867804,331596.2623185153,4690822.821681721,8.29404769363186,0.21244685981168188,66,8,3,3,0,34,11,11,0,7,7,7,0
fe7e24ace398541f,2021.09.03.18.32.35_veh-39_00559_01142,traversing_crosswalk,17,1630694761800099,0.049982,331597.1551802472,4690822.251001296,2.574562645154342,331595.9228268023,4690823.035747106,8.297394822304025,0.21747743791032814,65,8,3,3,0,34,11,11,0,7,7,7,0
fe7e24ace398541f,2021.09.03.18.32.35_veh-39_00559_01142,traversing_crosswalk,18,1630694761850076,0.049977,331596.82002021384,4690822.4625669895,2.575281017470631,331595.5871033473,4690823.246427309,8.305683968468946,0.21722734033473956,65,8,3,3,0,34,11,11,0,7,7,7,0
fe7e24ace398541f,2021.09.03.18.32.35_veh-39_00559_01142,traversing_crosswalk,19,1630694761900049,0.049973,331596.485071928,4690822.674354545,2.576351413418328,331595.251316727,4690823.456894706,8.311341297741318,0.21738034334866396,65,8,3,3,0,34,12,12,0,7,7,7,0
fe7e24ace398541f,2021.09.03.18.32.35_veh-39_00559_01142,traversing_crosswalk,20,1630694761950020,0.049971,331596.1449387145,4690822.888665961,2.5777666386961657,331594.9100772788,4690823.669459297,8.321748947273836,0.21746776994645484,65,8,3,3,0,34,13,13,0,7,7,7,0
fe7e24ace398541f,2021.09.03.18.32.35_veh-39_00559_01142,traversing_crosswalk,21,1630694761999988,0.049968,331595.8079682094,4690823.099551123,2.579632710303714,331594.5716519083,4690823.878038761,8.331735863899976,0.2085254397616147,66,8,3,3,0,34,15,15,0,8,7,7,0
fe7e24ace398541f,2021.09.03.18.32.35_veh-39_00559_01142,traversing_crosswalk,22,1630694762049955,0.049967,331595.4638449038,4690823.314821991,2.582116585963383,331594.225598752,4690824.090236375,8.339989677424345,0.19435762756305575,68,8,3,3,0,35,15,15,0,9,7,7,0
fe7e24ace398541f,2021.09.03.18.32.35_veh-39_00559_01142,traversing_crosswalk,23,1630694762099922,0.049967,331595.1287715119,4690823.523469049,2.5849606953674016,331593.88832500775,4690824.295358594,8.350322881009772,0.19314693373578176,67,7,3,3,0,35,15,15,0,9,7,7,0
fe7e24ace398541f,2021.09.03.18.32.35_veh-39_00559_01142,traversing_crosswalk,24,1630694762149895,0.049973,331594.7833557203,4690823.737255172,2.5878563225997113,331593.5406793152,4690824.505549615,8.356824047934738,0.20161604282611878,67,7,3,3,0,34,15,15,0,9,7,7,0
fe7e24ace398541f,2021.09.03.18.32.35_veh-39_00559_01142,traversing_crosswalk,25,1630694762199871,0.049976,331594.4380431827,4690823.949165925,2.5911001719897104,331593.19288108865,4690824.713425279,8.364127157142464,0.21114525263281705,68,7,3,3,0,35,15,15,0,9,7,7,0
fe7e24ace398541f,2021.09.03.18.32.35_veh-39_00559_01142,traversing_crosswalk,26,1630694762249848,0.049977,331594.0969835107,4690824.155996963,2.5944193385299736,331592.84929157613,4690824.916119214,8.364515677668413,0.22197890722749303,69,7,3,3,0,35,15,15,0,10,7,7,0
fe7e24ace398541f,2021.09.03.18.32.35_veh-39_00559_01142,traversing_crosswalk,27,1630694762299825,0.049977,331593.7554344978,4690824.361188279,2.59762268509382,331592.5053140339,4690825.117309848,8.369277122069793,0.22886029358898025,68,7,3,3,0,35,15,15,0,10,7,7,0
fe7e24ace398541f,2021.09.03.18.32.35_veh-39_00559_01142,traversing_crosswalk,28,1630694762349803,0.049978,331593.4117042357,4690824.565973359,2.600989479702039,331592.15904515586,4690825.317881751,8.373739745134477,0.22213379820594095,71,8,3,3,0,37,15,15,0,10,7,7,0
fe7e24ace398541f,2021.09.03.18.32.35_veh-39_00559_01142,traversing_crosswalk,29,1630694762399784,0.049981,331593.0648771813,4690824.771245422,2.6042898527709117,331591.80974335,4690825.519015484,8.378043501826744,0.2127397741340021,72,8,3,3,0,37,14,14,0,11,7,7,0
fe7e24ace398541f,2021.09.03.18.32.35_veh-39_00559_01142,traversing_crosswalk,30,1630694762449766,0.049982,331592.71900211764,4690824.974856298,2.607586814361134,331591.46140974323,4690825.718484175,8.38705877304436,0.20951746051158213,73,8,3,3,0,38,14,14,0,11,7,7,0
fe7e24ace398541f,2021.09.03.18.32.35_veh-39_00559_01142,traversing_crosswalk,31,1630694762499749,0.049983,331592.37331820745,4690825.177080692,2.610835600680326,331591.11331658595,4690825.916619003,8.390630667043668,0.21775772003725555,73,8,3,3,0,39,14,14,0,10,6,6,0
fe7e24ace398541f,2021.09.03.18.32.35_veh-39_00559_01142,traversing_crosswalk,32,1630694762549735,0.049986,331592.02222048625,4690825.380120961,2.6140731273685054,331590.75983119727,4690826.1155761145,8.394391706848198,0.2215148668423652,73,8,3,3,0,39,14,14,0,10,6,6,0
fe7e24ace398541f,2021.09.03.18.32.35_veh-39_00559_01142,traversing_crosswalk,33,1630694762599722,0.049987,331591.66933327995,4690825.581918893,2.6175075199506574,331590.4044255992,4690826.313034178,8.401880890716507,0.2176153555182596,73,8,3,3,0,39,14,14,0,10,6,6,0
fe7e24ace398541f,2021.09.03.18.32.35_veh-39_00559_01142,traversing_crosswalk,34,1630694762649710,0.049988,331591.3220343667,4690825.778821047,2.6206637783206825,331590.0548254016,4690826.505940321,8.401891875376094,0.20622890670740515,73,8,3,3,0,38,14,14,0,11,6,6,0
fe7e24ace398541f,2021.09.03.18.32.35_veh-39_00559_01142,traversing_crosswalk,35,1630694762699695,0.049985,331590.9711947399,4690825.977222459,2.6238234578259885,331589.70169464033,4690826.700334136,8.40450748245229,0.19917659849721422,72,8,3,3,0,37,14,14,0,11,6,6,0
fe7e24ace398541f,2021.09.03.18.32.35_veh-39_00559_01142,traversing_crosswalk,36,1630694762749680,0.049985,331590.6157662806,4690826.177304187,2.6269530197875013,331589.34400937875,4690826.89643935,8.404675140424253,0.20032783075274407,71,8,3,3,0,36,14,14,0,11,6,6,0
fe7e24ace398541f,2021.09.03.18.32.35_veh-39_00559_01142,traversing_crosswalk,37,1630694762799666,0.049986,331590.2670077032,4690826.372244166,2.630130735953081,331588.9929720188,4690827.087334422,8.408019161306612,0.2048703480551922,71,8,3,3,0,36,16,16,0,11,6,6,0
fe7e24ace398541f,2021.09.03.18.32.35_veh-39_00559_01142,traversing_crosswalk,38,1630694762849652,0.049986,331589.91536418826,4690826.567583746,2.6333307658020857,331588.63904672075,4690827.278593396,8.410123586770283,0.21084258327700486,71,8,3,3,0,35,16,16,0,12,6,6,0
fe7e24ace398541f,2021.09.03.18.32.35_veh-39_00559_01142,traversing_crosswalk,39,1630694762899638,0.049986,331589.5597932985,4690826.764073239,2.6365470765690278,331588.28119560843,4690827.470974185,8.412601099432331,0.215022332555524,68,8,3,3,0,32,16,16,0,12,6,6,0
fe7e24ace398541f,2021.09.03.18.32.35_veh-39_00559_01142,traversing_crosswalk,40,1630694762949625,0.049987,331589.2094877535,4690826.95625356,2.6397068330482587,331587.92866281513,4690827.659110926,8.415625841998851,0.21367592108488725,68,8,3,3,0,32,16,16,0,12,6,6,0
fe7e24ace398541f,2021.09.03.18.32.35_veh-39_00559_01142,traversing_crosswalk,41,1630694762999613,0.049988,331588.8580726648,4690827.1472170465,2.642681307915204,331587.575162764,4690827.846261527,8.410910755448631,0.2115483189209754,67,8,3,3,0,31,16,16,0,12,6,6,0
fe7e24ace398541f,2021.09.03.18.32.35_veh-39_00559_01142,traversing_crosswalk,42,1630694763049600,0.049987,331588.49758106086,4690827.341445052,2.645808553177401,331587.2124913533,4690828.036474148,8.403780304310269,0.20816511179862926,67,8,3,3,0,31,16,16,0,12,6,6,0
fe7e24ace398541f,2021.09.03.18.32.35_veh-39_00559_01142,traversing_crosswalk,43,1630694763099586,0.049986,331588.14519312966,4690827.529527281,2.6487310858753124,331586.8580776678,4690828.220797697,8.392071564645999,0.20862788157548368,68,8,3,3,0,32,16,16,0,12,6,6,0
fe7e24ace398541f,2021.09.03.18.32.35_veh-39_00559_01142,traversing_crosswalk,44,1630694763149572,0.049986,331587.7926367938,4690827.71599032,2.651554647147299,331586.50357462093,4690828.4036237355,8.382141710392318,0.21322666478275173,69,8,3,3,0,33,16,16,0,12,6,6,0
fe7e24ace398541f,2021.09.03.18.32.35_veh-39_00559_01142,traversing_crosswalk,45,1630694763199559,0.049987,331587.4326791236,4690827.904947458,2.6543974993361155,331586.1416673222,4690828.588913486,8.36808240734904,0.20528329633591028,69,8,3,3,0,33,16,16,0,12,6,6,0
fe7e24ace398541f,2021.09.03.18.32.35_veh-39_00559_01142,traversing_crosswalk,46,1630694763249546,0.049987,331587.08052190114,4690828.089347267,2.6568823780839437,331585.7878145146,4690828.770103179,8.350753025495944,0.1909077068824514,70,8,3,3,0,34,16,16,0,12,6,6,0
fe7e24ace398541f,2021.09.03.18.32.35_veh-39_00559_01142,traversing_crosswalk,47,1630694763299532,0.049986,331586.7239831766,4690828.275914894,2.6594013374111216,331585.42956509657,4690828.953412374,8.335580974573295,0.18595133578870185,71,8,3,3,0,34,16,16,0,13,6,6,0
fe7e24ace398541f,2021.09.03.18.32.35_veh-39_00559_01142,traversing_crosswalk,48,1630694763349520,0.049988,331586.37411563884,4690828.459170985,2.6617001584559357,331585.078143535,4690829.133691041,8.320214667232618,0.19619010563696937,71,8,3,3,0,34,16,16,0,13,6,6,0
fe7e24ace398541f,2021.09.03.18.32.35_veh-39_00559_01142,traversing_crosswalk,49,1630694763399510,0.04999,331586.01582974195,4690828.645740066,2.663704834512949,331584.71850804886,4690829.317660764,8.304878445501094,0.21933652763119776,73,8,3,3,0,35,16,16,0,14,6,6,0
fe7e24ace398541f,2021.09.03.18.32.35_veh-39_00559_01142,traversing_crosswalk,50,1630694763449502,0.049992,331585.6647634723,4690828.826343515,2.665635361941774,331584.3661470362,4690829.495758448,8.290865773969754,0.23433364888182404,73,7,3,3,0,35,17,17,0,15,6,6,0
fe7e24ace398541f,2021.09.03.18.32.35_veh-39_00559_01142,traversing_crosswalk,51,1630694763499494,0.049992,331585.3073833696,4690829.009264899,2.667386892715462,331584.00759642525,4690829.67640424,8.274830183107005,0.23115732282398682,74,7,3,3,0,36,17,17,0,15,6,6,0
fe7e24ace398541f,2021.09.03.18.32.35_veh-39_00559_01142,traversing_crosswalk,52,1630694763549484,0.04999,331584.95912793576,4690829.187165617,2.6689298933623298,331583.65831314266,4690829.852298591,8.255682381369708,0.21923911542975344,75,7,3,3,0,36,18,18,0,16,6,6,0
fe7e24ace398541f,2021.09.03.18.32.35_veh-39_00559_01142,traversing_crosswalk,53,1630694763599476,0.049992,331584.60004082596,4690829.36887987,2.6701458236100737,331583.2984182394,4690830.0324306525,8.238979468728507,0.21157650558393806,74,7,3,3,0,35,20,20,0,16,6,6,0
fe7e24ace398541f,2021.09.03.18.32.35_veh-39_00559_01142,traversing_crosswalk,54,1630694763649470,0.049994,331584.2495569501,4690829.54601931,2.671172644422061,331582.9472537021,4690830.208233211,8.227120047006885,0.20393551106785607,74,7,3,3,0,35,20,20,0,16,6,6,0
fe7e24ace398541f,2021.09.03.18.32.35_veh-39_00559_01142,traversing_crosswalk,55,1630694763699467,0.049997,331583.89837328263,4690829.724285996,2.6722000487317032,331582.5953903606,4690830.385161555,8.214624443649225,0.20794135729056906,74,7,3,3,0,35,20,20,0,16,6,6,0
fe7e24ace398541f,2021.09.03.18.32.35_veh-39_00559_01142,traversing_crosswalk,56,1630694763749469,0.050002,331583.5426493364,4690829.9043233525,2.672993906337865,331582.239142184,4690830.564164321,8.202832874797972,0.2325583599203305,75,7,3,3,0,35,20,20,0,17,6,6,0
fe7e24ace398541f,2021.09.03.18.32.35_veh-39_00559_01142,traversing_crosswalk,57,1630694763799477,0.050008,331583.1922513978,4690830.080226695,2.6735230893776585,331581.88839525124,4690830.739377777,8.19408693031021,0.25283084060064337,75,7,3,3,0,35,20,20,0,17,6,6,0
fe7e24ace398541f,2021.09.03.18.32.35_veh-39_00559_01142,traversing_crosswalk,58,1630694763849488,0.050011,331582.8396964178,4690830.257328736,2.6738274126751036,331581.53563973657,4690830.916082993,8.17926825220204,0.25480106205575903,76,7,3,3,0,36,20,20,0,17,4,4,0
fe7e24ace398541f,2021.09.03.18.32.35_veh-39_00559_01142,traversing_crosswalk,59,1630694763899502,0.050014,331582.491801538,4690830.432341311,2.673952327093259,331581.18766257906,4690831.090932668,8.163626081958434,0.24501630266889857,76,7,2,2,0,36,20,20,0,17,4,4,0
fe7e24ace398541f,2021.09.03.18.32.35_veh-39_00559_01142,traversing_crosswalk,60,1630694763949519,0.050017,331582.13975064794,4690830.6089890255,2.6737519240398777,331580.8357436989,4690831.267841723,8.14659831981205,0.23827867156346338,78,7,2,2,0,37,20,20,0,18,2,2,0
fe7e24ace398541f,2021.09.03.18.32.35_veh-39_00559_01142,traversing_crosswalk,61,1630694763999538,0.050019,331581.7933404879,4690830.783182056,2.6734555487513707,331580.48952886375,4690831.4424212,8.12948662912162,0.23457094632929315,79,8,2,2,0,37,20,20,0,18,2,2,0
fe7e24ace398541f,2021.09.03.18.32.35_veh-39_00559_01142,traversing_crosswalk,62,1630694764049561,0.050023,331581.44321034447,4690830.959777433,2.6731588079465607,331580.1395944009,4690831.619403442,8.115209514017542,0.22801053517626976,80,8,2,2,0,38,20,20,0,18,2,2,0
fe7e24ace398541f,2021.09.03.18.32.35_veh-39_00559_01142,traversing_crosswalk,63,1630694764099589,0.050028,331581.0926053905,4690831.1354454495,2.672882336211945,331579.78917186474,4690831.795431846,8.101188926541955,0.22637942285023754,80,8,2,2,0,38,21,20,1,18,2,2,0
fe7e24ace398541f,2021.09.03.18.32.35_veh-39_00559_01142,traversing_crosswalk,64,1630694764149618,0.050029,331580.74564680806,4690831.309958195,2.672519749580158,331579.4424526702,4690831.970417156,8.086434411549394,0.22806673232841818,82,8,2,2,0,40,22,20,2,18,2,2,0
fe7e24ace398541f,2021.09.03.18.32.35_veh-39_00559_01142,traversing_crosswalk,65,1630694764199647,0.050029,331580.39725816314,4690831.485955676,2.6721414749770345,331579.09431395336,4690832.146907555,8.068421296856284,0.22560520902443595,83,8,2,2,0,40,22,20,2,19,2,2,0
fe7e24ace398541f,2021.09.03.18.32.35_veh-39_00559_01142,traversing_crosswalk,66,1630694764249677,0.05003,331580.0567213599,4690831.659112121,2.671789241277007,331578.75401004043,4690832.3205229,8.047065463488996,0.21847522756090976,84,8,2,2,0,40,22,20,2,20,2,2,0
fe7e24ace398541f,2021.09.03.18.32.35_veh-39_00559_01142,traversing_crosswalk,67,1630694764299709,0.050032,331579.710182721,4690831.834210533,2.6713742606160946,331578.4077459864,4690832.496161855,8.03421492590549,0.21367326545480894,84,8,2,2,0,40,22,20,2,20,2,2,0
fe7e24ace398541f,2021.09.03.18.32.35_veh-39_00559_01142,traversing_crosswalk,68,1630694764349740,0.050031,331579.3618387064,4690832.011311928,2.6711822342904368,331578.05952910794,4690832.67351334,8.022874446803957,0.20503252209337344,86,8,2,2,0,41,22,20,2,21,2,2,0
fe7e24ace398541f,2021.09.03.18.32.35_veh-39_00559_01142,traversing_crosswalk,69,1630694764399769,0.050029,331579.0197439292,4690832.185964766,2.670893960066214,331577.71762528043,4690832.848541573,8.012903251919878,0.2014115234589949,87,8,2,2,0,41,21,20,1,22,2,2,0
fe7e24ace398541f,2021.09.03.18.32.35_veh-39_00559_01142,traversing_crosswalk,70,1630694764449797,0.050028,331578.67528713617,4690832.360997818,2.6706193422707036,331577.37335049186,4690833.023932185,8.003906040324535,0.2031934067618916,87,8,2,2,0,41,21,20,1,22,2,2,0
fe7e24ace398541f,2021.09.03.18.32.35_veh-39_00559_01142,traversing_crosswalk,71,1630694764499825,0.050028,331578.3362218471,4690832.533583675,2.6701982460918137,331577.03456447733,4690833.197066222,7.991405584734481,0.20309620028973396,87,8,2,2,0,41,21,20,1,22,1,1,0
fe7e24ace398541f,2021.09.03.18.32.35_veh-39_00559_01142,traversing_crosswalk,72,1630694764549855,0.05003,331577.9974127885,4690832.705993858,2.6697126719375746,331576.69607774215,4690833.370108379,7.97922336616536,0.2025787156313002,87,8,2,2,0,41,21,20,1,22,1,1,0
fe7e24ace398541f,2021.09.03.18.32.35_veh-39_00559_01142,traversing_crosswalk,73,1630694764599888,0.050033,331577.6518937035,4690832.881995525,2.669035806913198,331576.3510084711,4690833.546990722,7.965290204499633,0.20312356497676737,88,8,2,2,0,41,24,20,4,23,2,2,0
fe7e24ace398541f,2021.09.03.18.32.35_veh-39_00559_01142,traversing_crosswalk,74,1630694764649920,0.050032,331577.3144231751,4690833.054733669,2.6682472180349226,331576.014062755,4690833.720754523,7.952916842675375,0.20225150597844813,89,8,2,2,0,41,24,20,4,24,2,2,0
fe7e24ace398541f,2021.09.03.18.32.35_veh-39_00559_01142,traversing_crosswalk,75,1630694764699951,0.050031,331576.9705994225,4690833.23138475,2.6673848252737686,331575.6708138574,4690833.8985267775,7.936293904400355,0.19801507536699672,91,8,2,2,0,42,24,20,4,25,2,2,0
fe7e24ace398541f,2021.09.03.18.32.35_veh-39_00559_01142,traversing_crosswalk,76,1630694764749982,0.050031,331576.6312674897,4690833.405664571,2.666546382055176,331575.3320417421,4690834.073896159,7.920693832290523,0.1971547488355522,91,8,2,2,0,42,24,20,4,25,2,2,0
fe7e24ace398541f,2021.09.03.18.32.35_veh-39_00559_01142,traversing_crosswalk,77,1630694764800012,0.05003,331576.29531720147,4690833.578514862,2.6657601320189013,331574.99661725253,4690834.24776776,7.909557671204854,0.20039904233594746,91,8,2,2,0,42,24,20,4,25,2,2,0
fe7e24ace398541f,2021.09.03.18.32.35_veh-39_00559_01142,traversing_crosswalk,78,1630694764850045,0.050033,331575.949303396,4690833.756278702,2.664889657189713,331574.6511865068,4690834.426661833,7.897967691473218,0.2083140805701164,91,8,2,2,0,42,24,20,4,25,2,2,0
fe7e24ace398541f,2021.09.03.18.32.35_veh-39_00559_01142,traversing_crosswalk,79,1630694764900081,0.050036,331575.61483370257,4690833.928505166,2.6640648069856434,331574.3172702206,4690834.599958821,7.884681137996443,0.21211132596525958,92,9,2,2,0,42,24,20,4,25,2,2,0
fe7e24ace398541f,2021.09.03.18.32.35_veh-39_00559_01142,traversing_crosswalk,80,1630694764950121,0.05004,331575.27567867876,4690834.103468934,2.663233483882423,331573.97867384006,4690834.776001051,7.874395094636825,0.20758017315859112,93,9,2,2,0,42,24,20,4,26,2,2,0
fe7e24ace398541f,2021.09.03.18.32.35_veh-39_00559_01142,traversing_crosswalk,81,1630694765000162,0.050041,331574.9372126312,4690834.278496189,2.662260830734965,331573.6408625464,4690834.952289524,7.862752420759159,0.20233544913813367,94,9,2,2,0,42,24,20,4,27,3,3,0
fe7e24ace398541f,2021.09.03.18.32.35_veh-39_00559_01142,traversing_crosswalk,82,1630694765050202,0.05004,331574.60163432645,4690834.453084533,2.661159897315675,331573.3060268287,4690835.128304654,7.846006630248235,0.19915222078563227,94,9,2,2,0,42,22,20,2,27,4,4,0
fe7e24ace398541f,2021.09.03.18.32.35_veh-39_00559_01142,traversing_crosswalk,83,1630694765100237,0.050035,331574.2674699028,4690834.62675216,2.6600720011726136,331572.97259774094,4690835.303381367,7.835211007473242,0.19852750375671274,95,9,2,2,0,43,21,20,1,27,4,4,0
fe7e24ace398541f,2021.09.03.18.32.35_veh-39_00559_01142,traversing_crosswalk,84,1630694765150266,0.050029,331573.9285028035,4690834.802679779,2.65895248586843,331572.63438894966,4690835.480758191,7.819958568519087,0.1990506923650063,96,9,2,2,0,43,20,20,0,27,4,4,0
fe7e24ace398541f,2021.09.03.18.32.35_veh-39_00559_01142,traversing_crosswalk,85,1630694765200291,0.050025,331573.59780086676,4690834.975314606,2.657842176238427,331572.30444068747,4690835.654829468,7.806964971408719,0.2003959532569055,96,9,2,2,0,43,20,20,0,27,5,5,0
fe7e24ace398541f,2021.09.03.18.32.35_veh-39_00559_01142,traversing_crosswalk,86,1630694765250310,0.050019,331573.2630157899,4690835.15090967,2.6567395424649662,331571.9704056527,4690835.83185022,7.799880878491676,0.2014953231920492,96,9,2,2,0,43,20,20,0,27,5,5,0
fe7e24ace398541f,2021.09.03.18.32.35_veh-39_00559_01142,traversing_crosswalk,87,1630694765300322,0.050012,331572.9327474333,4690835.324041179,2.655633543708079,331571.640891206,4690836.006410939,7.794250700646323,0.20496484593769773,97,8,2,2,0,45,21,20,1,27,5,5,0
fe7e24ace398541f,2021.09.03.18.32.35_veh-39_00559_01142,traversing_crosswalk,88,1630694765350326,0.050004,331572.60131899285,4690835.497959732,2.6544699798886775,331571.3102576206,4690836.181832186,7.787710685635291,0.206640299540665,97,8,2,2,0,45,21,20,1,27,5,5,0
fe7e24ace398541f,2021.09.03.18.32.35_veh-39_00559_01142,traversing_crosswalk,89,1630694765400324,0.049998,331572.2682034517,4690835.673181701,2.653272852109427,331570.9779616871,4690836.358599231,7.7847320286030275,0.2090162453415928,98,9,2,2,0,45,21,20,1,27,5,5,0
fe7e24ace398541f,2021.09.03.18.32.35_veh-39_00559_01142,traversing_crosswalk,90,1630694765450320,0.049996,331571.9388157664,4690835.847755944,2.651902017637113,331570.6495148078,4690836.534941536,7.781272443071719,0.21187973973559374,98,8,2,2,0,46,21,20,1,27,5,5,0
fe7e24ace398541f,2021.09.03.18.32.35_veh-39_00559_01142,traversing_crosswalk,91,1630694765500314,0.049994,331571.6056332388,4690836.025234909,2.6504823666103063,331570.3173091428,4690836.714250165,7.770271199076536,0.2122469327886467,98,7,2,2,0,47,21,20,1,27,6,6,0
fe7e24ace398541f,2021.09.03.18.32.35_veh-39_00559_01142,traversing_crosswalk,92,1630694765550306,0.049992,331571.27256352955,4690836.203136019,2.6488970160743617,331569.9853333828,4690836.894192855,7.764794181671472,0.21327875375177785,99,8,2,2,0,47,22,20,2,27,6,6,0
fe7e24ace398541f,2021.09.03.18.32.35_veh-39_00559_01142,traversing_crosswalk,93,1630694765600296,0.04999,331570.94626051706,4690836.378461281,2.6470229398520333,331569.6603277232,4690837.071929269,7.760548589338886,0.21601920946987632,99,8,2,2,0,47,22,20,2,27,6,6,0
fe7e24ace398541f,2021.09.03.18.32.35_veh-39_00559_01142,traversing_crosswalk,94,1630694765650286,0.04999,331570.6158947898,4690836.55590376,2.644929249650155,331569.33141672047,4690837.25206257,7.754486649098599,0.21711695879691006,100,8,2,2,0,47,22,20,2,28,7,7,0
fe7e24ace398541f,2021.09.03.18.32.35_veh-39_00559_01142,traversing_crosswalk,95,1630694765700277,0.049991,331570.2860741639,4690836.734360217,2.6426727116600195,331569.00317027234,4690837.433415727,7.747449756854163,0.21499717906032584,100,8,2,2,0,47,22,20,2,28,7,7,0
fe7e24ace398541f,2021.09.03.18.32.35_veh-39_00559_01142,traversing_crosswalk,96,1630694765750267,0.04999,331569.9535494558,4690836.915777263,2.640366576461907,331568.6722610907,4690837.61778946,7.740698464997503,0.21268524442305772,100,8,2,2,0,47,20,20,0,28,7,7,0
fe7e24ace398541f,2021.09.03.18.32.35_veh-39_00559_01142,traversing_crosswalk,97,1630694765800256,0.049989,331569.63064778235,4690837.09276807,2.6379799882907937,331568.35103847866,4690837.797836173,7.732596840010834,0.2142544265540704,101,8,2,2,0,47,20,20,0,29,7,7,0
fe7e24ace398541f,2021.09.03.18.32.35_veh-39_00559_01142,traversing_crosswalk,98,1630694765850241,0.049985,331569.29762691434,4690837.276537865,2.6354078179284577,331568.0198353969,4690837.984895006,7.725763434030188,0.21388455680831284,101,8,2,2,0,47,21,20,1,29,7,7,0
fe7e24ace398541f,2021.09.03.18.32.35_veh-39_00559_01142,traversing_crosswalk,99,1630694765900223,0.049982,331568.97423829016,4690837.456376412,2.6331453220438434,331567.6980526969,4690838.167622735,7.718799387246634,0.20831050097818435,101,8,2,2,0,47,21,20,1,29,7,7,0
d9a22045f0bf52e1,2021.09.01.16.59.08_veh-39_01172_01721,traversing_intersection,0,1630517044799565,,332686.04947970546,4690047.651303646,0.0050645582587458765,332687.51046096836,4690047.658702934,10.686848897891265,0.26863525408820055,39,1,0,0,0,0,0,0,0,4,4,4,0
d9a22045f0bf52e1,2021.09.01.16.59.08_veh-39_01172_01721,traversing_intersection,1,1630517044849555,0.04999,332686.56373045634,4690047.65500821,0.004848939650421794,332688.0247132807,4690047.662092483,10.673353574104635,0.2671297100565836,39,2,0,0,0,0,0,0,0,4,4,4,0
d9a22045f0bf52e1,2021.09.01.16.59.08_veh-39_01172_01721,traversing_intersection,2,1630517044899542,0.049987,332687.0756028467,4690047.658702341,0.004567324173755244,332688.53658760816,4690047.665375179,10.655199825161327,0.2678415901775488,39,2,0,0,0,0,0,0,0,4,4,4,0
d9a22045f0bf52e1,2021.09.01.16.59.08_veh-39_01172_01721,traversing_intersection,3,1630517044949526,0.049984,332687.58815144247,4690047.663394475,0.0043361384384691185,332689.04913770757,4690047.669729554,10.641760113477828,0.2622941519348129,39,2,0,0,0,0,0,0,0,4,4,4,0
d9a22045f0bf52e1,2021.09.01.16.59.08_veh-39_01172_01721,traversing_intersection,4,1630517044999512,0.049986,332688.10161304125,4690047.667853475,0.004204807997344929,332689.56260012573,4690047.673996681,10.624938047528836,0.2639416667633568,39,2,0,0,0,0,0,0,0,4,4,4,0
d9a22045f0bf52e1,2021.09.01.16.59.08_veh-39_01172_01721,traversing_intersection,5,1630517045049497,0.049985,332688.61038178904,4690047.672528389,0.004088415032789754,332690.07136957865,4690047.678501546,10.609725196578593,0.26835751556413656,39,2,0,0,0,0,0,0,0,4,4,4,0
d9a22045f0bf52e1,2021.09.01.16.59.08_veh-39_01172_01721,traversing_intersection,6,1630517045099484,0.049987,332689.1208255274,4690047.6778451,0.003877317018024999,332690.5818145454,4690047.683509846,10.594112661326426,0.28120347377054944,39,2,0,0,0,0,0,0,0,4,4,4,0
d9a22045f0bf52e1,2021.09.01.16.59.08_veh-39_01172_01721,traversing_intersection,7,1630517045149471,0.049987,332689.6294321119,4690047.685317567,0.0036009900297668844,332691.09042263945,4690047.690578601,10.57860765447506,0.2948269078959199,39,2,0,0,0,0,0,0,0,4,4,4,0
d9a22045f0bf52e1,2021.09.01.16.59.08_veh-39_01172_01721,traversing_intersection,8,1630517045199460,0.049989,332690.14075152203,4690047.689715851,0.0031945994421649824,332691.6017440669,4690047.694383153,10.569656610644559,0.2973888019871974,39,2,0,0,0,0,0,0,0,4,4,4,0
d9a22045f0bf52e1,2021.09.01.16.59.08_veh-39_01172_01721,traversing_intersection,9,1630517045249456,0.049996,332690.6567747361,4690047.693216789,0.0026952401445663405,332692.1177694295,4690047.697154529,10.556340021470648,0.2899220726984892,40,2,0,0,0,0,0,0,0,4,4,4,0
d9a22045f0bf52e1,2021.09.01.16.59.08_veh-39_01172_01721,traversing_intersection,10,1630517045299455,0.049999,332691.1653246806,4690047.69547872,0.0022130803585532844,332692.62632110284,4690047.698712028,10.543230899051645,0.2852893246489755,40,2,0,0,0,0,0,0,0,4,4,4,0
d9a22045f0bf52e1,2021.09.01.16.59.08_veh-39_01172_01721,traversing_intersection,11,1630517045349453,0.049998,332691.66865034046,4690047.697979794,0.0016346447481805362,332693.12964838854,4690047.700368009,10.53104116921476,0.2806084474377677,39,1,0,0,0,0,0,0,0,4,4,4,0
d9a22045f0bf52e1,2021.09.01.16.59.08_veh-39_01172_01721,traversing_intersection,12,1630517045399449,0.049996,332692.1776839682,4690047.700148424,0.0012637434257454548,332693.63868280157,4690047.7019947525,10.515686361730129,0.2965670040259695,39,1,0,0,0,0,0,0,0,4,4,4,0
d9a22045f0bf52e1,2021.09.01.16.59.08_veh-39_01172_01721,traversing_intersection,13,1630517045449442,0.049993,332692.6886899444,4690047.702064406,0.0008663127488456269,332694.14968939614,4690047.703330089,10.508864594555934,0.2935234245356806,39,1,0,0,0,0,0,0,0,4,4,4,0
d9a22045f0bf52e1,2021.09.01.16.59.08_veh-39_01172_01721,traversing_intersection,14,1630517045499435,0.049993,332693.1977008646,4690047.7042017905,0.0004648572824014472,332694.6587007067,4690047.704880947,10.494042792638172,0.28416326651658386,38,1,0,0,0,0,0,0,0,3,2,2,0
d9a22045f0bf52e1,2021.09.01.16.59.08_veh-39_01172_01721,traversing_intersection,15,1630517045549431,0.049996,332693.70327589946,4690047.704616678,0.00029924242958466273,332695.16427583405,4690047.7050538715,10.486383897396664,0.27812033904643235,39,2,0,0,0,0,0,0,0,3,2,2,0
d9a22045f0bf52e1,2021.09.01.16.59.08_veh-39_01172_01721,traversing_intersection,16,1630517045599433,0.050002,332694.2121141861,4690047.704946757,-3.841228516237351e-05,332695.673114185,4690047.704890637,10.476871501177452,0.276687309411047,40,2,0,0,0,0,0,0,0,4,2,2,0
d9a22045f0bf52e1,2021.09.01.16.59.08_veh-39_01172_01721,traversing_intersection,17,1630517045649442,0.050009,332694.7168696836,4690047.703865842,-0.00043440254422576544,332696.17786954576,4690047.70323118,10.469698508251062,0.27805413747792285,40,2,0,0,0,0,0,0,0,4,2,2,0
d9a22045f0bf52e1,2021.09.01.16.59.08_veh-39_01172_01721,traversing_intersection,18,1630517045699458,0.050016,332695.2177075992,4690047.702164827,-0.0005676561835848919,332696.67870736384,4690047.701335481,10.456490958757632,0.2707875457687684,40,2,0,0,0,0,0,0,0,4,2,2,0
d9a22045f0bf52e1,2021.09.01.16.59.08_veh-39_01172_01721,traversing_intersection,19,1630517045749480,0.050022,332695.7171150253,4690047.701773878,-0.0007687501550745677,332697.1781145936,4690047.700650734,10.449497034214673,0.2604703109072942,40,2,0,0,0,0,0,0,0,4,2,2,0
d9a22045f0bf52e1,2021.09.01.16.59.08_veh-39_01172_01721,traversing_intersection,20,1630517045799507,0.050027,332696.21608880116,4690047.70109234,-0.0010604389494190442,332697.6770879797,4690047.699543039,10.434580965131662,0.252724142914918,40,1,0,0,0,0,0,0,0,5,3,3,0
d9a22045f0bf52e1,2021.09.01.16.59.08_veh-39_01172_01721,traversing_intersection,21,1630517045849537,0.05003,332696.7244109072,4690047.700078056,-0.0011605168032863865,332698.1854099234,4690047.698382542,10.427777093268993,0.25450092344506786,40,1,0,0,0,0,0,0,0,5,3,3,0
d9a22045f0bf52e1,2021.09.01.16.59.08_veh-39_01172_01721,traversing_intersection,22,1630517045899566,0.050029,332697.2309977856,4690047.699394339,-0.001349443707497398,332698.6919964553,4690047.697422802,10.424383612307464,0.2669072076412187,41,1,0,0,0,1,1,1,0,5,3,3,0
d9a22045f0bf52e1,2021.09.01.16.59.08_veh-39_01172_01721,traversing_intersection,23,1630517045949593,0.050027,332697.73333811294,4690047.700415356,-0.0013130068742398028,332699.1943368536,4690047.698497053,10.416625050576437,0.26836825511275064,43,1,0,0,0,1,1,1,0,5,3,3,0
d9a22045f0bf52e1,2021.09.01.16.59.08_veh-39_01172_01721,traversing_intersection,24,1630517045999615,0.050022,332698.2284198513,4690047.700949735,-0.0012802448450699774,332699.68941865396,4690047.6990792975,10.410384321751508,0.2606711005034264,42,1,0,0,0,1,1,1,0,5,3,3,0
d9a22045f0bf52e1,2021.09.01.16.59.08_veh-39_01172_01721,traversing_intersection,25,1630517046049636,0.050021,332698.7334069959,4690047.700404747,-0.0011595466366510051,332700.1944060137,4690047.69871065,10.408618217254833,0.2527773244925804,44,1,0,0,0,2,2,2,0,5,3,3,0
d9a22045f0bf52e1,2021.09.01.16.59.08_veh-39_01172_01721,traversing_intersection,26,1630517046099658,0.050022,332699.2396254332,4690047.699192169,-0.0011012047309764729,332700.7006245474,4690047.697583309,10.407057290367355,0.2514581310148626,44,1,0,0,0,2,2,2,0,5,3,3,0
d9a22045f0bf52e1,2021.09.01.16.59.08_veh-39_01172_01721,traversing_intersection,27,1630517046149682,0.050024,332699.73309130664,4690047.697798474,-0.000970148238484492,332701.1940906191,4690047.696381087,10.401212394667596,0.25090930513956866,43,1,0,0,0,2,2,2,0,4,2,2,0
d9a22045f0bf52e1,2021.09.01.16.59.08_veh-39_01172_01721,traversing_intersection,28,1630517046199709,0.050027,332700.23016606586,4690047.697337703,-0.0007406374106912108,332701.69116566516,4690047.696255632,10.395828753497192,0.24681212534976987,44,1,0,0,0,3,3,3,0,4,2,2,0
d9a22045f0bf52e1,2021.09.01.16.59.08_veh-39_01172_01721,traversing_intersection,29,1630517046249740,0.050031,332700.73438261694,4690047.696775884,-0.000602694913499537,332702.1953823516,4690047.695895347,10.391323705015392,0.2450907098165167,43,1,0,0,0,3,3,3,0,4,2,2,0
d9a22045f0bf52e1,2021.09.01.16.59.08_veh-39_01172_01721,traversing_intersection,30,1630517046299771,0.050031,332701.2356109514,4690047.695588729,-0.0006678578061635801,332702.69661062554,4690047.694612989,10.384750725147718,0.24757959715041425,43,1,0,0,0,3,3,3,0,4,2,2,0
d9a22045f0bf52e1,2021.09.01.16.59.08_veh-39_01172_01721,traversing_intersection,31,1630517046349803,0.050032,332701.7403031693,4690047.695429364,-0.0007396516334603695,332703.20130276965,4690047.694348733,10.382721749265457,0.2520782879628553,43,1,0,0,0,3,3,3,0,4,2,2,0
d9a22045f0bf52e1,2021.09.01.16.59.08_veh-39_01172_01721,traversing_intersection,32,1630517046399838,0.050035,332702.227810716,4690047.69548851,-0.0007786033322975805,332703.6888102732,4690047.69435097,10.373320312644584,0.25340636503746544,44,1,0,0,0,3,3,3,0,5,3,3,0
d9a22045f0bf52e1,2021.09.01.16.59.08_veh-39_01172_01721,traversing_intersection,33,1630517046449870,0.050032,332702.73021488683,4690047.695384555,-0.0008359714305760189,332704.1912143763,4690047.6941632,10.369102153736618,0.2482816996112249,43,1,0,0,0,3,3,3,0,5,3,3,0
d9a22045f0bf52e1,2021.09.01.16.59.08_veh-39_01172_01721,traversing_intersection,34,1630517046499898,0.050028,332703.2270591505,4690047.6948609045,-0.0009065892296368187,332704.6880585501,4690047.6935363775,10.361957759669608,0.2390315580571168,46,1,0,0,0,4,3,3,0,5,3,3,0
d9a22045f0bf52e1,2021.09.01.16.59.08_veh-39_01172_01721,traversing_intersection,35,1630517046549926,0.050028,332703.73355566623,4690047.695218822,-0.0009182402419931823,332705.1945550503,4690047.693877273,10.355829999672437,0.24564934765527463,45,1,0,0,0,4,3,3,0,5,3,3,0
d9a22045f0bf52e1,2021.09.01.16.59.08_veh-39_01172_01721,traversing_intersection,36,1630517046599953,0.050027,332704.2321165238,4690047.694988465,-0.0009405644457029991,332705.6931158775,4690047.6936143,10.353885481669224,0.2539038888826653,45,1,0,0,0,4,3,3,0,5,3,3,0
d9a22045f0bf52e1,2021.09.01.16.59.08_veh-39_01172_01721,traversing_intersection,37,1630517046649978,0.050025,332704.7392138529,4690047.6951956265,-0.0008735137437801373,332706.2002132955,4690047.693919423,10.350200492231252,0.25935958366045375,44,1,0,0,0,4,3,3,0,4,2,2,0
d9a22045f0bf52e1,2021.09.01.16.59.08_veh-39_01172_01721,traversing_intersection,38,1630517046700000,0.050022,332705.2350702818,4690047.696133027,-0.0006248038398431029,332706.69606999663,4690047.695220188,10.343152233371391,0.2525460335129098,44,1,0,0,0,4,3,3,0,4,2,2,0
d9a22045f0bf52e1,2021.09.01.16.59.08_veh-39_01172_01721,traversing_intersection,39,1630517046750021,0.050021,332705.73226057854,4690047.696813511,-0.0006011675290907013,332707.1932603145,4690047.695935205,10.33748040564128,0.24422279963625465,43,1,0,0,0,4,3,3,0,3,1,1,0
d9a22045f0bf52e1,2021.09.01.16.59.08_veh-39_01172_01721,traversing_intersection,40,1630517046800045,0.050024,332706.2337966927,4690047.695710368,-0.0006882040481463105,332707.6947963467,4690047.694704902,10.334528185210885,0.23973708882449565,43,1,0,0,0,4,3,3,0,3,1,1,0
d9a22045f0bf52e1,2021.09.01.16.59.08_veh-39_01172_01721,traversing_intersection,41,1630517046850071,0.050026,332706.73314564093,4690047.6949565895,-0.000689889015219426,332708.19414529327,4690047.693948662,10.33133208351957,0.24553939217395088,42,1,0,0,0,4,3,3,0,3,1,1,0
d9a22045f0bf52e1,2021.09.01.16.59.08_veh-39_01172_01721,traversing_intersection,42,1630517046900100,0.050029,332707.2288716852,4690047.694594661,-0.0006730000962865143,332708.6898713544,4690047.693611408,10.323098964625528,0.2527649703158342,42,1,0,0,0,4,3,3,0,3,1,1,0
d9a22045f0bf52e1,2021.09.01.16.59.08_veh-39_01172_01721,traversing_intersection,43,1630517046950127,0.050027,332707.7240107287,4690047.694728889,-0.0006360835079726476,332709.18501043314,4690047.69379957,10.316851272912475,0.2579036919755404,43,1,0,0,0,4,3,3,0,3,1,1,0
d9a22045f0bf52e1,2021.09.01.16.59.08_veh-39_01172_01721,traversing_intersection,44,1630517047000155,0.050028,332708.2175693472,4690047.694832884,-0.0006242117307025416,332709.67856906255,4690047.69392091,10.311426720197229,0.2557853623519185,43,2,0,0,0,4,3,3,0,3,1,1,0
d9a22045f0bf52e1,2021.09.01.16.59.08_veh-39_01172_01721,traversing_intersection,45,1630517047050180,0.050025,332708.72364036663,4690047.695317008,-0.0005535155979374775,332710.18464014283,4690047.694508322,10.304437609591746,0.24946058337999458,44,2,0,0,0,4,3,3,0,3,1,1,0
d9a22045f0bf52e1,2021.09.01.16.59.08_veh-39_01172_01721,traversing_intersection,46,1630517047100198,0.050018,332709.22075923474,4690047.694635078,-0.0005396677337229638,332710.681759022,4690047.693846623,10.297345234218579,0.24813184580964928,44,2,0,0,0,4,3,3,0,3,1,1,0
d9a22045f0bf52e1,2021.09.01.16.59.08_veh-39_01172_01721,traversing_intersection,47,1630517047150211,0.050013,332709.7110434732,4690047.693575397,-0.000520360059536915,332711.17204327544,4690047.692815151,10.29228943117933,0.2495553088037833,44,2,0,0,0,5,4,4,0,2,1,1,0
d9a22045f0bf52e1,2021.09.01.16.59.08_veh-39_01172_01721,traversing_intersection,48,1630517047200220,0.050009,332710.2134274947,4690047.693516983,-0.0005393852233249537,332711.6744272822,4690047.692728941,10.28443210542125,0.2600367489232548,46,2,0,0,0,5,4,4,0,3,2,2,0
d9a22045f0bf52e1,2021.09.01.16.59.08_veh-39_01172_01721,traversing_intersection,49,1630517047250221,0.050001,332710.71153110225,4690047.694283317,-0.0004579802244549328,332712.17253094906,4690047.693614208,10.276530430227723,0.26373625131440925,46,2,0,0,0,5,4,4,0,3,2,2,0
d9a22045f0bf52e1,2021.09.01.16.59.08_veh-39_01172_01721,traversing_intersection,50,1630517047300217,0.049996,332711.2094062191,4690047.694211789,-0.0003648783669577219,332712.6704061218,4690047.693678702,10.274832126145613,0.2613819190247259,46,2,0,0,0,5,4,4,0,3,2,2,0
d9a22045f0bf52e1,2021.09.01.16.59.08_veh-39_01172_01721,traversing_intersection,51,1630517047350209,0.049992,332711.7044374119,4690047.69471252,-0.0004209246771609794,332713.16543728247,4690047.694097549,10.273503006740553,0.2570571147920533,45,2,0,0,0,5,4,4,0,3,2,2,0
d9a22045f0bf52e1,2021.09.01.16.59.08_veh-39_01172_01721,traversing_intersection,52,1630517047400198,0.049989,332712.20146289194,4690047.6952662375,-0.0006499029936634284,332713.6624625834,4690047.694316729,10.270562246114507,0.258832616547001,45,2,0,0,0,5,4,4,0,3,2,2,0
d9a22045f0bf52e1,2021.09.01.16.59.08_veh-39_01172_01721,traversing_intersection,53,1630517047450188,0.04999,332712.69683607446,4690047.695055496,-0.0009334086738328424,332714.15783543803,4690047.693691786,10.270080595998744,0.2646328619106429,44,2,0,0,0,5,4,4,0,2,1,1,0
d9a22045f0bf52e1,2021.09.01.16.59.08_veh-39_01172_01721,traversing_intersection,54,1630517047500177,0.049989,332713.1961041276,4690047.694572209,-0.0009914703657914426,332714.6571034095,4690047.693123671,10.271572755228124,0.2645762998542555,44,2,0,0,0,5,4,4,0,2,1,1,0
d9a22045f0bf52e1,2021.09.01.16.59.08_veh-39_01172_01721,traversing_intersection,55,1630517047550164,0.049987,332713.6919679777,4690047.693929025,-0.0008526149025517304,332715.15296744666,4690047.692683355,10.269675484725541,0.25471880365302424,43,2,0,0,0,4,3,3,0,2,1,1,0
d9a22045f0bf52e1,2021.09.01.16.59.08_veh-39_01172_01721,traversing_intersection,56,1630517047600146,0.049982,332714.1912441506,4690047.694133384,-0.0008548822516344673,332715.65224361676,4690047.692884401,10.268952585709732,0.24494892570438903,42,2,0,0,0,4,3,3,0,2,1,1,0
d9a22045f0bf52e1,2021.09.01.16.59.08_veh-39_01172_01721,traversing_intersection,57,1630517047650128,0.049982,332714.69678542414,4690047.695594,-0.00102051906248771,332716.1577846634,4690047.694103021,10.269940176476018,0.24923007659018195,44,2,0,0,0,6,5,5,0,2,1,1,0
d9a22045f0bf52e1,2021.09.01.16.59.08_veh-39_01172_01721,traversing_intersection,58,1630517047700107,0.049979,332715.19572638965,4690047.6962967925,-0.0010034877151953764,332716.65672565403,4690047.694830697,10.269002991191917,0.2561747848950476,45,3,0,0,0,6,5,5,0,2,1,1,0
d9a22045f0bf52e1,2021.09.01.16.59.08_veh-39_01172_01721,traversing_intersection,59,1630517047750083,0.049976,332715.69226185605,4690047.696386355,-0.0009424071586063738,332717.1532612073,4690047.695009498,10.26581807692823,0.25615256214820453,45,3,0,0,0,6,5,5,0,2,1,1,0
d9a22045f0bf52e1,2021.09.01.16.59.08_veh-39_01172_01721,traversing_intersection,60,1630517047800056,0.049973,332716.1837835314,4690047.69674513,-0.000854794939536822,332717.64478299767,4690047.695496275,10.262103385553857,0.25759086568276746,46,3,0,0,0,6,5,5,0,3,2,2,0
d9a22045f0bf52e1,2021.09.01.16.59.08_veh-39_01172_01721,traversing_intersection,61,1630517047850028,0.049972,332716.6803466483,4690047.69587831,-0.0008968928240997713,332718.1413460607,4690047.6945679495,10.26052391092279,0.25585237357397694,47,3,0,0,0,6,5,5,0,3,2,2,0
d9a22045f0bf52e1,2021.09.01.16.59.08_veh-39_01172_01721,traversing_intersection,62,1630517047899997,0.049969,332717.18198444817,4690047.696725573,-0.0009156043940787273,332718.6429838358,4690047.695387876,10.258008805718037,0.26044736486970604,47,3,0,0,0,6,5,5,0,3,2,2,0
d9a22045f0bf52e1,2021.09.01.16.59.08_veh-39_01172_01721,traversing_intersection,63,1630517047949965,0.049968,332717.673454357,4690047.696844522,-0.0009569600124896049,332719.13445368805,4690047.695446404,10.25527073210262,0.26195877101917286,46,3,0,0,0,6,5,5,0,2,1,1,0
d9a22045f0bf52e1,2021.09.01.16.59.08_veh-39_01172_01721,traversing_intersection,64,1630517047999935,0.04997,332718.1641191452,4690047.697272205,-0.0009437225928018719,332719.6251184946,4690047.695893426,10.246450592718803,0.26373705965928834,46,3,0,0,0,6,5,5,0,2,1,1,0
d9a22045f0bf52e1,2021.09.01.16.59.08_veh-39_01172_01721,traversing_intersection,65,1630517048049907,0.049972,332718.6653425355,4690047.6968821585,-0.0009900135787405554,332720.1263418195,4690047.695435749,10.242101700064659,0.26239321347552763,47,3,0,0,0,6,5,5,0,3,2,2,0
d9a22045f0bf52e1,2021.09.01.16.59.08_veh-39_01172_01721,traversing_intersection,66,1630517048099879,0.049972,332719.1666206296,4690047.69505003,-0.0011566824298825473,332720.62761965225,4690047.693360117,10.236457134003146,0.25905370914279796,47,3,0,0,0,6,5,5,0,3,2,2,0
d9a22045f0bf52e1,2021.09.01.16.59.08_veh-39_01172_01721,traversing_intersection,67,1630517048149852,0.049973,332719.65499037516,4690047.694077084,-0.0012352395179137262,332721.11598926055,4690047.6922724,10.229861339636201,0.25777194607266996,47,3,0,0,0,6,5,5,0,3,2,2,0
d9a22045f0bf52e1,2021.09.01.16.59.08_veh-39_01172_01721,traversing_intersection,68,1630517048199828,0.049976,332720.1551994893,4690047.694202356,-0.001279468669262384,332721.61619829346,4690047.692333053,10.220665872551836,0.25810140390324166,47,3,0,0,0,6,5,5,0,3,2,2,0
d9a22045f0bf52e1,2021.09.01.16.59.08_veh-39_01172_01721,traversing_intersection,69,1630517048249806,0.049978,332720.6427600571,4690047.6941908365,-0.001328166477543651,332722.10375876847,4690047.692250386,10.210672812008381,0.2567425740222711,47,3,0,0,0,6,5,5,0,3,2,2,0
d9a22045f0bf52e1,2021.09.01.16.59.08_veh-39_01172_01721,traversing_intersection,70,1630517048299785,0.049979,332721.14195963135,4690047.693781928,-0.0014424364804188144,332722.60295811144,4690047.69167453,10.204520029980742,0.25517812581535176,46,3,0,0,0,6,5,5,0,2,1,1,0
d9a22045f0bf52e1,2021.09.01.16.59.08_veh-39_01172_01721,traversing_intersection,71,1630517048349765,0.04998,332721.63009912,4690047.692708104,-0.001630031448816068,332723.0910971791,4690047.690326629,10.199002166730954,0.25489128849171067,46,3,0,0,0,6,5,5,0,2,1,1,0
d9a22045f0bf52e1,2021.09.01.16.59.08_veh-39_01172_01721,traversing_intersection,72,1630517048399746,0.049981,332722.1226017009,4690047.691426361,-0.0017103890605415732,332723.58359956386,4690047.688927484,10.194607193111517,0.25122044645932945,47,3,0,0,0,6,5,5,0,2,1,1,0
d9a22045f0bf52e1,2021.09.01.16.59.08_veh-39_01172_01721,traversing_intersection,73,1630517048449729,0.049983,332722.6110419559,4690047.690109168,-0.0018323048287910728,332724.0720395034,4690047.687432173,10.182174649606162,0.24857104324927196,47,3,0,0,0,6,5,5,0,2,1,1,0
d9a22045f0bf52e1,2021.09.01.16.59.08_veh-39_01172_01721,traversing_intersection,74,1630517048499714,0.049985,332723.1109291335,4690047.688206624,-0.0020124581553409215,332724.571926175,4690047.685266425,10.177831410873505,0.24502711071102795,47,3,0,0,0,6,5,5,0,2,1,1,0
d9a22045f0bf52e1,2021.09.01.16.59.08_veh-39_01172_01721,traversing_intersection,75,1630517048549699,0.049985,332723.6030205633,4690047.687380136,-0.0019501570269374077,332725.06401778513,4690047.6845309585,10.172765000404192,0.24622994483929245,46,3,0,0,0,6,5,5,0,2,1,1,0
d9a22045f0bf52e1,2021.09.01.16.59.08_veh-39_01172_01721,traversing_intersection,76,1630517048599684,0.049985,332724.0922565987,4690047.687802921,-0.0020210974477688267,332725.55325361475,4690047.6848500995,10.166814200978044,0.2509289618881133,47,3,0,0,0,6,5,5,0,2,1,1,0
d9a22045f0bf52e1,2021.09.01.16.59.08_veh-39_01172_01721,traversing_intersection,77,1630517048649671,0.049987,332724.5850242859,4690047.687886191,-0.0019759788013065114,332726.04602143366,4690047.684999287,10.163258195589057,0.25156952046996833,46,3,0,0,0,5,4,4,0,2,1,1,0
d9a22045f0bf52e1,2021.09.01.16.59.08_veh-39_01172_01721,traversing_intersection,78,1630517048699659,0.049988,332725.0712467156,4690047.687967768,-0.0018523046017268727,332726.53224420926,4690047.685261552,10.155056070591343,0.25039881907311135,45,3,0,0,0,4,3,3,0,2,1,1,0
d9a22045f0bf52e1,2021.09.01.16.59.08_veh-39_01172_01721,traversing_intersection,79,1630517048749648,0.049989,332725.5680145216,4690047.687325965,-0.001831735818866237,332727.0290120706,4690047.6846498,10.150609709814995,0.24498318543559622,46,3,0,0,0,4,3,3,0,2,1,1,0
d9a22045f0bf52e1,2021.09.01.16.59.08_veh-39_01172_01721,traversing_intersection,80,1630517048799636,0.049988,332726.0515751365,4690047.687477052,-0.0016141935401411218,332727.5125732331,4690047.685118716,10.148308486290404,0.24780811960966861,46,3,0,0,0,4,3,3,0,2,1,1,0
d9a22045f0bf52e1,2021.09.01.16.59.08_veh-39_01172_01721,traversing_intersection,81,1630517048849626,0.04999,332726.5495334227,4690047.688282355,-0.001472750114466946,332728.0105318382,4690047.686130668,10.14262098428322,0.2502262434873744,46,3,0,0,0,4,3,3,0,2,1,1,0
d9a22045f0bf52e1,2021.09.01.16.59.08_veh-39_01172_01721,traversing_intersection,82,1630517048899613,0.049987,332727.03952435974,4690047.687803458,-0.0013149344672066642,332728.50052309665,4690047.685882339,10.13930179482145,0.2542877935038614,46,3,0,0,0,4,3,3,0,2,1,1,0
d9a22045f0bf52e1,2021.09.01.16.59.08_veh-39_01172_01721,traversing_intersection,83,1630517048949599,0.049986,332727.5255570049,4690047.686690792,-0.0012647940021390132,332728.98655583634,4690047.684842929,10.133615332617937,0.25980656240866723,46,3,0,0,0,4,3,3,0,2,1,1,0
d9a22045f0bf52e1,2021.09.01.16.59.08_veh-39_01172_01721,traversing_intersection,84,1630517048999584,0.049985,332728.0167186674,4690047.686482855,-0.0012999794682210378,332729.4777174329,4690047.684583586,10.133140581097223,0.2599711488476488,45,3,0,0,0,4,3,3,0,2,1,1,0
d9a22045f0bf52e1,2021.09.01.16.59.08_veh-39_01172_01721,traversing_intersection,85,1630517049049570,0.049986,332728.5069948957,4690047.6869632965,-0.0010923663773644656,332729.967994024,4690047.68536735,10.129623286272416,0.25346656467116585,44,3,0,0,0,4,3,3,0,1,0,0,0
d9a22045f0bf52e1,2021.09.01.16.59.08_veh-39_01172_01721,traversing_intersection,86,1630517049099558,0.049988,332728.99209457246,4690047.687149594,-0.0009597818635872339,332730.45309389953,4690047.685747352,10.123402154930583,0.24611513509606386,44,3,0,0,0,4,3,3,0,1,0,0,0
d9a22045f0bf52e1,2021.09.01.16.59.08_veh-39_01172_01721,traversing_intersection,87,1630517049149547,0.049989,332729.48519246513,4690047.687876182,-0.000805800313825231,332730.9461919908,4690047.686698908,10.114916636110706,0.25078042938935685,44,3,0,0,0,4,3,3,0,1,0,0,0
d9a22045f0bf52e1,2021.09.01.16.59.08_veh-39_01172_01721,traversing_intersection,88,1630517049199535,0.049988,332729.96886680473,4690047.68734857,-0.0008288470867939921,332731.4298663029,4690047.686137624,10.111314728571996,0.2487259417979605,43,3,0,0,0,4,3,3,0,1,0,0,0
d9a22045f0bf52e1,2021.09.01.16.59.08_veh-39_01172_01721,traversing_intersection,89,1630517049249523,0.049988,332730.4576228599,4690047.688132243,-0.0006437925157876683,332731.91862255713,4690047.687191662,10.102981655138706,0.25062397285309035,43,3,0,0,0,4,3,3,0,1,0,0,0
d9a22045f0bf52e1,2021.09.01.16.59.08_veh-39_01172_01721,traversing_intersection,90,1630517049299508,0.049985,332730.9490417607,4690047.690423934,-0.00023808126435626546,332732.41004171927,4690047.690076097,10.100968626978686,0.25181887194266156,43,3,0,0,0,4,3,3,0,1,0,0,0
d9a22045f0bf52e1,2021.09.01.16.59.08_veh-39_01172_01721,traversing_intersection,91,1630517049349491,0.049983,332731.43505485135,4690047.691952763,-9.269146596377795e-05,332732.89605484507,4690047.69181734,10.096748046902706,0.2582772750872116,43,3,0,0,0,4,3,3,0,1,0,0,0
d9a22045f0bf52e1,2021.09.01.16.59.08_veh-39_01172_01721,traversing_intersection,92,1630517049399476,0.049985,332731.9333013122,4690047.69328512,0.00011971705975936146,332733.39430130174,4690047.693460027,10.095295828081214,0.2551699230203092,43,3,0,0,0,4,3,3,0,1,0,0,0
d9a22045f0bf52e1,2021.09.01.16.59.08_veh-39_01172_01721,traversing_intersection,93,1630517049449463,0.049987,332732.42034938646,4690047.694116742,0.00018567441927663399,332733.88134936127,4690047.694388012,10.08989116855926,0.2566992522014369,43,3,0,0,0,4,3,3,0,1,0,0,0
d9a22045f0bf52e1,2021.09.01.16.59.08_veh-39_01172_01721,traversing_intersection,94,1630517049499451,0.049988,332732.90858649963,4690047.695119857,0.00025739333128555587,332734.3695864512,4690047.695495908,10.091757766167877,0.2626529288190246,43,3,0,0,0,4,3,3,0,1,0,0,0
d9a22045f0bf52e1,2021.09.01.16.59.08_veh-39_01172_01721,traversing_intersection,95,1630517049549438,0.049987,332733.39676099573,4690047.696101061,0.00041024963907357174,332734.8577608728,4690047.696700436,10.088727999164904,0.2568480612219029,43,3,0,0,0,4,3,3,0,1,0,0,0
d9a22045f0bf52e1,2021.09.01.16.59.08_veh-39_01172_01721,traversing_intersection,96,1630517049599429,0.049991,332733.88832223887,4690047.695810885,0.0006360256353614811,332735.34932194336,4690047.696740119,10.086369398414382,0.24979042096319493,43,3,0,0,0,4,3,3,0,1,0,0,0
d9a22045f0bf52e1,2021.09.01.16.59.08_veh-39_01172_01721,traversing_intersection,97,1630517049649429,0.05,332734.37439491064,4690047.696796808,0.0007857542640444715,332735.8353944596,4690047.697944796,10.0871399213687,0.2505336618094562,43,3,0,0,0,4,3,3,0,1,0,0,0
d9a22045f0bf52e1,2021.09.01.16.59.08_veh-39_01172_01721,traversing_intersection,98,1630517049699435,0.050006,332734.8574662076,4690047.697837652,0.0010341765295667005,332736.3184654263,4690047.699348583,10.083225723629686,0.2519718192346236,43,3,0,0,0,4,3,3,0,1,0,0,0
d9a22045f0bf52e1,2021.09.01.16.59.08_veh-39_01172_01721,traversing_intersection,99,1630517049749449,0.050014,332735.35672401317,4690047.699223194,0.0011478174238252114,332736.8177230508,4690047.700900155,10.085120938635914,0.2572711331909591,43,3,0,0,0,4,3,3,0,1,0,0,0
d9a22045f0bf52e1,2021.09.01.16.59.08_veh-39_01172_01721,traversing_intersection,100,1630517049799466,0.050017,332735.8480278148,4690047.7001246605,0.0013273400450777041,332737.3090265278,4690047.702063904,10.086801134289788,0.25717700489469003,42,3,0,0,0,4,3,3,0,1,0,0,0
b21da07870d2560b,2021.08.24.14.40.55_veh-28_01570_01776,near_pedestrian_on_crosswalk,0,1629817788049522,,332691.1384651624,4690047.903017292,-0.00473988965523236,332692.5994487506,4690047.8960923385,9.351321283899555,0.19894158396134215,42,3,0,0,0,5,5,5,0,2,2,2,0
b21da07870d2560b,2021.08.24.14.40.55_veh-28_01570_01776,near_pedestrian_on_crosswalk,1,1629817788099532,0.05001,332691.5936904688,4690047.897808188,-0.004676906958421548,332693.0546744903,4690047.890975252,9.358689220065683,0.1990138885385673,42,3,0,0,0,5,5,5,0,2,2,2,0
b21da07870d2560b,2021.08.24.14.40.55_veh-28_01570_01776,near_pedestrian_on_crosswalk,2,1629817788149551,0.050019,332692.0454555889,4690047.893588592,-0.004444365016033435,332693.5064411598,4690047.887095396,9.366700377742704,0.20906224859933276,43,3,0,0,0,5,5,5,0,2,2,2,0
b21da07870d2560b,2021.08.24.14.40.55_veh-28_01570_01776,near_pedestrian_on_crosswalk,3,1629817788199572,0.050021,332692.4937722941,4690047.891787616,-0.004152951764983409,332693.95475969516,4690047.88572017,9.377133940093673,0.20645917934894675,43,3,0,0,0,5,5,5,0,2,2,2,0
b21da07870d2560b,2021.08.24.14.40.55_veh-28_01570_01776,near_pedestrian_on_crosswalk,4,1629817788249596,0.050024,332692.95091984846,4690047.889981599,-0.00393370758765952,332694.41190854466,4690047.884234467,9.389379029764836,0.2012868063877264,43,3,0,0,0,5,5,5,0,2,2,2,0
b21da07870d2560b,2021.08.24.14.40.55_veh-28_01570_01776,near_pedestrian_on_crosswalk,5,1629817788299622,0.050026,332693.4024563411,4690047.8886853205,-0.003860872430022347,332694.863445452,4690047.8830446,9.398405679093939,0.20127873153817544,42,3,0,0,0,5,5,5,0,2,1,1,0
b21da07870d2560b,2021.08.24.14.40.55_veh-28_01570_01776,near_pedestrian_on_crosswalk,6,1629817788349650,0.050028,332693.86348245334,4690047.888191553,-0.0038655256815265616,332695.324471538,4690047.882544034,9.406639043755453,0.2069920075159139,43,3,0,0,0,5,5,5,0,2,1,1,0
b21da07870d2560b,2021.08.24.14.40.55_veh-28_01570_01776,near_pedestrian_on_crosswalk,7,1629817788399679,0.050029,332694.3185224328,4690047.88752631,-0.003875502571977596,332695.7795114611,4690047.881864215,9.427227666993945,0.2166347715716862,43,3,0,0,0,5,5,5,0,2,1,1,0
b21da07870d2560b,2021.08.24.14.40.55_veh-28_01570_01776,near_pedestrian_on_crosswalk,8,1629817788449708,0.050029,332694.7723170449,4690047.886834147,-0.00382241669512736,332696.23330637167,4690047.88124961,9.430623017927212,0.21787148639528034,43,3,0,0,0,5,5,5,0,2,1,1,0
b21da07870d2560b,2021.08.24.14.40.55_veh-28_01570_01776,near_pedestrian_on_crosswalk,9,1629817788499736,0.050028,332695.22898443125,4690047.885910469,-0.0035879155631640494,332696.6899750274,4690047.880668536,9.434966388377177,0.2172670625140736,43,3,0,0,0,5,5,5,0,2,1,1,0
b21da07870d2560b,2021.08.24.14.40.55_veh-28_01570_01776,near_pedestrian_on_crosswalk,10,1629817788549763,0.050027,332695.6884418446,4690047.884285481,-0.00352034480237365,332697.14943279163,4690047.879142268,9.447289040375715,0.20989006590391907,43,3,0,0,0,5,5,5,0,2,1,1,0
b21da07870d2560b,2021.08.24.14.40.55_veh-28_01570_01776,near_pedestrian_on_crosswalk,11,1629817788599788,0.050025,332696.14361928665,4690047.881602977,-0.0035724987337986862,332697.6046099635,4690047.876383568,9.457199924673718,0.21343572668317046,43,3,0,0,0,5,5,5,0,2,1,1,0
b21da07870d2560b,2021.08.24.14.40.55_veh-28_01570_01776,near_pedestrian_on_crosswalk,12,1629817788649812,0.050024,332696.60406550986,4690047.881282513,-0.0033546653840982638,332698.065057289,4690047.876381356,9.4731957539531,0.22355242793044966,42,3,0,0,0,5,5,5,0,1,1,1,0
b21da07870d2560b,2021.08.24.14.40.55_veh-28_01570_01776,near_pedestrian_on_crosswalk,13,1629817788699833,0.050021,332697.06635299517,4690047.88109185,-0.0030157283444883338,332698.52734635153,4690047.876685877,9.488143261476942,0.2265011296738218,41,2,0,0,0,5,5,5,0,1,1,1,0
b21da07870d2560b,2021.08.24.14.40.55_veh-28_01570_01776,near_pedestrian_on_crosswalk,14,1629817788749851,0.050018,332697.5264261357,4690047.880561484,-0.0029222078215140144,332698.98741989775,4690047.876292145,9.497677298383406,0.22440801897350113,41,2,0,0,0,5,5,5,0,1,1,1,0
b21da07870d2560b,2021.08.24.14.40.55_veh-28_01570_01776,near_pedestrian_on_crosswalk,15,1629817788799862,0.050011,332697.99329993245,4690047.880575316,-0.0028990402368182736,332699.454293793,4690047.876339824,9.510876273950117,0.2202324552418351,42,2,0,0,0,6,5,5,0,1,1,1,0
b21da07870d2560b,2021.08.24.14.40.55_veh-28_01570_01776,near_pedestrian_on_crosswalk,16,1629817788849867,0.050005,332698.45677847945,4690047.879676837,-0.0028950180997667882,332699.91777235706,4690047.875447221,9.520287841414513,0.2240544850098775,42,2,0,0,0,6,5,5,0,1,1,1,0
b21da07870d2560b,2021.08.24.14.40.55_veh-28_01570_01776,near_pedestrian_on_crosswalk,17,1629817788899867,0.05,332698.9156844276,4690047.879962968,-0.002987239858483742,332700.37667790893,4690047.875598617,9.52483073744287,0.23125878058753535,43,2,0,0,0,6,5,5,0,1,1,1,0
b21da07870d2560b,2021.08.24.14.40.55_veh-28_01570_01776,near_pedestrian_on_crosswalk,18,1629817788949863,0.049996,332699.37887294893,4690047.880246434,-0.0028331391035924082,332700.83986708545,4690047.876107223,9.52667200548674,0.23193020969466016,43,2,0,0,0,6,5,5,0,1,1,1,0
b21da07870d2560b,2021.08.24.14.40.55_veh-28_01570_01776,near_pedestrian_on_crosswalk,19,1629817788999854,0.049991,332699.8421400917,4690047.880590835,-0.002611271026596814,332701.3031351106,4690047.876775772,9.528758054089527,0.22930535160121374,44,2,0,0,0,6,5,5,0,1,1,1,0
b21da07870d2560b,2021.08.24.14.40.55_veh-28_01570_01776,near_pedestrian_on_crosswalk,20,1629817789049844,0.04999,332700.29926783167,4690047.880275906,-0.002465206299961094,332701.76026339224,4690047.876674243,9.531106711882284,0.22906160908358003,44,2,0,0,0,6,5,5,0,1,1,1,0
b21da07870d2560b,2021.08.24.14.40.55_veh-28_01570_01776,near_pedestrian_on_crosswalk,21,1629817789099830,0.049986,332700.7611828999,4690047.879930314,-0.0024641746649103676,332702.2221784642,4690047.876330158,9.534128009358955,0.23074812643159998,44,2,0,0,0,6,5,5,0,1,1,1,0
b21da07870d2560b,2021.08.24.14.40.55_veh-28_01570_01776,near_pedestrian_on_crosswalk,22,1629817789149813,0.049983,332701.2349102685,4690047.880166711,-0.0022348764782016343,332702.6959066199,4690047.8769015595,9.536629057051254,0.2299429126775259,43,2,0,0,0,6,5,5,0,1,1,1,0
b21da07870d2560b,2021.08.24.14.40.55_veh-28_01570_01776,near_pedestrian_on_crosswalk,23,1629817789199793,0.04998,332701.69810763455,4690047.880199499,-0.001959073464865839,332703.15910483093,4690047.877337295,9.53610240478737,0.23264354198821496,43,2,0,0,0,6,5,5,0,1,1,1,0
b21da07870d2560b,2021.08.24.14.40.55_veh-28_01570_01776,near_pedestrian_on_crosswalk,24,1629817789249771,0.049978,332702.15921390057,4690047.8815699555,-0.0018508056615064415,332703.6202113982,4690047.87886593,9.53471894477895,0.23921856398768296,43,2,0,0,0,6,5,5,0,1,1,1,0
b21da07870d2560b,2021.08.24.14.40.55_veh-28_01570_01776,near_pedestrian_on_crosswalk,25,1629817789299749,0.049978,332702.6201037339,4690047.882384297,-0.001712682440982408,332704.0811015911,4690047.879882069,9.534535124980211,0.2354821586960381,42,2,0,0,0,6,5,5,0,1,1,1,0
b21da07870d2560b,2021.08.24.14.40.55_veh-28_01570_01776,near_pedestrian_on_crosswalk,26,1629817789349725,0.049976,332703.0870696381,4690047.883202121,-0.0015030700642388458,332704.5480679877,4690047.881006137,9.53510345448848,0.22895050537598174,42,2,0,0,0,6,5,5,0,1,1,1,0
b21da07870d2560b,2021.08.24.14.40.55_veh-28_01570_01776,near_pedestrian_on_crosswalk,27,1629817789399702,0.049977,332703.5475678098,4690047.884084165,-0.0013694362934957732,332705.00856643985,4690047.88208342,9.535224971421572,0.23528595127466756,42,2,0,0,0,6,5,5,0,1,1,1,0
b21da07870d2560b,2021.08.24.14.40.55_veh-28_01570_01776,near_pedestrian_on_crosswalk,28,1629817789449679,0.049977,332704.0052587301,4690047.885245522,-0.0012878192068074227,332705.46625751856,4690047.883364018,9.539349149436807,0.24737466959059745,42,2,0,0,0,6,5,5,0,1,1,1,0
b21da07870d2560b,2021.08.24.14.40.55_veh-28_01570_01776,near_pedestrian_on_crosswalk,29,1629817789499658,0.049979,332704.46662259125,4690047.885016494,-0.0010666401318624123,332705.9276217602,4690047.883458134,9.54692313009676,0.24987475391889716,42,2,0,0,0,6,5,5,0,1,1,1,0
b21da07870d2560b,2021.08.24.14.40.55_veh-28_01570_01776,near_pedestrian_on_crosswalk,30,1629817789549638,0.04998,332704.9344566627,4690047.885105819,-0.0009760126354798741,332706.3954559668,4690047.883679865,9.549188383337711,0.2435903115578388,42,2,0,0,0,6,5,5,0,1,1,1,0
b21da07870d2560b,2021.08.24.14.40.55_veh-28_01570_01776,near_pedestrian_on_crosswalk,31,1629817789599616,0.049978,332705.3958808731,4690047.884921279,-0.0009432455072579862,332706.85688022315,4690047.883543197,9.55475878784715,0.23323978667890688,42,2,0,0,0,6,5,5,0,1,1,1,0
b21da07870d2560b,2021.08.24.14.40.55_veh-28_01570_01776,near_pedestrian_on_crosswalk,32,1629817789649595,0.049979,332705.8700380223,4690047.885144525,-0.0009074936728445067,332707.33103742066,4690047.883818677,9.560746460010556,0.2256530428846849,42,2,0,0,0,6,5,5,0,1,1,1,0
b21da07870d2560b,2021.08.24.14.40.55_veh-28_01570_01776,near_pedestrian_on_crosswalk,33,1629817789699574,0.049979,332706.33170948783,4690047.885925436,-0.0009915188364232697,332707.7927087697,4690047.884476827,9.568917090739301,0.23097126432049908,43,2,0,0,0,6,5,5,0,1,1,1,0
b21da07870d2560b,2021.08.24.14.40.55_veh-28_01570_01776,near_pedestrian_on_crosswalk,34,1629817789749556,0.049982,332706.8030370339,4690047.8868450625,-0.0008543570722779588,332708.26403650065,4690047.885596847,9.579771469281509,0.24489388409690968,43,2,0,0,0,6,5,5,0,1,1,1,0
b21da07870d2560b,2021.08.24.14.40.55_veh-28_01570_01776,near_pedestrian_on_crosswalk,35,1629817789799539,0.049983,332707.27009544143,4690047.887666807,-0.0007737332533428463,332708.7310950041,4690047.886536382,9.589062177472783,0.25138156297168857,44,3,0,0,0,6,5,5,0,1,1,1,0
b21da07870d2560b,2021.08.24.14.40.55_veh-28_01570_01776,near_pedestrian_on_crosswalk,36,1629817789849523,0.049984,332707.73327889474,4690047.888350577,-0.0005197977749567731,332709.19427869737,4690047.887591152,9.593080597146724,0.2465115909160921,44,3,0,0,0,6,5,5,0,1,1,1,0
b21da07870d2560b,2021.08.24.14.40.55_veh-28_01570_01776,near_pedestrian_on_crosswalk,37,1629817789899508,0.049985,332708.19872846216,4690047.889764566,-0.00030966566990086366,332709.6597283921,4690047.889312144,9.599738315098795,0.2358176474453187,43,3,0,0,0,6,5,5,0,1,1,1,0
b21da07870d2560b,2021.08.24.14.40.55_veh-28_01570_01776,near_pedestrian_on_crosswalk,38,1629817789949496,0.049988,332708.66662124236,4690047.890725275,-0.00033197630589803194,332710.12762116187,4690047.890240258,9.606474872795049,0.23561585409060576,43,3,0,0,0,6,5,5,0,1,1,1,0
b21da07870d2560b,2021.08.24.14.40.55_veh-28_01570_01776,near_pedestrian_on_crosswalk,39,1629817789999488,0.049992,332709.1354031285,4690047.89160537,-0.0002722182435004508,332710.5964030744,4690047.891207659,9.616200111113303,0.24121153190823938,43,3,0,0,0,6,5,5,0,1,1,1,0
b21da07870d2560b,2021.08.24.14.40.55_veh-28_01570_01776,near_pedestrian_on_crosswalk,40,1629817790049484,0.049996,332709.6045436105,4690047.891726199,-0.0001655060172765356,332711.06554359046,4690047.891484395,9.622833378102506,0.24341025289222493,40,3,0,0,0,6,5,5,0,1,1,1,0
b21da07870d2560b,2021.08.24.14.40.55_veh-28_01570_01776,near_pedestrian_on_crosswalk,41,1629817790099490,0.050006,332710.07575789373,4690047.8921409035,7.932375010230636e-05,332711.53675788915,4690047.892256795,9.625926282533468,0.25007243487257025,41,4,0,0,0,6,5,5,0,1,1,1,0
b21da07870d2560b,2021.08.24.14.40.55_veh-28_01570_01776,near_pedestrian_on_crosswalk,42,1629817790149504,0.050014,332710.5457004562,4690047.89369089,0.00018040687464340036,332712.0067004324,4690047.893954464,9.63388386734776,0.25602851786758174,41,4,0,0,0,6,5,5,0,1,1,1,0
b21da07870d2560b,2021.08.24.14.40.55_veh-28_01570_01776,near_pedestrian_on_crosswalk,43,1629817790199524,0.05002,332711.01135773427,4690047.894735355,0.00019892022223526223,332712.47235770535,4690047.895025977,9.639903956827158,0.2542164913508313,41,4,0,0,0,7,5,5,0,1,1,1,0
b21da07870d2560b,2021.08.24.14.40.55_veh-28_01570_01776,near_pedestrian_on_crosswalk,44,1629817790249546,0.050022,332711.4813166655,4690047.895582777,0.0002410808852592817,332712.942316623,4690047.895934996,9.643325019407182,0.2517922835473563,39,4,0,0,0,7,5,5,0,1,1,1,0
b21da07870d2560b,2021.08.24.14.40.55_veh-28_01570_01776,near_pedestrian_on_crosswalk,45,1629817790299569,0.050023,332711.949744075,4690047.895587215,0.0001274820360369246,332713.41074406315,4690047.895773467,9.651680831845413,0.24774234541711876,38,3,0,0,0,7,5,5,0,1,1,1,0
b21da07870d2560b,2021.08.24.14.40.55_veh-28_01570_01776,near_pedestrian_on_crosswalk,46,1629817790349591,0.050022,332712.4240669404,4690047.895987835,0.00012210558581346494,332713.8850669295,4690047.8961662315,9.660981951643464,0.2453128847211282,38,3,0,0,0,7,5,5,0,1,1,1,0
b21da07870d2560b,2021.08.24.14.40.55_veh-28_01570_01776,near_pedestrian_on_crosswalk,47,1629817790399611,0.05002,332712.8890286974,4690047.896386141,0.0002382675784245543,332714.3500286559,4690047.89673425,9.662655487571127,0.24601663005187283,38,3,0,0,0,7,5,5,0,1,1,1,0
b21da07870d2560b,2021.08.24.14.40.55_veh-28_01570_01776,near_pedestrian_on_crosswalk,48,1629817790449632,0.050021,332713.3593718442,4690047.896764036,0.0003132757254405483,332714.8203717725,4690047.897221732,9.66348469471273,0.24700617950572806,39,3,0,0,0,8,6,6,0,1,1,1,0
b21da07870d2560b,2021.08.24.14.40.55_veh-28_01570_01776,near_pedestrian_on_crosswalk,49,1629817790499653,0.050021,332713.828153361,4690047.8967697285,0.0003575258754973017,332715.28915326763,4690047.897292074,9.668302030728253,0.24166504746205147,39,3,0,0,0,8,6,6,0,1,1,1,0
b21da07870d2560b,2021.08.24.14.40.55_veh-28_01570_01776,near_pedestrian_on_crosswalk,50,1629817790549673,0.05002,332714.2980041113,4690047.896685261,0.0004572869610541779,332715.7590039585,4690047.897353358,9.666049115623006,0.232054368064765,39,3,0,0,0,8,6,6,0,1,1,1,0
b21da07870d2560b,2021.08.24.14.40.55_veh-28_01570_01776,near_pedestrian_on_crosswalk,51,1629817790599695,0.050022,332714.7627408557,4690047.897006522,0.000582361440850949,332716.22374060797,4690047.897857352,9.669075773271476,0.22558550017519854,39,3,0,0,0,8,6,6,0,1,1,1,0
b21da07870d2560b,2021.08.24.14.40.55_veh-28_01570_01776,near_pedestrian_on_crosswalk,52,1629817790649718,0.050023,332715.23730742425,4690047.896997488,0.0005895062430908949,332716.6983071704,4690047.897858757,9.671604741427048,0.22853463497497611,39,3,0,0,0,8,6,6,0,1,1,1,0
b21da07870d2560b,2021.08.24.14.40.55_veh-28_01570_01776,near_pedestrian_on_crosswalk,53,1629817790699740,0.050022,332715.7020261708,4690047.8974397825,0.0005848866313189384,332717.1630259209,4690047.898294302,9.671799800246797,0.2363656956197899,40,3,0,0,0,8,6,6,0,1,1,1,0
b21da07870d2560b,2021.08.24.14.40.55_veh-28_01570_01776,near_pedestrian_on_crosswalk,54,1629817790749762,0.050022,332716.170464427,4690047.898550023,0.0007322186003510687,332717.6314640353,4690047.899619794,9.671655344719527,0.24188837180025044,39,3,0,0,0,7,6,6,0,1,1,1,0
b21da07870d2560b,2021.08.24.14.40.55_veh-28_01570_01776,near_pedestrian_on_crosswalk,55,1629817790799783,0.050021,332716.63729114714,4690047.899628547,0.0008857112045631533,332718.0982905741,4690047.900922571,9.672148538611179,0.2393709036236605,39,3,0,0,0,7,6,6,0,1,1,1,0
b21da07870d2560b,2021.08.24.14.40.55_veh-28_01570_01776,near_pedestrian_on_crosswalk,56,1629817790849806,0.050023,332717.1015172273,4690047.900827871,0.0008765581239939895,332718.562516666,4690047.902108522,9.673296365664738,0.23454574932430794,39,3,0,0,0,7,6,6,0,1,1,1,0
b21da07870d2560b,2021.08.24.14.40.55_veh-28_01570_01776,near_pedestrian_on_crosswalk,57,1629817790899826,0.05002,332717.5750290006,4690047.901826458,0.0008392329934735672,332719.0360284861,4690047.903052578,9.671951597836992,0.23336586185239658,39,3,0,0,0,7,6,6,0,1,1,1,0
b21da07870d2560b,2021.08.24.14.40.55_veh-28_01570_01776,near_pedestrian_on_crosswalk,58,1629817790949841,0.050015,332718.04182893876,4690047.902272094,0.0008766677619339686,332719.50282837736,4690047.903552906,9.672767259566653,0.23756444432404614,40,4,0,0,0,7,6,6,0,1,1,1,0
b21da07870d2560b,2021.08.24.14.40.55_veh-28_01570_01776,near_pedestrian_on_crosswalk,59,1629817790999856,0.050015,332718.51070078835,4690047.902977722,0.0008284900736866666,332719.97170028696,4690047.904188146,9.672554785033315,0.24370963366602938,39,4,0,0,0,7,6,6,0,1,1,1,0
b21da07870d2560b,2021.08.24.14.40.55_veh-28_01570_01776,near_pedestrian_on_crosswalk,60,1629817791049868,0.050012,332718.9710429195,4690047.903674697,0.0009609539779977881,332720.43204224494,4690047.90507865,9.67086923177712,0.24107752374056865,39,4,0,0,0,7,6,6,0,1,1,1,0
b21da07870d2560b,2021.08.24.14.40.55_veh-28_01570_01776,near_pedestrian_on_crosswalk,61,1629817791099876,0.050008,332719.4386880841,4690047.904651861,0.0010943540039683934,332720.8996872092,4690047.9062507115,9.674083090225915,0.23985407284752397,39,4,0,0,0,7,6,6,0,1,1,1,0
b21da07870d2560b,2021.08.24.14.40.55_veh-28_01570_01776,near_pedestrian_on_crosswalk,62,1629817791149880,0.050004,332719.91334043926,4690047.905492131,0.0010671356174348989,332721.37433960737,4690047.907051216,9.678690705434688,0.240701348294237,39,4,0,0,0,7,6,6,0,1,1,1,0
b21da07870d2560b,2021.08.24.14.40.55_veh-28_01570_01776,near_pedestrian_on_crosswalk,63,1629817791199878,0.049998,332720.38693392236,4690047.906139781,0.0010622544982847025,332721.8479330981,4690047.907691734,9.683935750919737,0.2391516963627728,39,4,0,0,0,7,6,6,0,1,1,1,0
b21da07870d2560b,2021.08.24.14.40.55_veh-28_01570_01776,near_pedestrian_on_crosswalk,64,1629817791249872,0.049994,332720.8488999338,4690047.907003959,0.0009883194269861624,332722.30989922024,4690047.908447893,9.686132926726565,0.23808286515895893,39,4,0,0,0,7,6,6,0,1,1,1,0
b21da07870d2560b,2021.08.24.14.40.55_veh-28_01570_01776,near_pedestrian_on_crosswalk,65,1629817791299861,0.049989,332721.3176450352,4690047.908424734,0.0009736018039186699,332722.7786443428,4690047.909847166,9.685508199008234,0.2385900811999506,39,4,0,0,0,7,6,6,0,1,1,1,0
b21da07870d2560b,2021.08.24.14.40.55_veh-28_01570_01776,near_pedestrian_on_crosswalk,66,1629817791349845,0.049984,332721.78902124544,4690047.9095343,0.0008536968991807872,332723.250020713,4690047.910781551,9.692547599467751,0.23448563478012227,39,4,0,0,0,7,6,6,0,1,1,1,0
b21da07870d2560b,2021.08.24.14.40.55_veh-28_01570_01776,near_pedestrian_on_crosswalk,67,1629817791399823,0.049978,332722.2573855597,4690047.910032041,0.0007371268785653592,332723.71838516276,4690047.911108984,9.697921121839615,0.2327840166011594,39,4,0,0,0,7,6,6,0,1,1,1,0
b21da07870d2560b,2021.08.24.14.40.55_veh-28_01570_01776,near_pedestrian_on_crosswalk,68,1629817791449796,0.049973,332722.73472110135,4690047.910803035,0.0005739683547726181,332724.1957208607,4690047.911641602,9.707720963439986,0.2350107425785063,39,4,0,0,0,7,6,6,0,1,1,1,0
b21da07870d2560b,2021.08.24.14.40.55_veh-28_01570_01776,near_pedestrian_on_crosswalk,69,1629817791499768,0.049972,332723.20727235265,4690047.912104943,0.0005300099851656146,332724.6682721474,4690047.912879287,9.714379397463635,0.23412301903041471,37,4,0,0,0,7,6,6,0,1,1,1,0
b21da07870d2560b,2021.08.24.14.40.55_veh-28_01570_01776,near_pedestrian_on_crosswalk,70,1629817791549739,0.049971,332723.6854662194,4690047.913679644,0.0005243831707999924,332725.1464660185,4690047.914445768,9.720789466879502,0.2341711392828014,37,4,0,0,0,7,6,6,0,1,1,1,0
b21da07870d2560b,2021.08.24.14.40.55_veh-28_01570_01776,near_pedestrian_on_crosswalk,71,1629817791599710,0.049971,332724.14586063067,4690047.916044789,0.0005998130386598689,332725.6068603679,4690047.916921116,9.72436726061488,0.23464866652141878,37,4,0,0,0,7,6,6,0,1,1,1,0
b21da07870d2560b,2021.08.24.14.40.55_veh-28_01570_01776,near_pedestrian_on_crosswalk,72,1629817791649682,0.049972,332724.6220592265,4690047.9185556965,0.0005745930761450271,332726.0830589853,4690047.919395177,9.731389262002821,0.23662826579505888,37,4,0,0,0,7,6,6,0,1,1,1,0
b21da07870d2560b,2021.08.24.14.40.55_veh-28_01570_01776,near_pedestrian_on_crosswalk,73,1629817791699656,0.049974,332725.0940805082,4690047.920745309,0.0003971761731771179,332726.555080393,4690047.921325584,9.734037328216612,0.23781776903956256,37,4,0,0,0,7,6,6,0,1,1,1,0
b21da07870d2560b,2021.08.24.14.40.55_veh-28_01570_01776,near_pedestrian_on_crosswalk,74,1629817791749631,0.049975,332725.5632088537,4690047.923123082,0.00023752025194838201,332727.0242088125,4690047.923470099,9.734490180564826,0.23623306132271218,37,4,0,0,0,7,6,6,0,1,1,1,0
b21da07870d2560b,2021.08.24.14.40.55_veh-28_01570_01776,near_pedestrian_on_crosswalk,75,1629817791799606,0.049975,332726.0418717594,4690047.925558913,4.649321283353693e-05,332727.50287175784,4690047.9256268395,9.73800135773341,0.24037527287461374,37,4,0,0,0,6,5,5,0,1,1,1,0
b21da07870d2560b,2021.08.24.14.40.55_veh-28_01570_01776,near_pedestrian_on_crosswalk,76,1629817791849583,0.049977,332726.51081847755,4690047.928414919,-0.00029191249670118785,332727.9718184153,4690047.927988435,9.742099115896362,0.23879301634858827,38,4,0,0,0,6,5,5,0,1,1,1,0
b21da07870d2560b,2021.08.24.14.40.55_veh-28_01570_01776,near_pedestrian_on_crosswalk,77,1629817791899563,0.04998,332726.9882468595,4690047.931820478,-0.0005405344527034298,332728.4492466461,4690047.931030758,9.742907254054503,0.25915028820955055,39,4,0,0,0,6,5,5,0,1,1,1,0
b21da07870d2560b,2021.08.24.14.40.55_veh-28_01570_01776,near_pedestrian_on_crosswalk,78,1629817791949547,0.049984,332727.4580776792,4690047.936466151,-0.0008799980451451993,332728.9190771135,4690047.935180474,9.745698540008627,0.26777781279556034,40,4,0,0,0,6,5,5,0,1,1,1,0
b21da07870d2560b,2021.08.24.14.40.55_veh-28_01570_01776,near_pedestrian_on_crosswalk,79,1629817791999533,0.049986,332727.9371322753,4690047.940947858,-0.0009725064398755877,332729.39813158446,4690047.939527026,9.748934848557086,0.2601023404824311,42,4,0,0,0,6,5,5,0,1,1,1,0
b21da07870d2560b,2021.08.24.14.40.55_veh-28_01570_01776,near_pedestrian_on_crosswalk,80,1629817792049521,0.049988,332728.409370952,4690047.946623006,-0.0011375430856520228,332729.8703700067,4690047.944961056,9.762575935688162,0.25401593947973866,42,4,0,0,0,6,5,5,0,1,1,1,0
b21da07870d2560b,2021.08.24.14.40.55_veh-28_01570_01776,near_pedestrian_on_crosswalk,81,1629817792099513,0.049992,332728.88640691637,4690047.950433523,-0.0013703721881333215,332730.34740554454,4690047.94843141,9.767432758547718,0.26095828319843545,42,4,0,0,0,6,5,5,0,1,1,1,0
b21da07870d2560b,2021.08.24.14.40.55_veh-28_01570_01776,near_pedestrian_on_crosswalk,82,1629817792149516,0.050003,332729.3622862401,4690047.952667897,-0.001492646617484604,332730.82328461256,4690047.950487141,9.769141262893125,0.27129583147606623,43,4,0,0,0,6,5,5,0,1,1,1,0
b21da07870d2560b,2021.08.24.14.40.55_veh-28_01570_01776,near_pedestrian_on_crosswalk,83,1629817792199531,0.050015,332729.84673142206,4690047.95862101,-0.0014765387233620331,332731.30772982945,4690047.956463788,9.777887500077187,0.27505266734180966,42,4,0,0,0,6,4,4,0,1,1,1,0
b21da07870d2560b,2021.08.24.14.40.55_veh-28_01570_01776,near_pedestrian_on_crosswalk,84,1629817792249554,0.050023,332730.3169234986,4690047.961316778,-0.001591091801617013,332731.7779216493,4690047.958992194,9.779865290398241,0.273475423606887,42,4,0,0,0,6,4,4,0,1,1,1,0
b21da07870d2560b,2021.08.24.14.40.55_veh-28_01570_01776,near_pedestrian_on_crosswalk,85,1629817792299581,0.050027,332730.7953849071,4690047.964891189,-0.0018050703822364122,332732.25638252695,4690047.962253982,9.776066638167736,0.2705486408654485,41,4,0,0,0,6,4,4,0,1,1,1,0
b21da07870d2560b,2021.08.24.14.40.55_veh-28_01570_01776,near_pedestrian_on_crosswalk,86,1629817792349609,0.050028,332731.26825704955,4690047.968733316,-0.002097401884039653,332732.72925383603,4690047.9656690145,9.780939278445892,0.2791463267324955,41,4,0,0,0,6,4,4,0,1,0,0,0
b21da07870d2560b,2021.08.24.14.40.55_veh-28_01570_01776,near_pedestrian_on_crosswalk,87,1629817792399639,0.05003,332731.7419757419,4690047.972274578,-0.002496370178900594,332733.2029711896,4690047.968627385,9.784454986952182,0.28955258440577314,42,4,0,0,0,6,4,4,0,1,0,0,0
b21da07870d2560b,2021.08.24.14.40.55_veh-28_01570_01776,near_pedestrian_on_crosswalk,88,1629817792449670,0.050031,332732.21228401194,4690047.975972425,-0.002759760984719226,332733.67327844823,4690047.97194042,9.781569219058502,0.295807651904665,42,4,0,0,0,6,4,4,0,1,0,0,0
b21da07870d2560b,2021.08.24.14.40.55_veh-28_01570_01776,near_pedestrian_on_crosswalk,89,1629817792499704,0.050034,332732.69040914916,4690047.97817993,-0.0027520169868676986,332734.15140361665,4690047.974159238,9.793613848574411,0.28728072114915487,42,4,0,0,0,6,4,4,0,1,0,0,0
b21da07870d2560b,2021.08.24.14.40.55_veh-28_01570_01776,near_pedestrian_on_crosswalk,90,1629817792549739,0.050035,332733.1669948971,4690047.978977884,-0.0029257394249342303,332734.62798864406,4690047.974703385,9.788683488189779,0.27520801469400236,43,4,0,0,0,6,4,4,0,1,0,0,0
b21da07870d2560b,2021.08.24.14.40.55_veh-28_01570_01776,near_pedestrian_on_crosswalk,91,1629817792599773,0.050034,332733.6363068753,4690047.9799633,-0.0031747493930503103,332735.0972995126,4690047.975324999,9.786757900946212,0.27251371837070926,43,4,0,0,0,6,4,4,0,1,0,0,0
b21da07870d2560b,2021.08.24.14.40.55_veh-28_01570_01776,near_pedestrian_on_crosswalk,92,1629817792649806,0.050033,332734.1170334008,4690047.980612536,-0.0035313756454969218,332735.578024291,4690047.975453207,9.782486290698495,0.27967678049016526,44,4,0,0,0,6,4,4,0,2,0,0,0
b21da07870d2560b,2021.08.24.14.40.55_veh-28_01570_01776,near_pedestrian_on_crosswalk,93,1629817792699837,0.050031,332734.58438371605,4690047.982410435,-0.0035804548106271733,332736.0453743513,4690047.977179402,9.776662563939869,0.2850046435218239,44,4,0,0,0,6,4,4,0,2,0,0,0
b21da07870d2560b,2021.08.24.14.40.55_veh-28_01570_01776,near_pedestrian_on_crosswalk,94,1629817792749865,0.050028,332735.0575602995,4690047.984511176,-0.0034186729286067126,332736.5185517619,4690047.979516504,9.771167950479564,0.27594818662000614,44,4,0,0,0,6,4,4,0,2,0,0,0
b21da07870d2560b,2021.08.24.14.40.55_veh-28_01570_01776,near_pedestrian_on_crosswalk,95,1629817792799888,0.050023,332735.53021882934,4690047.984132013,-0.00347554727151578,332736.9912100053,4690047.979054249,9.772242415196585,0.2675399021559716,44,4,0,0,0,6,4,4,0,2,0,0,0
b21da07870d2560b,2021.08.24.14.40.55_veh-28_01570_01776,near_pedestrian_on_crosswalk,96,1629817792849904,0.050016,332735.99853699864,4690047.983836453,-0.003610059298101807,332737.4595274784,4690047.978562168,9.768267507701289,0.26850333809109567,44,4,0,0,0,6,4,4,0,2,0,0,0
b21da07870d2560b,2021.08.24.14.40.55_veh-28_01570_01776,near_pedestrian_on_crosswalk,97,1629817792899914,0.05001,332736.46300718276,4690047.984069217,-0.0037882790380478768,332737.92399669933,4690047.978534554,9.761115563225644,0.2759844785770523,45,4,0,0,0,6,4,4,0,2,0,0,0
b21da07870d2560b,2021.08.24.14.40.55_veh-28_01570_01776,near_pedestrian_on_crosswalk,98,1629817792949916,0.050002,332736.9369909918,4690047.983255203,-0.003936774183789236,332738.3979796704,4690047.97750359,9.753169116992234,0.27275266132928355,45,4,0,0,0,6,4,4,0,2,0,0,0
b21da07870d2560b,2021.08.24.14.40.55_veh-28_01570_01776,near_pedestrian_on_crosswalk,99,1629817792999913,0.049997,332737.40785676916,4690047.982763433,-0.004012600895582811,332738.86884500744,4690047.976901039,9.754303653774233,0.27044454858550754,44,4,0,0,0,6,4,4,0,2,0,0,0
a2257d7ec44a5fe4,2021.10.21.17.08.25_veh-28_00521_00992,traversing_intersection,0,1634837145949776,,330925.05762145744,4690132.4359694375,-2.074120866626752,330924.3529220717,4690131.156157039,9.057058600403202,0.23040366255778677,17,5,3,3,0,1,0,0,0,3,0,0,0
a2257d7ec44a5fe4,2021.10.21.17.08.25_veh-28_00521_00992,traversing_intersection,1,1634837145999766,0.04999,330924.84171285416,4690132.046410213,-2.0752058317963846,330924.1356253316,4690130.767363142,9.055368331095691,0.19408613255588222,17,5,3,3,0,1,1,1,0,3,0,0,0
a2257d7ec44a5fe4,2021.10.21.17.08.25_veh-28_00521_00992,traversing_intersection,2,1634837146049753,0.049987,330924.6284643892,4690131.666667668,-2.0766935189438946,330923.9204748268,4690130.38867245,9.055439206259365,0.1652550805077916,17,5,3,3,0,1,1,1,0,3,0,0,0
a2257d7ec44a5fe4,2021.10.21.17.08.25_veh-28_00521_00992,traversing_intersection,3,1634837146099742,0.049989,330924.4087837924,4690131.277446422,-2.0776438432071944,330923.69958004,4690130.0001246,9.0516574688398,0.16687143032014212,17,5,3,3,0,1,1,1,0,3,0,0,0
a2257d7ec44a5fe4,2021.10.21.17.08.25_veh-28_00521_00992,traversing_intersection,4,1634837146149735,0.049993,330924.193090685,4690130.893580661,-2.0781363512641358,330923.4832579274,4690129.616608283,9.053560029561325,0.18036713814632263,17,5,3,3,0,1,1,1,0,3,0,0,0
a2257d7ec44a5fe4,2021.10.21.17.08.25_veh-28_00521_00992,traversing_intersection,5,1634837146199734,0.049999,330923.97844225424,4690130.509141274,-2.0784433959721893,330923.2682174425,4690129.232386906,9.054067842069278,0.1918004147956294,17,5,3,3,0,1,1,1,0,3,0,0,0
a2257d7ec44a5fe4,2021.10.21.17.08.25_veh-28_00521_00992,traversing_intersection,6,1634837146249732,0.049998,330923.7672403067,4690130.129878134,-2.078712177279576,330923.0566723529,4690128.853314707,9.049772695141575,0.18148944888409485,17,5,3,3,0,1,1,1,0,3,0,0,0
a2257d7ec44a5fe4,2021.10.21.17.08.25_veh-28_00521_00992,traversing_intersection,7,1634837146299729,0.049997,330923.5504828102,4690129.74139439,-2.079288447497775,330922.83917932893,4690128.465240655,9.048905028967287,0.18261130056453248,17,5,3,3,0,1,1,1,0,3,0,0,0
a2257d7ec44a5fe4,2021.10.21.17.08.25_veh-28_00521_00992,traversing_intersection,8,1634837146349728,0.049999,330923.3349467702,4690129.3591532875,-2.080702877590218,330922.6218389708,4690128.084006917,9.043202777618179,0.1985822328324996,17,5,3,3,0,1,1,1,0,3,0,0,0
a2257d7ec44a5fe4,2021.10.21.17.08.25_veh-28_00521_00992,traversing_intersection,9,1634837146399728,0.05,330923.11850181373,4690128.974510948,-2.081717666647357,330922.40410037717,4690127.700088888,9.038386289862434,0.2005243396077499,17,5,3,3,0,1,1,1,0,3,0,0,0
a2257d7ec44a5fe4,2021.10.21.17.08.25_veh-28_00521_00992,traversing_intersection,10,1634837146449731,0.050003,330922.90571833577,4690128.597187494,-2.0821624341069196,330922.1907501484,4690127.323083302,9.030747498900801,0.2023370947415893,17,5,3,3,0,1,1,1,0,3,0,0,0
a2257d7ec44a5fe4,2021.10.21.17.08.25_veh-28_00521_00992,traversing_intersection,11,1634837146499737,0.050006,330922.68974290363,4690128.214777526,-2.0828456138999973,330921.97390444094,4690126.941162084,9.031995190401506,0.1982406113491327,17,5,3,3,0,1,1,1,0,3,0,0,0
a2257d7ec44a5fe4,2021.10.21.17.08.25_veh-28_00521_00992,traversing_intersection,12,1634837146549749,0.050012,330922.4725005071,4690127.827927612,-2.083326154282738,330921.7560501034,4690126.554656305,9.025121906446763,0.18793099090230755,17,5,3,3,0,1,1,1,0,3,0,0,0
a2257d7ec44a5fe4,2021.10.21.17.08.25_veh-28_00521_00992,traversing_intersection,13,1634837146599766,0.050017,330922.2580389053,4690127.447502976,-2.083759526512463,330921.54103676847,4690126.174542279,9.032387671136595,0.1837814496128168,17,5,3,3,0,1,1,1,0,3,0,0,0
a2257d7ec44a5fe4,2021.10.21.17.08.25_veh-28_00521_00992,traversing_intersection,14,1634837146649790,0.050024,330922.04256075644,4690127.062769773,-2.0844345986611588,330921.3246994428,4690125.790293395,9.028514506836569,0.19639677176576853,17,5,3,3,0,1,1,1,0,3,0,0,0
a2257d7ec44a5fe4,2021.10.21.17.08.25_veh-28_00521_00992,traversing_intersection,15,1634837146699819,0.050029,330921.82899308734,4690126.6791857695,-2.0848220097424193,330921.11063885613,4690125.4069875935,9.027032323796556,0.20593237038799436,17,5,3,3,0,1,1,1,0,3,0,0,0
a2257d7ec44a5fe4,2021.10.21.17.08.25_veh-28_00521_00992,traversing_intersection,16,1634837146749852,0.050033,330921.6169684356,4690126.29719494,-2.0852291772050706,330920.8980962662,4690125.02528936,9.025452356033624,0.20877727966658804,17,5,3,3,0,1,1,1,0,3,0,0,0
a2257d7ec44a5fe4,2021.10.21.17.08.25_veh-28_00521_00992,traversing_intersection,17,1634837146799883,0.050031,330921.39990965155,4690125.906483262,-2.0857995020519433,330920.68031219975,4690124.63498788,9.02249417071608,0.21659929293531366,17,5,3,3,0,1,1,1,0,3,0,0,0
a2257d7ec44a5fe4,2021.10.21.17.08.25_veh-28_00521_00992,traversing_intersection,18,1634837146849916,0.050033,330921.1892186803,4690125.527632696,-2.086445115814864,330920.4688004837,4690124.256602161,9.017992724914706,0.22930318341444594,18,5,3,3,0,1,1,1,0,4,0,0,0
a2257d7ec44a5fe4,2021.10.21.17.08.25_veh-28_00521_00992,traversing_intersection,19,1634837146899949,0.050033,330920.9749450007,4690125.146336431,-2.086905415596898,330920.2539418253,4690123.875637638,9.014838977266658,0.24013275927206695,18,5,3,3,0,1,1,1,0,4,0,0,0
a2257d7ec44a5fe4,2021.10.21.17.08.25_veh-28_00521_00992,traversing_intersection,20,1634837146949979,0.05003,330920.7584917792,4690124.7590085715,-2.0874121808711856,330920.0368447504,4690123.488675321,9.010036550808639,0.2533927402446294,18,5,3,3,0,1,1,1,0,4,0,0,0
a2257d7ec44a5fe4,2021.10.21.17.08.25_veh-28_00521_00992,traversing_intersection,21,1634837147000008,0.050029,330920.5476079884,4690124.380397133,-2.087768868468192,330919.8255078934,4690123.110321366,9.004758492519047,0.25467749144209545,17,5,3,3,0,1,1,1,0,3,0,0,0
a2257d7ec44a5fe4,2021.10.21.17.08.25_veh-28_00521_00992,traversing_intersection,22,1634837147050035,0.050027,330920.33209835493,4690123.994360044,-2.088207877332966,330919.609440755,4690122.724601408,9.005628989344183,0.24879750229188638,17,5,3,3,0,1,1,1,0,3,0,0,0
a2257d7ec44a5fe4,2021.10.21.17.08.25_veh-28_00521_00992,traversing_intersection,23,1634837147100064,0.050029,330920.11791911523,4690123.611765396,-2.08882062215468,330919.39448361297,4690122.342449803,8.998044595901577,0.24714413807545624,17,5,3,3,0,1,1,1,0,3,0,0,0
a2257d7ec44a5fe4,2021.10.21.17.08.25_veh-28_00521_00992,traversing_intersection,24,1634837147150093,0.050029,330919.9033859456,4690123.230702908,-2.0892994537944167,330919.1793427378,4690121.961733865,8.993720682228126,0.24980269955362633,17,5,3,3,0,1,1,1,0,3,0,0,0
a2257d7ec44a5fe4,2021.10.21.17.08.25_veh-28_00521_00992,traversing_intersection,25,1634837147200121,0.050028,330919.68468575855,4690122.843391578,-2.089699568410519,330918.9601348757,4690121.574712336,8.993419376901748,0.2544324059769427,16,5,3,3,0,1,1,1,0,3,0,0,0
a2257d7ec44a5fe4,2021.10.21.17.08.25_veh-28_00521_00992,traversing_intersection,26,1634837147250148,0.050027,330919.4685229575,4690122.46281935,-2.090077966429784,330918.74349206086,4690121.194414368,8.98956890239196,0.25379032855119055,16,5,3,3,0,1,1,1,0,3,0,0,0
a2257d7ec44a5fe4,2021.10.21.17.08.25_veh-28_00521_00992,traversing_intersection,27,1634837147300171,0.050023,330919.2538427326,4690122.084295355,-2.0903370492108757,330918.52848323836,4690120.816078258,8.987054658769022,0.2475924865392609,16,5,3,3,0,1,1,1,0,3,0,0,0
a2257d7ec44a5fe4,2021.10.21.17.08.25_veh-28_00521_00992,traversing_intersection,28,1634837147350193,0.050022,330919.04007075384,4690121.7092362335,-2.0907378248243287,330918.31420304737,4690120.441309945,8.97915681415721,0.24563309272416078,16,5,3,3,0,1,1,1,0,3,0,0,0
a2257d7ec44a5fe4,2021.10.21.17.08.25_veh-28_00521_00992,traversing_intersection,29,1634837147400215,0.050022,330918.82324104116,4690121.330172461,-2.0912464598941667,330918.09672851686,4690120.062615539,8.980765995078732,0.24477458709539895,16,5,3,3,0,1,1,1,0,3,0,0,0
a2257d7ec44a5fe4,2021.10.21.17.08.25_veh-28_00521_00992,traversing_intersection,30,1634837147450239,0.050024,330918.60710155003,4690120.951861235,-2.091559464886259,330917.8801923097,4690119.684531777,8.979505266571058,0.2418011957089949,16,5,3,3,0,1,1,1,0,3,0,0,0
a2257d7ec44a5fe4,2021.10.21.17.08.25_veh-28_00521_00992,traversing_intersection,31,1634837147500265,0.050026,330918.3921139458,4690120.573886704,-2.09188413506011,330917.66479327966,4690119.306793318,8.978596225807498,0.23359102446348845,16,5,3,3,0,1,1,1,0,3,0,0,0
a2257d7ec44a5fe4,2021.10.21.17.08.25_veh-28_00521_00992,traversing_intersection,32,1634837147550290,0.050025,330918.17709545844,4690120.195773367,-2.0922519698732045,330917.44930876046,4690118.928947601,8.972096700713314,0.2219955880408486,16,5,2,2,0,1,1,1,0,3,0,0,0
a2257d7ec44a5fe4,2021.10.21.17.08.25_veh-28_00521_00992,traversing_intersection,33,1634837147600315,0.050025,330917.9594694651,4690119.814595506,-2.0926547730234706,330917.23117254477,4690118.548062997,8.969068610209037,0.21347944814633915,16,5,2,2,0,1,1,1,0,3,0,0,0
a2257d7ec44a5fe4,2021.10.21.17.08.25_veh-28_00521_00992,traversing_intersection,34,1634837147650338,0.050023,330917.74458700424,4690119.439248214,-2.0931211554871787,330917.0156994746,4690118.173055507,8.96304472047167,0.2171290029890952,16,5,2,2,0,1,1,1,0,3,0,0,0
a2257d7ec44a5fe4,2021.10.21.17.08.25_veh-28_00521_00992,traversing_intersection,35,1634837147700363,0.050025,330917.5250504001,4690119.058216055,-2.0936874532541525,330916.7954459453,4690117.792436319,8.960531619801158,0.23111963804957208,16,5,2,2,0,1,1,1,0,3,0,0,0
a2257d7ec44a5fe4,2021.10.21.17.08.25_veh-28_00521_00992,traversing_intersection,36,1634837147750388,0.050025,330917.30869031156,4690118.683911134,-2.0938576546043537,330916.5788704299,4690117.4182555955,8.956865712877878,0.23842775451600975,16,5,2,2,0,1,1,1,0,3,0,0,0
a2257d7ec44a5fe4,2021.10.21.17.08.25_veh-28_00521_00992,traversing_intersection,37,1634837147800413,0.050025,330917.08751627617,4690118.301908866,-2.0940300469385784,330916.35747821606,4690117.036379162,8.957662553573272,0.23273755308679447,15,5,2,2,0,1,1,1,0,3,0,0,0
a2257d7ec44a5fe4,2021.10.21.17.08.25_veh-28_00521_00992,traversing_intersection,38,1634837147850436,0.050023,330916.8718704628,4690117.931019104,-2.094174364940216,330916.14164977154,4690116.6655947715,8.953928002642598,0.21840357620552497,15,5,2,2,0,1,1,1,0,3,0,0,0
a2257d7ec44a5fe4,2021.10.21.17.08.25_veh-28_00521_00992,traversing_intersection,39,1634837147900459,0.050023,330916.6479965964,4690117.550543129,-2.0945932947131336,330915.9172458453,4690116.285424819,8.955129595679061,0.2040037598363823,15,5,2,2,0,1,1,1,0,3,0,0,0
a2257d7ec44a5fe4,2021.10.21.17.08.25_veh-28_00521_00992,traversing_intersection,40,1634837147950484,0.050025,330916.4292605043,4690117.178935256,-2.094858707522951,330915.69817400037,4690115.91401094,8.954473563097462,0.19721549308307107,15,5,2,2,0,1,1,1,0,3,0,0,0
a2257d7ec44a5fe4,2021.10.21.17.08.25_veh-28_00521_00992,traversing_intersection,41,1634837148000510,0.050026,330916.20765726705,4690116.799874928,-2.0950765442887844,330915.4762952334,4690115.5351099,8.952495144119487,0.2042802946999765,15,5,2,2,0,1,1,1,0,3,0,0,0
a2257d7ec44a5fe4,2021.10.21.17.08.25_veh-28_00521_00992,traversing_intersection,42,1634837148050535,0.050025,330915.98970897344,4690116.427921927,-2.0951530460494316,330915.25825018523,4690115.163212853,8.950598101074892,0.21250425702901687,15,5,3,3,0,1,1,1,0,3,0,0,0
a2257d7ec44a5fe4,2021.10.21.17.08.25_veh-28_00521_00992,traversing_intersection,43,1634837148100557,0.050022,330915.76960954926,4690116.048555523,-2.0953206523838683,330915.037938798,4690114.783969064,8.949793195546123,0.2176942446889219,15,5,3,3,0,1,1,1,0,3,0,0,0
a2257d7ec44a5fe4,2021.10.21.17.08.25_veh-28_00521_00992,traversing_intersection,44,1634837148150572,0.050015,330915.550245621,4690115.669691102,-2.095791624976281,330914.8179793654,4690114.40544938,8.946384849790455,0.21919498772784393,14,5,3,3,0,1,1,1,0,2,0,0,0
a2257d7ec44a5fe4,2021.10.21.17.08.25_veh-28_00521_00992,traversing_intersection,45,1634837148200580,0.050008,330915.3336156447,4690115.297416185,-2.0965352349739597,330914.6004094889,4690114.033719333,8.950759487403513,0.21609762451797623,14,5,3,3,0,1,1,1,0,2,0,0,0
a2257d7ec44a5fe4,2021.10.21.17.08.25_veh-28_00521_00992,traversing_intersection,46,1634837148250579,0.049999,330915.11368785286,4690114.921438825,-2.0971335910590847,330914.3797256876,4690113.658180919,8.947495848111135,0.20561345369328457,14,5,3,3,0,1,1,1,0,2,0,0,0
a2257d7ec44a5fe4,2021.10.21.17.08.25_veh-28_00521_00992,traversing_intersection,47,1634837148300571,0.049992,330914.8968121827,4690114.55036284,-2.0975267239901227,330914.1623534459,4690113.2873935755,8.949133062152255,0.19727135918599964,14,5,3,3,0,1,1,1,0,2,0,0,0
a2257d7ec44a5fe4,2021.10.21.17.08.25_veh-28_00521_00992,traversing_intersection,48,1634837148350558,0.049987,330914.676297958,4690114.173388612,-2.098043701989504,330913.94118639204,4690112.910799216,8.944911157440222,0.1953830759529153,14,5,3,3,0,1,1,1,0,2,0,0,0
a2257d7ec44a5fe4,2021.10.21.17.08.25_veh-28_00521_00992,traversing_intersection,49,1634837148400539,0.049981,330914.4543751893,4690113.791627374,-2.0983225535069043,330913.718911577,4690112.529243013,8.945658751864002,0.2007179020306896,14,5,3,3,0,1,1,1,0,2,0,0,0
a2257d7ec44a5fe4,2021.10.21.17.08.25_veh-28_00521_00992,traversing_intersection,50,1634837148450516,0.049977,330914.2340613764,4690113.41481148,-2.09855988434143,330913.4982981821,4690112.152601702,8.944021881461454,0.19905518715162673,14,5,3,3,0,1,1,1,0,2,0,0,0
a2257d7ec44a5fe4,2021.10.21.17.08.25_veh-28_00521_00992,traversing_intersection,51,1634837148500489,0.049973,330914.01834589604,4690113.042950159,-2.0986014906537767,330913.2825301864,4690111.780770995,8.93858838562623,0.19670019878087103,14,5,3,3,0,1,1,1,0,2,0,0,0
a2257d7ec44a5fe4,2021.10.21.17.08.25_veh-28_00521_00992,traversing_intersection,52,1634837148550460,0.049971,330913.797095579,4690112.661235445,-2.0988681657015285,330913.06094330386,4690111.39925255,8.936124849453511,0.20533296956019612,14,5,3,3,0,1,1,1,0,2,0,0,0
a2257d7ec44a5fe4,2021.10.21.17.08.25_veh-28_00521_00992,traversing_intersection,53,1634837148600427,0.049967,330913.5789594079,4690112.280513918,-2.0991774903985196,330912.84241680556,4690111.018758793,8.92215968760544,0.20768647129926054,14,5,3,3,0,1,1,1,0,2,0,0,0
a2257d7ec44a5fe4,2021.10.21.17.08.25_veh-28_00521_00992,traversing_intersection,54,1634837148650395,0.049968,330913.3653765452,4690111.909818988,-2.0995552725017643,330912.62835732684,4690110.648342206,8.90702685614386,0.2095866350500679,14,5,3,3,0,1,1,1,0,2,0,0,0
a2257d7ec44a5fe4,2021.10.21.17.08.25_veh-28_00521_00992,traversing_intersection,55,1634837148700362,0.049967,330913.1461069073,4690111.530474788,-2.100085861768176,330912.4084184667,4690110.269389237,8.899572176163458,0.21516384884275933,14,5,3,3,0,1,1,1,0,2,0,0,0
a2257d7ec44a5fe4,2021.10.21.17.08.25_veh-28_00521_00992,traversing_intersection,56,1634837148750328,0.049966,330912.9279907565,4690111.154328726,-2.1004872388380926,330912.18979620456,4690109.893539369,8.885215098526304,0.22035370544200342,14,5,3,3,0,1,1,1,0,2,0,0,0
a2257d7ec44a5fe4,2021.10.21.17.08.25_veh-28_00521_00992,traversing_intersection,57,1634837148800293,0.049965,330912.7138190735,4690110.7876624055,-2.1009523902510714,330911.97503814346,4690109.5272165565,8.877634691734894,0.2199766449700215,14,5,3,3,0,1,1,1,0,2,0,0,0
a2257d7ec44a5fe4,2021.10.21.17.08.25_veh-28_00521_00992,traversing_intersection,58,1634837148850261,0.049968,330912.494329032,4690110.41162173,-2.101397721082089,330911.75498685986,4690109.151505008,8.861408254478023,0.22295620649773418,14,5,3,3,0,1,1,1,0,2,0,0,0
a2257d7ec44a5fe4,2021.10.21.17.08.25_veh-28_00521_00992,traversing_intersection,59,1634837148900230,0.049969,330912.28120501735,4690110.0440788595,-2.1017698411140056,330911.5413939817,4690108.784237349,8.84585682635145,0.2297819907636549,14,5,3,3,0,1,1,1,0,2,0,0,0
a2257d7ec44a5fe4,2021.10.21.17.08.25_veh-28_00521_00992,traversing_intersection,60,1634837148950202,0.049972,330912.06738227315,4690109.674951286,-2.1021748583549886,330911.3270610407,4690108.415409515,8.820570503835794,0.23087035070342854,14,5,3,3,0,1,1,1,0,2,0,0,0
a2257d7ec44a5fe4,2021.10.21.17.08.25_veh-28_00521_00992,traversing_intersection,61,1634837149000174,0.049972,330911.85000439966,4690109.300211491,-2.1024227769359904,330911.10937092616,4690108.040853298,8.795501615438203,0.22660197171359067,14,5,3,3,0,1,1,1,0,2,0,0,0
a2257d7ec44a5fe4,2021.10.21.17.08.25_veh-28_00521_00992,traversing_intersection,62,1634837149050146,0.049972,330911.63239876245,4690108.927849269,-2.1028891711534903,330910.8911780121,4690107.66883664,8.767659052447865,0.22292871643147577,13,5,3,3,0,1,1,1,0,1,0,0,0
a2257d7ec44a5fe4,2021.10.21.17.08.25_veh-28_00521_00992,traversing_intersection,63,1634837149100119,0.049973,330911.4185443452,4690108.562637442,-2.103312601042235,330910.67679055774,4690107.303938781,8.742424243261256,0.22170358311488575,14,5,3,3,0,1,1,1,0,2,0,0,0
a2257d7ec44a5fe4,2021.10.21.17.08.25_veh-28_00521_00992,traversing_intersection,64,1634837149150093,0.049974,330911.20317683375,4690108.193285693,-2.1038610489445513,330910.46073282725,4690106.934994035,8.712529851983637,0.22552695794737235,13,5,3,3,0,1,1,1,0,2,0,0,0
a2257d7ec44a5fe4,2021.10.21.17.08.25_veh-28_00521_00992,traversing_intersection,65,1634837149200069,0.049976,330910.98537287937,4690107.819498897,-2.104104972156941,330910.24262196844,4690106.561388375,8.684766232666627,0.22955291084896448,12,5,3,3,0,1,1,1,0,2,0,0,0
a2257d7ec44a5fe4,2021.10.21.17.08.25_veh-28_00521_00992,traversing_intersection,66,1634837149250048,0.049979,330910.7724878004,4690107.453344182,-2.1043335405915813,330910.0294493445,4690106.195403463,8.650107596230187,0.23066578319794775,12,5,3,3,0,1,1,1,0,2,0,0,0
a2257d7ec44a5fe4,2021.10.21.17.08.25_veh-28_00521_00992,traversing_intersection,67,1634837149300030,0.049982,330910.5609796298,4690107.089340346,-2.1045947694690526,330909.8176125888,4690105.831593772,8.615529122775243,0.2310129482409624,12,5,3,3,0,1,1,1,0,2,0,0,0
a2257d7ec44a5fe4,2021.10.21.17.08.25_veh-28_00521_00992,traversing_intersection,68,1634837149350013,0.049983,330910.34928230796,4690106.727224315,-2.105020221096968,330909.60538022395,4690105.469794122,8.572166479725317,0.23063469457555505,12,5,3,3,0,1,1,1,0,2,0,0,0
a2257d7ec44a5fe4,2021.10.21.17.08.25_veh-28_00521_00992,traversing_intersection,69,1634837149399998,0.049985,330910.1389018296,4690106.368398739,-2.1053281832006068,330909.39461254,4690105.1111977,8.524691189366312,0.23095022978672317,12,5,3,3,0,1,1,1,0,2,0,0,0
a2257d7ec44a5fe4,2021.10.21.17.08.25_veh-28_00521_00992,traversing_intersection,70,1634837149449986,0.049988,330909.92809288646,4690106.010082635,-2.105640301057169,330909.18341123825,4690104.753113963,8.479311717718176,0.23111690989739603,11,5,3,3,0,1,1,1,0,1,0,0,0
a2257d7ec44a5fe4,2021.10.21.17.08.25_veh-28_00521_00992,traversing_intersection,71,1634837149499973,0.049987,330909.7205315017,4690105.656688099,-2.1058929658213823,330908.9755322856,4690104.399907622,8.430010079665584,0.23242879777741943,11,5,3,3,0,1,1,1,0,1,0,0,0
a2257d7ec44a5fe4,2021.10.21.17.08.25_veh-28_00521_00992,traversing_intersection,72,1634837149549958,0.049985,330909.5120111082,4690105.303113742,-2.106136980384452,330908.7667052415,4690104.046515092,8.385005931302057,0.2326487269210396,11,5,3,3,0,1,1,1,0,1,0,0,0
a2257d7ec44a5fe4,2021.10.21.17.08.25_veh-28_00521_00992,traversing_intersection,73,1634837149599941,0.049983,330909.3018163692,4690104.946688962,-2.1062636877620022,330908.55635128816,4690103.690184759,8.334295843545018,0.22829460621316872,11,5,3,3,0,1,1,1,0,1,0,0,0
a2257d7ec44a5fe4,2021.10.21.17.08.25_veh-28_00521_00992,traversing_intersection,74,1634837149649922,0.049981,330909.09727239114,4690104.599889635,-2.1064571855725385,330908.35156419326,4690103.343529701,8.283971955658537,0.2251996418277337,12,6,3,3,0,1,1,1,0,1,0,0,0
a2257d7ec44a5fe4,2021.10.21.17.08.25_veh-28_00521_00992,traversing_intersection,75,1634837149699903,0.049981,330908.89215568564,4690104.2515618205,-2.1067448536303783,330908.146086104,4690102.995416455,8.231811132637393,0.22096826695792585,12,6,3,3,0,1,1,1,0,1,0,0,0
a2257d7ec44a5fe4,2021.10.21.17.08.25_veh-28_00521_00992,traversing_intersection,76,1634837149749883,0.04998,330908.6899655187,4690103.909741363,-2.106961171090963,330907.94362422836,4690102.653757414,8.17960040693536,0.21764550066582108,12,6,3,3,0,1,1,1,0,1,0,0,0
a2257d7ec44a5fe4,2021.10.21.17.08.25_veh-28_00521_00992,traversing_intersection,77,1634837149799860,0.049977,330908.4847616109,4690103.5636938205,-2.107031067399387,330907.73833253374,4690102.307762042,8.129589477197207,0.21218678199908525,12,6,3,3,0,1,1,1,0,1,0,0,0
a2257d7ec44a5fe4,2021.10.21.17.08.25_veh-28_00521_00992,traversing_intersection,78,1634837149849836,0.049976,330908.2835519355,4690103.223517615,-2.1071509806586644,330907.53697226086,4690101.9676753525,8.078036154793919,0.20883382667849512,11,6,3,3,0,1,1,1,0,1,0,0,0
a2257d7ec44a5fe4,2021.10.21.17.08.25_veh-28_00521_00992,traversing_intersection,79,1634837149899812,0.049976,330908.08472268254,4690102.886158758,-2.1071319231086716,330907.33816694125,4690101.630302267,8.030321185546935,0.208941017169294,11,6,3,3,0,1,1,1,0,1,0,0,0
a2257d7ec44a5fe4,2021.10.21.17.08.25_veh-28_00521_00992,traversing_intersection,80,1634837149949792,0.04998,330907.88901487313,4690102.55391041,-2.1072306076215526,330907.1423352019,4690101.298127599,7.985543058173184,0.21093539712419399,11,6,3,3,0,1,1,1,0,1,0,0,0
a2257d7ec44a5fe4,2021.10.21.17.08.25_veh-28_00521_00992,traversing_intersection,81,1634837149999773,0.049981,330907.6920813656,4690102.219959349,-2.107391236267256,330906.94519998936,4690100.964296493,7.939449403602337,0.21085459937819842,11,6,3,3,0,1,1,1,0,1,0,0,0
a2257d7ec44a5fe4,2021.10.21.17.08.25_veh-28_00521_00992,traversing_intersection,82,1634837150049755,0.049982,330907.49546829466,4690101.885397905,-2.1074296254205134,330906.7485387151,4690100.629763721,7.894391816516221,0.21086758633094885,11,6,3,3,0,1,1,1,0,1,0,0,0
a2257d7ec44a5fe4,2021.10.21.17.08.25_veh-28_00521_00992,traversing_intersection,83,1634837150099737,0.049982,330907.30075790815,4690101.555484713,-2.1075640369393964,330906.55365956365,4690100.299950937,7.847316447099882,0.20968223266377709,11,5,3,3,0,1,1,1,0,1,0,0,0
a2257d7ec44a5fe4,2021.10.21.17.08.25_veh-28_00521_00992,traversing_intersection,84,1634837150149720,0.049983,330907.10733434977,4690101.227621636,-2.1076808309746022,330906.3600893715,4690099.972175125,7.801219195518649,0.20440868588914937,10,5,3,3,0,1,1,1,0,1,0,0,0
a2257d7ec44a5fe4,2021.10.21.17.08.25_veh-28_00521_00992,traversing_intersection,85,1634837150199705,0.049985,330906.91532724694,4690100.903192766,-2.107719328958672,330906.16803393705,4690099.647775023,7.752988421105765,0.19996089857623942,10,5,3,3,0,1,1,1,0,1,0,0,0
a2257d7ec44a5fe4,2021.10.21.17.08.25_veh-28_00521_00992,traversing_intersection,86,1634837150249693,0.049988,330906.7241190846,4690100.5783969965,-2.107741768525861,330905.9767976039,4690099.322996023,7.703231885121889,0.19158097101062746,10,5,3,3,0,1,1,1,0,1,0,0,0
a2257d7ec44a5fe4,2021.10.21.17.08.25_veh-28_00521_00992,traversing_intersection,87,1634837150299688,0.049995,330906.5342310073,4690100.255719258,-2.10782530002588,330905.78680466366,4690099.000380714,7.650354578713343,0.18874648891635482,10,5,3,3,0,1,1,1,0,1,0,0,0
a2257d7ec44a5fe4,2021.10.21.17.08.25_veh-28_00521_00992,traversing_intersection,88,1634837150349691,0.050003,330906.3450110228,4690099.935923386,-2.107917555687312,330905.5974688703,4690098.680653802,7.598582330311463,0.1688831727703906,10,5,3,3,0,1,1,1,0,1,0,0,0
a2257d7ec44a5fe4,2021.10.21.17.08.25_veh-28_00521_00992,traversing_intersection,89,1634837150399695,0.050004,330906.1591974965,4690099.623125374,-2.1078545873601255,330905.4117343876,4690098.367808721,7.546836152935889,0.17136020653267042,10,5,3,3,0,1,1,1,0,1,0,0,0
a2257d7ec44a5fe4,2021.10.21.17.08.25_veh-28_00521_00992,traversing_intersection,90,1634837150449705,0.05001,330905.9728502046,4690099.309636546,-2.1077694627454573,330905.2254939568,4690098.05425627,7.492927798982206,0.19797956315969215,10,5,3,3,0,1,1,1,0,1,0,0,0
a2257d7ec44a5fe4,2021.10.21.17.08.25_veh-28_00521_00992,traversing_intersection,91,1634837150499718,0.050013,330905.7864401827,4690098.997427823,-2.108107518471254,330905.03865958913,4690097.742300266,7.446034021352241,0.21325966713045322,10,5,3,3,0,1,1,1,0,1,0,0,0
a2257d7ec44a5fe4,2021.10.21.17.08.25_veh-28_00521_00992,traversing_intersection,92,1634837150549733,0.050015,330905.60408539494,4690098.692435257,-2.1080359477893955,330904.85639463365,4690097.437254184,7.396737747488379,0.19887746713583015,10,5,3,3,0,1,1,1,0,1,0,0,0
a2257d7ec44a5fe4,2021.10.21.17.08.25_veh-28_00521_00992,traversing_intersection,93,1634837150599751,0.050018,330905.42104095983,4690098.390490367,-2.1082836932749953,330904.673039256,4690097.13549457,7.343103338198664,0.1679365784077025,10,5,3,3,0,1,1,1,0,1,0,0,0
a2257d7ec44a5fe4,2021.10.21.17.08.25_veh-28_00521_00992,traversing_intersection,94,1634837150649771,0.05002,330905.23231939145,4690098.08406489,-2.1085571769236844,330904.4839744948,4690096.829273705,7.28623152112293,0.14643870695012376,10,5,3,3,0,1,1,1,0,1,0,0,0
a2257d7ec44a5fe4,2021.10.21.17.08.25_veh-28_00521_00992,traversing_intersection,95,1634837150699795,0.050024,330905.05034565134,4690097.787551359,-2.1087066261859557,330904.30181323545,4690096.532872029,7.2287071539813175,0.15751345381208695,10,5,3,3,0,1,1,1,0,1,0,0,0
a2257d7ec44a5fe4,2021.10.21.17.08.25_veh-28_00521_00992,traversing_intersection,96,1634837150749822,0.050027,330904.86469269695,4690097.483096033,-2.108549480946606,330904.1163574572,4690096.22829909,7.177761010639981,0.13815874595672276,10,5,3,3,0,1,1,1,0,1,0,0,0
a2257d7ec44a5fe4,2021.10.21.17.08.25_veh-28_00521_00992,traversing_intersection,97,1634837150799847,0.050025,330904.68229387153,4690097.1879702695,-2.1082313600064633,330903.9343578468,4690095.932935328,7.133687090925106,0.10425544435822706,10,5,3,3,0,1,1,1,0,1,0,0,0
a2257d7ec44a5fe4,2021.10.21.17.08.25_veh-28_00521_00992,traversing_intersection,98,1634837150849871,0.050024,330904.497485821,4690096.891401081,-2.108224718936714,330903.74955813104,4690095.636361173,7.084517028763199,0.10250601385366832,11,6,3,3,0,1,1,1,0,1,0,0,0
a2257d7ec44a5fe4,2021.10.21.17.08.25_veh-28_00521_00992,traversing_intersection,99,1634837150899898,0.050027,330904.31626355456,4690096.601084847,-2.1083012719663605,330903.5682397897,4690095.346102199,7.031011591631036,0.12289035459167354,11,6,3,3,0,1,1,1,0,1,0,0,0
86d2e80d5aee5d2d,2021.10.13.14.40.14_veh-28_00131_00430,high_lateral_acceleration,0,1634136336099753,,333185.85911061155,4690251.247548674,-0.03399146169763107,333187.3192666589,4690251.1978967115,7.624648020794644,0.16329302549607538,25,3,0,0,0,1,1,1,0,3,3,3,0
86d2e80d5aee5d2d,2021.10.13.14.40.14_veh-28_00131_00430,high_lateral_acceleration,1,1634136336149752,0.049999,333186.2236201158,4690251.229503813,-0.039640001321662066,333187.6834724097,4690251.171604937,7.555063018084428,0.16408635827695683,25,3,0,0,0,1,1,1,0,3,3,3,0
86d2e80d5aee5d2d,2021.10.13.14.40.14_veh-28_00131_00430,high_lateral_acceleration,2,1634136336199745,0.049993,333186.6553980226,4690251.204640105,-0.047091389685145375,333188.1147783659,4690251.135865011,7.474992004905684,0.1595356674719367,25,3,0,0,0,1,1,1,0,3,3,3,0
86d2e80d5aee5d2d,2021.10.13.14.40.14_veh-28_00131_00430,high_lateral_acceleration,3,1634136336249733,0.049988,333186.939104776,4690251.1883059535,-0.05215434486383378,333188.3981182111,4690251.112142995,7.419905359427687,0.1577267438117373,25,3,0,0,0,1,1,1,0,3,3,3,0
86d2e80d5aee5d2d,2021.10.13.14.40.14_veh-28_00131_00430,high_lateral_acceleration,4,1634136336299717,0.049984,333187.29741505964,4690251.164796219,-0.059345438931143836,333188.75584308046,4690251.078143417,7.354301137750311,0.16623431542399028,25,3,0,0,0,1,1,1,0,3,3,3,0
86d2e80d5aee5d2d,2021.10.13.14.40.14_veh-28_00131_00430,high_lateral_acceleration,5,1634136336349700,0.049983,333187.656725525,4690251.139763956,-0.06687720858778556,333189.1144595367,4690251.042129172,7.280469444951893,0.16969960909530865,25,3,0,0,0,1,1,1,0,3,3,3,0
86d2e80d5aee5d2d,2021.10.13.14.40.14_veh-28_00131_00430,high_lateral_acceleration,6,1634136336399681,0.049981,333187.98302415584,4690251.115299891,-0.07473381736390648,333189.4399461071,4690251.006215392,7.212126647062911,0.16725807564401265,25,3,0,0,0,1,1,1,0,3,3,3,0
86d2e80d5aee5d2d,2021.10.13.14.40.14_veh-28_00131_00430,high_lateral_acceleration,7,1634136336449661,0.04998,333188.32556483755,4690251.086268723,-0.08388306543940385,333189.7814277835,4690250.963859235,7.145925291595662,0.16292226501017396,25,3,0,0,0,1,1,1,0,3,3,3,0
86d2e80d5aee5d2d,2021.10.13.14.40.14_veh-28_00131_00430,high_lateral_acceleration,8,1634136336499643,0.049982,333188.6675680186,4690251.053205567,-0.09406001523694144,333190.1221098394,4690250.91598643,7.08156853561959,0.16309331961334228,26,3,0,0,0,1,1,1,0,3,3,3,0
86d2e80d5aee5d2d,2021.10.13.14.40.14_veh-28_00131_00430,high_lateral_acceleration,9,1634136336549627,0.049984,333188.9992471586,4690251.017589798,-0.1044458409900178,333190.4522854243,4690250.865271715,7.016028028027875,0.1712277233356005,27,3,0,0,0,1,1,1,0,4,3,3,0
86d2e80d5aee5d2d,2021.10.13.14.40.14_veh-28_00131_00430,high_lateral_acceleration,10,1634136336599615,0.049988,333189.3356709277,4690250.97900033,-0.11483374223083981,333190.7870485598,4690250.811596719,6.951197145587054,0.18178299637616166,27,3,0,0,0,1,1,1,0,4,3,3,0
86d2e80d5aee5d2d,2021.10.13.14.40.14_veh-28_00131_00430,high_lateral_acceleration,11,1634136336649605,0.04999,333189.65790019196,4690250.939033673,-0.1263543784159269,333191.10725295456,4690250.754920747,6.8793000949401435,0.19481967109076426,26,3,0,0,0,1,1,1,0,4,3,3,0
86d2e80d5aee5d2d,2021.10.13.14.40.14_veh-28_00131_00430,high_lateral_acceleration,12,1634136336699598,0.049993,333189.9845920523,4690250.895823998,-0.13879799423697195,333191.4315416335,4690250.693690604,6.81414006378867,0.2055630083416374,25,3,0,0,0,1,1,1,0,3,3,3,0
86d2e80d5aee5d2d,2021.10.13.14.40.14_veh-28_00131_00430,high_lateral_acceleration,13,1634136336749592,0.049994,333190.31161927024,4690250.848213196,-0.15116520366362038,333191.75595843664,4690250.628200986,6.742572464971213,0.20249939513563772,25,3,0,0,0,1,1,1,0,3,3,3,0
86d2e80d5aee5d2d,2021.10.13.14.40.14_veh-28_00131_00430,high_lateral_acceleration,14,1634136336799584,0.049992,333190.6928315626,4690250.78807685,-0.16620587075059295,333192.133698356,4690250.546366519,6.65088018847666,0.19490441780031822,26,3,0,0,0,1,1,1,0,3,3,3,0
86d2e80d5aee5d2d,2021.10.13.14.40.14_veh-28_00131_00430,high_lateral_acceleration,15,1634136336849576,0.049992,333190.94691158104,4690250.743980355,-0.1767283551627548,333192.3851552606,4690250.487122187,6.587241212482773,0.18700358479878237,27,3,0,0,0,1,1,1,0,3,3,3,0
86d2e80d5aee5d2d,2021.10.13.14.40.14_veh-28_00131_00430,high_lateral_acceleration,16,1634136336899564,0.049988,333191.25491349085,4690250.68603793,-0.19108785734152947,333192.6893206648,4690250.40855449,6.519152370550812,0.1899363308248721,27,3,0,0,0,1,1,1,0,3,3,3,0
86d2e80d5aee5d2d,2021.10.13.14.40.14_veh-28_00131_00430,high_lateral_acceleration,17,1634136336949553,0.049989,333191.56216697954,4690250.623373709,-0.20581908543103122,333192.9923309926,4690250.324790562,6.451742791193801,0.18746970393334836,27,3,1,1,0,1,1,1,0,3,3,3,0
86d2e80d5aee5d2d,2021.10.13.14.40.14_veh-28_00131_00430,high_lateral_acceleration,18,1634136336999538,0.049985,333191.86144723423,4690250.556805868,-0.2208856609937738,333193.2869504702,4690250.23670975,6.393404240951963,0.17926950442898937,27,3,1,1,0,1,1,1,0,3,3,3,0
86d2e80d5aee5d2d,2021.10.13.14.40.14_veh-28_00131_00430,high_lateral_acceleration,19,1634136337049517,0.049979,333192.1549682341,4690250.487014179,-0.23593337220748506,333193.57549355004,4690250.14550455,6.333486357745985,0.17491730618880044,27,3,1,1,0,1,1,1,0,3,3,3,0
86d2e80d5aee5d2d,2021.10.13.14.40.14_veh-28_00131_00430,high_lateral_acceleration,20,1634136337099490,0.049973,333192.4503910927,4690250.411625534,-0.2512478191605627,333193.86552000564,4690250.048402242,6.268033037029047,0.1671843272141152,27,3,1,1,0,1,1,1,0,3,3,3,0
86d2e80d5aee5d2d,2021.10.13.14.40.14_veh-28_00131_00430,high_lateral_acceleration,21,1634136337149462,0.049972,333192.7361700959,4690250.333620774,-0.2658132978860354,333194.1458585654,4690249.949824709,6.1996815569129975,0.15360911560627002,27,3,1,1,0,1,1,1,0,3,3,3,0
86d2e80d5aee5d2d,2021.10.13.14.40.14_veh-28_00131_00430,high_lateral_acceleration,22,1634136337199440,0.049978,333193.01680765336,4690250.2520813,-0.27936972757459677,333194.42116384587,4690249.849210745,6.122372498938826,0.14330419618287402,27,3,1,1,0,1,1,1,0,3,3,3,0
86d2e80d5aee5d2d,2021.10.13.14.40.14_veh-28_00131_00430,high_lateral_acceleration,23,1634136337249422,0.049982,333193.29642328405,4690250.167713273,-0.2941127360157747,333194.6946875476,4690249.744182815,6.062552108116898,0.1537999380769256,27,3,1,1,0,1,1,1,0,3,3,3,0
86d2e80d5aee5d2d,2021.10.13.14.40.14_veh-28_00131_00430,high_lateral_acceleration,24,1634136337299410,0.049988,333193.5693009109,4690250.082186187,-0.3093839811661505,333194.96093454637,4690249.637352707,6.018715043470394,0.16518791479771844,27,3,1,1,0,1,1,1,0,3,3,3,0
86d2e80d5aee5d2d,2021.10.13.14.40.14_veh-28_00131_00430,high_lateral_acceleration,25,1634136337349400,0.04999,333193.8407119261,4690249.992373145,-0.3246776926500669,333195.2253799251,4690249.526309273,5.985859594439789,0.15584432644415488,27,3,1,1,0,1,1,1,0,3,3,3,0
86d2e80d5aee5d2d,2021.10.13.14.40.14_veh-28_00131_00430,high_lateral_acceleration,26,1634136337399389,0.049989,333194.1069895717,4690249.8993423665,-0.3407352238989969,333195.4839955466,4690249.411105186,5.9502317124453485,0.13934435887375296,28,3,1,1,0,1,1,1,0,3,3,3,0
86d2e80d5aee5d2d,2021.10.13.14.40.14_veh-28_00131_00430,high_lateral_acceleration,27,1634136337449378,0.049989,333194.37190109614,4690249.801103438,-0.3573943284002594,333195.7405827801,4690249.28999538,5.9099589433621125,0.11901400846222206,28,3,1,1,0,1,1,1,0,3,3,3,0
86d2e80d5aee5d2d,2021.10.13.14.40.14_veh-28_00131_00430,high_lateral_acceleration,28,1634136337499369,0.049991,333194.6332393548,4690249.698191007,-0.37440700325149084,333195.9930280783,4690249.163873098,5.859153942469207,0.10469751657355014,28,3,1,1,0,1,1,1,0,3,3,3,0
86d2e80d5aee5d2d,2021.10.13.14.40.14_veh-28_00131_00430,high_lateral_acceleration,29,1634136337549364,0.049995,333194.88977225433,4690249.592302596,-0.3920793313289017,333196.23990649485,4690249.03403874,5.822190023151242,0.11305408133436173,28,3,1,1,0,1,1,1,0,3,3,3,0
86d2e80d5aee5d2d,2021.10.13.14.40.14_veh-28_00131_00430,high_lateral_acceleration,30,1634136337599370,0.050006,333195.14837855205,4690249.480042805,-0.4093794867803745,333196.4886531834,4690248.898506123,5.796442659683131,0.1243885008785554,28,3,1,1,0,1,1,1,0,3,3,3,0
86d2e80d5aee5d2d,2021.10.13.14.40.14_veh-28_00131_00430,high_lateral_acceleration,31,1634136337649388,0.050018,333195.40257714654,4690249.365818978,-0.4267937548056991,333196.73252203554,4690248.76103175,5.775354894554538,0.14540576833168814,28,3,1,1,0,1,1,1,0,3,3,3,0
86d2e80d5aee5d2d,2021.10.13.14.40.14_veh-28_00131_00430,high_lateral_acceleration,32,1634136337699413,0.050025,333195.65023519873,4690249.249681444,-0.4442131050047017,333196.96944385,4690248.621820365,5.753367923627184,0.15867757237268806,28,3,1,1,0,1,1,1,0,3,3,3,0
86d2e80d5aee5d2d,2021.10.13.14.40.14_veh-28_00131_00430,high_lateral_acceleration,33,1634136337749441,0.050028,333195.8983500111,4690249.126966529,-0.46194769205862213,333197.2062169387,4690248.475809789,5.727198473255928,0.14890185992827476,28,3,1,1,0,1,1,1,0,3,3,3,0
86d2e80d5aee5d2d,2021.10.13.14.40.14_veh-28_00131_00430,high_lateral_acceleration,34,1634136337799469,0.050028,333196.1372926996,4690249.002160723,-0.48035687211048805,333197.4329514321,4690248.3270389205,5.703010131618686,0.13712355292616776,28,3,1,1,0,1,1,1,0,3,3,3,0
86d2e80d5aee5d2d,2021.10.13.14.40.14_veh-28_00131_00430,high_lateral_acceleration,35,1634136337849496,0.050027,333196.3759180915,4690248.872741706,-0.5000866105085954,333197.6580055441,4690248.172189949,5.687564247064234,0.12263051963301176,28,3,1,1,0,1,1,1,0,3,3,3,0
86d2e80d5aee5d2d,2021.10.13.14.40.14_veh-28_00131_00430,high_lateral_acceleration,36,1634136337899525,0.050029,333196.61565773655,4690248.736043145,-0.5204044664004024,333197.88324783527,4690248.009588507,5.669354705642265,0.10808147279018222,28,3,1,1,0,1,1,1,0,3,3,3,0
86d2e80d5aee5d2d,2021.10.13.14.40.14_veh-28_00131_00430,high_lateral_acceleration,37,1634136337949553,0.050028,333196.8453004943,4690248.597709159,-0.539920917901625,333198.0984722766,4690247.8466555765,5.646679825736585,0.0845961458993618,28,3,1,1,0,1,1,1,0,3,3,3,0
86d2e80d5aee5d2d,2021.10.13.14.40.14_veh-28_00131_00430,high_lateral_acceleration,38,1634136337999580,0.050027,333197.077994041,4690248.452058428,-0.560068834657744,333198.3157803353,4690247.675910189,5.625449799551256,0.08850255089846568,28,3,1,1,0,1,1,1,0,3,3,3,0
86d2e80d5aee5d2d,2021.10.13.14.40.14_veh-28_00131_00430,high_lateral_acceleration,39,1634136338049610,0.05003,333197.3052644538,4690248.305645133,-0.5793806513724126,333198.52783204045,4690247.505739204,5.610994973627884,0.10798551965200555,28,3,1,1,0,1,1,1,0,3,3,3,0
86d2e80d5aee5d2d,2021.10.13.14.40.14_veh-28_00131_00430,high_lateral_acceleration,40,1634136338099638,0.050028,333197.526630616,4690248.158979043,-0.597905531293944,333198.73417111987,4690247.33656374,5.589744856774111,0.11999739909149677,28,3,1,1,0,1,1,1,0,3,3,3,0
86d2e80d5aee5d2d,2021.10.13.14.40.14_veh-28_00131_00430,high_lateral_acceleration,41,1634136338149661,0.050023,333197.7492888354,4690248.006109256,-0.6165781105188867,333198.94126310915,4690247.161290737,5.571323342587158,0.11427260278239897,28,3,1,1,0,1,1,1,0,3,3,3,0
86d2e80d5aee5d2d,2021.10.13.14.40.14_veh-28_00131_00430,high_lateral_acceleration,42,1634136338199679,0.050018,333197.9696894677,4690247.84902789,-0.6353173153368625,333199.1456241613,4690246.982022355,5.552008893049282,0.09787276457370621,27,3,1,1,0,0,0,0,0,3,3,3,0
86d2e80d5aee5d2d,2021.10.13.14.40.14_veh-28_00131_00430,high_lateral_acceleration,43,1634136338249693,0.050014,333198.2245592842,4690247.658178818,-0.6572848572136927,333199.3811658036,4690246.765552156,5.530963580682242,0.0813718325317803,27,3,1,1,0,0,0,0,0,3,3,3,0
86d2e80d5aee5d2d,2021.10.13.14.40.14_veh-28_00131_00430,high_lateral_acceleration,44,1634136338299705,0.050012,333198.4359170806,4690247.494298407,-0.6762251457322817,333199.5754105531,4690246.579926696,5.512726567175836,0.09069614922810625,28,3,1,1,0,0,0,0,0,4,3,3,0
86d2e80d5aee5d2d,2021.10.13.14.40.14_veh-28_00131_00430,high_lateral_acceleration,45,1634136338349715,0.05001,333198.601826854,4690247.363383445,-0.6915679308325828,333199.72715775185,4690246.431637036,5.500111449051622,0.10817354505249446,28,3,1,1,0,0,0,0,0,4,3,3,0
86d2e80d5aee5d2d,2021.10.13.14.40.14_veh-28_00131_00430,high_lateral_acceleration,46,1634136338399721,0.050006,333198.8069207321,4690247.194996463,-0.7102894406528781,333199.9146117437,4690246.242346673,5.488376638228424,0.1163472982889295,28,3,1,1,0,0,0,0,0,4,3,3,0
86d2e80d5aee5d2d,2021.10.13.14.40.14_veh-28_00131_00430,high_lateral_acceleration,47,1634136338449723,0.050002,333199.0085401008,4690247.022955717,-0.7294030578311458,333200.0978213073,4690246.049309244,5.479477326616334,0.13161672520845058,28,3,1,1,0,0,0,0,0,4,3,3,0
86d2e80d5aee5d2d,2021.10.13.14.40.14_veh-28_00131_00430,high_lateral_acceleration,48,1634136338499720,0.049997,333199.2039553118,4690246.850440858,-0.7481460198368287,333200.274797242,4690245.85655024,5.46768200975668,0.14251737367213516,28,3,1,1,0,0,0,0,0,4,3,3,0
86d2e80d5aee5d2d,2021.10.13.14.40.14_veh-28_00131_00430,high_lateral_acceleration,49,1634136338549707,0.049987,333199.3975666566,4690246.673285077,-0.7668470168261217,333200.44963567884,4690245.6595436055,5.446572910773342,0.13788323053126686,28,3,1,1,0,0,0,0,0,4,3,3,0
86d2e80d5aee5d2d,2021.10.13.14.40.14_veh-28_00131_00430,high_lateral_acceleration,50,1634136338599687,0.04998,333199.5889106522,4690246.491527937,-0.7860194317714759,333200.6213516384,4690245.457803308,5.4235541778948875,0.11928384308555037,28,3,1,1,0,0,0,0,0,4,3,3,0
86d2e80d5aee5d2d,2021.10.13.14.40.14_veh-28_00131_00430,high_lateral_acceleration,51,1634136338649664,0.049977,333199.7715677909,4690246.311322393,-0.8041463842790993,333200.78510190756,4690245.259053608,5.4025566503104,0.09397114701003868,28,3,1,1,0,0,0,0,0,4,3,3,0
86d2e80d5aee5d2d,2021.10.13.14.40.14_veh-28_00131_00430,high_lateral_acceleration,52,1634136338699640,0.049976,333199.9549769611,4690246.123592047,-0.822747537695453,333200.94876345556,4690245.052653485,5.385373566112699,0.07879782853715368,28,3,1,1,0,0,0,0,0,4,3,3,0
86d2e80d5aee5d2d,2021.10.13.14.40.14_veh-28_00131_00430,high_lateral_acceleration,53,1634136338749620,0.04998,333200.1340016016,4690245.934291087,-0.8414086084086654,333201.1076313649,4690244.844994945,5.37850628781612,0.0846186314721176,28,3,1,1,0,0,0,0,0,4,3,3,0
86d2e80d5aee5d2d,2021.10.13.14.40.14_veh-28_00131_00430,high_lateral_acceleration,54,1634136338799601,0.049981,333200.31114756793,4690245.739386958,-0.8597288623351026,333201.26465887966,4690244.632437466,5.3742060829848475,0.09065648244957562,28,3,1,1,0,0,0,0,0,4,3,3,0
86d2e80d5aee5d2d,2021.10.13.14.40.14_veh-28_00131_00430,high_lateral_acceleration,55,1634136338849585,0.049984,333200.480336383,4690245.545941035,-0.877413994915853,333201.41412305855,4690244.422302551,5.374628488074377,0.10135205671428105,28,3,1,1,0,0,0,0,0,4,3,3,0
86d2e80d5aee5d2d,2021.10.13.14.40.14_veh-28_00131_00430,high_lateral_acceleration,56,1634136338899575,0.04999,333200.65016572643,4690245.346651959,-0.8955886478922181,333201.5633775677,4690244.206228734,5.381985672071943,0.11988460840306513,28,3,1,1,0,0,0,0,0,4,3,3,0
86d2e80d5aee5d2d,2021.10.13.14.40.14_veh-28_00131_00430,high_lateral_acceleration,57,1634136338949569,0.049994,333200.84895539866,4690245.109164867,-0.9178048409076583,333201.73660810874,4690243.948736642,5.397718244943778,0.13895029975097423,28,3,1,1,0,0,0,0,0,4,3,3,0
86d2e80d5aee5d2d,2021.10.13.14.40.14_veh-28_00131_00430,high_lateral_acceleration,58,1634136338999565,0.049996,333200.9771649385,4690244.944613462,-0.9324124833683353,333201.84777242737,4690243.77134299,5.408967840775137,0.13950808634492579,28,3,1,1,0,0,0,0,0,4,3,3,0
86d2e80d5aee5d2d,2021.10.13.14.40.14_veh-28_00131_00430,high_lateral_acceleration,59,1634136339049556,0.049991,333201.1353573744,4690244.737455515,-0.9513621260852193,333201.9835768295,4690243.547898978,5.4209141825443625,0.14521258927145636,28,3,1,1,0,0,0,0,0,4,3,3,0
86d2e80d5aee5d2d,2021.10.13.14.40.14_veh-28_00131_00430,high_lateral_acceleration,60,1634136339099546,0.04999,333201.28935478156,4690244.526784101,-0.9699455171837483,333202.11532305577,4690243.321671072,5.4399494875731245,0.15509911437734966,28,3,1,1,0,0,0,0,0,4,3,3,0
86d2e80d5aee5d2d,2021.10.13.14.40.14_veh-28_00131_00430,high_lateral_acceleration,61,1634136339149537,0.049991,333201.44317196234,4690244.309002142,-0.9884840770194866,333202.24665852665,4690243.088784809,5.455364662441577,0.1661750837538896,28,3,1,1,0,0,0,0,0,4,3,3,0
86d2e80d5aee5d2d,2021.10.13.14.40.14_veh-28_00131_00430,high_lateral_acceleration,62,1634136339199528,0.049991,333201.589826445,4690244.092076854,-1.0067535010638278,333202.37088749465,4690242.857384732,5.472754564898137,0.17048438924321122,28,3,1,1,0,0,0,0,0,4,3,3,0
86d2e80d5aee5d2d,2021.10.13.14.40.14_veh-28_00131_00430,high_lateral_acceleration,63,1634136339249518,0.04999,333201.7344428436,4690243.870120244,-1.0247164134698814,333202.49320041185,4690242.621597936,5.492492813430669,0.17347861303984266,28,3,1,1,0,0,0,0,0,4,3,3,0
86d2e80d5aee5d2d,2021.10.13.14.40.14_veh-28_00131_00430,high_lateral_acceleration,64,1634136339299507,0.049989,333201.87390656304,4690243.648033761,-1.0422148990558433,333202.61070183496,4690242.386426165,5.516705196430053,0.17585034153795343,28,3,1,1,0,0,0,0,0,4,3,3,0
86d2e80d5aee5d2d,2021.10.13.14.40.14_veh-28_00131_00430,high_lateral_acceleration,65,1634136339349496,0.049989,333202.0137801889,4690243.416750301,-1.060312402375267,333202.7276241053,4690242.1420158725,5.540844519763696,0.17671642482493258,28,3,1,1,0,0,0,0,0,4,3,3,0
86d2e80d5aee5d2d,2021.10.13.14.40.14_veh-28_00131_00430,high_lateral_acceleration,66,1634136339399488,0.049992,333202.14700849494,4690243.186964406,-1.077459026640495,333202.83889115514,4690241.900177949,5.564555372604034,0.17522141502302369,28,3,1,1,0,0,0,0,0,4,3,3,0
86d2e80d5aee5d2d,2021.10.13.14.40.14_veh-28_00131_00430,high_lateral_acceleration,67,1634136339449480,0.049992,333202.2780605853,4690242.950030858,-1.0944935656873236,333202.9479241102,4690241.651645762,5.590904195976951,0.16662952690970673,28,3,1,1,0,0,0,0,0,4,3,3,0
86d2e80d5aee5d2d,2021.10.13.14.40.14_veh-28_00131_00430,high_lateral_acceleration,68,1634136339499471,0.049991,333202.4066735852,4690242.711944585,-1.1120508146304704,333203.0536389685,4690241.401999245,5.616218535762306,0.16521248905912156,28,3,1,1,0,0,0,0,0,4,3,3,0
86d2e80d5aee5d2d,2021.10.13.14.40.14_veh-28_00131_00430,high_lateral_acceleration,69,1634136339549459,0.049988,333202.5268859307,4690242.469766478,-1.1283058121037626,333203.15247362317,4690241.149478237,5.644994025256745,0.15048518426918864,28,3,1,1,0,0,0,0,0,4,3,3,0
86d2e80d5aee5d2d,2021.10.13.14.40.14_veh-28_00131_00430,high_lateral_acceleration,70,1634136339599443,0.049984,333202.6458471406,4690242.222892469,-1.144324879599964,333203.25020568667,4690240.892752721,5.67249305706288,0.13783486726308236,28,3,1,1,0,0,0,0,0,4,3,3,0
86d2e80d5aee5d2d,2021.10.13.14.40.14_veh-28_00131_00430,high_lateral_acceleration,71,1634136339649424,0.049981,333202.75879788544,4690241.977286568,-1.1598316203808163,333203.3424584656,4690240.637935484,5.698495958652559,0.1320618477597503,28,3,1,1,0,0,0,0,0,4,3,3,0
86d2e80d5aee5d2d,2021.10.13.14.40.14_veh-28_00131_00430,high_lateral_acceleration,72,1634136339699403,0.049979,333202.8711173594,4690241.722611573,-1.1752327769262167,333203.4340819798,4690240.374430637,5.730311602236087,0.13624153736250313,28,3,1,1,0,0,0,0,0,4,3,3,0
86d2e80d5aee5d2d,2021.10.13.14.40.14_veh-28_00131_00430,high_lateral_acceleration,73,1634136339749384,0.049981,333202.979230921,4690241.466824136,-1.1897501405683306,333203.52256487356,4690240.110612789,5.761529766642297,0.13533025888885572,29,3,1,1,0,0,0,0,0,4,3,3,0
86d2e80d5aee5d2d,2021.10.13.14.40.14_veh-28_00131_00430,high_lateral_acceleration,74,1634136339799371,0.049987,333203.08564847475,4690241.205212569,-1.2037563212347964,333203.60993441433,4690239.841524461,5.796519007879639,0.13139441333356253,29,3,1,1,0,0,0,0,0,4,3,3,0
86d2e80d5aee5d2d,2021.10.13.14.40.14_veh-28_00131_00430,high_lateral_acceleration,75,1634136339849361,0.04999,333203.18671323505,4690240.945783322,-1.2168542656240058,333203.6930932027,4690239.575345316,5.829599571787025,0.12504462758309587,29,3,1,1,0,0,0,0,0,4,3,3,0
86d2e80d5aee5d2d,2021.10.13.14.40.14_veh-28_00131_00430,high_lateral_acceleration,76,1634136339899357,0.049996,333203.2843894009,4690240.683881736,-1.2292082469677736,333203.7738007921,4690239.307292658,5.86296910746459,0.11994802735268044,29,3,1,1,0,0,0,0,0,4,3,3,0
86d2e80d5aee5d2d,2021.10.13.14.40.14_veh-28_00131_00430,high_lateral_acceleration,77,1634136339949358,0.050001,333203.3810765387,4690240.415108454,-1.2411810249249027,333203.85397165077,4690239.032758567,5.897170876529027,0.12652739486815098,28,3,1,1,0,0,0,0,0,4,3,3,0
86d2e80d5aee5d2d,2021.10.13.14.40.14_veh-28_00131_00430,high_lateral_acceleration,78,1634136339999369,0.050011,333203.4766157559,4690240.141754736,-1.25267013056028,333203.9335980428,4690238.75406306,5.932414557447554,0.1334386553997026,28,3,1,1,0,0,0,0,0,4,3,3,0
86d2e80d5aee5d2d,2021.10.13.14.40.14_veh-28_00131_00430,high_lateral_acceleration,79,1634136340049388,0.050019,333203.5691675363,4690239.865857284,-1.2634897321450294,333204.01110909734,4690238.473302561,5.975882653499058,0.12983166802283566,28,3,1,1,0,0,0,0,0,4,3,3,0
86d2e80d5aee5d2d,2021.10.13.14.40.14_veh-28_00131_00430,high_lateral_acceleration,80,1634136340099413,0.050025,333203.6586947687,4690239.590454475,-1.2738448617248208,333204.08619280864,4690238.193398132,6.017707833728718,0.13173847416203172,28,3,1,1,0,0,0,0,0,4,3,3,0
86d2e80d5aee5d2d,2021.10.13.14.40.14_veh-28_00131_00430,high_lateral_acceleration,81,1634136340149442,0.050029,333203.746587342,4690239.312894562,-1.2840102013957524,333204.1598619869,4690237.911564812,6.057606309916902,0.138287122439813,27,3,1,1,0,0,0,0,0,4,3,3,0
86d2e80d5aee5d2d,2021.10.13.14.40.14_veh-28_00131_00430,high_lateral_acceleration,82,1634136340199474,0.050032,333203.832229491,4690239.031755824,-1.2938608945349885,333204.2316802386,4690237.626423087,6.101324333231795,0.14092962318536637,27,3,1,1,0,0,0,0,0,4,3,3,0
86d2e80d5aee5d2d,2021.10.13.14.40.14_veh-28_00131_00430,high_lateral_acceleration,83,1634136340249510,0.050036,333203.91591068124,4690238.749122505,-1.3035271804490256,333204.3017586308,4690237.339994278,6.1457537015930095,0.1384020641077207,27,3,1,1,0,0,0,0,0,4,2,2,0
86d2e80d5aee5d2d,2021.10.13.14.40.14_veh-28_00131_00430,high_lateral_acceleration,84,1634136340299545,0.050035,333203.998631208,4690238.460277648,-1.3127180692058344,333204.3715119024,4690237.047662701,6.183666861028957,0.1369148706505609,27,3,1,1,0,0,0,0,0,4,2,2,0
86d2e80d5aee5d2d,2021.10.13.14.40.14_veh-28_00131_00430,high_lateral_acceleration,85,1634136340349580,0.050035,333204.077358458,4690238.174266202,-1.3212310258894528,333204.43820025655,4690236.758528163,6.2247723668172545,0.12861494175381002,27,3,1,1,0,0,0,0,0,4,2,2,0
86d2e80d5aee5d2d,2021.10.13.14.40.14_veh-28_00131_00430,high_lateral_acceleration,86,1634136340399616,0.050036,333204.15580061683,4690237.877192374,-1.3298612266853005,333204.50441102573,4690236.458392958,6.268984744405461,0.12898704915894732,27,3,1,1,0,0,0,0,0,4,2,2,0
86d2e80d5aee5d2d,2021.10.13.14.40.14_veh-28_00131_00430,high_lateral_acceleration,87,1634136340449650,0.050034,333204.24647715915,4690237.528999256,-1.3392554854949632,333204.58174381254,4690236.106987557,6.321893445117267,0.13959380428603177,27,3,1,1,0,0,0,0,0,4,2,2,0
86d2e80d5aee5d2d,2021.10.13.14.40.14_veh-28_00131_00430,high_lateral_acceleration,88,1634136340499682,0.050032,333204.3041899819,4690237.289133125,-1.3451427385155532,333204.63107913086,4690235.865172281,6.358711040135232,0.14061784376343467,26,3,1,1,0,0,0,0,0,3,2,2,0
86d2e80d5aee5d2d,2021.10.13.14.40.14_veh-28_00131_00430,high_lateral_acceleration,89,1634136340549715,0.050033,333204.3770921324,4690236.985341797,-1.3522036236000183,333204.69391879236,4690235.559108342,6.403565256042477,0.14263269511588697,26,3,2,2,0,0,0,0,0,3,2,2,0
86d2e80d5aee5d2d,2021.10.13.14.40.14_veh-28_00131_00430,high_lateral_acceleration,90,1634136340599744,0.050029,333204.46229034144,4690236.621934144,-1.3599601337519656,333204.7680449874,4690235.193286148,6.4590598973205875,0.14992200988597712,26,3,2,2,0,0,0,0,0,3,2,2,0
86d2e80d5aee5d2d,2021.10.13.14.40.14_veh-28_00131_00430,high_lateral_acceleration,91,1634136340649766,0.050022,333204.5165858002,4690236.373023017,-1.3647107961307061,333204.81554999715,4690234.942938611,6.496997969250921,0.14942325981869145,25,3,2,2,0,0,0,0,0,2,1,1,0
86d2e80d5aee5d2d,2021.10.13.14.40.14_veh-28_00131_00430,high_lateral_acceleration,92,1634136340699781,0.050015,333204.59742260136,4690236.007348654,-1.3709016678451202,333204.88752765657,4690234.575440816,6.545623383793678,0.15522104845397017,24,3,2,2,0,0,0,0,0,2,1,1,0
86d2e80d5aee5d2d,2021.10.13.14.40.14_veh-28_00131_00430,high_lateral_acceleration,93,1634136340749789,0.050008,333204.65008686855,4690235.754497789,-1.3749285242385836,333204.93442350003,4690234.321433352,6.579243132033327,0.15110921737808075,24,3,2,2,0,0,0,0,0,2,1,1,0
86d2e80d5aee5d2d,2021.10.13.14.40.14_veh-28_00131_00430,high_lateral_acceleration,94,1634136340799790,0.050001,333204.71456892055,4690235.440936706,-1.379389949125723,333204.9925092341,4690234.006617989,6.6234259778903075,0.14710076458923538,24,3,2,2,0,0,0,0,0,2,1,1,0
86d2e80d5aee5d2d,2021.10.13.14.40.14_veh-28_00131_00430,high_lateral_acceleration,95,1634136340849787,0.049997,333204.7783451702,4690235.125819953,-1.3835666963403304,333205.0502922901,4690233.690352864,6.6648522447743765,0.14651517942709058,24,3,2,2,0,0,0,0,0,2,1,1,0
86d2e80d5aee5d2d,2021.10.13.14.40.14_veh-28_00131_00430,high_lateral_acceleration,96,1634136340899780,0.049993,333204.840823215,4690234.80897326,-1.3877393883426963,333205.10677822283,4690233.37238392,6.705132271038861,0.15698261146100595,24,3,2,2,0,0,0,0,0,2,1,1,0
86d2e80d5aee5d2d,2021.10.13.14.40.14_veh-28_00131_00430,high_lateral_acceleration,97,1634136340949770,0.04999,333204.9042784659,4690234.486253932,-1.391972075103619,333205.1641504768,4690233.04855176,6.748305732654098,0.1696924640647015,24,3,2,2,0,0,0,0,0,2,1,1,0
86d2e80d5aee5d2d,2021.10.13.14.40.14_veh-28_00131_00430,high_lateral_acceleration,98,1634136340999758,0.049988,333204.9761192564,4690234.099438356,-1.3969949836922146,333205.22876657284,4690232.660449012,6.798431107205011,0.17312970834311478,24,3,2,2,0,0,0,0,0,2,1,1,0
86d2e80d5aee5d2d,2021.10.13.14.40.14_veh-28_00131_00430,high_lateral_acceleration,99,1634136341049745,0.049987,333205.02420627873,4690233.832542896,-1.4005525073410654,333205.27173276857,4690232.392663861,6.832895260972398,0.1722643397085441,24,3,2,2,0,0,0,0,0,2,1,1,0
86d2e80d5aee5d2d,2021.10.13.14.40.14_veh-28_00131_00430,high_lateral_acceleration,100,1634136341099731,0.049986,333205.0932658487,4690233.44582073,-1.4055872102224918,333205.3335398689,4690232.004713727,6.8874841672150975,0.17442702538269567,24,3,2,2,0,0,0,0,0,2,1,1,0
7ac08b7c991e5b91,2021.07.24.00.36.59_veh-47_05600_06769,on_pickup_dropoff,0,1627092766250313,,664474.2488794207,3997876.9043725613,-3.1340218477115456,664472.7879212906,3997876.8933117194,3.876348195489487,-0.07992604255060275,326,49,26,26,0,149,77,20,57,127,52,30,22
7ac08b7c991e5b91,2021.07.24.00.36.59_veh-47_05600_06769,on_pickup_dropoff,1,1627092766300296,0.049983,664474.0599010974,3997876.9021560117,-3.1322816499878248,664472.5989644275,3997876.888552832,3.9364854081724667,-0.08608380705226386,327,50,25,25,0,149,77,20,57,127,52,30,22
7ac08b7c991e5b91,2021.07.24.00.36.59_veh-47_05600_06769,on_pickup_dropoff,2,1627092766350275,0.049979,664473.8639790063,3997876.8996610935,-3.130339945695031,664472.4030715037,3997876.883221234,3.9959589278936876,-0.0993364544252805,331,50,25,25,0,154,77,20,57,126,51,30,21
7ac08b7c991e5b91,2021.07.24.00.36.59_veh-47_05600_06769,on_pickup_dropoff,3,1627092766400247,0.049972,664473.6683893572,3997876.898240006,-3.128281293539348,664472.2075187942,3997876.878792683,4.0570440399255565,-0.11355674479819047,331,50,24,24,0,154,77,20,57,126,51,30,21
7ac08b7c991e5b91,2021.07.24.00.36.59_veh-47_05600_06769,on_pickup_dropoff,4,1627092766450216,0.049969,664473.4680303421,3997876.8962483155,-3.1259236061522158,664472.0072096902,3997876.873356774,4.118109162178066,-0.11148314222271369,331,49,24,24,0,156,77,20,57,126,51,30,21
7ac08b7c991e5b91,2021.07.24.00.36.59_veh-47_05600_06769,on_pickup_dropoff,5,1627092766500183,0.049967,664473.2677499506,3997876.893165404,-3.1237534313862034,664471.8069824172,3997876.867103683,4.185715472967829,-0.09143875108534848,334,49,24,24,0,159,77,20,57,126,51,30,21
7ac08b7c991e5b91,2021.07.24.00.36.59_veh-47_05600_06769,on_pickup_dropoff,6,1627092766550152,0.049969,664473.0619225933,3997876.8884578245,-3.121210309534577,664471.6012260617,3997876.8586812816,4.245226190448124,-0.0854477009566161,334,49,24,24,0,159,76,20,56,126,51,30,21
7ac08b7c991e5b91,2021.07.24.00.36.59_veh-47_05600_06769,on_pickup_dropoff,7,1627092766600120,0.049968,664472.8499570506,3997876.8832269306,-3.118346165028684,664471.3893517945,3997876.8492668695,4.319528203331209,-0.08953051739287796,334,49,25,25,0,159,76,20,56,126,51,30,21
7ac08b7c991e5b91,2021.07.24.00.36.59_veh-47_05600_06769,on_pickup_dropoff,8,1627092766650088,0.049968,664472.6366868007,3997876.876438189,-3.115242181584373,664471.1761939921,3997876.8379446045,4.377828543899756,-0.09395427006544507,334,48,26,26,0,160,76,20,56,126,50,30,20
7ac08b7c991e5b91,2021.07.24.00.36.59_veh-47_05600_06769,on_pickup_dropoff,9,1627092766700055,0.049967,664472.4224192271,3997876.869699416,-3.112403368537442,664470.9620415794,3997876.8270599265,4.43857046607626,-0.09627914260414396,335,48,25,25,0,161,76,20,56,126,50,30,20
7ac08b7c991e5b91,2021.07.24.00.36.59_veh-47_05600_06769,on_pickup_dropoff,10,1627092766750022,0.049967,664472.1972694787,3997876.861939537,-3.109378093435729,664470.7370275098,3997876.814882205,4.504236556534215,-0.08756322307566569,336,48,25,25,0,161,76,20,56,127,50,30,20
7ac08b7c991e5b91,2021.07.24.00.36.59_veh-47_05600_06769,on_pickup_dropoff,11,1627092766799990,0.049968,664471.9765556278,3997876.853992807,-3.1065854931662584,664470.5164507651,3997876.8028577915,4.560318225762554,-0.08165575292439124,339,50,25,25,0,162,76,20,56,127,50,30,20
7ac08b7c991e5b91,2021.07.24.00.36.59_veh-47_05600_06769,on_pickup_dropoff,12,1627092766849956,0.049966,664471.7471555885,3997876.84477746,-3.103604500661672,664470.2872096461,3997876.7892901166,4.622724928110268,-0.08722614593249362,339,50,25,25,0,162,76,20,56,127,50,30,20
7ac08b7c991e5b91,2021.07.24.00.36.59_veh-47_05600_06769,on_pickup_dropoff,13,1627092766899923,0.049967,664471.5211136051,3997876.8359383116,-3.100624349027919,664470.0613395063,3997876.776100361,4.68555635349752,-0.10310107508227062,339,50,25,25,0,162,76,20,56,127,50,30,20
7ac08b7c991e5b91,2021.07.24.00.36.59_veh-47_05600_06769,on_pickup_dropoff,14,1627092766949893,0.04997,664471.2903611907,3997876.82659268,-3.097438412792831,664469.8307851399,3997876.7621042933,4.747406235719126,-0.11937669056433087,342,50,24,24,0,165,74,20,54,127,50,30,20
7ac08b7c991e5b91,2021.07.24.00.36.59_veh-47_05600_06769,on_pickup_dropoff,15,1627092766999869,0.049976,664471.05575667,3997876.81620252,-3.094191621563511,664469.5963976923,3997876.746975543,4.8132904130446565,-0.1317279690565166,344,50,24,24,0,167,74,20,54,127,50,30,20
7ac08b7c991e5b91,2021.07.24.00.36.59_veh-47_05600_06769,on_pickup_dropoff,16,1627092767049854,0.049985,664470.8141271619,3997876.804297123,-3.0904235040265435,664469.3550393995,3997876.7295716144,4.88252101718851,-0.12857987791605202,344,51,24,24,0,166,74,20,54,127,50,30,20
7ac08b7c991e5b91,2021.07.24.00.36.59_veh-47_05600_06769,on_pickup_dropoff,17,1627092767099841,0.049987,664470.5749366619,3997876.791649121,-3.0867566986122177,664469.1161327118,3997876.7115739356,4.947978541991448,-0.1195836107426413,344,52,24,24,0,166,74,20,54,126,50,30,20
7ac08b7c991e5b91,2021.07.24.00.36.59_veh-47_05600_06769,on_pickup_dropoff,18,1627092767149831,0.04999,664470.3242920692,3997876.777940179,-3.0828759596556297,664468.8658098541,3997876.692204374,5.016855703584266,-0.1108005851504713,348,52,24,24,0,168,74,20,54,128,50,30,20
7ac08b7c991e5b91,2021.07.24.00.36.59_veh-47_05600_06769,on_pickup_dropoff,19,1627092767199822,0.049991,664470.0750963448,3997876.7626698157,-3.07895890725557,664468.6169611495,3997876.671221731,5.073864983637339,-0.09727717909324143,348,52,24,24,0,168,74,20,54,128,51,30,21
7ac08b7c991e5b91,2021.07.24.00.36.59_veh-47_05600_06769,on_pickup_dropoff,20,1627092767249812,0.04999,664469.8253814974,3997876.74628368,-3.075238034893091,664468.3675966618,3997876.6494107065,5.133443508013079,-0.09791330492844554,348,52,24,24,0,169,74,20,54,127,50,30,20
7ac08b7c991e5b91,2021.07.24.00.36.59_veh-47_05600_06769,on_pickup_dropoff,21,1627092767299802,0.04999,664469.572507092,3997876.729006156,-3.0713705496531554,664468.1151078127,3997876.6264959592,5.184867988806463,-0.10916087627049495,349,52,25,25,0,169,74,20,54,128,50,30,20
7ac08b7c991e5b91,2021.07.24.00.36.59_veh-47_05600_06769,on_pickup_dropoff,22,1627092767349790,0.049988,664469.3135732702,3997876.7111918977,-3.067607225019095,664467.8565700894,3997876.6031977735,5.245057631637837,-0.1288265668061523,348,52,25,25,0,168,72,20,52,128,50,30,20
7ac08b7c991e5b91,2021.07.24.00.36.59_veh-47_05600_06769,on_pickup_dropoff,23,1627092767399778,0.049988,664469.055334189,3997876.6923863776,-3.063544607192423,664467.5987817695,3997876.5784739135,5.312235165789293,-0.1237131094074631,350,52,24,24,0,170,73,20,53,128,50,30,20
7ac08b7c991e5b91,2021.07.24.00.36.59_veh-47_05600_06769,on_pickup_dropoff,24,1627092767449767,0.049989,664468.7959887525,3997876.6724597267,-3.0593400157349144,664467.3399281619,3997876.5524240797,5.3696251736763365,-0.11707852016583252,352,52,24,24,0,172,73,20,53,128,50,30,20
7ac08b7c991e5b91,2021.07.24.00.36.59_veh-47_05600_06769,on_pickup_dropoff,25,1627092767499760,0.049993,664468.5292341221,3997876.6497951676,-3.054941532551313,664467.0737155896,3997876.5233562444,5.427497499549287,-0.11004798420548735,352,52,24,24,0,172,73,20,53,128,50,30,20
7ac08b7c991e5b91,2021.07.24.00.36.59_veh-47_05600_06769,on_pickup_dropoff,26,1627092767549756,0.049996,664468.2584106752,3997876.625137058,-3.050524844068809,664466.8034647786,3997876.492270817,5.485503011253422,-0.11255113204410995,352,52,24,24,0,172,72,20,52,128,50,30,20
7ac08b7c991e5b91,2021.07.24.00.36.59_veh-47_05600_06769,on_pickup_dropoff,27,1627092767599751,0.049995,664467.9948173512,3997876.601236791,-3.046424986457092,664466.5404284138,3997876.4624066125,5.529756913630723,-0.13440430288567357,355,52,24,24,0,175,71,20,51,128,50,30,20
7ac08b7c991e5b91,2021.07.24.00.36.59_veh-47_05600_06769,on_pickup_dropoff,28,1627092767649746,0.049995,664467.7211734976,3997876.576375214,-3.0419105237853783,664466.2674261221,3997876.430980688,5.578322202961026,-0.14025643984335953,357,52,24,24,0,177,71,20,51,128,50,30,20
7ac08b7c991e5b91,2021.07.24.00.36.59_veh-47_05600_06769,on_pickup_dropoff,29,1627092767699742,0.049996,664467.4478626718,3997876.5505865556,-3.037963249626667,664465.9947005323,3997876.3994548377,5.627920767973823,-0.12012683270960701,357,51,23,23,0,179,71,20,51,127,49,30,19
7ac08b7c991e5b91,2021.07.24.00.36.59_veh-47_05600_06769,on_pickup_dropoff,30,1627092767749737,0.049995,664467.1724092966,3997876.5221238527,-3.0341201462826954,664465.7198387017,3997876.3654086124,5.676561170768807,-0.10388155368014869,360,52,23,23,0,180,71,20,51,128,49,30,19
7ac08b7c991e5b91,2021.07.24.00.36.59_veh-47_05600_06769,on_pickup_dropoff,31,1627092767799732,0.049995,664466.893495698,3997876.491845796,-3.0295385672457633,664465.4416583491,3997876.3284771563,5.72340172959025,-0.11783141047164629,362,52,24,24,0,180,70,20,50,130,49,30,19
7ac08b7c991e5b91,2021.07.24.00.36.59_veh-47_05600_06769,on_pickup_dropoff,32,1627092767849727,0.049995,664466.6033589215,3997876.4583548806,-3.0248701933279474,664465.1523000562,3997876.2882103263,5.779714732569229,-0.11581294950359777,360,51,24,24,0,179,70,20,50,130,49,30,19
7ac08b7c991e5b91,2021.07.24.00.36.59_veh-47_05600_06769,on_pickup_dropoff,33,1627092767899720,0.049993,664466.316516612,3997876.424860143,-3.0204432553239946,664464.8662251823,3997876.2482935297,5.822167160309546,-0.1304535379992139,361,51,24,24,0,179,70,20,50,131,49,30,19
7ac08b7c991e5b91,2021.07.24.00.36.59_veh-47_05600_06769,on_pickup_dropoff,34,1627092767949712,0.049992,664466.0305130117,3997876.390325862,-3.0159586401096456,664464.5810279967,3997876.207257047,5.868311748564199,-0.1387009516893087,364,51,24,24,0,182,70,20,50,131,49,30,19
7ac08b7c991e5b91,2021.07.24.00.36.59_veh-47_05600_06769,on_pickup_dropoff,35,1627092767999705,0.049993,664465.743180969,3997876.3543659807,-3.0116730897958464,664464.2944938127,3997876.1650870247,5.912564944289668,-0.12248669558930501,365,51,24,24,0,183,70,20,50,131,50,30,20
7ac08b7c991e5b91,2021.07.24.00.36.59_veh-47_05600_06769,on_pickup_dropoff,36,1627092768049698,0.049993,664465.4520237213,3997876.315997794,-3.0071307252948003,664464.0042112814,3997876.120140348,5.958301034915587,-0.10963943228742898,365,51,25,25,0,183,69,20,49,131,50,30,20
7ac08b7c991e5b91,2021.07.24.00.36.59_veh-47_05600_06769,on_pickup_dropoff,37,1627092768099692,0.049994,664465.166470841,3997876.2772774645,-3.0026877469254507,664463.7195428787,3997876.074989374,6.013927121772963,-0.10353245742888074,367,51,25,25,0,185,69,20,49,131,50,30,20
7ac08b7c991e5b91,2021.07.24.00.36.59_veh-47_05600_06769,on_pickup_dropoff,38,1627092768149687,0.049995,664464.8689754069,3997876.2354514883,-2.9980819094572726,664463.4229944947,3997876.0265012514,6.050040519674385,-0.10180437533321246,370,51,25,25,0,186,69,20,49,133,50,30,20
7ac08b7c991e5b91,2021.07.24.00.36.59_veh-47_05600_06769,on_pickup_dropoff,39,1627092768199682,0.049995,664464.5758994042,3997876.1924346387,-2.993420170869271,664463.1309082718,3997875.976745912,6.080287047767184,-0.10904472754983131,375,51,25,25,0,188,69,20,49,136,51,30,21
7ac08b7c991e5b91,2021.07.24.00.36.59_veh-47_05600_06769,on_pickup_dropoff,40,1627092768249678,0.049996,664464.2857323425,3997876.148623991,-2.9892231270983425,664462.8416591892,3997875.9268724904,6.110752122925735,-0.1000444281582951,380,51,25,25,0,191,69,20,49,137,51,30,21
7ac08b7c991e5b91,2021.07.24.00.36.59_veh-47_05600_06769,on_pickup_dropoff,41,1627092768299672,0.049994,664463.9897253384,3997876.1016352233,-2.984515554510306,664462.5467120938,3997875.873088126,6.1312866147194,-0.10289544592887397,384,51,25,25,0,193,69,20,49,139,51,30,21
7ac08b7c991e5b91,2021.07.24.00.36.59_veh-47_05600_06769,on_pickup_dropoff,42,1627092768349662,0.04999,664463.6895291072,3997876.051502924,-2.979620591035914,664462.2476518755,3997875.8158950955,6.166802219658071,-0.12536297835335358,385,51,25,25,0,193,69,20,49,140,50,30,20
7ac08b7c991e5b91,2021.07.24.00.36.59_veh-47_05600_06769,on_pickup_dropoff,43,1627092768399652,0.04999,664463.3999445821,3997876.0029285075,-2.9751726732106514,664461.9591295742,3997875.76090968,6.20853933604992,-0.13529931590096067,388,51,25,25,0,193,69,20,49,143,50,30,20
7ac08b7c991e5b91,2021.07.24.00.36.59_veh-47_05600_06769,on_pickup_dropoff,44,1627092768449640,0.049988,664463.0941215394,3997875.9501090734,-2.9700468293805735,664461.654566005,3997875.7007080647,6.252666244139259,-0.1642520126064054,390,51,25,25,0,194,69,20,49,144,50,30,20
7ac08b7c991e5b91,2021.07.24.00.36.59_veh-47_05600_06769,on_pickup_dropoff,45,1627092768499632,0.049992,664462.7932744267,3997875.896273337,-2.9650454903669208,664461.3549842301,3997875.639675772,6.299276840813581,-0.15551282083026147,395,51,25,25,0,198,69,20,49,145,50,30,20
7ac08b7c991e5b91,2021.07.24.00.36.59_veh-47_05600_06769,on_pickup_dropoff,46,1627092768549627,0.049995,664462.4896984817,3997875.8411521567,-2.9602866716783773,664461.0526456678,3997875.577712961,6.334879617611772,-0.14586954894750884,396,51,25,25,0,198,68,20,48,146,50,30,20
7ac08b7c991e5b91,2021.07.24.00.36.59_veh-47_05600_06769,on_pickup_dropoff,47,1627092768599630,0.050003,664462.188413603,3997875.78372888,-2.955547506348345,664460.7526254042,3997875.513482237,6.365343348661533,-0.1394902534399202,397,51,25,25,0,198,69,20,49,147,50,30,20
7ac08b7c991e5b91,2021.07.24.00.36.59_veh-47_05600_06769,on_pickup_dropoff,48,1627092768649640,0.05001,664461.8783427657,3997875.723188727,-2.9509960630406247,664460.4437994465,3997875.4464099975,6.392318405242914,-0.12094928544412205,397,51,25,25,0,198,69,20,49,147,50,30,20
7ac08b7c991e5b91,2021.07.24.00.36.59_veh-47_05600_06769,on_pickup_dropoff,49,1627092768699660,0.05002,664461.5776674404,3997875.6630411725,-2.9466992381116084,664460.14432663,3997875.3801010353,6.415742633913321,-0.11076701714024585,398,51,26,26,0,199,69,20,49,147,50,30,20
7ac08b7c991e5b91,2021.07.24.00.36.59_veh-47_05600_06769,on_pickup_dropoff,50,1627092768749684,0.050024,664461.2671181019,3997875.6002330845,-2.9426748601979518,664459.8349275534,3997875.311526949,6.434492646934737,-0.10852817768561718,400,51,26,26,0,201,69,20,49,147,50,30,20
7ac08b7c991e5b91,2021.07.24.00.36.59_veh-47_05600_06769,on_pickup_dropoff,51,1627092768799710,0.050026,664460.9609937003,3997875.53725553,-2.9385249103313145,664459.530013597,3997875.242608378,6.453527074126858,-0.11416930910904106,399,52,27,27,0,201,69,20,49,145,52,30,22
7ac08b7c991e5b91,2021.07.24.00.36.59_veh-47_05600_06769,on_pickup_dropoff,52,1627092768849739,0.050029,664460.6517016861,3997875.4724439266,-2.9346443338974875,664459.2218757551,3997875.17224598,6.47119893035278,-0.11769352277358477,397,52,27,27,0,201,69,20,49,143,53,30,23
7ac08b7c991e5b91,2021.07.24.00.36.59_veh-47_05600_06769,on_pickup_dropoff,53,1627092768899765,0.050026,664460.3430107393,3997875.406711394,-2.9307064649630727,664458.9143780315,3997875.1008853223,6.486829690299697,-0.13181988024735833,399,52,27,27,0,202,69,20,49,144,55,30,25
7ac08b7c991e5b91,2021.07.24.00.36.59_veh-47_05600_06769,on_pickup_dropoff,54,1627092768949793,0.050028,664460.0337562726,3997875.339869196,-2.926760336910405,664458.6063415138,3997875.0284079527,6.507811579222957,-0.1318120785713576,402,54,27,27,0,203,69,20,49,144,57,30,27
7ac08b7c991e5b91,2021.07.24.00.36.59_veh-47_05600_06769,on_pickup_dropoff,55,1627092768999821,0.050028,664459.7255094766,3997875.270696569,-2.922778796082193,664458.2993461243,3997874.953554499,6.5257919998692975,-0.11820348468439965,404,55,28,28,0,204,68,20,48,144,58,30,28
7ac08b7c991e5b91,2021.07.24.00.36.59_veh-47_05600_06769,on_pickup_dropoff,56,1627092769049848,0.050027,664459.4160085976,3997875.200095093,-2.9183702444461828,664457.9912572369,3997874.8766688104,6.544911000222996,-0.11008639112707144,404,55,27,27,0,204,68,20,48,144,60,30,30
7ac08b7c991e5b91,2021.07.24.00.36.59_veh-47_05600_06769,on_pickup_dropoff,57,1627092769099876,0.050028,664459.1071823607,3997875.12657274,-2.913704828651496,664457.6839554182,3997874.796502944,6.561372456214312,-0.11188089695132114,406,56,27,27,0,204,68,20,48,145,61,30,31
7ac08b7c991e5b91,2021.07.24.00.36.59_veh-47_05600_06769,on_pickup_dropoff,58,1627092769149903,0.050027,664458.7952434646,3997875.05094447,-2.909038200043341,664457.3735723268,3997874.7142366203,6.574052788551074,-0.12577410273956313,407,56,27,27,0,204,68,20,48,146,63,30,33
7ac08b7c991e5b91,2021.07.24.00.36.59_veh-47_05600_06769,on_pickup_dropoff,59,1627092769199930,0.050027,664458.4863053347,3997874.9759981674,-2.904191815405404,664457.0662827019,3997874.632404334,6.579144173488119,-0.14637357279859994,408,56,26,26,0,205,68,20,48,146,65,30,35
7ac08b7c991e5b91,2021.07.24.00.36.59_veh-47_05600_06769,on_pickup_dropoff,60,1627092769249954,0.050024,664458.1757639272,3997874.8986142944,-2.899274425956047,664456.7574480408,3997874.548041839,6.579513387501597,-0.15996089073846692,409,56,26,26,0,206,67,20,47,146,68,30,38
7ac08b7c991e5b91,2021.07.24.00.36.59_veh-47_05600_06769,on_pickup_dropoff,61,1627092769299980,0.050026,664457.8619925319,3997874.818684455,-2.8940461427922046,664456.445528914,3997874.460701468,6.576948056178425,-0.15079400828522244,412,58,26,26,0,206,66,20,46,147,71,30,41
7ac08b7c991e5b91,2021.07.24.00.36.59_veh-47_05600_06769,on_pickup_dropoff,62,1627092769350007,0.050027,664457.558214328,3997874.73999638,-2.8887945623362214,664456.1436502102,3997874.374579691,6.572841350298851,-0.12972725231891027,412,57,26,26,0,208,67,20,47,146,72,30,42
7ac08b7c991e5b91,2021.07.24.00.36.59_veh-47_05600_06769,on_pickup_dropoff,63,1627092769400035,0.050028,664457.245668662,3997874.6554334215,-2.8829669146315346,664455.8332580723,3997874.2817794024,6.574851602194617,-0.1200977846319087,413,57,26,26,0,209,67,20,47,146,74,30,44
7ac08b7c991e5b91,2021.07.24.00.36.59_veh-47_05600_06769,on_pickup_dropoff,64,1627092769450063,0.050028,664456.9372365967,3997874.5700257416,-2.8769213163054106,664455.5271107665,3997874.1878397358,6.562826922305549,-0.10378743671181404,413,57,26,26,0,209,66,20,46,146,76,30,46
7ac08b7c991e5b91,2021.07.24.00.36.59_veh-47_05600_06769,on_pickup_dropoff,65,1627092769500091,0.050028,664456.6323445602,3997874.484149362,-2.871347562279078,664455.2243708337,3997874.094109639,6.545893004570961,-0.09309415977143325,413,57,26,26,0,209,66,20,46,146,78,30,48
7ac08b7c991e5b91,2021.07.24.00.36.59_veh-47_05600_06769,on_pickup_dropoff,66,1627092769550114,0.050023,664456.3300947488,3997874.396747477,-2.865218865248788,664454.9245378849,3997873.998086089,6.534939067859262,-0.1119831819296151,416,57,25,25,0,210,66,20,46,148,81,30,51
7ac08b7c991e5b91,2021.07.24.00.36.59_veh-47_05600_06769,on_pickup_dropoff,67,1627092769600137,0.050023,664456.0248410034,3997874.3071951256,-2.8590464506346267,664454.6217716021,3997873.899865707,6.522083307544834,-0.131693648417684,412,56,26,26,0,208,64,20,44,147,82,30,52
7ac08b7c991e5b91,2021.07.24.00.36.59_veh-47_05600_06769,on_pickup_dropoff,68,1627092769650159,0.050022,664455.7208129144,3997874.2171358727,-2.8528749733790097,664454.3202840408,3997873.801155255,6.507789035181806,-0.1478509090362901,412,57,27,27,0,208,64,20,44,146,83,30,53
7ac08b7c991e5b91,2021.07.24.00.36.59_veh-47_05600_06769,on_pickup_dropoff,69,1627092769700183,0.050024,664455.4168522358,3997874.125688671,-2.846163232724917,664454.0191468402,3997873.700317507,6.496602633655833,-0.14944312806947885,412,57,27,27,0,209,64,20,44,145,84,30,54
7ac08b7c991e5b91,2021.07.24.00.36.59_veh-47_05600_06769,on_pickup_dropoff,70,1627092769750209,0.050026,664455.1153063007,3997874.03197306,-2.839462276368832,664453.7204826578,3997873.5972455535,6.487026878420143,-0.13861373344993605,416,57,27,27,0,210,65,20,45,148,86,30,56
7ac08b7c991e5b91,2021.07.24.00.36.59_veh-47_05600_06769,on_pickup_dropoff,71,1627092769800237,0.050028,664454.8170917457,3997873.9370115316,-2.832217022325677,664453.4254543959,3997873.492189672,6.470707605887043,-0.14131104578332518,417,56,27,27,0,211,65,20,45,149,86,30,56
7ac08b7c991e5b91,2021.07.24.00.36.59_veh-47_05600_06769,on_pickup_dropoff,72,1627092769850266,0.050029,664454.5214862874,3997873.8412501854,-2.825499501395603,664453.132868414,3997873.387090079,6.45393992116049,-0.13319527921289148,419,56,28,28,0,213,65,20,45,149,88,30,58
7ac08b7c991e5b91,2021.07.24.00.36.59_veh-47_05600_06769,on_pickup_dropoff,73,1627092769900292,0.050026,664454.2250198862,3997873.7421107264,-2.8185756007082046,664452.8395798325,3997873.278346931,6.437990543718695,-0.11824467811999226,419,56,28,28,0,212,65,20,45,150,90,30,60
7ac08b7c991e5b91,2021.07.24.00.36.59_veh-47_05600_06769,on_pickup_dropoff,74,1627092769950317,0.050025,664453.9319872152,3997873.6421161294,-2.811873548801981,664452.5496864225,3997873.1690775277,6.421267177030201,-0.10981486617926324,419,56,28,28,0,212,65,20,45,150,91,30,61
7ac08b7c991e5b91,2021.07.24.00.36.59_veh-47_05600_06769,on_pickup_dropoff,75,1627092770000340,0.050023,664453.6422289631,3997873.539650721,-2.8049449101605304,664452.2632388369,3997873.057046088,6.403187752139023,-0.11292567994526745,422,56,28,28,0,212,67,20,47,153,94,30,64
7ac08b7c991e5b91,2021.07.24.00.36.59_veh-47_05600_06769,on_pickup_dropoff,76,1627092770050361,0.050021,664453.3464403419,3997873.4331102255,-2.797289611029971,664451.9711850692,3997872.9399632546,6.383849406783484,-0.14015364615241405,422,56,28,28,0,212,68,20,48,153,97,30,67
7ac08b7c991e5b91,2021.07.24.00.36.59_veh-47_05600_06769,on_pickup_dropoff,77,1627092770100377,0.050016,664453.0591015862,3997873.3273593104,-2.78959907764763,664451.6876795085,3997872.8236505804,6.361672328801817,-0.15911676063417338,422,56,28,28,0,212,68,20,48,153,97,30,67
7ac08b7c991e5b91,2021.07.24.00.36.59_veh-47_05600_06769,on_pickup_dropoff,78,1627092770150386,0.050009,664452.7721858104,3997873.2201145706,-2.781616375845378,664451.4048283421,3997872.7054743525,6.340083671981186,-0.14388451162452998,422,57,28,28,0,212,68,20,48,152,98,30,68
7ac08b7c991e5b91,2021.07.24.00.36.59_veh-47_05600_06769,on_pickup_dropoff,79,1627092770200388,0.050002,664452.4926135413,3997873.110634812,-2.7731897366420317,664451.1296412557,3997872.584490774,6.3193353997525135,-0.12648797277779308,422,58,28,28,0,212,68,20,48,151,96,30,66
7ac08b7c991e5b91,2021.07.24.00.36.59_veh-47_05600_06769,on_pickup_dropoff,80,1627092770250381,0.049993,664452.2053429736,3997872.9952340177,-2.763933217962659,664450.8472992721,3997872.456496322,6.30234129962031,-0.1333701324639977,422,58,28,28,0,212,68,20,48,151,97,30,67
7ac08b7c991e5b91,2021.07.24.00.36.59_veh-47_05600_06769,on_pickup_dropoff,81,1627092770300366,0.049985,664451.9279285409,3997872.882973403,-2.7552212453215708,664450.5746297844,3997872.332425062,6.287041383077155,-0.14674253052248495,421,58,28,28,0,211,66,20,46,151,99,30,69
7ac08b7c991e5b91,2021.07.24.00.36.59_veh-47_05600_06769,on_pickup_dropoff,82,1627092770350348,0.049982,664451.6485289318,3997872.7666143454,-2.746015266910587,664450.3003557855,3997872.2036310704,6.268256851388873,-0.14769886902387652,424,58,28,28,0,214,64,20,44,151,99,30,69
7ac08b7c991e5b91,2021.07.24.00.36.59_veh-47_05600_06769,on_pickup_dropoff,83,1627092770400327,0.049979,664451.3678205634,3997872.646548365,-2.7367213197990945,664450.0249379041,3997872.0710597346,6.244761628854553,-0.13177953793515687,427,58,28,28,0,216,64,20,44,152,100,30,70
7ac08b7c991e5b91,2021.07.24.00.36.59_veh-47_05600_06769,on_pickup_dropoff,84,1627092770450303,0.049976,664451.0947034177,3997872.5271053957,-2.727999341997509,664449.756891172,3997871.939926211,6.222403357995114,-0.12173107177209705,424,57,28,28,0,218,65,20,45,148,101,30,71
7ac08b7c991e5b91,2021.07.24.00.36.59_veh-47_05600_06769,on_pickup_dropoff,85,1627092770500279,0.049976,664450.8235278713,3997872.404416039,-2.718805848310948,664449.4911703134,3997871.804962673,6.199728689655288,-0.12758169683998088,426,57,28,28,0,220,65,20,45,148,103,30,73
7ac08b7c991e5b91,2021.07.24.00.36.59_veh-47_05600_06769,on_pickup_dropoff,86,1627092770550254,0.049975,664450.5495589916,3997872.278452509,-2.709598033182763,664449.2227774923,3997871.666756626,6.176037744531382,-0.13500607495275718,427,57,28,28,0,221,65,20,45,148,102,30,72
7ac08b7c991e5b91,2021.07.24.00.36.59_veh-47_05600_06769,on_pickup_dropoff,87,1627092770600229,0.049975,664450.2822586669,3997872.153681861,-2.700868734230435,664448.9608673266,3997871.5304275583,6.151864511709966,-0.13510274969914085,429,57,29,29,0,223,64,20,44,148,104,30,74
7ac08b7c991e5b91,2021.07.24.00.36.59_veh-47_05600_06769,on_pickup_dropoff,88,1627092770650203,0.049974,664450.0167080342,3997872.026937051,-2.6917887395283047,664448.7010302334,3997871.3917103796,6.131938187725647,-0.12703244082349271,433,57,29,29,0,226,63,20,43,149,102,30,72
7ac08b7c991e5b91,2021.07.24.00.36.59_veh-47_05600_06769,on_pickup_dropoff,89,1627092770700176,0.049973,664449.7543323577,3997871.897069245,-2.682590237555702,664448.4445532692,3997871.2497673533,6.104686084138607,-0.10230565960037577,432,57,29,29,0,227,63,20,43,147,104,30,74
7ac08b7c991e5b91,2021.07.24.00.36.59_veh-47_05600_06769,on_pickup_dropoff,90,1627092770750148,0.049972,664449.4931376913,3997871.7646625238,-2.674003396067817,664448.1889651004,3997871.1061377684,6.083353464018764,-0.08782309485459924,432,57,29,29,0,227,60,20,40,147,102,30,72
7ac08b7c991e5b91,2021.07.24.00.36.59_veh-47_05600_06769,on_pickup_dropoff,91,1627092770800121,0.049973,664449.2363279682,3997871.6307594064,-2.6651618361340867,664447.9380286629,3997870.9607296204,6.0610174049000625,-0.11355798952230213,431,57,29,29,0,226,56,20,36,147,103,30,73
7ac08b7c991e5b91,2021.07.24.00.36.59_veh-47_05600_06769,on_pickup_dropoff,92,1627092770850088,0.049967,664448.9782605136,3997871.494520493,-2.656393764456478,664447.685885908,3997870.813133027,6.04065813409638,-0.14340291408561312,429,56,29,29,0,225,54,20,34,147,102,30,72
7ac08b7c991e5b91,2021.07.24.00.36.59_veh-47_05600_06769,on_pickup_dropoff,93,1627092770900056,0.049968,664448.7264528011,3997871.3607948734,-2.64792944641445,664447.4398919025,3997870.6684928774,6.021417387859152,-0.14045190005516875,427,55,29,29,0,224,52,20,32,147,102,30,72
7ac08b7c991e5b91,2021.07.24.00.36.59_veh-47_05600_06769,on_pickup_dropoff,94,1627092770950024,0.049968,664448.4699741561,3997871.220482558,-2.639114843936128,664447.1895655261,3997870.5168670807,5.999297802338631,-0.11756219077692426,426,55,29,29,0,224,52,20,32,146,100,30,70
7ac08b7c991e5b91,2021.07.24.00.36.59_veh-47_05600_06769,on_pickup_dropoff,95,1627092770999992,0.049968,664448.2243569079,3997871.081831781,-2.630349728634902,664446.9501646545,3997870.3670205465,5.977138374755892,-0.10228222941723562,425,55,29,29,0,224,51,20,31,145,97,30,67
7ac08b7c991e5b91,2021.07.24.00.36.59_veh-47_05600_06769,on_pickup_dropoff,96,1627092771049959,0.049967,664447.9782871377,3997870.941344133,-2.6217061781178215,664446.7103209122,3997870.215546192,5.95479546299908,-0.10980180726465584,425,55,28,28,0,224,50,20,30,145,98,30,68
7ac08b7c991e5b91,2021.07.24.00.36.59_veh-47_05600_06769,on_pickup_dropoff,97,1627092771099925,0.049966,664447.7351466966,3997870.7990707187,-2.61266744942728,664446.4737924675,3997870.0618417794,5.932381853423863,-0.11982480787746302,423,55,28,28,0,223,49,20,29,144,97,30,67
7ac08b7c991e5b91,2021.07.24.00.36.59_veh-47_05600_06769,on_pickup_dropoff,98,1627092771149895,0.04997,664447.4941316147,3997870.6553423465,-2.604138286289719,664446.2391111347,3997869.907382057,5.899092772304698,-0.11581187076141777,424,54,28,28,0,226,49,20,29,143,97,30,67
7ac08b7c991e5b91,2021.07.24.00.36.59_veh-47_05600_06769,on_pickup_dropoff,99,1627092771199865,0.04997,664447.2539128265,3997870.5103290793,-2.595660678459838,664446.0052782834,3997869.7517562234,5.877858424429454,-0.11349717351380773,424,55,28,28,0,225,47,20,27,143,97,30,67
7ac08b7c991e5b91,2021.07.24.00.36.59_veh-47_05600_06769,on_pickup_dropoff,100,1627092771249837,0.049972,664447.0138570108,3997870.36135021,-2.586543079818732,664445.7721906342,3997869.591424493,5.858088186259896,-0.10634151841025224,424,55,28,28,0,225,47,20,27,143,97,30,67
133ba37489cb5a19,2021.10.12.19.20.46_veh-28_00644_00868,medium_magnitude_speed,0,1634067347549869,,330975.2204404112,4691155.080438293,0.5174642190792171,330976.4901609839,4691155.803162768,8.036813383132564,0.11810281556138452,32,11,4,4,0,18,14,14,0,3,2,2,0
133ba37489cb5a19,2021.10.12.19.20.46_veh-28_00644_00868,medium_magnitude_speed,1,1634067347599847,0.049978,330975.55520239717,4691155.268034511,0.5190880967346424,330976.8237476802,4691155.992819903,8.01696762278928,0.12336127174739499,32,11,4,4,0,18,14,14,0,3,2,2,0
133ba37489cb5a19,2021.10.12.19.20.46_veh-28_00644_00868,medium_magnitude_speed,2,1634067347649823,0.049976,330975.88740921963,4691155.457999395,0.5204457754393245,330977.1549693081,4691156.184506396,7.997801770414045,0.14556475813440228,32,11,4,4,0,18,14,14,0,3,2,2,0
133ba37489cb5a19,2021.10.12.19.20.46_veh-28_00644_00868,medium_magnitude_speed,3,1634067347699800,0.049977,330976.22431721253,4691155.6523896055,0.5222078148627072,330977.4905951999,4691156.381128968,7.979879285185977,0.1594486328090589,32,11,4,4,0,18,14,14,0,3,2,2,0
133ba37489cb5a19,2021.10.12.19.20.46_veh-28_00644_00868,medium_magnitude_speed,4,1634067347749776,0.049976,330976.55592778075,4691155.845280098,0.5236949310780855,330977.82112064824,4691156.575901756,7.96059194421514,0.16103125077580085,32,11,4,4,0,18,14,14,0,3,2,2,0
133ba37489cb5a19,2021.10.12.19.20.46_veh-28_00644_00868,medium_magnitude_speed,5,1634067347799751,0.049975,330976.8861175846,4691156.0371310655,0.5249232100313563,330978.15041209076,4691156.769306182,7.9411916218481,0.1602223425752981,32,11,4,4,0,18,14,14,0,3,2,2,0
133ba37489cb5a19,2021.10.12.19.20.46_veh-28_00644_00868,medium_magnitude_speed,6,1634067347849726,0.049975,330977.211766359,4691156.229873878,0.5262143371125557,330978.4751144805,4691156.963680749,7.92074710567029,0.16048876210542365,32,11,4,4,0,18,14,14,0,3,2,2,0
133ba37489cb5a19,2021.10.12.19.20.46_veh-28_00644_00868,medium_magnitude_speed,7,1634067347899700,0.049974,330977.54323895695,4691156.425328483,0.5273968614153048,330978.80571845087,4691157.160628781,7.898084569334443,0.15894418261465196,33,11,4,4,0,19,14,14,0,3,2,2,0
133ba37489cb5a19,2021.10.12.19.20.46_veh-28_00644_00868,medium_magnitude_speed,8,1634067347949671,0.049971,330977.87237324653,4691156.619809016,0.5286101722085292,330979.1339596636,4691157.356640551,7.88171651272366,0.16261648285785804,33,11,4,4,0,19,14,14,0,3,2,2,0
133ba37489cb5a19,2021.10.12.19.20.46_veh-28_00644_00868,medium_magnitude_speed,9,1634067347999643,0.049972,330978.1928599391,4691156.810990589,0.5298233820773383,330979.45355149667,4691157.549352151,7.859960150821036,0.1796370460528258,32,11,4,4,0,18,14,14,0,3,2,2,0
133ba37489cb5a19,2021.10.12.19.20.46_veh-28_00644_00868,medium_magnitude_speed,10,1634067348049615,0.049972,330978.5181047029,4691157.0051319245,0.5308010190108735,330979.7780738086,4691157.7447256325,7.841589785177984,0.192220328546523,32,11,4,4,0,18,14,14,0,3,2,2,0
133ba37489cb5a19,2021.10.12.19.20.46_veh-28_00644_00868,medium_magnitude_speed,11,1634067348099590,0.049975,330978.8445453729,4691157.198777051,0.5318239827550435,330980.1037572419,4691157.939659274,7.823324634298868,0.2019959215833334,32,11,4,4,0,18,13,13,0,3,2,2,0
133ba37489cb5a19,2021.10.12.19.20.46_veh-28_00644_00868,medium_magnitude_speed,12,1634067348149572,0.049982,330979.16527047224,4691157.392132093,0.5328034835100585,330980.4237560426,4691158.13424736,7.80387551380989,0.21172628277667294,32,11,4,4,0,18,12,12,0,3,2,2,0
133ba37489cb5a19,2021.10.12.19.20.46_veh-28_00644_00868,medium_magnitude_speed,13,1634067348199561,0.049989,330979.4866074372,4691157.583420794,0.533657228368909,330980.7444589719,4691158.326610216,7.790878102809299,0.21270072110485047,32,11,4,4,0,18,12,12,0,3,2,2,0
133ba37489cb5a19,2021.10.12.19.20.46_veh-28_00644_00868,medium_magnitude_speed,14,1634067348249559,0.049998,330979.810873568,4691157.776203071,0.5343927122805265,330981.0681781587,4691158.520317421,7.7756901056001935,0.2082321093093091,32,11,4,4,0,18,12,12,0,3,2,2,0
133ba37489cb5a19,2021.10.12.19.20.46_veh-28_00644_00868,medium_magnitude_speed,15,1634067348299565,0.050006,330980.1372158704,4691157.969201555,0.5350755720017454,330981.39401204226,4691158.714174294,7.760147231400468,0.20550752402934197,32,11,3,3,0,18,12,12,0,3,2,2,0
133ba37489cb5a19,2021.10.12.19.20.46_veh-28_00644_00868,medium_magnitude_speed,16,1634067348349578,0.050013,330980.4532848939,4691158.156899485,0.5357732478886136,330981.7095610104,4691158.902748879,7.742306402873904,0.21144078070321026,31,11,3,3,0,17,10,10,0,3,2,2,0
133ba37489cb5a19,2021.10.12.19.20.46_veh-28_00644_00868,medium_magnitude_speed,17,1634067348399597,0.050019,330980.7755723547,4691158.349768961,0.5366181687348693,330982.03121783916,4691159.096679543,7.726516731014904,0.22294211895794241,30,11,3,3,0,16,10,10,0,3,2,2,0
133ba37489cb5a19,2021.10.12.19.20.46_veh-28_00644_00868,medium_magnitude_speed,18,1634067348449620,0.050023,330981.09244562406,4691158.540614353,0.5373988481010928,330982.34750762826,4691159.288504963,7.714551999432174,0.2255309372764454,31,12,3,3,0,16,10,10,0,3,2,2,0
133ba37489cb5a19,2021.10.12.19.20.46_veh-28_00644_00868,medium_magnitude_speed,19,1634067348499644,0.050024,330981.41306255007,4691158.736029041,0.538341383616727,330982.6674190835,4691159.48510226,7.696394101430364,0.2189797284730741,30,12,3,3,0,15,9,9,0,3,2,2,0
133ba37489cb5a19,2021.10.12.19.20.46_veh-28_00644_00868,medium_magnitude_speed,20,1634067348549673,0.050029,330981.73395287205,4691158.930267339,0.5391555148390346,330982.9876991459,4691159.68036152,7.684014399730681,0.20564750694544004,30,12,3,3,0,15,9,9,0,3,2,2,0
133ba37489cb5a19,2021.10.12.19.20.46_veh-28_00644_00868,medium_magnitude_speed,21,1634067348599703,0.05003,330982.0490054085,4691159.120479039,0.5398175257440843,330983.3022548371,4691159.87140305,7.668055875654956,0.21014479947829043,29,12,3,3,0,14,8,8,0,3,2,2,0
133ba37489cb5a19,2021.10.12.19.20.46_veh-28_00644_00868,medium_magnitude_speed,22,1634067348649738,0.050035,330982.36673735356,4691159.3129288675,0.540354755395072,330983.61958318274,4691160.064526052,7.655124426883839,0.2156944648691066,30,12,3,3,0,14,8,8,0,4,2,2,0
133ba37489cb5a19,2021.10.12.19.20.46_veh-28_00644_00868,medium_magnitude_speed,23,1634067348699770,0.050032,330982.68444815447,4691159.505178722,0.5409067252566787,330983.9368789338,4691160.257467325,7.643926272659923,0.21651336033000657,30,12,3,3,0,14,8,8,0,4,2,2,0
133ba37489cb5a19,2021.10.12.19.20.46_veh-28_00644_00868,medium_magnitude_speed,24,1634067348749802,0.050032,330983.00482861855,4691159.698864854,0.5416596961992748,330984.2566925914,4691160.452096288,7.63129728239432,0.23018019560526934,30,12,3,3,0,14,8,8,0,4,2,2,0
133ba37489cb5a19,2021.10.12.19.20.46_veh-28_00644_00868,medium_magnitude_speed,25,1634067348799837,0.050035,330983.31967362255,4691159.890609553,0.5422583321647199,330984.57108645973,4691160.644590263,7.6203566164450685,0.2504946782123335,30,12,3,3,0,14,8,8,0,4,3,3,0
133ba37489cb5a19,2021.10.12.19.20.46_veh-28_00644_00868,medium_magnitude_speed,26,1634067348849873,0.050036,330983.63547284185,4691160.084966055,0.5427982213947171,330984.8864784306,4691160.83962228,7.613952761074945,0.2496761598169491,30,12,3,3,0,14,7,7,0,4,3,3,0
133ba37489cb5a19,2021.10.12.19.20.46_veh-28_00644_00868,medium_magnitude_speed,27,1634067348899908,0.050035,330983.94883419765,4691160.277103327,0.5435401733471632,330985.19927952345,4691161.03268753,7.603109330854991,0.2272813286399025,30,12,3,3,0,14,7,7,0,4,3,3,0
133ba37489cb5a19,2021.10.12.19.20.46_veh-28_00644_00868,medium_magnitude_speed,28,1634067348949941,0.050033,330984.26452950033,4691160.469378805,0.5441425093852759,330985.5145194837,4691161.225716058,7.585813135031407,0.19638511869497968,28,12,3,3,0,14,7,7,0,2,1,1,0
133ba37489cb5a19,2021.10.12.19.20.46_veh-28_00644_00868,medium_magnitude_speed,29,1634067348999974,0.050033,330984.57880590606,4691160.659467779,0.5446603933878122,330985.82840402686,4691161.416452281,7.5710867605312275,0.18826506749075558,27,12,3,3,0,13,7,7,0,2,1,1,0
133ba37489cb5a19,2021.10.12.19.20.46_veh-28_00644_00868,medium_magnitude_speed,30,1634067349050006,0.050032,330984.8951633488,4691160.852113589,0.5448744805050815,330986.1445993804,4691161.609365596,7.550853493831458,0.20145094916681933,27,12,2,2,0,13,7,7,0,2,1,1,0
133ba37489cb5a19,2021.10.12.19.20.46_veh-28_00644_00868,medium_magnitude_speed,31,1634067349100036,0.05003,330985.20447401685,4691161.040941446,0.5452694661574249,330986.4536108473,4691161.798686904,7.536721114883552,0.20957864968527534,27,12,2,2,0,13,7,7,0,2,1,1,0
133ba37489cb5a19,2021.10.12.19.20.46_veh-28_00644_00868,medium_magnitude_speed,32,1634067349150061,0.050025,330985.51978751697,4691161.233968555,0.5458004658341525,330986.7685218087,4691161.992377197,7.521631120866996,0.20459852566811917,28,13,2,2,0,13,7,7,0,2,1,1,0
133ba37489cb5a19,2021.10.12.19.20.46_veh-28_00644_00868,medium_magnitude_speed,33,1634067349200078,0.050017,330985.82686158095,4691161.419949058,0.546117253191257,330987.0753555558,4691162.178753246,7.511550029951945,0.20267455104075377,27,13,2,2,0,13,7,7,0,1,0,0,0
133ba37489cb5a19,2021.10.12.19.20.46_veh-28_00644_00868,medium_magnitude_speed,34,1634067349250087,0.050009,330986.14044041466,4691161.611065372,0.5462076776186988,330987.38886576996,4691162.36998245,7.501457574771575,0.21125848288679647,27,13,2,2,0,13,7,7,0,1,0,0,0
133ba37489cb5a19,2021.10.12.19.20.46_veh-28_00644_00868,medium_magnitude_speed,35,1634067349300091,0.050004,330986.4516857606,4691161.798865731,0.5460050356985635,330987.70026487863,4691162.557529811,7.493537670809026,0.20380532065523987,27,13,2,2,0,13,6,6,0,1,0,0,0
133ba37489cb5a19,2021.10.12.19.20.46_veh-28_00644_00868,medium_magnitude_speed,36,1634067349350088,0.049997,330986.75993573654,4691161.98702052,0.5463336233688736,330988.00826549955,4691162.746094826,7.479560144280162,0.1855739293906824,27,13,2,2,0,13,6,6,0,1,0,0,0
133ba37489cb5a19,2021.10.12.19.20.46_veh-28_00644_00868,medium_magnitude_speed,37,1634067349400080,0.049992,330987.0727544805,4691162.176327098,0.5466200432422889,330988.3208667784,4691162.93575892,7.462211205861496,0.1633523830772259,27,13,2,2,0,13,6,6,0,1,0,0,0
133ba37489cb5a19,2021.10.12.19.20.46_veh-28_00644_00868,medium_magnitude_speed,38,1634067349450066,0.049986,330987.3806633663,4691162.363363472,0.5469179572775397,330988.62854936335,4691163.12316709,7.446080662063332,0.15142436887260474,27,13,2,2,0,13,6,6,0,1,0,0,0
133ba37489cb5a19,2021.10.12.19.20.46_veh-28_00644_00868,medium_magnitude_speed,39,1634067349500047,0.049981,330987.69128411193,4691162.55094236,0.5473663597842492,330988.9388292857,4691163.311305458,7.434581373763508,0.14484253182637533,27,13,2,2,0,13,6,6,0,1,0,0,0
133ba37489cb5a19,2021.10.12.19.20.46_veh-28_00644_00868,medium_magnitude_speed,40,1634067349550024,0.049977,330987.996066862,4691162.7359772995,0.5478900180808062,330989.2432136943,4691163.49699358,7.4186616905153615,0.1590093258760015,28,14,3,3,0,13,6,6,0,1,0,0,0
133ba37489cb5a19,2021.10.12.19.20.46_veh-28_00644_00868,medium_magnitude_speed,41,1634067349599998,0.049974,330988.3008801978,4691162.921675601,0.5484431438304443,330989.5476059016,4691163.683381594,7.40837289864825,0.16781522100146753,29,14,3,3,0,14,6,6,0,1,0,0,0
133ba37489cb5a19,2021.10.12.19.20.46_veh-28_00644_00868,medium_magnitude_speed,42,1634067349649971,0.049973,330988.61148240947,4691163.111199752,0.5488257095423023,330989.85791661945,4691163.873382644,7.398457875182175,0.17581437760661747,29,14,3,3,0,14,6,6,0,0,0,0,0
133ba37489cb5a19,2021.10.12.19.20.46_veh-28_00644_00868,medium_magnitude_speed,43,1634067349699941,0.04997,330988.91433142644,4691163.29538363,0.5490708799683988,330990.1605787343,4691164.057872088,7.386225616269144,0.17834937302299894,29,14,3,3,0,14,6,6,0,0,0,0,0
133ba37489cb5a19,2021.10.12.19.20.46_veh-28_00644_00868,medium_magnitude_speed,44,1634067349749908,0.049967,330989.2238606281,4691163.483550073,0.5491566432227388,330990.47004253784,4691164.2461454095,7.373320241802315,0.18198693090646528,29,15,4,4,0,13,5,5,0,0,0,0,0
133ba37489cb5a19,2021.10.12.19.20.46_veh-28_00644_00868,medium_magnitude_speed,45,1634067349799875,0.049967,330989.5255213858,4691163.666344245,0.5493394600856201,330990.7715638594,4691164.429167392,7.359561403950626,0.17408042348299554,30,15,4,4,0,13,5,5,0,1,1,1,0
133ba37489cb5a19,2021.10.12.19.20.46_veh-28_00644_00868,medium_magnitude_speed,46,1634067349849842,0.049967,330989.826895363,4691163.849108293,0.5496324231689484,330991.07271430414,4691164.612296452,7.341604500139509,0.16040839223174944,30,15,4,4,0,13,5,5,0,1,1,1,0
133ba37489cb5a19,2021.10.12.19.20.46_veh-28_00644_00868,medium_magnitude_speed,47,1634067349899810,0.049968,330990.1357763003,4691164.034065326,0.5501057858669252,330991.38123383705,4691164.797843123,7.325623930626173,0.14591038131006165,30,15,4,4,0,13,4,4,0,1,1,1,0
133ba37489cb5a19,2021.10.12.19.20.46_veh-28_00644_00868,medium_magnitude_speed,48,1634067349949781,0.049971,330990.44081559783,4691164.2174349865,0.5506209765782443,330991.6858794781,4691164.981854331,7.312921726411482,0.15918130707615405,30,16,4,4,0,12,3,3,0,1,1,1,0
133ba37489cb5a19,2021.10.12.19.20.46_veh-28_00644_00868,medium_magnitude_speed,49,1634067349999759,0.049978,330990.7458423068,4691164.40349572,0.551267480520123,330991.9904117268,4691165.168719843,7.299802730135225,0.18165283737608973,31,16,4,4,0,12,3,3,0,2,1,1,0
133ba37489cb5a19,2021.10.12.19.20.46_veh-28_00644_00868,medium_magnitude_speed,50,1634067350049740,0.049981,330991.05006998044,4691164.591046027,0.5518508595375324,330992.294192773,4691165.356996075,7.282657174072272,0.17070579505559497,32,16,4,4,0,13,4,4,0,2,1,1,0
133ba37489cb5a19,2021.10.12.19.20.46_veh-28_00644_00868,medium_magnitude_speed,51,1634067350099725,0.049985,330991.35003507574,4691164.775121724,0.5525731906967821,330992.5936042742,4691165.541970242,7.269144182596979,0.15495926911573946,32,16,4,4,0,13,4,4,0,2,1,1,0
133ba37489cb5a19,2021.10.12.19.20.46_veh-28_00644_00868,medium_magnitude_speed,52,1634067350149714,0.049989,330991.64957716817,4691164.9583702935,0.5527271260021899,330992.89302830683,4691165.725410231,7.25298268447603,0.1581966645863154,33,16,4,4,0,14,4,4,0,2,1,1,0
133ba37489cb5a19,2021.10.12.19.20.46_veh-28_00644_00868,medium_magnitude_speed,53,1634067350199708,0.049994,330991.9472372951,4691165.142894769,0.5527174085740201,330993.1906958874,4691165.909922623,7.233701522177374,0.17415371923331552,33,16,4,4,0,14,4,4,0,2,1,1,0
133ba37489cb5a19,2021.10.12.19.20.46_veh-28_00644_00868,medium_magnitude_speed,54,1634067350249710,0.050002,330992.24571163434,4691165.32865254,0.5529707921655351,330993.4889758344,4691166.095995442,7.211750374894847,0.17734829711357186,33,16,4,4,0,14,4,4,0,2,1,1,0
133ba37489cb5a19,2021.10.12.19.20.46_veh-28_00644_00868,medium_magnitude_speed,55,1634067350299717,0.050007,330992.54530119564,4691165.514427827,0.5531801040478058,330993.7884047545,4691166.282030942,7.197941790007045,0.16363129188107337,33,16,4,4,0,14,4,4,0,2,1,1,0
133ba37489cb5a19,2021.10.12.19.20.46_veh-28_00644_00868,medium_magnitude_speed,56,1634067350349726,0.050009,330992.84429590305,4691165.699195455,0.5536531312447772,330994.0870362257,4691166.467386506,7.186238042212736,0.14813788637813302,33,16,4,4,0,14,4,4,0,2,1,1,0
133ba37489cb5a19,2021.10.12.19.20.46_veh-28_00644_00868,medium_magnitude_speed,57,1634067350399735,0.050009,330993.14010706893,4691165.882077392,0.5537884531606174,330994.3827434271,4691166.650436606,7.1659119658023815,0.15521015443408775,34,17,5,5,0,14,4,4,0,2,1,1,0
133ba37489cb5a19,2021.10.12.19.20.46_veh-28_00644_00868,medium_magnitude_speed,58,1634067350449749,0.050014,330993.437455102,4691166.067891138,0.5538710502358966,330994.6800279917,4691166.836352987,7.153566109029142,0.17491752268360675,34,17,5,5,0,14,4,4,0,2,1,1,0
133ba37489cb5a19,2021.10.12.19.20.46_veh-28_00644_00868,medium_magnitude_speed,59,1634067350499767,0.050018,330993.7283209692,4691166.251466272,0.5541159501573454,330994.9707056254,4691167.020232405,7.130424268312311,0.16597450517556964,33,17,5,5,0,13,4,4,0,2,1,1,0
133ba37489cb5a19,2021.10.12.19.20.46_veh-28_00644_00868,medium_magnitude_speed,60,1634067350549787,0.05002,330994.01531964674,4691166.431829341,0.554376469647071,330995.2575039822,4691167.200919112,7.110289169440629,0.15856854987423666,33,17,5,5,0,13,4,4,0,2,1,1,0
133ba37489cb5a19,2021.10.12.19.20.46_veh-28_00644_00868,medium_magnitude_speed,61,1634067350599807,0.05002,330994.3049533106,4691166.613840942,0.5545820118813009,330995.5469795394,4691167.383186019,7.089626305297696,0.16672365035116327,33,17,6,6,0,13,4,4,0,2,1,1,0
133ba37489cb5a19,2021.10.12.19.20.46_veh-28_00644_00868,medium_magnitude_speed,62,1634067350649832,0.050025,330994.597644195,4691166.796506211,0.5543532486262218,330995.83984638925,4691167.565567138,7.073163427922277,0.1805970519271203,36,17,6,6,0,13,4,4,0,4,1,1,0
133ba37489cb5a19,2021.10.12.19.20.46_veh-28_00644_00868,medium_magnitude_speed,63,1634067350699857,0.050025,330994.88381645613,4691166.976964513,0.5541846240400492,330996.12614831526,4691167.745815963,7.046810627675901,0.18426016374684664,37,17,6,6,0,14,4,4,0,4,1,1,0
133ba37489cb5a19,2021.10.12.19.20.46_veh-28_00644_00868,medium_magnitude_speed,64,1634067350749881,0.050024,330995.1739916636,4691167.158000663,0.5541853642087059,330996.41632295365,4691167.926853032,7.031748986308263,0.17332309358360568,37,17,6,6,0,14,4,4,0,4,1,1,0
133ba37489cb5a19,2021.10.12.19.20.46_veh-28_00644_00868,medium_magnitude_speed,65,1634067350799904,0.050023,330995.4612127371,4691167.336002114,0.5540943891636819,330996.7036139684,4691168.104741459,7.015369048450622,0.163205972457663,37,17,6,6,0,14,4,4,0,4,1,1,0
133ba37489cb5a19,2021.10.12.19.20.46_veh-28_00644_00868,medium_magnitude_speed,66,1634067350849927,0.050023,330995.7539120334,4691167.517417517,0.553838584098338,330996.99650987145,4691168.285839024,7.0018706353634705,0.16647013639953523,36,17,6,6,0,13,4,4,0,4,1,1,0
133ba37489cb5a19,2021.10.12.19.20.46_veh-28_00644_00868,medium_magnitude_speed,67,1634067350899950,0.050023,330996.0405438473,4691167.694180464,0.5539409951926039,330997.28306298394,4691168.462729223,6.98801150223186,0.1674142973730162,36,17,6,6,0,13,4,4,0,4,1,1,0
133ba37489cb5a19,2021.10.12.19.20.46_veh-28_00644_00868,medium_magnitude_speed,68,1634067350949974,0.050024,330996.32691142795,4691167.871493763,0.5541969429303389,330997.5692338156,4691168.640360517,6.974416536431193,0.16787456699414602,35,16,6,6,0,13,4,4,0,4,1,1,0
133ba37489cb5a19,2021.10.12.19.20.46_veh-28_00644_00868,medium_magnitude_speed,69,1634067350999993,0.050019,330996.6181986926,4691168.051012769,0.554359531243413,330997.8603960551,4691168.8200815,6.958078956877883,0.16760354491211266,36,16,6,6,0,14,4,4,0,4,1,1,0
133ba37489cb5a19,2021.10.12.19.20.46_veh-28_00644_00868,medium_magnitude_speed,70,1634067351050010,0.050017,330996.9044976736,4691168.2291259635,0.5543471499980562,330998.146704558,4691168.998179315,6.939590184550412,0.17370520708273715,36,16,6,6,0,14,4,4,0,4,1,1,0
133ba37489cb5a19,2021.10.12.19.20.46_veh-28_00644_00868,medium_magnitude_speed,71,1634067351100022,0.050012,330997.1841213242,4691168.402493553,0.5543463430690154,330998.4263288292,4691169.171545901,6.914697150091642,0.17342780136598843,36,16,6,6,0,15,4,4,0,3,1,1,0
133ba37489cb5a19,2021.10.12.19.20.46_veh-28_00644_00868,medium_magnitude_speed,72,1634067351150025,0.050003,330997.4709359552,4691168.579338108,0.5543846694909196,330998.7131139842,4691169.3484380655,6.9010105694300945,0.16737658854314094,36,16,6,6,0,15,4,4,0,3,1,1,0
133ba37489cb5a19,2021.10.12.19.20.46_veh-28_00644_00868,medium_magnitude_speed,73,1634067351200023,0.049998,330997.7546354719,4691168.754945628,0.5542610335471148,330998.99690857984,4691169.523892002,6.882700574861428,0.16496022744752936,36,16,6,6,0,15,4,4,0,3,1,1,0
133ba37489cb5a19,2021.10.12.19.20.46_veh-28_00644_00868,medium_magnitude_speed,74,1634067351250015,0.049992,330998.03445418354,4691168.928925434,0.5541651536711915,330999.2768010122,4691169.6977526955,6.862040789497603,0.16790725742812185,36,16,6,6,0,15,4,4,0,3,1,1,0
133ba37489cb5a19,2021.10.12.19.20.46_veh-28_00644_00868,medium_magnitude_speed,75,1634067351300004,0.049989,330998.31823058194,4691169.104108762,0.5541238967674805,330999.560609129,4691169.872884767,6.846608414098835,0.1678312259938165,36,16,6,6,0,15,4,4,0,3,1,1,0
133ba37489cb5a19,2021.10.12.19.20.46_veh-28_00644_00868,medium_magnitude_speed,76,1634067351349990,0.049986,330998.5966783872,4691169.277963308,0.5542879021724759,330999.83893083414,4691170.046943059,6.826615597680498,0.17266979074593247,36,16,6,6,0,15,4,4,0,3,1,1,0
133ba37489cb5a19,2021.10.12.19.20.46_veh-28_00644_00868,medium_magnitude_speed,77,1634067351399975,0.049985,330998.8761725132,4691169.452441909,0.5543525920625424,331000.1183752123,4691170.22150202,6.807318826870662,0.17979471249750698,37,16,6,6,0,15,4,4,0,3,1,1,0
133ba37489cb5a19,2021.10.12.19.20.46_veh-28_00644_00868,medium_magnitude_speed,78,1634067351449958,0.049983,330999.15176890866,4691169.626243197,0.5543609743646973,331000.3939651613,4691170.395313721,6.786459677234011,0.18513552186899745,37,16,6,6,0,15,4,4,0,3,1,1,0
133ba37489cb5a19,2021.10.12.19.20.46_veh-28_00644_00868,medium_magnitude_speed,79,1634067351499938,0.04998,330999.42889431416,4691169.799983553,0.5544148555268008,331000.67104912654,4691170.569121006,6.7684326310683325,0.18126419397052504,38,16,5,5,0,16,4,4,0,3,1,1,0
133ba37489cb5a19,2021.10.12.19.20.46_veh-28_00644_00868,medium_magnitude_speed,80,1634067351549914,0.049976,330999.7046105681,4691169.971458748,0.5543849366287946,331000.9467883917,4691170.740559037,6.750020392071231,0.17237428118744344,38,16,5,5,0,16,4,4,0,3,1,1,0
133ba37489cb5a19,2021.10.12.19.20.46_veh-28_00644_00868,medium_magnitude_speed,81,1634067351599888,0.049974,330999.98124836956,4691170.143509445,0.5544510259938669,331001.22337536106,4691170.912691827,6.72832160051241,0.17561109341604295,38,16,5,5,0,16,4,4,0,3,1,1,0
133ba37489cb5a19,2021.10.12.19.20.46_veh-28_00644_00868,medium_magnitude_speed,82,1634067351649863,0.049975,331000.2580428845,4691170.315056171,0.554511598451414,331001.5001232825,4691171.08431379,6.711928596713354,0.17916414304575218,38,16,5,5,0,16,4,4,0,3,1,1,0
133ba37489cb5a19,2021.10.12.19.20.46_veh-28_00644_00868,medium_magnitude_speed,83,1634067351699840,0.049977,331000.5355065091,4691170.487859258,0.5546906079432716,331001.77744918276,4691171.257339209,6.697083449762941,0.1817236708035762,38,16,5,5,0,16,4,4,0,3,1,1,0
133ba37489cb5a19,2021.10.12.19.20.46_veh-28_00644_00868,medium_magnitude_speed,84,1634067351749819,0.049979,331000.80673462927,4691170.6567823775,0.5547967194122844,331002.0485956453,4691171.426394109,6.677275991357937,0.1797653328746984,39,16,6,6,0,17,4,4,0,3,1,1,0
133ba37489cb5a19,2021.10.12.19.20.46_veh-28_00644_00868,medium_magnitude_speed,85,1634067351799800,0.049981,331001.0842668575,4691170.828946276,0.5547224968101868,331002.3261849927,4691171.598465831,6.662187143162194,0.17308564405002555,39,16,6,6,0,17,4,4,0,3,1,1,0
133ba37489cb5a19,2021.10.12.19.20.46_veh-28_00644_00868,medium_magnitude_speed,86,1634067351849782,0.049982,331001.3619641702,4691171.001036352,0.5546329178743529,331002.60395123315,4691171.770444654,6.64619641782,0.16524652687189412,40,16,6,6,0,17,4,4,0,3,1,1,0
133ba37489cb5a19,2021.10.12.19.20.46_veh-28_00644_00868,medium_magnitude_speed,87,1634067351899761,0.049979,331001.6299161696,4691171.165426523,0.5545879117260959,331002.8719378594,4691171.934778928,6.625332189923675,0.15529394206551608,40,16,7,7,0,17,4,4,0,3,1,1,0
133ba37489cb5a19,2021.10.12.19.20.46_veh-28_00644_00868,medium_magnitude_speed,88,1634067351949742,0.049981,331001.9076911757,4691171.335691567,0.5543335831051693,331003.1499084937,4691172.1047280645,6.601419511605257,0.15019817782549033,40,16,7,7,0,17,4,4,0,3,1,1,0
133ba37489cb5a19,2021.10.12.19.20.46_veh-28_00644_00868,medium_magnitude_speed,89,1634067351999727,0.049985,331002.17886221537,4691171.500347403,0.554253641933186,331003.42114100704,4691172.269284594,6.579596437683077,0.13758007207985118,41,16,7,7,0,17,4,4,0,4,1,1,0
133ba37489cb5a19,2021.10.12.19.20.46_veh-28_00644_00868,medium_magnitude_speed,90,1634067352049716,0.049989,331002.45136128645,4691171.668115955,0.5541903916969034,331003.6936887111,4691172.43697457,6.560220560536595,0.13652469720647148,39,16,7,7,0,15,4,4,0,4,1,1,0
133ba37489cb5a19,2021.10.12.19.20.46_veh-28_00644_00868,medium_magnitude_speed,91,1634067352099709,0.049993,331002.7179847601,4691171.831855617,0.5540705838357082,331003.96040429117,4691172.600565386,6.530871145947171,0.14528150289225833,39,16,8,8,0,14,4,4,0,5,1,1,0
133ba37489cb5a19,2021.10.12.19.20.46_veh-28_00644_00868,medium_magnitude_speed,92,1634067352149709,0.05,331002.9858912766,4691171.997418439,0.553801190025761,331004.22851784824,4691172.76579348,6.508740956833445,0.15244689613967222,39,16,8,8,0,14,4,4,0,5,1,1,0
133ba37489cb5a19,2021.10.12.19.20.46_veh-28_00644_00868,medium_magnitude_speed,93,1634067352199715,0.050006,331003.25909121224,4691172.165841027,0.5536505896353114,331004.5018334873,4691172.93402892,6.479817260578063,0.14971829316984422,39,16,8,8,0,13,3,3,0,5,1,1,0
133ba37489cb5a19,2021.10.12.19.20.46_veh-28_00644_00868,medium_magnitude_speed,94,1634067352249723,0.050008,331003.5205870774,4691172.326963647,0.5535081041620558,331004.7634387955,4691173.094974459,6.442035993183539,0.13456277053815213,37,16,8,8,0,12,3,3,0,4,1,1,0
133ba37489cb5a19,2021.10.12.19.20.46_veh-28_00644_00868,medium_magnitude_speed,95,1634067352299734,0.050011,331003.78923328244,4691172.492767437,0.5535220654485085,331005.032074278,4691173.260795601,6.410799955812164,0.12194458561671456,37,16,8,8,0,12,3,3,0,4,1,1,0
133ba37489cb5a19,2021.10.12.19.20.46_veh-28_00644_00868,medium_magnitude_speed,96,1634067352349748,0.050014,331004.0542704387,4691172.657942332,0.5534333700933384,331005.2971795499,4691173.425860259,6.369306673313713,0.12284719427899787,36,16,8,8,0,12,3,3,0,3,0,0,0
133ba37489cb5a19,2021.10.12.19.20.46_veh-28_00644_00868,medium_magnitude_speed,97,1634067352399767,0.050019,331004.31449934776,4691172.8209059825,0.5537180863764469,331005.5571897698,4691173.589177754,6.329865208978373,0.129787848541954,36,16,8,8,0,12,3,3,0,3,0,0,0
133ba37489cb5a19,2021.10.12.19.20.46_veh-28_00644_00868,medium_magnitude_speed,98,1634067352449788,0.050021,331004.5739265467,4691172.982690711,0.5543775850507305,331005.8161100244,4691173.751781868,6.295107836912939,0.1303320421362111,35,15,8,8,0,12,3,3,0,3,0,0,0
133ba37489cb5a19,2021.10.12.19.20.46_veh-28_00644_00868,medium_magnitude_speed,99,1634067352499813,0.050025,331004.83455522783,4691173.143483119,0.5546544763194502,331006.07652570325,4691173.912918196,6.264105450023094,0.12344190599665032,36,15,8,8,0,13,3,3,0,3,0,0,0
133ba37489cb5a19,2021.10.12.19.20.46_veh-28_00644_00868,medium_magnitude_speed,100,1634067352549841,0.050028,331005.08799773525,4691173.299715498,0.554906798190617,331006.3297740258,4691174.069463927,6.230197893537992,0.11454155792609104,35,15,8,8,0,12,3,3,0,3,0,0,0
1dfd6bf435ba5300,2021.06.08.17.36.50_veh-26_00639_01479,traversing_pickup_dropoff,0,1623189031588344,,664898.2164467493,3999657.638399863,2.6717654105706496,664896.913751192,3999658.299841686,1.0291225842504756,0.008377991778023062,147,22,13,13,0,25,19,19,0,100,37,30,7
1dfd6bf435ba5300,2021.06.08.17.36.50_veh-26_00639_01479,traversing_pickup_dropoff,1,1623189031638152,0.049808,664898.16499517,3999657.6616236325,2.6722213995414235,664896.861998138,3999658.322471372,1.0645542068935903,0.011845520403980849,149,22,13,13,0,25,19,19,0,102,37,30,7
1dfd6bf435ba5300,2021.06.08.17.36.50_veh-26_00639_01479,traversing_pickup_dropoff,2,1623189031687961,0.049809,664898.106153673,3999657.686584399,2.6727912160720524,664896.8027802907,3999658.3466895623,1.109413914262043,0.013813190797565534,150,22,13,13,0,25,19,19,0,103,37,30,7
1dfd6bf435ba5300,2021.06.08.17.36.50_veh-26_00639_01479,traversing_pickup_dropoff,3,1623189031737774,0.049813,664898.0511858551,3999657.7114302213,2.6729231024638342,664896.7477254252,3999658.3713634815,1.1477665908190973,0.014615978217943552,150,22,13,13,0,25,19,19,0,103,37,30,7
1dfd6bf435ba5300,2021.06.08.17.36.50_veh-26_00639_01479,traversing_pickup_dropoff,4,1623189031787590,0.049816,664897.9883619918,3999657.738083461,2.672930673355096,664896.6848965657,3999658.3980068527,1.2007118106875962,0.013449199134576319,152,22,13,13,0,25,19,19,0,105,38,30,8
1dfd6bf435ba5300,2021.06.08.17.36.50_veh-26_00639_01479,traversing_pickup_dropoff,5,1623189031837409,0.049819,664897.9302156906,3999657.7654653573,2.6729453990005276,664896.6267405469,3999658.4253695547,1.24542005868871,0.0038837574939945994,151,22,13,13,0,25,19,19,0,104,38,30,8
1dfd6bf435ba5300,2021.06.08.17.36.50_veh-26_00639_01479,traversing_pickup_dropoff,6,1623189031887225,0.049816,664897.8635819454,3999657.79554433,2.67280251546066,664896.5602011044,3999658.455634766,1.300125938263469,-0.0031349239716820278,151,22,13,13,0,25,19,19,0,104,38,30,8
1dfd6bf435ba5300,2021.06.08.17.36.50_veh-26_00639_01479,traversing_pickup_dropoff,7,1623189031937040,0.049815,664897.802770907,3999657.824435275,2.6732154365300653,664896.4991176118,3999658.483987461,1.346083506279364,-0.009387157647807266,151,22,13,13,0,25,19,19,0,104,38,30,8
1dfd6bf435ba5300,2021.06.08.17.36.50_veh-26_00639_01479,traversing_pickup_dropoff,8,1623189031986854,0.049814,664897.7315604718,3999657.857378683,2.6735391391907037,664896.4276937462,3999658.5165088386,1.4063001871310077,-0.006679909249036759,151,22,13,13,0,25,19,19,0,104,38,30,8
1dfd6bf435ba5300,2021.06.08.17.36.50_veh-26_00639_01479,traversing_pickup_dropoff,9,1623189032036671,0.049817,664897.6655302517,3999657.8889321424,2.674102276034196,664896.3612925523,3999658.547327938,1.455288775058352,-0.00061311002215375,151,22,13,13,0,25,19,19,0,104,38,30,8
1dfd6bf435ba5300,2021.06.08.17.36.50_veh-26_00639_01479,traversing_pickup_dropoff,10,1623189032086489,0.049818,664897.5912959455,3999657.922685013,2.6747532876639406,664896.2866298992,3999658.5802315953,1.5122573520445308,0.008017447831530099,151,22,13,13,0,25,19,19,0,104,38,30,8
1dfd6bf435ba5300,2021.06.08.17.36.50_veh-26_00639_01479,traversing_pickup_dropoff,11,1623189032136306,0.049817,664897.5208536977,3999657.9562020386,2.675141317060797,664896.2159326022,3999658.6132423226,1.5547505211358825,0.00796180898520138,146,22,13,13,0,24,18,18,0,100,36,30,6
1dfd6bf435ba5300,2021.06.08.17.36.50_veh-26_00639_01479,traversing_pickup_dropoff,12,1623189032186118,0.049812,664897.4426092565,3999657.99224884,2.675642799122493,664896.1373588312,3999658.648634647,1.6106952869917601,0.0023180659353742804,147,22,13,13,0,24,18,18,0,101,36,30,6
1dfd6bf435ba5300,2021.06.08.17.36.50_veh-26_00639_01479,traversing_pickup_dropoff,13,1623189032235926,0.049808,664897.3683070667,3999658.027930266,2.6758873279341566,664896.0628961752,3999658.683996882,1.6579894223860594,-0.00810184444530082,146,22,13,13,0,24,18,18,0,100,36,30,6
1dfd6bf435ba5300,2021.06.08.17.36.50_veh-26_00639_01479,traversing_pickup_dropoff,14,1623189032285730,0.049804,664897.2861324642,3999658.066821751,2.6760540603588394,664895.9806122032,3999658.7226707037,1.72390920526816,-0.015175949787599442,146,22,13,13,0,24,18,18,0,100,36,30,6
1dfd6bf435ba5300,2021.06.08.17.36.50_veh-26_00639_01479,traversing_pickup_dropoff,15,1623189032335533,0.049803,664897.2070847381,3999658.1053929506,2.676525323661763,664895.9012555446,3999658.760626586,1.7874390383189775,-0.016561132587582968,146,22,13,13,0,24,18,18,0,100,36,30,6
1dfd6bf435ba5300,2021.06.08.17.36.50_veh-26_00639_01479,traversing_pickup_dropoff,16,1623189032385341,0.049808,664897.1189360962,3999658.1473404155,2.677181468838392,664895.8126772555,3999658.801717097,1.8533804966616814,-0.006527012503702195,147,23,13,13,0,23,18,18,0,101,37,30,7
1dfd6bf435ba5300,2021.06.08.17.36.50_veh-26_00639_01479,traversing_pickup_dropoff,17,1623189032435153,0.049812,664897.0336801066,3999658.188916965,2.6779009210138973,664895.7269508112,3999658.842353686,1.9180105777264034,-0.0033921056663017116,148,23,13,13,0,23,18,18,0,102,37,30,7
1dfd6bf435ba5300,2021.06.08.17.36.50_veh-26_00639_01479,traversing_pickup_dropoff,18,1623189032484971,0.049818,664896.9409130671,3999658.234031785,2.678887959313052,664895.6335394413,3999658.886178396,1.9881982869826371,-0.00748559789743939,148,23,13,13,0,23,18,18,0,102,37,30,7
1dfd6bf435ba5300,2021.06.08.17.36.50_veh-26_00639_01479,traversing_pickup_dropoff,19,1623189032534792,0.049821,664896.8479779103,3999658.279449511,2.6794774837418247,664895.5402200554,3999658.93082528,2.0607139853660517,-0.01929229361340785,147,23,13,13,0,23,18,18,0,101,37,30,7
1dfd6bf435ba5300,2021.06.08.17.36.50_veh-26_00639_01479,traversing_pickup_dropoff,20,1623189032584617,0.049825,664896.7493836008,3999658.3284549755,2.680307795240739,664895.4410853519,3999658.978744674,2.142993791797598,-0.034039440269644054,146,23,13,13,0,23,18,18,0,100,37,30,7
1dfd6bf435ba5300,2021.06.08.17.36.50_veh-26_00639_01479,traversing_pickup_dropoff,21,1623189032634445,0.049828,664896.6499135726,3999658.3779473533,2.6808770744930404,664895.3412453393,3999659.0274921595,2.212017959441799,-0.03986403431243476,145,22,13,13,0,23,18,18,0,100,37,30,7
1dfd6bf435ba5300,2021.06.08.17.36.50_veh-26_00639_01479,traversing_pickup_dropoff,22,1623189032684274,0.049829,664896.5447569311,3999658.4307362866,2.681287496772893,664895.2358222204,3999659.0797439315,2.2820263229105198,-0.042395872081955346,145,21,12,12,0,24,18,18,0,100,37,30,7
1dfd6bf435ba5300,2021.06.08.17.36.50_veh-26_00639_01479,traversing_pickup_dropoff,23,1623189032734105,0.049831,664896.4420939315,3999658.4816687405,2.6819554924586324,664895.1327259785,3999659.129801878,2.3464938443128736,-0.05087051616079749,146,21,12,12,0,24,18,18,0,101,38,30,8
1dfd6bf435ba5300,2021.06.08.17.36.50_veh-26_00639_01479,traversing_pickup_dropoff,24,1623189032783932,0.049827,664896.3298158252,3999658.537651851,2.6826947201446716,664895.0199691121,3999659.1848168904,2.4220260352232605,-0.053185100795910656,145,21,12,12,0,24,18,18,0,100,38,30,8
1dfd6bf435ba5300,2021.06.08.17.36.50_veh-26_00639_01479,traversing_pickup_dropoff,25,1623189032833758,0.049826,664896.2204182723,3999658.591946049,2.6831449634230546,664894.9102803102,3999659.2385212732,2.4910686008685854,-0.04506472853674901,146,21,12,12,0,24,18,18,0,101,39,30,9
1dfd6bf435ba5300,2021.06.08.17.36.50_veh-26_00639_01479,traversing_pickup_dropoff,26,1623189032883580,0.049822,664896.1013508638,3999658.650402495,2.6836811109603285,664894.7908664304,3999659.296275199,2.578363357473953,-0.036085353287036104,145,21,12,12,0,24,18,18,0,100,38,30,8
1dfd6bf435ba5300,2021.06.08.17.36.50_veh-26_00639_01479,traversing_pickup_dropoff,27,1623189032933397,0.049817,664895.9822694871,3999658.7086175005,2.684027082947937,664894.6715616782,3999659.354036775,2.6539347973780663,-0.037362499099478,146,22,12,12,0,24,18,18,0,100,38,30,8
1dfd6bf435ba5300,2021.06.08.17.36.50_veh-26_00639_01479,traversing_pickup_dropoff,28,1623189032983210,0.049813,664895.8557180678,3999658.769993688,2.6844830340748627,664894.5447161156,3999659.4148152764,2.7309113718165023,-0.042647262737426146,146,22,12,12,0,24,18,18,0,100,38,30,8
1dfd6bf435ba5300,2021.06.08.17.36.50_veh-26_00639_01479,traversing_pickup_dropoff,29,1623189033033020,0.04981,664895.7289760623,3999658.831706511,2.6851457394078975,664894.4175470712,3999659.47565915,2.807199334297726,-0.050429302336378365,149,24,12,12,0,24,18,18,0,101,39,30,9
1dfd6bf435ba5300,2021.06.08.17.36.50_veh-26_00639_01479,traversing_pickup_dropoff,30,1623189033082834,0.049814,664895.5937798995,3999658.895772329,2.6858966820630044,664894.2818677068,3999659.538739979,2.8872783270350353,-0.05314435271495349,149,24,12,12,0,24,18,18,0,101,39,30,9
1dfd6bf435ba5300,2021.06.08.17.36.50_veh-26_00639_01479,traversing_pickup_dropoff,31,1623189033132653,0.049819,664895.4625773971,3999658.958899274,2.6868328870136615,664894.1500638298,3999659.6006384236,2.9566225617780297,-0.05114810109956455,149,24,12,12,0,24,18,18,0,101,39,30,9
1dfd6bf435ba5300,2021.06.08.17.36.50_veh-26_00639_01479,traversing_pickup_dropoff,32,1623189033182478,0.049825,664895.3180476583,3999659.02668188,2.688188067857586,664894.004665624,3999659.6666417476,3.0359017688553362,-0.040291504283277116,147,24,12,12,0,23,17,17,0,100,39,30,9
1dfd6bf435ba5300,2021.06.08.17.36.50_veh-26_00639_01479,traversing_pickup_dropoff,33,1623189033232306,0.049828,664895.1760570172,3999659.094319454,2.6891736908474946,664893.8620448618,3999659.732984511,3.1073683351612065,-0.04101343507719709,146,24,12,12,0,23,17,17,0,99,38,30,8
1dfd6bf435ba5300,2021.06.08.17.36.50_veh-26_00639_01479,traversing_pickup_dropoff,34,1623189033282134,0.049828,664895.0283256142,3999659.163533509,2.690427894776381,664893.7135134762,3999659.800550025,3.1879789724255914,-0.05442932777196827,146,24,12,12,0,23,17,17,0,99,38,30,8
1dfd6bf435ba5300,2021.06.08.17.36.50_veh-26_00639_01479,traversing_pickup_dropoff,35,1623189033331958,0.049824,664894.8814532906,3999659.2336872374,2.6913349706551712,664893.5660638713,3999659.8695108574,3.264702112244401,-0.07243708476824032,144,24,12,12,0,23,17,17,0,97,38,30,8
1dfd6bf435ba5300,2021.06.08.17.36.50_veh-26_00639_01479,traversing_pickup_dropoff,36,1623189033381778,0.04982,664894.7238413469,3999659.3079178683,2.692152467110179,664893.4079325836,3999659.9426659495,3.3424261666117574,-0.07950126435416197,145,24,12,12,0,24,17,17,0,97,38,30,8
1dfd6bf435ba5300,2021.06.08.17.36.50_veh-26_00639_01479,traversing_pickup_dropoff,37,1623189033431595,0.049817,664894.5696094545,3999659.381181301,2.6932119678921045,664893.2530289139,3999660.01453482,3.4033398554787526,-0.07282959289565841,144,24,12,12,0,24,17,17,0,96,37,30,7
1dfd6bf435ba5300,2021.06.08.17.36.50_veh-26_00639_01479,traversing_pickup_dropoff,38,1623189033481413,0.049818,664894.4076328423,3999659.455995986,2.6943758431625504,664893.090316049,3999660.0878167404,3.4887585954306717,-0.05415400982461879,142,24,12,12,0,24,17,17,0,94,37,30,7
1dfd6bf435ba5300,2021.06.08.17.36.50_veh-26_00639_01479,traversing_pickup_dropoff,39,1623189033531231,0.049818,664894.2370337825,3999659.5334815322,2.69597778492282,664892.9187065399,3999660.1631912123,3.570079797942832,-0.0482092220341903,141,24,12,12,0,24,17,17,0,93,36,30,6
1dfd6bf435ba5300,2021.06.08.17.36.50_veh-26_00639_01479,traversing_pickup_dropoff,40,1623189033581051,0.04982,664894.0710935348,3999659.6099363556,2.697360353981743,664892.7518969354,3999660.237822756,3.630695681240211,-0.05589613559023674,143,24,12,12,0,25,17,17,0,94,37,30,7
1dfd6bf435ba5300,2021.06.08.17.36.50_veh-26_00639_01479,traversing_pickup_dropoff,41,1623189033630872,0.049821,664893.8950856624,3999659.6889991416,2.698792344113592,664892.5749912886,3999660.3149958225,3.707237000478093,-0.06160482891124878,141,24,12,12,0,25,17,17,0,92,35,30,5
1dfd6bf435ba5300,2021.06.08.17.36.50_veh-26_00639_01479,traversing_pickup_dropoff,42,1623189033680695,0.049823,664893.7226227244,3999659.768575865,2.7001213966157316,664892.4016975344,3999660.3928175187,3.776056961588593,-0.05085136488504961,140,24,12,12,0,25,17,17,0,91,35,30,5
1dfd6bf435ba5300,2021.06.08.17.36.50_veh-26_00639_01479,traversing_pickup_dropoff,43,1623189033730522,0.049827,664893.542530772,3999659.8498448273,2.7015675405672357,664892.2207042202,3999660.472175581,3.851612189462379,-0.04784422972358168,142,24,12,12,0,26,18,18,0,92,35,30,5
1dfd6bf435ba5300,2021.06.08.17.36.50_veh-26_00639_01479,traversing_pickup_dropoff,44,1623189033780355,0.049833,664893.3623648521,3999659.93206455,2.7037955388637496,664892.0391550304,3999660.551448734,3.911543505603505,-0.0605763849921364,144,25,12,12,0,26,18,18,0,93,35,30,5
1dfd6bf435ba5300,2021.06.08.17.36.50_veh-26_00639_01479,traversing_pickup_dropoff,45,1623189033830192,0.049837,664893.1750250058,3999660.0162946847,2.7066524069275886,664891.8500510874,3999660.6318961107,3.993865979331333,-0.07072714300853651,142,25,12,12,0,25,17,17,0,92,36,30,6
1dfd6bf435ba5300,2021.06.08.17.36.50_veh-26_00639_01479,traversing_pickup_dropoff,46,1623189033880033,0.049841,664892.9906834946,3999660.1001845985,2.7092456541154895,664891.6641176265,3999660.7123479736,4.0652323055327555,-0.06672799784990614,141,25,12,12,0,25,17,17,0,91,36,30,6
1dfd6bf435ba5300,2021.06.08.17.36.50_veh-26_00639_01479,traversing_pickup_dropoff,47,1623189033929875,0.049842,664892.8347276677,3999660.1704385537,2.7113824942303393,664891.5068567339,3999660.779765874,4.118580580335384,-0.06290052716729361,140,25,12,12,0,25,17,17,0,90,36,30,6
1dfd6bf435ba5300,2021.06.08.17.36.50_veh-26_00639_01479,traversing_pickup_dropoff,48,1623189033979715,0.04984,664892.5996925582,3999660.274672673,2.714914704270175,664891.2696776404,3999660.879305883,4.198798997861484,-0.05836281649172928,140,25,12,12,0,25,17,17,0,90,36,30,6
1dfd6bf435ba5300,2021.06.08.17.36.50_veh-26_00639_01479,traversing_pickup_dropoff,49,1623189034029552,0.049837,664892.3991251084,3999660.3628239688,2.7175920460263416,664891.0674961497,3999660.9638941116,4.270596023609094,-0.06885940802179391,140,25,12,12,0,25,17,17,0,90,36,30,6
1dfd6bf435ba5300,2021.06.08.17.36.50_veh-26_00639_01479,traversing_pickup_dropoff,50,1623189034079386,0.049834,664892.2004261249,3999660.45106769,2.72021628636183,664890.8672244006,3999661.0486412523,4.325571442138533,-0.08344475729041488,141,25,12,12,0,25,17,17,0,91,37,30,7
1dfd6bf435ba5300,2021.06.08.17.36.50_veh-26_00639_01479,traversing_pickup_dropoff,51,1623189034129215,0.049829,664892.0344321112,3999660.5244833217,2.722882481920245,664890.6996418795,3999661.118500188,4.378161176620067,-0.09536813955309814,141,25,12,12,0,25,17,17,0,91,37,30,7
1dfd6bf435ba5300,2021.06.08.17.36.50_veh-26_00639_01479,traversing_pickup_dropoff,52,1623189034179044,0.049829,664891.8263445334,3999660.6159188407,2.7260034493261474,664890.4897068981,3999661.205766984,4.444575967473513,-0.09814006954661832,139,25,12,12,0,25,17,17,0,89,37,30,7
1dfd6bf435ba5300,2021.06.08.17.36.50_veh-26_00639_01479,traversing_pickup_dropoff,53,1623189034228878,0.049834,664891.6192409431,3999660.7065461525,2.7294248826935488,664890.2805930092,3999661.2918176358,4.500624268556652,-0.10506842270853563,138,25,12,12,0,25,17,17,0,88,36,30,6
1dfd6bf435ba5300,2021.06.08.17.36.50_veh-26_00639_01479,traversing_pickup_dropoff,54,1623189034278717,0.049839,664891.4050756335,3999660.8002069425,2.7338169001568557,664890.0638700965,3999661.3795934343,4.560994081193659,-0.10190559790971486,137,25,13,13,0,25,17,17,0,87,35,30,5
1dfd6bf435ba5300,2021.06.08.17.36.50_veh-26_00639_01479,traversing_pickup_dropoff,55,1623189034328563,0.049846,664891.190630129,3999660.8930689003,2.7377876585786862,664889.8471345674,3999661.4671252356,4.612938230633109,-0.08811044515642685,137,24,13,13,0,25,17,17,0,88,35,30,5
1dfd6bf435ba5300,2021.06.08.17.36.50_veh-26_00639_01479,traversing_pickup_dropoff,56,1623189034378415,0.049852,664890.9703859016,3999660.9865202704,2.7417357502718085,664889.6246343898,3999661.5552679016,4.675688627184408,-0.07007658496431385,137,23,13,13,0,25,17,17,0,89,36,30,6
1dfd6bf435ba5300,2021.06.08.17.36.50_veh-26_00639_01479,traversing_pickup_dropoff,57,1623189034428267,0.049852,664890.750502931,3999661.078310544,2.745618925092079,664889.4025530245,3999661.6418281123,4.736140685269348,-0.05581624765797542,136,23,14,14,0,25,17,17,0,88,36,30,6
1dfd6bf435ba5300,2021.06.08.17.36.50_veh-26_00639_01479,traversing_pickup_dropoff,58,1623189034478123,0.049856,664890.5241557177,3999661.1720146127,2.749449668855785,664889.1740570153,3999661.730364408,4.799430151527671,-0.06627258761093091,137,23,14,14,0,25,17,17,0,89,36,30,6
1dfd6bf435ba5300,2021.06.08.17.36.50_veh-26_00639_01479,traversing_pickup_dropoff,59,1623189034527976,0.049853,664890.3018399172,3999661.26370988,2.75284080764292,664888.9498555397,3999661.8174781012,4.8511281450491754,-0.08538923480109398,137,23,14,14,0,25,17,17,0,89,36,30,6
1dfd6bf435ba5300,2021.06.08.17.36.50_veh-26_00639_01479,traversing_pickup_dropoff,60,1623189034577828,0.049852,664890.0642171655,3999661.361419998,2.7565556579070654,664888.7101849555,3999661.9101619907,4.9079058762616565,-0.09948547642069124,136,23,14,14,0,25,17,17,0,88,35,30,5
1dfd6bf435ba5300,2021.06.08.17.36.50_veh-26_00639_01479,traversing_pickup_dropoff,61,1623189034627682,0.049854,664889.8348950568,3999661.4541892414,2.760312421997794,664888.4788109123,3999661.997840594,4.960801086097822,-0.104989487961385,134,23,14,14,0,25,17,17,0,86,33,30,3
1dfd6bf435ba5300,2021.06.08.17.36.50_veh-26_00639_01479,traversing_pickup_dropoff,62,1623189034677538,0.049856,664889.5992659689,3999661.5477452124,2.7646534398089577,664888.2408346089,3999662.0855046757,5.012635145881963,-0.10773899875377484,134,23,14,14,0,25,17,17,0,86,35,30,5
1dfd6bf435ba5300,2021.06.08.17.36.50_veh-26_00639_01479,traversing_pickup_dropoff,63,1623189034727396,0.049858,664889.3613492183,3999661.6410536133,2.768956072986217,664888.0006166579,3999662.172963285,5.059493627221354,-0.11491836483733602,136,24,14,14,0,25,17,17,0,87,34,30,4
1dfd6bf435ba5300,2021.06.08.17.36.50_veh-26_00639_01479,traversing_pickup_dropoff,64,1623189034777259,0.049863,664889.1228767734,3999661.733538338,2.7735302955609775,664887.7597253838,3999662.259218173,5.1060763923141215,-0.12192295204124677,137,24,14,14,0,25,17,17,0,88,34,30,4
1dfd6bf435ba5300,2021.06.08.17.36.50_veh-26_00639_01479,traversing_pickup_dropoff,65,1623189034827125,0.049866,664888.8760591265,3999661.8269059,2.7787529316174595,664887.5101809055,3999662.345459355,5.184621056465502,-0.13343471099208898,136,24,14,14,0,25,17,17,0,87,35,30,5
1dfd6bf435ba5300,2021.06.08.17.36.50_veh-26_00639_01479,traversing_pickup_dropoff,66,1623189034876999,0.049874,664888.6350270389,3999661.918071831,2.7833044347620173,664887.2668027763,3999662.430403137,5.246305004966307,-0.12440101268240883,136,24,14,14,0,25,17,17,0,87,36,30,6
1dfd6bf435ba5300,2021.06.08.17.36.50_veh-26_00639_01479,traversing_pickup_dropoff,67,1623189034926878,0.049879,664888.3841805736,3999662.0108486954,2.7880097105432555,664887.0135608058,3999662.5167364813,5.296574349536442,-0.13154323368872547,136,24,14,14,0,25,17,17,0,87,36,30,6
1dfd6bf435ba5300,2021.06.08.17.36.50_veh-26_00639_01479,traversing_pickup_dropoff,68,1623189034976766,0.049888,664888.1339719449,3999662.1027471805,2.792555964733149,664886.7610664548,3999662.602398574,5.3335691307016475,-0.10678041301519084,136,24,14,14,0,25,17,17,0,87,36,30,6
1dfd6bf435ba5300,2021.06.08.17.36.50_veh-26_00639_01479,traversing_pickup_dropoff,69,1623189035026656,0.04989,664887.8817667755,3999662.1912764176,2.797990059956519,664886.506166416,3999662.6834599716,5.370946736015315,-0.093838799606727,136,24,14,14,0,25,17,17,0,87,36,30,6
1dfd6bf435ba5300,2021.06.08.17.36.50_veh-26_00639_01479,traversing_pickup_dropoff,70,1623189035076550,0.049894,664887.6311619348,3999662.2794458237,2.803239314088651,664886.2529969426,3999662.764401754,5.40652658444364,-0.08642245418220756,136,24,14,14,0,25,17,17,0,87,37,30,7
1dfd6bf435ba5300,2021.06.08.17.36.50_veh-26_00639_01479,traversing_pickup_dropoff,71,1623189035126446,0.049896,664887.370440924,3999662.369494246,2.808605881574303,664885.9896932411,3999662.847047213,5.452596815457962,-0.08493042190068298,136,24,14,14,0,25,17,17,0,87,38,30,8
1dfd6bf435ba5300,2021.06.08.17.36.50_veh-26_00639_01479,traversing_pickup_dropoff,72,1623189035176342,0.049896,664887.1161058284,3999662.4563494497,2.8139723515801225,664885.7328152662,3999662.9264858346,5.495923675556557,-0.08727147511796046,140,24,14,14,0,25,17,17,0,91,41,30,11
1dfd6bf435ba5300,2021.06.08.17.36.50_veh-26_00639_01479,traversing_pickup_dropoff,73,1623189035226240,0.049898,664886.8559890627,3999662.5431452123,2.8198129635168594,664885.4699762258,3999663.0051943613,5.5469561104516565,-0.09632063302601102,142,24,14,14,0,25,17,17,0,93,41,30,11
1dfd6bf435ba5300,2021.06.08.17.36.50_veh-26_00639_01479,traversing_pickup_dropoff,74,1623189035276140,0.0499,664886.5909654073,3999662.630572473,2.8255566493377144,664885.202321582,3999663.084653222,5.597609072945311,-0.10983898657682964,144,24,14,14,0,25,17,17,0,95,43,30,13
1dfd6bf435ba5300,2021.06.08.17.36.50_veh-26_00639_01479,traversing_pickup_dropoff,75,1623189035326040,0.0499,664886.3248325223,3999662.716622689,2.831517628251795,664884.9335066187,3999663.1624177424,5.651960492843772,-0.12283686726520733,143,24,14,14,0,25,17,17,0,94,44,30,14
1dfd6bf435ba5300,2021.06.08.17.36.50_veh-26_00639_01479,traversing_pickup_dropoff,76,1623189035375940,0.0499,664886.0598701396,3999662.801257587,2.836998550577849,664884.6661217782,3999663.2394202338,5.6959351662353805,-0.12932654770619492,145,25,14,14,0,25,17,17,0,95,47,30,17
1dfd6bf435ba5300,2021.06.08.17.36.50_veh-26_00639_01479,traversing_pickup_dropoff,77,1623189035425839,0.049899,664885.7853304099,3999662.886738428,2.8430990219834955,664884.388935001,3999663.316390452,5.74444332324224,-0.13323161780779283,146,25,14,14,0,25,17,17,0,96,47,30,17
1dfd6bf435ba5300,2021.06.08.17.36.50_veh-26_00639_01479,traversing_pickup_dropoff,78,1623189035475733,0.049894,664885.5089348871,3999662.9712562496,2.8490428516880875,664884.1100103814,3999663.3926007967,5.7847106152052055,-0.13698981158485962,146,25,14,14,0,25,17,17,0,96,47,30,17
1dfd6bf435ba5300,2021.06.08.17.36.50_veh-26_00639_01479,traversing_pickup_dropoff,79,1623189035525629,0.049896,664885.2326739812,3999663.053645937,2.8554617426692093,664883.8310737486,3999663.4660023213,5.82610681073842,-0.14425579811462444,147,25,14,14,0,25,17,17,0,97,50,30,20
1dfd6bf435ba5300,2021.06.08.17.36.50_veh-26_00639_01479,traversing_pickup_dropoff,80,1623189035575524,0.049895,664884.9570165179,3999663.1350329863,2.861636281274075,664883.552896909,3999663.5387273305,5.862357811424327,-0.147810913398337,148,25,14,14,0,25,17,17,0,98,52,30,22
1dfd6bf435ba5300,2021.06.08.17.36.50_veh-26_00639_01479,traversing_pickup_dropoff,81,1623189035625420,0.049896,664884.6706940047,3999663.218239127,2.868856113977036,664883.2636964109,3999663.6117855296,5.902510237742243,-0.1473357531321887,149,25,14,14,0,25,18,18,0,99,51,30,21
1dfd6bf435ba5300,2021.06.08.17.36.50_veh-26_00639_01479,traversing_pickup_dropoff,82,1623189035675318,0.049898,664884.391437155,3999663.2972647375,2.875703633529973,664882.9817777514,3999663.6811675453,5.940689166936298,-0.13947627963305753,153,25,14,14,0,25,18,18,0,103,53,30,23
1dfd6bf435ba5300,2021.06.08.17.36.50_veh-26_00639_01479,traversing_pickup_dropoff,83,1623189035725222,0.049904,664884.0978216422,3999663.3790483256,2.8836971569513685,664882.6851385711,3999663.751670843,5.992901886247441,-0.13538258333615705,153,26,14,14,0,25,18,18,0,102,53,30,23
1dfd6bf435ba5300,2021.06.08.17.36.50_veh-26_00639_01479,traversing_pickup_dropoff,84,1623189035775132,0.04991,664883.808964874,3999663.4558077087,2.891573489153762,664882.3933907533,3999663.817292022,6.040459937813355,-0.1335430600942611,154,26,14,14,0,25,18,18,0,103,54,30,24
1dfd6bf435ba5300,2021.06.08.17.36.50_veh-26_00639_01479,traversing_pickup_dropoff,85,1623189035825045,0.049913,664883.5114955136,3999663.5342131113,2.899733334667182,664882.0930188958,3999663.884134652,6.091211900185763,-0.13977116725788455,156,27,14,14,0,25,18,18,0,104,55,30,25
1dfd6bf435ba5300,2021.06.08.17.36.50_veh-26_00639_01479,traversing_pickup_dropoff,86,1623189035874960,0.049915,664883.2168920913,3999663.607520588,2.9078808901192765,664881.7956115808,3999663.945873526,6.13877653966603,-0.1470623911578717,156,27,14,14,0,25,18,18,0,104,56,30,26
1dfd6bf435ba5300,2021.06.08.17.36.50_veh-26_00639_01479,traversing_pickup_dropoff,87,1623189035924878,0.049918,664882.9167917562,3999663.680782679,2.916262312669828,664881.4927253209,3999664.0072115194,6.190021735635666,-0.1575436996303519,155,27,14,14,0,25,18,18,0,103,55,30,25
1dfd6bf435ba5300,2021.06.08.17.36.50_veh-26_00639_01479,traversing_pickup_dropoff,88,1623189035974798,0.04992,664882.6099826687,3999663.751247161,2.924675785648396,664881.1832202675,3999664.0656832447,6.2304966156686765,-0.15767359098267028,154,27,14,14,0,25,18,18,0,102,54,30,24
1dfd6bf435ba5300,2021.06.08.17.36.50_veh-26_00639_01479,traversing_pickup_dropoff,89,1623189036024722,0.049924,664882.3054047853,3999663.8199334284,2.9329892285934194,664880.8760776718,3999664.1224974752,6.273159200360199,-0.15604508668452266,154,27,14,14,0,25,18,18,0,102,52,30,22
1dfd6bf435ba5300,2021.06.08.17.36.50_veh-26_00639_01479,traversing_pickup_dropoff,90,1623189036074646,0.049924,664881.9950039868,3999663.885286658,2.941612186782952,664880.5631210472,3999664.175514581,6.311093794158518,-0.15568319188312102,154,27,14,14,0,25,18,18,0,102,52,30,22
1dfd6bf435ba5300,2021.06.08.17.36.50_veh-26_00639_01479,traversing_pickup_dropoff,91,1623189036124575,0.049929,664881.6868314184,3999663.9484643023,2.9501754479187907,664880.252515711,3999664.226420147,6.347315416180743,-0.15950179961762026,154,27,14,14,0,25,18,18,0,102,53,30,23
1dfd6bf435ba5300,2021.06.08.17.36.50_veh-26_00639_01479,traversing_pickup_dropoff,92,1623189036174508,0.049933,664881.3777374584,3999664.0080651594,2.958989019183263,664879.9410277068,3999664.273368928,6.3827529840278565,-0.16131348671853862,154,27,13,13,0,25,18,18,0,102,55,30,25
1dfd6bf435ba5300,2021.06.08.17.36.50_veh-26_00639_01479,traversing_pickup_dropoff,93,1623189036224445,0.049937,664881.0566692238,3999664.067446118,2.9682371053853935,664879.6175673935,3999664.3194519156,6.423586897532863,-0.16478585874336923,154,27,13,13,0,26,19,19,0,101,55,30,25
1dfd6bf435ba5300,2021.06.08.17.36.50_veh-26_00639_01479,traversing_pickup_dropoff,94,1623189036274384,0.049939,664880.7434785903,3999664.1217264775,2.977086079026842,664879.30220314,3999664.3609880004,6.4574875844883985,-0.16991258577815047,152,27,13,13,0,26,19,19,0,99,56,30,26
1dfd6bf435ba5300,2021.06.08.17.36.50_veh-26_00639_01479,traversing_pickup_dropoff,95,1623189036324323,0.049939,664880.4197413082,3999664.1736636125,2.986563143177112,664878.9762631184,3999664.399255535,6.4953736625210095,-0.1766580736495977,152,27,13,13,0,26,19,19,0,99,56,30,26
1dfd6bf435ba5300,2021.06.08.17.36.50_veh-26_00639_01479,traversing_pickup_dropoff,96,1623189036374259,0.049936,664880.1021162973,3999664.2221893086,2.9957081668327668,664878.6566354525,3999664.43457134,6.529376508734475,-0.18128962909082316,152,27,13,13,0,26,19,19,0,99,57,30,27
1dfd6bf435ba5300,2021.06.08.17.36.50_veh-26_00639_01479,traversing_pickup_dropoff,97,1623189036424193,0.049934,664879.7808170214,3999664.267139177,3.005080874343608,664878.3334091016,3999664.465964009,6.565678896124561,-0.178211509043514,152,27,13,13,0,26,19,19,0,99,57,30,27
1dfd6bf435ba5300,2021.06.08.17.36.50_veh-26_00639_01479,traversing_pickup_dropoff,98,1623189036474123,0.04993,664879.4607319585,3999664.3097575014,3.014425071262046,664878.0115293964,3999664.4950489854,6.595956370413518,-0.16231283276706787,152,27,14,14,0,26,19,19,0,99,56,30,26
1dfd6bf435ba5300,2021.06.08.17.36.50_veh-26_00639_01479,traversing_pickup_dropoff,99,1623189036524053,0.04993,664879.1267072455,3999664.3487652685,3.024519024024966,664877.6757082192,3999664.5194193795,6.633048894308364,-0.14351294226717146,153,27,14,14,0,26,19,19,0,100,58,30,28
1dfd6bf435ba5300,2021.06.08.17.36.50_veh-26_00639_01479,traversing_pickup_dropoff,100,1623189036573985,0.049932,664878.8039271346,3999664.384524042,3.033857654249683,664877.3513977262,3999664.541620565,6.660445036740851,-0.13507205950966455,151,27,14,14,0,26,19,19,0,98,59,30,29
a6b771dda7545822,2021.06.08.12.54.54_veh-26_04262_04732,near_pedestrian_on_crosswalk,0,1623175832476813,,664513.9650890353,3998916.0162272197,1.2485414551621405,664514.4277967396,3998917.402020343,8.667455137393882,-0.18886770810529355,173,4,1,1,0,41,29,20,9,128,63,30,33
a6b771dda7545822,2021.06.08.12.54.54_veh-26_04262_04732,near_pedestrian_on_crosswalk,1,1623175832526775,0.049962,664514.1028518435,3998916.4223125647,1.2484682998100165,664514.5656609248,3998917.8080718345,8.675901649363446,-0.1917083032257046,175,4,1,1,0,41,29,20,9,130,64,30,34
a6b771dda7545822,2021.06.08.12.54.54_veh-26_04262_04732,near_pedestrian_on_crosswalk,2,1623175832576736,0.049961,664514.2397389614,3998916.8270150283,1.2482884112998216,664514.7027973174,3998918.2126910216,8.67987398973496,-0.19695135612627518,175,4,1,1,0,40,28,20,8,131,64,30,34
a6b771dda7545822,2021.06.08.12.54.54_veh-26_04262_04732,near_pedestrian_on_crosswalk,3,1623175832626694,0.049958,664514.3785130827,3998917.2333779535,1.2481767968053896,664514.8417260973,3998918.619002254,8.692756023704657,-0.1971300677197032,176,4,1,1,0,40,27,20,7,132,65,30,35
a6b771dda7545822,2021.06.08.12.54.54_veh-26_04262_04732,near_pedestrian_on_crosswalk,4,1623175832676649,0.049955,664514.5164007279,3998917.640395365,1.2479413939669843,664514.9799399095,3998919.025910586,8.700708854110042,-0.19145308911790868,178,4,1,1,0,40,27,20,7,134,65,30,35
a6b771dda7545822,2021.06.08.12.54.54_veh-26_04262_04732,near_pedestrian_on_crosswalk,5,1623175832726600,0.049951,664514.6550617425,3998918.0482725627,1.2477009764068419,664515.118934013,3998919.4336763006,8.716127973083436,-0.18678509635569293,180,4,1,1,0,40,26,20,6,136,66,30,36
a6b771dda7545822,2021.06.08.12.54.54_veh-26_04262_04732,near_pedestrian_on_crosswalk,6,1623175832776553,0.049953,664514.7932142871,3998918.45704363,1.2475256466873115,664515.2573294529,3998919.842366016,8.72085846478216,-0.18119313261718054,180,4,1,1,0,41,27,20,7,135,66,30,36
a6b771dda7545822,2021.06.08.12.54.54_veh-26_04262_04732,near_pedestrian_on_crosswalk,7,1623175832826508,0.049955,664514.9329052913,3998918.8655528827,1.2473020139363993,664515.397330249,3998920.2507714424,8.731883135366594,-0.19020074378593765,179,4,1,1,0,40,25,20,5,135,66,30,36
a6b771dda7545822,2021.06.08.12.54.54_veh-26_04262_04732,near_pedestrian_on_crosswalk,8,1623175832876464,0.049956,664515.0714584776,3998919.273291856,1.2469985014018534,664515.536303845,3998920.6583693936,8.734947227147275,-0.19544195506343112,179,5,2,2,0,40,25,20,5,134,65,30,35
a6b771dda7545822,2021.06.08.12.54.54_veh-26_04262_04732,near_pedestrian_on_crosswalk,9,1623175832926423,0.049959,664515.210347468,3998919.67826623,1.2466896569564427,664515.6756205867,3998921.063200136,8.735720829257952,-0.19884198211532217,180,5,2,2,0,40,25,20,5,135,65,30,35
a6b771dda7545822,2021.06.08.12.54.54_veh-26_04262_04732,near_pedestrian_on_crosswalk,10,1623175832976379,0.049956,664515.3496897646,3998920.0875850366,1.2464898844816266,664515.8152395457,3998921.4724259665,8.744661175138422,-0.1941054629781189,180,5,2,2,0,40,25,20,5,135,67,30,37
a6b771dda7545822,2021.06.08.12.54.54_veh-26_04262_04732,near_pedestrian_on_crosswalk,11,1623175833026333,0.049954,664515.4873716241,3998920.494881566,1.2462174182703185,664515.9532987103,3998921.879595598,8.751520075616385,-0.18590425729037427,180,5,2,2,0,40,25,20,5,135,67,30,37
a6b771dda7545822,2021.06.08.12.54.54_veh-26_04262_04732,near_pedestrian_on_crosswalk,12,1623175833076283,0.04995,664515.6247647486,3998920.90102411,1.245991120936246,664516.0910051799,3998922.2856326685,8.756031970978539,-0.1849568315172405,179,4,2,2,0,41,25,20,5,134,67,30,37
a6b771dda7545822,2021.06.08.12.54.54_veh-26_04262_04732,near_pedestrian_on_crosswalk,13,1623175833126231,0.049948,664515.761670288,3998921.307759869,1.245833696711087,664516.2281286846,3998922.6922950125,8.76509664615169,-0.1812322075114165,180,4,2,2,0,41,25,20,5,135,68,30,38
a6b771dda7545822,2021.06.08.12.54.54_veh-26_04262_04732,near_pedestrian_on_crosswalk,14,1623175833176178,0.049947,664515.9004493605,3998921.7176399757,1.2456244966904466,664516.3671973916,3998923.102077506,8.772381760458462,-0.1860247905749007,182,4,2,2,0,43,27,20,7,135,69,30,39
a6b771dda7545822,2021.06.08.12.54.54_veh-26_04262_04732,near_pedestrian_on_crosswalk,15,1623175833226129,0.049951,664516.0383915957,3998922.1244166046,1.2454556864890536,664516.5053733273,3998923.5087753236,8.780153479942943,-0.19113424567580975,181,4,2,2,0,43,27,20,7,134,69,30,39
a6b771dda7545822,2021.06.08.12.54.54_veh-26_04262_04732,near_pedestrian_on_crosswalk,16,1623175833276082,0.049953,664516.1777944593,3998922.532966298,1.2450905075244745,664516.6452816984,3998923.9171543927,8.783038764202917,-0.1919702922660434,181,4,2,2,0,43,27,20,7,134,69,30,39
a6b771dda7545822,2021.06.08.12.54.54_veh-26_04262_04732,near_pedestrian_on_crosswalk,17,1623175833326037,0.049955,664516.3177823634,3998922.942331401,1.244782674029257,664516.7856956798,3998924.326375522,8.794082314439407,-0.1832756035121528,182,4,2,2,0,43,27,20,7,135,72,30,42
a6b771dda7545822,2021.06.08.12.54.54_veh-26_04262_04732,near_pedestrian_on_crosswalk,18,1623175833375995,0.049958,664516.4578948928,3998923.353795006,1.2445587043582949,664516.9261181814,3998924.7377342936,8.804398669316774,-0.17332331578138893,183,4,2,2,0,43,27,20,7,136,72,30,42
a6b771dda7545822,2021.06.08.12.54.54_veh-26_04262_04732,near_pedestrian_on_crosswalk,19,1623175833425952,0.049957,664516.5972200691,3998923.7632055776,1.2441428075992393,664517.0660188932,3998925.146950013,8.807717507274802,-0.17093078798234584,185,4,2,2,0,43,27,20,7,138,73,30,43
a6b771dda7545822,2021.06.08.12.54.54_veh-26_04262_04732,near_pedestrian_on_crosswalk,20,1623175833475907,0.049955,664516.7375923598,3998924.1710816156,1.2438947613969327,664517.2067344019,3998925.5547097246,8.815805011804413,-0.17243834148721351,187,4,2,2,0,43,27,20,7,140,74,30,44
a6b771dda7545822,2021.06.08.12.54.54_veh-26_04262_04732,near_pedestrian_on_crosswalk,21,1623175833525857,0.04995,664516.8795993576,3998924.5836577546,1.2435942151778814,664517.3491572227,3998925.967144802,8.826182997019437,-0.17782670083475355,186,4,2,2,0,42,26,20,6,140,74,30,44
a6b771dda7545822,2021.06.08.12.54.54_veh-26_04262_04732,near_pedestrian_on_crosswalk,22,1623175833575805,0.049948,664517.0198089941,3998924.9938041563,1.243182939855371,664517.4899358136,3998926.3770979694,8.8335607883348,-0.18443132445010452,186,4,2,2,0,42,26,20,6,140,74,30,44
a6b771dda7545822,2021.06.08.12.54.54_veh-26_04262_04732,near_pedestrian_on_crosswalk,23,1623175833625753,0.049948,664517.1616379769,3998925.4015971282,1.2429601386287876,664517.6320729842,3998926.7847861624,8.839076635705265,-0.19272572012335212,188,4,2,2,0,42,25,20,5,142,76,30,46
a6b771dda7545822,2021.06.08.12.54.54_veh-26_04262_04732,near_pedestrian_on_crosswalk,24,1623175833675703,0.04995,664517.3036084863,3998925.812919584,1.2428361217090373,664517.7742150289,3998927.196050266,8.84611467385074,-0.19696279376185288,185,4,2,2,0,42,25,20,5,139,75,30,45
a6b771dda7545822,2021.06.08.12.54.54_veh-26_04262_04732,near_pedestrian_on_crosswalk,25,1623175833725654,0.049951,664517.4468681919,3998926.2255006665,1.2426969279359552,664517.9176672531,3998927.608565829,8.85729668387973,-0.19269507463269064,186,4,2,2,0,42,26,20,6,140,75,30,45
a6b771dda7545822,2021.06.08.12.54.54_veh-26_04262_04732,near_pedestrian_on_crosswalk,26,1623175833775601,0.049947,664517.5916390022,3998926.635839023,1.2426413205623121,664518.0625149712,3998928.0188780036,8.862188025994538,-0.1935258556460813,186,4,2,2,0,42,27,20,7,140,75,30,45
a6b771dda7545822,2021.06.08.12.54.54_veh-26_04262_04732,near_pedestrian_on_crosswalk,27,1623175833825541,0.04994,664517.7388226739,3998927.053374779,1.2423902016747197,664518.2100459354,3998928.43629547,8.870448963841927,-0.19535147459210125,187,4,2,2,0,42,27,20,7,141,78,30,48
a6b771dda7545822,2021.06.08.12.54.54_veh-26_04262_04732,near_pedestrian_on_crosswalk,28,1623175833875477,0.049936,664517.8797044792,3998927.4592734985,1.2420744324774926,664518.3513644009,3998928.842045323,8.878209036074239,-0.19049154236831511,186,4,2,2,0,41,26,20,6,141,77,30,47
a6b771dda7545822,2021.06.08.12.54.54_veh-26_04262_04732,near_pedestrian_on_crosswalk,29,1623175833925410,0.049933,664518.0272794332,3998927.8763348153,1.2417492500334875,664518.4993889831,3998929.258953191,8.890888234283198,-0.19220253856809194,186,4,2,2,0,41,26,20,6,141,77,30,47
a6b771dda7545822,2021.06.08.12.54.54_veh-26_04262_04732,near_pedestrian_on_crosswalk,30,1623175833975343,0.049933,664518.1730210019,3998928.2928275797,1.241542799529507,664518.6454159839,3998929.675348459,8.905102801165203,-0.20086102960630714,186,4,2,2,0,41,26,20,6,141,77,30,47
a6b771dda7545822,2021.06.08.12.54.54_veh-26_04262_04732,near_pedestrian_on_crosswalk,31,1623175834025274,0.049931,664518.3186893985,3998928.7037483533,1.2413172048176342,664518.7913962579,3998930.086162627,8.910697588167778,-0.2093608656690823,188,4,2,2,0,41,26,20,6,143,77,30,47
a6b771dda7545822,2021.06.08.12.54.54_veh-26_04262_04732,near_pedestrian_on_crosswalk,32,1623175834075206,0.049932,664518.4642203809,3998929.119579902,1.2410394459558685,664518.9373111998,3998930.501862824,8.918197498165828,-0.21361093945966864,188,4,2,2,0,41,26,20,6,143,75,30,45
a6b771dda7545822,2021.06.08.12.54.54_veh-26_04262_04732,near_pedestrian_on_crosswalk,33,1623175834125139,0.049933,664518.6093491918,3998929.5355699114,1.2408189773285703,664519.0827447493,3998930.9177484983,8.92779235170896,-0.2115067627382687,190,4,2,2,0,42,27,20,7,144,76,30,46
a6b771dda7545822,2021.06.08.12.54.54_veh-26_04262_04732,near_pedestrian_on_crosswalk,34,1623175834175073,0.049934,664518.7552264857,3998929.9516938454,1.2405862983405354,664519.2289436343,3998931.3337622457,8.93441803808973,-0.206491907249306,190,4,2,2,0,42,27,20,7,144,77,30,47
a6b771dda7545822,2021.06.08.12.54.54_veh-26_04262_04732,near_pedestrian_on_crosswalk,35,1623175834225007,0.049934,664518.8987708548,3998930.367316717,1.2405530851655082,664519.372533906,3998931.749369383,8.938693555468435,-0.20235242822458105,188,4,2,2,0,42,27,20,7,142,74,30,44
a6b771dda7545822,2021.06.08.12.54.54_veh-26_04262_04732,near_pedestrian_on_crosswalk,36,1623175834274943,0.049936,664519.0401290851,3998930.777510852,1.240459558667626,664519.5140213928,3998932.1595192025,8.944019404780175,-0.20302840060739602,186,4,2,2,0,41,28,20,8,141,73,30,43
a6b771dda7545822,2021.06.08.12.54.54_veh-26_04262_04732,near_pedestrian_on_crosswalk,37,1623175834324882,0.049939,664519.1837769522,3998931.1959252567,1.2403317064885344,664519.6578459488,3998932.577873008,8.935443329307018,-0.2040550191104834,190,4,2,2,0,42,28,20,8,144,75,30,45
a6b771dda7545822,2021.06.08.12.54.54_veh-26_04262_04732,near_pedestrian_on_crosswalk,38,1623175834374820,0.049938,664519.3260927653,3998931.6095796805,1.2398898909186558,664519.8007722817,3998932.9913178454,8.925961694606004,-0.19863538740064382,190,4,2,2,0,42,27,20,7,144,75,30,45
a6b771dda7545822,2021.06.08.12.54.54_veh-26_04262_04732,near_pedestrian_on_crosswalk,39,1623175834424759,0.049939,664519.4729075582,3998932.0336673935,1.2395438197422366,664519.9480652258,3998933.415241203,8.925854575019468,-0.18950622836580677,191,4,2,2,0,42,27,20,7,145,75,30,45
a6b771dda7545822,2021.06.08.12.54.54_veh-26_04262_04732,near_pedestrian_on_crosswalk,40,1623175834474698,0.049939,664519.615948826,3998932.447909219,1.239156020658216,664520.091642231,3998933.829298659,8.922021036229868,-0.17876070311900147,193,5,2,2,0,42,27,20,7,146,77,30,47
a6b771dda7545822,2021.06.08.12.54.54_veh-26_04262_04732,near_pedestrian_on_crosswalk,41,1623175834524636,0.049938,664519.7602715689,3998932.8645327254,1.2387992438961275,664520.2364577913,3998934.245752361,8.920595884281127,-0.18215702772354428,196,5,2,2,0,44,27,20,7,147,77,30,47
a6b771dda7545822,2021.06.08.12.54.54_veh-26_04262_04732,near_pedestrian_on_crosswalk,42,1623175834574573,0.049937,664519.9057161117,3998933.2823936255,1.2384603465688744,664520.3823703983,3998934.6634518034,8.918526889524472,-0.1882431719237809,196,5,2,2,0,44,27,20,7,147,76,30,46
a6b771dda7545822,2021.06.08.12.54.54_veh-26_04262_04732,near_pedestrian_on_crosswalk,43,1623175834624510,0.049937,664520.0513277568,3998933.697756817,1.2377711876926694,664520.5289336988,3998935.0784861767,8.914488217351417,-0.18279548371519638,197,5,2,2,0,44,27,20,7,148,77,30,47
a6b771dda7545822,2021.06.08.12.54.54_veh-26_04262_04732,near_pedestrian_on_crosswalk,44,1623175834674444,0.049934,664520.1968759027,3998934.1145457453,1.2371190205234337,664520.6753822094,3998935.4949633325,8.913385369814709,-0.1727822334822992,196,5,2,2,0,43,27,20,7,148,79,30,49
a6b771dda7545822,2021.06.08.12.54.54_veh-26_04262_04732,near_pedestrian_on_crosswalk,45,1623175834724376,0.049932,664520.3398770754,3998934.523380813,1.236506553394369,664520.8192287526,3998935.903505072,8.903202877442137,-0.16891564996819797,197,5,2,2,0,43,28,20,8,149,77,30,47
a6b771dda7545822,2021.06.08.12.54.54_veh-26_04262_04732,near_pedestrian_on_crosswalk,46,1623175834774310,0.049934,664520.4844869218,3998934.9380545225,1.2359475070023356,664520.9646100776,3998936.3179105856,8.899372025941389,-0.17085024707572433,198,6,2,2,0,43,28,20,8,149,76,30,46
a6b771dda7545822,2021.06.08.12.54.54_veh-26_04262_04732,near_pedestrian_on_crosswalk,47,1623175834824246,0.049936,664520.6303064802,3998935.355811654,1.235295486790798,664521.1113292279,3998936.735354374,8.891733068098166,-0.1812243178796842,196,6,2,2,0,43,28,20,8,147,76,30,46
a6b771dda7545822,2021.06.08.12.54.54_veh-26_04262_04732,near_pedestrian_on_crosswalk,48,1623175834874181,0.049935,664520.7760803484,3998935.770497652,1.2347755589944613,664521.2578202937,3998937.149790088,8.890671154533443,-0.1971930318241615,195,6,2,2,0,42,27,20,7,147,75,30,45
a6b771dda7545822,2021.06.08.12.54.54_veh-26_04262_04732,near_pedestrian_on_crosswalk,49,1623175834924115,0.049934,664520.9220658994,3998936.181723238,1.233871361631932,664521.4050528001,3998937.5605795225,8.882932980066277,-0.19286992369423006,194,6,2,2,0,42,27,20,7,146,73,30,43
a6b771dda7545822,2021.06.08.12.54.54_veh-26_04262_04732,near_pedestrian_on_crosswalk,50,1623175834974048,0.049933,664521.0675677214,3998936.5935316114,1.2331982626942861,664521.5514826193,3998937.9720624858,8.876924153174848,-0.17370153904285812,193,6,2,2,0,42,27,20,7,145,75,30,45
a6b771dda7545822,2021.06.08.12.54.54_veh-26_04262_04732,near_pedestrian_on_crosswalk,51,1623175835023978,0.04993,664521.2112320785,3998937.0040198355,1.232700303363975,664521.6958333687,3998938.382309569,8.870597034361234,-0.15929572479570944,194,6,2,2,0,42,27,20,7,146,74,30,44
a6b771dda7545822,2021.06.08.12.54.54_veh-26_04262_04732,near_pedestrian_on_crosswalk,52,1623175835073906,0.049928,664521.3565043262,3998937.4179112227,1.2322071688822038,664521.8417852396,3998938.795961815,8.865037634662212,-0.1562387377897215,195,6,2,2,0,42,27,20,7,147,74,30,44
a6b771dda7545822,2021.06.08.12.54.54_veh-26_04262_04732,near_pedestrian_on_crosswalk,53,1623175835123833,0.049927,664521.5024167232,3998937.831207093,1.2316377062057464,664521.9884823062,3998939.2089811126,8.860384536221861,-0.1649832550738603,194,6,2,2,0,42,28,20,8,146,72,30,42
a6b771dda7545822,2021.06.08.12.54.54_veh-26_04262_04732,near_pedestrian_on_crosswalk,54,1623175835173760,0.049927,664521.6471207285,3998938.237391103,1.230807943642771,664522.1343293694,3998939.6147613293,8.846750595190892,-0.17653225690231308,194,6,2,2,0,42,28,20,8,146,72,30,42
a6b771dda7545822,2021.06.08.12.54.54_veh-26_04262_04732,near_pedestrian_on_crosswalk,55,1623175835223687,0.049927,664521.7945551774,3998938.647277182,1.2301827272284465,664522.2826248776,3998940.024342528,8.841009248069499,-0.19271856708031,194,6,2,2,0,42,28,20,8,146,72,30,42
a6b771dda7545822,2021.06.08.12.54.54_veh-26_04262_04732,near_pedestrian_on_crosswalk,56,1623175835273614,0.049927,664521.9406638979,3998939.056042365,1.2297041479743347,664522.429392577,3998940.432873973,8.828460405729667,-0.19124172952795407,194,6,2,2,0,42,28,20,8,146,71,30,41
a6b771dda7545822,2021.06.08.12.54.54_veh-26_04262_04732,near_pedestrian_on_crosswalk,57,1623175835323544,0.04993,664522.0890428917,3998939.4676593705,1.2292925968844994,664522.578338166,3998940.8442897256,8.811468612038883,-0.18714165965563365,194,6,2,2,0,41,27,20,7,147,72,30,42
a6b771dda7545822,2021.06.08.12.54.54_veh-26_04262_04732,near_pedestrian_on_crosswalk,58,1623175835373474,0.04993,664522.2358144355,3998939.8751373356,1.2288206078582722,664522.7257594097,3998941.251536595,8.803348259876133,-0.176086079648102,194,6,2,2,0,41,27,20,7,147,71,30,41
a6b771dda7545822,2021.06.08.12.54.54_veh-26_04262_04732,near_pedestrian_on_crosswalk,59,1623175835423401,0.049927,664522.3818075191,3998940.278547696,1.2282299565705133,664522.8725653798,3998941.654657329,8.793023255890374,-0.17112280907367994,196,7,2,2,0,41,27,20,7,148,71,30,41
a6b771dda7545822,2021.06.08.12.54.54_veh-26_04262_04732,near_pedestrian_on_crosswalk,60,1623175835473325,0.049924,664522.5278280781,3998940.684872777,1.2274677844056674,664523.0196346286,3998942.060607969,8.78726126130362,-0.17064882212848842,196,7,2,2,0,41,27,20,7,148,71,30,41
a6b771dda7545822,2021.06.08.12.54.54_veh-26_04262_04732,near_pedestrian_on_crosswalk,61,1623175835523241,0.049916,664522.6766988487,3998941.092816687,1.2266814455369728,664523.1695870411,3998942.4681647266,8.783592921200736,-0.17783224993758395,196,7,2,2,0,41,27,20,7,148,70,30,40
a6b771dda7545822,2021.06.08.12.54.54_veh-26_04262_04732,near_pedestrian_on_crosswalk,62,1623175835573153,0.049912,664522.8231068709,3998941.496903959,1.2258616060364391,664523.3171224621,3998942.8718474475,8.77243524151888,-0.18026100503561734,194,7,2,2,0,40,25,20,5,147,71,30,41
a6b771dda7545822,2021.06.08.12.54.54_veh-26_04262_04732,near_pedestrian_on_crosswalk,63,1623175835623062,0.049909,664522.9758079987,3998941.908557256,1.2249273817201223,664523.4711078798,3998943.283038623,8.766448090776619,-0.1859880021390299,194,7,2,2,0,40,25,20,5,147,70,30,40
a6b771dda7545822,2021.06.08.12.54.54_veh-26_04262_04732,near_pedestrian_on_crosswalk,64,1623175835672975,0.049913,664523.1239208282,3998942.3121915967,1.2243481716534286,664523.6200167397,3998943.6863858504,8.759491404672701,-0.19116798195752913,194,7,2,2,0,40,25,20,5,147,71,30,41
a6b771dda7545822,2021.06.08.12.54.54_veh-26_04262_04732,near_pedestrian_on_crosswalk,65,1623175835722891,0.049916,664523.2745057942,3998942.7176625435,1.2238397642195942,664523.771300292,3998944.091604401,8.752639822704818,-0.18679453542051483,194,7,2,2,0,40,25,20,5,147,70,30,40
a6b771dda7545822,2021.06.08.12.54.54_veh-26_04262_04732,near_pedestrian_on_crosswalk,66,1623175835772812,0.049921,664523.4219773738,3998943.1209673975,1.2234225181026104,664523.9193451003,3998944.4947018493,8.743611854382314,-0.18394292137809043,193,7,2,2,0,40,25,20,5,146,70,30,40
a6b771dda7545822,2021.06.08.12.54.54_veh-26_04262_04732,near_pedestrian_on_crosswalk,67,1623175835822734,0.049922,664523.5712261567,3998943.5245588794,1.2230444844055148,664524.0691131655,3998944.8981052116,8.73305480885111,-0.17830984925799062,193,6,1,1,0,41,26,20,6,146,71,30,41
a6b771dda7545822,2021.06.08.12.54.54_veh-26_04262_04732,near_pedestrian_on_crosswalk,68,1623175835872656,0.049922,664523.7206431923,3998943.931444667,1.222525252183586,664524.2192433235,3998945.3047322948,8.72320967595302,-0.17433037104291788,192,6,1,1,0,41,26,20,6,145,70,30,40
a6b771dda7545822,2021.06.08.12.54.54_veh-26_04262_04732,near_pedestrian_on_crosswalk,69,1623175835922575,0.049919,664523.8700044907,3998944.3362641614,1.2219184750355512,664524.3694378097,3998945.7092489973,8.713392030997918,-0.17607344587520704,193,6,1,1,0,41,26,20,6,146,69,30,39
a6b771dda7545822,2021.06.08.12.54.54_veh-26_04262_04732,near_pedestrian_on_crosswalk,70,1623175835972493,0.049918,664524.0190433431,3998944.7418672782,1.2213148291705374,664524.5193053676,3998946.1145503833,8.707724671323692,-0.17860803630651548,193,6,1,1,0,41,26,20,6,146,70,30,40
a6b771dda7545822,2021.06.08.12.54.54_veh-26_04262_04732,near_pedestrian_on_crosswalk,71,1623175836022411,0.049918,664524.1672011894,3998945.1420829776,1.2205738174929313,664524.6684802508,3998946.5143950055,8.698781780966154,-0.18211055961483363,194,6,1,1,0,39,22,20,2,149,69,30,39
a6b771dda7545822,2021.06.08.12.54.54_veh-26_04262_04732,near_pedestrian_on_crosswalk,72,1623175836072332,0.049921,664524.3164907298,3998945.5457829176,1.219934978301684,664524.8186463754,3998946.917774429,8.687722367557283,-0.18183684195442137,193,6,1,1,0,39,22,20,2,148,69,30,39
a6b771dda7545822,2021.06.08.12.54.54_veh-26_04262_04732,near_pedestrian_on_crosswalk,73,1623175836122259,0.049927,664524.464631775,3998945.946757965,1.2192401035617715,664524.9677406616,3998947.31840021,8.680057993211,-0.17542429749197955,193,6,1,1,0,39,21,20,1,148,68,30,38
a6b771dda7545822,2021.06.08.12.54.54_veh-26_04262_04732,near_pedestrian_on_crosswalk,74,1623175836172188,0.049929,664524.6120014249,3998946.3476360077,1.218669618784019,664525.1158927305,3998947.7189910137,8.673141840409414,-0.17047893558449254,192,6,1,1,0,39,21,20,1,147,68,30,38
a6b771dda7545822,2021.06.08.12.54.54_veh-26_04262_04732,near_pedestrian_on_crosswalk,75,1623175836222117,0.049929,664524.759311651,3998946.748975334,1.2179258783214821,664525.2642227494,3998948.1199551965,8.667981802126459,-0.16762146264363698,193,6,1,1,0,39,21,20,1,148,67,30,37
a6b771dda7545822,2021.06.08.12.54.54_veh-26_04262_04732,near_pedestrian_on_crosswalk,76,1623175836272046,0.049929,664524.9071807868,3998947.150394642,1.2174822530450236,664525.4127000369,3998948.5211503776,8.662324199979569,-0.17094626548776826,193,6,1,1,0,39,21,20,1,148,67,30,37
a6b771dda7545822,2021.06.08.12.54.54_veh-26_04262_04732,near_pedestrian_on_crosswalk,77,1623175836321970,0.049924,664525.0536374943,3998947.549742675,1.2169254360609014,664525.5599199261,3998948.920216717,8.652514874101003,-0.17397500592983048,194,6,1,1,0,39,21,20,1,149,68,30,38
a6b771dda7545822,2021.06.08.12.54.54_veh-26_04262_04732,near_pedestrian_on_crosswalk,78,1623175836371891,0.049921,664525.2009153427,3998947.9492702275,1.2163066456919134,664525.7080457135,3998949.3194307243,8.642641217999406,-0.17427902016181154,193,6,1,1,0,39,21,20,1,148,67,30,37
a6b771dda7545822,2021.06.08.12.54.54_veh-26_04262_04732,near_pedestrian_on_crosswalk,79,1623175836421813,0.049922,664525.3460787119,3998948.3458072776,1.2158494005503324,664525.853835529,3998949.7157357484,8.631606380677344,-0.17148151471075845,192,6,1,1,0,39,21,20,1,147,67,30,37
a6b771dda7545822,2021.06.08.12.54.54_veh-26_04262_04732,near_pedestrian_on_crosswalk,80,1623175836471738,0.049925,664525.4937291632,3998948.7456157883,1.215355367792536,664526.0021627079,3998950.1152932434,8.617833381404695,-0.16909813748088162,191,6,1,1,0,39,21,20,1,146,67,30,37
a6b771dda7545822,2021.06.08.12.54.54_veh-26_04262_04732,near_pedestrian_on_crosswalk,81,1623175836521661,0.049923,664525.6416668686,3998949.1495514414,1.2151165051205497,664526.1504275635,3998950.5191074116,8.601487920453046,-0.16388281715453967,191,6,1,1,0,39,19,19,0,146,67,30,37
a6b771dda7545822,2021.06.08.12.54.54_veh-26_04262_04732,near_pedestrian_on_crosswalk,82,1623175836571582,0.049921,664525.7888347346,3998949.5480405902,1.2146514597401614,664526.2982322802,3998950.9173598154,8.590461695293005,-0.15820816038963212,192,6,1,1,0,39,19,19,0,147,66,30,36
a6b771dda7545822,2021.06.08.12.54.54_veh-26_04262_04732,near_pedestrian_on_crosswalk,83,1623175836621502,0.04992,664525.9340858137,3998949.9446908724,1.214081905764351,664526.4442631778,3998951.313719746,8.579002810968177,-0.15372629441532423,190,6,1,1,0,40,19,19,0,144,67,30,37
a6b771dda7545822,2021.06.08.12.54.54_veh-26_04262_04732,near_pedestrian_on_crosswalk,84,1623175836671422,0.04992,664526.0819958472,3998950.342465099,1.2134185407212517,664526.5930812649,3998951.7111552376,8.570733826323877,-0.1537059338520636,193,6,1,1,0,42,18,18,0,145,69,30,39
a6b771dda7545822,2021.06.08.12.54.54_veh-26_04262_04732,near_pedestrian_on_crosswalk,85,1623175836721343,0.049921,664526.2284297132,3998950.7385257175,1.2125982854841038,664526.7406376341,3998952.1067961752,8.567538995872946,-0.14890105407298368,193,6,1,1,0,41,18,18,0,146,67,30,37
a6b771dda7545822,2021.06.08.12.54.54_veh-26_04262_04732,near_pedestrian_on_crosswalk,86,1623175836771267,0.049924,664526.3769934686,3998951.1355192238,1.2119844053326545,664526.890041247,3998952.5034749894,8.563220075723153,-0.14606638142909503,192,6,1,1,0,41,18,18,0,145,67,30,37
a6b771dda7545822,2021.06.08.12.54.54_veh-26_04262_04732,near_pedestrian_on_crosswalk,87,1623175836821193,0.049926,664526.5259737059,3998951.53315393,1.2112561637249704,664527.0400175505,3998952.9007357107,8.557954110508145,-0.1457224153786281,191,6,1,1,0,41,18,18,0,144,67,30,37
a6b771dda7545822,2021.06.08.12.54.54_veh-26_04262_04732,near_pedestrian_on_crosswalk,88,1623175836871117,0.049924,664526.6744876703,3998951.9284961815,1.2106582041660539,664527.1893491815,3998953.29577034,8.551088422051455,-0.14921083168810817,191,6,1,1,0,41,18,18,0,144,67,30,37
a6b771dda7545822,2021.06.08.12.54.54_veh-26_04262_04732,near_pedestrian_on_crosswalk,89,1623175836921040,0.049923,664526.8244701294,3998952.325940992,1.210032332776866,664527.3401872775,3998953.692892646,8.546698656240563,-0.15337569364801432,189,6,1,1,0,41,18,18,0,142,66,30,36
a6b771dda7545822,2021.06.08.12.54.54_veh-26_04262_04732,near_pedestrian_on_crosswalk,90,1623175836970964,0.049924,664526.9721328596,3998952.718251115,1.2094703665507145,664527.4886181069,3998954.0849127374,8.537212023966907,-0.15214680270453043,189,6,1,1,0,41,18,18,0,142,66,30,36
a6b771dda7545822,2021.06.08.12.54.54_veh-26_04262_04732,near_pedestrian_on_crosswalk,91,1623175837020889,0.049925,664527.1213246654,3998953.114513082,1.2087342645904788,664527.6388157749,3998954.480794148,8.530662147761214,-0.14739131079668905,189,6,1,1,0,41,18,18,0,142,67,30,37
a6b771dda7545822,2021.06.08.12.54.54_veh-26_04262_04732,near_pedestrian_on_crosswalk,92,1623175837070816,0.049927,664527.2672900398,3998953.500999859,1.2082928534503155,664527.7853841906,3998954.8670523656,8.521800934968036,-0.14681618176454825,190,6,1,1,0,41,16,16,0,143,66,30,36
a6b771dda7545822,2021.06.08.12.54.54_veh-26_04262_04732,near_pedestrian_on_crosswalk,93,1623175837120744,0.049928,664527.4179693271,3998953.8973903884,1.2078534368850222,664527.936663694,3998955.263215104,8.517903664673145,-0.1521392761270521,189,6,1,1,0,40,16,16,0,143,65,30,35
a6b771dda7545822,2021.06.08.12.54.54_veh-26_04262_04732,near_pedestrian_on_crosswalk,94,1623175837170672,0.049928,664527.5680636194,3998954.2912332364,1.2074058625948896,664528.0873692423,3998955.656825661,8.511965246763337,-0.15856175421689278,189,6,1,1,0,40,16,16,0,143,66,30,36
a6b771dda7545822,2021.06.08.12.54.54_veh-26_04262_04732,near_pedestrian_on_crosswalk,95,1623175837220605,0.049933,664527.7178944922,3998954.684393141,1.2068372513077192,664528.2379765224,3998956.0496900617,8.503193106349604,-0.15820486305409237,189,6,1,1,0,40,16,16,0,143,65,30,35
a6b771dda7545822,2021.06.08.12.54.54_veh-26_04262_04732,near_pedestrian_on_crosswalk,96,1623175837270540,0.049935,664527.8674846328,3998955.0772467186,1.2062684755078168,664528.3883431266,3998956.442247608,8.491766803770467,-0.15509734661056984,189,6,1,1,0,40,15,15,0,143,65,30,35
a6b771dda7545822,2021.06.08.12.54.54_veh-26_04262_04732,near_pedestrian_on_crosswalk,97,1623175837320475,0.049935,664527.9878787613,3998955.3935096497,1.2058378410060635,664528.5093250233,3998956.7582861134,8.486102233433042,-0.15408745775906604,190,6,1,1,0,40,15,15,0,144,65,30,35
a6b771dda7545822,2021.06.08.12.54.54_veh-26_04262_04732,near_pedestrian_on_crosswalk,98,1623175837370411,0.049936,664528.1381888869,3998955.783588534,1.205299069639214,664528.6603703757,3998957.1480838596,8.475557376635317,-0.15660711359249654,190,6,1,1,0,40,14,14,0,144,65,30,35
a6b771dda7545822,2021.06.08.12.54.54_veh-26_04262_04732,near_pedestrian_on_crosswalk,99,1623175837420345,0.049934,664528.2903434464,3998956.1761973444,1.2046764946563167,664528.8133743346,3998957.540367308,8.469887558631402,-0.15478659959689833,190,6,1,1,0,40,13,13,0,144,65,30,35
a6b771dda7545822,2021.06.08.12.54.54_veh-26_04262_04732,near_pedestrian_on_crosswalk,100,1623175837470275,0.04993,664528.4418438765,3998956.5657493747,1.203978043896357,664528.9658274426,3998957.9295536946,8.459944194131536,-0.15713630516583735,190,6,1,1,0,40,12,12,0,144,65,30,35
c8a9b3db1170577d,2021.10.05.06.24.06_veh-50_00717_01300,traversing_intersection,0,1633415984550376,,365963.7998186096,142900.52528339936,-0.724749740209279,365964.89361869276,142899.55671622147,3.998745884662655,-0.008463733286568652,13,9,5,5,0,1,1,1,0,3,3,3,0
c8a9b3db1170577d,2021.10.05.06.24.06_veh-50_00717_01300,traversing_intersection,1,1633415984600363,0.049987,365963.94215719413,142900.39839170504,-0.726088952927762,365965.03465917933,142899.42836056516,3.99394137590693,-0.018447009154838632,13,9,5,5,0,1,1,1,0,3,3,3,0
c8a9b3db1170577d,2021.10.05.06.24.06_veh-50_00717_01300,traversing_intersection,2,1633415984650348,0.049985,365964.08604715,142900.26906516554,-0.7276123264242634,365965.1770701484,142899.2973708633,3.9878882262894324,-0.02368691489248501,13,9,5,5,0,1,1,1,0,3,3,3,0
c8a9b3db1170577d,2021.10.05.06.24.06_veh-50_00717_01300,traversing_intersection,3,1633415984700331,0.049983,365964.2284813535,142900.14021686706,-0.7292743227190817,365965.31788789347,142899.16671063149,3.982041959094737,-0.020401774701845093,13,9,5,5,0,1,1,1,0,3,3,3,0
c8a9b3db1170577d,2021.10.05.06.24.06_veh-50_00717_01300,traversing_intersection,4,1633415984750309,0.049978,365964.3713596405,142900.011093406,-0.7311245043727913,365965.4589631535,142899.03557323784,3.9753185103795374,-0.012346052322145733,13,9,5,5,0,1,1,1,0,3,3,3,0
c8a9b3db1170577d,2021.10.05.06.24.06_veh-50_00717_01300,traversing_intersection,5,1633415984800285,0.049976,365964.51340028335,142899.8824146342,-0.7330528541315464,365965.5991206313,142898.90479900112,3.968467444658309,-0.0020979931106184387,14,9,5,5,0,1,1,1,0,4,4,4,0
c8a9b3db1170577d,2021.10.05.06.24.06_veh-50_00717_01300,traversing_intersection,6,1633415984850261,0.049976,365964.6546941819,142899.75364354724,-0.7352014279268085,365965.7383115461,142898.77369742218,3.961956103381768,0.004861154824211506,14,9,5,5,0,1,1,1,0,4,4,4,0
c8a9b3db1170577d,2021.10.05.06.24.06_veh-50_00717_01300,traversing_intersection,7,1633415984900237,0.049976,365964.7972892732,142899.62293951187,-0.7376042346773105,365965.87854889035,142898.64039249506,3.9537710675501274,0.007592966599329624,14,9,5,5,0,1,1,1,0,4,4,4,0
c8a9b3db1170577d,2021.10.05.06.24.06_veh-50_00717_01300,traversing_intersection,8,1633415984950216,0.049979,365964.93714845926,142899.49381296086,-0.7402526002184205,365966.0158021439,142898.5084058224,3.9458411313237525,0.0032009459896725585,14,9,5,5,0,1,1,1,0,4,4,4,0
c8a9b3db1170577d,2021.10.05.06.24.06_veh-50_00717_01300,traversing_intersection,9,1633415985000193,0.049977,365965.0746941412,142899.36563348322,-0.7430520014622761,365966.150585053,142898.37721062536,3.938273760421511,-0.00407430674396831,14,9,5,5,0,1,1,1,0,4,4,4,0
c8a9b3db1170577d,2021.10.05.06.24.06_veh-50_00717_01300,traversing_intersection,10,1633415985050171,0.049978,365965.21391578636,142899.2339918248,-0.746167184803183,365966.2867223643,142898.2422221709,3.9289579167770756,-0.010617440745512335,14,9,5,5,0,1,1,1,0,4,4,4,0
c8a9b3db1170577d,2021.10.05.06.24.06_veh-50_00717_01300,traversing_intersection,11,1633415985100149,0.049978,365965.3511811028,142899.10484888087,-0.749340343880333,365966.42083524214,142898.1096800398,3.921422440009946,-0.013884966789339509,14,9,5,5,0,1,1,1,0,4,4,4,0
c8a9b3db1170577d,2021.10.05.06.24.06_veh-50_00717_01300,traversing_intersection,12,1633415985150130,0.049981,365965.4882093685,142898.9738774063,-0.7527192054333544,365966.55449487054,142897.97510003962,3.9138996571631455,-0.01501754682271544,13,9,5,5,0,1,1,1,0,3,3,3,0
c8a9b3db1170577d,2021.10.05.06.24.06_veh-50_00717_01300,traversing_intersection,13,1633415985200110,0.04998,365965.6246461165,142898.84154552533,-0.7565273040890567,365966.6871204536,142897.83871489,3.9057645206185234,-0.011320736606650362,12,8,5,5,0,1,1,1,0,3,3,3,0
c8a9b3db1170577d,2021.10.05.06.24.06_veh-50_00717_01300,traversing_intersection,14,1633415985250090,0.04998,365965.7591429156,142898.7118931511,-0.760559955742323,365966.8175645579,142897.70478609265,3.896891576796301,-0.007784530627958453,12,8,5,5,0,1,1,1,0,3,3,3,0
c8a9b3db1170577d,2021.10.05.06.24.06_veh-50_00717_01300,traversing_intersection,15,1633415985300071,0.049981,365965.8960897288,142898.57965338332,-0.7648617393799476,365966.95016923454,142897.56800255642,3.8869544280084276,-0.013586775900150972,12,8,5,5,0,1,1,1,0,3,3,3,0
c8a9b3db1170577d,2021.10.05.06.24.06_veh-50_00717_01300,traversing_intersection,16,1633415985350052,0.049981,365966.0288110837,142898.44824198197,-0.7692855831674886,365967.07840490446,142897.4319379864,3.8771317974984516,-0.014516215904648532,12,8,5,5,0,1,1,1,0,3,3,3,0
c8a9b3db1170577d,2021.10.05.06.24.06_veh-50_00717_01300,traversing_intersection,17,1633415985400034,0.049982,365966.1587349884,142898.31874276313,-0.774078538400471,365967.20344567247,142897.2974198041,3.8674318971582347,-0.009812928077988699,11,8,5,5,0,0,0,0,0,3,3,3,0
c8a9b3db1170577d,2021.10.05.06.24.06_veh-50_00717_01300,traversing_intersection,18,1633415985450017,0.049983,365966.2892129801,142898.1872517293,-0.7792299653159293,365967.328648555,142897.16056059484,3.858332663344826,-0.006239998014217236,11,8,5,5,0,0,0,0,0,3,3,3,0
c8a9b3db1170577d,2021.10.05.06.24.06_veh-50_00717_01300,traversing_intersection,19,1633415985500000,0.049983,365966.4203449339,142898.0538622361,-0.7847768134244766,365967.4540696479,142897.02142133427,3.8490774980944975,-0.00434142966970453,11,8,5,5,0,0,0,0,0,3,3,3,0
c8a9b3db1170577d,2021.10.05.06.24.06_veh-50_00717_01300,traversing_intersection,20,1633415985549983,0.049983,365966.5482556629,142897.92175239848,-0.7908025621476129,365967.575740418,142896.8831013127,3.839422343370669,-0.001741059063238188,11,8,5,5,0,0,0,0,0,3,3,3,0
c8a9b3db1170577d,2021.10.05.06.24.06_veh-50_00717_01300,traversing_intersection,21,1633415985599965,0.049982,365966.67650522245,142897.78924135855,-0.7973047254400163,365967.6972148262,142896.74393140222,3.827894658213714,-0.0007831008852918035,11,8,5,5,0,0,0,0,0,3,3,3,0
c8a9b3db1170577d,2021.10.05.06.24.06_veh-50_00717_01300,traversing_intersection,22,1633415985649950,0.049985,365966.8027693539,142897.6581597728,-0.8039009828569864,365967.81656166835,142896.60613974297,3.815321392451062,-0.0018470909242284225,11,8,5,5,0,0,0,0,0,3,3,3,0
c8a9b3db1170577d,2021.10.05.06.24.06_veh-50_00717_01300,traversing_intersection,23,1633415985699934,0.049984,365966.9277174297,142897.52525718443,-0.8110608270566031,365967.9339515239,142896.4660055865,3.8035967021089987,-0.007803457966587704,11,8,5,5,0,0,0,0,0,3,3,3,0
c8a9b3db1170577d,2021.10.05.06.24.06_veh-50_00717_01300,traversing_intersection,24,1633415985749919,0.049985,365967.0520372775,142897.3908737035,-0.8187588059884023,365968.0500875417,142896.3239075981,3.7926578911068147,-0.015326419191818652,11,8,5,5,0,0,0,0,0,3,3,3,0
c8a9b3db1170577d,2021.10.05.06.24.06_veh-50_00717_01300,traversing_intersection,25,1633415985799906,0.049987,365967.17305515305,142897.2578133014,-0.8268682667324013,365968.162420175,142896.18278871872,3.7800027464300943,-0.012224758507372022,11,8,5,5,0,0,0,0,0,3,3,3,0
c8a9b3db1170577d,2021.10.05.06.24.06_veh-50_00717_01300,traversing_intersection,26,1633415985849894,0.049988,365967.29475156346,142897.12136810282,-0.8361234740335294,365968.2741247784,142896.03723291485,3.771912520761365,-4.3557224439425815e-05,11,8,5,5,0,0,0,0,0,3,3,3,0
c8a9b3db1170577d,2021.10.05.06.24.06_veh-50_00717_01300,traversing_intersection,27,1633415985899879,0.049985,365967.4157191151,142896.98554781568,-0.8451423273473294,365968.3852749757,142895.89262401543,3.7634272838636678,0.007291503659797644,11,8,5,5,0,0,0,0,0,3,3,3,0
c8a9b3db1170577d,2021.10.05.06.24.06_veh-50_00717_01300,traversing_intersection,28,1633415985949865,0.049986,365967.5327658956,142896.85114884115,-0.8546334426633054,365968.491905177,142895.74907223816,3.7547187167347618,0.00921133747513185,10,8,5,5,0,0,0,0,0,2,2,2,0
c8a9b3db1170577d,2021.10.05.06.24.06_veh-50_00717_01300,traversing_intersection,29,1633415985999849,0.049984,365967.6501473785,142896.71232419892,-0.8650363836438445,365968.59777012974,142895.60032954006,3.7451733561891065,0.008862596436813419,10,8,5,5,0,0,0,0,0,2,2,2,0
c8a9b3db1170577d,2021.10.05.06.24.06_veh-50_00717_01300,traversing_intersection,30,1633415986049830,0.049981,365967.7641512235,142896.57650226296,-0.87499048897712,365968.70065829874,142895.4551301133,3.7381938778697283,0.009603448793216738,10,8,5,5,0,0,0,0,0,2,2,2,0
c8a9b3db1170577d,2021.10.05.06.24.06_veh-50_00717_01300,traversing_intersection,31,1633415986099811,0.049981,365967.8791546708,142896.43470429775,-0.8862651238221327,365968.80295942986,142895.30284486865,3.730849725607092,0.009068981713475024,10,8,5,5,0,0,0,0,0,2,2,2,0
c8a9b3db1170577d,2021.10.05.06.24.06_veh-50_00717_01300,traversing_intersection,32,1633415986149792,0.049981,365967.9904497228,142896.2959021196,-0.8971480132497162,365968.901882118,142895.15405625044,3.722849580910529,0.005118026595491485,10,8,5,5,0,0,0,0,0,2,2,2,0
c8a9b3db1170577d,2021.10.05.06.24.06_veh-50_00717_01300,traversing_intersection,33,1633415986199772,0.04998,365968.10117006535,142896.15485372092,-0.9079150352799721,365969.0002555884,142895.00326081444,3.714542100113632,0.0027528417242573657,10,8,5,5,0,0,0,0,0,2,2,2,0
c8a9b3db1170577d,2021.10.05.06.24.06_veh-50_00717_01300,traversing_intersection,34,1633415986249754,0.049982,365968.208633285,142896.0146142538,-0.918803263913563,365969.0951269546,142894.85330035404,3.709277645122564,0.005022368339322022,10,8,5,5,0,0,0,0,0,2,2,2,0
c8a9b3db1170577d,2021.10.05.06.24.06_veh-50_00717_01300,traversing_intersection,35,1633415986299736,0.049982,365968.31535151566,142895.873158989,-0.9299531850994321,365969.1888417909,142894.70203314646,3.704336027365563,0.004625881145332159,10,8,5,5,0,0,0,0,0,2,2,2,0
c8a9b3db1170577d,2021.10.05.06.24.06_veh-50_00717_01300,traversing_intersection,36,1633415986349720,0.049984,365968.4209913319,142895.72986171523,-0.9411544797478182,365969.2813089584,142894.54902532455,3.696718360062701,-0.0009369506953974676,10,8,5,5,0,0,0,0,0,2,2,2,0
c8a9b3db1170577d,2021.10.05.06.24.06_veh-50_00717_01300,traversing_intersection,37,1633415986399704,0.049984,365968.52522045665,142895.58543048595,-0.9523627318834913,365969.37224921014,142894.39502581075,3.6869465988568675,-0.008458593418284569,10,8,5,5,0,0,0,0,0,2,2,2,0
c8a9b3db1170577d,2021.10.05.06.24.06_veh-50_00717_01300,traversing_intersection,38,1633415986449689,0.049985,365968.6281864842,142895.44031264182,-0.9643059676838092,365969.46093788225,142894.23987684216,3.678830558996951,-0.00044346174734088224,10,8,5,5,0,0,0,0,0,2,2,2,0
c8a9b3db1170577d,2021.10.05.06.24.06_veh-50_00717_01300,traversing_intersection,39,1633415986499677,0.049988,365968.7300054245,142895.29297628652,-0.9755390521626359,365969.54921997077,142894.0832620528,3.667406240919542,0.008559785771896047,10,8,5,5,0,0,0,0,0,2,2,2,0
c8a9b3db1170577d,2021.10.05.06.24.06_veh-50_00717_01300,traversing_intersection,40,1633415986549670,0.049993,365968.82847202657,142895.1483647335,-0.9872726133046379,365969.6334362499,142893.92912169,3.6556619604130005,0.008952933221092701,11,8,5,5,0,1,1,1,0,2,2,2,0
c8a9b3db1170577d,2021.10.05.06.24.06_veh-50_00717_01300,traversing_intersection,41,1633415986599673,0.050003,365968.92493639985,142895.00217830014,-0.999106976820794,365969.71541562676,142893.77349461758,3.641181316123994,0.0026300927378487735,11,8,5,5,0,1,1,1,0,2,2,2,0
c8a9b3db1170577d,2021.10.05.06.24.06_veh-50_00717_01300,traversing_intersection,42,1633415986649682,0.050009,365969.02011898835,142894.8546056409,-1.011301233414348,365969.7955569312,142893.61637424215,3.629250381588192,0.007909482572475684,11,8,5,5,0,1,1,1,0,2,2,2,0
c8a9b3db1170577d,2021.10.05.06.24.06_veh-50_00717_01300,traversing_intersection,43,1633415986699698,0.050016,365969.11384136725,142894.70627808466,-1.0236864861771062,365969.8738844201,142893.45853790423,3.618078979033451,0.013481322877733263,11,8,5,5,0,1,1,1,0,2,2,2,0
c8a9b3db1170577d,2021.10.05.06.24.06_veh-50_00717_01300,traversing_intersection,44,1633415986749713,0.050015,365969.2074175885,142894.55563490296,-1.0372716974443643,365969.95044021384,142893.29768483312,3.6094753813424636,0.01723248769953638,11,8,5,5,0,1,1,1,0,2,2,2,0
c8a9b3db1170577d,2021.10.05.06.24.06_veh-50_00717_01300,traversing_intersection,45,1633415986799725,0.050012,365969.29518953024,142894.4068552605,-1.0500965113971104,365970.0220185184,142893.13947977472,3.598686268190248,0.014793841760180861,11,8,5,5,0,1,1,1,0,2,2,2,0
c8a9b3db1170577d,2021.10.05.06.24.06_veh-50_00717_01300,traversing_intersection,46,1633415986849737,0.050012,365969.3838577291,142894.25429400036,-1.0634979780656486,365970.0936372673,142892.97729203987,3.582045776620797,0.009739873090414929,11,8,5,5,0,1,1,1,0,2,2,2,0
c8a9b3db1170577d,2021.10.05.06.24.06_veh-50_00717_01300,traversing_intersection,47,1633415986899748,0.050011,365969.4679975993,142894.10543476333,-1.0763167647105596,365970.161349655,142892.8194394574,3.5651358408761715,0.0012602129208527713,11,8,5,5,0,1,1,1,0,2,2,2,0
c8a9b3db1170577d,2021.10.05.06.24.06_veh-50_00717_01300,traversing_intersection,48,1633415986949760,0.050012,365969.5515570659,142893.95292064676,-1.0895177793564512,365970.2278727586,142892.65788470756,3.5441049948996124,0.003415890481620283,11,8,5,5,0,1,1,1,0,2,2,2,0
c8a9b3db1170577d,2021.10.05.06.24.06_veh-50_00717_01300,traversing_intersection,49,1633415986999772,0.050012,365969.6329429061,142893.80124495487,-1.1026478373071193,365970.29219689337,142892.49744083604,3.5223237857773846,0.02112626148053216,11,8,5,5,0,1,1,1,0,2,2,2,0
c8a9b3db1170577d,2021.10.05.06.24.06_veh-50_00717_01300,traversing_intersection,50,1633415987049787,0.050015,365969.7113257034,142893.65134836631,-1.115939451704833,365970.353192306,142892.3388971236,3.4981300344031556,0.03185666730396593,11,8,5,5,0,1,1,1,0,2,2,2,0
c8a9b3db1170577d,2021.10.05.06.24.06_veh-50_00717_01300,traversing_intersection,51,1633415987099802,0.050015,365969.7898987376,142893.4986046962,-1.1296451684052706,365970.41371753317,142892.17747975496,3.4692267759647724,0.03646670458884409,12,8,5,5,0,2,2,2,0,2,2,2,0
c8a9b3db1170577d,2021.10.05.06.24.06_veh-50_00717_01300,traversing_intersection,52,1633415987149818,0.050016,365969.8649582592,142893.348594051,-1.1430355660175826,365970.47103126976,142892.01923461657,3.4426163359856354,0.0371771989940658,12,8,5,5,0,2,2,2,0,2,2,2,0
c8a9b3db1170577d,2021.10.05.06.24.06_veh-50_00717_01300,traversing_intersection,53,1633415987199835,0.050017,365969.93805036426,142893.1983997252,-1.157045517188167,365970.52544024464,142891.8606799756,3.4126401430058073,0.03451238505224251,12,8,5,5,0,2,2,2,0,2,2,2,0
c8a9b3db1170577d,2021.10.05.06.24.06_veh-50_00717_01300,traversing_intersection,54,1633415987249850,0.050015,365970.00866540876,142893.04744547245,-1.1709697009953277,365970.57737229386,142891.7016767409,3.3826176958452865,0.02253635927238744,12,8,5,5,0,2,2,2,0,2,2,2,0
c8a9b3db1170577d,2021.10.05.06.24.06_veh-50_00717_01300,traversing_intersection,55,1633415987299864,0.050014,365970.0759507315,142892.89926667133,-1.1847992545289403,365970.62599244557,142891.54576191964,3.360000409391862,0.02339064163491698,11,8,5,5,0,1,1,1,0,2,2,2,0
c8a9b3db1170577d,2021.10.05.06.24.06_veh-50_00717_01300,traversing_intersection,56,1633415987349877,0.050013,365970.1412973906,142892.75096083578,-1.1990559272375343,365970.6719873863,142891.38975213448,3.337745049035523,0.04188682389899754,11,8,5,5,0,1,1,1,0,2,2,2,0
c8a9b3db1170577d,2021.10.05.06.24.06_veh-50_00717_01300,traversing_intersection,57,1633415987399892,0.050015,365970.20502395945,142892.6036902114,-1.2131832508433538,365970.71643140196,142891.2351203638,3.323827160725368,0.06437750416985015,11,8,5,5,0,1,1,1,0,2,2,2,0
c8a9b3db1170577d,2021.10.05.06.24.06_veh-50_00717_01300,traversing_intersection,58,1633415987449904,0.050012,365970.2658375156,142892.45817040146,-1.2273358869867401,365970.7578255177,142891.08250009,3.310030881798623,0.06520048435193591,11,8,5,5,0,1,1,1,0,2,2,2,0
c8a9b3db1170577d,2021.10.05.06.24.06_veh-50_00717_01300,traversing_intersection,59,1633415987499915,0.050011,365970.3245743551,142892.30901997446,-1.2414978039060502,365970.79703154403,142890.92652035254,3.2975677335641183,0.043724727761729906,11,8,5,5,0,1,1,1,0,2,2,2,0
c8a9b3db1170577d,2021.10.05.06.24.06_veh-50_00717_01300,traversing_intersection,60,1633415987549924,0.050009,365970.3811584713,142892.16066942885,-1.2550096633535897,365970.8348929604,142890.77191242584,3.289943330143656,0.03286905682284288,11,8,5,5,0,1,1,1,0,2,2,2,0
c8a9b3db1170577d,2021.10.05.06.24.06_veh-50_00717_01300,traversing_intersection,61,1633415987599933,0.050009,365970.4347494127,142892.01402647802,-1.2688976044408287,365970.86915379006,142890.61910216577,3.2802843751659623,0.042318839330943284,11,8,5,5,0,1,1,1,0,2,2,2,0
c8a9b3db1170577d,2021.10.05.06.24.06_veh-50_00717_01300,traversing_intersection,62,1633415987649942,0.050009,365970.48591760563,142891.86854938217,-1.2823724437713924,365970.90148673375,142890.46789835504,3.271309334422767,0.04850692375295792,11,8,5,5,0,1,1,1,0,2,2,2,0
c8a9b3db1170577d,2021.10.05.06.24.06_veh-50_00717_01300,traversing_intersection,63,1633415987699956,0.050014,365970.53638542927,142891.71973052807,-1.295893724178566,365970.9329785515,142890.31358868052,3.260246815927552,0.05245883794736595,11,8,5,5,0,1,1,1,0,2,2,2,0
c8a9b3db1170577d,2021.10.05.06.24.06_veh-50_00717_01300,traversing_intersection,64,1633415987749974,0.050018,365970.58348335844,142891.5717855499,-1.3095811410375588,365970.9607934826,142890.1603472515,3.246749121042002,0.05153474852678189,11,8,5,5,0,1,1,1,0,2,2,2,0
c8a9b3db1170577d,2021.10.05.06.24.06_veh-50_00717_01300,traversing_intersection,65,1633415987799995,0.050021,365970.6285287848,142891.42486864675,-1.3231307169938562,365970.9866804689,142890.0084476743,3.235138901878218,0.061454839283189976,10,7,5,5,0,1,1,1,0,2,2,2,0
c8a9b3db1170577d,2021.10.05.06.24.06_veh-50_00717_01300,traversing_intersection,66,1633415987850018,0.050023,365970.6717110503,142891.27519631787,-1.3369873190756973,365971.0102021977,142889.85394871695,3.2238282003355394,0.0762818846673311,10,7,5,5,0,1,1,1,0,2,2,2,0
c8a9b3db1170577d,2021.10.05.06.24.06_veh-50_00717_01300,traversing_intersection,67,1633415987900038,0.05002,365970.71314352297,142891.128016818,-1.3509284522344644,365971.0317886169,142889.70218853097,3.2144184347469698,0.07433061497246107,10,7,5,5,0,1,1,1,0,2,2,2,0
c8a9b3db1170577d,2021.10.05.06.24.06_veh-50_00717_01300,traversing_intersection,68,1633415987950057,0.050019,365970.7517074276,142890.97860835225,-1.3647767070356327,365971.05057736574,142889.54850424413,3.205272414800569,0.05782558256423852,10,7,5,5,0,1,1,1,0,2,2,2,0
c8a9b3db1170577d,2021.10.05.06.24.06_veh-50_00717_01300,traversing_intersection,69,1633415988000074,0.050017,365970.7873580783,142890.83083122098,-1.3785929737931215,365971.0664414201,142889.396734471,3.1943112867716783,0.04328942381801752,10,7,5,5,0,1,1,1,0,2,2,2,0
c8a9b3db1170577d,2021.10.05.06.24.06_veh-50_00717_01300,traversing_intersection,70,1633415988050092,0.050018,365970.81914388883,142890.68389619893,-1.3923095948023152,365971.07853063213,142889.246106396,3.185155091871886,0.03319340956358317,10,7,5,5,0,1,1,1,0,2,2,2,0
c8a9b3db1170577d,2021.10.05.06.24.06_veh-50_00717_01300,traversing_intersection,71,1633415988100107,0.050015,365970.84804590547,142890.53242159277,-1.4057008771525756,365971.0881561179,142889.09128728748,3.1780276005239254,0.03587082394426187,10,7,5,5,0,1,1,1,0,2,2,2,0
c8a9b3db1170577d,2021.10.05.06.24.06_veh-50_00717_01300,traversing_intersection,72,1633415988150122,0.050015,365970.8754920974,142890.38397001568,-1.4191412776293664,365971.0962117838,142888.93973879458,3.1690496567084825,0.05346077052067829,10,7,5,5,0,1,1,1,0,2,2,2,0
c8a9b3db1170577d,2021.10.05.06.24.06_veh-50_00717_01300,traversing_intersection,73,1633415988200137,0.050015,365970.9015234299,142890.23611966733,-1.4326934907297824,365971.10265091754,142888.78902992108,3.158057945449241,0.05922471772301811,10,6,5,5,0,1,1,1,0,2,2,2,0
c8a9b3db1170577d,2021.10.05.06.24.06_veh-50_00717_01300,traversing_intersection,74,1633415988250149,0.050012,365970.92480819015,142890.0875224677,-1.446034914012809,365971.10661211424,142888.6378782585,3.1445255835058252,0.05823880781950582,10,6,5,5,0,1,1,1,0,2,2,2,0
c8a9b3db1170577d,2021.10.05.06.24.06_veh-50_00717_01300,traversing_intersection,75,1633415988300161,0.050012,365970.9444786613,142889.94040297111,-1.4596132871631038,365971.10658262065,142888.48842387128,3.1305619516489407,0.05443783171392451,10,6,5,5,0,1,1,1,0,2,2,2,0
c8a9b3db1170577d,2021.10.05.06.24.06_veh-50_00717_01300,traversing_intersection,76,1633415988350171,0.05001,365970.9613546737,142889.79304416472,-1.473190932327813,365971.1037298399,142888.33899797837,3.1197858561422835,0.04319527444078855,10,7,5,5,0,1,1,1,0,2,2,2,0
c8a9b3db1170577d,2021.10.05.06.24.06_veh-50_00717_01300,traversing_intersection,77,1633415988400176,0.050005,365970.97559682734,142889.64305955984,-1.4870209657127333,365971.0978495115,142888.1871834383,3.1127051320584496,0.03171928502441545,10,7,5,5,0,1,1,1,0,2,2,2,0
c8a9b3db1170577d,2021.10.05.06.24.06_veh-50_00717_01300,traversing_intersection,78,1633415988450175,0.049999,365970.98742432584,142889.49428121772,-1.5007039841233352,365971.08974540763,142888.03686864875,3.1048937444814584,0.023817530677232447,10,7,5,5,0,1,1,1,0,2,2,2,0
c8a9b3db1170577d,2021.10.05.06.24.06_veh-50_00717_01300,traversing_intersection,79,1633415988500170,0.049995,365970.9963570424,142889.34804931542,-1.5140578000957516,365971.0792075603,142887.88940035432,3.096244808733262,0.017850380221576815,10,7,5,5,0,1,1,1,0,2,2,2,0
c8a9b3db1170577d,2021.10.05.06.24.06_veh-50_00717_01300,traversing_intersection,80,1633415988550162,0.049992,365971.0040972835,142889.20044267742,-1.5272955373359802,365971.06763189455,142887.74082479824,3.0876211757410275,0.013917559626188635,10,7,5,5,0,1,1,1,0,2,2,2,0
c8a9b3db1170577d,2021.10.05.06.24.06_veh-50_00717_01300,traversing_intersection,81,1633415988600151,0.049989,365971.01048869576,142889.05195105952,-1.5407152805189406,365971.05443047674,142887.59161201672,3.0787540264196105,0.010662530619128413,10,7,5,5,0,1,1,1,0,2,2,2,0
c8a9b3db1170577d,2021.10.05.06.24.06_veh-50_00717_01300,traversing_intersection,82,1633415988650140,0.049989,365971.0153056012,142888.9030639456,-1.5542573924869274,365971.0394678826,142887.44226375932,3.0676620130717294,0.0097019610692159,10,7,5,5,0,1,1,1,0,2,2,2,0
c8a9b3db1170577d,2021.10.05.06.24.06_veh-50_00717_01300,traversing_intersection,83,1633415988700127,0.049987,365971.0178292181,142888.7585099903,-1.5672682105186955,365971.0229837853,142887.29751908325,3.0569415614635833,0.009290152779305139,10,7,5,5,0,1,1,1,0,2,2,2,0
c8a9b3db1170577d,2021.10.05.06.24.06_veh-50_00717_01300,traversing_intersection,84,1633415988750114,0.049987,365971.01811911707,142888.6116808903,-1.5808604441595497,365971.0034156898,142887.15075487943,3.0472453599064373,0.011361013656717569,10,7,5,5,0,1,1,1,0,2,2,2,0
c8a9b3db1170577d,2021.10.05.06.24.06_veh-50_00717_01300,traversing_intersection,85,1633415988800096,0.049982,365971.0163618134,142888.46360360293,-1.594636579725134,365970.98153450317,142887.00301876853,3.038053663617467,0.011054410514936464,10,7,5,5,0,1,1,1,0,2,2,2,0
c8a9b3db1170577d,2021.10.05.06.24.06_veh-50_00717_01300,traversing_intersection,86,1633415988850076,0.04998,365971.0126602822,142888.3173196393,-1.608216406957856,365970.9580023031,142886.85734241162,3.0300736376463924,0.0079728471816513,10,7,5,5,0,1,1,1,0,2,2,2,0
c8a9b3db1170577d,2021.10.05.06.24.06_veh-50_00717_01300,traversing_intersection,87,1633415988900053,0.049977,365971.00582851947,142888.17339279238,-1.6213459461165325,365970.93200697395,142886.7142590153,3.02409601065372,0.0013467692195436379,10,7,5,5,0,1,1,1,0,2,2,2,0
c8a9b3db1170577d,2021.10.05.06.24.06_veh-50_00717_01300,traversing_intersection,88,1633415988950033,0.04998,365970.99760157464,142888.03008203793,-1.6343764256396232,365970.90477362147,142886.57203403767,3.017905408574735,-0.004063724944785077,10,7,5,5,0,1,1,1,0,2,2,2,0
c8a9b3db1170577d,2021.10.05.06.24.06_veh-50_00717_01300,traversing_intersection,89,1633415989000013,0.04998,365970.9866667588,142887.88432872482,-1.6474653622710649,365970.8747630042,142886.42762060385,3.0095093137255464,-0.00802298782179315,10,7,5,5,0,1,1,1,0,2,2,2,0
c8a9b3db1170577d,2021.10.05.06.24.06_veh-50_00717_01300,traversing_intersection,90,1633415989049996,0.049983,365970.9735878581,142887.74187316315,-1.660219398837238,365970.8431147999,142886.2867107045,2.9999982332440633,-0.01081439500051184,10,7,5,5,0,1,1,1,0,2,2,2,0
c8a9b3db1170577d,2021.10.05.06.24.06_veh-50_00717_01300,traversing_intersection,91,1633415989099982,0.049986,365970.9586367305,142887.59638903048,-1.6730900297787616,365970.8094461369,142886.1430263205,2.9885284565753376,-0.014484191617023105,10,7,5,5,0,1,1,1,0,2,2,2,0
c8a9b3db1170577d,2021.10.05.06.24.06_veh-50_00717_01300,traversing_intersection,92,1633415989149968,0.049986,365970.941334275,142887.45274038697,-1.6857370434059176,365970.7737754045,142886.00138067108,2.9753324345067833,-0.01744526896811317,10,7,5,5,0,1,1,1,0,2,2,2,0
c8a9b3db1170577d,2021.10.05.06.24.06_veh-50_00717_01300,traversing_intersection,93,1633415989199954,0.049986,365970.9229482614,142887.31204240708,-1.6983912054754946,365970.7370375552,142885.8629191517,2.964205139519482,-0.01953141466915576,10,7,5,5,0,1,1,1,0,2,2,2,0
c8a9b3db1170577d,2021.10.05.06.24.06_veh-50_00717_01300,traversing_intersection,94,1633415989249940,0.049986,365970.90286905423,142887.170349267,-1.7108738998183377,365970.698884339,142885.72365951588,2.953233886777897,-0.024024637544160236,10,7,5,5,0,1,1,1,0,2,2,2,0
c8a9b3db1170577d,2021.10.05.06.24.06_veh-50_00717_01300,traversing_intersection,95,1633415989299923,0.049983,365970.88136722904,142887.02997321653,-1.7232758885936543,365970.6594568309,142885.58592447249,2.9425707182633216,-0.03157201171415352,10,7,5,5,0,1,1,1,0,2,2,2,0
c8a9b3db1170577d,2021.10.05.06.24.06_veh-50_00717_01300,traversing_intersection,96,1633415989349907,0.049984,365970.8584483335,142886.89164092287,-1.7357048318290298,365970.6186075376,142885.45046175545,2.9318610254094093,-0.038545334333049776,10,7,5,5,0,1,1,1,0,2,2,2,0
c8a9b3db1170577d,2021.10.05.06.24.06_veh-50_00717_01300,traversing_intersection,97,1633415989399891,0.049984,365970.8336149887,142886.75501178554,-1.7477334602291903,365970.57645655295,142885.3168217637,2.9210559490843107,-0.04303662062529776,10,7,4,4,0,1,1,1,0,2,2,2,0
c8a9b3db1170577d,2021.10.05.06.24.06_veh-50_00717_01300,traversing_intersection,98,1633415989449874,0.049983,365970.8067239907,142886.6170573099,-1.7601267430713063,365970.5317618642,142885.18216469057,2.911038140797936,-0.040167207360382706,10,7,4,4,0,1,1,1,0,2,2,2,0
c8a9b3db1170577d,2021.10.05.06.24.06_veh-50_00717_01300,traversing_intersection,99,1633415989499858,0.049984,365970.7784706293,142886.4799317227,-1.7721711679589445,365970.48624640814,142885.04845486133,2.90066839178444,-0.03297602106520604,10,7,4,4,0,1,1,1,0,2,2,2,0
c8a9b3db1170577d,2021.10.05.06.24.06_veh-50_00717_01300,traversing_intersection,100,1633415989549841,0.049983,365970.750381513,142886.3413531414,-1.7844787549502619,365970.4405618429,142884.91358118062,2.8894550095877394,-0.02045253102388832,10,7,4,4,0,1,1,1,0,2,2,2,0
19d093209a00506d,2021.10.14.17.47.55_veh-28_00484_01094,traversing_crosswalk,0,1634234475599841,,330968.90101995197,4690951.105469828,2.048489727678419,330968.2293514894,4690952.402922129,7.560560322664636,0.1039737238768466,57,22,6,6,0,21,12,12,0,4,2,2,0
19d093209a00506d,2021.10.14.17.47.55_veh-28_00484_01094,traversing_crosswalk,1,1634234475649882,0.050041,330968.73060331185,4690951.434141284,2.062971282127033,330968.04021680827,4690952.721731077,7.591573585159677,0.12608633678195774,57,22,6,6,0,21,11,11,0,4,1,1,0
19d093209a00506d,2021.10.14.17.47.55_veh-28_00484_01094,traversing_crosswalk,2,1634234475699924,0.050042,330968.55676285585,4690951.759815446,2.075827158115669,330967.849880764,4690953.03842356,7.626105500787576,0.11418023111329487,57,22,6,6,0,21,9,9,0,4,1,1,0
19d093209a00506d,2021.10.14.17.47.55_veh-28_00484_01094,traversing_crosswalk,3,1634234475749966,0.050042,330968.3788547391,4690952.089006122,2.0887078027476536,330967.6555624449,4690953.358403324,7.6644734045736564,0.11075142344282138,57,22,6,6,0,21,9,9,0,4,1,1,0
19d093209a00506d,2021.10.14.17.47.55_veh-28_00484_01094,traversing_crosswalk,4,1634234475800008,0.050042,330968.20066383376,4690952.412101487,2.099803031824856,330967.4633320954,4690953.673395627,7.700136214570743,0.15096333227037192,56,22,6,6,0,20,9,9,0,4,1,1,0
19d093209a00506d,2021.10.14.17.47.55_veh-28_00484_01094,traversing_crosswalk,5,1634234475850049,0.050041,330968.01193212235,4690952.738368999,2.1099423931153143,330967.26184978714,4690953.9921223605,7.723251168565183,0.17857218372741634,55,22,6,6,0,20,8,8,0,3,0,0,0
19d093209a00506d,2021.10.14.17.47.55_veh-28_00484_01094,traversing_crosswalk,6,1634234475900082,0.050033,330967.83158389706,4690953.05242129,2.119501584597889,330967.06955114624,4690954.298947298,7.7459570643982065,0.17774889577873715,55,22,6,6,0,20,8,8,0,3,0,0,0
19d093209a00506d,2021.10.14.17.47.55_veh-28_00484_01094,traversing_crosswalk,7,1634234475950105,0.050023,330967.6321653456,4690953.382578893,2.129188788113563,330966.85809318756,4690954.621664561,7.788543621596298,0.17155142642880564,55,22,6,6,0,20,8,8,0,3,0,0,0
19d093209a00506d,2021.10.14.17.47.55_veh-28_00484_01094,traversing_crosswalk,8,1634234476000120,0.050015,330967.43943294353,4690953.702924877,2.138077650534754,330966.6543774487,4690954.935081065,7.825616005608471,0.16246061650099888,55,22,6,6,0,20,8,8,0,3,0,0,0
19d093209a00506d,2021.10.14.17.47.55_veh-28_00484_01094,traversing_crosswalk,9,1634234476050127,0.050007,330967.2435839834,4690954.022480978,2.1462558144814117,330966.44847807864,4690955.24817572,7.865584563947505,0.12789740688525686,55,22,7,7,0,20,8,8,0,3,0,0,0
19d093209a00506d,2021.10.14.17.47.55_veh-28_00484_01094,traversing_crosswalk,10,1634234476100125,0.049998,330967.0405005787,4690954.348166541,2.154632963094551,330966.2351548658,4690955.567157634,7.902331104079296,0.08515746100099476,56,22,7,7,0,21,7,7,0,3,0,0,0
19d093209a00506d,2021.10.14.17.47.55_veh-28_00484_01094,traversing_crosswalk,11,1634234476150115,0.04999,330966.8320346402,4690954.674430612,2.163168748217216,330966.01631334604,4690955.886503122,7.939788147209973,0.07494546146409027,56,22,7,7,0,21,7,7,0,3,0,0,0
19d093209a00506d,2021.10.14.17.47.55_veh-28_00484_01094,traversing_crosswalk,12,1634234476200099,0.049984,330966.62336364,4690954.994891706,2.1709840482768685,330965.79819464346,4690956.200552159,7.970050461919528,0.09907809006154762,56,22,7,7,0,21,7,7,0,3,0,0,0
19d093209a00506d,2021.10.14.17.47.55_veh-28_00484_01094,traversing_crosswalk,13,1634234476250078,0.049979,330966.4056700181,4690955.315739521,2.1783309216807702,330965.5716655363,4690956.515305078,8.004397752218702,0.1383268792232664,57,22,7,7,0,21,7,7,0,3,0,0,0
19d093209a00506d,2021.10.14.17.47.55_veh-28_00484_01094,traversing_crosswalk,14,1634234476300054,0.049976,330966.1829645954,4690955.637790754,2.186234789120104,330965.3395050556,4690956.83072705,8.041343746248161,0.14866905214096993,57,22,7,7,0,21,7,7,0,3,0,0,0
19d093209a00506d,2021.10.14.17.47.55_veh-28_00484_01094,traversing_crosswalk,15,1634234476350028,0.049974,330965.9565724359,4690955.9614886595,2.1930784579576352,330965.1049686509,4690957.148624706,8.070163914561883,0.1536124767193583,57,22,7,7,0,21,7,7,0,3,0,0,0
19d093209a00506d,2021.10.14.17.47.55_veh-28_00484_01094,traversing_crosswalk,16,1634234476399998,0.04997,330965.73349632125,4690956.277516126,2.199526813373229,330964.8742552195,4690957.459136086,8.107183898110083,0.1616063627415781,55,21,7,7,0,20,6,6,0,3,0,0,0
19d093209a00506d,2021.10.14.17.47.55_veh-28_00484_01094,traversing_crosswalk,17,1634234476449968,0.04997,330965.50222247373,4690956.597545495,2.205269676076309,330964.6362096971,4690957.774211493,8.13574366295862,0.18326104004186433,54,20,7,7,0,20,6,6,0,3,0,0,0
19d093209a00506d,2021.10.14.17.47.55_veh-28_00484_01094,traversing_crosswalk,18,1634234476499940,0.049972,330965.2680371172,4690956.919062779,2.2110389627648153,330964.39525026723,4690958.090712947,8.172001422511526,0.19467617311579818,53,20,7,7,0,20,6,6,0,3,0,0,0
19d093209a00506d,2021.10.14.17.47.55_veh-28_00484_01094,traversing_crosswalk,19,1634234476549916,0.049976,330965.0274094737,4690957.24308555,2.2157985553105473,330964.1490559533,4690958.410568352,8.209017497761678,0.20069749250609337,53,20,7,7,0,20,6,6,0,3,0,0,0
19d093209a00506d,2021.10.14.17.47.55_veh-28_00484_01094,traversing_crosswalk,20,1634234476599892,0.049976,330964.7921973797,4690957.556410466,2.220187130238464,330963.9087287483,4690958.720027318,8.24494581125158,0.19370969325613477,54,20,7,7,0,21,6,6,0,3,0,0,0
19d093209a00506d,2021.10.14.17.47.55_veh-28_00484_01094,traversing_crosswalk,21,1634234476649866,0.049974,330964.5500977451,4690957.878115152,2.2241732305840545,330963.66199785116,4690959.038201174,8.279025369259248,0.18985754877863756,55,20,7,7,0,22,6,6,0,3,0,0,0
19d093209a00506d,2021.10.14.17.47.55_veh-28_00484_01094,traversing_crosswalk,22,1634234476699842,0.049976,330964.30923290254,4690958.19480254,2.22710926675194,330963.41773078684,4690959.352276073,8.314401795819768,0.19657425694390152,55,20,7,7,0,22,6,6,0,3,0,0,0
19d093209a00506d,2021.10.14.17.47.55_veh-28_00484_01094,traversing_crosswalk,23,1634234476749821,0.049979,330964.0619254535,4690958.516980162,2.2291210684008136,330963.1680965363,4690959.672657828,8.349310632129274,0.20805090082336866,54,20,7,7,0,22,6,6,0,2,0,0,0
19d093209a00506d,2021.10.14.17.47.55_veh-28_00484_01094,traversing_crosswalk,24,1634234476799799,0.049978,330963.8103100048,4690958.841044433,2.231200151249653,330962.91408027156,4690959.994861258,8.383290454322726,0.20919938531148333,53,20,7,7,0,21,6,6,0,2,0,0,0
19d093209a00506d,2021.10.14.17.47.55_veh-28_00484_01094,traversing_crosswalk,25,1634234476849775,0.049976,330963.5559540292,4690959.168866761,2.232980688757462,330962.65767130355,4690960.321085987,8.420169746120926,0.20254648403269793,52,19,7,7,0,21,6,6,0,2,0,0,0
19d093209a00506d,2021.10.14.17.47.55_veh-28_00484_01094,traversing_crosswalk,26,1634234476899754,0.049979,330963.3117092502,4690959.482681812,2.2341465189659577,330962.4120838434,4690960.63385301,8.45219916876392,0.20156735223105388,51,18,7,7,0,21,6,6,0,2,0,0,0
19d093209a00506d,2021.10.14.17.47.55_veh-28_00484_01094,traversing_crosswalk,27,1634234476949740,0.049986,330963.05547146336,4690959.810082924,2.2354597452453007,330962.15433508443,4690960.960071717,8.485814701147113,0.202637134598309,50,17,7,7,0,21,6,6,0,2,0,0,0
19d093209a00506d,2021.10.14.17.47.55_veh-28_00484_01094,traversing_crosswalk,28,1634234476999730,0.04999,330962.79934074904,4690960.135051756,2.2363914498700406,330961.8971333115,4690961.284200458,8.521413788515677,0.2118447706683988,49,16,7,7,0,21,6,6,0,2,0,0,0
19d093209a00506d,2021.10.14.17.47.55_veh-28_00484_01094,traversing_crosswalk,29,1634234477049725,0.049995,330962.54127487395,4690960.462888245,2.2372086719249467,330961.6381286281,4690961.61129926,8.553410680985868,0.2215032469532045,48,16,7,7,0,20,5,5,0,2,0,0,0
19d093209a00506d,2021.10.14.17.47.55_veh-28_00484_01094,traversing_crosswalk,30,1634234477099726,0.050001,330962.28851761774,4690960.785110606,2.2376127364835527,330961.38490741345,4690961.933156597,8.579190933165155,0.23274018364561402,49,16,7,7,0,20,5,5,0,2,0,0,0
19d093209a00506d,2021.10.14.17.47.55_veh-28_00484_01094,traversing_crosswalk,31,1634234477149730,0.050004,330962.0288701986,4690961.115840385,2.2377205054019815,330961.1251362759,4690962.263788989,8.610511349301223,0.2393660202343899,50,17,7,7,0,20,4,4,0,2,0,0,0
19d093209a00506d,2021.10.14.17.47.55_veh-28_00484_01094,traversing_crosswalk,32,1634234477199740,0.05001,330961.77332463977,4690961.439547166,2.2375614699156374,330960.86977329303,4690962.587639481,8.646568738206566,0.24359018915872455,50,17,7,7,0,20,4,4,0,2,0,0,0
19d093209a00506d,2021.10.14.17.47.55_veh-28_00484_01094,traversing_crosswalk,33,1634234477249753,0.050013,330961.5121040063,4690961.770535922,2.2373060844759283,330960.6088458951,4690962.918858953,8.678946851603168,0.2376419964903584,49,17,7,7,0,20,4,4,0,2,0,0,0
19d093209a00506d,2021.10.14.17.47.55_veh-28_00484_01094,traversing_crosswalk,34,1634234477299769,0.050016,330961.2465090553,4690962.107940876,2.2369846217904534,330960.34362013376,4690963.2565542115,8.714094788081846,0.23085965406225822,49,17,7,7,0,20,4,4,0,2,0,0,0
19d093209a00506d,2021.10.14.17.47.55_veh-28_00484_01094,traversing_crosswalk,35,1634234477349784,0.050015,330960.9845745514,4690962.442523849,2.236491603674243,330960.08225202677,4690963.5915821865,8.74527362744529,0.22552758080044946,47,16,7,7,0,19,4,4,0,2,0,0,0
19d093209a00506d,2021.10.14.17.47.55_veh-28_00484_01094,traversing_crosswalk,36,1634234477399800,0.050016,330960.72150197666,4690962.779917442,2.2357000878259328,330959.82008923247,4690963.929689622,8.776297467643866,0.22368724276766658,46,16,7,7,0,18,4,4,0,2,0,0,0
19d093209a00506d,2021.10.14.17.47.55_veh-28_00484_01094,traversing_crosswalk,37,1634234477449817,0.050017,330960.45587004925,4690963.119589043,2.235418164116244,330959.5547814889,4690964.2696153065,8.80460298069887,0.22578999121870758,44,15,7,7,0,17,4,4,0,2,0,0,0
19d093209a00506d,2021.10.14.17.47.55_veh-28_00484_01094,traversing_crosswalk,38,1634234477499835,0.050018,330960.1947860794,4690963.45280865,2.2349668645953056,330959.2942166171,4690964.603241458,8.834550035822655,0.23580398982605916,44,15,7,7,0,17,4,4,0,2,0,0,0
19d093209a00506d,2021.10.14.17.47.55_veh-28_00484_01094,traversing_crosswalk,39,1634234477549855,0.05002,330959.9311709334,4690963.790948174,2.2347565579343582,330959.03084343474,4690964.941570351,8.865294436871359,0.23524877582215784,44,15,7,7,0,17,4,4,0,2,0,0,0
19d093209a00506d,2021.10.14.17.47.55_veh-28_00484_01094,traversing_crosswalk,40,1634234477599875,0.05002,330959.66176232684,4690964.137192508,2.2344818084839093,330958.76175099495,4690965.288062006,8.896989260694765,0.2234830217023728,45,15,7,7,0,17,4,4,0,3,0,0,0
19d093209a00506d,2021.10.14.17.47.55_veh-28_00484_01094,traversing_crosswalk,41,1634234477649895,0.05002,330959.39502464636,4690964.482385007,2.2342089912323915,330958.495327325,4690965.633500001,8.92582187777874,0.21238598496297262,45,15,7,7,0,17,3,3,0,3,0,0,0
19d093209a00506d,2021.10.14.17.47.55_veh-28_00484_01094,traversing_crosswalk,42,1634234477699915,0.05002,330959.1300382194,4690964.827482391,2.2337058844172657,330958.23092014564,4690965.979049884,8.954437884561226,0.21166790896490997,45,15,7,7,0,17,5,5,0,3,0,0,0
19d093209a00506d,2021.10.14.17.47.55_veh-28_00484_01094,traversing_crosswalk,43,1634234477749935,0.05002,330958.8656986597,4690965.168198669,2.233359597268903,330957.9669794129,4690966.320077445,8.977260778452713,0.21699231723492096,45,15,7,7,0,17,6,6,0,3,0,0,0
19d093209a00506d,2021.10.14.17.47.55_veh-28_00484_01094,traversing_crosswalk,44,1634234477799955,0.05002,330958.5959980992,4690965.517544562,2.2330293839023443,330957.69765926717,4690966.669720044,9.001016907554572,0.21980351172571214,46,15,8,8,0,18,7,7,0,3,0,0,0
19d093209a00506d,2021.10.14.17.47.55_veh-28_00484_01094,traversing_crosswalk,45,1634234477849976,0.050021,330958.3249154758,4690965.868207922,2.2327044043025857,330957.4269511247,4690967.020675286,9.022799968131977,0.21793242709099653,46,15,8,8,0,18,7,7,0,3,0,0,0
19d093209a00506d,2021.10.14.17.47.55_veh-28_00484_01094,traversing_crosswalk,46,1634234477899995,0.050019,330958.05258020083,4690966.220687355,2.2323114787183944,330957.15506875294,4690967.373507462,9.039273946286816,0.2150299119162041,47,15,8,8,0,18,7,7,0,4,2,2,0
19d093209a00506d,2021.10.14.17.47.55_veh-28_00484_01094,traversing_crosswalk,47,1634234477950013,0.050018,330957.7859850167,4690966.566122475,2.2320288791553633,330956.8887993911,4690967.719196173,9.049392982445864,0.2091024045479401,46,15,8,8,0,17,7,7,0,4,2,2,0
19d093209a00506d,2021.10.14.17.47.55_veh-28_00484_01094,traversing_crosswalk,48,1634234478000031,0.050018,330957.5187779864,4690966.913323347,2.2316284448162658,330956.6220541631,4690968.066756217,9.06090697832367,0.20836346439923303,45,15,8,8,0,16,6,6,0,4,2,2,0
19d093209a00506d,2021.10.14.17.47.55_veh-28_00484_01094,traversing_crosswalk,49,1634234478050048,0.050017,330957.24770271004,4690967.265049287,2.231325278326291,330956.3513286101,4690968.41875396,9.076966459582403,0.20781327748442785,45,15,8,8,0,16,6,6,0,4,2,2,0
19d093209a00506d,2021.10.14.17.47.55_veh-28_00484_01094,traversing_crosswalk,50,1634234478100062,0.050014,330956.9737285146,4690967.6211905,2.231179549056716,330956.07752255275,4690968.77502579,9.0848457319157,0.20356013733554856,45,15,9,9,0,16,6,6,0,4,2,2,0
19d093209a00506d,2021.10.14.17.47.55_veh-28_00484_01094,traversing_crosswalk,51,1634234478150075,0.050013,330956.7012380041,4690967.975242592,2.2310446010304843,330955.8051877581,4690969.129198812,9.092559218051015,0.19872388000947921,45,15,9,9,0,16,6,6,0,4,2,2,0
19d093209a00506d,2021.10.14.17.47.55_veh-28_00484_01094,traversing_crosswalk,52,1634234478200085,0.05001,330956.43383294874,4690968.322507446,2.230754988608865,330955.5381169404,4690969.476723124,9.097214656990483,0.20234202569782964,45,15,9,9,0,16,6,6,0,4,2,2,0
19d093209a00506d,2021.10.14.17.47.55_veh-28_00484_01094,traversing_crosswalk,53,1634234478250091,0.050006,330956.1605324759,4690968.677904748,2.230433050070412,330955.2651881005,4690969.832408733,9.1024533738083,0.20768367789385128,45,15,9,9,0,16,6,6,0,4,2,2,0
19d093209a00506d,2021.10.14.17.47.55_veh-28_00484_01094,traversing_crosswalk,54,1634234478300090,0.049999,330955.8882221285,4690969.029502937,2.230007380111406,330954.99336927186,4690970.184387937,9.106272420081817,0.21251715511476876,45,15,9,9,0,16,6,6,0,4,2,2,0
19d093209a00506d,2021.10.14.17.47.55_veh-28_00484_01094,traversing_crosswalk,55,1634234478350083,0.049993,330955.6139018354,4690969.383901547,2.229602830935906,330954.71951625973,4690970.539148465,9.10824510553502,0.21318735806355638,44,15,9,9,0,15,6,6,0,4,2,2,0
19d093209a00506d,2021.10.14.17.47.55_veh-28_00484_01094,traversing_crosswalk,56,1634234478400070,0.049987,330955.3434087192,4690969.733669325,2.2292109964767017,330954.4494758778,4690970.8892666055,9.107353939738283,0.21087889950869373,44,15,9,9,0,15,6,6,0,4,2,2,0
19d093209a00506d,2021.10.14.17.47.55_veh-28_00484_01094,traversing_crosswalk,57,1634234478450053,0.049983,330955.06333477737,4690970.094724647,2.22867150274232,330954.1700255035,4690971.25080403,9.100797610133169,0.21291810673413933,44,15,9,9,0,15,6,6,0,4,2,2,0
19d093209a00506d,2021.10.14.17.47.55_veh-28_00484_01094,traversing_crosswalk,58,1634234478500027,0.049974,330954.79498763796,4690970.442960022,2.228288947071122,330953.90212069417,4690971.599381061,9.090673684711913,0.20936890365558428,44,15,9,9,0,14,6,6,0,5,3,3,0
19d093209a00506d,2021.10.14.17.47.55_veh-28_00484_01094,traversing_crosswalk,59,1634234478550000,0.049973,330954.5250316129,4690970.793896945,2.2279347129815092,330953.63257436885,4690971.950634196,9.08030122765785,0.21184998904538446,44,15,9,9,0,14,5,5,0,5,3,3,0
19d093209a00506d,2021.10.14.17.47.55_veh-28_00484_01094,traversing_crosswalk,60,1634234478599972,0.049972,330954.2532267371,4690971.149432089,2.2274741117179957,330953.3613023823,4690972.306580285,9.074051814344221,0.21387915546130737,44,15,9,9,0,14,5,5,0,5,3,3,0
19d093209a00506d,2021.10.14.17.47.55_veh-28_00484_01094,traversing_crosswalk,61,1634234478649942,0.04997,330953.9820565655,4690971.503426061,2.2271629357452327,330953.09049233067,4690972.660851746,9.063792251726989,0.21033008017918156,46,16,9,9,0,15,6,6,0,5,3,3,0
19d093209a00506d,2021.10.14.17.47.55_veh-28_00484_01094,traversing_crosswalk,62,1634234478699912,0.04997,330953.71610475256,4690971.8526176615,2.226817788125098,330952.8249400535,4690973.0103509985,9.055209573079354,0.20137087450707894,46,16,9,9,0,15,6,6,0,5,3,3,0
19d093209a00506d,2021.10.14.17.47.55_veh-28_00484_01094,traversing_crosswalk,63,1634234478749884,0.049972,330953.44549909804,4690972.208275717,2.226329875608558,330952.55489937763,4690973.366443726,9.046960144729224,0.19973309725676117,46,16,9,9,0,15,6,6,0,5,3,3,0
19d093209a00506d,2021.10.14.17.47.55_veh-28_00484_01094,traversing_crosswalk,64,1634234478799856,0.049972,330953.1798175077,4690972.556495705,2.2259897704425726,330952.2896117377,4690973.714966545,9.034843915055072,0.21081538383040807,45,16,9,9,0,15,6,6,0,4,2,2,0
19d093209a00506d,2021.10.14.17.47.55_veh-28_00484_01094,traversing_crosswalk,65,1634234478849832,0.049976,330952.91188397224,4690972.907755255,2.2254099330061345,330952.02235007664,4690974.066742075,9.033447529914126,0.2231783787716616,45,16,9,9,0,15,6,6,0,4,2,2,0
19d093209a00506d,2021.10.14.17.47.55_veh-28_00484_01094,traversing_crosswalk,66,1634234478899811,0.049979,330952.64484075207,4690973.2553728465,2.224945588130616,330951.7558451219,4690974.414772592,9.025082243900743,0.22741001377796388,44,16,9,9,0,14,6,6,0,4,2,2,0
19d093209a00506d,2021.10.14.17.47.55_veh-28_00484_01094,traversing_crosswalk,67,1634234478949795,0.049984,330952.37293290405,4690973.609000659,2.2247041377774184,330951.4842172373,4690974.768615019,9.019248098252628,0.21440262712621572,43,16,9,9,0,13,6,6,0,4,2,2,0
19d093209a00506d,2021.10.14.17.47.55_veh-28_00484_01094,traversing_crosswalk,68,1634234478999783,0.049988,330952.1083865887,4690973.956547006,2.2244380437041795,330951.2199795199,4690975.116397806,9.029543086442027,0.2038771144770903,43,16,9,9,0,13,6,6,0,4,2,2,0
19d093209a00506d,2021.10.14.17.47.55_veh-28_00484_01094,traversing_crosswalk,69,1634234479049778,0.049995,330951.8401476981,4690974.307112053,2.2239478687095935,330950.9523092659,4690975.467398189,9.03822529072318,0.2108953797807429,42,16,9,9,0,13,6,6,0,3,2,2,0
19d093209a00506d,2021.10.14.17.47.55_veh-28_00484_01094,traversing_crosswalk,70,1634234479099780,0.050002,330951.5708091583,4690974.657950673,2.2233145292228262,330950.6837057591,4690975.81879888,9.044945972660967,0.22587575199745363,43,16,9,9,0,13,6,6,0,4,2,2,0
19d093209a00506d,2021.10.14.17.47.55_veh-28_00484_01094,traversing_crosswalk,71,1634234479149783,0.050003,330951.30760158855,4690975.00274513,2.2230924737325144,330950.42075598397,4690976.163790294,9.058315843901438,0.23316366195896723,43,16,9,9,0,13,6,6,0,4,2,2,0
19d093209a00506d,2021.10.14.17.47.55_veh-28_00484_01094,traversing_crosswalk,72,1634234479199786,0.050003,330951.0357634816,4690975.358318231,2.2227667985682236,330950.1492960476,4690976.519652157,9.065252982002265,0.2345508703084454,43,16,9,9,0,13,6,6,0,4,2,2,0
19d093209a00506d,2021.10.14.17.47.55_veh-28_00484_01094,traversing_crosswalk,73,1634234479249788,0.050002,330950.7740999303,4690975.702672693,2.2223538955573465,330949.8881120901,4690976.864372545,9.076728519631217,0.21923530941665342,43,16,9,9,0,13,6,6,0,4,2,2,0
19d093209a00506d,2021.10.14.17.47.55_veh-28_00484_01094,traversing_crosswalk,74,1634234479299790,0.050002,330950.5025984819,4690976.0633894745,2.221732950796935,330949.6173321639,4690977.225639252,9.089260615997343,0.19672631833493018,43,16,10,10,0,13,6,6,0,4,2,2,0
19d093209a00506d,2021.10.14.17.47.55_veh-28_00484_01094,traversing_crosswalk,75,1634234479349791,0.050001,330950.2387775314,4690976.41545662,2.221207055932017,330949.35412255704,4690977.578171794,9.091022365051366,0.20288101629638042,43,16,10,10,0,13,6,6,0,4,2,2,0
19d093209a00506d,2021.10.14.17.47.55_veh-28_00484_01094,traversing_crosswalk,76,1634234479399796,0.050005,330949.9758229948,4690976.765463697,2.220837009787434,330949.0915983392,4690977.928506155,9.10052985727216,0.2235676644727626,43,16,10,10,0,13,6,6,0,4,2,2,0
19d093209a00506d,2021.10.14.17.47.55_veh-28_00484_01094,traversing_crosswalk,77,1634234479449802,0.050006,330949.7056576631,4690977.122021072,2.2207231922321418,330948.82156538795,4690978.2851641625,9.106003006774307,0.23359438071865404,43,16,10,10,0,13,6,6,0,4,2,2,0
19d093209a00506d,2021.10.14.17.47.55_veh-28_00484_01094,traversing_crosswalk,78,1634234479499809,0.050007,330949.4386919171,4690977.476217127,2.221021054115575,330948.55425322516,4690978.639096829,9.113876660565401,0.2188416743206574,44,16,10,10,0,13,6,6,0,5,3,3,0
19d093209a00506d,2021.10.14.17.47.55_veh-28_00484_01094,traversing_crosswalk,79,1634234479549815,0.050006,330949.16973326064,4690977.832155805,2.2208618424623046,330948.2854797239,4690978.995176305,9.12039719585235,0.20361856022587654,44,16,10,10,0,13,6,6,0,5,3,3,0
19d093209a00506d,2021.10.14.17.47.55_veh-28_00484_01094,traversing_crosswalk,80,1634234479599819,0.050004,330948.903671567,4690978.186225075,2.2205920325925756,330948.0197318568,4690979.349484113,9.126886646682761,0.18874831709072992,43,15,10,10,0,13,6,6,0,5,3,3,0
19d093209a00506d,2021.10.14.17.47.55_veh-28_00484_01094,traversing_crosswalk,81,1634234479649822,0.050003,330948.6365206482,4690978.5425194055,2.2202369750338007,330947.7529940177,4690979.70609222,9.139392557916196,0.18984281027567895,43,15,10,10,0,13,6,6,0,5,3,3,0
19d093209a00506d,2021.10.14.17.47.55_veh-28_00484_01094,traversing_crosswalk,82,1634234479699828,0.050006,330948.37058673095,4690978.8972747605,2.2201446910339335,330947.4871674833,4690980.060929105,9.13641973477922,0.19828131460625503,44,16,11,11,0,13,6,6,0,5,3,3,0
19d093209a00506d,2021.10.14.17.47.55_veh-28_00484_01094,traversing_crosswalk,83,1634234479749836,0.050008,330948.1079198049,4690979.245559701,2.2204891349932954,330947.22409979603,4690980.408909688,9.147197232923617,0.2015515011689325,45,16,11,11,0,13,6,6,0,6,3,3,0
19d093209a00506d,2021.10.14.17.47.55_veh-28_00484_01094,traversing_crosswalk,84,1634234479799846,0.05001,330947.83659038355,4690979.603653576,2.221043872429138,330946.9521251569,4690980.766513096,9.151308485420431,0.20340815683572028,45,16,11,11,0,13,6,6,0,6,3,3,0
19d093209a00506d,2021.10.14.17.47.55_veh-28_00484_01094,traversing_crosswalk,85,1634234479849858,0.050012,330947.5660830907,4690979.959311999,2.221135539955074,330946.68151127134,4690981.122090437,9.156508759249366,0.20663992347477028,46,16,11,11,0,13,6,6,0,7,3,3,0
19d093209a00506d,2021.10.14.17.47.55_veh-28_00484_01094,traversing_crosswalk,86,1634234479899870,0.050012,330947.2980916039,4690980.311400482,2.2212569515456835,330946.4133786162,4690981.474071515,9.165952142787676,0.20320719445311075,46,16,11,11,0,13,6,6,0,7,3,3,0
19d093209a00506d,2021.10.14.17.47.55_veh-28_00484_01094,traversing_crosswalk,87,1634234479949883,0.050013,330947.0278902107,4690980.667003238,2.221369187545428,330946.14304673503,4690981.829574966,9.173998716228821,0.19748227625263426,47,16,11,11,0,14,6,6,0,7,3,3,0
19d093209a00506d,2021.10.14.17.47.55_veh-28_00484_01094,traversing_crosswalk,88,1634234479999895,0.050012,330946.7530727154,4690981.028330838,2.2212282778189274,330945.8683930662,4690982.191027238,9.18010364678884,0.19853310744604713,47,16,11,11,0,14,6,6,0,7,3,3,0
19d093209a00506d,2021.10.14.17.47.55_veh-28_00484_01094,traversing_crosswalk,89,1634234480049908,0.050013,330946.4846837722,4690981.381751831,2.2209709264093243,330945.6003033738,4690982.544675865,9.189594133324196,0.20667944813677516,47,16,11,11,0,14,5,5,0,7,3,3,0
19d093209a00506d,2021.10.14.17.47.55_veh-28_00484_01094,traversing_crosswalk,90,1634234480099919,0.050011,330946.2132412511,4690981.739114913,2.2207710437640706,330945.3290933188,4690982.902215697,9.199104462294388,0.21512623989506885,47,16,11,11,0,14,5,5,0,7,3,3,0
19d093209a00506d,2021.10.14.17.47.55_veh-28_00484_01094,traversing_crosswalk,91,1634234480149930,0.050011,330945.9458422972,4690982.092141522,2.221099881533451,330945.06131194124,4690983.254951502,9.20779932509423,0.22086418319967144,45,16,11,11,0,14,5,5,0,5,2,2,0
19d093209a00506d,2021.10.14.17.47.55_veh-28_00484_01094,traversing_crosswalk,92,1634234480199938,0.050008,330945.67167454644,4690982.451201599,2.2211625944314113,330944.787071269,4690983.613956105,9.216050042238336,0.24234170981590528,45,16,11,11,0,14,5,5,0,5,2,2,0
19d093209a00506d,2021.10.14.17.47.55_veh-28_00484_01094,traversing_crosswalk,93,1634234480249945,0.050007,330945.3977336808,4690982.808414747,2.221308387549906,330944.5129608911,4690983.971040272,9.221010475674605,0.24723045415131806,45,16,11,11,0,14,5,5,0,5,2,2,0
19d093209a00506d,2021.10.14.17.47.55_veh-28_00484_01094,traversing_crosswalk,94,1634234480299950,0.050005,330945.12789150636,4690983.158845192,2.2216949618008583,330944.24266934174,4690984.321128599,9.232209418821723,0.24047913198426063,44,16,11,11,0,13,4,4,0,5,2,2,0
19d093209a00506d,2021.10.14.17.47.55_veh-28_00484_01094,traversing_crosswalk,95,1634234480349951,0.050001,330944.85423516086,4690983.516287257,2.2219696933644673,330943.9686937137,4690984.678327422,9.240061156320586,0.21547437005161887,44,16,11,11,0,13,4,4,0,5,2,2,0
19d093209a00506d,2021.10.14.17.47.55_veh-28_00484_01094,traversing_crosswalk,96,1634234480399947,0.049996,330944.5810449993,4690983.873797927,2.222042388284257,330943.6954190801,4690985.035773715,9.25051999518001,0.19999526628273867,43,16,11,11,0,13,4,4,0,5,1,1,0
19d093209a00506d,2021.10.14.17.47.55_veh-28_00484_01094,traversing_crosswalk,97,1634234480449939,0.049992,330944.30698636424,4690984.235986896,2.221788549365629,330943.42165542825,4690985.398187452,9.262239412358735,0.20112615509454834,43,16,10,10,0,13,4,4,0,5,1,1,0
19d093209a00506d,2021.10.14.17.47.55_veh-28_00484_01094,traversing_crosswalk,98,1634234480499930,0.049991,330944.03558006324,4690984.594279448,2.221522624123155,330943.15055821696,4690985.756715395,9.269998891461624,0.22787237590500264,44,16,9,9,0,14,4,4,0,5,1,1,0
19d093209a00506d,2021.10.14.17.47.55_veh-28_00484_01094,traversing_crosswalk,99,1634234480549924,0.049994,330943.7621265008,4690984.952764239,2.22152524761741,330942.8771016049,4690986.115197864,9.278397422275152,0.25026385425952885,43,15,9,9,0,14,4,4,0,5,1,1,0
e0b6fd9583355c6d,2021.09.13.17.32.06_veh-39_01315_01527,near_pedestrian_on_crosswalk,0,1631555755949298,,331305.10718175845,4691042.66525118,-2.1510093309649085,331304.3062584985,4691041.443349821,0.10219742100959865,0.00552386714601185,42,11,6,6,0,13,6,6,0,15,11,11,0
e0b6fd9583355c6d,2021.09.13.17.32.06_veh-39_01315_01527,near_pedestrian_on_crosswalk,1,1631555755999297,0.049999,331305.1023498251,4691042.658885325,-2.151073000954388,331304.30134876835,4691041.437034964,0.11657395149559248,0.0046955080517407715,41,11,6,6,0,13,6,6,0,14,11,11,0
e0b6fd9583355c6d,2021.09.13.17.32.06_veh-39_01315_01527,near_pedestrian_on_crosswalk,2,1631555756049297,0.05,331305.0959518834,4691042.650985193,-2.15105575036419,331304.2949719044,4691041.429121014,0.13670645443120794,0.0032132591440198937,42,11,6,6,0,14,6,6,0,14,11,11,0
e0b6fd9583355c6d,2021.09.13.17.32.06_veh-39_01315_01527,near_pedestrian_on_crosswalk,3,1631555756099299,0.050002,331305.088919506,4691042.64194603,-2.1510563027701144,331304.28793885204,4691041.4200822925,0.15660299567519184,0.0015022650637847167,42,11,6,6,0,14,6,6,0,14,11,11,0
e0b6fd9583355c6d,2021.09.13.17.32.06_veh-39_01315_01527,near_pedestrian_on_crosswalk,4,1631555756149302,0.050003,331305.081866171,4691042.632668286,-2.1510596559223836,331304.28088141995,4691041.410807234,0.17363653054456984,0.0008229521904107584,42,11,6,6,0,14,6,6,0,14,11,11,0
e0b6fd9583355c6d,2021.09.13.17.32.06_veh-39_01315_01527,near_pedestrian_on_crosswalk,5,1631555756199308,0.050006,331305.0743072376,4691042.622570171,-2.151045915318436,331304.27333927574,4691041.400698114,0.19023288916111283,0.000691531613250174,42,11,6,6,0,14,6,6,0,14,11,11,0
e0b6fd9583355c6d,2021.09.13.17.32.06_veh-39_01315_01527,near_pedestrian_on_crosswalk,6,1631555756249315,0.050007,331305.0659766152,4691042.610915131,-2.15104596907914,331304.2650085876,4691041.389043117,0.2084688250643805,0.0012919957471158833,42,11,6,6,0,14,6,6,0,14,11,11,0
e0b6fd9583355c6d,2021.09.13.17.32.06_veh-39_01315_01527,near_pedestrian_on_crosswalk,7,1631555756299322,0.050007,331305.0574824696,4691042.599118767,-2.1510238702149542,331304.2565414442,4691041.377229053,0.22423531591713683,0.0017603983731874302,42,11,6,6,0,14,6,6,0,14,11,11,0
e0b6fd9583355c6d,2021.09.13.17.32.06_veh-39_01315_01527,near_pedestrian_on_crosswalk,8,1631555756349331,0.050009,331305.04876251624,4691042.586081239,-2.1510581493154484,331304.2477796061,4691041.364218981,0.24159016301133207,0.0030014826187766694,42,11,6,6,0,14,6,6,0,14,11,11,0
e0b6fd9583355c6d,2021.09.13.17.32.06_veh-39_01315_01527,near_pedestrian_on_crosswalk,9,1631555756399340,0.050009,331305.0400290701,4691042.572678322,-2.151078786500899,331304.23902094434,4691041.350832595,0.2559413074637303,0.0037522335507438028,42,11,6,6,0,14,6,6,0,14,11,11,0
e0b6fd9583355c6d,2021.09.13.17.32.06_veh-39_01315_01527,near_pedestrian_on_crosswalk,10,1631555756449350,0.05001,331305.03096307954,4691042.558714201,-2.1510723553950384,331304.2299628116,4691041.336863321,0.26974005015937386,0.0041592728520912555,41,11,6,6,0,13,5,5,0,14,11,11,0
e0b6fd9583355c6d,2021.09.13.17.32.06_veh-39_01315_01527,near_pedestrian_on_crosswalk,11,1631555756499361,0.050011,331305.02135364583,4691042.543829101,-2.1511116053281896,331304.2203054209,4691041.322009662,0.283279229191411,0.004546765975372524,41,11,6,6,0,13,5,5,0,14,11,11,0
e0b6fd9583355c6d,2021.09.13.17.32.06_veh-39_01315_01527,near_pedestrian_on_crosswalk,12,1631555756549375,0.050014,331305.01142995845,4691042.528638463,-2.15113038336572,331304.2103587903,4691041.306834066,0.29684507180783587,0.004933361467491241,41,11,6,6,0,13,5,5,0,14,11,11,0
e0b6fd9583355c6d,2021.09.13.17.32.06_veh-39_01315_01527,near_pedestrian_on_crosswalk,13,1631555756599389,0.050014,331305.0006787612,4691042.512610983,-2.151172001281889,331304.19955674483,4691041.290839926,0.3092847756104471,0.005687383482874692,41,11,6,6,0,13,5,5,0,14,11,11,0
e0b6fd9583355c6d,2021.09.13.17.32.06_veh-39_01315_01527,near_pedestrian_on_crosswalk,14,1631555756649405,0.050016,331304.989777233,4691042.496834381,-2.1511520939906283,331304.1886795389,4691041.275047376,0.3196197620036044,0.006041303228351697,41,11,6,6,0,13,5,5,0,14,11,11,0
e0b6fd9583355c6d,2021.09.13.17.32.06_veh-39_01315_01527,near_pedestrian_on_crosswalk,15,1631555756699423,0.050018,331304.97861778334,4691042.4806643,-2.1511993768578215,331304.17746232054,4691041.258915175,0.3300213152666674,0.005601719579323101,41,11,6,6,0,13,5,5,0,14,11,11,0
e0b6fd9583355c6d,2021.09.13.17.32.06_veh-39_01315_01527,near_pedestrian_on_crosswalk,16,1631555756749441,0.050018,331304.96706138033,4691042.464101801,-2.1512063559063868,331304.1658973909,4691041.242358267,0.3409328063309961,0.004915204869860846,43,11,6,6,0,13,5,5,0,16,11,11,0
e0b6fd9583355c6d,2021.09.13.17.32.06_veh-39_01315_01527,near_pedestrian_on_crosswalk,17,1631555756799461,0.05002,331304.9560341036,4691042.44807598,-2.151140514259639,331304.1549505575,4691041.226279699,0.34853180942019196,0.005313215542499078,43,11,6,6,0,13,5,5,0,16,11,11,0
e0b6fd9583355c6d,2021.09.13.17.32.06_veh-39_01315_01527,near_pedestrian_on_crosswalk,18,1631555756849481,0.05002,331304.9447538924,4691042.431314571,-2.1512166032911693,331304.14357738337,4691041.209579247,0.3569373817978595,0.005958772243536824,42,11,6,6,0,13,5,5,0,15,11,11,0
e0b6fd9583355c6d,2021.09.13.17.32.06_veh-39_01315_01527,near_pedestrian_on_crosswalk,19,1631555756899503,0.050022,331304.9336027222,4691042.414625997,-2.1512672414319765,331304.13236434775,4691041.192931244,0.3634002766931055,0.006723988498774104,41,11,6,6,0,13,5,5,0,14,11,11,0
e0b6fd9583355c6d,2021.09.13.17.32.06_veh-39_01315_01527,near_pedestrian_on_crosswalk,20,1631555756949524,0.050021,331304.92227530933,4691042.397936053,-2.1513619750995856,331304.1209212029,4691041.17631721,0.3680773365895993,0.007291766304243723,41,11,6,6,0,13,5,5,0,14,11,11,0
e0b6fd9583355c6d,2021.09.13.17.32.06_veh-39_01315_01527,near_pedestrian_on_crosswalk,21,1631555756999545,0.050021,331304.9104215121,4691042.380550184,-2.151402089060223,331304.10901840235,4691041.158963488,0.375330188088285,0.00800718734436206,41,11,6,6,0,13,5,5,0,14,11,11,0
e0b6fd9583355c6d,2021.09.13.17.32.06_veh-39_01315_01527,near_pedestrian_on_crosswalk,22,1631555757049563,0.050018,331304.89870826446,4691042.363239971,-2.151363135140814,331304.0973527409,4691041.141622058,0.38027341855348445,0.008115827412323817,41,11,6,6,0,13,5,5,0,14,11,11,0
e0b6fd9583355c6d,2021.09.13.17.32.06_veh-39_01315_01527,near_pedestrian_on_crosswalk,23,1631555757099581,0.050018,331304.88725052617,4691042.34641079,-2.151380998867821,331304.08587318007,4691041.124807193,0.3832710547640111,0.007716693441570959,41,11,6,6,0,13,5,5,0,14,11,11,0
e0b6fd9583355c6d,2021.09.13.17.32.06_veh-39_01315_01527,near_pedestrian_on_crosswalk,24,1631555757149598,0.050017,331304.87494487886,4691042.328733305,-2.1513649355924733,331304.07358715584,4691041.107116835,0.3895534791448711,0.006652956949441794,41,11,6,6,0,13,5,5,0,14,11,11,0
e0b6fd9583355c6d,2021.09.13.17.32.06_veh-39_01315_01527,near_pedestrian_on_crosswalk,25,1631555757199613,0.050015,331304.8627875853,4691042.311184042,-2.151324385465669,331304.0614793996,4691041.089535078,0.39532920592257775,0.006245489936276527,40,11,6,6,0,13,5,5,0,13,10,10,0
e0b6fd9583355c6d,2021.09.13.17.32.06_veh-39_01315_01527,near_pedestrian_on_crosswalk,26,1631555757249627,0.050014,331304.85137531627,4691042.294349261,-2.151342107546784,331304.05004548054,4691041.072714497,0.39798457655880076,0.006897466939372513,40,11,6,6,0,13,5,5,0,13,10,10,0
e0b6fd9583355c6d,2021.09.13.17.32.06_veh-39_01315_01527,near_pedestrian_on_crosswalk,27,1631555757299643,0.050016,331304.8394960123,4691042.276413508,-2.1514016151114106,331304.0380934815,4691041.054826432,0.40312295019492705,0.008036831395664166,39,11,6,6,0,13,5,5,0,12,10,10,0
e0b6fd9583355c6d,2021.09.13.17.32.06_veh-39_01315_01527,near_pedestrian_on_crosswalk,28,1631555757349656,0.050013,331304.8281592509,4691042.259129395,-2.1513573130822783,331304.02681083966,4691041.037506817,0.4065637114449843,0.009680367367341795,39,11,6,6,0,13,5,5,0,12,10,10,0
e0b6fd9583355c6d,2021.09.13.17.32.06_veh-39_01315_01527,near_pedestrian_on_crosswalk,29,1631555757399667,0.050011,331304.8164639756,4691042.242595883,-2.151388722497394,331304.0150771943,4691041.020998475,0.41312630772594977,0.01048958271140308,39,11,5,5,0,13,5,5,0,12,10,10,0
e0b6fd9583355c6d,2021.09.13.17.32.06_veh-39_01315_01527,near_pedestrian_on_crosswalk,30,1631555757449678,0.050011,331304.804440519,4691042.225399406,-2.151388490767928,331304.0030540208,4691041.003801812,0.43108153391857623,0.011411037423756138,39,11,5,5,0,13,5,5,0,12,10,10,0
e0b6fd9583355c6d,2021.09.13.17.32.06_veh-39_01315_01527,near_pedestrian_on_crosswalk,31,1631555757499687,0.050009,331304.79231371824,4691042.207589404,-2.1513818882181033,331303.9909352857,4691040.985986519,0.4610853813511195,0.012776721894468079,38,11,5,5,0,13,5,5,0,11,9,9,0
e0b6fd9583355c6d,2021.09.13.17.32.06_veh-39_01315_01527,near_pedestrian_on_crosswalk,32,1631555757549695,0.050008,331304.7792033314,4691042.187736185,-2.1514298750941765,331303.9777662789,4691040.966171757,0.5037978676704141,0.01401848309677052,39,11,5,5,0,13,5,5,0,11,10,10,0
e0b6fd9583355c6d,2021.09.13.17.32.06_veh-39_01315_01527,near_pedestrian_on_crosswalk,33,1631555757599698,0.050003,331304.7658704305,4691042.167523765,-2.1514764684913676,331303.96437646204,4691040.94599668,0.5423760076244005,0.013208623485987012,39,11,5,5,0,13,5,5,0,11,10,10,0
e0b6fd9583355c6d,2021.09.13.17.32.06_veh-39_01315_01527,near_pedestrian_on_crosswalk,34,1631555757649698,0.05,331304.7503356459,4691042.144266131,-2.1515529759954495,331303.9487482238,4691040.9228003705,0.5935050228381669,0.012614068047461728,39,11,5,5,0,13,5,5,0,11,10,10,0
e0b6fd9583355c6d,2021.09.13.17.32.06_veh-39_01315_01527,near_pedestrian_on_crosswalk,35,1631555757699695,0.049997,331304.7335191672,4691042.118948873,-2.151665030328564,331303.93179487955,4691040.897572941,0.65713583605784,0.013739866792029671,39,11,5,5,0,13,5,5,0,11,10,10,0
e0b6fd9583355c6d,2021.09.13.17.32.06_veh-39_01315_01527,near_pedestrian_on_crosswalk,36,1631555757749690,0.049995,331304.7168064637,4691042.093037638,-2.151683197380016,331303.91505998746,4691040.871676271,0.7174397017213224,0.016255475248327933,39,11,5,5,0,13,5,5,0,11,10,10,0
e0b6fd9583355c6d,2021.09.13.17.32.06_veh-39_01315_01527,near_pedestrian_on_crosswalk,37,1631555757799684,0.049994,331304.6972371876,4691042.0623357985,-2.15173758401092,331303.8954242868,4691040.841018038,0.7839101086351751,0.018936353116824636,40,11,5,5,0,13,5,5,0,12,11,11,0
e0b6fd9583355c6d,2021.09.13.17.32.06_veh-39_01315_01527,near_pedestrian_on_crosswalk,38,1631555757849678,0.049994,331304.67666673387,4691042.030269974,-2.151716129716988,331303.87488003576,4691040.808935012,0.8458922757334818,0.021428028508437186,40,11,5,5,0,13,5,5,0,12,11,11,0
e0b6fd9583355c6d,2021.09.13.17.32.06_veh-39_01315_01527,near_pedestrian_on_crosswalk,39,1631555757899669,0.049991,331304.6544756963,4691041.995689809,-2.1516435840253356,331303.8527776029,4691040.774296684,0.9111358328473075,0.024239285746316362,40,11,5,5,0,13,5,5,0,12,11,11,0
e0b6fd9583355c6d,2021.09.13.17.32.06_veh-39_01315_01527,near_pedestrian_on_crosswalk,40,1631555757949659,0.04999,331304.6293528105,4691041.956697672,-2.1517198692526063,331303.8275615451,4691040.735365707,0.9814968949183637,0.025315440414585732,40,11,5,5,0,13,5,5,0,12,11,11,0
e0b6fd9583355c6d,2021.09.13.17.32.06_veh-39_01315_01527,near_pedestrian_on_crosswalk,41,1631555757999645,0.049986,331304.6020889663,4691041.915102315,-2.1517864038286465,331303.8002164419,4691040.693823701,1.0540261763741012,0.026650975886155913,39,11,5,5,0,13,5,5,0,11,11,11,0
e0b6fd9583355c6d,2021.09.13.17.32.06_veh-39_01315_01527,near_pedestrian_on_crosswalk,42,1631555758049628,0.049983,331304.57323277596,4691041.8704563165,-2.1517359970756154,331303.7714218133,4691040.649137284,1.1253839877814196,0.02898977268944143,39,11,5,5,0,13,5,5,0,11,11,11,0
e0b6fd9583355c6d,2021.09.13.17.32.06_veh-39_01315_01527,near_pedestrian_on_crosswalk,43,1631555758099611,0.049983,331304.54222663573,4691041.822991389,-2.15175567335084,331303.7403916422,4691040.601688133,1.1981490445353493,0.031741386323366164,39,11,5,5,0,13,5,5,0,11,11,11,0
e0b6fd9583355c6d,2021.09.13.17.32.06_veh-39_01315_01527,near_pedestrian_on_crosswalk,44,1631555758149597,0.049986,331304.508055514,4691041.77063632,-2.151734710149225,331303.70624612307,4691040.549316255,1.275218817285406,0.033325753634822694,40,12,5,5,0,13,5,5,0,12,11,11,0
e0b6fd9583355c6d,2021.09.13.17.32.06_veh-39_01315_01527,near_pedestrian_on_crosswalk,45,1631555758199585,0.049988,331304.47119274,4691041.714457853,-2.15169251406094,331303.66943488474,4691040.493103956,1.3522314234254145,0.03455361861107083,39,11,5,5,0,13,5,5,0,12,11,11,0
e0b6fd9583355c6d,2021.09.13.17.32.06_veh-39_01315_01527,near_pedestrian_on_crosswalk,46,1631555758249571,0.049986,331304.43246829696,4691041.655500485,-2.151677472104033,331303.6307288133,4691040.434134528,1.4328141380993984,0.03666242621546036,39,11,5,5,0,13,5,5,0,12,11,11,0
e0b6fd9583355c6d,2021.09.13.17.32.06_veh-39_01315_01527,near_pedestrian_on_crosswalk,47,1631555758299554,0.049983,331304.3919432266,4691041.593564433,-2.151713203191449,331303.59016010276,4691040.372227124,1.5111367703746492,0.039322808851224786,39,11,5,5,0,13,5,5,0,12,11,11,0
e0b6fd9583355c6d,2021.09.13.17.32.06_veh-39_01315_01527,near_pedestrian_on_crosswalk,48,1631555758349537,0.049983,331304.34845860215,4691041.527353493,-2.1517572874296493,331303.54662163736,4691040.306051531,1.5920851016675899,0.04151817612664758,39,11,5,5,0,13,5,5,0,12,11,11,0
e0b6fd9583355c6d,2021.09.13.17.32.06_veh-39_01315_01527,near_pedestrian_on_crosswalk,49,1631555758399516,0.049979,331304.30232185,4691041.457150205,-2.1518273201150873,331303.50039935607,4691040.235904401,1.6763558770044535,0.042675358875700044,39,11,5,5,0,13,5,5,0,12,11,11,0
e0b6fd9583355c6d,2021.09.13.17.32.06_veh-39_01315_01527,near_pedestrian_on_crosswalk,50,1631555758449494,0.049978,331304.253841639,4691041.384025835,-2.151947071317987,331303.4517729052,4691040.162876071,1.7600892757547344,0.0429471531736897,39,11,5,5,0,13,5,5,0,12,11,11,0
e0b6fd9583355c6d,2021.09.13.17.32.06_veh-39_01315_01527,near_pedestrian_on_crosswalk,51,1631555758499471,0.049977,331304.2034129301,4691041.307829318,-2.152107984436495,331303.40114770766,4691040.086808633,1.8473051837437104,0.04500323010383335,39,10,5,5,0,13,5,5,0,12,11,11,0
e0b6fd9583355c6d,2021.09.13.17.32.06_veh-39_01315_01527,near_pedestrian_on_crosswalk,52,1631555758549446,0.049975,331304.14917805645,4691041.226427511,-2.1521326295408683,331303.3468827421,4691040.005426599,1.9318027188584295,0.04789881369972388,39,10,5,5,0,13,5,5,0,12,11,11,0
e0b6fd9583355c6d,2021.09.13.17.32.06_veh-39_01315_01527,near_pedestrian_on_crosswalk,53,1631555758599422,0.049976,331304.09412144363,4691041.142992078,-2.1521852974122115,331303.2917618229,4691039.922033423,2.0178857485349333,0.051033902508530474,39,10,5,5,0,13,5,5,0,12,11,11,0
e0b6fd9583355c6d,2021.09.13.17.32.06_veh-39_01315_01527,near_pedestrian_on_crosswalk,54,1631555758649396,0.049974,331304.0357346705,4691041.0542055555,-2.152295406588765,331303.23324061587,4691039.833335254,2.1069236454649016,0.05383703038156149,39,11,5,5,0,13,5,5,0,12,11,11,0
e0b6fd9583355c6d,2021.09.13.17.32.06_veh-39_01315_01527,near_pedestrian_on_crosswalk,55,1631555758699370,0.049974,331303.9745074246,4691040.9612848945,-2.152437989099756,331303.17183930334,4691039.740529028,2.1950715014687137,0.05561608903550366,40,11,5,5,0,14,5,5,0,12,11,11,0
e0b6fd9583355c6d,2021.09.13.17.32.06_veh-39_01315_01527,near_pedestrian_on_crosswalk,56,1631555758749348,0.049978,331303.9119853302,4691040.86634197,-2.1525564690077763,331303.10917257954,4691039.645681212,2.2815817143567525,0.06051061214867154,40,10,5,5,0,14,5,5,0,12,11,11,0
e0b6fd9583355c6d,2021.09.13.17.32.06_veh-39_01315_01527,near_pedestrian_on_crosswalk,57,1631555758799328,0.04998,331303.8450481853,4691040.764921741,-2.1526802572491177,331303.0420843373,4691039.54436037,2.3709886795319424,0.0641260098789784,39,10,5,5,0,14,5,5,0,12,11,11,0
e0b6fd9583355c6d,2021.09.13.17.32.06_veh-39_01315_01527,near_pedestrian_on_crosswalk,58,1631555758849311,0.049983,331303.7767937102,4691040.661603387,-2.1528158849487617,331302.9736643277,4691039.441150933,2.4586015803618264,0.06252494068105964,39,9,5,5,0,14,5,5,0,12,11,11,0
e0b6fd9583355c6d,2021.09.13.17.32.06_veh-39_01315_01527,near_pedestrian_on_crosswalk,59,1631555758899293,0.049982,331303.7066739436,4691040.555629726,-2.152987684683941,331302.9033348996,4691039.335315266,2.5450931680560216,0.0592969363579045,40,9,5,5,0,15,5,5,0,12,11,11,0
e0b6fd9583355c6d,2021.09.13.17.32.06_veh-39_01315_01527,near_pedestrian_on_crosswalk,60,1631555758949273,0.04998,331303.6330066181,4691040.444602571,-2.1530909481577183,331302.82954156445,4691039.224371074,2.632946295847473,0.06021830481460704,40,9,5,5,0,15,5,5,0,12,11,11,0
e0b6fd9583355c6d,2021.09.13.17.32.06_veh-39_01315_01527,near_pedestrian_on_crosswalk,61,1631555758999254,0.049981,331303.55800792703,4691040.330955764,-2.1531384092709813,331302.7544849607,4691039.1107624015,2.722555979326711,0.06395342631697787,40,9,5,5,0,15,5,5,0,12,11,11,0
e0b6fd9583355c6d,2021.09.13.17.32.06_veh-39_01315_01527,near_pedestrian_on_crosswalk,62,1631555759049235,0.049981,331303.48111828405,4691040.214374396,-2.153178765957925,331302.6775460754,4691038.994213462,2.8058019769788536,0.06600057517036771,40,9,5,5,0,15,5,5,0,12,11,11,0
e0b6fd9583355c6d,2021.09.13.17.32.06_veh-39_01315_01527,near_pedestrian_on_crosswalk,63,1631555759099219,0.049984,331303.4018550601,4691040.093812164,-2.153157984350535,331302.5983082085,4691038.87363453,2.8878776472919254,0.06428114035915151,41,9,5,5,0,15,5,5,0,12,11,11,0
e0b6fd9583355c6d,2021.09.13.17.32.06_veh-39_01315_01527,near_pedestrian_on_crosswalk,64,1631555759149203,0.049984,331303.3196961651,4691039.968563423,-2.1530734222489523,331302.5162524972,4691038.748317844,2.9749063467913155,0.059600867627715125,41,9,5,5,0,15,5,5,0,12,11,11,0
e0b6fd9583355c6d,2021.09.13.17.32.06_veh-39_01315_01527,near_pedestrian_on_crosswalk,65,1631555759199191,0.049988,331303.2359908528,4691039.84124029,-2.1529887591220107,331302.4326504976,4691038.620926693,3.0605043602879993,0.05862134739899121,42,10,5,5,0,16,5,5,0,12,11,11,0
e0b6fd9583355c6d,2021.09.13.17.32.06_veh-39_01315_01527,near_pedestrian_on_crosswalk,66,1631555759249183,0.049992,331303.1492236243,4691039.709850752,-2.152968562432914,331302.34590791556,4691038.489520931,3.1437300953707736,0.06616828722782708,42,10,5,5,0,16,5,5,0,12,11,11,0
e0b6fd9583355c6d,2021.09.13.17.32.06_veh-39_01315_01527,near_pedestrian_on_crosswalk,67,1631555759299176,0.049993,331303.059465926,4691039.573595442,-2.1529095948695973,331302.2562221785,4691038.353218254,3.225873971922168,0.0797362552831175,42,9,5,5,0,16,5,5,0,12,11,11,0
e0b6fd9583355c6d,2021.09.13.17.32.06_veh-39_01315_01527,near_pedestrian_on_crosswalk,68,1631555759349173,0.049997,331302.97040122113,4691039.438041217,-2.152952268937778,331302.1671053959,4691038.217698307,3.3051259022974597,0.08920376841058376,42,10,5,5,0,16,5,5,0,12,11,11,0
e0b6fd9583355c6d,2021.09.13.17.32.06_veh-39_01315_01527,near_pedestrian_on_crosswalk,69,1631555759399174,0.050001,331302.8777657095,4691039.297409036,-2.1531105305632514,331302.07427676086,4691038.077193272,3.385780481497547,0.094206527043126,42,10,5,5,0,16,5,5,0,12,11,11,0
e0b6fd9583355c6d,2021.09.13.17.32.06_veh-39_01315_01527,near_pedestrian_on_crosswalk,70,1631555759449177,0.050003,331302.7812794471,4691039.151371288,-2.1533860032289835,331301.9774543929,4691037.93137691,3.4699831922318998,0.09696295235329527,42,9,5,5,0,16,5,5,0,12,11,11,0
e0b6fd9583355c6d,2021.09.13.17.32.06_veh-39_01315_01527,near_pedestrian_on_crosswalk,71,1631555759499185,0.050008,331302.68553185515,4691039.00584806,-2.1537187937844773,331301.88130084286,4691037.786121256,3.5524155093253476,0.09685733295556224,42,9,5,5,0,16,5,5,0,12,11,11,0
e0b6fd9583355c6d,2021.09.13.17.32.06_veh-39_01315_01527,near_pedestrian_on_crosswalk,72,1631555759549196,0.050011,331302.5854443161,4691038.853244249,-2.1538141958539283,331301.781096943,4691037.633594175,3.635994808493153,0.0902232042844703,41,9,5,5,0,16,5,5,0,11,10,10,0
e0b6fd9583355c6d,2021.09.13.17.32.06_veh-39_01315_01527,near_pedestrian_on_crosswalk,73,1631555759599212,0.050016,331302.48483842605,4691038.700485316,-2.15376867807272,331301.6805465696,4691037.480798631,3.717667753265384,0.08346517341342001,42,9,5,5,0,16,5,5,0,12,11,11,0
e0b6fd9583355c6d,2021.09.13.17.32.06_veh-39_01315_01527,near_pedestrian_on_crosswalk,74,1631555759649231,0.050019,331302.3812554419,4691038.542537216,-2.153595571754612,331301.5771747329,4691037.3227113215,3.7981722970758742,0.08389232155814691,42,9,5,5,0,16,5,5,0,12,11,11,0
e0b6fd9583355c6d,2021.09.13.17.32.06_veh-39_01315_01527,near_pedestrian_on_crosswalk,75,1631555759699254,0.050023,331302.27546185185,4691038.380905335,-2.1532572442322784,331301.47179388953,4691037.160807467,3.878595228833508,0.08858980441664488,42,9,5,5,0,16,5,5,0,12,11,11,0
e0b6fd9583355c6d,2021.09.13.17.32.06_veh-39_01315_01527,near_pedestrian_on_crosswalk,76,1631555759749281,0.050027,331302.1679340038,4691038.216816777,-2.152975374376317,331301.36460998224,4691036.996492429,3.9545352406487013,0.09988089197847,42,9,5,5,0,16,5,5,0,12,11,11,0
e0b6fd9583355c6d,2021.09.13.17.32.06_veh-39_01315_01527,near_pedestrian_on_crosswalk,77,1631555759799310,0.050029,331302.06113925186,4691038.053509763,-2.152692479128978,331301.2581604864,4691036.832958207,4.028806455589477,0.11167571941361898,42,9,5,5,0,16,5,5,0,12,11,11,0
e0b6fd9583355c6d,2021.09.13.17.32.06_veh-39_01315_01527,near_pedestrian_on_crosswalk,78,1631555759849343,0.050033,331301.94820596435,4691037.880090178,-2.1524258389540556,331301.14555267553,4691036.659324558,4.10296235426521,0.11123586422442736,42,9,4,4,0,16,5,5,0,12,11,11,0
e0b6fd9583355c6d,2021.09.13.17.32.06_veh-39_01315_01527,near_pedestrian_on_crosswalk,79,1631555759899378,0.050035,331301.83720428107,4691037.710422475,-2.1522549169387655,331301.03475965967,4691036.489519682,4.1708202583962635,0.10321952648592608,42,9,4,4,0,16,5,5,0,12,11,11,0
e0b6fd9583355c6d,2021.09.13.17.32.06_veh-39_01315_01527,near_pedestrian_on_crosswalk,80,1631555759949413,0.050035,331301.7230188459,4691037.536432127,-2.152075538822649,331300.92079324066,4691036.315385412,4.240453338762807,0.09822583681536003,42,9,4,4,0,16,5,5,0,12,11,11,0
e0b6fd9583355c6d,2021.09.13.17.32.06_veh-39_01315_01527,near_pedestrian_on_crosswalk,81,1631555759999446,0.050033,331301.60494820634,4691037.35630057,-2.1519301798620893,331300.80290009966,4691036.135137258,4.312341476483646,0.09837298605201251,41,9,4,4,0,16,5,5,0,11,10,10,0
e0b6fd9583355c6d,2021.09.13.17.32.06_veh-39_01315_01527,near_pedestrian_on_crosswalk,82,1631555760049477,0.050031,331301.48720205354,4691037.175504258,-2.151588915109111,331300.68557073356,4691035.954067307,4.384150720990344,0.09925205207051473,41,9,4,4,0,16,5,5,0,11,10,10,0
e0b6fd9583355c6d,2021.09.13.17.32.06_veh-39_01315_01527,near_pedestrian_on_crosswalk,83,1631555760099505,0.050028,331301.36842045456,4691036.993783301,-2.151085236663951,331300.5674044477,4691035.771942739,4.452440917464368,0.10011018930611731,41,9,4,4,0,16,5,5,0,11,10,10,0
e0b6fd9583355c6d,2021.09.13.17.32.06_veh-39_01315_01527,near_pedestrian_on_crosswalk,84,1631555760149533,0.050028,331301.2460198745,4691036.806341748,-2.1506116759397953,331300.4455825731,4691035.584121994,4.515200285306208,0.10148895335566037,41,9,4,4,0,16,5,5,0,11,10,10,0
e0b6fd9583355c6d,2021.09.13.17.32.06_veh-39_01315_01527,near_pedestrian_on_crosswalk,85,1631555760199562,0.050029,331301.12454975635,4691036.619091641,-2.150237865841944,331300.324569389,4691035.396572761,4.569599137657946,0.10485325366423635,41,9,4,4,0,16,5,5,0,11,10,10,0
e0b6fd9583355c6d,2021.09.13.17.32.06_veh-39_01315_01527,near_pedestrian_on_crosswalk,86,1631555760249592,0.05003,331301.00113998936,4691036.427632737,-2.149947301415479,331300.2015148762,4691035.204881463,4.622158215672659,0.1075004324348743,40,9,4,4,0,16,5,5,0,11,10,10,0
e0b6fd9583355c6d,2021.09.13.17.32.06_veh-39_01315_01527,near_pedestrian_on_crosswalk,87,1631555760299621,0.050029,331300.8752646336,4691036.231987503,-2.1495781679608776,331300.07609093335,4691035.008941144,4.6756616412085465,0.11076572752887248,40,9,4,4,0,16,5,5,0,11,10,10,0
e0b6fd9583355c6d,2021.09.13.17.32.06_veh-39_01315_01527,near_pedestrian_on_crosswalk,88,1631555760349652,0.050031,331300.7515789957,4691036.037668121,-2.149277749518715,331299.9527727572,4691034.814381731,4.723609922378372,0.11239746889793885,40,9,4,4,0,16,5,5,0,11,10,10,0
e0b6fd9583355c6d,2021.09.13.17.32.06_veh-39_01315_01527,near_pedestrian_on_crosswalk,89,1631555760399683,0.050031,331300.6237998185,4691035.837604812,-2.1488077757726365,331299.8255685807,4691034.613943139,4.770954715856205,0.11568455540306388,41,9,4,4,0,16,5,5,0,11,10,10,0
e0b6fd9583355c6d,2021.09.13.17.32.06_veh-39_01315_01527,near_pedestrian_on_crosswalk,90,1631555760449716,0.050033,331300.4968839317,4691035.6404215805,-2.148078926871637,331299.6995447703,4691034.416178443,4.81936243827928,0.12194147930880657,41,9,4,4,0,16,6,6,0,11,10,10,0
e0b6fd9583355c6d,2021.09.13.17.32.06_veh-39_01315_01527,near_pedestrian_on_crosswalk,91,1631555760499752,0.050036,331300.3670755804,4691035.438475338,-2.1470667434809725,331299.5709759858,4691034.213425773,4.870626167267921,0.12856399333901788,41,9,3,3,0,16,6,6,0,11,10,10,0
e0b6fd9583355c6d,2021.09.13.17.32.06_veh-39_01315_01527,near_pedestrian_on_crosswalk,92,1631555760549788,0.050036,331300.2377642999,4691035.23557339,-2.146051953113098,331299.4429082835,4691034.009716582,4.917300976442223,0.13665617659620707,41,9,3,3,0,16,6,6,0,11,10,10,0
e0b6fd9583355c6d,2021.09.13.17.32.06_veh-39_01315_01527,near_pedestrian_on_crosswalk,93,1631555760599825,0.050037,331300.1063196715,4691035.027009241,-2.144844927679367,331299.3129438741,4691033.800193915,4.967733189151261,0.14033081185017346,41,9,3,3,0,16,7,7,0,11,10,10,0
e0b6fd9583355c6d,2021.09.13.17.32.06_veh-39_01315_01527,near_pedestrian_on_crosswalk,94,1631555760649860,0.050035,331299.975484237,4691034.81944148,-2.1436095040997434,331299.18362468126,4691033.591646935,5.013010156577093,0.1353348552784164,41,9,3,3,0,16,7,7,0,11,10,10,0
e0b6fd9583355c6d,2021.09.13.17.32.06_veh-39_01315_01527,near_pedestrian_on_crosswalk,95,1631555760699889,0.050029,331299.8411731745,4691034.60754788,-2.1418976866590196,331299.051416538,4691033.378399616,5.059609622138984,0.12282618330658239,40,9,3,3,0,16,7,7,0,10,9,9,0
e0b6fd9583355c6d,2021.09.13.17.32.06_veh-39_01315_01527,near_pedestrian_on_crosswalk,96,1631555760749911,0.050022,331299.7089316879,4691034.398449296,-2.139849390153014,331298.9216943665,4691033.167685956,5.108491583302709,0.11507966683051934,41,9,3,3,0,17,8,8,0,10,9,9,0
e0b6fd9583355c6d,2021.09.13.17.32.06_veh-39_01315_01527,near_pedestrian_on_crosswalk,97,1631555760799929,0.050018,331299.5716712432,4691034.182130369,-2.137339151880531,331298.78752590803,4691032.949394756,5.156755050575119,0.11453778046499806,41,9,3,3,0,17,8,8,0,10,9,9,0
e0b6fd9583355c6d,2021.09.13.17.32.06_veh-39_01315_01527,near_pedestrian_on_crosswalk,98,1631555760849948,0.050019,331299.43576592096,4691033.9668974485,-2.134538252672741,331298.65507642535,4691032.731970361,5.203934002203031,0.11810301202352803,41,9,3,3,0,17,8,8,0,10,8,8,0
e0b6fd9583355c6d,2021.09.13.17.32.06_veh-39_01315_01527,near_pedestrian_on_crosswalk,99,1631555760899970,0.050022,331299.2989808515,4691033.748067548,-2.1314364947664783,331298.5221255501,4691032.510724895,5.241015067994465,0.12591289066272845,41,9,3,3,0,17,8,8,0,10,8,8,0
8f6a1bee1ba054af,2021.10.01.19.16.42_veh-28_00392_00906,near_pedestrian_on_crosswalk,0,1633116518149458,,331712.54419471323,4690883.103505701,-2.1121432207902022,331711.79135490174,4690881.851406177,0.12047013556543502,-0.012880187895394376,62,3,3,3,0,24,21,20,1,17,4,4,0
8f6a1bee1ba054af,2021.10.01.19.16.42_veh-28_00392_00906,near_pedestrian_on_crosswalk,1,1633116518199472,0.050014,331712.54135925934,4690883.099655935,-2.112246626230877,331711.78838997794,4690881.847634265,0.10936455088657437,-0.0160709486022588,62,3,3,3,0,24,21,20,1,17,4,4,0
8f6a1bee1ba054af,2021.10.01.19.16.42_veh-28_00392_00906,near_pedestrian_on_crosswalk,2,1633116518249487,0.050015,331712.5395561378,4690883.097246183,-2.1122640911071042,331711.7865649901,4690881.845237664,0.09768646984081963,-0.01633621301644448,62,3,3,3,0,24,21,20,1,17,4,4,0
8f6a1bee1ba054af,2021.10.01.19.16.42_veh-28_00392_00906,near_pedestrian_on_crosswalk,3,1633116518299504,0.050017,331712.54650440434,4690883.1064459,-2.1122631632616216,331711.79351441836,4690881.854436683,0.03573148432273203,-0.0062740121612244034,62,3,3,3,0,24,21,20,1,17,4,4,0
8f6a1bee1ba054af,2021.10.01.19.16.42_veh-28_00392_00906,near_pedestrian_on_crosswalk,4,1633116518349519,0.050015,331712.5472180958,4690883.1071398305,-2.112142537931654,331711.7943791393,4690881.855039792,0.020282252660089362,-0.0016433878763457872,62,3,3,3,0,24,21,20,1,17,4,4,0
8f6a1bee1ba054af,2021.10.01.19.16.42_veh-28_00392_00906,near_pedestrian_on_crosswalk,5,1633116518399532,0.050013,331712.5467998033,4690883.106377991,-2.1120948594076023,331711.79402054596,4690881.85424206,0.014252723484562007,0.0006140305909308104,62,3,3,3,0,24,21,20,1,17,4,4,0
8f6a1bee1ba054af,2021.10.01.19.16.42_veh-28_00392_00906,near_pedestrian_on_crosswalk,6,1633116518449543,0.050011,331712.5463640086,4690883.105516976,-2.11209133919304,331711.7935891591,4690881.853378395,0.010253490544527944,0.0012549727227311469,62,3,3,3,0,24,21,20,1,17,4,4,0
8f6a1bee1ba054af,2021.10.01.19.16.42_veh-28_00392_00906,near_pedestrian_on_crosswalk,7,1633116518499554,0.050011,331712.54595223104,4690883.104660309,-2.1121666875863956,331711.79308303696,4690881.852578452,0.005633006040965513,4.950282745843224e-05,62,3,3,3,0,24,21,20,1,17,4,4,0
8f6a1bee1ba054af,2021.10.01.19.16.42_veh-28_00392_00906,near_pedestrian_on_crosswalk,8,1633116518549567,0.050013,331712.54558273515,4690883.103882323,-2.112242722203487,331711.7926183417,4690881.851857713,0.001064528495993782,-0.0019479806831695524,62,3,3,3,0,24,21,20,1,17,4,4,0
8f6a1bee1ba054af,2021.10.01.19.16.42_veh-28_00392_00906,near_pedestrian_on_crosswalk,9,1633116518599584,0.050017,331712.5452639688,4690883.103266414,-2.1122520237040803,331711.7922879297,4690881.851248809,-0.003537312669424018,-0.003531376878857288,62,3,3,3,0,23,21,20,1,18,4,4,0
8f6a1bee1ba054af,2021.10.01.19.16.42_veh-28_00392_00906,near_pedestrian_on_crosswalk,10,1633116518649602,0.050018,331712.54502788227,4690883.1028409805,-2.1122646125834645,331711.7920360817,4690881.850832854,-0.006397594413439848,-0.0038154960305608137,62,3,3,3,0,23,21,20,1,18,4,4,0
8f6a1bee1ba054af,2021.10.01.19.16.42_veh-28_00392_00906,near_pedestrian_on_crosswalk,11,1633116518699624,0.050022,331712.54487313,4690883.102531106,-2.1121822265540118,331711.79198447993,4690881.850460948,-0.006697841529454744,-0.0022400224903611453,62,3,3,3,0,23,21,20,1,18,4,4,0
8f6a1bee1ba054af,2021.10.01.19.16.42_veh-28_00392_00906,near_pedestrian_on_crosswalk,12,1633116518749647,0.050023,331712.5447865979,4690883.102216736,-2.112145853823055,331711.7919434896,4690881.850119195,-0.005454882182509562,-0.0005228253969977076,62,3,3,3,0,23,21,20,1,18,4,4,0
8f6a1bee1ba054af,2021.10.01.19.16.42_veh-28_00392_00906,near_pedestrian_on_crosswalk,13,1633116518799671,0.050024,331712.5446973103,4690883.101830695,-2.1121228445919393,331711.791883012,4690881.849715831,-0.003247470275005903,0.0003453163047624289,62,3,3,3,0,23,20,20,0,18,4,4,0
8f6a1bee1ba054af,2021.10.01.19.16.42_veh-28_00392_00906,near_pedestrian_on_crosswalk,14,1633116518849693,0.050022,331712.54459116986,4690883.101400529,-2.1121625006312628,331711.79172721825,4690881.849315519,-0.001684431019642395,-7.197645772161136e-05,62,3,3,3,0,23,20,20,0,18,4,4,0
8f6a1bee1ba054af,2021.10.01.19.16.42_veh-28_00392_00906,near_pedestrian_on_crosswalk,15,1633116518899713,0.05002,331712.5444274516,4690883.10099784,-2.1121746330480504,331711.7915483092,4690881.848921965,-0.001636146710818417,-0.0009573153992571521,64,4,3,3,0,23,19,19,0,19,5,5,0
8f6a1bee1ba054af,2021.10.01.19.16.42_veh-28_00392_00906,near_pedestrian_on_crosswalk,16,1633116518949729,0.050016,331712.54429125105,4690883.100681305,-2.1122011487266623,331711.79137890926,4690881.848625394,-0.003219017080189398,-0.0015633465573576433,63,4,3,3,0,23,19,19,0,18,5,5,0
8f6a1bee1ba054af,2021.10.01.19.16.42_veh-28_00392_00906,near_pedestrian_on_crosswalk,17,1633116518999742,0.050013,331712.54419835587,4690883.100450018,-2.1122063810353224,331711.791279463,4690881.848398047,-0.0045763235965184815,-0.0008718049000036415,63,4,3,3,0,23,19,19,0,18,5,5,0
8f6a1bee1ba054af,2021.10.01.19.16.42_veh-28_00392_00906,near_pedestrian_on_crosswalk,18,1633116519049751,0.050009,331712.54413080076,4690883.100197544,-2.1121983782029505,331711.79122192785,4690881.848139547,-0.0006626310506978999,5.91211163232619e-05,63,4,3,3,0,23,19,19,0,18,5,5,0
8f6a1bee1ba054af,2021.10.01.19.16.42_veh-28_00392_00906,near_pedestrian_on_crosswalk,19,1633116519099757,0.050006,331712.5438308415,4690883.099510441,-2.112192004268553,331711.79092994914,4690881.847447644,0.013441567627715888,0.0007083930456472643,63,4,3,3,0,23,19,19,0,18,5,5,0
8f6a1bee1ba054af,2021.10.01.19.16.42_veh-28_00392_00906,near_pedestrian_on_crosswalk,20,1633116519149757,0.05,331712.54323454935,4690883.098378692,-2.112211267885321,331711.79030953784,4690881.8463304,0.024941254274263094,0.0003954622378119326,63,4,3,3,0,23,19,19,0,18,5,5,0
8f6a1bee1ba054af,2021.10.01.19.16.42_veh-28_00392_00906,near_pedestrian_on_crosswalk,21,1633116519199750,0.049993,331712.54253510677,4690883.097124837,-2.1122285877266527,331711.7895884101,4690881.8450895855,0.028470238519019832,-0.000601020779021973,63,4,3,3,0,23,19,19,0,18,5,5,0
8f6a1bee1ba054af,2021.10.01.19.16.42_veh-28_00392_00906,near_pedestrian_on_crosswalk,22,1633116519249736,0.049986,331712.54176679935,4690883.095842217,-2.112236023528005,331711.78881079284,4690881.843812564,0.029796197967078074,-0.0022454438940013475,63,4,3,3,0,23,19,19,0,18,5,5,0
8f6a1bee1ba054af,2021.10.01.19.16.42_veh-28_00392_00906,near_pedestrian_on_crosswalk,23,1633116519299721,0.049985,331712.5410126861,4690883.0946222665,-2.1122637749614723,331711.7880219343,4690881.84261351,0.03195682315460573,-0.0027648081371595386,63,4,3,3,0,23,19,19,0,18,5,5,0
8f6a1bee1ba054af,2021.10.01.19.16.42_veh-28_00392_00906,near_pedestrian_on_crosswalk,24,1633116519349703,0.049982,331712.5403609723,4690883.093523622,-2.112219867661391,331711.78742519347,4690881.841481804,0.030774527463970167,-0.002467115550971499,63,4,3,3,0,23,19,19,0,18,5,5,0
8f6a1bee1ba054af,2021.10.01.19.16.42_veh-28_00392_00906,near_pedestrian_on_crosswalk,25,1633116519399683,0.04998,331712.53974884754,4690883.092455155,-2.112129491036455,331711.78692622716,4690881.840345295,0.02968269889677837,-0.0017635216050271411,63,4,3,3,0,24,20,20,0,17,5,5,0
8f6a1bee1ba054af,2021.10.01.19.16.42_veh-28_00392_00906,near_pedestrian_on_crosswalk,26,1633116519449662,0.049979,331712.5391954559,4690883.091494637,-2.1121082291035287,331711.78639945795,4690881.83936877,0.028236137361924134,-0.0005814259213850194,65,4,3,3,0,26,22,20,2,17,5,5,0
8f6a1bee1ba054af,2021.10.01.19.16.42_veh-28_00392_00906,near_pedestrian_on_crosswalk,27,1633116519499640,0.049978,331712.53866037645,4690883.090497661,-2.1120426491034494,331711.7859464945,4690881.838322429,0.02676235504715345,0.00037474797793317653,65,4,3,3,0,26,22,20,2,17,5,5,0
8f6a1bee1ba054af,2021.10.01.19.16.42_veh-28_00392_00906,near_pedestrian_on_crosswalk,28,1633116519549619,0.049979,331712.5381573487,4690883.08952302,-2.112031005512708,331711.78545804665,4690881.837339024,0.0258226172272685,0.0005737026997607319,63,4,3,3,0,26,21,20,1,15,4,4,0
8f6a1bee1ba054af,2021.10.01.19.16.42_veh-28_00392_00906,near_pedestrian_on_crosswalk,29,1633116519599598,0.049979,331712.53767794446,4690883.088608809,-2.11206206104606,331711.7849397555,4690881.836448189,0.024385830909481817,3.2221575406721994e-05,63,4,3,3,0,26,21,20,1,15,4,4,0
8f6a1bee1ba054af,2021.10.01.19.16.42_veh-28_00392_00906,near_pedestrian_on_crosswalk,30,1633116519649578,0.04998,331712.53725067567,4690883.087831807,-2.112110026723018,331711.7844524269,4690881.835707294,0.02181510893715316,-0.0013303044066351147,63,4,3,3,0,26,21,20,1,15,4,4,0
8f6a1bee1ba054af,2021.10.01.19.16.42_veh-28_00392_00906,near_pedestrian_on_crosswalk,31,1633116519699557,0.049979,331712.53684406553,4690883.08713623,-2.1121240199201683,331711.78402829554,4690881.835022251,0.021418279890344984,-0.0022399359815989104,63,4,3,3,0,26,21,20,1,15,4,4,0
8f6a1bee1ba054af,2021.10.01.19.16.42_veh-28_00392_00906,near_pedestrian_on_crosswalk,32,1633116519749539,0.049982,331712.53625744046,4690883.086249783,-2.112124423269878,331711.78344116546,4690881.834136107,0.027791901701015125,-0.00288208733956396,63,4,3,3,0,26,21,20,1,15,4,4,0
8f6a1bee1ba054af,2021.10.01.19.16.42_veh-28_00392_00906,near_pedestrian_on_crosswalk,33,1633116519799525,0.049986,331712.53520357434,4690883.084660701,-2.11202284179591,331711.7825144948,4690881.83247056,0.04469597201258406,-0.002660769598637158,63,4,3,3,0,26,21,20,1,15,4,4,0
8f6a1bee1ba054af,2021.10.01.19.16.42_veh-28_00392_00906,near_pedestrian_on_crosswalk,34,1633116519849515,0.04999,331712.533766841,4690883.082372021,-2.1119426608912972,331711.7811781656,4690881.830121532,0.06529480626099694,-0.0016008300743564417,63,4,3,3,0,26,21,20,1,15,4,4,0
8f6a1bee1ba054af,2021.10.01.19.16.42_veh-28_00392_00906,near_pedestrian_on_crosswalk,35,1633116519899510,0.049995,331712.5315054609,4690883.0786745045,-2.111924367252922,331711.7789396939,4690881.826410249,0.09467511122992868,-0.0003177805355413732,62,4,3,3,0,25,21,20,1,15,4,4,0
8f6a1bee1ba054af,2021.10.01.19.16.42_veh-28_00392_00906,near_pedestrian_on_crosswalk,36,1633116519949511,0.050001,331712.5282483676,4690883.073221454,-2.1118734020255348,331711.77574642346,4690881.820918846,0.13115691976260047,0.0007816643227973579,63,4,3,3,0,26,22,20,2,15,4,4,0
8f6a1bee1ba054af,2021.10.01.19.16.42_veh-28_00392_00906,near_pedestrian_on_crosswalk,37,1633116519999516,0.050005,331712.5242293411,4690883.066439617,-2.111922896960697,331711.77166541526,4690881.814174255,0.16881355284512317,0.0011120274990738868,63,4,3,3,0,26,22,20,2,15,4,4,0
8f6a1bee1ba054af,2021.10.01.19.16.42_veh-28_00392_00906,near_pedestrian_on_crosswalk,38,1633116520049522,0.050006,331712.51859786117,4690883.05732833,-2.111984022538333,331711.76595739124,4690881.805108971,0.2140418630244816,0.0004978699724560995,62,4,3,3,0,26,22,20,2,14,4,4,0
8f6a1bee1ba054af,2021.10.01.19.16.42_veh-28_00392_00906,near_pedestrian_on_crosswalk,39,1633116520099527,0.050005,331712.51143829885,4690883.046121785,-2.1120479930510534,331711.7587177254,4690881.793950575,0.26216179985661486,-8.274890454929024e-05,62,4,3,3,0,26,22,20,2,14,4,4,0
8f6a1bee1ba054af,2021.10.01.19.16.42_veh-28_00392_00906,near_pedestrian_on_crosswalk,40,1633116520149529,0.050002,331712.5027722946,4690883.032873019,-2.11202651771918,331711.7500786121,4690881.780685645,0.31063025645359926,-0.00069084845096154,62,4,3,3,0,26,22,20,2,14,4,4,0
8f6a1bee1ba054af,2021.10.01.19.16.42_veh-28_00392_00906,near_pedestrian_on_crosswalk,41,1633116520199532,0.050003,331712.49248711136,4690883.0175522575,-2.1119656401442244,331711.73986966035,4690881.765319063,0.3607404759422403,-0.0010031188687645216,61,4,3,3,0,26,22,20,2,13,4,4,0
8f6a1bee1ba054af,2021.10.01.19.16.42_veh-28_00392_00906,near_pedestrian_on_crosswalk,42,1633116520249537,0.050005,331712.4800972757,4690882.998611607,-2.111890155575514,331711.7275743511,4690881.7463216055,0.41830775290449884,-6.305994306884759e-05,61,4,3,3,0,26,22,20,2,13,4,4,0
8f6a1bee1ba054af,2021.10.01.19.16.42_veh-28_00392_00906,near_pedestrian_on_crosswalk,43,1633116520299547,0.05001,331712.4664713003,4690882.977538886,-2.11181925545159,331711.71403716516,4690881.725195534,0.4727548762489608,0.0008697644028961487,61,4,3,3,0,26,22,20,2,13,4,4,0
8f6a1bee1ba054af,2021.10.01.19.16.42_veh-28_00392_00906,near_pedestrian_on_crosswalk,44,1633116520349560,0.050013,331712.45066200587,4690882.952325064,-2.1116599367931035,331711.69842740195,4690881.699861851,0.5332749155173812,0.0024016605376410236,61,4,3,3,0,26,22,20,2,13,4,4,0
8f6a1bee1ba054af,2021.10.01.19.16.42_veh-28_00392_00906,near_pedestrian_on_crosswalk,45,1633116520399575,0.050015,331712.43361681607,4690882.925935693,-2.111451329615664,331711.68164350133,4690881.673315586,0.5892974757639198,0.001992523068640469,61,4,3,3,0,26,22,20,2,13,4,4,0
8f6a1bee1ba054af,2021.10.01.19.16.42_veh-28_00392_00906,near_pedestrian_on_crosswalk,46,1633116520449592,0.050017,331712.41366467497,4690882.895014853,-2.111351883163789,331711.66181593254,4690881.642319971,0.6519684282832797,0.001269477062078321,61,4,3,3,0,26,22,20,2,13,4,4,0
8f6a1bee1ba054af,2021.10.01.19.16.42_veh-28_00392_00906,near_pedestrian_on_crosswalk,47,1633116520499611,0.050019,331712.39275688835,4690882.862386438,-2.1112046544216336,331711.6410925868,4690881.609580875,0.7093523713394724,-0.00025200616707846287,61,4,3,3,0,26,22,20,2,13,4,4,0
8f6a1bee1ba054af,2021.10.01.19.16.42_veh-28_00392_00906,near_pedestrian_on_crosswalk,48,1633116520549634,0.050023,331712.36973242456,4690882.82547783,-2.1109730418723216,331711.6183583086,4690881.572498206,0.7727075331095824,-0.0009008618544566096,61,4,3,3,0,26,22,20,2,13,4,4,0
8f6a1bee1ba054af,2021.10.01.19.16.42_veh-28_00392_00906,near_pedestrian_on_crosswalk,49,1633116520599657,0.050023,331712.34588828,4690882.787361799,-2.1108065537756278,331711.5947227807,4690881.534257097,0.8308390192028132,-0.0016480035730510089,61,4,3,3,0,26,22,20,2,13,4,4,0
8f6a1bee1ba054af,2021.10.01.19.16.42_veh-28_00392_00906,near_pedestrian_on_crosswalk,50,1633116520649680,0.050023,331712.3193140853,4690882.744683329,-2.110567084776399,331711.56844868726,4690881.4913987825,0.8962332071791911,0.00038093357848885574,61,4,3,3,0,26,22,20,2,13,4,4,0
8f6a1bee1ba054af,2021.10.01.19.16.42_veh-28_00392_00906,near_pedestrian_on_crosswalk,51,1633116520699701,0.050021,331712.2908591113,4690882.699018266,-2.1102141048755194,331711.5404361443,4690881.445468757,0.9616868627793106,0.0032773164240865885,62,4,3,3,0,27,22,20,2,13,4,4,0
8f6a1bee1ba054af,2021.10.01.19.16.42_veh-28_00392_00906,near_pedestrian_on_crosswalk,52,1633116520749719,0.050018,331712.2612045265,4690882.652009287,-2.1099557985897683,331711.5111053842,4690881.398265981,1.0237641321364561,0.005103739904272286,62,4,3,3,0,27,22,20,2,13,4,4,0
8f6a1bee1ba054af,2021.10.01.19.16.42_veh-28_00392_00906,near_pedestrian_on_crosswalk,53,1633116520799734,0.050015,331712.2295726982,4690882.601178912,-2.10965514954977,331711.4798505265,4690881.3472101465,1.0908870334082066,0.008551292549304793,63,4,3,3,0,27,22,20,2,13,4,4,0
8f6a1bee1ba054af,2021.10.01.19.16.42_veh-28_00392_00906,near_pedestrian_on_crosswalk,54,1633116520849743,0.050009,331712.1966145846,4690882.5484279385,-2.109370498289472,331711.4472493871,4690881.294245814,1.1593424668716097,0.010629947862430156,64,4,3,3,0,28,22,20,2,13,4,4,0
8f6a1bee1ba054af,2021.10.01.19.16.42_veh-28_00392_00906,near_pedestrian_on_crosswalk,55,1633116520899749,0.050006,331712.162353582,4690882.493380237,-2.1090754987777958,331711.41335840017,4690881.238977105,1.2295531414484129,0.012112478309145394,65,4,3,3,0,29,22,20,2,13,4,4,0
8f6a1bee1ba054af,2021.10.01.19.16.42_veh-28_00392_00906,near_pedestrian_on_crosswalk,56,1633116520949751,0.050002,331712.1268776613,4690882.43553233,-2.108839847854418,331711.37817810156,4690881.180952731,1.3002812688144831,0.01309712687505895,66,5,3,3,0,29,22,20,2,13,4,4,0
8f6a1bee1ba054af,2021.10.01.19.16.42_veh-28_00392_00906,near_pedestrian_on_crosswalk,57,1633116520999747,0.049996,331712.0896698761,4690882.374414292,-2.1086062719221585,331711.34126337635,4690881.119659849,1.37117139525815,0.013024727782386319,66,5,3,3,0,29,22,20,2,13,4,4,0
8f6a1bee1ba054af,2021.10.01.19.16.42_veh-28_00392_00906,near_pedestrian_on_crosswalk,58,1633116521049740,0.049993,331712.0502168326,4690882.310200646,-2.1082337438470637,331711.30227781605,4690881.055167488,1.4426068025256744,0.012442987970271999,66,5,3,3,0,29,22,20,2,13,5,5,0
8f6a1bee1ba054af,2021.10.01.19.16.42_veh-28_00392_00906,near_pedestrian_on_crosswalk,59,1633116521099732,0.049992,331712.00841466803,4690882.242796923,-2.107898093442744,331711.260896946,4690880.98751279,1.514326696376614,0.014392528240541396,66,5,3,3,0,29,22,20,2,13,5,5,0
8f6a1bee1ba054af,2021.10.01.19.16.42_veh-28_00392_00906,near_pedestrian_on_crosswalk,60,1633116521149724,0.049992,331711.9664037038,4690882.173957747,-2.1075461361971266,331711.2193278344,4690880.918410597,1.5834386946091747,0.01901744698563597,66,5,3,3,0,29,22,20,2,13,5,5,0
8f6a1bee1ba054af,2021.10.01.19.16.42_veh-28_00392_00906,near_pedestrian_on_crosswalk,61,1633116521199714,0.04999,331711.92180396937,4690882.100966402,-2.1070700349551803,331711.1753259522,4690880.8450637115,1.6539523524068942,0.020797219222038744,66,5,3,3,0,29,22,20,2,13,5,5,0
8f6a1bee1ba054af,2021.10.01.19.16.42_veh-28_00392_00906,near_pedestrian_on_crosswalk,62,1633116521249705,0.049991,331711.87583626865,4690882.0251543885,-2.106633068064872,331711.1299071106,4690880.768925631,1.7231575875237417,0.020705167884165147,66,5,3,3,0,29,22,20,2,13,5,5,0
8f6a1bee1ba054af,2021.10.01.19.16.42_veh-28_00392_00906,near_pedestrian_on_crosswalk,63,1633116521299696,0.049991,331711.82829994924,4690881.946879045,-2.1061786369051156,331711.08294173767,4690880.690311444,1.7926013906415248,0.01915984110051641,66,5,3,3,0,29,22,20,2,13,5,5,0
8f6a1bee1ba054af,2021.10.01.19.16.42_veh-28_00392_00906,near_pedestrian_on_crosswalk,64,1633116521349687,0.049991,331711.77825736284,4690881.864662369,-2.1056924828698174,331711.0335101247,4690880.607732557,1.860884958745133,0.019205769310637114,66,5,3,3,0,29,22,20,2,13,5,5,0
8f6a1bee1ba054af,2021.10.01.19.16.42_veh-28_00392_00906,near_pedestrian_on_crosswalk,65,1633116521399679,0.049992,331711.72647005797,4690881.779247662,-2.1052870721275094,331710.9822324539,4690880.522016025,1.9304732377304437,0.02100818922386206,66,5,3,3,0,29,22,20,2,13,5,5,0
8f6a1bee1ba054af,2021.10.01.19.16.42_veh-28_00392_00906,near_pedestrian_on_crosswalk,66,1633116521449672,0.049993,331711.67508277483,4690881.693481898,-2.104869242876644,331710.9313705439,4690880.435939407,1.9949993636893266,0.023746194730519157,67,5,3,3,0,29,22,20,2,13,5,5,0
8f6a1bee1ba054af,2021.10.01.19.16.42_veh-28_00392_00906,near_pedestrian_on_crosswalk,67,1633116521499663,0.049991,331711.6219135998,4690881.60464747,-2.104429120421975,331710.8787549135,4690880.346777775,2.062184316168236,0.02497224541797143,67,6,3,3,0,28,22,20,2,13,5,5,0
8f6a1bee1ba054af,2021.10.01.19.16.42_veh-28_00392_00906,near_pedestrian_on_crosswalk,68,1633116521549654,0.049991,331711.56632470054,4690881.511173397,-2.103949990936281,331710.823768782,4690880.252947778,2.1309367475007437,0.026426362910289942,68,7,3,3,0,28,22,20,2,13,5,5,0
8f6a1bee1ba054af,2021.10.01.19.16.42_veh-28_00392_00906,near_pedestrian_on_crosswalk,69,1633116521599648,0.049994,331711.5083599146,4690881.414821611,-2.1034252706033922,331710.76646431483,4690880.156206531,2.2018874942484605,0.028617171728520022,71,7,3,3,0,29,23,20,3,14,5,5,0
8f6a1bee1ba054af,2021.10.01.19.16.42_veh-28_00392_00906,near_pedestrian_on_crosswalk,70,1633116521649642,0.049994,331711.4492653471,4690881.316658488,-2.102913291923268,331710.7080142286,4690880.057663738,2.273777309710635,0.03149247181205367,73,7,3,3,0,30,24,20,4,15,5,5,0
8f6a1bee1ba054af,2021.10.01.19.16.42_veh-28_00392_00906,near_pedestrian_on_crosswalk,71,1633116521699634,0.049992,331711.3897188391,4690881.217217784,-2.102390907823123,331710.6491255006,4690879.957835989,2.342987711179116,0.036457717321496455,73,7,3,3,0,30,24,20,4,15,5,5,0
8f6a1bee1ba054af,2021.10.01.19.16.42_veh-28_00392_00906,near_pedestrian_on_crosswalk,72,1633116521749627,0.049993,331711.3256529555,4690881.110338157,-2.1016619911409027,331710.58597779804,4690879.850416865,2.418318768890273,0.04091651451755245,73,7,3,3,0,30,24,20,4,15,5,5,0
8f6a1bee1ba054af,2021.10.01.19.16.42_veh-28_00392_00906,near_pedestrian_on_crosswalk,73,1633116521799621,0.049994,331711.26361703593,4690881.00607923,-2.1010514422589424,331710.5247112598,4690879.745706566,2.487673225821839,0.042942779693316155,73,7,3,3,0,30,25,20,5,15,5,5,0
8f6a1bee1ba054af,2021.10.01.19.16.42_veh-28_00392_00906,near_pedestrian_on_crosswalk,74,1633116521849615,0.049994,331711.19796305447,4690880.896299199,-2.1004584775018724,331710.4598047648,4690879.635488611,2.556433106368791,0.042347426495302515,75,8,3,3,0,30,25,20,5,16,5,5,0
8f6a1bee1ba054af,2021.10.01.19.16.42_veh-28_00392_00906,near_pedestrian_on_crosswalk,75,1633116521899608,0.049993,331711.1298538301,4690880.7826636145,-2.099842726996359,331710.39247202507,4690879.521398744,2.622672853138852,0.042281438937401786,75,8,3,3,0,30,25,20,5,16,5,5,0
8f6a1bee1ba054af,2021.10.01.19.16.42_veh-28_00392_00906,near_pedestrian_on_crosswalk,76,1633116521949602,0.049994,331711.0620612317,4690880.66842896,-2.0992640334219357,331710.32540943596,4690879.406737583,2.689893636846705,0.048565358073029766,75,8,3,3,0,30,25,20,5,16,5,5,0
8f6a1bee1ba054af,2021.10.01.19.16.42_veh-28_00392_00906,near_pedestrian_on_crosswalk,77,1633116521999593,0.049991,331710.9935958583,4690880.552282934,-2.0988026642018065,331710.2575262465,4690879.290251822,2.7591691046996956,0.05522529739152073,75,8,3,3,0,30,25,20,5,16,5,5,0
8f6a1bee1ba054af,2021.10.01.19.16.42_veh-28_00392_00906,near_pedestrian_on_crosswalk,78,1633116522049581,0.049988,331710.92099836934,4690880.428896633,-2.098261165063176,331710.1856122542,4690879.1664671255,2.8366414221472827,0.05397599128025192,75,8,3,3,0,30,25,20,5,16,5,5,0
8f6a1bee1ba054af,2021.10.01.19.16.42_veh-28_00392_00906,near_pedestrian_on_crosswalk,79,1633116522099573,0.049992,331710.8477544806,4690880.304871145,-2.0978608347783974,331710.11287381314,4690879.042147341,2.9078997126093222,0.04712972766499761,76,8,3,3,0,31,25,20,5,16,5,5,0
8f6a1bee1ba054af,2021.10.01.19.16.42_veh-28_00392_00906,near_pedestrian_on_crosswalk,80,1633116522149567,0.049994,331710.7715961477,4690880.1757128285,-2.0975696501801413,331710.0370831971,4690878.912775093,2.974159620018922,0.04117978643572324,77,8,3,3,0,31,25,20,5,16,5,5,0
8f6a1bee1ba054af,2021.10.01.19.16.42_veh-28_00392_00906,near_pedestrian_on_crosswalk,81,1633116522199564,0.049997,331710.69497653557,4690880.045549748,-2.0971856668021873,331709.96094858623,4690878.782330065,3.0433084702140496,0.04594050144052473,77,8,3,3,0,31,25,20,5,16,5,5,0
8f6a1bee1ba054af,2021.10.01.19.16.42_veh-28_00392_00906,near_pedestrian_on_crosswalk,82,1633116522249564,0.05,331710.6173199768,4690879.911381965,-2.0968688144689542,331709.8836923184,4690878.647929765,3.113873747505677,0.059094849928591014,77,8,3,3,0,31,26,20,6,16,5,5,0
8f6a1bee1ba054af,2021.10.01.19.16.42_veh-28_00392_00906,near_pedestrian_on_crosswalk,83,1633116522299562,0.049998,331710.536827479,4690879.771943179,-2.0964842999996645,331709.8036856905,4690878.508208983,3.1866126642626535,0.06391221385269379,77,8,3,3,0,31,26,20,6,16,5,5,0
8f6a1bee1ba054af,2021.10.01.19.16.42_veh-28_00392_00906,near_pedestrian_on_crosswalk,84,1633116522349556,0.049994,331710.45724024216,4690879.633691863,-2.096036770609487,331709.72466408525,4690878.369629691,3.2557463623903247,0.06309759114391764,77,8,3,3,0,31,26,20,6,16,5,5,0
8f6a1bee1ba054af,2021.10.01.19.16.42_veh-28_00392_00906,near_pedestrian_on_crosswalk,85,1633116522399545,0.049989,331710.37318029866,4690879.4880041275,-2.095725966185681,331709.64099705324,4690878.223714328,3.327663677693229,0.061993566462480804,78,8,3,3,0,30,24,20,4,16,5,5,0
8f6a1bee1ba054af,2021.10.01.19.16.42_veh-28_00392_00906,near_pedestrian_on_crosswalk,86,1633116522449531,0.049986,331710.28983891924,4690879.3437880315,-2.0954045618859274,331709.5580620598,4690878.079262971,3.3956642348613477,0.06617698104558682,78,8,3,3,0,30,24,20,4,16,5,5,0
8f6a1bee1ba054af,2021.10.01.19.16.42_veh-28_00392_00906,near_pedestrian_on_crosswalk,87,1633116522499518,0.049987,331710.20371343236,4690879.194160031,-2.0949310885647288,331709.4725353738,4690877.929288636,3.4620671087920067,0.07031006578825874,80,8,3,3,0,30,24,20,4,18,5,5,0
8f6a1bee1ba054af,2021.10.01.19.16.42_veh-28_00392_00906,near_pedestrian_on_crosswalk,88,1633116522549507,0.049989,331710.11570279126,4690879.041251775,-2.094373836112696,331709.38522969885,4690877.775973125,3.532645441904554,0.07088635362663755,80,8,3,3,0,30,24,20,4,18,5,5,0
8f6a1bee1ba054af,2021.10.01.19.16.42_veh-28_00392_00906,near_pedestrian_on_crosswalk,89,1633116522599499,0.049992,331710.02757774474,4690878.88793251,-2.0937373526453076,331709.2979101292,4690877.622189183,3.599288008802853,0.06981346544824518,80,8,3,3,0,30,24,20,4,18,5,5,0
8f6a1bee1ba054af,2021.10.01.19.16.42_veh-28_00392_00906,near_pedestrian_on_crosswalk,90,1633116522649495,0.049996,331709.9361882216,4690878.7296032235,-2.093163078547652,331709.20724761,4690877.463441076,3.670192819591129,0.07039279709127388,81,8,3,3,0,30,24,20,4,18,5,5,0
8f6a1bee1ba054af,2021.10.01.19.16.42_veh-28_00392_00906,near_pedestrian_on_crosswalk,91,1633116522699496,0.050001,331709.84435579006,4690878.57069137,-2.0926349311513412,331709.11608400027,4690877.304144411,3.7458019308609627,0.07233797589907454,81,8,3,3,0,30,24,20,4,18,5,5,0
8f6a1bee1ba054af,2021.10.01.19.16.42_veh-28_00392_00906,near_pedestrian_on_crosswalk,92,1633116522749497,0.050001,331709.7480530121,4690878.403863425,-2.092078496199905,331709.020486086,4690877.136911427,3.8205503674336505,0.07472135432319929,81,8,3,3,0,30,24,20,4,18,5,5,0
8f6a1bee1ba054af,2021.10.01.19.16.42_veh-28_00392_00906,near_pedestrian_on_crosswalk,93,1633116522799501,0.050004,331709.652172187,4690878.238274315,-2.0915518816183885,331708.9252725572,4690876.970939345,3.8877643457731033,0.07785199054542599,83,8,3,3,0,32,25,20,5,17,5,5,0
8f6a1bee1ba054af,2021.10.01.19.16.42_veh-28_00392_00906,near_pedestrian_on_crosswalk,94,1633116522849510,0.050009,331709.55564014555,4690878.070933113,-2.0911742440805052,331708.8292191608,4690876.803323728,3.945583182492425,0.08038141445101361,86,8,3,3,0,33,25,20,5,19,5,5,0
8f6a1bee1ba054af,2021.10.01.19.16.42_veh-28_00392_00906,near_pedestrian_on_crosswalk,95,1633116522899521,0.050011,331709.45774811466,4690877.901698586,-2.0907359811872044,331708.7318827458,4690876.633770959,4.01133534647009,0.08200274415337581,86,8,3,3,0,33,25,20,5,19,6,6,0
8f6a1bee1ba054af,2021.10.01.19.16.42_veh-28_00392_00906,near_pedestrian_on_crosswalk,96,1633116522949532,0.050011,331709.35694095516,4690877.7268837625,-2.0902652842850578,331708.6316724763,4690876.458614614,4.075177380473479,0.09131977632093924,85,8,3,3,0,33,25,20,5,19,6,6,0
8f6a1bee1ba054af,2021.10.01.19.16.42_veh-28_00392_00906,near_pedestrian_on_crosswalk,97,1633116522999543,0.050011,331709.2543088767,4690877.547762977,-2.0897736384254144,331708.52966402477,4690876.2791374065,4.143133884847836,0.09879204103435804,84,8,3,3,0,33,25,20,5,18,6,6,0
8f6a1bee1ba054af,2021.10.01.19.16.42_veh-28_00392_00906,near_pedestrian_on_crosswalk,98,1633116523049552,0.050009,331709.1521264623,4690877.369000933,-2.0892248166124863,331708.42817796883,4690876.099977853,4.210448995921363,0.09743814448814489,85,8,3,3,0,34,26,20,6,17,6,6,0
8f6a1bee1ba054af,2021.10.01.19.16.42_veh-28_00392_00906,near_pedestrian_on_crosswalk,99,1633116523099558,0.050006,331709.0463861719,4690877.184582582,-2.0887934186682067,331708.32298519975,4690875.915247309,4.2762136544958125,0.09594077192623997,87,8,3,3,0,34,26,20,6,19,6,6,0
b19bf286110d578b,2021.08.24.13.20.17_veh-08_00016_00738,near_pedestrian_on_crosswalk,0,1629811887199343,,587721.8464850462,4475565.88328043,0.8714003790385313,587722.7870119268,4475567.001283197,2.7734851029957546,-0.01326800592228342,31,10,3,3,0,4,3,3,0,8,7,7,0
b19bf286110d578b,2021.08.24.13.20.17_veh-08_00016_00738,near_pedestrian_on_crosswalk,1,1629811887249330,0.049987,587721.9316606508,4475565.986307502,0.8718492904191125,587722.8716855524,4475567.104732369,2.776987926539131,-0.011212872605891702,30,10,3,3,0,4,3,3,0,7,6,6,0
b19bf286110d578b,2021.08.24.13.20.17_veh-08_00016_00738,near_pedestrian_on_crosswalk,2,1629811887299319,0.049989,587722.0176666209,4475566.090270228,0.8723684181167224,587722.9571107907,4475567.209182938,2.7794318169311554,-0.011033638574522732,30,10,3,3,0,4,4,4,0,7,6,6,0
b19bf286110d578b,2021.08.24.13.20.17_veh-08_00016_00738,near_pedestrian_on_crosswalk,3,1629811887349309,0.04999,587722.1035055177,4475566.1946355635,0.8726735238648448,587723.042608257,4475567.313834851,2.7834864085164512,-0.01269553249887728,30,10,3,3,0,4,4,4,0,7,6,6,0
b19bf286110d578b,2021.08.24.13.20.17_veh-08_00016_00738,near_pedestrian_on_crosswalk,4,1629811887399304,0.049995,587722.189169319,4475566.298214833,0.873013736071998,587723.1278912387,4475567.41773355,2.8004003785686,-0.017107309665887915,29,9,3,3,0,4,4,4,0,7,6,6,0
b19bf286110d578b,2021.08.24.13.20.17_veh-08_00016_00738,near_pedestrian_on_crosswalk,5,1629811887449302,0.049998,587722.2770602284,4475566.403008422,0.8734175837985921,587723.2153299565,4475567.522906148,2.8204182255166073,-0.021829338129514094,29,9,3,3,0,4,4,4,0,7,6,6,0
b19bf286110d578b,2021.08.24.13.20.17_veh-08_00016_00738,near_pedestrian_on_crosswalk,6,1629811887499306,0.050004,587722.3659909312,4475566.508525406,0.8738028711511587,587723.3038291072,4475567.628784552,2.840990647607158,-0.02472803380740385,29,9,3,3,0,4,4,4,0,7,6,6,0
b19bf286110d578b,2021.08.24.13.20.17_veh-08_00016_00738,near_pedestrian_on_crosswalk,7,1629811887549316,0.05001,587722.4534681797,4475566.613110223,0.8742721423511903,587723.390780547,4475567.733809346,2.86349414869414,-0.027004871675242934,29,9,3,3,0,4,4,4,0,7,6,6,0
b19bf286110d578b,2021.08.24.13.20.17_veh-08_00016_00738,near_pedestrian_on_crosswalk,8,1629811887599331,0.050015,587722.5427176435,4475566.72028032,0.8746579636335495,587723.4795975516,4475567.841340995,2.885186040908276,-0.024002436071383353,29,9,3,3,0,4,4,4,0,7,6,6,0
b19bf286110d578b,2021.08.24.13.20.17_veh-08_00016_00738,near_pedestrian_on_crosswalk,9,1629811887649350,0.050019,587722.6310089453,4475566.825751208,0.8749052604286872,587723.56761159,4475567.947043536,2.9081611075155296,-0.02173534095692213,31,10,3,3,0,4,4,4,0,7,6,6,0
b19bf286110d578b,2021.08.24.13.20.17_veh-08_00016_00738,near_pedestrian_on_crosswalk,10,1629811887699374,0.050024,587722.7196598259,4475566.931381283,0.875042925189295,587723.6561080993,4475568.0528025385,2.926327143646794,-0.02142311764258394,32,10,3,3,0,4,4,4,0,8,7,7,0
b19bf286110d578b,2021.08.24.13.20.17_veh-08_00016_00738,near_pedestrian_on_crosswalk,11,1629811887749399,0.050025,587722.8121113731,4475567.040963058,0.875070177853293,587723.7485290844,4475568.162409834,2.9415472536419407,-0.028202524110909788,32,10,3,3,0,4,4,4,0,8,7,7,0
b19bf286110d578b,2021.08.24.13.20.17_veh-08_00016_00738,near_pedestrian_on_crosswalk,12,1629811887799426,0.050027,587722.9020018196,4475567.148327442,0.8751326845483953,587723.8383494312,4475568.269832747,2.9575132650748506,-0.0366030967686899,31,9,3,3,0,4,4,4,0,8,7,7,0
b19bf286110d578b,2021.08.24.13.20.17_veh-08_00016_00738,near_pedestrian_on_crosswalk,13,1629811887849452,0.050026,587722.9948775802,4475567.258135596,0.8752803752265566,587723.9310595457,4475568.37977918,2.9748462775472,-0.04268233880665795,31,9,3,3,0,4,4,4,0,8,7,7,0
b19bf286110d578b,2021.08.24.13.20.17_veh-08_00016_00738,near_pedestrian_on_crosswalk,14,1629811887899478,0.050026,587723.0894278644,4475567.36934428,0.8755521507546762,587724.0253049601,4475568.491242253,2.9936755684706657,-0.043082097907179366,32,9,4,4,0,5,4,4,0,8,7,7,0
b19bf286110d578b,2021.08.24.13.20.17_veh-08_00016_00738,near_pedestrian_on_crosswalk,15,1629811887949507,0.050029,587723.1821742924,4475567.47879453,0.876072041949126,587724.1174679967,4475568.601178906,3.0093108253018506,-0.03505893320438915,32,9,4,4,0,5,4,4,0,8,7,7,0
b19bf286110d578b,2021.08.24.13.20.17_veh-08_00016_00738,near_pedestrian_on_crosswalk,16,1629811887999539,0.050032,587723.2752694153,4475567.589301034,0.8766671197299194,587724.209895048,4475568.712241783,3.0278164864300927,-0.028040672747008832,32,9,4,4,0,5,4,4,0,8,7,7,0
b19bf286110d578b,2021.08.24.13.20.17_veh-08_00016_00738,near_pedestrian_on_crosswalk,17,1629811888049572,0.050033,587723.3696899675,4475567.7031850135,0.8770918331731131,587724.303838588,4475568.826522609,3.0485965760511955,-0.027605324873516003,32,9,4,4,0,5,4,4,0,8,7,7,0
b19bf286110d578b,2021.08.24.13.20.17_veh-08_00016_00738,near_pedestrian_on_crosswalk,18,1629811888099604,0.050032,587723.465310496,4475567.816401633,0.8774256849507991,587724.3990840362,4475568.940051034,3.067603988401932,-0.033944806676773055,32,9,4,4,0,5,4,4,0,8,7,7,0
b19bf286110d578b,2021.08.24.13.20.17_veh-08_00016_00738,near_pedestrian_on_crosswalk,19,1629811888149633,0.050029,587723.5610234897,4475567.930429078,0.8775071974507163,587724.4947054352,4475569.054154589,3.0875502452436487,-0.03500256684085216,32,9,4,4,0,5,4,4,0,8,7,7,0
b19bf286110d578b,2021.08.24.13.20.17_veh-08_00016_00738,near_pedestrian_on_crosswalk,20,1629811888199659,0.050026,587723.656999696,4475568.044532016,0.8775282206981854,587724.5906580171,4475569.168277156,3.1075821505897756,-0.03215757627582647,32,9,3,3,0,5,4,4,0,8,7,7,0
b19bf286110d578b,2021.08.24.13.20.17_veh-08_00016_00738,near_pedestrian_on_crosswalk,21,1629811888249683,0.050024,587723.7555983593,4475568.160073533,0.877632122082863,587724.6891399166,4475569.283915675,3.1350079445256807,-0.03665335135274803,32,9,3,3,0,5,4,4,0,8,7,7,0
b19bf286110d578b,2021.08.24.13.20.17_veh-08_00016_00738,near_pedestrian_on_crosswalk,22,1629811888299708,0.050025,587723.854900952,4475568.2762583755,0.8778103786911696,587724.7882421621,4475569.40026691,3.1574593671641438,-0.041429964533490134,32,9,3,3,0,5,4,4,0,8,7,7,0
b19bf286110d578b,2021.08.24.13.20.17_veh-08_00016_00738,near_pedestrian_on_crosswalk,23,1629811888349734,0.050026,587723.9551700865,4475568.394346497,0.8781388967658861,587724.8881419891,4475569.51866159,3.184762564072202,-0.039798654462769804,32,9,3,3,0,5,4,4,0,8,7,7,0
b19bf286110d578b,2021.08.24.13.20.17_veh-08_00016_00738,near_pedestrian_on_crosswalk,24,1629811888399760,0.050026,587724.0578309919,4475568.515409807,0.8784815764582284,587724.9904175599,4475569.640044545,3.2146350799829766,-0.04055042352029705,32,9,3,3,0,5,4,4,0,8,7,7,0
b19bf286110d578b,2021.08.24.13.20.17_veh-08_00016_00738,near_pedestrian_on_crosswalk,25,1629811888449790,0.05003,587724.1599871012,4475568.6369086085,0.8788189119836377,587725.0921942369,4475569.761857877,3.2381215914896355,-0.045638242906937784,32,9,3,3,0,5,4,4,0,8,7,7,0
b19bf286110d578b,2021.08.24.13.20.17_veh-08_00016_00738,near_pedestrian_on_crosswalk,26,1629811888499822,0.050032,587724.2607236864,4475568.757233972,0.8791055194866232,587725.1926083649,4475569.882450371,3.2675525960153182,-0.05708915285837151,31,8,2,2,0,5,4,4,0,7,7,7,0
b19bf286110d578b,2021.08.24.13.20.17_veh-08_00016_00738,near_pedestrian_on_crosswalk,27,1629811888549856,0.050034,587724.3663458831,4475568.882724442,0.8793468911075946,587725.2979589391,4475570.008165739,3.2936592543656054,-0.06670597052188793,31,8,2,2,0,5,4,4,0,7,7,7,0
b19bf286110d578b,2021.08.24.13.20.17_veh-08_00016_00738,near_pedestrian_on_crosswalk,28,1629811888599888,0.050032,587724.4681808946,4475569.004938703,0.8792294148883053,587725.3999261569,4475570.13027055,3.3209221683847874,-0.06152747607110243,31,8,2,2,0,5,4,4,0,7,7,7,0
b19bf286110d578b,2021.08.24.13.20.17_veh-08_00016_00738,near_pedestrian_on_crosswalk,29,1629811888649919,0.050031,587724.573554038,4475569.132288667,0.8791019251174822,587725.5054427609,4475570.257501718,3.3511104209532703,-0.05791732341807498,31,8,2,2,0,5,4,4,0,7,7,7,0
b19bf286110d578b,2021.08.24.13.20.17_veh-08_00016_00738,near_pedestrian_on_crosswalk,30,1629811888699948,0.050029,587724.6765889523,4475569.25705248,0.8791557767398396,587725.6084170793,4475570.382315712,3.3768020545749358,-0.060438958697766006,31,8,2,2,0,5,4,4,0,7,7,7,0
b19bf286110d578b,2021.08.24.13.20.17_veh-08_00016_00738,near_pedestrian_on_crosswalk,31,1629811888749977,0.050029,587724.7821934609,4475569.384736734,0.8790969715404059,587725.7140877576,4475570.509945168,3.4030255548222224,-0.06326461025891775,31,9,3,3,0,5,4,4,0,7,7,7,0
b19bf286110d578b,2021.08.24.13.20.17_veh-08_00016_00738,near_pedestrian_on_crosswalk,32,1629811888800008,0.050031,587724.889280193,4475569.513425725,0.8790929507493372,587725.8211790139,4475570.638630412,3.4311735844101983,-0.06564273604338032,31,9,3,3,0,5,4,4,0,7,7,7,0
b19bf286110d578b,2021.08.24.13.20.17_veh-08_00016_00738,near_pedestrian_on_crosswalk,33,1629811888850039,0.050031,587724.9981155946,4475569.644314607,0.8791809601002611,587725.9299153835,4475570.769601305,3.4571375346419524,-0.06091323023497417,31,9,3,3,0,5,4,4,0,7,7,7,0
b19bf286110d578b,2021.08.24.13.20.17_veh-08_00016_00738,near_pedestrian_on_crosswalk,34,1629811888900073,0.050034,587725.1058872764,4475569.773994229,0.8791115566108938,587726.0377651617,4475570.899216254,3.479733197747022,-0.04642836821125257,31,9,3,3,0,5,4,4,0,7,7,7,0
b19bf286110d578b,2021.08.24.13.20.17_veh-08_00016_00738,near_pedestrian_on_crosswalk,35,1629811888950105,0.050032,587725.2150773589,4475569.906031893,0.8789745702706332,587726.1471093756,4475571.031126253,3.5020066148974376,-0.02962554916410692,31,9,3,3,0,5,4,4,0,7,7,7,0
b19bf286110d578b,2021.08.24.13.20.17_veh-08_00016_00738,near_pedestrian_on_crosswalk,36,1629811889000135,0.05003,587725.3242815685,4475570.038242159,0.8786549304589569,587726.2566731626,4475571.163038548,3.5223171395069213,-0.020922918744816065,31,9,3,3,0,5,4,4,0,7,7,7,0
b19bf286110d578b,2021.08.24.13.20.17_veh-08_00016_00738,near_pedestrian_on_crosswalk,37,1629811889050166,0.050031,587725.4344718868,4475570.171970151,0.8779259223273681,587726.3676832188,4475571.29608652,3.545150686785089,-0.022011352560589673,31,9,3,3,0,5,4,4,0,7,7,7,0
b19bf286110d578b,2021.08.24.13.20.17_veh-08_00016_00738,near_pedestrian_on_crosswalk,38,1629811889100197,0.050031,587725.5444426058,4475570.303650243,0.8771606205488501,587726.4785139526,4475571.427052095,3.5649569409148367,-0.030019485936752764,31,9,3,3,0,5,4,4,0,7,7,7,0
b19bf286110d578b,2021.08.24.13.20.17_veh-08_00016_00738,near_pedestrian_on_crosswalk,39,1629811889150224,0.050027,587725.6581027238,4475570.43762805,0.8764082207358949,587726.5930190535,4475571.560326789,3.588168136539805,-0.033782230348022725,31,9,3,3,0,5,4,4,0,7,7,7,0
b19bf286110d578b,2021.08.24.13.20.17_veh-08_00016_00738,near_pedestrian_on_crosswalk,40,1629811889200250,0.050026,587725.7732039888,4475570.572456684,0.8755726435386619,587726.7090580935,4475571.694373836,3.611102670735387,-0.025081906543032027,31,9,3,3,0,5,4,4,0,7,7,7,0
b19bf286110d578b,2021.08.24.13.20.17_veh-08_00016_00738,near_pedestrian_on_crosswalk,41,1629811889250276,0.050026,587725.8882063564,4475570.708322648,0.8745805642733142,587726.8251730311,4475571.8293108065,3.623904299611408,-0.01342100319142218,31,9,3,3,0,5,4,4,0,7,7,7,0
b19bf286110d578b,2021.08.24.13.20.17_veh-08_00016_00738,near_pedestrian_on_crosswalk,42,1629811889300302,0.050026,587726.0045317434,4475570.8455647575,0.8734518602034027,587726.9427630848,4475571.965494644,3.631340389512642,-0.010917737381361366,32,9,3,3,0,5,4,4,0,7,7,7,0
b19bf286110d578b,2021.08.24.13.20.17_veh-08_00016_00738,near_pedestrian_on_crosswalk,43,1629811889350324,0.050022,587726.1200186133,4475570.9813527465,0.8715891331913368,587727.0603344495,4475572.099533021,3.641456834292281,-0.025367868557114127,32,9,3,3,0,5,4,4,0,7,7,7,0
b19bf286110d578b,2021.08.24.13.20.17_veh-08_00016_00738,near_pedestrian_on_crosswalk,44,1629811889400342,0.050018,587726.235739928,4475571.116690595,0.8692719666785665,587727.1786442474,4475572.232689002,3.6635743086415076,-0.0395698093019675,33,9,3,3,0,6,4,4,0,7,7,7,0
b19bf286110d578b,2021.08.24.13.20.17_veh-08_00016_00738,near_pedestrian_on_crosswalk,45,1629811889450352,0.05001,587726.3549872501,4475571.253819748,0.8659107765665918,587727.3016373189,4475572.366642576,3.6764572691894704,-0.050844859838207385,33,9,3,3,0,6,4,4,0,7,7,7,0
b19bf286110d578b,2021.08.24.13.20.17_veh-08_00016_00738,near_pedestrian_on_crosswalk,46,1629811889500359,0.050007,587726.4754324956,4475571.391659723,0.8622988468774301,587727.4260958185,4475572.501056066,3.6923144142285507,-0.043417125893427985,33,9,3,3,0,6,4,4,0,7,7,7,0
b19bf286110d578b,2021.08.24.13.20.17_veh-08_00016_00738,near_pedestrian_on_crosswalk,47,1629811889550363,0.050004,587726.5948230223,4475571.528520955,0.8580914246913086,587727.5501456157,4475572.633907649,3.7120830188375944,-0.030489876787865685,32,9,3,3,0,6,4,4,0,7,7,7,0
b19bf286110d578b,2021.08.24.13.20.17_veh-08_00016_00738,near_pedestrian_on_crosswalk,48,1629811889600364,0.050001,587726.7125814668,4475571.663306903,0.853535874887338,587727.672929774,4475572.764330122,3.7240427520086103,-0.021856814947784107,32,9,3,3,0,6,4,4,0,7,7,7,0
b19bf286110d578b,2021.08.24.13.20.17_veh-08_00016_00738,near_pedestrian_on_crosswalk,49,1629811889650363,0.049999,587726.8339969004,4475571.8014486395,0.84791528069426,587727.8005184105,4475572.897056768,3.730684806595643,-0.019064238132931684,33,9,3,3,0,7,4,4,0,7,7,7,0
b19bf286110d578b,2021.08.24.13.20.17_veh-08_00016_00738,near_pedestrian_on_crosswalk,50,1629811889700358,0.049995,587726.9552229957,4475571.937086591,0.84094747003532,587727.9293549717,4475573.025933638,3.742268104894831,-0.01598471718578642,33,9,3,3,0,7,4,4,0,7,7,7,0
b19bf286110d578b,2021.08.24.13.20.17_veh-08_00016_00738,near_pedestrian_on_crosswalk,51,1629811889750353,0.049995,587727.0780892407,4475572.073389087,0.8332432472335942,587728.0605809443,4475573.154698965,3.745458749747248,-0.005549182198539275,32,9,3,3,0,7,4,4,0,7,7,7,0
b19bf286110d578b,2021.08.24.13.20.17_veh-08_00016_00738,near_pedestrian_on_crosswalk,52,1629811889800344,0.049991,587727.201140787,4475572.207634232,0.8239644646217329,587728.193623292,4475573.279781366,3.753195338614719,0.006568440420361133,32,9,3,3,0,7,4,4,0,7,7,7,0
b19bf286110d578b,2021.08.24.13.20.17_veh-08_00016_00738,near_pedestrian_on_crosswalk,53,1629811889850330,0.049986,587727.3233667953,4475572.340047555,0.8146651046959746,587728.3257765251,4475573.402919012,3.7546798501871588,0.015498992842067008,32,9,3,3,0,7,4,4,0,7,7,7,0
b19bf286110d578b,2021.08.24.13.20.17_veh-08_00016_00738,near_pedestrian_on_crosswalk,54,1629811889900313,0.049983,587727.4458943058,4475572.470439163,0.8041383630643524,587728.459436863,4475573.522699817,3.756911822540478,0.022171763713827862,32,9,3,3,0,7,4,4,0,7,7,7,0
b19bf286110d578b,2021.08.24.13.20.17_veh-08_00016_00738,near_pedestrian_on_crosswalk,55,1629811889950295,0.049982,587727.5742845347,4475572.603025146,0.7919598253766852,587728.6005666093,4475573.642864606,3.7670708436245075,0.025019756857417908,32,9,3,3,0,7,4,4,0,7,7,7,0
b19bf286110d578b,2021.08.24.13.20.17_veh-08_00016_00738,near_pedestrian_on_crosswalk,56,1629811890000273,0.049978,587727.702566018,4475572.731529116,0.7799055140105814,587728.741307776,4475573.758922205,3.7734899002965423,0.010658343279110416,32,9,3,3,0,7,4,4,0,7,7,7,0
b19bf286110d578b,2021.08.24.13.20.17_veh-08_00016_00738,near_pedestrian_on_crosswalk,57,1629811890050251,0.049978,587727.8321214273,4475572.856395981,0.7672416162681913,587728.8837903459,4475573.87055252,3.77681945365933,0.005351882696493877,32,9,3,3,0,7,4,4,0,7,7,7,0
b19bf286110d578b,2021.08.24.13.20.17_veh-08_00016_00738,near_pedestrian_on_crosswalk,58,1629811890100235,0.049984,587727.9656276627,4475572.983910059,0.7538837456686398,587729.0307493255,4475573.98392848,3.7750096072426436,0.03352051322949378,33,10,3,3,0,7,4,4,0,7,7,7,0
b19bf286110d578b,2021.08.24.13.20.17_veh-08_00016_00738,near_pedestrian_on_crosswalk,59,1629811890150224,0.049989,587728.0957102712,4475573.106186839,0.7398799318888857,587729.1747311109,4475574.091191929,3.770591798020907,0.03624502577083508,33,10,3,3,0,7,4,4,0,7,7,7,0
b19bf286110d578b,2021.08.24.13.20.17_veh-08_00016_00738,near_pedestrian_on_crosswalk,60,1629811890200215,0.049991,587728.2316966112,4475573.231558348,0.7251835487417213,587729.3250764187,4475574.200599935,3.772787085120406,0.02066469838552259,34,11,3,3,0,7,4,4,0,7,7,7,0
b19bf286110d578b,2021.08.24.13.20.17_veh-08_00016_00738,near_pedestrian_on_crosswalk,61,1629811890250209,0.049994,587728.3694565641,4475573.352492856,0.7098697529864456,587729.4775472935,4475574.304677678,3.768542817335705,-0.005152301790481092,34,11,3,3,0,7,4,4,0,7,7,7,0
b19bf286110d578b,2021.08.24.13.20.17_veh-08_00016_00738,near_pedestrian_on_crosswalk,62,1629811890300201,0.049992,587728.5091480163,4475573.470312633,0.693456881352041,587729.6327168847,4475574.404183072,3.7643704658137582,-0.007214728253236713,34,11,3,3,0,7,4,4,0,7,7,7,0
b19bf286110d578b,2021.08.24.13.20.17_veh-08_00016_00738,near_pedestrian_on_crosswalk,63,1629811890350194,0.049993,587728.6504893452,4475573.586456005,0.6758040495065057,587729.7903677551,4475574.5003478,3.765352632022867,0.00950655990680931,34,11,3,3,0,7,4,4,0,7,7,7,0
b19bf286110d578b,2021.08.24.13.20.17_veh-08_00016_00738,near_pedestrian_on_crosswalk,64,1629811890400188,0.049994,587728.7950943464,4475573.701601548,0.6579563668691822,587729.9511011976,4475574.595004682,3.7619728421111525,0.029661025763266298,34,11,3,3,0,7,4,4,0,7,7,7,0
b19bf286110d578b,2021.08.24.13.20.17_veh-08_00016_00738,near_pedestrian_on_crosswalk,65,1629811890450185,0.049997,587728.9389342158,4475573.812552917,0.6390980859816953,587730.1115825636,4475574.683998183,3.7635435775632584,0.04258583493892118,34,11,3,3,0,7,4,4,0,7,7,7,0
b19bf286110d578b,2021.08.24.13.20.17_veh-08_00016_00738,near_pedestrian_on_crosswalk,66,1629811890500177,0.049992,587729.0849321763,4475573.920201213,0.6195591577739228,587730.2743827135,4475574.768569306,3.767094269206624,0.04424567395360995,34,11,3,3,0,7,4,4,0,7,7,7,0
b19bf286110d578b,2021.08.24.13.20.17_veh-08_00016_00738,near_pedestrian_on_crosswalk,67,1629811890550163,0.049986,587729.2363237054,4475574.026585022,0.5992464479755675,587730.4427603335,4475574.850618797,3.7698888133895285,0.03489719295612008,34,11,3,3,0,7,4,4,0,7,7,7,0
b19bf286110d578b,2021.08.24.13.20.17_veh-08_00016_00738,near_pedestrian_on_crosswalk,68,1629811890600145,0.049982,587729.3847132808,4475574.126887657,0.5792016368160666,587730.6074240427,4475574.926574716,3.772427112668683,0.030827643265758185,34,11,3,3,0,7,4,4,0,7,7,7,0
b19bf286110d578b,2021.08.24.13.20.17_veh-08_00016_00738,near_pedestrian_on_crosswalk,69,1629811890650126,0.049981,587729.5376078753,4475574.2257851,0.5576444633588102,587730.7772722016,4475574.998930208,3.7770229100754635,0.040200815022104694,35,12,3,3,0,7,4,4,0,7,7,7,0
b19bf286110d578b,2021.08.24.13.20.17_veh-08_00016_00738,near_pedestrian_on_crosswalk,70,1629811890700110,0.049984,587729.6881915664,4475574.320264076,0.5366957344717248,587730.9437791124,4475575.06727205,3.780121277751679,0.0515391526745004,35,12,3,3,0,7,4,4,0,7,7,7,0
b19bf286110d578b,2021.08.24.13.20.17_veh-08_00016_00738,near_pedestrian_on_crosswalk,71,1629811890750098,0.049988,587729.8437567471,4475574.412030726,0.5139459151824467,587731.1160122204,4475575.130283474,3.7856322553795523,0.051550605002033165,35,12,3,3,0,7,4,4,0,7,7,7,0
b19bf286110d578b,2021.08.24.13.20.17_veh-08_00016_00738,near_pedestrian_on_crosswalk,72,1629811890800086,0.049988,587730.000744497,4475574.500031378,0.49121834612772025,587731.2889941311,4475575.189185846,3.794564311141624,0.049013377473342515,34,12,3,3,0,7,4,4,0,6,6,6,0
b19bf286110d578b,2021.08.24.13.20.17_veh-08_00016_00738,near_pedestrian_on_crosswalk,73,1629811890850078,0.049992,587730.1603085666,4475574.58417033,0.46828804194822193,587731.4640206723,4475575.24360626,3.791832908578062,0.045061728311509834,34,12,3,3,0,7,4,4,0,7,6,6,0
b19bf286110d578b,2021.08.24.13.20.17_veh-08_00016_00738,near_pedestrian_on_crosswalk,74,1629811890900073,0.049995,587730.3238002019,4475574.665381204,0.44446928814376047,587731.6428479624,4475575.293580222,3.7915637628904673,0.04920145259672064,35,12,3,3,0,7,4,4,0,8,6,6,0
b19bf286110d578b,2021.08.24.13.20.17_veh-08_00016_00738,near_pedestrian_on_crosswalk,75,1629811890950065,0.049992,587730.487927437,4475574.7424296355,0.41967320490405857,587731.8221449917,4475575.337731673,3.789109785473679,0.05075665663255483,35,12,3,3,0,7,4,4,0,8,6,6,0
b19bf286110d578b,2021.08.24.13.20.17_veh-08_00016_00738,near_pedestrian_on_crosswalk,76,1629811891000057,0.049992,587730.6512095702,4475574.814667028,0.39580482774920955,587731.9992546361,4475575.377956918,3.7885315269629296,0.036839837428374864,35,12,3,3,0,7,4,4,0,8,6,6,0
b19bf286110d578b,2021.08.24.13.20.17_veh-08_00016_00738,near_pedestrian_on_crosswalk,77,1629811891050045,0.049988,587730.8184961723,4475574.884766256,0.3713625827688658,587732.17990528,4475575.4149419265,3.7935603349441225,0.004559866662933071,35,12,3,3,0,7,4,4,0,8,6,6,0
b19bf286110d578b,2021.08.24.13.20.17_veh-08_00016_00738,near_pedestrian_on_crosswalk,78,1629811891100030,0.049985,587730.989017181,4475574.95045092,0.3460948342285597,587732.3633866298,4475575.446061268,3.7905027834897633,-0.021893092839616275,35,12,2,2,0,7,4,4,0,8,6,6,0
b19bf286110d578b,2021.08.24.13.20.17_veh-08_00016_00738,near_pedestrian_on_crosswalk,79,1629811891150012,0.049982,587731.1543269343,4475575.009214779,0.3217182155624284,587732.5403681728,4475575.471178723,3.7959679555338357,-0.02632843969615614,35,12,2,2,0,7,4,4,0,8,6,6,0
b19bf286110d578b,2021.08.24.13.20.17_veh-08_00016_00738,near_pedestrian_on_crosswalk,80,1629811891199993,0.049981,587731.326884082,4475575.066102774,0.2959624875899952,587732.7243625278,4475575.492218948,3.8100273496416026,-0.0028341351178748364,35,12,2,2,0,7,4,4,0,8,6,6,0
b19bf286110d578b,2021.08.24.13.20.17_veh-08_00016_00738,near_pedestrian_on_crosswalk,81,1629811891249971,0.049978,587731.5006879516,4475575.1204181,0.27037985426947103,587732.9086091024,4475575.510647561,3.8279120985564856,0.025089618185875025,35,12,2,2,0,6,4,4,0,8,6,6,0
b19bf286110d578b,2021.08.24.13.20.17_veh-08_00016_00738,near_pedestrian_on_crosswalk,82,1629811891299946,0.049975,587731.6731980519,4475575.169493839,0.24516303847344753,587733.0905108881,4475575.524099711,3.8499537361776563,0.040664160935870955,36,12,2,2,0,6,4,4,0,9,7,7,0
b19bf286110d578b,2021.08.24.13.20.17_veh-08_00016_00738,near_pedestrian_on_crosswalk,83,1629811891349918,0.049972,587731.8499454799,4475575.213818472,0.2193563469254565,587733.2759365762,4475575.531734173,3.8693919546554807,0.037104737208012044,35,12,2,2,0,6,4,4,0,8,6,6,0
b19bf286110d578b,2021.08.24.13.20.17_veh-08_00016_00738,near_pedestrian_on_crosswalk,84,1629811891399888,0.04997,587732.0273059603,4475575.252879611,0.19363048484973952,587733.4610029613,4475575.534009313,3.8892280560088794,0.03234059112786743,34,12,2,2,0,6,4,4,0,7,6,6,0
b19bf286110d578b,2021.08.24.13.20.17_veh-08_00016_00738,near_pedestrian_on_crosswalk,85,1629811891449861,0.049973,587732.2093927588,4475575.288027038,0.16754829141515704,587733.649933777,4475575.531671399,3.9145502328369073,0.03953859117330994,34,12,2,2,0,6,4,4,0,7,5,5,0
b19bf286110d578b,2021.08.24.13.20.17_veh-08_00016_00738,near_pedestrian_on_crosswalk,86,1629811891499834,0.049973,587732.3927266232,4475575.318040469,0.1414543128485659,587733.8391341695,4475575.524016705,3.9407151960298976,0.04814395935159519,34,12,2,2,0,6,4,4,0,7,5,5,0
b19bf286110d578b,2021.08.24.13.20.17_veh-08_00016_00738,near_pedestrian_on_crosswalk,87,1629811891549809,0.049975,587732.579069923,4475575.344751194,0.11536573474551101,587734.0303582923,4475575.512926904,3.9704003002145756,0.051352228673752554,34,12,2,2,0,6,4,4,0,7,5,5,0
b19bf286110d578b,2021.08.24.13.20.17_veh-08_00016_00738,near_pedestrian_on_crosswalk,88,1629811891599783,0.049974,587732.7664158187,4475575.366287806,0.08950168007060631,587734.2215680167,4475575.496875252,4.000448904233901,0.041475616064365915,34,12,2,2,0,6,4,4,0,7,5,5,0
b19bf286110d578b,2021.08.24.13.20.17_veh-08_00016_00738,near_pedestrian_on_crosswalk,89,1629811891649757,0.049974,587732.959161232,4475575.382311439,0.0632213759962758,587734.417242438,4475575.474616352,4.032180268972009,0.02726377728889361,35,12,3,3,0,6,4,4,0,8,6,6,0
b19bf286110d578b,2021.08.24.13.20.17_veh-08_00016_00738,near_pedestrian_on_crosswalk,90,1629811891699729,0.049972,587733.1502382995,4475575.393065612,0.03762183482204745,587734.61020447,4475575.448018147,4.0664590618907415,0.01661370349467386,35,12,3,3,0,6,4,4,0,8,6,6,0
b19bf286110d578b,2021.08.24.13.20.17_veh-08_00016_00738,near_pedestrian_on_crosswalk,91,1629811891749698,0.049969,587733.3458975722,4475575.4000076605,0.011966472464202318,587734.8067929684,4475575.41749026,4.105864335832489,0.006582329055670226,35,12,3,3,0,6,4,4,0,8,6,6,0
b19bf286110d578b,2021.08.24.13.20.17_veh-08_00016_00738,near_pedestrian_on_crosswalk,92,1629811891799667,0.049969,587733.5425291806,4475575.402084692,-0.01334318595926126,587735.0033991239,4475575.382590876,4.1472530992754795,-0.008471944377595526,35,12,3,3,0,6,4,4,0,8,6,6,0
b19bf286110d578b,2021.08.24.13.20.17_veh-08_00016_00738,near_pedestrian_on_crosswalk,93,1629811891849636,0.049969,587733.7400515107,4475575.399147448,-0.038353143615316936,587735.1999771035,4475575.343127241,4.196828216662322,-0.02217732478496379,35,12,3,3,0,6,4,4,0,8,6,6,0
b19bf286110d578b,2021.08.24.13.20.17_veh-08_00016_00738,near_pedestrian_on_crosswalk,94,1629811891899606,0.04997,587733.9417730398,4475575.390900702,-0.06312370006878688,587735.3998632547,4475575.29873821,4.246722221774371,-0.027329260064746296,35,12,3,3,0,6,4,4,0,8,6,6,0
b19bf286110d578b,2021.08.24.13.20.17_veh-08_00016_00738,near_pedestrian_on_crosswalk,95,1629811891949578,0.049972,587734.1443186746,4475575.377778024,-0.08738753070214099,587735.5997437016,4475575.2502672775,4.29504814535982,-0.029450068244996946,33,11,3,3,0,6,4,4,0,7,6,6,0
b19bf286110d578b,2021.08.24.13.20.17_veh-08_00016_00738,near_pedestrian_on_crosswalk,96,1629811891999548,0.04997,587734.3511410198,4475575.358970429,-0.11139481615048719,587735.8030857573,4475575.196558978,4.347649426710893,-0.03239496170048734,34,11,2,2,0,6,4,4,0,7,6,6,0
b19bf286110d578b,2021.08.24.13.20.17_veh-08_00016_00738,near_pedestrian_on_crosswalk,97,1629811892049520,0.049972,587734.5637384879,4475575.3340749545,-0.1347777189612881,587736.0114890055,4475575.137760312,4.399322968888843,-0.033834039440684124,33,11,2,2,0,6,4,4,0,6,5,5,0
b19bf286110d578b,2021.08.24.13.20.17_veh-08_00016_00738,near_pedestrian_on_crosswalk,98,1629811892099494,0.049974,587734.7735479567,4475575.303949422,-0.1575232739764903,587736.2164590858,4475575.074758511,4.456394597352533,-0.0333599538245178,32,11,1,1,0,6,4,4,0,5,5,5,0
b19bf286110d578b,2021.08.24.13.20.17_veh-08_00016_00738,near_pedestrian_on_crosswalk,99,1629811892149471,0.049977,587734.9858494066,4475575.268658219,-0.17958958168597272,587736.4233522706,4475575.007685968,4.506078556550775,-0.03796073257669086,32,11,1,1,0,6,4,4,0,5,5,5,0
229f7c1c62fa5439,2021.09.01.13.51.23_veh-40_00962_01574,traversing_crosswalk,0,1630505618300766,,331357.1847618215,4690967.990571761,-0.589191826360208,331358.39942267584,4690967.178709698,10.00215012330793,0.22771557283769447,37,16,5,5,0,6,3,3,0,2,1,1,0
229f7c1c62fa5439,2021.09.01.13.51.23_veh-40_00962_01574,traversing_crosswalk,1,1630505618350774,0.050008,331357.59073682554,4690967.720689896,-0.5877764037770833,331358.80654559063,4690966.910547904,9.988431371650213,0.23805480584932218,37,16,5,5,0,6,3,3,0,2,1,1,0
229f7c1c62fa5439,2021.09.01.13.51.23_veh-40_00962_01574,traversing_crosswalk,2,1630505618400779,0.050005,331357.9859401519,4690967.461556384,-0.5864534682786615,331359.20281961834,4690966.653023537,9.963377632966903,0.2462473466547828,36,15,5,5,0,6,3,3,0,2,1,1,0
229f7c1c62fa5439,2021.09.01.13.51.23_veh-40_00962_01574,traversing_crosswalk,3,1630505618450781,0.050002,331358.3857991699,4690967.197775726,-0.5852470485771838,331359.6036531805,4690966.390711535,9.941615547735072,0.25230915973284274,36,15,6,6,0,6,3,3,0,2,1,1,0
229f7c1c62fa5439,2021.09.01.13.51.23_veh-40_00962_01574,traversing_crosswalk,4,1630505618500782,0.050001,331358.7881153637,4690966.935672119,-0.5841456450662466,331360.00685753877,4690966.129949766,9.922773509539116,0.25790687932833406,36,15,6,6,0,6,3,3,0,2,1,1,0
229f7c1c62fa5439,2021.09.01.13.51.23_veh-40_00962_01574,traversing_crosswalk,5,1630505618550781,0.049999,331359.1856159231,4690966.673794104,-0.5831569243881335,331360.40515413665,4690965.869277139,9.900694315048796,0.25614721103938975,37,16,7,7,0,6,3,3,0,2,1,1,0
229f7c1c62fa5439,2021.09.01.13.51.23_veh-40_00962_01574,traversing_crosswalk,6,1630505618600777,0.049996,331359.5783997879,4690966.417097364,-0.5821537839626053,331360.79874443123,4690965.613804172,9.882169187645237,0.25773668567152774,37,16,7,7,0,6,3,3,0,2,1,1,0
229f7c1c62fa5439,2021.09.01.13.51.23_veh-40_00962_01574,traversing_crosswalk,7,1630505618650769,0.049992,331359.9791822844,4690966.155436428,-0.5813974154113041,331361.2001341643,4690965.353066497,9.868818342640271,0.26560501863635916,36,16,7,7,0,5,3,3,0,2,1,1,0
229f7c1c62fa5439,2021.09.01.13.51.23_veh-40_00962_01574,traversing_crosswalk,8,1630505618700759,0.04999,331360.37487237516,4690965.897564816,-0.5806541561276818,331361.5964202867,4690965.09610259,9.846308827319685,0.2697241120671838,37,16,7,7,0,5,3,3,0,2,1,1,0
229f7c1c62fa5439,2021.09.01.13.51.23_veh-40_00962_01574,traversing_crosswalk,9,1630505618750748,0.049989,331360.7684834267,4690965.6400776785,-0.5801553197091409,331361.99043098476,4690964.839224905,9.826666852959448,0.2677623372759016,37,16,7,7,0,5,3,3,0,2,1,1,0
229f7c1c62fa5439,2021.09.01.13.51.23_veh-40_00962_01574,traversing_crosswalk,10,1630505618800736,0.049988,331361.1647179657,4690965.382213911,-0.5795594414624784,331362.38714251755,4690964.582089411,9.803613736697775,0.2634963479234594,37,16,7,7,0,5,3,3,0,2,1,1,0
229f7c1c62fa5439,2021.09.01.13.51.23_veh-40_00962_01574,traversing_crosswalk,11,1630505618850726,0.04999,331361.55571270565,4690965.128381795,-0.5787989602942004,331362.77874538355,4690964.329187158,9.785159629276523,0.2562696302238881,37,16,7,7,0,5,3,3,0,2,1,1,0
229f7c1c62fa5439,2021.09.01.13.51.23_veh-40_00962_01574,traversing_crosswalk,12,1630505618900716,0.04999,331361.9504764803,4690964.871720458,-0.5781667981645178,331363.1740141344,4690964.073299135,9.761197339703012,0.2471588077946606,37,16,7,7,0,5,3,3,0,2,1,1,0
229f7c1c62fa5439,2021.09.01.13.51.23_veh-40_00962_01574,traversing_crosswalk,13,1630505618950706,0.04999,331362.33584761835,4690964.621186651,-0.5774891723779205,331363.55992602237,4690963.823594612,9.729544955188015,0.24146128356231694,36,16,7,7,0,4,2,2,0,2,1,1,0
229f7c1c62fa5439,2021.09.01.13.51.23_veh-40_00962_01574,traversing_crosswalk,14,1630505619000695,0.049989,331362.72514072736,4690964.369826821,-0.5766272911460045,331363.9499061062,4690963.573290088,9.716143555064464,0.2526882619867333,36,16,8,8,0,4,2,2,0,2,1,1,0
229f7c1c62fa5439,2021.09.01.13.51.23_veh-40_00962_01574,traversing_crosswalk,15,1630505619050682,0.049987,331363.11767880793,4690964.117969983,-0.5757393715263239,331364.3431509645,4690963.322521058,9.680223666273054,0.26151350092856834,36,16,8,8,0,4,2,2,0,2,1,1,0
229f7c1c62fa5439,2021.09.01.13.51.23_veh-40_00962_01574,traversing_crosswalk,16,1630505619100669,0.049987,331363.50826349005,4690963.868023865,-0.5748171264059132,331364.73446872423,4690963.073705463,9.64673940483135,0.26348542662106633,35,16,8,8,0,4,2,2,0,1,1,1,0
229f7c1c62fa5439,2021.09.01.13.51.23_veh-40_00962_01574,traversing_crosswalk,17,1630505619150655,0.049986,331363.89694449323,4690963.618345728,-0.5740307025432952,331365.1237740191,4690962.824991888,9.614547572636791,0.25529537428975935,35,16,8,8,0,4,2,2,0,1,1,1,0
229f7c1c62fa5439,2021.09.01.13.51.23_veh-40_00962_01574,traversing_crosswalk,18,1630505619200641,0.049986,331364.28205162945,4690963.372296471,-0.5732843782729008,331365.5094729128,4690962.579858465,9.569601005693277,0.2450295675658685,35,16,8,8,0,4,2,2,0,1,1,1,0
229f7c1c62fa5439,2021.09.01.13.51.23_veh-40_00962_01574,traversing_crosswalk,19,1630505619250628,0.049987,331364.67187907646,4690963.122607692,-0.5725593454644243,331365.89987458073,4690962.331059815,9.526265122154745,0.23933187408047776,34,15,8,8,0,4,2,2,0,1,1,1,0
229f7c1c62fa5439,2021.09.01.13.51.23_veh-40_00962_01574,traversing_crosswalk,20,1630505619300617,0.049989,331365.06012708705,4690962.875199504,-0.5717597626828528,331366.2887551068,4690962.084633764,9.477812800935286,0.2448483171645296,34,15,8,8,0,4,2,2,0,1,1,1,0
229f7c1c62fa5439,2021.09.01.13.51.23_veh-40_00962_01574,traversing_crosswalk,21,1630505619350609,0.049992,331365.44648973114,4690962.629660654,-0.5709832382079859,331366.675731274,4690961.840049212,9.433548108489887,0.25647707866932085,34,15,7,7,0,4,2,2,0,1,1,1,0
229f7c1c62fa5439,2021.09.01.13.51.23_veh-40_00962_01574,traversing_crosswalk,22,1630505619400602,0.049993,331365.8230952259,4690962.39065984,-0.5702739362644982,331367.05289653246,4690961.6019204995,9.38816684871952,0.2611829902448892,34,15,7,7,0,4,2,2,0,1,1,1,0
229f7c1c62fa5439,2021.09.01.13.51.23_veh-40_00962_01574,traversing_crosswalk,23,1630505619450596,0.049994,331366.20370955614,4690962.148243316,-0.5695720396202879,331367.4340641732,4690961.360367364,9.342503269198875,0.25268274061104684,34,15,6,6,0,4,2,2,0,1,1,1,0
229f7c1c62fa5439,2021.09.01.13.51.23_veh-40_00962_01574,traversing_crosswalk,24,1630505619500589,0.049993,331366.5865584612,4690961.905235243,-0.5690199056492339,331367.8173479038,4690961.118038732,9.2994182134485,0.24477381684395202,32,14,6,6,0,4,2,2,0,1,1,1,0
229f7c1c62fa5439,2021.09.01.13.51.23_veh-40_00962_01574,traversing_crosswalk,25,1630505619550579,0.04999,331366.96606289846,4690961.663493532,-0.568452842456484,331368.1972985333,4690960.876995082,9.254894808797218,0.23511425460189614,32,14,6,6,0,4,2,2,0,1,1,1,0
229f7c1c62fa5439,2021.09.01.13.51.23_veh-40_00962_01574,traversing_crosswalk,26,1630505619600566,0.049987,331367.332501413,4690961.430370551,-0.567964937229595,331368.564120638,4690960.64447292,9.199612258867246,0.2313310658563882,32,14,6,6,0,4,2,2,0,1,1,1,0
229f7c1c62fa5439,2021.09.01.13.51.23_veh-40_00962_01574,traversing_crosswalk,27,1630505619650552,0.049986,331367.70938701456,4690961.191018974,-0.567340011444572,331368.9414971267,4690960.405891169,9.14832274065691,0.2312309925655603,32,14,6,6,0,4,2,2,0,1,1,1,0
229f7c1c62fa5439,2021.09.01.13.51.23_veh-40_00962_01574,traversing_crosswalk,28,1630505619700539,0.049987,331368.07422927633,4690960.960128207,-0.5666866917830911,331369.3068520649,4690960.1758055305,9.096366012316343,0.23272623455014396,31,13,6,6,0,4,2,2,0,1,1,1,0
229f7c1c62fa5439,2021.09.01.13.51.23_veh-40_00962_01574,traversing_crosswalk,29,1630505619750527,0.049988,331368.44527320453,4690960.726306882,-0.5660402546441302,331369.67840275087,4690959.942781182,9.045151982085244,0.23432999197796422,31,13,6,6,0,4,2,2,0,1,1,1,0
229f7c1c62fa5439,2021.09.01.13.51.23_veh-40_00962_01574,traversing_crosswalk,30,1630505619800517,0.04999,331368.81441636395,4690960.493927596,-0.5655513379668463,331370.04792884167,4690959.711004888,8.992278162190997,0.23329819957036338,31,13,6,6,0,4,2,2,0,1,1,1,0
229f7c1c62fa5439,2021.09.01.13.51.23_veh-40_00962_01574,traversing_crosswalk,31,1630505619850508,0.049991,331369.1691747651,4690960.270177255,-0.5650946241148921,331370.40304468584,4690959.487817991,8.938490361416426,0.22629401812360245,31,13,6,6,0,4,2,2,0,1,1,1,0
229f7c1c62fa5439,2021.09.01.13.51.23_veh-40_00962_01574,traversing_crosswalk,32,1630505619900499,0.049991,331369.53140259674,4690960.041012516,-0.5648691632942269,331370.7654488774,4690959.258931461,8.88871732601891,0.22164114157243744,31,13,6,6,0,4,2,2,0,1,1,1,0
229f7c1c62fa5439,2021.09.01.13.51.23_veh-40_00962_01574,traversing_crosswalk,33,1630505619950490,0.049991,331369.8897897968,4690959.813851982,-0.5647683227925737,331371.1239149366,4690959.031895373,8.842864653675768,0.22203303961926057,31,13,6,6,0,4,2,2,0,1,1,1,0
229f7c1c62fa5439,2021.09.01.13.51.23_veh-40_00962_01574,traversing_crosswalk,34,1630505620000481,0.049991,331370.24790665164,4690959.587531691,-0.5646560099719721,331371.48211960745,4690958.805713695,8.801102787688166,0.23042426071627042,31,13,6,6,0,4,2,2,0,1,1,1,0
229f7c1c62fa5439,2021.09.01.13.51.23_veh-40_00962_01574,traversing_crosswalk,35,1630505620050474,0.049993,331370.6041556907,4690959.363437102,-0.5644387243803698,331371.8385384952,4690958.581887301,8.758670927456915,0.23438389566495468,31,13,6,6,0,4,2,2,0,1,1,1,0
229f7c1c62fa5439,2021.09.01.13.51.23_veh-40_00962_01574,traversing_crosswalk,36,1630505620100468,0.049994,331370.9645769708,4690959.13671178,-0.5642436954508838,331372.1991121766,4690958.355402734,8.715827949343483,0.2289775163927973,31,13,6,6,0,4,2,2,0,1,1,1,0
229f7c1c62fa5439,2021.09.01.13.51.23_veh-40_00962_01574,traversing_crosswalk,37,1630505620150464,0.049996,331371.31487605046,4690958.916184152,-0.5639420943849517,331372.54964684375,4690958.135247478,8.665502149075472,0.21330188738078534,31,13,6,6,0,4,2,2,0,1,1,1,0
229f7c1c62fa5439,2021.09.01.13.51.23_veh-40_00962_01574,traversing_crosswalk,38,1630505620200460,0.049996,331371.66127771983,4690958.698130433,-0.563660564595997,331372.89626832114,4690957.917541415,8.62737724300126,0.20627985377691896,31,13,6,6,0,4,2,2,0,1,1,1,0
229f7c1c62fa5439,2021.09.01.13.51.23_veh-40_00962_01574,traversing_crosswalk,39,1630505620250455,0.049995,331372.01226369455,4690958.476761013,-0.56331162328891,331373.24752660043,4690957.6966029825,8.587025513626731,0.20563889229544557,31,13,6,6,0,4,2,2,0,1,1,1,0
229f7c1c62fa5439,2021.09.01.13.51.23_veh-40_00962_01574,traversing_crosswalk,40,1630505620300451,0.049996,331372.3608397679,4690958.2574459445,-0.5629287434790267,331373.59640129,4690957.477760928,8.544851301547828,0.21200039191734674,31,13,5,5,0,4,2,2,0,1,1,1,0
229f7c1c62fa5439,2021.09.01.13.51.23_veh-40_00962_01574,traversing_crosswalk,41,1630505620350448,0.049997,331372.7045883293,4690958.041674214,-0.5623885745710536,331373.9405708327,4690957.262656723,8.50095502823317,0.21364463240151857,32,13,5,5,0,4,2,2,0,1,1,1,0
229f7c1c62fa5439,2021.09.01.13.51.23_veh-40_00962_01574,traversing_crosswalk,42,1630505620400442,0.049994,331373.0448769948,4690957.82843621,-0.5617811269626033,331374.28133248247,4690957.050169657,8.458660978538944,0.20689333967004356,32,13,5,5,0,4,2,2,0,1,1,1,0
229f7c1c62fa5439,2021.09.01.13.51.23_veh-40_00962_01574,traversing_crosswalk,43,1630505620450432,0.04999,331373.3879203955,4690957.613485374,-0.5612433029102482,331374.62479427474,4690956.835883928,8.422096883332276,0.20071621400320055,30,11,4,4,0,4,2,2,0,1,1,1,0
229f7c1c62fa5439,2021.09.01.13.51.23_veh-40_00962_01574,traversing_crosswalk,44,1630505620500419,0.049987,331373.7267096675,4690957.400869287,-0.5605531160336233,331374.96411994245,4690956.624121701,8.390907234642148,0.19422658078187985,28,10,4,4,0,4,2,2,0,1,1,1,0
229f7c1c62fa5439,2021.09.01.13.51.23_veh-40_00962_01574,traversing_crosswalk,45,1630505620550407,0.049988,331374.06725528656,4690957.186362778,-0.5597760589204905,331375.3052687651,4690956.410576966,8.357448252645726,0.18759180245388837,28,10,4,4,0,4,2,2,0,1,1,1,0
229f7c1c62fa5439,2021.09.01.13.51.23_veh-40_00962_01574,traversing_crosswalk,46,1630505620600397,0.04999,331374.3974030516,4690956.979560412,-0.5589017680797416,331375.63609431934,4690956.20485728,8.32432071129997,0.18784378805585628,28,10,4,4,0,4,2,2,0,1,1,1,0
229f7c1c62fa5439,2021.09.01.13.51.23_veh-40_00962_01574,traversing_crosswalk,47,1630505620650390,0.049993,331374.73569625465,4690956.768022141,-0.5578934526744395,331375.97516803764,4690955.9945683945,8.29957374369599,0.18765114165912755,28,10,4,4,0,4,2,2,0,1,1,1,0
229f7c1c62fa5439,2021.09.01.13.51.23_veh-40_00962_01574,traversing_crosswalk,48,1630505620700384,0.049994,331375.0705156528,4690956.559780738,-0.5570284516270283,331376.31065601035,4690955.787399424,8.280404040337837,0.18613813050974032,28,10,4,4,0,4,2,2,0,1,1,1,0
229f7c1c62fa5439,2021.09.01.13.51.23_veh-40_00962_01574,traversing_crosswalk,49,1630505620750379,0.049995,331375.40889849927,4690956.34954457,-0.556102645541649,331376.64975340053,4690955.578311716,8.251896224286364,0.18454734946758863,27,9,4,4,0,4,2,2,0,1,1,1,0
229f7c1c62fa5439,2021.09.01.13.51.23_veh-40_00962_01574,traversing_crosswalk,50,1630505620800372,0.049993,331375.7367508199,4690956.148401255,-0.5552715840473098,331376.97824623453,4690955.378199894,8.219958759607053,0.187379618265013,27,9,4,4,0,4,2,2,0,1,1,1,0
229f7c1c62fa5439,2021.09.01.13.51.23_veh-40_00962_01574,traversing_crosswalk,51,1630505620850362,0.04999,331376.0676473151,4690955.94473216,-0.554414489051803,331377.3098024094,4690955.175595162,8.188443117746692,0.1928392887133951,27,9,4,4,0,4,2,2,0,1,1,1,0
229f7c1c62fa5439,2021.09.01.13.51.23_veh-40_00962_01574,traversing_crosswalk,52,1630505620900350,0.049988,331376.4037267456,4690955.739275159,-0.5535772643623889,331377.6465253449,4690954.971178394,8.162623559558392,0.19526959543030506,26,9,4,4,0,4,2,2,0,1,1,1,0
229f7c1c62fa5439,2021.09.01.13.51.23_veh-40_00962_01574,traversing_crosswalk,53,1630505620950335,0.049985,331376.73018583684,4690955.5397132225,-0.5527291040818769,331377.9736354583,4690954.772670825,8.138083928249015,0.19102307148039913,26,9,4,4,0,4,2,2,0,1,1,1,0
229f7c1c62fa5439,2021.09.01.13.51.23_veh-40_00962_01574,traversing_crosswalk,54,1630505621000322,0.049987,331377.0676042095,4690955.332610432,-0.5519773676130411,331378.3116300932,4690954.566502998,8.114939157982585,0.1844634531557107,26,9,4,4,0,4,2,2,0,1,1,1,0
229f7c1c62fa5439,2021.09.01.13.51.23_veh-40_00962_01574,traversing_crosswalk,55,1630505621050313,0.049991,331377.391526353,4690955.133970286,-0.551321591738672,331378.63605436403,4690954.368678818,8.090324995499936,0.1784313599980238,26,9,4,4,0,4,2,2,0,1,1,1,0
229f7c1c62fa5439,2021.09.01.13.51.23_veh-40_00962_01574,traversing_crosswalk,56,1630505621100306,0.049993,331377.7194834843,4690954.933516993,-0.5505766035315833,331378.964581283,4690954.169152897,8.062858804309048,0.17831892304692842,27,9,4,4,0,5,4,4,0,1,1,1,0
229f7c1c62fa5439,2021.09.01.13.51.23_veh-40_00962_01574,traversing_crosswalk,57,1630505621150302,0.049996,331378.05056190654,4690954.730939542,-0.5497882731817829,331379.2962618897,4690953.967557232,8.04290912957677,0.18922159628820068,28,9,4,4,0,5,4,4,0,2,1,1,0
229f7c1c62fa5439,2021.09.01.13.51.23_veh-40_00962_01574,traversing_crosswalk,58,1630505621200300,0.049998,331378.3735389953,4690954.534345801,-0.5490130172953769,331379.61983042065,4690953.771929456,8.020476066365584,0.19624415715581833,29,9,5,5,0,5,4,4,0,3,1,1,0
229f7c1c62fa5439,2021.09.01.13.51.23_veh-40_00962_01574,traversing_crosswalk,59,1630505621250300,0.05,331378.6960244356,4690954.337842052,-0.5481334678978724,331379.9429859616,4690953.576522176,7.98972496189236,0.19429485996878926,30,9,5,5,0,5,4,4,0,4,1,1,0
229f7c1c62fa5439,2021.09.01.13.51.23_veh-40_00962_01574,traversing_crosswalk,60,1630505621300301,0.050001,331379.0220917319,4690954.139020563,-0.5474325575633242,331380.2695865686,4690953.378574883,7.9694420787741915,0.19062276174607948,30,9,5,5,0,5,4,4,0,4,1,1,0
229f7c1c62fa5439,2021.09.01.13.51.23_veh-40_00962_01574,traversing_crosswalk,61,1630505621350305,0.050004,331379.338655753,4690953.946397673,-0.5468619515068001,331380.5865843015,4690953.186663945,7.94032224444126,0.1832339625049167,30,9,5,5,0,5,4,4,0,4,1,1,0
229f7c1c62fa5439,2021.09.01.13.51.23_veh-40_00962_01574,traversing_crosswalk,62,1630505621400312,0.050007,331379.65959796193,4690953.751272797,-0.5461749770274665,331380.9080481336,4690952.992396543,7.918761027968916,0.17643546825325498,30,9,5,5,0,5,4,4,0,4,1,1,0
229f7c1c62fa5439,2021.09.01.13.51.23_veh-40_00962_01574,traversing_crosswalk,63,1630505621450318,0.050006,331379.98343783594,4690953.553746056,-0.54538813873759,331381.232484734,4690952.795852365,7.896184521852503,0.1713960783989262,30,9,5,5,0,5,4,4,0,4,1,1,0
229f7c1c62fa5439,2021.09.01.13.51.23_veh-40_00962_01574,traversing_crosswalk,64,1630505621500326,0.050008,331380.30765106104,4690953.35656653,-0.5446888309946167,331381.55722765456,4690952.599546492,7.879609065944644,0.17486132360207055,29,9,5,5,0,4,3,3,0,4,1,1,0
229f7c1c62fa5439,2021.09.01.13.51.23_veh-40_00962_01574,traversing_crosswalk,65,1630505621550335,0.050009,331380.6294004823,4690953.162122987,-0.5438123245485742,331381.87964012864,4690952.4061985025,7.857065672657774,0.17789215225341518,28,9,5,5,0,4,3,3,0,4,1,1,0
229f7c1c62fa5439,2021.09.01.13.51.23_veh-40_00962_01574,traversing_crosswalk,66,1630505621600346,0.050011,331380.94804234925,4690952.970681133,-0.5431093014082047,331382.198813119,4690952.215635782,7.839611173990684,0.1805991836382542,29,10,5,5,0,4,3,3,0,4,1,1,0
229f7c1c62fa5439,2021.09.01.13.51.23_veh-40_00962_01574,traversing_crosswalk,67,1630505621650358,0.050012,331381.2726970327,4690952.775278034,-0.5425752393899359,331382.5238708651,4690952.020900779,7.825603606160626,0.18117607425294804,29,10,5,5,0,5,4,4,0,4,1,1,0
229f7c1c62fa5439,2021.09.01.13.51.23_veh-40_00962_01574,traversing_crosswalk,68,1630505621700370,0.050012,331381.59377319977,4690952.58252238,-0.5421232716608471,331382.84528785857,4690951.828710694,7.8087264836786545,0.18028084448501458,28,10,5,5,0,5,4,4,0,4,1,1,0
229f7c1c62fa5439,2021.09.01.13.51.23_veh-40_00962_01574,traversing_crosswalk,69,1630505621750382,0.050012,331381.90724044276,4690952.395937999,-0.5417730077150242,331383.1590190578,4690951.642564719,7.788112621008348,0.18366219159218972,28,10,5,5,0,5,4,4,0,4,1,1,0
229f7c1c62fa5439,2021.09.01.13.51.23_veh-40_00962_01574,traversing_crosswalk,70,1630505621800395,0.050013,331382.2212411796,4690952.208719823,-0.5413183477451544,331383.47336219397,4690951.455915754,7.773505071446627,0.18496074848911548,28,10,5,5,0,5,4,4,0,4,1,1,0
229f7c1c62fa5439,2021.09.01.13.51.23_veh-40_00962_01574,traversing_crosswalk,71,1630505621850409,0.050014,331382.5445550725,4690952.015082834,-0.5408588498158972,331383.79702186654,4690951.262854192,7.761828372712269,0.18264913040736758,27,9,5,5,0,5,4,4,0,4,1,1,0
229f7c1c62fa5439,2021.09.01.13.51.23_veh-40_00962_01574,traversing_crosswalk,72,1630505621900425,0.050016,331382.863790047,4690951.825005224,-0.5404222890992089,331384.11658511515,4690951.073323431,7.744651834496877,0.18322370282421938,27,9,5,5,0,5,4,4,0,4,2,2,0
229f7c1c62fa5439,2021.09.01.13.51.23_veh-40_00962_01574,traversing_crosswalk,73,1630505621950442,0.050017,331383.1796263897,4690951.638323728,-0.5399018894808226,331384.43281246314,4690950.887293992,7.727088854004506,0.18591139576821306,27,9,5,5,0,5,4,4,0,4,2,2,0
229f7c1c62fa5439,2021.09.01.13.51.23_veh-40_00962_01574,traversing_crosswalk,74,1630505622000461,0.050019,331383.4960923847,4690951.449692957,-0.5397133943822603,331384.7494200013,4690950.6988994535,7.715824381592472,0.18613353592218118,27,9,5,5,0,5,4,4,0,4,2,2,0
229f7c1c62fa5439,2021.09.01.13.51.23_veh-40_00962_01574,traversing_crosswalk,75,1630505622050480,0.050019,331383.8170539048,4690951.258881115,-0.5395865321197708,331385.0704767587,4690950.508246617,7.702225273232453,0.18452879591373275,27,9,5,5,0,5,4,4,0,4,2,2,0
229f7c1c62fa5439,2021.09.01.13.51.23_veh-40_00962_01574,traversing_crosswalk,76,1630505622100495,0.050015,331384.12876111816,4690951.0743972445,-0.5395380401552512,331385.3822203703,4690950.323823528,7.683571207237719,0.18314529311553096,28,9,5,5,0,5,4,4,0,5,2,2,0
229f7c1c62fa5439,2021.09.01.13.51.23_veh-40_00962_01574,traversing_crosswalk,77,1630505622150504,0.050009,331384.44805367355,4690950.88422401,-0.5396422161752823,331385.7014347271,4690950.1335197175,7.671327637016857,0.18679397071321616,28,9,5,5,0,5,4,4,0,5,2,2,0
229f7c1c62fa5439,2021.09.01.13.51.23_veh-40_00962_01574,traversing_crosswalk,78,1630505622200510,0.050006,331384.7605191181,4690950.70016776,-0.5398717136991347,331386.0137278539,4690949.94917584,7.661081851055032,0.1939671797255002,29,9,5,5,0,6,5,5,0,5,2,2,0
229f7c1c62fa5439,2021.09.01.13.51.23_veh-40_00962_01574,traversing_crosswalk,79,1630505622250512,0.050002,331385.077622285,4690950.514102688,-0.5402146961914297,331386.33057337,4690949.762680983,7.647849591665426,0.19890463846374726,28,9,5,5,0,6,5,5,0,5,2,2,0
229f7c1c62fa5439,2021.09.01.13.51.23_veh-40_00962_01574,traversing_crosswalk,80,1630505622300512,0.05,331385.39450145274,4690950.325467968,-0.5406091715584775,331386.6471560229,4690949.573552064,7.641181157092282,0.20065636299579787,29,9,5,5,0,7,5,5,0,5,2,2,0
229f7c1c62fa5439,2021.09.01.13.51.23_veh-40_00962_01574,traversing_crosswalk,81,1630505622350512,0.05,331385.71096172056,4690950.138623086,-0.5410122261312861,331386.96331312583,4690949.386202354,7.62827697493913,0.2031061895011213,29,9,5,5,0,7,4,4,0,5,2,2,0
229f7c1c62fa5439,2021.09.01.13.51.23_veh-40_00962_01574,traversing_crosswalk,82,1630505622400511,0.049999,331386.0225913114,4690949.956400788,-0.5415019858939396,331387.2745740611,4690949.203366796,7.614795017981769,0.20575236611986347,29,9,5,5,0,7,4,4,0,5,2,2,0
229f7c1c62fa5439,2021.09.01.13.51.23_veh-40_00962_01574,traversing_crosswalk,83,1630505622450512,0.050001,331386.33999169746,4690949.767565861,-0.542097719024841,331387.5915256177,4690949.013786155,7.605500501890404,0.2050999081017426,29,9,5,5,0,7,4,4,0,5,2,2,0
229f7c1c62fa5439,2021.09.01.13.51.23_veh-40_00962_01574,traversing_crosswalk,84,1630505622500512,0.05,331386.65016568225,4690949.583631817,-0.5427110594924933,331387.9012370435,4690948.829084636,7.594587726192575,0.2034470914746963,28,9,5,5,0,6,4,4,0,5,2,2,0
229f7c1c62fa5439,2021.09.01.13.51.23_veh-40_00962_01574,traversing_crosswalk,85,1630505622550509,0.049997,331386.96370159555,4690949.397462039,-0.543390743848514,331388.21425981395,4690948.642064699,7.58487805161147,0.20785787034280714,27,9,5,5,0,6,3,3,0,5,2,2,0
229f7c1c62fa5439,2021.09.01.13.51.23_veh-40_00962_01574,traversing_crosswalk,86,1630505622600506,0.049997,331387.2815159794,4690949.208118638,-0.5441450912164582,331388.53150401,4690948.451778157,7.57662939659015,0.21048606679451168,27,9,5,5,0,6,3,3,0,5,2,2,0
229f7c1c62fa5439,2021.09.01.13.51.23_veh-40_00962_01574,traversing_crosswalk,87,1630505622650503,0.049997,331387.5895948422,4690949.024077984,-0.5448545003999581,331388.83904600353,4690948.26685094,7.566589999049276,0.21163705610587372,28,9,5,5,0,7,3,3,0,5,2,2,0
229f7c1c62fa5439,2021.09.01.13.51.23_veh-40_00962_01574,traversing_crosswalk,88,1630505622700500,0.049997,331387.90215003694,4690948.837998631,-0.5457667756957331,331389.1509098789,4690948.07963206,7.559305394567991,0.21382058274660332,28,9,5,5,0,7,3,3,0,5,2,2,0
229f7c1c62fa5439,2021.09.01.13.51.23_veh-40_00962_01574,traversing_crosswalk,89,1630505622750494,0.049994,331388.2138533699,4690948.651663918,-0.5466797812098897,331389.4619202986,4690947.892157538,7.554234425064164,0.2138999272273996,28,9,5,5,0,7,2,2,0,5,2,2,0
229f7c1c62fa5439,2021.09.01.13.51.23_veh-40_00962_01574,traversing_crosswalk,90,1630505622800485,0.049991,331388.5252661349,4690948.465203695,-0.5477839220977799,331389.7724937009,4690947.704319736,7.551496358053158,0.21735061463839284,28,9,5,5,0,7,2,2,0,5,2,2,0
229f7c1c62fa5439,2021.09.01.13.51.23_veh-40_00962_01574,traversing_crosswalk,91,1630505622850473,0.049988,331388.84012676246,4690948.276082997,-0.5488595236634144,331390.0865351992,4690947.513857959,7.563053754110736,0.22229830103088188,29,9,5,5,0,8,2,2,0,5,2,2,0
229f7c1c62fa5439,2021.09.01.13.51.23_veh-40_00962_01574,traversing_crosswalk,92,1630505622900462,0.049989,331389.1496780871,4690948.088935854,-0.5500290115008964,331390.3951942588,4690947.325253678,7.578287652697495,0.22528503179113127,29,9,5,5,0,8,2,2,0,5,2,2,0
229f7c1c62fa5439,2021.09.01.13.51.23_veh-40_00962_01574,traversing_crosswalk,93,1630505622950449,0.049987,331389.46516315,4690947.899766018,-0.5512768490214736,331390.70972540096,4690947.134530235,7.588287254496522,0.22634614545759096,29,9,5,5,0,8,2,2,0,5,2,2,0
229f7c1c62fa5439,2021.09.01.13.51.23_veh-40_00962_01574,traversing_crosswalk,94,1630505623000436,0.049987,331389.77401010145,4690947.712842319,-0.5524895102576783,331391.0176434658,4690946.946097867,7.601560307599334,0.2243776753198204,29,9,5,5,0,8,2,2,0,5,2,2,0
229f7c1c62fa5439,2021.09.01.13.51.23_veh-40_00962_01574,traversing_crosswalk,95,1630505623050421,0.049985,331390.0857408344,4690947.522997102,-0.5537806827422683,331391.328383163,4690946.754647544,7.61567529144468,0.22100017023415283,29,9,5,5,0,8,2,2,0,5,2,2,0
229f7c1c62fa5439,2021.09.01.13.51.23_veh-40_00962_01574,traversing_crosswalk,96,1630505623100407,0.049986,331390.40423916,4690947.330581993,-0.5552691189931394,331391.6457364732,4690946.560383693,7.632886752594885,0.218350018843127,29,9,5,5,0,8,2,2,0,5,2,2,0
229f7c1c62fa5439,2021.09.01.13.51.23_veh-40_00962_01574,traversing_crosswalk,97,1630505623150394,0.049987,331390.7153613504,4690947.140492341,-0.556678763811901,331391.9557717244,4690946.368544736,7.649462256319104,0.21790659214661978,28,8,5,5,0,8,2,2,0,5,2,2,0
229f7c1c62fa5439,2021.09.01.13.51.23_veh-40_00962_01574,traversing_crosswalk,98,1630505623200385,0.049991,331391.0301872719,4690946.94628269,-0.5581710415035106,331392.26944430504,4690946.172484909,7.669654522857608,0.21762906154411618,28,8,5,5,0,8,2,2,0,5,2,2,0
229f7c1c62fa5439,2021.09.01.13.51.23_veh-40_00962_01574,traversing_crosswalk,99,1630505623250380,0.049995,331391.3470643541,4690946.751441011,-0.5596833725848102,331392.58514973207,4690945.975769949,7.687674356263955,0.22422126714801796,28,8,5,5,0,8,2,2,0,5,2,2,0
229f7c1c62fa5439,2021.09.01.13.51.23_veh-40_00962_01574,traversing_crosswalk,100,1630505623300376,0.049996,331391.663459283,4690946.558480501,-0.5610488880936272,331392.90048431617,4690945.781119538,7.705217741037372,0.22761849579866386,28,8,5,5,0,8,2,2,0,5,2,2,0
b1557245d0845fc0,2021.09.07.15.28.24_veh-40_00160_00361,traversing_crosswalk,0,1631028838250432,,332951.8898171003,4689964.829306978,3.1414320505409643,332950.42881711916,4689964.829541619,9.43407689350199,0.24088154967951828,25,3,1,1,0,2,0,0,0,2,1,1,0
b1557245d0845fc0,2021.09.07.15.28.24_veh-40_00160_00361,traversing_crosswalk,1,1631028838300441,0.050009,332951.44376489875,4689964.82834229,3.141505771111045,332949.98276490427,4689964.828469225,9.43146687768633,0.24796603473978945,25,3,1,1,0,2,0,0,0,2,1,1,0
b1557245d0845fc0,2021.09.07.15.28.24_veh-40_00160_00361,traversing_crosswalk,2,1631028838350450,0.050009,332950.98117518064,4689964.826945427,-3.1414104344259584,332949.5201752049,4689964.826679205,9.431727952726266,0.2528712523848057,25,3,1,1,0,2,0,0,0,2,1,1,0
b1557245d0845fc0,2021.09.07.15.28.24_veh-40_00160_00361,traversing_crosswalk,3,1631028838400459,0.050009,332950.5274442506,4689964.824043977,-3.1412302824421854,332949.0664443465,4689964.823514553,9.436998809776457,0.2557042900778621,25,3,1,1,0,2,0,0,0,2,1,1,0
b1557245d0845fc0,2021.09.07.15.28.24_veh-40_00160_00361,traversing_crosswalk,4,1631028838450465,0.050006,332950.0728610627,4689964.822505769,-3.1411919722226362,332948.61186118,4689964.8219203735,9.440922362638183,0.23931563413255824,26,3,0,0,0,2,0,0,0,3,1,1,0
b1557245d0845fc0,2021.09.07.15.28.24_veh-40_00160_00361,traversing_crosswalk,5,1631028838500470,0.050005,332949.61828597,4689964.821612085,-3.1412449680233987,332948.1572860583,4689964.821104117,9.441011958948694,0.2295199489092152,26,3,0,0,0,2,0,0,0,3,1,1,0
b1557245d0845fc0,2021.09.07.15.28.24_veh-40_00160_00361,traversing_crosswalk,6,1631028838550473,0.050003,332949.16255287436,4689964.821624599,-3.1415364382616913,332947.7015528767,4689964.821542469,9.44222438655083,0.22463165130320067,26,3,0,0,0,2,0,0,0,3,1,1,0
b1557245d0845fc0,2021.09.07.15.28.24_veh-40_00160_00361,traversing_crosswalk,7,1631028838600470,0.049997,332948.7129997951,4689964.821496251,3.141552555289521,332947.25199979625,4689964.821554835,9.44200522795592,0.22552440633034118,26,3,0,0,0,2,0,0,0,3,1,1,0
b1557245d0845fc0,2021.09.07.15.28.24_veh-40_00160_00361,traversing_crosswalk,8,1631028838650464,0.049994,332948.25479219825,4689964.821222549,-3.141560694258337,332946.793792199,4689964.8211758565,9.442861930397703,0.22385387707799226,27,3,0,0,0,2,0,0,0,4,1,1,0
b1557245d0845fc0,2021.09.07.15.28.24_veh-40_00160_00361,traversing_crosswalk,9,1631028838700453,0.049989,332947.80268338637,4689964.820749088,-3.141472708123989,332946.3416833969,4689964.820573848,9.445555287781534,0.22073034913308512,28,3,0,0,0,2,0,0,0,4,1,1,0
b1557245d0845fc0,2021.09.07.15.28.24_veh-40_00160_00361,traversing_crosswalk,10,1631028838750439,0.049986,332947.34672276885,4689964.820459196,-3.1414165338080187,332945.8857227915,4689964.820201885,9.45051604668932,0.21862974806762758,28,3,0,0,0,2,0,0,0,4,1,1,0
b1557245d0845fc0,2021.09.07.15.28.24_veh-40_00160_00361,traversing_crosswalk,11,1631028838800424,0.049985,332946.8801120223,4689964.819541938,-3.1412832933841077,332945.4191120922,4689964.819089962,9.460476829821555,0.2180468619174099,28,3,0,0,0,2,0,0,0,4,1,1,0
b1557245d0845fc0,2021.09.07.15.28.24_veh-40_00160_00361,traversing_crosswalk,12,1631028838850410,0.049986,332946.4261546462,4689964.818983751,-3.141211906383618,332944.96515475214,4689964.81842748,9.463338123785894,0.21918169348808103,28,3,0,0,0,2,0,0,0,4,1,1,0
b1557245d0845fc0,2021.09.07.15.28.24_veh-40_00160_00361,traversing_crosswalk,13,1631028838900396,0.049986,332945.96385632904,4689964.81760257,-3.1410684319468496,332944.5028565298,4689964.816836682,9.472643428541561,0.2239269746060619,29,3,0,0,0,3,1,1,0,4,1,1,0
b1557245d0845fc0,2021.09.07.15.28.24_veh-40_00160_00361,traversing_crosswalk,14,1631028838950387,0.049991,332945.5045084475,4689964.815931429,-3.1410967500258833,332944.0435086271,4689964.815206914,9.474531591131647,0.22032250092451297,29,3,0,0,0,3,1,1,0,4,1,1,0
b1557245d0845fc0,2021.09.07.15.28.24_veh-40_00160_00361,traversing_crosswalk,15,1631028839000379,0.049992,332945.045250601,4689964.814558524,-3.140968041697006,332943.584250886,4689964.813645965,9.48371581684232,0.2113575996215062,28,3,0,0,0,3,1,1,0,4,1,1,0
b1557245d0845fc0,2021.09.07.15.28.24_veh-40_00160_00361,traversing_crosswalk,16,1631028839050373,0.049994,332944.58755490056,4689964.814455725,-3.141103321106997,332943.12655507546,4689964.81374081,9.49056268680857,0.206863628797632,28,3,0,0,0,3,1,1,0,4,1,1,0
b1557245d0845fc0,2021.09.07.15.28.24_veh-40_00160_00361,traversing_crosswalk,17,1631028839100368,0.049995,332944.1332519116,4689964.8126332695,-3.1411988180262584,332942.67225202493,4689964.812057876,9.495279779292556,0.21858612987839476,28,3,0,0,0,3,1,1,0,4,2,2,0
b1557245d0845fc0,2021.09.07.15.28.24_veh-40_00160_00361,traversing_crosswalk,18,1631028839150363,0.049995,332943.6606689198,4689964.8101716945,-3.141355548813817,332942.1996689609,4689964.809825284,9.503832909047716,0.22533146970240006,28,3,0,0,0,2,1,1,0,5,2,2,0
b1557245d0845fc0,2021.09.07.15.28.24_veh-40_00160_00361,traversing_crosswalk,19,1631028839200359,0.049996,332943.2078615579,4689964.808703799,-3.1414885355806432,332941.7468615658,4689964.808551682,9.5098587851608,0.22301787646084317,29,3,0,0,0,2,1,1,0,6,2,2,0
b1557245d0845fc0,2021.09.07.15.28.24_veh-40_00160_00361,traversing_crosswalk,20,1631028839250353,0.049994,332942.7471122923,4689964.805533542,-3.1415691128967205,332941.28611229267,4689964.8054991495,9.516808703247918,0.21994193263813125,28,3,0,0,0,2,1,1,0,5,1,1,0
b1557245d0845fc0,2021.09.07.15.28.24_veh-40_00160_00361,traversing_crosswalk,21,1631028839300345,0.049992,332942.2786718585,4689964.804319437,3.141458173691514,332940.8176718717,4689964.804515912,9.52758747296758,0.20560653253794264,28,3,0,0,0,2,1,1,0,5,1,1,0
b1557245d0845fc0,2021.09.07.15.28.24_veh-40_00160_00361,traversing_crosswalk,22,1631028839350336,0.049991,332941.8229732265,4689964.801675671,3.1412685144614625,332940.36197330325,4689964.802149238,9.532107526741743,0.21253781053387932,29,3,0,0,0,2,1,1,0,6,1,1,0
b1557245d0845fc0,2021.09.07.15.28.24_veh-40_00160_00361,traversing_crosswalk,23,1631028839400324,0.049988,332941.35791309905,4689964.79892731,3.1413441919897163,332939.89691314416,4689964.799290312,9.540217043399586,0.22147354215566434,29,3,0,0,0,2,1,1,0,6,1,1,0
b1557245d0845fc0,2021.09.07.15.28.24_veh-40_00160_00361,traversing_crosswalk,24,1631028839450313,0.049989,332940.9031995942,4689964.795260572,3.141465163560056,332939.44219960604,4689964.7954468345,9.548754024424966,0.23656566829279588,30,3,0,0,0,2,1,1,0,7,2,2,0
b1557245d0845fc0,2021.09.07.15.28.24_veh-40_00160_00361,traversing_crosswalk,25,1631028839500301,0.049988,332940.43600517476,4689964.793207527,-3.1414958199839083,332938.9750051816,4689964.793066054,9.556231763709446,0.23944097910412804,32,3,0,0,0,2,1,1,0,9,3,3,0
b1557245d0845fc0,2021.09.07.15.28.24_veh-40_00160_00361,traversing_crosswalk,26,1631028839550288,0.049987,332939.9753920658,4689964.78915518,-3.1411718073008514,332938.5143921952,4689964.788540323,9.56057807122864,0.23964978241992027,34,3,0,0,0,2,1,1,0,11,5,5,0
b1557245d0845fc0,2021.09.07.15.28.24_veh-40_00160_00361,traversing_crosswalk,27,1631028839600273,0.049985,332939.5092894333,4689964.786979147,-3.140753117919548,332938.0482899482,4689964.785752586,9.5657752787103,0.23914570309212838,34,3,0,0,0,2,1,1,0,11,5,5,0
b1557245d0845fc0,2021.09.07.15.28.24_veh-40_00160_00361,traversing_crosswalk,28,1631028839650257,0.049984,332939.0375785379,4689964.78292248,-3.1404037257192337,332937.5765795705,4689964.7811854575,9.56812737329512,0.24278548711794404,34,3,0,0,0,2,1,1,0,11,5,5,0
b1557245d0845fc0,2021.09.07.15.28.24_veh-40_00160_00361,traversing_crosswalk,29,1631028839700239,0.049982,332938.58084360923,4689964.778916564,-3.139615482009918,332937.1198464649,4689964.776027918,9.56971404480759,0.24667171931759785,34,3,0,0,0,2,1,1,0,11,5,5,0
b1557245d0845fc0,2021.09.07.15.28.24_veh-40_00160_00361,traversing_crosswalk,30,1631028839750220,0.049981,332938.115900044,4689964.7759026885,-3.1387740670583204,332936.6549058474,4689964.771784739,9.575953924555652,0.24658124022564853,36,3,0,0,0,2,2,2,0,12,6,6,0
b1557245d0845fc0,2021.09.07.15.28.24_veh-40_00160_00361,traversing_crosswalk,31,1631028839800201,0.049981,332937.65064187977,4689964.770423693,-3.137479826163175,332936.1896542364,4689964.764414868,9.582540811167453,0.24768280238941856,38,3,0,0,0,2,2,2,0,14,7,7,0
b1557245d0845fc0,2021.09.07.15.28.24_veh-40_00160_00361,traversing_crosswalk,32,1631028839850184,0.049983,332937.1921764123,4689964.7638599295,-3.1360785837135725,332935.7311986231,4689964.755803914,9.586788925745104,0.2536350032244376,39,4,0,0,0,2,2,2,0,14,7,7,0
b1557245d0845fc0,2021.09.07.15.28.24_veh-40_00160_00361,traversing_crosswalk,33,1631028839900167,0.049983,332936.7308366426,4689964.756342785,-3.1347334568183616,332935.2698710115,4689964.746321578,9.591496979257833,0.256388881185259,37,4,0,0,0,2,2,2,0,12,5,5,0
b1557245d0845fc0,2021.09.07.15.28.24_veh-40_00160_00361,traversing_crosswalk,34,1631028839950153,0.049986,332936.26692246966,4689964.747401933,-3.1333433924020033,332934.80597218015,4689964.735349899,9.594385888911331,0.2595001541515631,36,4,0,0,0,2,2,2,0,11,4,4,0
b1557245d0845fc0,2021.09.07.15.28.24_veh-40_00160_00361,traversing_crosswalk,35,1631028840000139,0.049986,332935.7951420188,4689964.738393833,-3.131927565328719,332934.33421025716,4689964.7242733585,9.602494580697654,0.26005616902364403,36,4,0,0,0,2,2,2,0,11,4,4,0
b1557245d0845fc0,2021.09.07.15.28.24_veh-40_00160_00361,traversing_crosswalk,36,1631028840050124,0.049985,332935.3363010834,4689964.728740613,-3.1305956612881523,332933.8753894247,4689964.712674331,9.607339037308726,0.2629727129318163,36,4,0,0,0,2,2,2,0,11,4,4,0
b1557245d0845fc0,2021.09.07.15.28.24_veh-40_00160_00361,traversing_crosswalk,37,1631028840100107,0.049983,332934.8672434775,4689964.719376991,-3.1292029109912645,332933.406355612,4689964.70127604,9.612327193784354,0.2611206174050229,37,4,0,0,0,2,2,2,0,11,4,4,0
b1557245d0845fc0,2021.09.07.15.28.24_veh-40_00160_00361,traversing_crosswalk,38,1631028840150091,0.049984,332934.4073023871,4689964.710269028,-3.1275713772474876,332932.94644599827,4689964.689784614,9.62189450173931,0.26065376314175454,37,4,0,0,0,2,2,2,0,11,4,4,0
b1557245d0845fc0,2021.09.07.15.28.24_veh-40_00160_00361,traversing_crosswalk,39,1631028840200079,0.049988,332933.9340898991,4689964.700613347,-3.1256733603463296,332932.47327502136,4689964.677356242,9.629929518319178,0.26156954113397446,37,4,0,0,0,2,2,2,0,11,4,4,0
b1557245d0845fc0,2021.09.07.15.28.24_veh-40_00160_00361,traversing_crosswalk,40,1631028840250071,0.049992,332933.47145690565,4689964.690308097,-3.123734771669317,332932.0106898588,4689964.664219118,9.635796559962731,0.26102265864652835,36,4,0,0,0,2,2,2,0,10,3,3,0
b1557245d0845fc0,2021.09.07.15.28.24_veh-40_00160_00361,traversing_crosswalk,41,1631028840300068,0.049997,332933.00706269045,4689964.67863138,-3.1215605168405474,332931.54635582044,4689964.649366386,9.640192603892975,0.2625220654981968,36,4,0,0,0,2,2,2,0,10,3,3,0
b1557245d0845fc0,2021.09.07.15.28.24_veh-40_00160_00361,traversing_crosswalk,42,1631028840350068,0.05,332932.5367771126,4689964.666166565,-3.1194655316920366,332931.0761347577,4689964.633841478,9.648243130841733,0.26155282903059857,36,5,0,0,0,2,2,2,0,9,2,2,0
b1557245d0845fc0,2021.09.07.15.28.24_veh-40_00160_00361,traversing_crosswalk,43,1631028840400069,0.050001,332932.07365752384,4689964.653611137,-3.117446770440638,332930.6130834019,4689964.618337429,9.651584650038183,0.26204946182427813,36,5,0,0,0,2,2,2,0,9,2,2,0
b1557245d0845fc0,2021.09.07.15.28.24_veh-40_00160_00361,traversing_crosswalk,44,1631028840450072,0.050003,332931.60522508883,4689964.640106305,-3.115593470531264,332930.144718848,4689964.602125777,9.658275147158417,0.26543254155013857,36,5,0,0,0,2,2,2,0,9,2,2,0
b1557245d0845fc0,2021.09.07.15.28.24_veh-40_00160_00361,traversing_crosswalk,45,1631028840500077,0.050005,332931.140072275,4689964.624973183,-3.113721680859166,332929.6796396842,4689964.584258963,9.669509284022443,0.2709736411514695,37,5,0,0,0,2,2,2,0,9,2,2,0
b1557245d0845fc0,2021.09.07.15.28.24_veh-40_00160_00361,traversing_crosswalk,46,1631028840550080,0.050003,332930.6688175207,4689964.608363883,-3.111877434998516,332929.20846250054,4689964.564956337,9.676245319065352,0.27031628983766076,37,5,0,0,0,2,2,2,0,9,2,2,0
b1557245d0845fc0,2021.09.07.15.28.24_veh-40_00160_00361,traversing_crosswalk,47,1631028840600084,0.050004,332930.20536692586,4689964.592213097,-3.1099952051852786,332928.7450961955,4689964.546056906,9.686112827048394,0.2647800893099551,37,5,0,0,0,2,2,2,0,9,2,2,0
b1557245d0845fc0,2021.09.07.15.28.24_veh-40_00160_00361,traversing_crosswalk,48,1631028840650092,0.050008,332929.73166853655,4689964.573841919,-3.1082717832254088,332928.27147952135,4689964.525169135,9.696064291545435,0.2634455408271402,37,5,0,0,0,2,2,2,0,9,2,2,0
b1557245d0845fc0,2021.09.07.15.28.24_veh-40_00160_00361,traversing_crosswalk,49,1631028840700105,0.050013,332929.25611239846,4689964.5548023665,-3.1063224071089492,332927.7960210392,4689964.503283219,9.704149414956063,0.26192518000497594,36,5,0,0,0,2,2,2,0,9,2,2,0
b1557245d0845fc0,2021.09.07.15.28.24_veh-40_00160_00361,traversing_crosswalk,50,1631028840750124,0.050019,332928.7910692683,4689964.535896363,-3.1044062178983913,332927.3310793099,4689964.481579501,9.709885482410995,0.2598177890699235,36,5,0,0,0,2,2,2,0,9,2,2,0
b1557245d0845fc0,2021.09.07.15.28.24_veh-40_00160_00361,traversing_crosswalk,51,1631028840800147,0.050023,332928.31420648267,4689964.515644309,-3.102363559856126,332926.8543305209,4689964.458345302,9.718110771216718,0.2584892185313005,36,5,0,0,0,2,2,2,0,9,1,1,0
b1557245d0845fc0,2021.09.07.15.28.24_veh-40_00160_00361,traversing_crosswalk,52,1631028840850172,0.050025,332927.84191276017,4689964.495038944,-3.1003394327016824,332926.3821557694,4689964.434785082,9.723453313606102,0.25754725020385255,36,5,0,0,0,2,2,2,0,9,1,1,0
b1557245d0845fc0,2021.09.07.15.28.24_veh-40_00160_00361,traversing_crosswalk,53,1631028840900198,0.050026,332927.37186978146,4689964.473671198,-3.098368391287745,332925.91223438905,4689964.410540213,9.732078849149923,0.2558723545527149,36,5,0,0,0,2,2,2,0,9,0,0,0
b1557245d0845fc0,2021.09.07.15.28.24_veh-40_00160_00361,traversing_crosswalk,54,1631028840950225,0.050027,332926.89899267093,4689964.450719089,-3.0965149633897795,332925.4394767943,4689964.384882886,9.739234826310133,0.2574679518530495,36,5,0,0,0,2,2,2,0,9,0,0,0
b1557245d0845fc0,2021.09.07.15.28.24_veh-40_00160_00361,traversing_crosswalk,55,1631028841000253,0.050028,332926.43202453735,4689964.427021082,-3.0944985528633935,332924.9726443805,4689964.35824203,9.747535684630108,0.2575374336448575,36,5,0,0,0,2,2,2,0,9,0,0,0
b1557245d0845fc0,2021.09.07.15.28.24_veh-40_00160_00361,traversing_crosswalk,56,1631028841050278,0.050025,332925.96105607675,4689964.402778914,-3.092774609298475,332924.50179665966,4689964.3314840775,9.753932946768092,0.2595488130442824,36,5,0,0,0,2,2,2,0,9,0,0,0
b1557245d0845fc0,2021.09.07.15.28.24_veh-40_00160_00361,traversing_crosswalk,57,1631028841100297,0.050019,332925.4904087707,4689964.377561692,-3.091103868889766,332924.0312705054,4689964.303828913,9.760280926738183,0.25856401773286536,36,5,0,0,0,2,2,2,0,9,0,0,0
b1557245d0845fc0,2021.09.07.15.28.24_veh-40_00160_00361,traversing_crosswalk,58,1631028841150313,0.050016,332925.0095993429,4689964.351027448,-3.089224904751763,332923.5506021945,4689964.274553131,9.76962124244203,0.25386713774699243,36,5,0,0,0,2,2,2,0,9,0,0,0
b1557245d0845fc0,2021.09.07.15.28.24_veh-40_00160_00361,traversing_crosswalk,59,1631028841200327,0.050014,332924.5421576872,4689964.324479008,-3.0876804074519684,332923.08328039333,4689964.245751367,9.777055286624577,0.2508184422623673,38,5,0,0,0,2,2,2,0,10,0,0,0
b1557245d0845fc0,2021.09.07.15.28.24_veh-40_00160_00361,traversing_crosswalk,60,1631028841250342,0.050015,332924.0716417933,4689964.297614318,-3.085969109665507,332922.612901362,4689964.21639022,9.78354442676467,0.2452495107659709,38,5,0,0,0,2,2,2,0,10,0,0,0
b1557245d0845fc0,2021.09.07.15.28.24_veh-40_00160_00361,traversing_crosswalk,61,1631028841300360,0.050018,332923.59248433565,4689964.269354179,-3.0841884516680995,332922.13389084925,4689964.185532693,9.78932429222185,0.24624731973669883,40,5,0,0,0,2,2,2,0,12,0,0,0
b1557245d0845fc0,2021.09.07.15.28.24_veh-40_00160_00361,traversing_crosswalk,62,1631028841350383,0.050023,332923.12525064894,4689964.240506254,-3.0823691143068412,332921.666812076,4689964.154031235,9.795343208869554,0.2508885701251271,40,5,0,0,0,2,2,2,0,12,0,0,0
b1557245d0845fc0,2021.09.07.15.28.24_veh-40_00160_00361,traversing_crosswalk,63,1631028841400408,0.050025,332922.6436712957,4689964.210057061,-3.0806643155251288,332921.1853822646,4689964.121095824,9.803197083716952,0.25820767464332917,40,5,0,0,0,2,2,2,0,12,0,0,0
b1557245d0845fc0,2021.09.07.15.28.24_veh-40_00160_00361,traversing_crosswalk,64,1631028841450433,0.050025,332922.174773956,4689964.179521075,-3.0787491803264544,332920.71665797185,4689964.087767183,9.811554482979014,0.2524094653052995,40,5,0,0,0,2,2,2,0,12,0,0,0
b1557245d0845fc0,2021.09.07.15.28.24_veh-40_00160_00361,traversing_crosswalk,65,1631028841500455,0.050022,332921.69308175205,4689964.1479857685,-3.076772553355867,332920.2351499795,4689964.053349906,9.820949952915319,0.24031394278433743,39,4,0,0,0,2,2,2,0,12,0,0,0
b1557245d0845fc0,2021.09.07.15.28.24_veh-40_00160_00361,traversing_crosswalk,66,1631028841550472,0.050017,332921.21652793046,4689964.116714398,-3.0753635346006134,332919.7587309488,4689964.020024377,9.831241614913122,0.2411708676625998,40,4,0,0,0,2,2,2,0,13,0,0,0
b1557245d0845fc0,2021.09.07.15.28.24_veh-40_00160_00361,traversing_crosswalk,67,1631028841600490,0.050018,332920.73901704553,4689964.084787674,-3.074131685378796,332919.28134027746,4689963.986301941,9.839481567958568,0.2490571717562473,40,4,0,0,0,2,2,2,0,13,0,0,0
b1557245d0845fc0,2021.09.07.15.28.24_veh-40_00160_00361,traversing_crosswalk,68,1631028841650510,0.05002,332920.2680734712,4689964.052864218,-3.0729083673019484,332918.81051827315,4689963.952595356,9.849180086388895,0.2605237345060094,41,4,0,0,0,2,2,2,0,14,0,0,0
b1557245d0845fc0,2021.09.07.15.28.24_veh-40_00160_00361,traversing_crosswalk,69,1631028841700533,0.050023,332919.7847282284,4689964.01925902,-3.0717190079582606,332918.32729331695,4689963.917256672,9.858723178194014,0.2647122395481181,40,3,0,0,0,2,2,2,0,14,0,0,0
b1557245d0845fc0,2021.09.07.15.28.24_veh-40_00160_00361,traversing_crosswalk,70,1631028841750553,0.05002,332919.3069917265,4689963.984897415,-3.0706444922665574,332917.84966725955,4689963.88132909,9.865524031789734,0.2560875751044029,42,3,0,0,0,2,2,2,0,15,0,0,0
b1557245d0845fc0,2021.09.07.15.28.24_veh-40_00160_00361,traversing_crosswalk,71,1631028841800570,0.050017,332918.8254122434,4689963.95009068,-3.069631037748065,332917.3681934866,4689963.845045476,9.876831149131332,0.2447064785319768,42,3,0,0,0,2,2,2,0,15,0,0,0
b1557245d0845fc0,2021.09.07.15.28.24_veh-40_00160_00361,traversing_crosswalk,72,1631028841850583,0.050013,332918.3464515488,4689963.915272648,-3.0688329755241366,332916.88931708864,4689963.809064527,9.888749992351249,0.24385607251796942,42,3,0,0,0,2,2,2,0,15,0,0,0
b1557245d0845fc0,2021.09.07.15.28.24_veh-40_00160_00361,traversing_crosswalk,73,1631028841900595,0.050012,332917.86739333184,4689963.87938264,-3.0678829521535746,332916.41036042944,4689963.771790255,9.896296700114256,0.25016953581471113,41,3,0,0,0,1,1,1,0,15,0,0,0
b1557245d0845fc0,2021.09.07.15.28.24_veh-40_00160_00361,traversing_crosswalk,74,1631028841950606,0.050011,332917.3860517587,4689963.841156137,-3.066806802606912,332915.9291354855,4689963.731995829,9.906040041171023,0.25948385391816514,41,3,0,0,0,1,1,1,0,15,0,0,0
b1557245d0845fc0,2021.09.07.15.28.24_veh-40_00160_00361,traversing_crosswalk,75,1631028842000615,0.050009,332916.9098833787,4689963.801571255,-3.0657337297777056,332915.45308508124,4689963.6908476325,9.915458068857182,0.260754450566161,41,3,0,0,0,1,1,1,0,15,0,0,0
b1557245d0845fc0,2021.09.07.15.28.24_veh-40_00160_00361,traversing_crosswalk,76,1631028842050627,0.050012,332916.4244179592,4689963.7614031965,-3.064833636179874,332914.9677199134,4689963.649368365,9.926735093080712,0.2532567457218415,43,3,0,0,0,1,1,1,0,17,0,0,0
b1557245d0845fc0,2021.09.07.15.28.24_veh-40_00160_00361,traversing_crosswalk,77,1631028842100638,0.050011,332915.9357995094,4689963.720980513,-3.0642425592863956,332914.4791679393,4689963.6080846805,9.937718638578218,0.24982839838596613,42,3,0,0,0,1,1,1,0,16,0,0,0
b1557245d0845fc0,2021.09.07.15.28.24_veh-40_00160_00361,traversing_crosswalk,78,1631028842150648,0.05001,332915.4594499688,4689963.681527901,-3.063599830889807,332914.00289126096,4689963.567695874,9.944784643850769,0.24974687525538605,42,3,0,0,0,1,1,1,0,16,0,0,0
b1557245d0845fc0,2021.09.07.15.28.24_veh-40_00160_00361,traversing_crosswalk,79,1631028842200655,0.050007,332914.97852499416,4689963.641654075,-3.063114343216243,332913.522021722,4689963.527114919,9.954202932402396,0.2509718065415261,42,3,0,0,0,1,1,1,0,16,0,0,0
b1557245d0845fc0,2021.09.07.15.28.24_veh-40_00160_00361,traversing_crosswalk,80,1631028842250658,0.050003,332914.4933209758,4689963.60200193,-3.062628745161313,332913.0368734953,4689963.486755513,9.96256238004034,0.24625652540041218,41,2,0,0,0,1,1,1,0,16,0,0,0
b1557245d0845fc0,2021.09.07.15.28.24_veh-40_00160_00361,traversing_crosswalk,81,1631028842300658,0.05,332914.01397763786,4689963.561210143,-3.062274255801295,332912.5575711025,4689963.445447438,9.968448575883043,0.24995251039804253,41,2,0,0,0,1,1,1,0,16,0,0,0
b1557245d0845fc0,2021.09.07.15.28.24_veh-40_00160_00361,traversing_crosswalk,82,1631028842350652,0.049994,332913.5184256396,4689963.519555124,-3.0619345481032743,332912.0620585138,4689963.403297674,9.980303349757108,0.2574439527978394,41,2,0,0,0,1,1,1,0,16,0,0,0
b1557245d0845fc0,2021.09.07.15.28.24_veh-40_00160_00361,traversing_crosswalk,83,1631028842400645,0.049993,332913.03374563786,4689963.478878271,-3.0617248566518835,332911.57740292227,4689963.362315435,9.98897189160801,0.26312906482959664,41,2,0,0,0,1,1,1,0,16,0,0,0
b1557245d0845fc0,2021.09.07.15.28.24_veh-40_00160_00361,traversing_crosswalk,84,1631028842450639,0.049994,332912.5496677785,4689963.437978034,-3.0613357162834767,332911.09337053244,4689963.320848485,10.00174138774529,0.2624960632905183,41,2,0,0,0,1,1,1,0,16,0,0,0
b1557245d0845fc0,2021.09.07.15.28.24_veh-40_00160_00361,traversing_crosswalk,85,1631028842500633,0.049994,332912.0587226342,4689963.396663832,-3.061129777347286,332910.60244954063,4689963.279234377,10.010700598177838,0.25693641370192455,41,2,0,0,0,1,1,1,0,16,0,0,0
b1557245d0845fc0,2021.09.07.15.28.24_veh-40_00160_00361,traversing_crosswalk,86,1631028842550627,0.049994,332911.5755329642,4689963.355912257,-3.0611549771530973,332910.11925691186,4689963.2385195,10.019738393572378,0.25204972315285445,39,1,0,0,0,1,1,1,0,15,0,0,0
b1557245d0845fc0,2021.09.07.15.28.24_veh-40_00160_00361,traversing_crosswalk,87,1631028842600622,0.049995,332911.0822606913,4689963.31426185,-3.06108823756637,332909.62599247694,4689963.196771902,10.026109968588,0.2495411034463872,39,1,0,0,0,1,1,1,0,15,0,0,0
b1557245d0845fc0,2021.09.07.15.28.24_veh-40_00160_00361,traversing_crosswalk,88,1631028842650618,0.049996,332910.5941526508,4689963.273258524,-3.0613011060513653,332909.1378594595,4689963.156078572,10.031770382642389,0.2581110649498908,39,1,0,0,0,1,1,1,0,15,0,0,0
b1557245d0845fc0,2021.09.07.15.28.24_veh-40_00160_00361,traversing_crosswalk,89,1631028842700613,0.049995,332910.1141452532,4689963.232440672,-3.0616537432892,332908.65781083045,4689963.115774271,10.035150204741868,0.2735080962901798,39,1,0,0,0,1,1,1,0,15,0,0,0
b1557245d0845fc0,2021.09.07.15.28.24_veh-40_00160_00361,traversing_crosswalk,90,1631028842750607,0.049994,332909.62926747376,4689963.190202444,-3.062078350355659,332908.17288364493,4689963.074154424,10.036102712492655,0.2925462805032231,39,1,0,0,0,1,1,1,0,15,0,0,0
b1557245d0845fc0,2021.09.07.15.28.24_veh-40_00160_00361,traversing_crosswalk,91,1631028842800602,0.049995,332909.13894691033,4689963.146924026,-3.0626981853309827,332907.68249143066,4689963.031778745,10.042223734861139,0.29930091694304317,39,1,0,0,0,1,1,1,0,15,0,0,0
b1557245d0845fc0,2021.09.07.15.28.24_veh-40_00160_00361,traversing_crosswalk,92,1631028842850597,0.049995,332908.65189832373,4689963.104359967,-3.0634054772110932,332907.195361767,4689962.990244853,10.046398905795774,0.2985130256045097,38,1,0,0,0,1,1,1,0,15,0,0,0
b1557245d0845fc0,2021.09.07.15.28.24_veh-40_00160_00361,traversing_crosswalk,93,1631028842900589,0.049992,332908.16373808513,4689963.063488737,-3.0639992405654075,332906.70713402785,4689962.950238482,10.049508086542781,0.2850091661743509,37,1,0,0,0,1,1,1,0,13,0,0,0
b1557245d0845fc0,2021.09.07.15.28.24_veh-40_00160_00361,traversing_crosswalk,94,1631028842950577,0.049988,332907.66657578683,4689963.0222950205,-3.065151363967719,332906.209842218,4689962.910723028,10.054281583660995,0.2790349531874301,37,1,0,0,0,1,1,1,0,13,0,0,0
b1557245d0845fc0,2021.09.07.15.28.24_veh-40_00160_00361,traversing_crosswalk,95,1631028843000562,0.049985,332907.1839873051,4689962.983738323,-3.0660282274791437,332905.7271564629,4689962.873443729,10.053298432877428,0.2769639823691696,35,0,0,0,0,1,1,1,0,12,0,0,0
b1557245d0845fc0,2021.09.07.15.28.24_veh-40_00160_00361,traversing_crosswalk,96,1631028843050545,0.049983,332906.6893678177,4689962.945078364,-3.0668827887209456,332905.23244325403,4689962.836028762,10.053015506241856,0.28502704472343593,35,0,0,0,0,1,1,1,0,12,0,0,0
b1557245d0845fc0,2021.09.07.15.28.24_veh-40_00160_00361,traversing_crosswalk,97,1631028843100528,0.049983,332906.2016737182,4689962.905358219,-3.0676101497083312,332904.7446702215,4689962.797368355,10.057028607670352,0.29412523596420875,35,0,0,0,0,1,1,1,0,12,0,0,0
b1557245d0845fc0,2021.09.07.15.28.24_veh-40_00160_00361,traversing_crosswalk,98,1631028843150512,0.049984,332905.71968597,4689962.865972512,-3.0684193992915825,332904.2625955596,4689962.759161764,10.056654154349346,0.28486391080151113,32,0,0,0,0,1,1,1,0,9,0,0,0
b1557245d0845fc0,2021.09.07.15.28.24_veh-40_00160_00361,traversing_crosswalk,99,1631028843200497,0.049985,332905.2328035033,4689962.827959428,-3.069231912976069,332903.7756267887,4689962.72233262,10.058827005240756,0.2641167011555178,33,0,0,0,0,1,1,1,0,10,1,1,0
6798fafcd78858cb,2021.09.13.14.16.34_veh-28_00363_00529,traversing_crosswalk,0,1631543151149600,,331742.0612146203,4690924.513999192,1.1643145665081542,331742.638865117,4690925.855953328,4.139264505421511,0.048568569131790695,28,2,0,0,0,5,3,3,0,12,10,10,0
6798fafcd78858cb,2021.09.13.14.16.34_veh-28_00363_00529,traversing_crosswalk,1,1631543151199625,0.050025,331742.1444018333,4690924.709392763,1.1786557952122834,331742.7027483166,4690926.059492835,4.227201602345794,0.046178203852144654,30,2,0,0,0,5,3,3,0,14,10,10,0
6798fafcd78858cb,2021.09.13.14.16.34_veh-28_00363_00529,traversing_crosswalk,2,1631543151249654,0.050029,331742.2249610232,4690924.90544827,1.1927609632608345,331742.7642092073,4690926.263289349,4.306199766108694,0.036739569408927385,30,2,0,0,0,5,3,3,0,14,10,10,0
6798fafcd78858cb,2021.09.13.14.16.34_veh-28_00363_00529,traversing_crosswalk,3,1631543151299685,0.050031,331742.30605825264,4690925.107191411,1.207672056225572,331742.8250003452,4690926.472922022,4.380411674665862,0.020102267764063028,30,2,0,0,0,5,3,3,0,14,10,10,0
6798fafcd78858cb,2021.09.13.14.16.34_veh-28_00363_00529,traversing_crosswalk,4,1631543151349720,0.050035,331742.3866400914,4690925.315648321,1.2232787449454048,331742.88420531893,4690926.689311251,4.446179731556188,0.008577283687779366,30,2,0,0,0,5,3,3,0,14,10,10,0
6798fafcd78858cb,2021.09.13.14.16.34_veh-28_00363_00529,traversing_crosswalk,5,1631543151399756,0.050036,331742.46492418234,4690925.525311926,1.239137806336342,331742.9406427483,4690926.906692701,4.507887765442878,-0.0023161246996025735,31,2,0,0,0,5,3,3,0,15,10,10,0
6798fafcd78858cb,2021.09.13.14.16.34_veh-28_00363_00529,traversing_crosswalk,6,1631543151449796,0.05004,331742.5413648132,4690925.741327519,1.2548980267396477,331742.99525433563,4690927.13003386,4.563501535454693,-0.007069255391984843,31,2,0,0,0,5,3,3,0,15,10,10,0
6798fafcd78858cb,2021.09.13.14.16.34_veh-28_00363_00529,traversing_crosswalk,7,1631543151499833,0.050037,331742.61326042184,4690925.955462928,1.2709852522222884,331743.044751744,4690927.351291083,4.627118715691108,-0.011784374407300522,31,2,0,0,0,5,3,3,0,15,10,10,0
6798fafcd78858cb,2021.09.13.14.16.34_veh-28_00363_00529,traversing_crosswalk,8,1631543151549865,0.050032,331742.68345768313,4690926.177977597,1.288545463265851,331743.0903727022,4690927.581167238,4.68967641804122,-0.021271673829267188,32,3,0,0,0,5,3,3,0,15,10,10,0
6798fafcd78858cb,2021.09.13.14.16.34_veh-28_00363_00529,traversing_crosswalk,9,1631543151599892,0.050027,331742.7501163082,4690926.401565362,1.3061608093732777,331743.13225180306,4690927.811704881,4.750909787872979,-0.023371551886934974,31,3,0,0,0,5,3,3,0,14,9,9,0
6798fafcd78858cb,2021.09.13.14.16.34_veh-28_00363_00529,traversing_crosswalk,10,1631543151649911,0.050019,331742.8142180648,4690926.632295068,1.3245346370140851,331743.17038085486,4690928.049217461,4.809422969238355,-0.018425444336119243,31,3,0,0,0,5,3,3,0,14,9,9,0
6798fafcd78858cb,2021.09.13.14.16.34_veh-28_00363_00529,traversing_crosswalk,11,1631543151699924,0.050013,331742.8755253057,4690926.865635469,1.3440023739273812,331743.2040380763,4690928.289222614,4.865531567718737,-0.02690780221622447,31,3,1,1,0,5,3,3,0,14,9,9,0
6798fafcd78858cb,2021.09.13.14.16.34_veh-28_00363_00529,traversing_crosswalk,12,1631543151749930,0.050006,331742.93227533536,4690927.102189839,1.3640864977186222,331743.2321322734,4690928.532087323,4.916264318201523,-0.030841867222860374,32,3,1,1,0,6,3,3,0,14,9,9,0
6798fafcd78858cb,2021.09.13.14.16.34_veh-28_00363_00529,traversing_crosswalk,13,1631543151799932,0.050002,331742.98564145854,4690927.343670874,1.3836799271579194,331743.2574260376,4690928.779168746,4.961051121415563,-0.02466698935548612,32,3,1,1,0,6,3,3,0,14,9,9,0
6798fafcd78858cb,2021.09.13.14.16.34_veh-28_00363_00529,traversing_crosswalk,14,1631543151849932,0.05,331743.03360337886,4690927.585890304,1.4044320849648944,331743.27554189746,4690929.0267188,5.0018296616171405,-0.016350722173625067,30,3,1,1,0,5,3,3,0,13,8,8,0
6798fafcd78858cb,2021.09.13.14.16.34_veh-28_00363_00529,traversing_crosswalk,15,1631543151899927,0.049995,331743.07608211087,4690927.829105359,1.4255518325931127,331743.28753900185,4690929.27472183,5.047189939911952,-0.01760613946330933,30,3,1,1,0,5,3,3,0,13,7,7,0
6798fafcd78858cb,2021.09.13.14.16.34_veh-28_00363_00529,traversing_crosswalk,16,1631543151949919,0.049992,331743.11512253236,4690928.080513817,1.446664491918356,331743.2960137565,4690929.530272199,5.089695876776049,-0.021380021532647075,30,3,1,1,0,5,3,3,0,13,7,7,0
6798fafcd78858cb,2021.09.13.14.16.34_veh-28_00363_00529,traversing_crosswalk,17,1631543151999908,0.049989,331743.1485523796,4690928.327771064,1.467823487931897,331743.2987299695,4690929.781032118,5.131852336251489,-0.02576630861417275,30,3,1,1,0,5,3,3,0,13,7,7,0
6798fafcd78858cb,2021.09.13.14.16.34_veh-28_00363_00529,traversing_crosswalk,18,1631543152049896,0.049988,331743.1771228115,4690928.582448537,1.490009948040058,331743.29502336803,4690930.038683566,5.17124005724171,-0.023414727316978166,30,3,1,1,0,5,3,3,0,13,7,7,0
6798fafcd78858cb,2021.09.13.14.16.34_veh-28_00363_00529,traversing_crosswalk,19,1631543152099884,0.049988,331743.20092176436,4690928.834516137,1.5118540188393639,331743.28698662174,4690930.292978971,5.210888776911503,-0.02023901181456403,30,3,1,1,0,5,3,3,0,13,7,7,0
6798fafcd78858cb,2021.09.13.14.16.34_veh-28_00363_00529,traversing_crosswalk,20,1631543152149871,0.049987,331743.2187055747,4690929.092406198,1.5336691130191051,331743.2729359732,4690930.552399371,5.245796904100745,-0.012306927920731509,30,3,1,1,0,5,3,3,0,13,7,7,0
6798fafcd78858cb,2021.09.13.14.16.34_veh-28_00363_00529,traversing_crosswalk,21,1631543152199857,0.049986,331743.23059289623,4690929.348455024,1.5552893210120513,331743.2532477237,4690930.809279366,5.274755194416603,-0.016883144029520236,31,3,1,1,0,5,3,3,0,14,8,8,0
6798fafcd78858cb,2021.09.13.14.16.34_veh-28_00363_00529,traversing_crosswalk,22,1631543152249838,0.049981,331743.2356075635,4690929.607431564,1.5777333849620916,331743.2254726028,4690931.06839641,5.298303963511657,-0.02183921626500064,31,3,1,1,0,5,3,3,0,14,8,8,0
6798fafcd78858cb,2021.09.13.14.16.34_veh-28_00363_00529,traversing_crosswalk,23,1631543152299817,0.049979,331743.2357041067,4690929.872873734,1.6007458656351703,331743.1919543715,4690931.333218543,5.324659934970979,-0.03974714107471934,31,3,1,1,0,5,3,3,0,14,8,8,0
6798fafcd78858cb,2021.09.13.14.16.34_veh-28_00363_00529,traversing_crosswalk,24,1631543152349796,0.049979,331743.2301681644,4690930.1313552195,1.6228688295912665,331743.1541246146,4690931.590374883,5.346262706766045,-0.04570436591436426,31,3,1,1,0,5,3,3,0,14,8,8,0
6798fafcd78858cb,2021.09.13.14.16.34_veh-28_00363_00529,traversing_crosswalk,25,1631543152399777,0.049981,331743.2198038299,4690930.388122787,1.6457537439673233,331743.1103935663,4690931.84502031,5.369033298258123,-0.04731384058762719,31,3,1,1,0,5,3,3,0,14,8,8,0
6798fafcd78858cb,2021.09.13.14.16.34_veh-28_00363_00529,traversing_crosswalk,26,1631543152449765,0.049988,331743.20166600717,4690930.657472756,1.6701504256657824,331743.05674836296,4690932.111267747,5.391339325844989,-0.03412285402799945,30,3,1,1,0,5,3,3,0,13,7,7,0
6798fafcd78858cb,2021.09.13.14.16.34_veh-28_00363_00529,traversing_crosswalk,27,1631543152499755,0.04999,331743.1786526534,4690930.916644305,1.6931593858892966,331743.0003260084,4690932.366720375,5.412403824294256,-0.01870564326083302,30,3,1,1,0,5,3,3,0,13,7,7,0
6798fafcd78858cb,2021.09.13.14.16.34_veh-28_00363_00529,traversing_crosswalk,28,1631543152549746,0.049991,331743.1484348662,4690931.182706298,1.717652158355014,331742.934648875,4690932.627980165,5.435392402508772,-0.013212910083814814,30,3,1,1,0,5,3,3,0,13,7,7,0
6798fafcd78858cb,2021.09.13.14.16.34_veh-28_00363_00529,traversing_crosswalk,29,1631543152599738,0.049992,331743.1117207811,4690931.44331384,1.7412927005229515,331742.8638306515,4690932.883130316,5.458990878850634,-0.006467742579133585,30,3,1,1,0,5,3,3,0,13,7,7,0
6798fafcd78858cb,2021.09.13.14.16.34_veh-28_00363_00529,traversing_crosswalk,30,1631543152649727,0.049989,331743.0673262968,4690931.704744349,1.7649392267379629,331742.7854619837,4690933.138297107,5.477030920478178,-0.0011579709868049727,31,3,1,1,0,5,3,3,0,14,7,7,0
6798fafcd78858cb,2021.09.13.14.16.34_veh-28_00363_00529,traversing_crosswalk,31,1631543152699713,0.049986,331743.01622649457,4690931.969703187,1.7888610592010794,331742.70015288837,4690933.396103718,5.496976999589692,-0.014603398029627837,31,3,0,0,0,5,3,3,0,14,7,7,0
6798fafcd78858cb,2021.09.13.14.16.34_veh-28_00363_00529,traversing_crosswalk,32,1631543152749694,0.049981,331742.9598535144,4690932.231059913,1.8124330038136507,331742.6102477944,4690933.649614402,5.510786868208501,-0.03949944314853341,31,3,0,0,0,5,3,3,0,14,7,7,0
6798fafcd78858cb,2021.09.13.14.16.34_veh-28_00363_00529,traversing_crosswalk,33,1631543152799672,0.049978,331742.89850701357,4690932.492215391,1.8362420564769735,331742.5152291319,4690933.902044836,5.5282343202838256,-0.053436468652792585,32,3,0,0,0,5,3,3,0,15,7,7,0
6798fafcd78858cb,2021.09.13.14.16.34_veh-28_00363_00529,traversing_crosswalk,34,1631543152849651,0.049979,331742.83000251016,4690932.7480876725,1.8602039002417186,331742.4130557763,4690934.148329231,5.542865745437471,-0.04221701319742817,32,3,0,0,0,5,3,3,0,15,7,7,0
6798fafcd78858cb,2021.09.13.14.16.34_veh-28_00363_00529,traversing_crosswalk,35,1631543152899635,0.049984,331742.75377002027,4690933.008253784,1.884397529258919,331742.30307168653,4690934.397999088,5.559611486755116,-0.02606665037580953,32,3,0,0,0,5,3,3,0,15,7,7,0
6798fafcd78858cb,2021.09.13.14.16.34_veh-28_00363_00529,traversing_crosswalk,36,1631543152949626,0.049991,331742.6703706542,4690933.2593112625,1.9081260071097885,331742.18682574906,4690934.637971962,5.576175325873012,-0.008608389369410555,32,3,0,0,0,5,3,3,0,15,7,7,0
6798fafcd78858cb,2021.09.13.14.16.34_veh-28_00363_00529,traversing_crosswalk,37,1631543152999623,0.049997,331742.57903653756,4690933.514326434,1.932561265428335,331742.06195140514,4690934.880761198,5.592796981558174,0.0038418093650360577,32,3,0,0,0,5,3,3,0,15,7,7,0
6798fafcd78858cb,2021.09.13.14.16.34_veh-28_00363_00529,traversing_crosswalk,38,1631543153049628,0.050005,331742.47969972383,4690933.769439089,1.957248519760296,331741.92904205876,4690935.122693365,5.610345053089716,0.019200119738043798,31,3,0,0,0,5,3,3,0,14,7,7,0
6798fafcd78858cb,2021.09.13.14.16.34_veh-28_00363_00529,traversing_crosswalk,39,1631543153099637,0.050009,331742.3763568737,4690934.018214212,1.9810997177704133,331741.79358215467,4690935.357950987,5.6274019434703115,0.02233949260466538,31,3,0,0,0,5,3,3,0,14,7,7,0
6798fafcd78858cb,2021.09.13.14.16.34_veh-28_00363_00529,traversing_crosswalk,40,1631543153149648,0.050011,331742.26490552,4690934.269401905,2.0055519945926195,331741.6495486668,4690935.594489428,5.644222463526897,0.02245988457744069,33,3,0,0,0,5,3,3,0,16,7,7,0
6798fafcd78858cb,2021.09.13.14.16.34_veh-28_00363_00529,traversing_crosswalk,41,1631543153199655,0.050007,331742.1490633186,4690934.519160115,2.0296444288007187,331741.5019635516,4690935.829039075,5.662245915432661,0.029034562847492413,34,3,0,0,0,5,3,3,0,17,7,7,0
6798fafcd78858cb,2021.09.13.14.16.34_veh-28_00363_00529,traversing_crosswalk,42,1631543153249667,0.050012,331742.0277467183,4690934.762174888,2.0535604605351985,331741.349507885,4690936.056204673,5.680550384535783,0.049552435061102726,34,3,0,0,0,5,3,3,0,17,7,7,0
6798fafcd78858cb,2021.09.13.14.16.34_veh-28_00363_00529,traversing_crosswalk,43,1631543153299682,0.050015,331741.89765658055,4690935.006711438,2.0772674597079717,331741.18893364124,4690936.284300103,5.703417964126996,0.058322146695074614,35,3,0,0,0,5,3,3,0,18,7,7,0
6798fafcd78858cb,2021.09.13.14.16.34_veh-28_00363_00529,traversing_crosswalk,44,1631543153349699,0.050017,331741.76349118433,4690935.24593362,2.099933256590325,331741.02599520056,4690936.507131731,5.719742634860443,0.045341318652649946,35,3,0,0,0,5,3,3,0,18,7,7,0
6798fafcd78858cb,2021.09.13.14.16.34_veh-28_00363_00529,traversing_crosswalk,45,1631543153399719,0.05002,331741.6257248343,4690935.482716525,2.1228079314885213,331740.8595748088,4690936.7267161785,5.739645467618133,0.017883052997337244,35,3,0,0,0,5,3,3,0,18,7,7,0
6798fafcd78858cb,2021.09.13.14.16.34_veh-28_00363_00529,traversing_crosswalk,46,1631543153449746,0.050027,331741.4818372323,4690935.720933223,2.1454648544666557,331740.6877010517,4690936.9472564785,5.7565437640076995,0.01327729019143498,34,3,0,0,0,5,3,3,0,17,7,7,0
6798fafcd78858cb,2021.09.13.14.16.34_veh-28_00363_00529,traversing_crosswalk,47,1631543153499781,0.050035,331741.33082981914,4690935.957205375,2.1677121302116706,331740.50961005467,4690937.165559255,5.7686698868705495,0.029307915629487487,34,3,0,0,0,5,3,3,0,17,7,7,0
6798fafcd78858cb,2021.09.13.14.16.34_veh-28_00363_00529,traversing_crosswalk,48,1631543153549819,0.050038,331741.17428116605,4690936.192893027,2.1900391295704367,331740.3262894052,4690937.38261189,5.780668679495702,0.04361235976105519,34,3,0,0,0,5,3,3,0,17,7,7,0
6798fafcd78858cb,2021.09.13.14.16.34_veh-28_00363_00529,traversing_crosswalk,49,1631543153599856,0.050037,331741.01443740394,4690936.421105766,2.2108372123463247,331740.1418869526,4690937.592931994,5.7960678853391645,0.049521234346835794,34,3,0,0,0,5,3,3,0,17,7,7,0
6798fafcd78858cb,2021.09.13.14.16.34_veh-28_00363_00529,traversing_crosswalk,50,1631543153649888,0.050032,331740.84897186165,4690936.646204728,2.230507557926206,331739.9535414691,4690937.800641999,5.813432885688158,0.03703262393619656,34,3,0,0,0,5,3,3,0,17,7,7,0
6798fafcd78858cb,2021.09.13.14.16.34_veh-28_00363_00529,traversing_crosswalk,51,1631543153699916,0.050028,331740.68074852915,4690936.873047618,2.2500237763332183,331739.7629598385,4690938.009790737,5.833833789259076,0.044130522537013724,34,3,0,0,0,5,3,3,0,17,7,7,0
6798fafcd78858cb,2021.09.13.14.16.34_veh-28_00363_00529,traversing_crosswalk,52,1631543153749946,0.05003,331740.5116041513,4690937.08991411,2.2679969422906234,331739.57353392267,4690938.209978949,5.85988013850366,0.0809269000846066,34,3,0,0,0,5,3,3,0,17,7,7,0
6798fafcd78858cb,2021.09.13.14.16.34_veh-28_00363_00529,traversing_crosswalk,53,1631543153799977,0.050031,331740.331549893,4690937.312842941,2.2851151404330596,331739.3744445482,4690938.41668639,5.8755908749992,0.08362707009555913,34,3,0,0,0,5,3,3,0,17,7,7,0
6798fafcd78858cb,2021.09.13.14.16.34_veh-28_00363_00529,traversing_crosswalk,54,1631543153850006,0.050029,331740.1466071946,4690937.533871775,2.3012264305274743,331739.17184249416,4690938.622152427,5.8948252876393195,0.07634435533944008,34,3,0,0,0,5,3,3,0,17,7,7,0
6798fafcd78858cb,2021.09.13.14.16.34_veh-28_00363_00529,traversing_crosswalk,55,1631543153900033,0.050027,331739.9606178255,4690937.746786244,2.314856015297631,331738.9711113083,4690938.821680589,5.9047504769288315,0.09311951412331271,34,3,0,0,0,5,3,3,0,17,7,7,0
6798fafcd78858cb,2021.09.13.14.16.34_veh-28_00363_00529,traversing_crosswalk,56,1631543153950056,0.050023,331739.76751110214,4690937.959927437,2.327198455650085,331738.7648134702,4690939.022527295,5.922006891071133,0.12470947230215945,34,3,0,0,0,5,3,3,0,17,7,7,0
6798fafcd78858cb,2021.09.13.14.16.34_veh-28_00363_00529,traversing_crosswalk,57,1631543154000071,0.050015,331739.57415557996,4690938.171584676,2.338480221149705,331738.55953400995,4690939.222804952,5.936989772261371,0.1545718072993903,34,3,0,0,0,5,3,3,0,17,7,7,0
6798fafcd78858cb,2021.09.13.14.16.34_veh-28_00363_00529,traversing_crosswalk,58,1631543154050076,0.050005,331739.3729020994,4690938.386929093,2.3487432197698834,331738.3475454807,4690939.427681131,5.962783976388146,0.14672573355886523,34,3,0,0,0,5,3,3,0,17,7,7,0
6798fafcd78858cb,2021.09.13.14.16.34_veh-28_00363_00529,traversing_crosswalk,59,1631543154100071,0.049995,331739.17688376864,4690938.595590457,2.356953954512295,331738.14301646966,4690939.627888577,5.990395887470999,0.1237987968541566,34,3,0,0,0,5,3,3,0,17,7,7,0
6798fafcd78858cb,2021.09.13.14.16.34_veh-28_00363_00529,traversing_crosswalk,60,1631543154150054,0.049983,331738.9740692639,4690938.810127452,2.3644072079903737,331737.9325367726,4690939.834691295,6.026244139623436,0.08774211194838602,33,3,0,0,0,5,3,3,0,16,6,6,0
6798fafcd78858cb,2021.09.13.14.16.34_veh-28_00363_00529,traversing_crosswalk,61,1631543154200027,0.049973,331738.7718248501,4690939.022267402,2.3709877389512775,331737.7235727843,4690940.039955275,6.064148840941701,0.06496864448286549,33,3,0,0,0,5,3,3,0,16,6,6,0
6798fafcd78858cb,2021.09.13.14.16.34_veh-28_00363_00529,traversing_crosswalk,62,1631543154249992,0.049965,331738.567939923,4690939.23250045,2.3769222771490766,331737.5136668441,4690940.2439495465,6.086487219101545,0.06314278129038739,33,3,0,0,0,5,3,3,0,16,6,6,0
6798fafcd78858cb,2021.09.13.14.16.34_veh-28_00363_00529,traversing_crosswalk,63,1631543154299953,0.049961,331738.3570540363,4690939.44018021,2.3825304649383043,331737.29712516995,4690940.445700871,6.089610120522553,0.07649966714130284,33,3,0,0,0,5,3,3,0,16,6,6,0
6798fafcd78858cb,2021.09.13.14.16.34_veh-28_00363_00529,traversing_crosswalk,64,1631543154349909,0.049956,331738.1458743489,4690939.6510409955,2.3872601614833235,331737.081201548,4690940.651537286,6.106967465867301,0.08142017024680734,33,3,0,0,0,5,3,3,0,16,6,6,0
6798fafcd78858cb,2021.09.13.14.16.34_veh-28_00363_00529,traversing_crosswalk,65,1631543154399864,0.049955,331737.93677732337,4690939.853089625,2.3915484836436414,331736.8678238747,4690940.84901107,6.118202475863882,0.10062434177468411,33,3,0,0,0,5,3,3,0,16,6,6,0
6798fafcd78858cb,2021.09.13.14.16.34_veh-28_00363_00529,traversing_crosswalk,66,1631543154449817,0.049953,331737.715236266,4690940.063678107,2.3954768519266363,331736.6423787293,4690941.055392636,6.149618421003046,0.12886134306300204,33,3,0,0,0,5,3,3,0,16,6,6,0
6798fafcd78858cb,2021.09.13.14.16.34_veh-28_00363_00529,traversing_crosswalk,67,1631543154499772,0.049955,331737.49754502176,4690940.268764692,2.3986064276879917,331736.42158909823,4690941.257116781,6.18561270332657,0.1509059325425901,34,3,0,0,0,5,3,3,0,17,7,7,0
6798fafcd78858cb,2021.09.13.14.16.34_veh-28_00363_00529,traversing_crosswalk,68,1631543154549726,0.049954,331737.2729959793,4690940.478547435,2.401566383468923,331736.194119295,4690941.463710417,6.222977010042168,0.15660095235613172,34,3,0,0,0,5,3,3,0,17,8,8,0
6798fafcd78858cb,2021.09.13.14.16.34_veh-28_00363_00529,traversing_crosswalk,69,1631543154599681,0.049955,331737.05551604414,4690940.687450243,2.403940612233219,331735.9743034005,4690941.67004895,6.25504288531722,0.14328925120456523,34,3,0,0,0,5,3,3,0,17,8,8,0
6798fafcd78858cb,2021.09.13.14.16.34_veh-28_00363_00529,traversing_crosswalk,70,1631543154649640,0.049959,331736.8320550446,4690940.900053419,2.406235927060547,331735.74858987774,4690941.880167817,6.288080439097164,0.1279693709106683,34,3,0,0,0,5,3,3,0,17,8,8,0
6798fafcd78858cb,2021.09.13.14.16.34_veh-28_00363_00529,traversing_crosswalk,71,1631543154699603,0.049963,331736.6055267154,4690941.113236322,2.4086126813596063,331735.51973511983,4690942.090772823,6.3145004601364105,0.1156165127919635,34,3,0,0,0,5,3,3,0,17,8,8,0
6798fafcd78858cb,2021.09.13.14.16.34_veh-28_00363_00529,traversing_crosswalk,72,1631543154749571,0.049968,331736.37984193687,4690941.324154928,2.4110291625594082,331735.29169131524,4690942.299064783,6.340694886714726,0.11027809793081832,34,3,0,0,0,5,3,3,0,17,8,8,0
6798fafcd78858cb,2021.09.13.14.16.34_veh-28_00363_00529,traversing_crosswalk,73,1631543154799547,0.049976,331736.1527582995,4690941.53088697,2.4137962392816688,331735.06191419676,4690942.502782101,6.362824826892177,0.10888357935582947,34,3,0,0,0,5,3,3,0,17,8,8,0
6798fafcd78858cb,2021.09.13.14.16.34_veh-28_00363_00529,traversing_crosswalk,74,1631543154849528,0.049981,331735.92006441834,4690941.7427240405,2.41652365579691,331734.82657361333,4690942.711640373,6.3873131211859855,0.10358869232234671,34,3,0,0,0,5,3,3,0,17,8,8,0
6798fafcd78858cb,2021.09.13.14.16.34_veh-28_00363_00529,traversing_crosswalk,75,1631543154899515,0.049987,331735.68849798356,4690941.9512525005,2.4195003606688084,331734.5921278494,4690942.916909546,6.412217518817419,0.10014246644488047,34,3,0,0,0,5,3,3,0,17,8,8,0
6798fafcd78858cb,2021.09.13.14.16.34_veh-28_00363_00529,traversing_crosswalk,76,1631543154949508,0.049993,331735.4501355101,4690942.163898102,2.4226270442168936,331734.350751436,4690943.12612243,6.438304422581181,0.10864420888602307,34,3,0,0,0,5,3,3,0,17,7,7,0
6798fafcd78858cb,2021.09.13.14.16.34_veh-28_00363_00529,traversing_crosswalk,77,1631543154999505,0.049997,331735.2183501088,4690942.369389386,2.4255375323207793,331734.1161701526,4690943.328409899,6.468014740255486,0.12456570924265606,35,3,0,0,0,5,3,3,0,18,7,7,0
6798fafcd78858cb,2021.09.13.14.16.34_veh-28_00363_00529,traversing_crosswalk,78,1631543155049510,0.050005,331734.9815272837,4690942.577587664,2.4286536384253834,331733.8763642738,4690943.533169017,6.5010871034127025,0.1390922916892308,34,3,0,0,0,4,3,3,0,18,7,7,0
6798fafcd78858cb,2021.09.13.14.16.34_veh-28_00363_00529,traversing_crosswalk,79,1631543155099521,0.050011,331734.7366261885,4690942.790695799,2.431977021562367,331733.6282935247,4690943.742599001,6.538307064082305,0.14823213693012,34,3,0,0,0,4,3,3,0,18,6,6,0
6798fafcd78858cb,2021.09.13.14.16.34_veh-28_00363_00529,traversing_crosswalk,80,1631543155149537,0.050016,331734.4940507594,4690943.001119465,2.4353539347378095,331733.38250992674,4690943.949274504,6.568309546130203,0.15304724169913034,34,3,0,0,0,4,3,3,0,18,6,6,0
6798fafcd78858cb,2021.09.13.14.16.34_veh-28_00363_00529,traversing_crosswalk,81,1631543155199557,0.05002,331734.24759178446,4690943.212974453,2.438605499822456,331733.13297384535,4690944.157510239,6.59438644246871,0.15194016003810812,33,3,0,0,0,4,3,3,0,17,5,5,0
6798fafcd78858cb,2021.09.13.14.16.34_veh-28_00363_00529,traversing_crosswalk,82,1631543155249580,0.050023,331733.9986399078,4690943.424315403,2.441961290734566,331732.88085858605,4690944.365105453,6.618316043110516,0.14037318748394803,33,3,0,0,0,4,3,3,0,17,5,5,0
6798fafcd78858cb,2021.09.13.14.16.34_veh-28_00363_00529,traversing_crosswalk,83,1631543155299607,0.050027,331733.74907188065,4690943.633315694,2.4454181071949126,331732.6280451054,4690944.570236165,6.642421609855776,0.1174463386409443,33,3,0,0,0,4,3,3,0,17,5,5,0
6798fafcd78858cb,2021.09.13.14.16.34_veh-28_00363_00529,traversing_crosswalk,84,1631543155349636,0.050029,331733.49832288834,4690943.842179728,2.448966991915619,331732.3739781567,4690944.775115913,6.665998344259864,0.10735383761187997,33,3,0,0,0,4,3,3,0,18,6,6,0
6798fafcd78858cb,2021.09.13.14.16.34_veh-28_00363_00529,traversing_crosswalk,85,1631543155399664,0.050028,331733.249013149,4690944.050385248,2.4523691215002406,331732.12150096055,4690944.979490874,6.685195277626014,0.11250474412825151,33,3,0,0,0,4,3,3,0,18,6,6,0
6798fafcd78858cb,2021.09.13.14.16.34_veh-28_00363_00529,traversing_crosswalk,86,1631543155449692,0.050028,331732.9941209095,4690944.260102845,2.4557630112322926,331731.8634619387,4690945.185376476,6.701904931586978,0.1337614270353918,33,3,0,0,0,4,3,3,0,18,6,6,0
6798fafcd78858cb,2021.09.13.14.16.34_veh-28_00363_00529,traversing_crosswalk,87,1631543155499721,0.050029,331732.738421968,4690944.468813808,2.4590839974761445,331731.6046964168,4690945.39032744,6.7173042467469415,0.14806655618190548,32,3,0,0,0,4,3,3,0,18,6,6,0
6798fafcd78858cb,2021.09.13.14.16.34_veh-28_00363_00529,traversing_crosswalk,88,1631543155549748,0.050027,331732.48549647245,4690944.6739569185,2.462264873999996,331731.34884544066,4690945.591859654,6.722338266328476,0.1553681036395707,32,3,0,0,0,4,3,3,0,18,6,6,0
6798fafcd78858cb,2021.09.13.14.16.34_veh-28_00363_00529,traversing_crosswalk,89,1631543155599774,0.050026,331732.22517470917,4690944.881825114,2.465716030757145,331731.0853626264,4690945.79579963,6.726170497464498,0.1628337119895608,32,3,0,0,0,4,3,3,0,18,5,5,0
6798fafcd78858cb,2021.09.13.14.16.34_veh-28_00363_00529,traversing_crosswalk,90,1631543155649801,0.050027,331731.96300337237,4690945.0892506875,2.4688254286414,331730.82035489386,4690945.999676662,6.7268186019788,0.16479899790275368,32,3,0,0,0,4,3,3,0,18,5,5,0
6798fafcd78858cb,2021.09.13.14.16.34_veh-28_00363_00529,traversing_crosswalk,91,1631543155699827,0.050026,331731.7080568718,4690945.290962395,2.471918596587964,331730.56259776355,4690946.197849616,6.721479170061431,0.1542009864698085,31,3,0,0,0,4,3,3,0,17,5,5,0
6798fafcd78858cb,2021.09.13.14.16.34_veh-28_00363_00529,traversing_crosswalk,92,1631543155749853,0.050026,331731.45226815867,4690945.494603774,2.4750571018724052,331730.3039684263,4690946.397891505,6.718191630023777,0.142537290328659,31,3,0,0,0,4,3,3,0,18,6,6,0
6798fafcd78858cb,2021.09.13.14.16.34_veh-28_00363_00529,traversing_crosswalk,93,1631543155799877,0.050024,331731.1909781989,4690945.700134319,2.4781914782085863,331730.03985286807,4690946.599818415,6.7123347221979115,0.14030821888048436,31,3,0,0,0,4,3,3,0,18,6,6,0
6798fafcd78858cb,2021.09.13.14.16.34_veh-28_00363_00529,traversing_crosswalk,94,1631543155849896,0.050019,331730.9330544842,4690945.901662544,2.4813834099550545,331729.7790632921,4690946.79766775,6.707277179542663,0.14795136953967933,31,3,0,0,0,4,3,3,0,18,6,6,0
6798fafcd78858cb,2021.09.13.14.16.34_veh-28_00363_00529,traversing_crosswalk,95,1631543155899909,0.050013,331730.67703457596,4690946.100013643,2.48416677499081,331729.5205539476,4690946.992803403,6.695519177083633,0.15870039234333855,30,3,0,0,0,4,3,3,0,17,5,5,0
6798fafcd78858cb,2021.09.13.14.16.34_veh-28_00363_00529,traversing_crosswalk,96,1631543155949921,0.050012,331730.41492241126,4690946.302008399,2.4871885599388066,331729.2557492483,4690947.191299452,6.68550369761351,0.1642294258949313,30,3,0,0,0,4,3,3,0,16,5,5,0
6798fafcd78858cb,2021.09.13.14.16.34_veh-28_00363_00529,traversing_crosswalk,97,1631543155999927,0.050006,331730.1562174706,4690946.500071082,2.489336967013277,331728.99513642513,4690947.38686971,6.675271916817909,0.16804872526103037,29,3,0,0,0,4,3,3,0,15,5,5,0
6798fafcd78858cb,2021.09.13.14.16.34_veh-28_00363_00529,traversing_crosswalk,98,1631543156049928,0.050001,331729.8944567472,4690946.699340762,2.4909650006908586,331728.73193350306,4690947.584247936,6.664187435796146,0.17182751339614397,30,3,0,0,0,4,3,3,0,15,6,6,0
6798fafcd78858cb,2021.09.13.14.16.34_veh-28_00363_00529,traversing_crosswalk,99,1631543156099921,0.049993,331729.6373535129,4690946.893082615,2.4923550524357876,331728.47360132553,4690947.776372967,6.655567034800158,0.16940294569833703,30,3,0,0,0,4,4,4,0,15,6,6,0
007ec6e152325bf4,2021.07.24.23.59.52_veh-12_04767_05924,on_pickup_dropoff,0,1627176764399980,,664712.004424974,3999328.0700576925,1.0981793652623533,664712.6694983724,3999329.370902946,-0.0032155030293638163,0.0002584484826802253,100,25,18,18,0,66,55,20,35,7,5,5,0
007ec6e152325bf4,2021.07.24.23.59.52_veh-12_04767_05924,on_pickup_dropoff,1,1627176764449948,0.049968,664712.0043183758,3999328.0699869245,1.098138104170537,664712.669445448,3999329.370804736,-0.003324580552254702,0.00030477048734105786,100,25,18,18,0,66,55,20,35,7,5,5,0
007ec6e152325bf4,2021.07.24.23.59.52_veh-12_04767_05924,on_pickup_dropoff,2,1627176764499913,0.049965,664712.0041735929,3999328.0699751377,1.098100228429231,664712.669349934,3999329.370767756,-0.0023338019750142377,0.0004025494708957172,101,25,18,18,0,67,56,20,36,7,5,5,0
007ec6e152325bf4,2021.07.24.23.59.52_veh-12_04767_05924,on_pickup_dropoff,3,1627176764549879,0.049966,664712.0040797807,3999328.07001349,1.09812837448792,664712.6692195093,3999329.3708248297,-0.0011666360120734672,-6.796582572976716e-05,101,25,18,18,0,67,56,20,36,7,5,5,0
007ec6e152325bf4,2021.07.24.23.59.52_veh-12_04767_05924,on_pickup_dropoff,4,1627176764599847,0.049968,664712.0040476581,3999328.0700077293,1.0981474752682527,664712.6691625401,3999329.3708317736,-0.001011556004531534,-0.0005052011748534632,101,25,18,18,0,67,56,20,36,7,5,5,0
007ec6e152325bf4,2021.07.24.23.59.52_veh-12_04767_05924,on_pickup_dropoff,5,1627176764649817,0.04997,664712.0039538728,3999328.0700017563,1.0981137011466175,664712.6691126886,3999329.370803336,-0.0012891344765021467,-0.00010153321656897337,100,25,18,18,0,67,56,20,36,6,4,4,0
007ec6e152325bf4,2021.07.24.23.59.52_veh-12_04767_05924,on_pickup_dropoff,6,1627176764699790,0.049973,664712.003836367,3999328.069979666,1.0981019314990395,664712.6690104929,3999329.370773417,-0.0014500286700568478,0.0004866801189991855,101,25,18,18,0,68,56,20,36,6,4,4,0
007ec6e152325bf4,2021.07.24.23.59.52_veh-12_04767_05924,on_pickup_dropoff,7,1627176764749765,0.049975,664712.003721032,3999328.0699591874,1.098170122427789,664712.6688064538,3999329.370798294,-0.0014926675379530179,0.0007862751498496572,101,25,18,18,0,68,56,20,36,6,4,4,0
007ec6e152325bf4,2021.07.24.23.59.52_veh-12_04767_05924,on_pickup_dropoff,8,1627176764799741,0.049976,664712.0036523927,3999328.0699361432,1.0981859546748294,664712.6687172193,3999329.37078578,-0.0013276592463324474,0.0004834802857534918,102,26,18,18,0,68,56,20,36,6,4,4,0
007ec6e152325bf4,2021.07.24.23.59.52_veh-12_04767_05924,on_pickup_dropoff,9,1627176764849720,0.049979,664712.00359578,3999328.069975853,1.0981368069429127,664712.6687245396,3999329.3707928015,-0.0005858638956302572,0.0004313426052628769,103,26,18,18,0,69,57,20,37,6,4,4,0
007ec6e152325bf4,2021.07.24.23.59.52_veh-12_04767_05924,on_pickup_dropoff,10,1627176764899701,0.049981,664712.003543218,3999328.0700217853,1.0981324233424175,664712.6686776798,3999329.370835818,-0.0004750062140697504,0.0004753721297076201,102,26,18,18,0,68,56,20,36,6,4,4,0
007ec6e152325bf4,2021.07.24.23.59.52_veh-12_04767_05924,on_pickup_dropoff,11,1627176764949683,0.049982,664712.0034926806,3999328.0700515257,1.0981600398860083,664712.6685912182,3999329.3708839267,0.00033221663306812795,0.0004342541714898578,101,26,18,18,0,67,55,20,35,6,4,4,0
007ec6e152325bf4,2021.07.24.23.59.52_veh-12_04767_05924,on_pickup_dropoff,12,1627176764999666,0.049983,664712.003439849,3999328.070101846,1.09811782700956,664712.668593298,3999329.37090617,0.0015541651769110766,-3.113716342423894e-05,101,26,18,18,0,67,55,20,35,6,4,4,0
007ec6e152325bf4,2021.07.24.23.59.52_veh-12_04767_05924,on_pickup_dropoff,13,1627176765049649,0.049983,664712.0034284745,3999328.070180719,1.0981194772163623,664712.6685797769,3999329.3709861403,0.0026306326995661445,-0.0004938024139653647,102,26,18,18,0,68,56,20,36,6,4,4,0
007ec6e152325bf4,2021.07.24.23.59.52_veh-12_04767_05924,on_pickup_dropoff,14,1627176765099633,0.049984,664712.003449805,3999328.070231474,1.0981657344158002,664712.6685409349,3999329.3710676623,0.002666647408218311,-0.00040882375787462005,102,26,18,18,0,68,56,20,36,6,4,4,0
007ec6e152325bf4,2021.07.24.23.59.52_veh-12_04767_05924,on_pickup_dropoff,15,1627176765149617,0.049984,664712.003428814,3999328.0703432993,1.098135936293701,664712.6685587062,3999329.3711596685,0.002680248307753711,0.00022970703655987834,102,26,18,18,0,68,56,20,36,6,4,4,0
007ec6e152325bf4,2021.07.24.23.59.52_veh-12_04767_05924,on_pickup_dropoff,16,1627176765199604,0.049987,664712.0033886349,3999328.07044648,1.0981516862549028,664712.6684980391,3999329.371273325,0.0026021509126730774,0.0010857359767793458,102,26,18,18,0,68,56,20,36,6,4,4,0
007ec6e152325bf4,2021.07.24.23.59.52_veh-12_04767_05924,on_pickup_dropoff,17,1627176765249592,0.049988,664712.0033566643,3999328.0705492124,1.0981797308924923,664712.6684295872,3999329.3713947097,0.002717525137286778,0.0009332849991883383,101,25,18,18,0,68,56,20,36,6,4,4,0
007ec6e152325bf4,2021.07.24.23.59.52_veh-12_04767_05924,on_pickup_dropoff,18,1627176765299584,0.049992,664712.0033518169,3999328.0706238197,1.098142252830771,664712.6684734924,3999329.37144439,0.00212289921786294,0.0009341397574773888,101,25,18,18,0,68,56,20,36,6,4,4,0
007ec6e152325bf4,2021.07.24.23.59.52_veh-12_04767_05924,on_pickup_dropoff,19,1627176765349582,0.049998,664712.0032979996,3999328.070700938,1.0981396247340232,664712.6684230937,3999329.37151976,0.00210696121291442,0.0006746064193483951,100,25,18,18,0,67,55,20,35,6,4,4,0
007ec6e152325bf4,2021.07.24.23.59.52_veh-12_04767_05924,on_pickup_dropoff,20,1627176765399588,0.050006,664712.0032784491,3999328.070751905,1.0981405186848996,664712.6684023803,3999329.371571322,0.0017608781617995627,0.00024954158526027675,100,25,18,18,0,67,55,20,35,6,4,4,0
007ec6e152325bf4,2021.07.24.23.59.52_veh-12_04767_05924,on_pickup_dropoff,21,1627176765449600,0.050012,664712.0032574412,3999328.070807803,1.098128335940993,664712.66839722,3999329.371619117,0.0014777692676682468,-0.00023072928779339878,100,25,18,18,0,67,55,20,35,6,4,4,0
007ec6e152325bf4,2021.07.24.23.59.52_veh-12_04767_05924,on_pickup_dropoff,22,1627176765499615,0.050015,664712.0032679479,3999328.0708492585,1.0981145779225199,664712.6684256232,3999329.3716514213,0.0014844996990416564,-0.00030838298802141853,101,25,18,18,0,68,56,20,36,6,4,4,0
007ec6e152325bf4,2021.07.24.23.59.52_veh-12_04767_05924,on_pickup_dropoff,23,1627176765549630,0.050015,664712.0032742872,3999328.070876881,1.0981387040760235,664712.668400579,3999329.371695091,0.00045174664206530413,-8.679235003122099e-05,101,25,18,18,0,68,56,20,36,6,4,4,0
007ec6e152325bf4,2021.07.24.23.59.52_veh-12_04767_05924,on_pickup_dropoff,24,1627176765599645,0.050015,664712.0032380681,3999328.07088954,1.0981428456700166,664712.6683589724,3999329.371710505,-3.776777801619741e-05,0.0005116022905666387,102,25,18,18,0,69,57,20,37,6,4,4,0
007ec6e152325bf4,2021.07.24.23.59.52_veh-12_04767_05924,on_pickup_dropoff,25,1627176765649661,0.050016,664712.0031925535,3999328.07090078,1.098101305662797,664712.6683674934,3999329.371694115,-0.00046558228052064727,0.0006706728853901923,102,25,18,18,0,69,57,20,37,6,4,4,0
007ec6e152325bf4,2021.07.24.23.59.52_veh-12_04767_05924,on_pickup_dropoff,26,1627176765699680,0.050019,664712.0031536875,3999328.0709142424,1.0981460151168836,664712.6682704688,3999329.3717373153,-0.0002534340605950882,0.0006296513200576075,103,25,18,18,0,70,58,20,38,6,4,4,0
007ec6e152325bf4,2021.07.24.23.59.52_veh-12_04767_05924,on_pickup_dropoff,27,1627176765749701,0.050021,664712.0031340386,3999328.070926188,1.0981439232687356,664712.6682535412,3999329.3717478695,-0.00018769004550356976,0.00034571036573939807,103,25,18,18,0,70,58,20,38,6,4,4,0
007ec6e152325bf4,2021.07.24.23.59.52_veh-12_04767_05924,on_pickup_dropoff,28,1627176765799725,0.050024,664712.0031040572,3999328.0709406957,1.0981881319760918,664712.6681660514,3999329.37179178,-0.00013576806726737237,-6.358256378965728e-05,103,25,18,18,0,70,58,20,38,6,4,4,0
007ec6e152325bf4,2021.07.24.23.59.52_veh-12_04767_05924,on_pickup_dropoff,29,1627176765849752,0.050027,664712.0030823422,3999328.0709647927,1.098164020646217,664712.6681757015,3999329.371799841,0.0002941781238915995,-0.00018009326135617898,103,25,18,18,0,70,58,20,38,6,4,4,0
007ec6e152325bf4,2021.07.24.23.59.52_veh-12_04767_05924,on_pickup_dropoff,30,1627176765899783,0.050031,664712.0030837704,3999328.0710029947,1.0981877022249207,664712.6681463236,3999329.371853793,0.000875095352704892,-0.00026032057846220026,104,26,18,18,0,70,58,20,38,6,4,4,0
007ec6e152325bf4,2021.07.24.23.59.52_veh-12_04767_05924,on_pickup_dropoff,31,1627176765949816,0.050033,664712.0030827329,3999328.0710532162,1.0981792122703238,664712.6681563304,3999329.3718983685,0.0018809851374090747,-0.00017424861004626456,102,26,18,18,0,68,56,20,36,6,4,4,0
007ec6e152325bf4,2021.07.24.23.59.52_veh-12_04767_05924,on_pickup_dropoff,32,1627176765999851,0.050035,664712.0030769203,3999328.071116767,1.0981471010156554,664712.6681922892,3999329.371940562,0.002552586922168016,2.182441484064499e-05,102,26,18,18,0,68,56,20,36,6,4,4,0
007ec6e152325bf4,2021.07.24.23.59.52_veh-12_04767_05924,on_pickup_dropoff,33,1627176766049890,0.050039,664712.0030777281,3999328.0711688055,1.0982337224434247,664712.6680804152,3999329.372050209,0.0022524953004645454,0.00018242142401472277,102,26,18,18,0,68,56,20,36,6,4,4,0
007ec6e152325bf4,2021.07.24.23.59.52_veh-12_04767_05924,on_pickup_dropoff,34,1627176766099932,0.050042,664712.0030679627,3999328.0712206415,1.0981916306832078,664712.6681254057,3999329.3720740527,0.0009962154440844259,0.00019430258660599155,102,26,18,18,0,68,56,20,36,6,4,4,0
007ec6e152325bf4,2021.07.24.23.59.52_veh-12_04767_05924,on_pickup_dropoff,35,1627176766149973,0.050041,664712.0030483344,3999328.071259558,1.0981132746235147,664712.668207705,3999329.372060854,0.000541407444694087,0.00034696316356256875,103,27,19,19,0,68,56,20,36,6,4,4,0
007ec6e152325bf4,2021.07.24.23.59.52_veh-12_04767_05924,on_pickup_dropoff,36,1627176766200011,0.050038,664712.0030708557,3999328.0712900204,1.098142077971168,664712.6681927587,3999329.372110475,0.0009040828779150847,1.2455974920332793e-06,103,27,19,19,0,68,56,20,36,6,4,4,0
007ec6e152325bf4,2021.07.24.23.59.52_veh-12_04767_05924,on_pickup_dropoff,37,1627176766250047,0.050036,664712.003069961,3999328.071338943,1.0981300417099844,664712.6682075209,3999329.3721513916,0.0013437072461752043,-0.00020217176868045052,103,27,19,19,0,68,56,20,36,6,4,4,0
007ec6e152325bf4,2021.07.24.23.59.52_veh-12_04767_05924,on_pickup_dropoff,38,1627176766300082,0.050035,664712.0030633879,3999328.071374927,1.0981187897552696,664712.6682155845,3999329.3721798914,0.000848271730148228,-0.0001726012225764096,103,27,19,19,0,68,56,20,36,6,4,4,0
007ec6e152325bf4,2021.07.24.23.59.52_veh-12_04767_05924,on_pickup_dropoff,39,1627176766350118,0.050036,664712.0030729683,3999328.071402281,1.0981638753610647,664712.6681665166,3999329.372237233,0.0011003780042900847,0.00026750917393180145,103,27,19,19,0,68,56,20,36,6,4,4,0
007ec6e152325bf4,2021.07.24.23.59.52_veh-12_04767_05924,on_pickup_dropoff,40,1627176766400153,0.050035,664712.0030598281,3999328.0714428993,1.098122903533992,664712.6682066733,3999329.3722506,0.0014517508408528415,6.42109631167742e-05,102,27,19,19,0,67,56,20,36,6,4,4,0
007ec6e152325bf4,2021.07.24.23.59.52_veh-12_04767_05924,on_pickup_dropoff,41,1627176766450190,0.050037,664712.0030501746,3999328.071460718,1.0981072669339396,664712.66821736,3999329.372258018,0.0011401432062941798,-0.0005671259986133538,102,27,18,18,0,67,56,20,36,6,4,4,0
007ec6e152325bf4,2021.07.24.23.59.52_veh-12_04767_05924,on_pickup_dropoff,42,1627176766500225,0.050035,664712.0030730071,3999328.0714877383,1.0981379489539578,664712.6682002811,3999329.3723054463,0.0010733710982950247,-0.0001697343720499727,102,27,18,18,0,67,56,20,36,6,4,4,0
007ec6e152325bf4,2021.07.24.23.59.52_veh-12_04767_05924,on_pickup_dropoff,43,1627176766550262,0.050037,664712.0030487399,3999328.071517953,1.0981504713832697,664712.6681597244,3999329.37234399,0.0003365445737309998,6.454813681579255e-05,103,27,18,18,0,68,57,20,37,6,4,4,0
007ec6e152325bf4,2021.07.24.23.59.52_veh-12_04767_05924,on_pickup_dropoff,44,1627176766600299,0.050037,664712.0030365817,3999328.071542086,1.0981141678712467,664712.6681947904,3999329.372343976,0.0005595154949394394,-4.646850680419081e-05,106,28,18,18,0,70,59,20,39,6,4,4,0
007ec6e152325bf4,2021.07.24.23.59.52_veh-12_04767_05924,on_pickup_dropoff,45,1627176766650334,0.050035,664712.0030180233,3999328.071560602,1.0981154475185422,664712.6681745675,3999329.3723633434,0.00029048114926553324,0.00038119687468547096,106,28,18,18,0,70,59,20,39,6,4,4,0
007ec6e152325bf4,2021.07.24.23.59.52_veh-12_04767_05924,on_pickup_dropoff,46,1627176766700369,0.050035,664712.002998994,3999328.071570794,1.0981444933341877,664712.668117755,3999329.3723928547,0.0004620295580180077,0.0007368392863250557,106,28,18,18,0,70,59,20,39,6,4,4,0
007ec6e152325bf4,2021.07.24.23.59.52_veh-12_04767_05924,on_pickup_dropoff,47,1627176766750403,0.050034,664712.0029842702,3999328.071583586,1.098108878107293,664712.6681493599,3999329.3723819572,0.0009340133289641457,0.0006272912130076199,106,28,18,18,0,70,59,20,39,6,4,4,0
007ec6e152325bf4,2021.07.24.23.59.52_veh-12_04767_05924,on_pickup_dropoff,48,1627176766800439,0.050036,664712.0029865577,3999328.0716107977,1.09811350537533,664712.6681456282,3999329.372412247,0.0010482233224268942,0.000298842190782119,106,28,18,18,0,70,59,20,39,6,4,4,0
007ec6e152325bf4,2021.07.24.23.59.52_veh-12_04767_05924,on_pickup_dropoff,49,1627176766850473,0.050034,664712.0029719478,3999328.071646933,1.0981136522094708,664712.6681308273,3999329.37244848,0.0006275170676418499,0.00011324573451808873,106,28,18,18,0,69,59,20,39,7,5,5,0
007ec6e152325bf4,2021.07.24.23.59.52_veh-12_04767_05924,on_pickup_dropoff,50,1627176766900506,0.050033,664712.0029508458,3999328.071661653,1.098101987143421,664712.6681248992,3999329.372455441,0.00018483607235077646,0.0003318266940723187,107,29,18,18,0,69,59,20,39,7,5,5,0
007ec6e152325bf4,2021.07.24.23.59.52_veh-12_04767_05924,on_pickup_dropoff,51,1627176766950539,0.050033,664712.0029396903,3999328.0716616586,1.0981248481895578,664712.6680840059,3999329.3724706527,5.961670583512444e-05,0.0003366981082855315,106,28,18,18,0,69,59,20,39,7,5,5,0
007ec6e152325bf4,2021.07.24.23.59.52_veh-12_04767_05924,on_pickup_dropoff,52,1627176767000570,0.050031,664712.0029047019,3999328.0716669746,1.0981311969177296,664712.668040759,3999329.3724801918,9.659434674851933e-05,0.0004613926286076369,106,28,18,18,0,69,59,20,39,7,5,5,0
007ec6e152325bf4,2021.07.24.23.59.52_veh-12_04767_05924,on_pickup_dropoff,53,1627176767050602,0.050032,664712.0028758949,3999328.071696027,1.0981536211246448,664712.6679827822,3999329.372524159,0.000545506007548029,0.0008580101065324869,106,28,18,18,0,69,59,20,39,7,5,5,0
007ec6e152325bf4,2021.07.24.23.59.52_veh-12_04767_05924,on_pickup_dropoff,54,1627176767100633,0.050031,664712.0028494815,3999328.071739544,1.098169332349486,664712.6679359312,3999329.3725781254,0.0013375417476013183,0.000656921203282522,106,28,18,18,0,69,59,20,39,7,5,5,0
007ec6e152325bf4,2021.07.24.23.59.52_veh-12_04767_05924,on_pickup_dropoff,55,1627176767150662,0.050029,664712.0028374842,3999328.0717775133,1.0981700713682543,664712.6679229726,3999329.372616586,0.0009986398667089832,6.456890341217274e-05,106,28,18,18,0,69,59,20,39,7,5,5,0
007ec6e152325bf4,2021.07.24.23.59.52_veh-12_04767_05924,on_pickup_dropoff,56,1627176767200688,0.050026,664712.0028420517,3999328.071805857,1.0981744626951093,664712.6679218275,3999329.3726478503,0.0007608764993810698,-2.7182091879605847e-05,106,28,18,18,0,69,59,20,39,7,5,5,0
007ec6e152325bf4,2021.07.24.23.59.52_veh-12_04767_05924,on_pickup_dropoff,57,1627176767250709,0.050021,664712.0028408666,3999328.0718255523,1.0981105598454295,664712.6680037687,3999329.3726250427,0.00042170969989436955,0.00015406277489920562,106,28,18,18,0,69,59,20,39,7,5,5,0
007ec6e152325bf4,2021.07.24.23.59.52_veh-12_04767_05924,on_pickup_dropoff,58,1627176767300725,0.050016,664712.0028520181,3999328.071831655,1.0981406629497208,664712.6679757617,3999329.372651168,0.0003010158991090262,-0.0002685371014791134,107,28,18,18,0,70,59,20,39,7,5,5,0
007ec6e152325bf4,2021.07.24.23.59.52_veh-12_04767_05924,on_pickup_dropoff,59,1627176767350737,0.050012,664712.0028542066,3999328.071868727,1.0981507209868748,664712.6679648665,3999329.37269493,0.0008078613324796151,-2.3753601715819377e-05,107,28,18,18,0,70,59,20,39,7,5,5,0
007ec6e152325bf4,2021.07.24.23.59.52_veh-12_04767_05924,on_pickup_dropoff,60,1627176767400745,0.050008,664712.0028618597,3999328.0719126444,1.0981146342445296,664712.6680194618,3999329.372714845,0.0013665006467520194,0.00014409417168652862,108,28,18,18,0,71,59,20,39,7,5,5,0
007ec6e152325bf4,2021.07.24.23.59.52_veh-12_04767_05924,on_pickup_dropoff,61,1627176767450752,0.050007,664712.0028603972,3999328.071960042,1.0981421501118958,664712.6679822063,3999329.3727805447,0.0017754390185566187,0.00015818457689065408,107,27,18,18,0,71,59,20,39,7,5,5,0
007ec6e152325bf4,2021.07.24.23.59.52_veh-12_04767_05924,on_pickup_dropoff,62,1627176767500756,0.050004,664712.0028488259,3999328.0720261126,1.0981387535445994,664712.6679750533,3999329.3728443556,0.002387431368043708,7.616537790610542e-05,106,27,18,18,0,70,59,20,39,7,5,5,0
007ec6e152325bf4,2021.07.24.23.59.52_veh-12_04767_05924,on_pickup_dropoff,63,1627176767550758,0.050002,664712.0028570957,3999328.0721012214,1.098099986872395,664712.668033751,3999329.372893679,0.003247021077583246,0.00014965326816347317,107,27,18,18,0,71,59,20,39,7,5,5,0
007ec6e152325bf4,2021.07.24.23.59.52_veh-12_04767_05924,on_pickup_dropoff,64,1627176767600757,0.049999,664712.0028982396,3999328.0722122854,1.0981197212396212,664712.6680492245,3999329.3730178694,0.004675948155340265,0.00026331835700165834,108,27,18,18,0,72,60,20,40,7,5,5,0
007ec6e152325bf4,2021.07.24.23.59.52_veh-12_04767_05924,on_pickup_dropoff,65,1627176767650748,0.049991,664712.0029474763,3999328.072358254,1.0981572501135144,664712.6680496429,3999329.3731887992,0.00515686149091252,-0.00029886324053598454,108,27,18,18,0,72,60,20,40,7,5,5,0
007ec6e152325bf4,2021.07.24.23.59.52_veh-12_04767_05924,on_pickup_dropoff,66,1627176767700736,0.049988,664712.0029914435,3999328.0724956677,1.09813495836913,664712.6681226077,3999329.3733113864,0.005501003049605687,3.896406941925798e-05,107,27,18,18,0,71,59,20,39,7,5,5,0
007ec6e152325bf4,2021.07.24.23.59.52_veh-12_04767_05924,on_pickup_dropoff,67,1627176767750723,0.049987,664712.0030558105,3999328.0726353116,1.098160537895557,664712.6681537003,3999329.3734680437,0.005829913290821717,7.896446191300088e-06,106,27,18,18,0,70,58,20,38,7,5,5,0
007ec6e152325bf4,2021.07.24.23.59.52_veh-12_04767_05924,on_pickup_dropoff,68,1627176767800710,0.049987,664712.003118412,3999328.0727471346,1.098194093398982,664712.6681726513,3999329.3736021835,0.004891016627038432,-0.00020180638374316679,106,27,18,18,0,70,58,20,38,7,5,5,0
007ec6e152325bf4,2021.07.24.23.59.52_veh-12_04767_05924,on_pickup_dropoff,69,1627176767850698,0.049988,664712.0031651586,3999328.0728738247,1.098197939284571,664712.668214395,3999329.3737314316,0.005461353465972942,0.000678323683901254,105,27,18,18,0,70,58,20,38,6,5,5,0
007ec6e152325bf4,2021.07.24.23.59.52_veh-12_04767_05924,on_pickup_dropoff,70,1627176767900687,0.049989,664712.0032128794,3999328.073042276,1.0981707376203174,664712.668297501,3999329.3738817917,0.006233397740924241,0.0008370041898668788,105,27,18,18,0,70,58,20,38,6,5,5,0
007ec6e152325bf4,2021.07.24.23.59.52_veh-12_04767_05924,on_pickup_dropoff,71,1627176767950674,0.049987,664712.00327393,3999328.0732285106,1.0981829402624677,664712.668342678,3999329.374076142,0.005986182562498131,0.00027270797563879324,105,27,18,18,0,70,58,20,38,6,5,5,0
007ec6e152325bf4,2021.07.24.23.59.52_veh-12_04767_05924,on_pickup_dropoff,72,1627176768000660,0.049986,664712.0033200606,3999328.0733634,1.0981702160713311,664712.6684053607,3999329.374202569,0.005185670894500219,-2.3215851900165367e-05,106,27,18,18,0,71,58,20,38,6,5,5,0
007ec6e152325bf4,2021.07.24.23.59.52_veh-12_04767_05924,on_pickup_dropoff,73,1627176768050642,0.049982,664712.0033612472,3999328.0734780063,1.0981748131955908,664712.6684405672,3999329.374320233,0.005360126287341604,0.00018022715168156353,107,28,19,19,0,71,58,20,38,6,5,5,0
007ec6e152325bf4,2021.07.24.23.59.52_veh-12_04767_05924,on_pickup_dropoff,74,1627176768100619,0.049977,664712.0033958595,3999328.0735937976,1.0981562407146206,664712.6684993391,3999329.3744236715,0.0042130282505673375,0.0001506447282707097,107,28,19,19,0,71,58,20,38,6,5,5,0
007ec6e152325bf4,2021.07.24.23.59.52_veh-12_04767_05924,on_pickup_dropoff,75,1627176768150595,0.049976,664712.0034451772,3999328.0737013603,1.098145128147083,664712.6685631124,3999329.374523843,0.004524186497149381,-7.622646796426189e-05,107,28,19,19,0,71,58,20,38,6,5,5,0
007ec6e152325bf4,2021.07.24.23.59.52_veh-12_04767_05924,on_pickup_dropoff,76,1627176768200572,0.049977,664712.0034946405,3999328.0738261295,1.0981384719712657,664712.6686212341,3999329.3746441854,0.004688867866361144,6.68556383138228e-06,106,28,19,19,0,70,57,20,37,6,5,5,0
007ec6e152325bf4,2021.07.24.23.59.52_veh-12_04767_05924,on_pickup_dropoff,77,1627176768250548,0.049976,664712.0035543052,3999328.0739251976,1.0981413255755466,664712.6686771868,3999329.3747451515,0.004145925494854243,-3.21492223459212e-05,106,28,19,19,0,70,56,20,36,6,5,5,0
007ec6e152325bf4,2021.07.24.23.59.52_veh-12_04767_05924,on_pickup_dropoff,78,1627176768300523,0.049975,664712.0036092728,3999328.0740611423,1.0981717417284527,664712.6686925882,3999329.374901326,0.0048929501130605775,0.0002121894737347117,106,28,19,19,0,70,56,20,36,6,5,5,0
007ec6e152325bf4,2021.07.24.23.59.52_veh-12_04767_05924,on_pickup_dropoff,79,1627176768350498,0.049975,664712.0036683513,3999328.074228294,1.0981384558114349,664712.6687949661,3999329.3750463394,0.006286532212540086,0.00017226187845758803,106,28,19,19,0,70,56,20,36,6,5,5,0
007ec6e152325bf4,2021.07.24.23.59.52_veh-12_04767_05924,on_pickup_dropoff,80,1627176768400474,0.049976,664712.0037239046,3999328.074372306,1.0981566923679793,664712.6688267968,3999329.3752024807,0.0059776227599057565,0.00010972188481671923,107,29,19,19,0,70,56,20,36,6,5,5,0
007ec6e152325bf4,2021.07.24.23.59.52_veh-12_04767_05924,on_pickup_dropoff,81,1627176768450452,0.049978,664712.0037905865,3999328.0745287975,1.0981765438425217,664712.6688676551,3999329.375372175,0.006116557177938705,2.087039787604772e-05,108,29,19,19,0,71,57,20,37,6,5,5,0
007ec6e152325bf4,2021.07.24.23.59.52_veh-12_04767_05924,on_pickup_dropoff,82,1627176768500434,0.049982,664712.0038621251,3999328.0747074443,1.0981356811798249,664712.6689923491,3999329.375523644,0.006844619196170848,-0.00047029144569275686,108,29,19,19,0,71,57,20,37,6,5,5,0
007ec6e152325bf4,2021.07.24.23.59.52_veh-12_04767_05924,on_pickup_dropoff,83,1627176768550416,0.049982,664712.0039299239,3999328.074865458,1.0981659520990705,664712.6690207707,3999329.375701791,0.0072800697299956595,-0.00034047132287414394,108,29,19,19,0,71,57,20,37,6,5,5,0
007ec6e152325bf4,2021.07.24.23.59.52_veh-12_04767_05924,on_pickup_dropoff,84,1627176768600401,0.049985,664712.0040196502,3999328.0750714093,1.0981501298095684,664712.6691310791,3999329.375897219,0.007635742426216489,-5.123990959835257e-05,109,29,19,19,0,72,58,20,38,6,5,5,0
007ec6e152325bf4,2021.07.24.23.59.52_veh-12_04767_05924,on_pickup_dropoff,85,1627176768650388,0.049987,664712.0041182993,3999328.075264819,1.0980818551930736,664712.6693185401,3999329.3760452154,0.00684542679613159,-0.0005027434992649461,109,29,19,19,0,72,59,20,39,6,5,5,0
007ec6e152325bf4,2021.07.24.23.59.52_veh-12_04767_05924,on_pickup_dropoff,86,1627176768700376,0.049988,664712.0042226486,3999328.0754453326,1.09813974456983,664712.6693475868,3999329.376264235,0.007867278769253522,-0.0004799723986206957,109,29,19,19,0,72,59,20,39,6,5,5,0
007ec6e152325bf4,2021.07.24.23.59.52_veh-12_04767_05924,on_pickup_dropoff,87,1627176768750365,0.049989,664712.0043110476,3999328.0756075582,1.0981637879023465,664712.6694047097,3999329.376442452,0.00659927462887226,-0.00027728480932420453,108,28,18,18,0,72,59,20,39,6,5,5,0
007ec6e152325bf4,2021.07.24.23.59.52_veh-12_04767_05924,on_pickup_dropoff,88,1627176768800351,0.049986,664712.0043592281,3999328.0757593494,1.098134809700639,664712.6694905857,3999329.3765749694,0.00552684010732241,-0.000164889588453734,108,28,18,18,0,72,58,20,38,6,5,5,0
007ec6e152325bf4,2021.07.24.23.59.52_veh-12_04767_05924,on_pickup_dropoff,89,1627176768850336,0.049985,664712.0043889412,3999328.0758337127,1.0981600056515755,664712.6694875234,3999329.376666091,0.0025392152439570564,-0.0005494617206343448,109,29,18,18,0,72,58,20,38,6,5,5,0
007ec6e152325bf4,2021.07.24.23.59.52_veh-12_04767_05924,on_pickup_dropoff,90,1627176768900318,0.049982,664712.0043901997,3999328.075834202,1.0981947815752973,664712.6694435438,3999329.376689709,-0.0006956965396598745,-0.0007994698345962227,109,29,18,18,0,72,59,20,39,6,5,5,0
007ec6e152325bf4,2021.07.24.23.59.52_veh-12_04767_05924,on_pickup_dropoff,91,1627176768950295,0.049977,664712.0043723052,3999328.0757703264,1.0981946342556432,664712.669425841,3999329.3766257353,-0.0024127189613745203,-0.0002024138873275995,110,29,18,18,0,73,59,20,39,6,5,5,0
007ec6e152325bf4,2021.07.24.23.59.52_veh-12_04767_05924,on_pickup_dropoff,92,1627176769000271,0.049976,664712.0042958374,3999328.07569242,1.0981654692548184,664712.6693873123,3999329.3765284317,-0.003740103458172861,0.00035840220475472475,109,28,18,18,0,73,59,20,39,6,5,5,0
007ec6e152325bf4,2021.07.24.23.59.52_veh-12_04767_05924,on_pickup_dropoff,93,1627176769050245,0.049974,664712.0042136179,3999328.075629652,1.0981765044715388,664712.6692907377,3999329.3764730035,-0.00440969504465722,0.0007643901785989773,108,28,18,18,0,72,58,20,38,6,5,5,0
007ec6e152325bf4,2021.07.24.23.59.52_veh-12_04767_05924,on_pickup_dropoff,94,1627176769100219,0.049974,664712.0041410315,3999328.0755261113,1.0981614641225346,664712.6692377165,3999329.3763594595,-0.005456451347263467,0.0009956245696934112,108,29,18,18,0,71,58,20,38,6,5,5,0
007ec6e152325bf4,2021.07.24.23.59.52_veh-12_04767_05924,on_pickup_dropoff,95,1627176769150195,0.049976,664712.0040386005,3999328.0753785158,1.098141688546175,664712.66916101,3999329.376198711,-0.005773005557080045,0.0009073126518034758,108,29,18,18,0,72,59,20,39,5,5,5,0
007ec6e152325bf4,2021.07.24.23.59.52_veh-12_04767_05924,on_pickup_dropoff,96,1627176769200173,0.049978,664712.0039569429,3999328.075242817,1.098147193512088,664712.6690721915,3999329.3760666735,-0.004896521762299637,0.0005423841938135671,108,29,18,18,0,72,59,20,39,5,5,5,0
007ec6e152325bf4,2021.07.24.23.59.52_veh-12_04767_05924,on_pickup_dropoff,97,1627176769250151,0.049978,664712.003882823,3999328.075131989,1.0980815582743715,664712.66908345,3999329.375912188,-0.00406438972214553,-0.0004625041020417839,107,27,18,18,0,73,60,20,40,5,5,5,0
007ec6e152325bf4,2021.07.24.23.59.52_veh-12_04767_05924,on_pickup_dropoff,98,1627176769300132,0.049981,664712.0038420553,3999328.075048744,1.0981666699982515,664712.6689319683,3999329.3758855546,-0.0033560926995112707,-0.0011636038259474255,107,27,18,18,0,73,60,20,40,5,5,5,0
007ec6e152325bf4,2021.07.24.23.59.52_veh-12_04767_05924,on_pickup_dropoff,99,1627176769350114,0.049982,664712.0038187004,3999328.0749373413,1.0981829274030892,664712.668887465,3999329.3757849643,-0.004197838014439126,-0.001147375701007019,107,27,19,19,0,73,60,20,40,5,5,5,0
79fe250ef7905803,2021.07.24.23.59.52_veh-12_01025_01526,on_pickup_dropoff,0,1627172626149949,,664458.7850200591,3998144.6800710335,1.575562408286345,664458.7780568404,3998146.14105444,0.0007530214169764471,0.0010197372815200867,80,48,35,35,0,27,12,12,0,5,0,0,0
79fe250ef7905803,2021.07.24.23.59.52_veh-12_01025_01526,on_pickup_dropoff,1,1627172626199965,0.050016,664458.7849918503,3998144.680019091,1.5755959317546973,664458.7779796544,3998146.141002263,0.00028492947616013997,0.0013911916329609059,80,48,35,35,0,27,12,12,0,5,0,0,0
79fe250ef7905803,2021.07.24.23.59.52_veh-12_01025_01526,on_pickup_dropoff,2,1627172626249979,0.050014,664458.7849947804,3998144.6799271586,1.575586919381899,664458.7779957515,3998146.140910394,-0.0006106739595455923,0.0011766761467419163,79,47,34,34,0,26,12,12,0,6,1,1,0
79fe250ef7905803,2021.07.24.23.59.52_veh-12_01025_01526,on_pickup_dropoff,3,1627172626299992,0.050013,664458.7849975004,3998144.679839405,1.5755924409196167,664458.7779904045,3998146.140822602,-0.0011507824264850803,0.0007835111295337329,78,46,34,34,0,26,12,12,0,6,1,1,0
79fe250ef7905803,2021.07.24.23.59.52_veh-12_01025_01526,on_pickup_dropoff,4,1627172626350005,0.050013,664458.7850041185,3998144.6797995786,1.575613524742914,664458.7779662195,3998146.1407826273,-0.0008449732034736399,0.00010106525432617967,77,46,33,33,0,25,12,12,0,6,1,1,0
79fe250ef7905803,2021.07.24.23.59.52_veh-12_01025_01526,on_pickup_dropoff,5,1627172626400018,0.050013,664458.7850126169,3998144.6797074904,1.5755821218623915,664458.778020597,3998146.1406907593,7.974717950930813e-05,-0.00048228138683957956,77,46,33,33,0,25,12,12,0,6,1,1,0
79fe250ef7905803,2021.07.24.23.59.52_veh-12_01025_01526,on_pickup_dropoff,6,1627172626450032,0.050014,664458.7850384645,3998144.6796288714,1.5755664861129848,664458.7780692881,3998146.1406122493,0.00037630682256235105,-0.0007139392772435293,77,46,33,33,0,25,12,12,0,6,1,1,0
79fe250ef7905803,2021.07.24.23.59.52_veh-12_01025_01526,on_pickup_dropoff,7,1627172626500046,0.050014,664458.7850723241,3998144.6796046454,1.5755734475427357,664458.7780929772,3998146.140587975,0.0009168287988601211,-0.0003436724992028147,77,46,33,33,0,24,12,12,0,7,2,2,0
79fe250ef7905803,2021.07.24.23.59.52_veh-12_01025_01526,on_pickup_dropoff,8,1627172626550057,0.050011,664458.7850772976,3998144.679557301,1.5755463058926436,664458.7781376042,3998146.140540819,0.0008171040135475216,0.0006882441955082218,76,46,33,33,0,23,11,11,0,7,2,2,0
79fe250ef7905803,2021.07.24.23.59.52_veh-12_01025_01526,on_pickup_dropoff,9,1627172626600066,0.050009,664458.7850506764,3998144.6794787045,1.5756098511494898,664458.7780181445,3998146.1404617787,0.0002277225467022215,0.0009719767518647105,76,46,33,33,0,23,11,11,0,7,2,2,0
79fe250ef7905803,2021.07.24.23.59.52_veh-12_01025_01526,on_pickup_dropoff,10,1627172626650074,0.050008,664458.7850439374,3998144.6794496807,1.5755772651001094,664458.7780590132,3998146.1404329836,-0.00018986509804759093,0.0010577863065414474,76,46,33,33,0,23,11,11,0,7,2,2,0
79fe250ef7905803,2021.07.24.23.59.52_veh-12_01025_01526,on_pickup_dropoff,11,1627172626700083,0.050009,664458.7850412509,3998144.67934395,1.5755509110027732,664458.7780948295,3998146.1403274364,-0.0006967642223466937,0.0009191216030224618,77,47,33,33,0,23,11,11,0,7,2,2,0
79fe250ef7905803,2021.07.24.23.59.52_veh-12_01025_01526,on_pickup_dropoff,12,1627172626750094,0.050011,664458.7850298571,3998144.6792628844,1.5756390262265834,664458.7779547009,3998146.140245753,-0.0010115422596819973,0.0006051226825132526,77,46,32,32,0,24,12,12,0,7,2,2,0
79fe250ef7905803,2021.07.24.23.59.52_veh-12_01025_01526,on_pickup_dropoff,13,1627172626800110,0.050016,664458.785031098,3998144.6792425755,1.575591972119557,664458.7780246871,3998146.1402257755,-0.0004992413028325467,0.0002813411804197235,78,46,32,32,0,24,11,11,0,8,2,2,0
79fe250ef7905803,2021.07.24.23.59.52_veh-12_01025_01526,on_pickup_dropoff,14,1627172626850127,0.050017,664458.7850454214,3998144.6791827003,1.57558783466654,664458.7780450552,3998146.140165929,0.0005009818036748265,0.0005347346287545572,76,45,32,32,0,24,11,11,0,7,2,2,0
79fe250ef7905803,2021.07.24.23.59.52_veh-12_01025_01526,on_pickup_dropoff,15,1627172626900141,0.050014,664458.7850366326,3998144.6791525795,1.5755968526430193,664458.7780230913,3998146.140135745,0.0017786357468367272,0.0013319096814381644,76,45,32,32,0,24,11,11,0,7,2,2,0
79fe250ef7905803,2021.07.24.23.59.52_veh-12_01025_01526,on_pickup_dropoff,16,1627172626950154,0.050013,664458.7849892984,3998144.679149096,1.575580078233216,664458.7780002642,3998146.140132379,0.0012306046005542222,0.0012070197279309613,77,45,32,32,0,24,11,11,0,8,2,2,0
79fe250ef7905803,2021.07.24.23.59.52_veh-12_01025_01526,on_pickup_dropoff,17,1627172627000165,0.050011,664458.7849992801,3998144.679090262,1.5755747680998122,664458.7780180039,3998146.140073582,-0.00022610729912021164,-0.000566645404044386,77,45,32,32,0,23,11,11,0,9,2,2,0
79fe250ef7905803,2021.07.24.23.59.52_veh-12_01025_01526,on_pickup_dropoff,18,1627172627050173,0.050008,664458.7850858393,3998144.678994145,1.5756052644959426,664458.7780600084,3998146.139977251,-0.0014365824486419307,-0.000941818886815587,77,45,32,32,0,23,11,11,0,9,2,2,0
79fe250ef7905803,2021.07.24.23.59.52_veh-12_01025_01526,on_pickup_dropoff,19,1627172627100182,0.050009,664458.7851393999,3998144.6789542884,1.5756213681773672,664458.7780900418,3998146.1399372816,-0.0007662271014124281,0.00034804216744676605,77,45,32,32,0,23,11,11,0,9,2,2,0
79fe250ef7905803,2021.07.24.23.59.52_veh-12_01025_01526,on_pickup_dropoff,20,1627172627150190,0.050008,664458.7850865939,3998144.6789098782,1.5756035989175392,664458.7780631965,3998146.1398929968,-0.0002372016396806437,0.0014427323477938319,77,45,32,32,0,23,11,11,0,9,2,2,0
79fe250ef7905803,2021.07.24.23.59.52_veh-12_01025_01526,on_pickup_dropoff,21,1627172627200198,0.050008,664458.7850622042,3998144.678873653,1.5756080276059796,664458.7780323365,3998146.1398567404,0.00022905279778148808,0.000837105461166883,78,45,32,32,0,24,11,11,0,9,2,2,0
79fe250ef7905803,2021.07.24.23.59.52_veh-12_01025_01526,on_pickup_dropoff,22,1627172627250204,0.050006,664458.7850892987,3998144.678813135,1.5755747258507842,664458.7781080842,3998146.1397964554,-1.115236731318093e-05,8.310424777581351e-05,76,44,32,32,0,24,11,11,0,8,2,2,0
79fe250ef7905803,2021.07.24.23.59.52_veh-12_01025_01526,on_pickup_dropoff,23,1627172627300208,0.050004,664458.7851271419,3998144.6787730497,1.5756168962929626,664458.7780843171,3998146.1397560746,-8.471212945175006e-05,-8.424388218415002e-06,76,44,32,32,0,24,11,11,0,8,2,2,0
79fe250ef7905803,2021.07.24.23.59.52_veh-12_01025_01526,on_pickup_dropoff,24,1627172627350212,0.050004,664458.7850851127,3998144.6787048695,1.5755996058369217,664458.778067549,3998146.139688016,0.0005688596152664112,-0.00025916753842459325,74,44,32,32,0,23,11,11,0,7,2,2,0
79fe250ef7905803,2021.07.24.23.59.52_veh-12_01025_01526,on_pickup_dropoff,25,1627172627400215,0.050003,664458.7850544936,3998144.6786500025,1.5755380838536452,664458.7781268124,3998146.139633578,0.0002572455097475842,-0.000596074757215117,75,44,32,32,0,24,11,11,0,7,2,2,0
79fe250ef7905803,2021.07.24.23.59.52_veh-12_01025_01526,on_pickup_dropoff,26,1627172627450218,0.050003,664458.7850900511,3998144.678630822,1.5755534931473638,664458.7781398573,3998146.13961429,-4.686488995210391e-05,-0.00010267972849921103,75,44,32,32,0,24,11,11,0,7,2,2,0
79fe250ef7905803,2021.07.24.23.59.52_veh-12_01025_01526,on_pickup_dropoff,27,1627172627500223,0.050005,664458.7850949847,3998144.6785882507,1.5755764472742477,664458.7781112553,3998146.139571559,-2.9333683072394338e-05,0.0020094316703578078,76,44,32,32,0,25,12,12,0,7,2,2,0
79fe250ef7905803,2021.07.24.23.59.52_veh-12_01025_01526,on_pickup_dropoff,28,1627172627550225,0.050002,664458.7850323871,3998144.678542899,1.5755890101338028,664458.7780303035,3998146.1395261195,-0.0003999506605194238,0.0029635812521050654,75,44,32,32,0,24,12,12,0,7,2,2,0
79fe250ef7905803,2021.07.24.23.59.52_veh-12_01025_01526,on_pickup_dropoff,29,1627172627600222,0.049997,664458.7849589601,3998144.6785198613,1.575563128554644,664458.7779946892,3998146.1395032625,-0.0002570534587595054,0.0016953504999766126,73,43,32,32,0,24,12,12,0,6,2,2,0
79fe250ef7905803,2021.07.24.23.59.52_veh-12_01025_01526,on_pickup_dropoff,30,1627172627650217,0.049995,664458.7849650058,3998144.6784766945,1.5755570984370675,664458.7780095447,3998146.1394601376,0.00023410278009393344,-0.0007195423358548313,73,43,32,32,0,24,12,12,0,6,2,2,0
79fe250ef7905803,2021.07.24.23.59.52_veh-12_01025_01526,on_pickup_dropoff,31,1627172627700212,0.049995,664458.7850265998,3998144.6784332395,1.5755648140476095,664458.7780598663,3998146.139416629,0.00024542125082622677,-0.0009159012426617437,73,45,32,32,0,22,12,12,0,6,2,2,0
79fe250ef7905803,2021.07.24.23.59.52_veh-12_01025_01526,on_pickup_dropoff,32,1627172627750208,0.049996,664458.7850702194,3998144.678412493,1.5755953937988392,664458.7780588095,3998146.1393956686,-0.00021747822997059845,-0.00025106807886271943,73,45,32,32,0,22,12,12,0,6,2,2,0
79fe250ef7905803,2021.07.24.23.59.52_veh-12_01025_01526,on_pickup_dropoff,33,1627172627800202,0.049994,664458.78505562,3998144.6783355796,1.575628088732321,664458.7779964433,3998146.1393185253,-0.0006200418016115604,0.0009948346743599843,73,45,32,32,0,22,12,12,0,6,2,2,0
79fe250ef7905803,2021.07.24.23.59.52_veh-12_01025_01526,on_pickup_dropoff,34,1627172627850193,0.049991,664458.7850380177,3998144.678277211,1.575628618671642,664458.7779780667,3998146.139260153,-0.0006551148029534928,0.0012935758046110214,73,45,32,32,0,22,12,12,0,6,2,2,0
79fe250ef7905803,2021.07.24.23.59.52_veh-12_01025_01526,on_pickup_dropoff,35,1627172627900179,0.049986,664458.7850330902,3998144.6782432445,1.5756132297733791,664458.7779956221,3998146.139226295,-0.0005316678099722592,0.000545025360093636,73,45,32,32,0,22,12,12,0,6,2,2,0
79fe250ef7905803,2021.07.24.23.59.52_veh-12_01025_01526,on_pickup_dropoff,36,1627172627950163,0.049984,664458.7850331933,3998144.678179275,1.575570428631154,664458.7780582571,3998146.139162625,-0.00034242108445991566,0.00031900882844507547,73,45,32,32,0,22,12,12,0,6,2,2,0
79fe250ef7905803,2021.07.24.23.59.52_veh-12_01025_01526,on_pickup_dropoff,37,1627172628000144,0.049981,664458.785043539,3998144.6781385327,1.5755756242863832,664458.7780610119,3998146.1391218468,-4.128935057017719e-05,0.00013200838488143862,73,45,32,32,0,22,12,12,0,6,2,2,0
79fe250ef7905803,2021.07.24.23.59.52_veh-12_01025_01526,on_pickup_dropoff,38,1627172628050121,0.049977,664458.7850457479,3998144.67811606,1.5756087803907053,664458.7780147804,3998146.1390991416,-0.00015235495303226817,-0.0002899431863561571,73,45,32,32,0,22,11,11,0,6,2,2,0
79fe250ef7905803,2021.07.24.23.59.52_veh-12_01025_01526,on_pickup_dropoff,39,1627172628100095,0.049974,664458.7850526513,3998144.678062376,1.5755937026250055,664458.7780437121,3998146.139045564,-0.0004616401108368647,0.00024105596019783886,73,44,32,32,0,23,12,12,0,6,2,2,0
79fe250ef7905803,2021.07.24.23.59.52_veh-12_01025_01526,on_pickup_dropoff,40,1627172628150070,0.049975,664458.7850588562,3998144.677995902,1.5755771061098058,664458.7780741643,3998146.138979206,-0.0006816891289173709,0.00101388911708626,72,44,32,32,0,22,12,12,0,6,2,2,0
79fe250ef7905803,2021.07.24.23.59.52_veh-12_01025_01526,on_pickup_dropoff,41,1627172628200045,0.049975,664458.7850407058,3998144.6779528903,1.575555075798844,664458.7780881998,3998146.138936348,-0.0010596201336923242,0.0017156912829493943,72,44,32,32,0,22,12,12,0,6,2,2,0
79fe250ef7905803,2021.07.24.23.59.52_veh-12_01025_01526,on_pickup_dropoff,42,1627172628250017,0.049972,664458.7850219649,3998144.677890035,1.5755731946308185,664458.7780429876,3998146.138873366,-0.000765383121514887,0.0008278826381329355,72,44,31,31,0,22,12,12,0,6,2,2,0
79fe250ef7905803,2021.07.24.23.59.52_veh-12_01025_01526,on_pickup_dropoff,43,1627172628299988,0.049971,664458.7850251446,3998144.677834061,1.5755724910180848,664458.7780471952,3998146.138817397,-0.0013120977336026575,-0.00026791079082353833,73,45,31,31,0,22,12,12,0,6,2,2,0
79fe250ef7905803,2021.07.24.23.59.52_veh-12_01025_01526,on_pickup_dropoff,44,1627172628349957,0.049969,664458.7850544119,3998144.677767992,1.5755009592868718,664458.7781809692,3998146.1387518235,-0.00086872409965427,-0.001218602910960361,73,45,32,32,0,22,12,12,0,6,2,2,0
79fe250ef7905803,2021.07.24.23.59.52_veh-12_01025_01526,on_pickup_dropoff,45,1627172628399926,0.049969,664458.7850758589,3998144.677724843,1.575534033726861,664458.778154095,3998146.138708446,-0.000724117397378521,-0.0006956412236124805,73,45,32,32,0,22,12,12,0,6,2,2,0
79fe250ef7905803,2021.07.24.23.59.52_veh-12_01025_01526,on_pickup_dropoff,46,1627172628449893,0.049967,664458.7850830498,3998144.677660028,1.5755693489508689,664458.7781096909,3998146.138643386,-0.0005122641570247841,0.00021693132690302476,72,44,32,32,0,22,12,12,0,6,2,2,0
79fe250ef7905803,2021.07.24.23.59.52_veh-12_01025_01526,on_pickup_dropoff,47,1627172628499860,0.049967,664458.7850555673,3998144.677637308,1.5754556929507622,664458.7782482579,3998146.138621449,0.0001800911373581244,0.001013771793878374,72,44,32,32,0,22,12,12,0,6,2,2,0
79fe250ef7905803,2021.07.24.23.59.52_veh-12_01025_01526,on_pickup_dropoff,48,1627172628549826,0.049966,664458.7850453553,3998144.6776262107,1.5755254793906919,664458.7781360891,3998146.138609873,0.00028617760111037267,0.0011537724916514875,73,44,31,31,0,23,12,12,0,6,2,2,0
79fe250ef7905803,2021.07.24.23.59.52_veh-12_01025_01526,on_pickup_dropoff,49,1627172628599794,0.049968,664458.7850405988,3998144.6775794653,1.5755442129924664,664458.7781039631,3998146.1385629983,0.00015888711153766905,0.0009144930474343229,73,45,31,31,0,22,11,11,0,6,2,2,0
79fe250ef7905803,2021.07.24.23.59.52_veh-12_01025_01526,on_pickup_dropoff,50,1627172628649762,0.049968,664458.7850373137,3998144.6775266323,1.5755891575974772,664458.7780350148,3998146.138509852,2.0415499013466555e-05,0.00031670222162261835,73,45,30,30,0,22,11,11,0,6,2,2,0
79fe250ef7905803,2021.07.24.23.59.52_veh-12_01025_01526,on_pickup_dropoff,51,1627172628699729,0.049967,664458.785049282,3998144.6774944104,1.575589901310433,664458.7780458964,3998146.138477625,-0.0005134552663460082,-0.00048438796914492547,73,44,30,30,0,23,11,11,0,6,2,2,0
79fe250ef7905803,2021.07.24.23.59.52_veh-12_01025_01526,on_pickup_dropoff,52,1627172628749696,0.049967,664458.7850799172,3998144.6774490806,1.5755927211336904,664458.7780724119,3998146.138432275,-0.0002922199894970056,-0.0008495363859878009,73,44,30,30,0,23,11,11,0,6,2,2,0
79fe250ef7905803,2021.07.24.23.59.52_veh-12_01025_01526,on_pickup_dropoff,53,1627172628799663,0.049967,664458.7851083559,3998144.6774108517,1.5756095709921956,664458.7780762333,3998146.138393928,6.080390530006433e-05,-0.0001683041771080407,73,44,30,30,0,23,11,11,0,6,2,2,0
79fe250ef7905803,2021.07.24.23.59.52_veh-12_01025_01526,on_pickup_dropoff,54,1627172628849629,0.049966,664458.7851021138,3998144.6773771597,1.575633171482729,664458.7780355113,3998146.1383600696,0.00012274560954490194,0.0011095712307078673,74,44,30,30,0,24,12,12,0,6,2,2,0
79fe250ef7905803,2021.07.24.23.59.52_veh-12_01025_01526,on_pickup_dropoff,55,1627172628899594,0.049965,664458.7850538306,3998144.6773645473,1.5756183077188923,664458.7780089438,3998146.138347562,-0.0002587744383457942,0.001088127693887807,73,44,30,30,0,23,12,12,0,6,2,2,0
79fe250ef7905803,2021.07.24.23.59.52_veh-12_01025_01526,on_pickup_dropoff,56,1627172628949560,0.049966,664458.785044569,3998144.6773159313,1.5756229977017837,664458.7779928303,3998146.138298913,-0.00042391267664523976,0.0007123224524699456,73,44,30,30,0,23,12,12,0,6,2,2,0
79fe250ef7905803,2021.07.24.23.59.52_veh-12_01025_01526,on_pickup_dropoff,57,1627172628999527,0.049967,664458.785053895,3998144.6772676255,1.5755852795144143,664458.7780572618,3998146.138250872,-0.0005710570486272223,0.00038455281834153784,72,44,30,30,0,22,12,12,0,6,2,2,0
79fe250ef7905803,2021.07.24.23.59.52_veh-12_01025_01526,on_pickup_dropoff,58,1627172629049497,0.04997,664458.7850593603,3998144.677249606,1.5755771679510397,664458.778074578,3998146.138232909,-0.0007908839634085602,5.41699410102721e-06,72,44,30,30,0,22,12,12,0,6,2,2,0
79fe250ef7905803,2021.07.24.23.59.52_veh-12_01025_01526,on_pickup_dropoff,59,1627172629099468,0.049971,664458.7850770372,3998144.677220216,1.5756165386851304,664458.7780347349,3998146.1382032433,-0.00028971497247033706,-0.00016777232212796957,73,45,30,30,0,22,12,12,0,6,2,2,0
79fe250ef7905803,2021.07.24.23.59.52_veh-12_01025_01526,on_pickup_dropoff,60,1627172629149446,0.049978,664458.785095672,3998144.677178264,1.5755554633802509,664458.7781425997,3998146.138161719,-0.00022442958611326854,3.16654821011907e-05,73,45,30,30,0,22,12,12,0,6,2,2,0
79fe250ef7905803,2021.07.24.23.59.52_veh-12_01025_01526,on_pickup_dropoff,61,1627172629199430,0.049984,664458.7851038529,3998144.6771527585,1.5755424761101837,664458.7781697548,3998146.1381363035,0.0006793564360982125,0.0007004195442121814,72,44,30,30,0,22,12,12,0,6,2,2,0
79fe250ef7905803,2021.07.24.23.59.52_veh-12_01025_01526,on_pickup_dropoff,62,1627172629249420,0.04999,664458.7850743269,3998144.67712306,1.575562795058894,664458.7781105431,3998146.1381064635,0.000655017061305326,0.0009413089125775775,73,45,30,30,0,22,12,12,0,6,2,2,0
79fe250ef7905803,2021.07.24.23.59.52_veh-12_01025_01526,on_pickup_dropoff,63,1627172629299414,0.049994,664458.7850682508,3998144.677115287,1.5755593052851726,664458.7781095656,3998146.138098715,0.00039126798073347543,-0.0004971878210420941,72,44,30,30,0,22,12,12,0,6,2,2,0
79fe250ef7905803,2021.07.24.23.59.52_veh-12_01025_01526,on_pickup_dropoff,64,1627172629349410,0.049996,664458.785099896,3998144.677104843,1.5755456687230207,664458.7781611335,3998146.1380883656,-0.00011686017625738639,-0.0011387424513200843,72,44,31,31,0,22,12,12,0,6,2,2,0
79fe250ef7905803,2021.07.24.23.59.52_veh-12_01025_01526,on_pickup_dropoff,65,1627172629399408,0.049998,664458.7851506285,3998144.677069141,1.5755570535030663,664458.7781952331,3998146.1380525846,-0.0004991852020537369,-0.00032264266425325585,73,44,31,31,0,23,12,12,0,6,2,2,0
79fe250ef7905803,2021.07.24.23.59.52_veh-12_01025_01526,on_pickup_dropoff,66,1627172629449410,0.050002,664458.7851451396,3998144.677035872,1.5755263932563723,664458.7782345383,3998146.1380195282,-0.0005245985424846722,0.001159061140642866,73,44,31,31,0,23,12,12,0,6,2,2,0
79fe250ef7905803,2021.07.24.23.59.52_veh-12_01025_01526,on_pickup_dropoff,67,1627172629499414,0.050004,664458.7851163023,3998144.6770066596,1.5755679353107843,664458.7781450087,3998146.137990027,-0.0009174376286687111,0.0012226695976145102,73,43,31,31,0,24,13,13,0,6,2,2,0
79fe250ef7905803,2021.07.24.23.59.52_veh-12_01025_01526,on_pickup_dropoff,68,1627172629549422,0.050008,664458.785128932,3998144.676955758,1.5756243958078422,664458.7780751506,3998146.13793873,-0.0005826835035297203,0.0007403268691185292,73,43,31,31,0,24,13,13,0,6,2,2,0
79fe250ef7905803,2021.07.24.23.59.52_veh-12_01025_01526,on_pickup_dropoff,69,1627172629599434,0.050012,664458.7851480357,3998144.6769175883,1.5756243247986148,664458.778094358,3998146.1379005606,-0.00023866504958160146,0.000498391877684285,73,43,31,31,0,24,13,13,0,6,2,2,0
79fe250ef7905803,2021.07.24.23.59.52_veh-12_01025_01526,on_pickup_dropoff,70,1627172629649448,0.050014,664458.7851431239,3998144.6769155674,1.575585949349535,664458.7781455121,3998146.1378988093,0.00037444515477888784,-0.00047881563864705397,73,43,31,31,0,24,13,13,0,6,2,2,0
79fe250ef7905803,2021.07.24.23.59.52_veh-12_01025_01526,on_pickup_dropoff,71,1627172629699468,0.05002,664458.7851557134,3998144.676895523,1.5755881149117392,664458.7781549378,3998146.13787875,0.00040120877534027463,-0.0013073578142256518,73,43,31,31,0,24,13,13,0,6,2,2,0
79fe250ef7905803,2021.07.24.23.59.52_veh-12_01025_01526,on_pickup_dropoff,72,1627172629749495,0.050027,664458.7851927548,3998144.6768606137,1.5755745446352527,664458.7782118052,3998146.1378439353,8.010565647025675e-06,-0.0011059730680711794,75,43,31,31,0,24,13,13,0,8,3,3,0
79fe250ef7905803,2021.07.24.23.59.52_veh-12_01025_01526,on_pickup_dropoff,73,1627172629799527,0.050032,664458.7852156312,3998144.6768492046,1.5756025010083057,664458.7781938377,3998146.1378323305,0.00016830430865607662,0.0002725335518385325,75,43,31,31,0,24,13,13,0,8,3,3,0
79fe250ef7905803,2021.07.24.23.59.52_veh-12_01025_01526,on_pickup_dropoff,74,1627172629849563,0.050036,664458.7851884785,3998144.6768272887,1.5756158682601022,664458.7781471558,3998146.1378103206,-3.4989839485553324e-05,0.0021426869981244715,75,43,31,31,0,24,13,13,0,8,3,3,0
79fe250ef7905803,2021.07.24.23.59.52_veh-12_01025_01526,on_pickup_dropoff,75,1627172629899605,0.050042,664458.7851418422,3998144.6768208724,1.5756136737184339,664458.7781037255,3998146.1378039196,-0.0004054579368880117,0.0023840802826393865,75,43,31,31,0,24,13,13,0,8,3,3,0
79fe250ef7905803,2021.07.24.23.59.52_veh-12_01025_01526,on_pickup_dropoff,76,1627172629949652,0.050047,664458.7851282621,3998144.676815168,1.5755712593212166,664458.7781521123,3998146.137798513,-3.128441358212759e-05,0.0013454610794961241,74,42,31,31,0,24,13,13,0,8,3,3,0
79fe250ef7905803,2021.07.24.23.59.52_veh-12_01025_01526,on_pickup_dropoff,77,1627172629999701,0.050049,664458.785138004,3998144.6767911543,1.575584042439105,664458.7781431782,3998146.1377744097,-0.00030099725637761337,0.00047922542545670595,75,42,31,31,0,25,13,13,0,8,3,3,0
79fe250ef7905803,2021.07.24.23.59.52_veh-12_01025_01526,on_pickup_dropoff,78,1627172630049750,0.050049,664458.7851591273,3998144.6767719216,1.5756027048076757,664458.7781370361,3998146.137755046,0.00042438261549948314,-0.0005315050315671045,75,42,31,31,0,25,13,13,0,8,3,3,0
79fe250ef7905803,2021.07.24.23.59.52_veh-12_01025_01526,on_pickup_dropoff,79,1627172630099798,0.050048,664458.7851790928,3998144.676770909,1.5755764371823662,664458.7781953781,3998146.1377542177,0.00034881006926275733,-0.0011665975351943224,74,42,31,31,0,24,12,12,0,8,2,2,0
79fe250ef7905803,2021.07.24.23.59.52_veh-12_01025_01526,on_pickup_dropoff,80,1627172630149843,0.050045,664458.7852354905,3998144.6767390296,1.5755704870982148,664458.7782604689,3998146.1377223795,-0.0002329591733331004,-0.001189559414980253,73,42,31,31,0,23,11,11,0,8,2,2,0
79fe250ef7905803,2021.07.24.23.59.52_veh-12_01025_01526,on_pickup_dropoff,81,1627172630199887,0.050044,664458.7852519387,3998144.676719065,1.5755429084249983,664458.778317209,3998146.1377026066,-0.00013503064045003582,-0.0003003918822439289,73,42,31,31,0,23,11,11,0,8,2,2,0
79fe250ef7905803,2021.07.24.23.59.52_veh-12_01025_01526,on_pickup_dropoff,82,1627172630249929,0.050042,664458.7852392894,3998144.6767044356,1.575524283893268,664458.7783317699,3998146.1376881064,-0.0005559209955475891,0.0008954692066095835,74,42,31,31,0,23,11,11,0,9,2,2,0
79fe250ef7905803,2021.07.24.23.59.52_veh-12_01025_01526,on_pickup_dropoff,83,1627172630299970,0.050041,664458.7852130793,3998144.6766789444,1.575536047626283,664458.7782883731,3998146.1376625337,-0.000691255754230194,0.0007809457682719681,74,42,31,31,0,23,11,11,0,9,2,2,0
79fe250ef7905803,2021.07.24.23.59.52_veh-12_01025_01526,on_pickup_dropoff,84,1627172630350009,0.050039,664458.7851988829,3998144.676638085,1.5755302863510379,664458.7782825938,3998146.1376217143,-0.00045506766033483084,0.0007533345205533517,75,43,31,31,0,23,11,11,0,9,2,2,0
79fe250ef7905803,2021.07.24.23.59.52_veh-12_01025_01526,on_pickup_dropoff,85,1627172630400049,0.05004,664458.7851996591,3998144.6766214995,1.5755382908262505,664458.7782716756,3998146.1376050734,0.0001930087296892875,0.00033154181704562666,75,43,31,31,0,23,11,11,0,9,2,2,0
79fe250ef7905803,2021.07.24.23.59.52_veh-12_01025_01526,on_pickup_dropoff,86,1627172630450089,0.05004,664458.7852142769,3998144.6766180187,1.575549146935445,664458.7782704328,3998146.137601517,0.0006285868926533462,0.00034318643525020913,74,43,31,31,0,22,11,11,0,9,2,2,0
79fe250ef7905803,2021.07.24.23.59.52_veh-12_01025_01526,on_pickup_dropoff,87,1627172630500132,0.050043,664458.7852106879,3998144.6766228448,1.5755780155971566,664458.7782246672,3998146.137606142,0.00047418270142641404,0.0002296462159179862,75,43,32,32,0,23,11,11,0,9,2,2,0
79fe250ef7905803,2021.07.24.23.59.52_veh-12_01025_01526,on_pickup_dropoff,88,1627172630550174,0.050042,664458.7852093938,3998144.676606339,1.5755908825252747,664458.7782045747,3998146.1375895464,0.00026142164767886954,-0.00017729118248179012,75,43,32,32,0,24,11,11,0,8,2,2,0
79fe250ef7905803,2021.07.24.23.59.52_veh-12_01025_01526,on_pickup_dropoff,89,1627172630600216,0.050042,664458.7852212075,3998144.676593824,1.5755513807622943,664458.7782740999,3998146.137577307,0.0002915780251221682,-0.0006924220206555272,72,42,30,30,0,21,11,11,0,9,2,2,0
79fe250ef7905803,2021.07.24.23.59.52_veh-12_01025_01526,on_pickup_dropoff,90,1627172630650258,0.050042,664458.7852406445,3998144.676564999,1.575604028332957,664458.7782166196,3998146.137548114,6.829663009797529e-05,-0.00048050727749334365,71,42,30,30,0,21,11,11,0,8,2,2,0
79fe250ef7905803,2021.07.24.23.59.52_veh-12_01025_01526,on_pickup_dropoff,91,1627172630700299,0.050041,664458.7852529343,3998144.6765612024,1.5755955496405867,664458.7782412966,3998146.1375443772,0.00023691390172613083,-0.00031877962765338976,68,42,30,30,0,19,11,11,0,7,2,2,0
79fe250ef7905803,2021.07.24.23.59.52_veh-12_01025_01526,on_pickup_dropoff,92,1627172630750342,0.050043,664458.7852653065,3998144.676548481,1.5755908958166147,664458.7782604679,3998146.1375316884,6.23480656300949e-05,8.000642180629097e-05,66,42,30,30,0,18,10,10,0,6,2,2,0
79fe250ef7905803,2021.07.24.23.59.52_veh-12_01025_01526,on_pickup_dropoff,93,1627172630800388,0.050046,664458.7852555581,3998144.6765246335,1.5755930910698572,664458.7782475124,3998146.1375078256,-3.3933307221929525e-05,0.00036982152960634835,66,42,30,30,0,18,10,10,0,6,2,2,0
79fe250ef7905803,2021.07.24.23.59.52_veh-12_01025_01526,on_pickup_dropoff,94,1627172630850438,0.05005,664458.7852652253,3998144.6765095033,1.575595118262196,664458.7782542179,3998146.137492681,0.0001601845099773173,0.0008974562641307235,64,43,30,30,0,17,9,9,0,4,2,2,0
79fe250ef7905803,2021.07.24.23.59.52_veh-12_01025_01526,on_pickup_dropoff,95,1627172630900489,0.050051,664458.7852491332,3998144.6764939954,1.5755838346683275,664458.778254611,3998146.137477252,0.0001544872647156037,0.0009880164186604522,63,43,30,30,0,16,8,8,0,4,2,2,0
79fe250ef7905803,2021.07.24.23.59.52_veh-12_01025_01526,on_pickup_dropoff,96,1627172630950540,0.050051,664458.7852462893,3998144.676470469,1.5755604790292026,664458.7782858893,3998146.137453889,-0.00016984046627632583,0.00040672719885152716,65,44,30,30,0,17,8,8,0,4,2,2,0
79fe250ef7905803,2021.07.24.23.59.52_veh-12_01025_01526,on_pickup_dropoff,97,1627172631000589,0.050049,664458.7852548087,3998144.676445866,1.575559139126913,664458.7782963662,3998146.137429295,-0.0002233276323135731,-0.0007269784600133883,65,45,30,30,0,16,7,7,0,4,2,2,0
79fe250ef7905803,2021.07.24.23.59.52_veh-12_01025_01526,on_pickup_dropoff,98,1627172631050638,0.050049,664458.7852873034,3998144.676418064,1.5755582366604322,664458.7783301794,3998146.1374014993,-0.0007770413981973773,-0.0011504183084384578,65,46,30,30,0,15,7,7,0,4,2,2,0
79fe250ef7905803,2021.07.24.23.59.52_veh-12_01025_01526,on_pickup_dropoff,99,1627172631100685,0.050047,664458.7853286467,3998144.676387952,1.5755793505333804,664458.7783406756,3998146.13737124,-0.001029267774274512,-0.0006029088091729132,65,46,30,30,0,15,7,7,0,4,2,2,0
52b9316d85095da7,2021.06.08.16.31.33_veh-38_01589_02072,on_pickup_dropoff,0,1623185996599894,,664494.4236520049,3997877.471486921,-3.1198526297478892,664492.9629972465,3997877.439727248,0.9897313565935679,-0.05305031912016214,239,22,16,16,0,92,88,20,68,125,37,30,7
52b9316d85095da7,2021.06.08.16.31.33_veh-38_01589_02072,on_pickup_dropoff,1,1623185996649919,0.050025,664494.3773444602,3997877.470850516,-3.1197436095016133,664492.916693173,3997877.4389316025,0.940870381404102,-0.05221422690065066,238,22,16,16,0,91,87,20,67,125,38,30,8
52b9316d85095da7,2021.06.08.16.31.33_veh-38_01589_02072,on_pickup_dropoff,2,1623185996699946,0.050027,664494.3353633668,3997877.4704322563,-3.1194130952040395,664492.874722709,3997877.438030578,0.887857683172104,-0.04774854751104352,238,22,16,16,0,91,87,20,67,125,37,30,7
52b9316d85095da7,2021.06.08.16.31.33_veh-38_01589_02072,on_pickup_dropoff,3,1623185996749974,0.050028,664494.2937408286,3997877.4698920613,-3.119424461294212,664492.8330998026,3997877.437506985,0.8336796635985364,-0.038469551147317566,238,22,16,16,0,91,87,20,67,125,37,30,7
52b9316d85095da7,2021.06.08.16.31.33_veh-38_01589_02072,on_pickup_dropoff,4,1623185996800003,0.050029,664494.2552437945,3997877.469030101,-3.119418406393034,664492.7946029647,3997877.4366361806,0.7833498609853622,-0.033993489978806676,237,22,16,16,0,90,86,20,66,125,37,30,7
52b9316d85095da7,2021.06.08.16.31.33_veh-38_01589_02072,on_pickup_dropoff,5,1623185996850031,0.050028,664494.2204608038,3997877.4679632527,-3.119362781786017,664492.759821778,3997877.435488085,0.7277191944874802,-0.033816838593454794,239,22,16,16,0,90,86,20,66,127,38,30,8
52b9316d85095da7,2021.06.08.16.31.33_veh-38_01589_02072,on_pickup_dropoff,6,1623185996900058,0.050027,664494.1863025116,3997877.467224062,-3.119491943929532,664492.7256593035,3997877.4349375535,0.6766008888202868,-0.03148978089043853,239,22,16,16,0,90,86,20,66,127,38,30,8
52b9316d85095da7,2021.06.08.16.31.33_veh-38_01589_02072,on_pickup_dropoff,7,1623185996950085,0.050027,664494.1563297476,3997877.4663683563,-3.1197254431397186,664492.6956790405,3997877.434422908,0.6262466664631479,-0.024969798866489333,238,22,16,16,0,90,86,20,66,126,38,30,8
52b9316d85095da7,2021.06.08.16.31.33_veh-38_01589_02072,on_pickup_dropoff,8,1623185997000113,0.050028,664494.1271740495,3997877.4657397494,-3.119715167982639,664492.6665236707,3997877.4337792927,0.5748226860016147,-0.021456319271389978,238,22,16,16,0,90,86,20,66,126,38,30,8
52b9316d85095da7,2021.06.08.16.31.33_veh-38_01589_02072,on_pickup_dropoff,9,1623185997050139,0.050026,664494.10223846,3997877.465527062,-3.1197891604554755,664492.6415857204,3997877.4336746824,0.5232782392069708,-0.02048130715508739,240,23,16,16,0,92,87,20,67,125,38,30,8
52b9316d85095da7,2021.06.08.16.31.33_veh-38_01589_02072,on_pickup_dropoff,10,1623185997100162,0.050023,664494.0801075163,3997877.464707824,-3.1195907977652246,664492.6194611236,3997877.432565706,0.4720274986765882,-0.019326650809109797,243,23,16,16,0,93,87,20,67,127,38,30,8
52b9316d85095da7,2021.06.08.16.31.33_veh-38_01589_02072,on_pickup_dropoff,11,1623185997150178,0.050016,664494.0588034313,3997877.464646374,-3.1195259693971713,664492.5981591255,3997877.4324095645,0.42475656981388205,-0.01718377464474827,244,23,16,16,0,93,87,20,67,128,38,30,8
52b9316d85095da7,2021.06.08.16.31.33_veh-38_01589_02072,on_pickup_dropoff,12,1623185997200187,0.050009,664494.040245433,3997877.464249842,-3.119586093777679,664492.5795991916,3997877.432100853,0.3762791119369204,-0.0151282961993986,245,23,16,16,0,93,87,20,67,129,39,30,9
52b9316d85095da7,2021.06.08.16.31.33_veh-38_01589_02072,on_pickup_dropoff,13,1623185997250191,0.050004,664494.0259329748,3997877.4634634815,-3.1195334271226507,664492.5652884286,3997877.4312375654,0.32777163128930004,-0.014807076338897806,246,23,16,16,0,93,87,20,67,130,39,30,9
52b9316d85095da7,2021.06.08.16.31.33_veh-38_01589_02072,on_pickup_dropoff,14,1623185997300191,0.05,664494.0121756308,3997877.462750402,-3.1196284910527647,664492.5515280276,3997877.4306633403,0.27906344261483146,-0.01485094830629976,243,23,16,16,0,93,87,20,67,127,37,30,7
52b9316d85095da7,2021.06.08.16.31.33_veh-38_01589_02072,on_pickup_dropoff,15,1623185997350188,0.049997,664494.0040132832,3997877.4609223674,-3.119710452574577,664492.5433630551,3997877.428955023,0.22966542074530613,-0.011654832362079095,244,23,17,17,0,94,88,20,68,127,37,30,7
52b9316d85095da7,2021.06.08.16.31.33_veh-38_01589_02072,on_pickup_dropoff,16,1623185997400179,0.049991,664493.9943614273,3997877.4598012287,-3.119726288911512,664492.5337106931,3997877.4278570157,0.18737798723857366,-0.00812435544244773,244,23,17,17,0,94,88,20,68,127,37,30,7
52b9316d85095da7,2021.06.08.16.31.33_veh-38_01589_02072,on_pickup_dropoff,17,1623185997450164,0.049985,664493.990002455,3997877.4583690907,-3.1197985601937774,664492.5293494159,3997877.426530441,0.13963142732594194,-0.0038219191301226817,242,23,17,17,0,93,87,20,67,126,37,30,7
52b9316d85095da7,2021.06.08.16.31.33_veh-38_01589_02072,on_pickup_dropoff,18,1623185997500142,0.049978,664493.9846787507,3997877.457631932,-3.1197094192968726,664492.5240285556,3997877.4256630787,0.10183023504165742,-0.0008863037205849182,241,24,17,17,0,92,87,20,67,125,36,30,6
52b9316d85095da7,2021.06.08.16.31.33_veh-38_01589_02072,on_pickup_dropoff,19,1623185997550118,0.049976,664493.9846196659,3997877.456259326,-3.1196753989622032,664492.5239705592,3997877.4242407805,0.07644328267419104,0.0023835574223331226,242,24,17,17,0,93,88,20,68,125,36,30,6
52b9316d85095da7,2021.06.08.16.31.33_veh-38_01589_02072,on_pickup_dropoff,20,1623185997600089,0.049971,664493.9819694075,3997877.454609757,-3.1195951347945967,664492.5213228755,3997877.4224739736,0.07920102405118866,0.0041092636123497474,241,24,17,17,0,92,87,20,67,125,35,30,5
52b9316d85095da7,2021.06.08.16.31.33_veh-38_01589_02072,on_pickup_dropoff,21,1623185997650058,0.049969,664493.9835802354,3997877.4516503806,-3.119419933740345,664492.522939356,3997877.4192586914,0.08743846806740672,0.007490283259664355,245,24,17,17,0,95,90,20,70,126,35,30,5
52b9316d85095da7,2021.06.08.16.31.33_veh-38_01589_02072,on_pickup_dropoff,22,1623185997700027,0.049969,664493.984150336,3997877.4498214913,-3.119441879193107,664492.5235087462,3997877.4174618563,0.10027586154064223,0.008371098675643496,244,24,17,17,0,95,90,20,70,125,35,30,5
52b9316d85095da7,2021.06.08.16.31.33_veh-38_01589_02072,on_pickup_dropoff,23,1623185997749994,0.049967,664493.989880291,3997877.4467555825,-3.1196050207712966,664492.5292334415,3997877.4146342394,0.09958643634319352,0.010899444922872257,242,24,18,18,0,94,89,20,69,124,34,30,4
52b9316d85095da7,2021.06.08.16.31.33_veh-38_01589_02072,on_pickup_dropoff,24,1623185997799961,0.049967,664493.9903315326,3997877.4446715056,-3.1195696211552355,664492.5296858209,3997877.412498456,0.10240048864736685,0.011105443006479221,240,24,18,18,0,92,87,20,67,124,34,30,4
52b9316d85095da7,2021.06.08.16.31.33_veh-38_01589_02072,on_pickup_dropoff,25,1623185997849928,0.049967,664493.9966363658,3997877.4421165134,-3.119560434145456,664492.5359909498,3997877.409930045,0.08547990551069033,0.01318903864906056,240,24,17,17,0,92,87,20,67,124,34,30,4
52b9316d85095da7,2021.06.08.16.31.33_veh-38_01589_02072,on_pickup_dropoff,26,1623185997899893,0.049965,664494.0019585243,3997877.4404301005,-3.1195060679322757,664492.5413148603,3997877.4081642223,0.06414717200805933,0.016321350211684647,239,24,17,17,0,92,87,20,67,123,34,30,4
52b9316d85095da7,2021.06.08.16.31.33_veh-38_01589_02072,on_pickup_dropoff,27,1623185997949860,0.049967,664494.0045276516,3997877.4394183843,-3.119431555949484,664492.5438863959,3997877.407043671,0.04218229330906651,0.018709439433280274,239,24,17,17,0,92,87,20,67,123,34,30,4
52b9316d85095da7,2021.06.08.16.31.33_veh-38_01589_02072,on_pickup_dropoff,28,1623185997999827,0.049967,664494.0103928036,3997877.4379181387,-3.1193321599822648,664492.549754773,3997877.4053982436,0.019956992773791545,0.021700710278218318,239,24,17,17,0,92,87,20,67,123,34,30,4
52b9316d85095da7,2021.06.08.16.31.33_veh-38_01589_02072,on_pickup_dropoff,29,1623185998049795,0.049968,664494.0133897675,3997877.4370086933,-3.119346668493359,664492.5527512652,3997877.40450999,0.004642784638457444,0.021501274071671884,240,24,17,17,0,92,87,20,67,124,35,30,5
52b9316d85095da7,2021.06.08.16.31.33_veh-38_01589_02072,on_pickup_dropoff,30,1623185998099765,0.04997,664494.0195859034,3997877.435862908,-3.1194003707774813,664492.558945658,3997877.403442644,-0.00919736153932428,0.021414382114925176,238,24,17,17,0,91,86,20,66,123,34,30,4
52b9316d85095da7,2021.06.08.16.31.33_veh-38_01589_02072,on_pickup_dropoff,31,1623185998149736,0.049971,664494.0202723963,3997877.4397569327,-3.1194661197428077,664492.5596300224,3997877.407432704,-0.004623892281051414,0.004854536972561571,238,24,17,17,0,92,86,20,66,122,34,30,4
52b9316d85095da7,2021.06.08.16.31.33_veh-38_01589_02072,on_pickup_dropoff,32,1623185998199709,0.049973,664494.0242914932,3997877.439557887,-3.1194636233638087,664492.5636492001,3997877.4072300126,-0.003005449319516526,0.0020259652086256617,238,24,17,17,0,92,86,20,66,122,34,30,4
52b9316d85095da7,2021.06.08.16.31.33_veh-38_01589_02072,on_pickup_dropoff,33,1623185998249682,0.049973,664494.0261920473,3997877.439357987,-3.119451082387629,664492.5655501597,3997877.407011795,0.000457619764673737,0.0005539682680216916,235,24,17,17,0,90,85,20,65,121,34,30,4
52b9316d85095da7,2021.06.08.16.31.33_veh-38_01589_02072,on_pickup_dropoff,34,1623185998299656,0.049974,664494.0299629655,3997877.4388928125,-3.119405101689497,664492.5693225667,3997877.406479459,0.0027022676324896123,-0.00012380791341362615,233,24,17,17,0,89,85,20,65,120,33,30,3
52b9316d85095da7,2021.06.08.16.31.33_veh-38_01589_02072,on_pickup_dropoff,35,1623185998349632,0.049976,664494.031707535,3997877.438644644,-3.119402988998052,664492.5710672047,3997877.4062282043,0.0028156396428274948,-0.0009001950014752027,233,24,17,17,0,89,85,20,65,120,33,30,3
52b9316d85095da7,2021.06.08.16.31.33_veh-38_01589_02072,on_pickup_dropoff,36,1623185998399605,0.049973,664494.034842859,3997877.4382549906,-3.1193865002023773,664492.5742030635,3997877.405814467,0.0002180124319914217,-0.0020993407719778158,233,24,17,17,0,89,85,20,65,120,33,30,3
52b9316d85095da7,2021.06.08.16.31.33_veh-38_01589_02072,on_pickup_dropoff,37,1623185998449578,0.049973,664494.0363521705,3997877.4381283736,-3.1193945620454167,664492.5757121134,3997877.405699625,-0.004263389052452385,-0.00258258996610846,234,24,18,18,0,90,86,20,66,120,33,30,3
52b9316d85095da7,2021.06.08.16.31.33_veh-38_01589_02072,on_pickup_dropoff,38,1623185998499551,0.049973,664494.0379137307,3997877.438004165,-3.119425159259531,664492.5772726821,3997877.4056201084,-0.008393392018790462,-0.0016486020460440894,234,24,18,18,0,90,86,20,66,120,33,30,3
52b9316d85095da7,2021.06.08.16.31.33_veh-38_01589_02072,on_pickup_dropoff,39,1623185998549526,0.049975,664494.0407614787,3997877.4377017953,-3.119458204247718,664492.5801193608,3997877.4053660054,-0.010476581539364732,-0.0008858076736576962,234,24,18,18,0,90,86,20,66,120,33,30,3
52b9316d85095da7,2021.06.08.16.31.33_veh-38_01589_02072,on_pickup_dropoff,40,1623185998599501,0.049975,664494.0433679399,3997877.437450501,-3.119449014598093,664492.5827261192,3997877.4051012886,-0.009811103090912281,-0.000446240128063429,235,24,18,18,0,91,87,20,67,120,32,30,2
52b9316d85095da7,2021.06.08.16.31.33_veh-38_01589_02072,on_pickup_dropoff,41,1623185998649477,0.049976,664494.044639738,3997877.4373435616,-3.1194268215587866,664492.5839986356,3997877.404961933,-0.006154467108491352,0.000567928069600787,236,24,18,18,0,92,88,20,68,120,32,30,2
52b9316d85095da7,2021.06.08.16.31.33_veh-38_01589_02072,on_pickup_dropoff,42,1623185998699454,0.049977,664494.0457417112,3997877.437212234,-3.1194374111428607,664492.5851002659,3997877.4048460727,-0.0024379510464306656,0.0011305834915424208,238,24,18,18,0,92,88,20,68,122,34,30,4
52b9316d85095da7,2021.06.08.16.31.33_veh-38_01589_02072,on_pickup_dropoff,43,1623185998749433,0.049979,664494.0475533875,3997877.4369787406,-3.119415570755358,664492.5869126495,3997877.4045806783,0.00016504757818244672,-0.00033306100327554845,238,24,18,18,0,92,88,20,68,122,34,30,4
52b9316d85095da7,2021.06.08.16.31.33_veh-38_01589_02072,on_pickup_dropoff,44,1623185998799412,0.049979,664494.0483719818,3997877.4369343338,-3.1193861434574033,664492.5877321978,3997877.404493289,0.001382861351388705,-0.0019362531812802872,240,24,18,18,0,93,88,20,68,123,34,30,4
52b9316d85095da7,2021.06.08.16.31.33_veh-38_01589_02072,on_pickup_dropoff,45,1623185998849391,0.049979,664494.0499778487,3997877.436841406,-3.119393149019197,664492.5893378374,3997877.4044105937,0.00022203672357333642,-0.0020525978362189628,241,24,18,18,0,93,88,20,68,124,34,30,4
52b9316d85095da7,2021.06.08.16.31.33_veh-38_01589_02072,on_pickup_dropoff,46,1623185998899370,0.049979,664494.0508193667,3997877.4368130444,-3.1194348654826083,664492.5901780039,3997877.404443165,-0.0017695292185867736,-0.002326192256428417,241,24,18,18,0,93,88,20,68,124,34,30,4
52b9316d85095da7,2021.06.08.16.31.33_veh-38_01589_02072,on_pickup_dropoff,47,1623185998949350,0.04998,664494.0524009736,3997877.4366668994,-3.1194344930910196,664492.5917596228,3997877.404296476,-0.003935531990368621,-0.002922578883820289,240,24,18,18,0,92,88,20,68,124,34,30,4
52b9316d85095da7,2021.06.08.16.31.33_veh-38_01589_02072,on_pickup_dropoff,48,1623185998999330,0.04998,664494.0532372253,3997877.436665595,-3.1194117454188595,664492.5925966112,3997877.4042619453,-0.004831993197396789,-0.002704769958388559,241,24,18,18,0,92,88,20,68,125,34,30,4
52b9316d85095da7,2021.06.08.16.31.33_veh-38_01589_02072,on_pickup_dropoff,49,1623185999049311,0.049981,664494.0546955811,3997877.436533083,-3.1194050273225082,664492.5940551847,3997877.404119621,-0.005621007604956811,-0.0012068845620123623,241,24,18,18,0,92,88,20,68,125,34,30,4
52b9316d85095da7,2021.06.08.16.31.33_veh-38_01589_02072,on_pickup_dropoff,50,1623185999099295,0.049984,664494.0554153781,3997877.436418225,-3.1193994512389582,664492.5947751625,3997877.403996618,-0.003978803483493753,-0.0002816510060712011,241,24,18,18,0,92,87,20,67,125,34,30,4
52b9316d85095da7,2021.06.08.16.31.33_veh-38_01589_02072,on_pickup_dropoff,51,1623185999149281,0.049986,664494.056619461,3997877.4362368486,-3.119411359720954,664492.5959788595,3997877.4038326354,-0.0020692188211034698,-0.00022873321858382585,240,24,18,18,0,91,88,20,68,125,34,30,4
52b9316d85095da7,2021.06.08.16.31.33_veh-38_01589_02072,on_pickup_dropoff,52,1623185999199270,0.049989,664494.0571932128,3997877.4361986583,-3.119373471998049,664492.59655384,3997877.403739105,-0.001047947571009991,-0.0003120072777933772,241,24,18,18,0,92,89,20,69,125,34,30,4
52b9316d85095da7,2021.06.08.16.31.33_veh-38_01589_02072,on_pickup_dropoff,53,1623185999249263,0.049993,664494.0582523822,3997877.4360779105,-3.119322081267694,664492.5976146795,3997877.403543294,0.0002561195101682892,0.0005329556196212315,243,24,18,18,0,93,89,20,69,125,34,30,4
52b9316d85095da7,2021.06.08.16.31.33_veh-38_01589_02072,on_pickup_dropoff,54,1623185999299263,0.05,664494.0587306519,3997877.43599166,-3.119397983061027,664492.5980904839,3997877.403567909,0.0011465379048313446,3.575328400033e-05,245,24,18,18,0,94,90,20,70,126,34,30,4
52b9316d85095da7,2021.06.08.16.31.33_veh-38_01589_02072,on_pickup_dropoff,55,1623185999349270,0.050007,664494.0596944225,3997877.435910446,-3.119435618686845,664492.5990530353,3997877.403541667,-0.0003628207954947082,-0.0020022735155822285,246,24,18,18,0,94,90,20,70,127,34,30,4
52b9316d85095da7,2021.06.08.16.31.33_veh-38_01589_02072,on_pickup_dropoff,56,1623185999399283,0.050013,664494.060190243,3997877.435944711,-3.1193944354600327,664492.59955019,3997877.4035157776,-0.0022086408229742113,-0.002846221855936961,246,24,18,18,0,97,91,20,71,125,34,30,4
52b9316d85095da7,2021.06.08.16.31.33_veh-38_01589_02072,on_pickup_dropoff,57,1623185999449302,0.050019,664494.0611341774,3997877.43589734,-3.119440425059758,664492.6004926346,3997877.403535581,-0.0035551169333097018,-0.0019198296342520633,245,24,18,18,0,97,91,20,71,124,34,30,4
52b9316d85095da7,2021.06.08.16.31.33_veh-38_01589_02072,on_pickup_dropoff,58,1623185999499324,0.050022,664494.0616391345,3997877.4358498976,-3.1194507190182703,664492.6009972587,3997877.4035031744,-0.0035481542483072927,-0.0018252804808383224,245,25,18,18,0,97,91,20,71,123,34,30,4
52b9316d85095da7,2021.06.08.16.31.33_veh-38_01589_02072,on_pickup_dropoff,59,1623185999549350,0.050026,664494.062481039,3997877.4357818402,-3.119421197584729,664492.6018401186,3997877.403391997,-0.002161474311043305,-0.0023664335890735137,242,25,19,19,0,96,91,20,71,121,33,30,3
52b9316d85095da7,2021.06.08.16.31.33_veh-38_01589_02072,on_pickup_dropoff,60,1623185999599378,0.050028,664494.0628679178,3997877.435778412,-3.1194461273307463,664492.6022261905,3997877.403424982,-0.0007084896151733482,-0.0011982613790647763,241,25,19,19,0,96,91,20,71,120,33,30,3
52b9316d85095da7,2021.06.08.16.31.33_veh-38_01589_02072,on_pickup_dropoff,61,1623185999649409,0.050031,664494.063595986,3997877.435669564,-3.119439971635639,664492.6029544579,3997877.403307143,0.0008034830352786204,0.00022152178720183114,241,25,19,19,0,96,91,20,71,120,33,30,3
52b9316d85095da7,2021.06.08.16.31.33_veh-38_01589_02072,on_pickup_dropoff,62,1623185999699441,0.050032,664494.0639159292,3997877.435586413,-3.1194246792955456,664492.6032748962,3997877.403201655,0.0007417662216417519,-0.0011421367405395084,241,25,19,19,0,96,91,20,71,120,33,30,3
52b9316d85095da7,2021.06.08.16.31.33_veh-38_01589_02072,on_pickup_dropoff,63,1623185999749474,0.050033,664494.06458472,3997877.4355619596,-3.1194158602355992,664492.6039439725,3997877.40316432,-0.00026568542082270333,-0.0019110645943413048,241,25,19,19,0,96,91,20,71,120,33,30,3
52b9316d85095da7,2021.06.08.16.31.33_veh-38_01589_02072,on_pickup_dropoff,64,1623185999799508,0.050034,664494.0649221932,3997877.43559044,-3.1194169466858144,664492.6042814106,3997877.4031943874,-0.0007006547077863314,-0.0005572085886460831,242,26,19,19,0,96,91,20,71,120,33,30,3
52b9316d85095da7,2021.06.08.16.31.33_veh-38_01589_02072,on_pickup_dropoff,65,1623185999849545,0.050037,664494.0652629125,3997877.435509973,-3.1194131626899115,664492.6046222525,3997877.403108394,-0.0014742271918253105,4.23087254783425e-06,242,26,19,19,0,96,91,20,71,120,33,30,3
52b9316d85095da7,2021.06.08.16.31.33_veh-38_01589_02072,on_pickup_dropoff,66,1623185999899582,0.050037,664494.0658885844,3997877.4354114514,-3.119399765689616,664492.6052483586,3997877.4029903035,-0.0016251116651788044,-0.0016727105972503867,242,26,19,19,0,96,91,20,71,120,33,30,3
52b9316d85095da7,2021.06.08.16.31.33_veh-38_01589_02072,on_pickup_dropoff,67,1623185999949618,0.050036,664494.0664991676,3997877.4354007533,-3.119440178753009,664492.6058576327,3997877.4030386345,-0.0017588109122275263,-0.0021691170138302793,243,26,19,19,0,97,92,20,72,120,33,30,3
52b9316d85095da7,2021.06.08.16.31.33_veh-38_01589_02072,on_pickup_dropoff,68,1623185999999654,0.050036,664494.0668092143,3997877.4354006248,-3.1194623667934875,664492.6061669618,3997877.403070915,-0.0010611705729996655,-0.0008751578563642505,243,26,19,19,0,96,91,20,71,121,34,30,4
52b9316d85095da7,2021.06.08.16.31.33_veh-38_01589_02072,on_pickup_dropoff,69,1623186000049686,0.050032,664494.0673391896,3997877.435269999,-3.1194191121164883,664492.6066983369,3997877.402877109,6.772804996941238e-06,-0.0007456617008988161,243,26,19,19,0,96,91,20,71,121,34,30,4
52b9316d85095da7,2021.06.08.16.31.33_veh-38_01589_02072,on_pickup_dropoff,70,1623186000099714,0.050028,664494.0676062914,3997877.435254725,-3.1194172218321583,664492.6069654999,3997877.4028590745,0.00026172573229718435,-0.0021637791641281622,243,26,19,19,0,96,90,20,70,121,34,30,4
52b9316d85095da7,2021.06.08.16.31.33_veh-38_01589_02072,on_pickup_dropoff,71,1623186000149740,0.050026,664494.0678697318,3997877.4353138674,-3.119416263449678,664492.6072289713,3997877.402916817,-3.5838452583085536e-05,-0.0013448276410360856,243,26,19,19,0,96,90,20,70,121,34,30,4
52b9316d85095da7,2021.06.08.16.31.33_veh-38_01589_02072,on_pickup_dropoff,72,1623186000199766,0.050026,664494.0683907492,3997877.435238024,-3.1194287172858854,664492.6077495853,3997877.4028591644,1.947999388587667e-06,0.0004131958581626748,243,26,19,19,0,96,90,20,70,121,34,30,4
52b9316d85095da7,2021.06.08.16.31.33_veh-38_01589_02072,on_pickup_dropoff,73,1623186000249791,0.050025,664494.0688538079,3997877.4350900417,-3.119408850146438,664492.6082132877,3997877.4026821633,-0.00034872676565399273,-0.00013287145682896272,243,26,19,19,0,96,90,20,70,121,34,30,4
52b9316d85095da7,2021.06.08.16.31.33_veh-38_01589_02072,on_pickup_dropoff,74,1623186000299814,0.050023,664494.0690691682,3997877.4351195893,-3.119384828867462,664492.6084294268,3997877.4026766242,-0.0008537437508841892,-0.0020279928348727896,244,26,19,19,0,97,91,20,71,121,34,30,4
52b9316d85095da7,2021.06.08.16.31.33_veh-38_01589_02072,on_pickup_dropoff,75,1623186000349837,0.050023,664494.0693257784,3997877.4351732787,-3.1193764513355253,664492.6086863088,3997877.402718077,-0.0012961984238463314,-0.0013355143919042823,245,26,19,19,0,98,92,20,72,121,34,30,4
52b9316d85095da7,2021.06.08.16.31.33_veh-38_01589_02072,on_pickup_dropoff,76,1623186000399860,0.050023,664494.069792331,3997877.4350730963,-3.119393129742241,664492.6091523203,3997877.4026422556,-0.0008648385909299705,0.00027931537444232256,246,26,19,19,0,98,92,20,72,122,35,30,5
52b9316d85095da7,2021.06.08.16.31.33_veh-38_01589_02072,on_pickup_dropoff,77,1623186000449881,0.050021,664494.0699948721,3997877.434984052,-3.1194004413443066,664492.6093546244,3997877.4025638914,-0.0006100810773324988,-0.0015377803482456635,246,26,19,19,0,98,92,20,72,122,35,30,5
52b9316d85095da7,2021.06.08.16.31.33_veh-38_01589_02072,on_pickup_dropoff,78,1623186000499901,0.05002,664494.0704044178,3997877.435004867,-3.119364352353423,664492.609765341,3997877.402531993,-0.0009848159609545076,-0.0027069356453688215,245,26,19,19,0,98,92,20,72,121,35,30,5
52b9316d85095da7,2021.06.08.16.31.33_veh-38_01589_02072,on_pickup_dropoff,79,1623186000549921,0.05002,664494.0706051873,3997877.435045366,-3.119403164361466,664492.6099648514,3997877.4026291827,-0.00037759754691469276,-0.000256736287376107,245,26,19,19,0,99,93,20,73,120,35,30,5
52b9316d85095da7,2021.06.08.16.31.33_veh-38_01589_02072,on_pickup_dropoff,80,1623186000599941,0.05002,664494.0710065246,3997877.4349185345,-3.119417238798201,664492.6103657326,3997877.4025229085,-0.00025877808041505714,0.0012568270384863036,244,26,19,19,0,98,93,20,73,120,35,30,5
52b9316d85095da7,2021.06.08.16.31.33_veh-38_01589_02072,on_pickup_dropoff,81,1623186000649960,0.050019,664494.0712145211,3997877.4348642915,-3.119442131442333,664492.6105729231,3997877.402505025,-0.0006430527278967537,-0.00130664242484042,244,26,19,19,0,98,94,20,74,120,35,30,5
52b9316d85095da7,2021.06.08.16.31.33_veh-38_01589_02072,on_pickup_dropoff,82,1623186000699981,0.050021,664494.0715895047,3997877.4349025288,-3.119413881320653,664492.6109488214,3997877.402501999,-0.0007047365877283379,-0.001817525324883229,246,26,19,19,0,99,95,20,75,121,36,30,6
52b9316d85095da7,2021.06.08.16.31.33_veh-38_01589_02072,on_pickup_dropoff,83,1623186000750002,0.050021,664494.0717780105,3997877.4349107356,-3.119437988983255,664492.6111365465,3997877.4025454186,-0.0003311541531297706,5.452691425763198e-05,246,26,19,19,0,99,95,20,75,121,36,30,6
52b9316d85095da7,2021.06.08.16.31.33_veh-38_01589_02072,on_pickup_dropoff,84,1623186000800022,0.05002,664494.0721215185,3997877.43479453,-3.1194597861760616,664492.6114793494,3997877.4024610505,-0.0005377007092310451,-0.0004614509395598676,243,26,19,19,0,99,95,20,75,118,33,30,3
52b9316d85095da7,2021.06.08.16.31.33_veh-38_01589_02072,on_pickup_dropoff,85,1623186000850043,0.050021,664494.0722984014,3997877.4347901326,-3.1194805173456013,664492.6116555623,3997877.402486934,-0.000728453676213839,-0.002225967081775893,242,26,19,19,0,98,94,20,74,118,33,30,3
52b9316d85095da7,2021.06.08.16.31.33_veh-38_01589_02072,on_pickup_dropoff,86,1623186000900063,0.05002,664494.0726409296,3997877.434838971,-3.119467120401368,664492.6119985235,3997877.4025162044,-0.0011934479578794347,-0.0015097894216147079,240,26,19,19,0,96,93,20,73,118,33,30,3
52b9316d85095da7,2021.06.08.16.31.33_veh-38_01589_02072,on_pickup_dropoff,87,1623186000950084,0.050021,664494.0728419484,3997877.4348098645,-3.1194730300745754,664492.6121993512,3997877.4024957297,-0.0010442543931283071,-0.00012282970263791367,241,26,19,19,0,96,93,20,73,119,34,30,4
52b9316d85095da7,2021.06.08.16.31.33_veh-38_01589_02072,on_pickup_dropoff,88,1623186001000104,0.05002,664494.0731582411,3997877.434699608,-3.1194704626937177,664492.6125157269,3997877.4023817233,-0.0006854000741358172,-0.001123301855046222,242,26,19,19,0,96,93,20,73,120,35,30,5
52b9316d85095da7,2021.06.08.16.31.33_veh-38_01589_02072,on_pickup_dropoff,89,1623186001050121,0.050017,664494.0733136347,3997877.4347297563,-3.1194179365957564,664492.6126728201,3997877.4023351497,-0.0006206624922427211,-0.0014887289121956622,240,26,19,19,0,95,92,20,72,119,35,30,5
52b9316d85095da7,2021.06.08.16.31.33_veh-38_01589_02072,on_pickup_dropoff,90,1623186001100134,0.050013,664494.0736063431,3997877.434749199,-3.1194345756057347,664492.6129649896,3997877.4023788963,-0.0010818208678207712,0.00027971238421957217,239,26,19,19,0,95,92,20,72,118,34,30,4
52b9316d85095da7,2021.06.08.16.31.33_veh-38_01589_02072,on_pickup_dropoff,91,1623186001150143,0.050009,664494.0737537941,3997877.434654994,-3.119461058748816,664492.6131115839,3997877.4023233736,-0.0007155123549655485,0.000897341369493459,240,26,19,19,0,95,92,20,72,119,35,30,5
52b9316d85095da7,2021.06.08.16.31.33_veh-38_01589_02072,on_pickup_dropoff,92,1623186001200149,0.050006,664494.0740546365,3997877.434587535,-3.119400003319983,664492.613414403,3997877.4021667344,-0.0013623274946972322,-0.0012033326665933505,241,27,18,18,0,95,92,20,72,119,35,30,5
52b9316d85095da7,2021.06.08.16.31.33_veh-38_01589_02072,on_pickup_dropoff,93,1623186001250150,0.050001,664494.0742220939,3997877.4346707487,-3.1193768489370384,664492.6135826115,3997877.4022161276,-0.0017165486850975206,-0.0022109659076959037,240,27,18,18,0,94,91,20,71,119,35,30,5
52b9316d85095da7,2021.06.08.16.31.33_veh-38_01589_02072,on_pickup_dropoff,94,1623186001300145,0.049995,664494.0745326098,3997877.434666124,-3.119397440282828,664492.6138924594,3997877.4022415797,-0.0009864662110489887,-5.41320957013518e-05,239,27,18,18,0,94,91,20,71,118,35,30,5
52b9316d85095da7,2021.06.08.16.31.33_veh-38_01589_02072,on_pickup_dropoff,95,1623186001350133,0.049988,664494.0746513442,3997877.434556466,-3.119381261257995,664492.6140117187,3997877.40210829,-0.00033358869965521365,-0.0008126191975663998,238,26,18,18,0,94,91,20,71,118,35,30,5
52b9316d85095da7,2021.06.08.16.31.33_veh-38_01589_02072,on_pickup_dropoff,96,1623186001400115,0.049982,664494.0749245778,3997877.4345498784,-3.1193837045103523,664492.614284873,3997877.402105271,-0.0007150495841095968,-0.003072061291204048,238,26,18,18,0,94,91,20,71,118,34,30,4
52b9316d85095da7,2021.06.08.16.31.33_veh-38_01589_02072,on_pickup_dropoff,97,1623186001450093,0.049978,664494.0750602112,3997877.4346687803,-3.1193723885745346,664492.6144208736,3997877.4022076447,-0.0009151748765629414,-0.002267810829062314,238,26,18,18,0,94,91,20,71,118,34,30,4
52b9316d85095da7,2021.06.08.16.31.33_veh-38_01589_02072,on_pickup_dropoff,98,1623186001500069,0.049976,664494.0751897725,3997877.4346198924,-3.119347677786413,664492.6145512374,3997877.402122663,-0.0006880252931759276,0.0009643156224280692,236,26,18,18,0,94,91,20,71,116,33,30,3
52b9316d85095da7,2021.06.08.16.31.33_veh-38_01589_02072,on_pickup_dropoff,99,1623186001550043,0.049974,664494.0754281655,3997877.4344840907,-3.1194084991465587,664492.6147876566,3997877.4020756995,-0.0007047533663833687,4.0680966984509884e-05,236,26,18,18,0,94,91,20,71,116,33,30,3
8a12232c4bb4511e,2021.06.08.14.36.49_veh-38_01567_02014,traversing_pickup_dropoff,0,1623179319199854,,664487.7124951805,3997877.3851362043,-3.121516985299556,664486.2517895859,3997877.355807623,1.0019609168947068,-0.015095796883580613,218,38,21,21,0,38,31,20,11,142,55,30,25
8a12232c4bb4511e,2021.06.08.14.36.49_veh-38_01567_02014,traversing_pickup_dropoff,1,1623179319249834,0.04998,664487.6597019591,3997877.3840086586,-3.1213505126298977,664486.1990012671,3997877.3544369102,1.0533910356168932,-0.017201471528546296,217,38,21,21,0,38,31,20,11,141,55,30,25
8a12232c4bb4511e,2021.06.08.14.36.49_veh-38_01567_02014,traversing_pickup_dropoff,2,1623179319299815,0.049981,664487.5997982086,3997877.382532959,-3.1212134241284804,664486.1391015842,3997877.3527609655,1.1097280912540302,-0.018976178026047213,218,38,21,21,0,39,31,20,11,141,55,30,25
8a12232c4bb4511e,2021.06.08.14.36.49_veh-38_01567_02014,traversing_pickup_dropoff,3,1623179319349795,0.04998,664487.541976737,3997877.381521703,-3.121120559275162,664486.0812828836,3997877.3516140627,1.161710195383127,-0.022425834250092275,220,38,21,21,0,39,31,20,11,142,55,30,25
8a12232c4bb4511e,2021.06.08.14.36.49_veh-38_01567_02014,traversing_pickup_dropoff,4,1623179319399774,0.049979,664487.4778585918,3997877.38106637,-3.121013440629212,664486.0171679506,3997877.351002262,1.2151005540298199,-0.024991644149114266,220,38,21,21,0,39,32,20,12,142,55,30,25
8a12232c4bb4511e,2021.06.08.14.36.49_veh-38_01567_02014,traversing_pickup_dropoff,5,1623179319449750,0.049976,664487.4144093548,3997877.380281324,-3.1209994878252005,664485.9537191332,3997877.350196835,1.2685469008068677,-0.028589909094123206,219,38,21,21,0,39,32,20,12,141,55,30,25
8a12232c4bb4511e,2021.06.08.14.36.49_veh-38_01567_02014,traversing_pickup_dropoff,6,1623179319499724,0.049974,664487.3434080995,3997877.3796257344,-3.121120061922515,664485.8827142611,3997877.3497173674,1.32966827083768,-0.030743450124530104,220,37,21,21,0,39,32,20,12,143,56,30,26
8a12232c4bb4511e,2021.06.08.14.36.49_veh-38_01567_02014,traversing_pickup_dropoff,7,1623179319549696,0.049972,664487.2741497111,3997877.37834124,-3.1212099758834126,664485.8134531894,3997877.34856421,1.386690292734848,-0.03221370499127265,219,37,21,21,0,39,32,20,12,143,56,30,26
8a12232c4bb4511e,2021.06.08.14.36.49_veh-38_01567_02014,traversing_pickup_dropoff,8,1623179319599668,0.049972,664487.1974371839,3997877.37721757,-3.1214105995196286,664485.7367347176,3997877.3477335903,1.4547672925247828,-0.03134616506366808,220,37,20,20,0,40,33,20,13,143,56,30,26
8a12232c4bb4511e,2021.06.08.14.36.49_veh-38_01567_02014,traversing_pickup_dropoff,9,1623179319649642,0.049974,664487.1230424064,3997877.3757038624,-3.1216042435551077,664485.6623342581,3997877.34650274,1.512310615270572,-0.03110525466118553,220,37,20,20,0,40,33,20,13,143,56,30,26
8a12232c4bb4511e,2021.06.08.14.36.49_veh-38_01567_02014,traversing_pickup_dropoff,10,1623179319699615,0.049973,664487.0441404275,3997877.3744017123,-3.1218915999525154,664485.5834239484,3997877.345620335,1.5731214138387242,-0.032825900776426914,220,37,20,20,0,42,34,20,14,141,54,30,24
8a12232c4bb4511e,2021.06.08.14.36.49_veh-38_01567_02014,traversing_pickup_dropoff,11,1623179319749590,0.049975,664486.9598841079,3997877.3729256256,-3.122004985218391,664485.4991643748,3997877.344309872,1.6364826022351409,-0.03752179662560578,222,37,20,20,0,44,35,20,15,141,54,30,24
8a12232c4bb4511e,2021.06.08.14.36.49_veh-38_01567_02014,traversing_pickup_dropoff,12,1623179319799563,0.049973,664486.8741609793,3997877.3717888873,-3.1223918929899326,664485.4134302839,3997877.3437383,1.700371731268222,-0.03857310619942377,222,37,20,20,0,44,35,20,15,141,54,30,24
8a12232c4bb4511e,2021.06.08.14.36.49_veh-38_01567_02014,traversing_pickup_dropoff,13,1623179319849536,0.049973,664486.7832081558,3997877.3703125524,-3.122917013326283,664485.3224629319,3997877.3430290283,1.7675909432117038,-0.033029713692451106,221,37,19,19,0,44,35,20,15,140,54,30,24
8a12232c4bb4511e,2021.06.08.14.36.49_veh-38_01567_02014,traversing_pickup_dropoff,14,1623179319899511,0.049975,664486.693927701,3997877.368871969,-3.123399315409864,664485.233169488,3997877.342292968,1.8291454140902077,-0.027682755826610898,220,37,19,19,0,44,35,20,15,139,54,30,24
8a12232c4bb4511e,2021.06.08.14.36.49_veh-38_01567_02014,traversing_pickup_dropoff,15,1623179319949486,0.049975,664486.5957717036,3997877.367161028,-3.1237744455838117,664485.1350036229,3997877.341130004,1.8973066444454185,-0.026877743518548835,221,37,19,19,0,45,35,20,15,139,54,30,24
8a12232c4bb4511e,2021.06.08.14.36.49_veh-38_01567_02014,traversing_pickup_dropoff,16,1623179319999462,0.049976,664486.4991417159,3997877.3656180813,-3.124205771868999,664485.0383625432,3997877.340217127,1.9577470089369593,-0.03465983548354893,222,37,19,19,0,46,36,20,16,139,54,30,24
8a12232c4bb4511e,2021.06.08.14.36.49_veh-38_01567_02014,traversing_pickup_dropoff,17,1623179320049439,0.049977,664486.3946239284,3997877.3644813676,-3.1248187329167543,664484.9338294603,3997877.3399758185,2.0187934240465077,-0.04726093916772438,222,37,19,19,0,46,36,20,16,139,54,30,24
8a12232c4bb4511e,2021.06.08.14.36.49_veh-38_01567_02014,traversing_pickup_dropoff,18,1623179320099418,0.049979,664486.2928460054,3997877.362991149,-3.1253395166811644,664484.8320389733,3997877.3392463615,2.077758482106422,-0.05236511308716758,222,37,18,18,0,47,37,20,17,138,54,30,24
8a12232c4bb4511e,2021.06.08.14.36.49_veh-38_01567_02014,traversing_pickup_dropoff,19,1623179320149404,0.049986,664486.1816163996,3997877.3616350624,-3.1261163112213364,664484.7207913634,3997877.339025029,2.144795612842467,-0.051868129667287766,223,37,18,18,0,48,37,20,17,138,54,30,24
8a12232c4bb4511e,2021.06.08.14.36.49_veh-38_01567_02014,traversing_pickup_dropoff,20,1623179320199397,0.049993,664486.0722712951,3997877.3598435936,-3.1266421591091507,664484.6114345714,3997877.338001735,2.208293307187983,-0.046853322533410735,223,37,18,18,0,49,37,20,17,137,53,30,23
8a12232c4bb4511e,2021.06.08.14.36.49_veh-38_01567_02014,traversing_pickup_dropoff,21,1623179320249396,0.049999,664485.9539364572,3997877.357412833,-3.1272152706756917,664484.4930874556,3997877.3364082,2.2741857272605657,-0.04319036800096017,224,37,18,18,0,49,37,20,17,138,53,30,23
8a12232c4bb4511e,2021.06.08.14.36.49_veh-38_01567_02014,traversing_pickup_dropoff,22,1623179320299400,0.050004,664485.8379973039,3997877.355437531,-3.1279468549988536,664484.3771333266,3997877.3355016382,2.3353763181965976,-0.0404477880744654,226,37,18,18,0,50,37,20,17,139,54,30,24
8a12232c4bb4511e,2021.06.08.14.36.49_veh-38_01567_02014,traversing_pickup_dropoff,23,1623179320349411,0.050011,664485.7133025096,3997877.353370579,-3.1287832009710175,664484.2524223699,3997877.3346564807,2.4009072305118937,-0.03859532464668543,226,37,18,18,0,50,37,20,17,139,54,30,24
8a12232c4bb4511e,2021.06.08.14.36.49_veh-38_01567_02014,traversing_pickup_dropoff,24,1623179320399426,0.050015,664485.5921448764,3997877.351222017,-3.1295588361871904,664484.1312506609,3997877.333641034,2.4610893665994933,-0.03754579202726595,226,37,18,18,0,50,37,20,17,139,54,30,24
8a12232c4bb4511e,2021.06.08.14.36.49_veh-38_01567_02014,traversing_pickup_dropoff,25,1623179320449444,0.050018,664485.4654956664,3997877.3493881593,-3.1302508351568923,664484.0045896346,3997877.332818118,2.520637891432694,-0.0425551683385611,226,37,18,18,0,50,37,20,17,139,54,30,24
8a12232c4bb4511e,2021.06.08.14.36.49_veh-38_01567_02014,traversing_pickup_dropoff,26,1623179320499465,0.050021,664485.3320342324,3997877.346761989,-3.1309533636789086,664483.8711169203,3997877.3312182794,2.5855136082756567,-0.050773780996780794,227,38,18,18,0,50,37,20,17,139,54,30,24
8a12232c4bb4511e,2021.06.08.14.36.49_veh-38_01567_02014,traversing_pickup_dropoff,27,1623179320549490,0.050025,664485.202741428,3997877.345125123,-3.1313801986670176,664483.7418176143,3997877.3302049856,2.6434608910077855,-0.058722748979715925,228,38,18,18,0,51,37,20,17,139,54,30,24
8a12232c4bb4511e,2021.06.08.14.36.49_veh-38_01567_02014,traversing_pickup_dropoff,28,1623179320599519,0.050029,664485.0651991921,3997877.3429115033,-3.131852202633869,664483.6042684988,3997877.3286809293,2.705398953990588,-0.06198249515984506,229,38,18,18,0,51,37,20,17,140,55,30,25
8a12232c4bb4511e,2021.06.08.14.36.49_veh-38_01567_02014,traversing_pickup_dropoff,29,1623179320649555,0.050036,664484.9284180289,3997877.3411755916,-3.132303168055278,664483.4674810666,3997877.327603848,2.7690789419682846,-0.056559958955045966,229,38,18,18,0,51,37,20,17,140,55,30,25
8a12232c4bb4511e,2021.06.08.14.36.49_veh-38_01567_02014,traversing_pickup_dropoff,30,1623179320699595,0.05004,664484.7826813117,3997877.3383668726,-3.1326107055544425,664483.3217402447,3997877.325244423,2.8421521603962225,-0.04287578282088058,230,38,18,18,0,52,38,20,18,140,55,30,25
8a12232c4bb4511e,2021.06.08.14.36.49_veh-38_01567_02014,traversing_pickup_dropoff,31,1623179320749635,0.05004,664484.6367278526,3997877.3363829204,-3.133233583858299,664483.1757788953,3997877.324170462,2.9097793836881536,-0.03968257750985572,232,38,18,18,0,54,38,20,18,140,55,30,25
8a12232c4bb4511e,2021.06.08.14.36.49_veh-38_01567_02014,traversing_pickup_dropoff,32,1623179320799672,0.050037,664484.4857712648,3997877.334405785,-3.1339098239343506,664483.0248143829,3997877.3231812813,2.9756966676572745,-0.04249836405723818,231,38,18,18,0,53,37,20,17,140,55,30,25
8a12232c4bb4511e,2021.06.08.14.36.49_veh-38_01567_02014,traversing_pickup_dropoff,33,1623179320849707,0.050035,664484.3329906052,3997877.3323840965,-3.1347144722755456,664482.8720251645,3997877.322335153,3.0356815192486444,-0.05031144724644247,231,38,18,18,0,53,37,20,17,140,55,30,25
8a12232c4bb4511e,2021.06.08.14.36.49_veh-38_01567_02014,traversing_pickup_dropoff,34,1623179320899740,0.050033,664484.1763165533,3997877.330244984,-3.1357537678623144,664482.7153414579,3997877.3217144203,3.1012430908558986,-0.06028335928295044,231,38,18,18,0,53,37,20,17,140,55,30,25
8a12232c4bb4511e,2021.06.08.14.36.49_veh-38_01567_02014,traversing_pickup_dropoff,35,1623179320949771,0.050031,664484.0159322761,3997877.3287123377,-3.1360853299647724,664482.5549544326,3997877.3206661786,3.172230369309427,-0.0705551819718554,232,38,18,18,0,53,37,20,17,141,56,30,26
8a12232c4bb4511e,2021.06.08.14.36.49_veh-38_01567_02014,traversing_pickup_dropoff,36,1623179320999803,0.050032,664483.8480414293,3997877.3264752957,-3.1364793349068676,664482.387060529,3997877.3190047694,3.2528556339104897,-0.07138591854809452,232,38,18,18,0,53,37,20,17,141,56,30,26
8a12232c4bb4511e,2021.06.08.14.36.49_veh-38_01567_02014,traversing_pickup_dropoff,37,1623179321049834,0.050031,664483.6851183707,3997877.3247040985,-3.136686652658301,664482.224135953,3997877.31753646,3.3187207411962296,-0.06529049645655023,235,38,18,18,0,54,37,20,17,143,56,30,26
8a12232c4bb4511e,2021.06.08.14.36.49_veh-38_01567_02014,traversing_pickup_dropoff,38,1623179321099866,0.050032,664483.5123551947,3997877.322601206,-3.136847968375676,664482.0513716397,3997877.315669247,3.388367614332821,-0.05619006272831868,233,38,18,18,0,54,37,20,17,141,54,30,24
8a12232c4bb4511e,2021.06.08.14.36.49_veh-38_01567_02014,traversing_pickup_dropoff,39,1623179321149898,0.050032,664483.337370053,3997877.319138027,-3.1367603480958115,664481.876387111,3997877.312078056,3.454433872649063,-0.05479645405831139,234,38,18,18,0,54,37,20,17,142,55,30,25
8a12232c4bb4511e,2021.06.08.14.36.49_veh-38_01567_02014,traversing_pickup_dropoff,40,1623179321199930,0.050032,664483.1590920481,3997877.316023696,-3.137116186489052,664481.6981066864,3997877.3094836,3.5176608090649952,-0.06347346024582833,235,38,18,18,0,55,37,20,17,142,55,30,25
8a12232c4bb4511e,2021.06.08.14.36.49_veh-38_01567_02014,traversing_pickup_dropoff,41,1623179321249961,0.050031,664482.9813574832,3997877.3140336345,-3.137531044566098,664481.520369534,3997877.30809964,3.576767124747039,-0.07426635131639536,235,38,18,18,0,55,37,20,17,142,56,30,26
8a12232c4bb4511e,2021.06.08.14.36.49_veh-38_01567_02014,traversing_pickup_dropoff,42,1623179321299992,0.050031,664482.8012983832,3997877.3130287533,-3.137874651720489,664481.3403084812,3997877.307596765,3.6376287790636055,-0.07736129041580081,239,40,18,18,0,56,37,20,17,143,55,30,25
8a12232c4bb4511e,2021.06.08.14.36.49_veh-38_01567_02014,traversing_pickup_dropoff,43,1623179321350022,0.05003,664482.6134960947,3997877.3115484496,-3.1382685505670276,664481.1525041665,3997877.306691944,3.701825348061032,-0.06482045856828167,239,40,18,18,0,56,37,20,17,143,55,30,25
8a12232c4bb4511e,2021.06.08.14.36.49_veh-38_01567_02014,traversing_pickup_dropoff,44,1623179321400053,0.050031,664482.4256745395,3997877.3101585726,-3.1382523037033225,664480.9646826903,3997877.3052783306,3.767255827994366,-0.05198384687628861,240,40,18,18,0,57,37,20,17,143,55,30,25
8a12232c4bb4511e,2021.06.08.14.36.49_veh-38_01567_02014,traversing_pickup_dropoff,45,1623179321450086,0.050033,664482.229369707,3997877.307718104,-3.1379480430255104,664480.7683794104,3997877.30239334,3.836740003429547,-0.04922763423604388,243,40,18,18,0,58,37,20,17,145,55,30,25
8a12232c4bb4511e,2021.06.08.14.36.49_veh-38_01567_02014,traversing_pickup_dropoff,46,1623179321500120,0.050034,664482.0355807134,3997877.3059907835,-3.1376908010019986,664480.5745918349,3997877.3002901915,3.8950669214553986,-0.058108950266443644,245,40,18,18,0,60,37,20,17,145,55,30,25
8a12232c4bb4511e,2021.06.08.14.36.49_veh-38_01567_02014,traversing_pickup_dropoff,47,1623179321550155,0.050035,664481.8333616946,3997877.303933177,-3.1373035992076796,664480.3723751329,3997877.2976668878,3.9594154526085603,-0.06631306044522796,245,39,18,18,0,61,38,20,18,145,55,30,25
8a12232c4bb4511e,2021.06.08.14.36.49_veh-38_01567_02014,traversing_pickup_dropoff,48,1623179321600191,0.050036,664481.632798449,3997877.302168624,-3.1371652724573353,664480.1718127681,3997877.2957002413,4.015770572545229,-0.06564233968648776,247,39,18,18,0,63,38,20,18,145,55,30,25
8a12232c4bb4511e,2021.06.08.14.36.49_veh-38_01567_02014,traversing_pickup_dropoff,49,1623179321650228,0.050037,664481.4263450278,3997877.299530755,-3.137108382360565,664479.9653597171,3997877.2929792567,4.0638097073456,-0.06123865868199246,249,39,18,18,0,65,38,20,18,145,55,30,25
8a12232c4bb4511e,2021.06.08.14.36.49_veh-38_01567_02014,traversing_pickup_dropoff,50,1623179321700266,0.050038,664481.2220688021,3997877.297327746,-3.1371779111389206,664479.7610830395,3997877.2908778284,4.116155916551594,-0.06242582513167143,251,39,18,18,0,66,37,20,17,146,56,30,26
8a12232c4bb4511e,2021.06.08.14.36.49_veh-38_01567_02014,traversing_pickup_dropoff,51,1623179321750303,0.050037,664481.0141813672,3997877.295998925,-3.1371701086237738,664479.553195655,3997877.2895376077,4.167627034802631,-0.06963312646633078,254,39,18,18,0,66,37,20,17,149,56,30,26
8a12232c4bb4511e,2021.06.08.14.36.49_veh-38_01567_02014,traversing_pickup_dropoff,52,1623179321800339,0.050036,664480.8003799428,3997877.294321331,-3.1372440754105804,664479.3393937566,3997877.2879680786,4.2194071963420985,-0.07765059164232305,255,38,17,17,0,68,37,20,17,149,56,30,26
8a12232c4bb4511e,2021.06.08.14.36.49_veh-38_01567_02014,traversing_pickup_dropoff,53,1623179321850375,0.050036,664480.5852084092,3997877.2927640793,-3.137213556651068,664479.1242224176,3997877.286366239,4.27222700165576,-0.08207162435112997,258,38,17,17,0,70,37,20,17,150,56,30,26
8a12232c4bb4511e,2021.06.08.14.36.49_veh-38_01567_02014,traversing_pickup_dropoff,54,1623179321900408,0.050033,664480.364902336,3997877.290565363,-3.137293744308225,664478.9039158361,3997877.284284676,4.320172250125581,-0.08792373077457141,260,38,16,16,0,69,36,20,16,153,56,30,26
8a12232c4bb4511e,2021.06.08.14.36.49_veh-38_01567_02014,traversing_pickup_dropoff,55,1623179321950441,0.050033,664480.1475221164,3997877.2894170717,-3.136953644870516,664478.686537837,3997877.2826395044,4.352774735966684,-0.08845848069416155,260,38,16,16,0,69,36,20,16,153,56,30,26
8a12232c4bb4511e,2021.06.08.14.36.49_veh-38_01567_02014,traversing_pickup_dropoff,56,1623179322000475,0.050034,664479.9243488022,3997877.2867873576,-3.136755038712955,664478.4633658977,3997877.27971963,4.3848122408828525,-0.06922014893552605,261,38,16,16,0,70,36,20,16,153,55,30,25
8a12232c4bb4511e,2021.06.08.14.36.49_veh-38_01567_02014,traversing_pickup_dropoff,57,1623179322050509,0.050034,664479.7029768312,3997877.283796535,-3.136448862822452,664478.2419961592,3997877.2762814895,4.416338327761098,-0.05337721428344792,260,38,15,15,0,69,35,20,15,153,55,30,25
8a12232c4bb4511e,2021.06.08.14.36.49_veh-38_01567_02014,traversing_pickup_dropoff,58,1623179322100538,0.050029,664479.4739598676,3997877.2794501754,-3.13593457578362,664478.0129832537,3997877.271183768,4.451697467352878,-0.04851378159660141,261,37,15,15,0,70,35,20,15,154,55,30,25
8a12232c4bb4511e,2021.06.08.14.36.49_veh-38_01567_02014,traversing_pickup_dropoff,59,1623179322150561,0.050023,664479.2479009443,3997877.276110376,-3.1357054736262335,664477.7869262625,3997877.267509256,4.487470046115551,-0.04563788632334907,264,38,15,15,0,70,35,20,15,156,54,30,24
8a12232c4bb4511e,2021.06.08.14.36.49_veh-38_01567_02014,traversing_pickup_dropoff,60,1623179322200578,0.050017,664479.0154685414,3997877.2722282778,-3.1356474946279755,664477.5544943608,3997877.263542452,4.521248667249396,-0.05001272858392085,266,38,16,16,0,73,35,20,15,155,54,30,24
8a12232c4bb4511e,2021.06.08.14.36.49_veh-38_01567_02014,traversing_pickup_dropoff,61,1623179322250589,0.050011,664478.7849146775,3997877.269947225,-3.135502376387594,664477.3239417727,3997877.261049385,4.5466478494901725,-0.05859348153927142,267,38,16,16,0,76,35,20,15,153,54,30,24
8a12232c4bb4511e,2021.06.08.14.36.49_veh-38_01567_02014,traversing_pickup_dropoff,62,1623179322300592,0.050003,664478.5553123697,3997877.2680192655,-3.1352724767446905,664477.0943415492,3997877.2587855486,4.568513816598638,-0.06327224246724543,271,38,16,16,0,77,35,20,15,156,54,30,24
8a12232c4bb4511e,2021.06.08.14.36.49_veh-38_01567_02014,traversing_pickup_dropoff,63,1623179322350588,0.049996,664478.3213395331,3997877.264551056,-3.135290599574069,664476.8603685454,3997877.2553438162,4.578205440790579,-0.0618221599699428,271,38,16,16,0,77,35,20,15,156,54,30,24
8a12232c4bb4511e,2021.06.08.14.36.49_veh-38_01567_02014,traversing_pickup_dropoff,64,1623179322400576,0.049988,664478.0911831971,3997877.2622631383,-3.1350503795267635,664476.6302144633,3997877.252704944,4.585565766211586,-0.07412145729988677,272,39,16,16,0,76,34,20,14,157,54,30,24
8a12232c4bb4511e,2021.06.08.14.36.49_veh-38_01567_02014,traversing_pickup_dropoff,65,1623179322450560,0.049984,664477.8551902055,3997877.2595217265,-3.1346575380433133,664476.3942253394,3997877.2493896037,4.601877276647692,-0.08335236570999635,270,39,16,16,0,74,33,20,13,157,54,30,24
8a12232c4bb4511e,2021.06.08.14.36.49_veh-38_01567_02014,traversing_pickup_dropoff,66,1623179322500542,0.049982,664477.6250455137,3997877.2578271735,-3.134256345237252,664476.1640848301,3997877.2471089233,4.614248835058617,-0.08684648623233718,270,39,16,16,0,74,33,20,13,157,54,30,24
8a12232c4bb4511e,2021.06.08.14.36.49_veh-38_01567_02014,traversing_pickup_dropoff,67,1623179322550522,0.04998,664477.3886331243,3997877.2549623316,-3.133992237796349,664475.9276753224,3997877.243858231,4.634585753611528,-0.07618188052732996,271,39,16,16,0,75,33,20,13,157,54,30,24
8a12232c4bb4511e,2021.06.08.14.36.49_veh-38_01567_02014,traversing_pickup_dropoff,68,1623179322600500,0.049978,664477.1555089251,3997877.2523048967,-3.13382641794753,664475.6945529846,3997877.2409585407,4.647364570466299,-0.06503829273256276,269,38,16,16,0,75,32,20,12,156,54,30,24
8a12232c4bb4511e,2021.06.08.14.36.49_veh-38_01567_02014,traversing_pickup_dropoff,69,1623179322650475,0.049975,664476.9208166804,3997877.2495759535,-3.1337503218638143,664475.4598616075,3997877.238118424,4.661521407248554,-0.06397501415297764,269,38,16,16,0,75,32,20,12,156,54,30,24
8a12232c4bb4511e,2021.06.08.14.36.49_veh-38_01567_02014,traversing_pickup_dropoff,70,1623179322700446,0.049971,664476.6872872416,3997877.2470586854,-3.133720114178845,664475.2263325155,3997877.235557024,4.668629522433197,-0.06996464629948584,270,38,16,16,0,76,31,20,11,156,54,30,24
8a12232c4bb4511e,2021.06.08.14.36.49_veh-38_01567_02014,traversing_pickup_dropoff,71,1623179322750413,0.049967,664476.4547544953,3997877.2443277542,-3.1339410290208445,664474.993797264,3997877.23314884,4.679866446816402,-0.07308395676238369,272,38,15,15,0,78,31,20,11,156,54,30,24
8a12232c4bb4511e,2021.06.08.14.36.49_veh-38_01567_02014,traversing_pickup_dropoff,72,1623179322800381,0.049968,664476.2203695117,3997877.2416409217,-3.1339152754027815,664474.7594125688,3997877.2304243823,4.689827036310437,-0.07931759588644995,275,38,15,15,0,79,31,20,11,158,54,30,24
8a12232c4bb4511e,2021.06.08.14.36.49_veh-38_01567_02014,traversing_pickup_dropoff,73,1623179322850348,0.049967,664475.98172836,3997877.239228402,-3.1338909166616244,664474.5207716908,3997877.2279762756,4.6981686308201,-0.0834614433493701,276,38,15,15,0,80,31,20,11,158,54,30,24
8a12232c4bb4511e,2021.06.08.14.36.49_veh-38_01567_02014,traversing_pickup_dropoff,74,1623179322900317,0.049969,664475.7508553402,3997877.237265873,-3.1336242704570934,664474.2899017232,3997877.2256241883,4.704915738435195,-0.0815860663000362,277,37,15,15,0,80,31,20,11,160,54,30,24
8a12232c4bb4511e,2021.06.08.14.36.49_veh-38_01567_02014,traversing_pickup_dropoff,75,1623179322950288,0.049971,664475.5117854978,3997877.2346650884,-3.1332572131486263,664474.0508362523,3997877.2224871507,4.718275805507805,-0.07762253540994499,278,37,16,16,0,80,31,20,11,161,54,30,24
8a12232c4bb4511e,2021.06.08.14.36.49_veh-38_01567_02014,traversing_pickup_dropoff,76,1623179323000260,0.049972,664475.281584461,3997877.2321400926,-3.133034548319538,664473.8206379634,3997877.2196368533,4.72594439253104,-0.0737578101168629,278,37,16,16,0,81,31,20,11,160,54,30,24
8a12232c4bb4511e,2021.06.08.14.36.49_veh-38_01567_02014,traversing_pickup_dropoff,77,1623179323050233,0.049973,664475.0411934443,3997877.229713767,-3.132683450193204,664473.5802514266,3997877.2166975928,4.733386607878825,-0.07819414422248108,280,37,16,16,0,82,31,20,11,161,54,30,24
8a12232c4bb4511e,2021.06.08.14.36.49_veh-38_01567_02014,traversing_pickup_dropoff,78,1623179323100206,0.049973,664474.804609252,3997877.2273680023,-3.1324126217292796,664473.343670813,3997877.213956164,4.738584617820138,-0.08037673194896375,281,37,16,16,0,83,31,20,11,161,54,30,24
8a12232c4bb4511e,2021.06.08.14.36.49_veh-38_01567_02014,traversing_pickup_dropoff,79,1623179323150180,0.049974,664474.5674250304,3997877.224975082,-3.1321765516541538,664473.1064897982,3997877.2112183603,4.743397968985243,-0.08264170711602532,281,36,16,16,0,84,31,20,11,161,54,30,24
8a12232c4bb4511e,2021.06.08.14.36.49_veh-38_01567_02014,traversing_pickup_dropoff,80,1623179323200155,0.049975,664474.3327939791,3997877.2229574583,-3.132099801784191,664472.871859807,3997877.20908861,4.7462609513432,-0.0888722036042718,283,36,16,16,0,86,31,20,11,161,54,30,24
8a12232c4bb4511e,2021.06.08.14.36.49_veh-38_01567_02014,traversing_pickup_dropoff,81,1623179323250128,0.049973,664474.096938828,3997877.2214752254,-3.1317583201934456,664472.6360094771,3997877.207107496,4.75296390243216,-0.09628489242489038,285,36,16,16,0,87,31,20,11,162,54,30,24
8a12232c4bb4511e,2021.06.08.14.36.49_veh-38_01567_02014,traversing_pickup_dropoff,82,1623179323300101,0.049973,664473.8562438859,3997877.220600836,-3.131425879196075,664472.3953193922,3997877.2057474344,4.758446219086308,-0.10411789759025482,286,36,16,16,0,87,31,20,11,163,54,30,24
8a12232c4bb4511e,2021.06.08.14.36.49_veh-38_01567_02014,traversing_pickup_dropoff,83,1623179323350074,0.049973,664473.6194475314,3997877.219608448,-3.131082018565733,664472.1585282316,3997877.204252693,4.771076430217754,-0.11116897437482355,288,36,16,16,0,88,31,20,11,164,54,30,24
8a12232c4bb4511e,2021.06.08.14.36.49_veh-38_01567_02014,traversing_pickup_dropoff,84,1623179323400045,0.049971,664473.3762127792,3997877.219740696,-3.1306643836354078,664471.9153000198,3997877.2037748112,4.778397480053203,-0.11835516055790903,288,36,16,16,0,88,31,20,11,164,54,30,24
8a12232c4bb4511e,2021.06.08.14.36.49_veh-38_01567_02014,traversing_pickup_dropoff,85,1623179323450015,0.04997,664473.143756216,3997877.2181673944,-3.130381836265275,664471.682848026,3997877.2017887332,4.794076789344805,-0.10739488799882843,289,36,16,16,0,88,31,20,11,165,54,30,24
8a12232c4bb4511e,2021.06.08.14.36.49_veh-38_01567_02014,traversing_pickup_dropoff,86,1623179323499983,0.049968,664472.8997327287,3997877.216736798,-3.1299720687298223,664471.4388313729,3997877.1997595057,4.8094670080025255,-0.11390209280615717,288,36,16,16,0,88,31,20,11,164,54,30,24
8a12232c4bb4511e,2021.06.08.14.36.49_veh-38_01567_02014,traversing_pickup_dropoff,87,1623179323549953,0.04997,664472.6644249953,3997877.2140974076,-3.1295680136923836,664471.2035306185,3997877.196529832,4.829551664010295,-0.1113068460017663,289,36,16,16,0,89,30,20,10,164,54,30,24
8a12232c4bb4511e,2021.06.08.14.36.49_veh-38_01567_02014,traversing_pickup_dropoff,88,1623179323599924,0.049971,664472.4226600371,3997877.2105991524,-3.129045078834485,664470.9617750467,3997877.1922676265,4.848669134669039,-0.11856236538704286,291,36,16,16,0,90,30,20,10,165,55,30,25
8a12232c4bb4511e,2021.06.08.14.36.49_veh-38_01567_02014,traversing_pickup_dropoff,89,1623179323649897,0.049973,664472.1821169425,3997877.206986695,-3.1284327395738734,664470.7212434511,3997877.1877606157,4.859169065633877,-0.1116592512354179,289,36,17,17,0,88,30,20,10,165,55,30,25
8a12232c4bb4511e,2021.06.08.14.36.49_veh-38_01567_02014,traversing_pickup_dropoff,90,1623179323699870,0.049973,664471.9383370972,3997877.2020293786,-3.127915069445673,664470.4774737543,3997877.1820470514,4.866059606479843,-0.09878962317483754,289,36,17,17,0,88,30,20,10,165,55,30,25
8a12232c4bb4511e,2021.06.08.14.36.49_veh-38_01567_02014,traversing_pickup_dropoff,91,1623179323749843,0.049973,664471.6968625955,3997877.197702524,-3.127272294441124,664470.2360123985,3997877.1767811943,4.882099188101122,-0.09100041283272278,289,36,17,17,0,89,30,20,10,164,54,30,24
8a12232c4bb4511e,2021.06.08.14.36.49_veh-38_01567_02014,traversing_pickup_dropoff,92,1623179323799814,0.049971,664471.4537929376,3997877.1919791903,-3.1263632269179196,664469.9929623632,3997877.169729858,4.8935810963961766,-0.08932287876589143,290,37,17,17,0,89,30,20,10,164,54,30,24
8a12232c4bb4511e,2021.06.08.14.36.49_veh-38_01567_02014,traversing_pickup_dropoff,93,1623179323849783,0.049969,664471.2110282051,3997877.1867893836,-3.1256550671012793,664469.7502137531,3997877.1635055556,4.91304275601748,-0.09859848299206386,289,37,17,17,0,88,30,20,10,164,54,30,24
8a12232c4bb4511e,2021.06.08.14.36.49_veh-38_01567_02014,traversing_pickup_dropoff,94,1623179323899747,0.049964,664470.9675273863,3997877.1814794075,-3.124917745281171,664469.506730499,3997877.1571184956,4.9292997145216235,-0.11293524470800342,292,37,17,17,0,88,30,20,10,167,54,30,24
8a12232c4bb4511e,2021.06.08.14.36.49_veh-38_01567_02014,traversing_pickup_dropoff,95,1623179323949708,0.049961,664470.7217536129,3997877.177331816,-3.1238463433675534,664469.2609836643,3997877.1514058174,4.950234510388289,-0.1274079209946648,290,37,17,17,0,88,29,20,9,165,54,30,24
8a12232c4bb4511e,2021.06.08.14.36.49_veh-38_01567_02014,traversing_pickup_dropoff,96,1623179323999672,0.049964,664470.4771590971,3997877.172704314,-3.122821781048182,664469.0164164781,3997877.1452816795,4.974913186248549,-0.12488776012845682,292,37,15,15,0,90,29,20,9,165,54,30,24
8a12232c4bb4511e,2021.06.08.14.36.49_veh-38_01567_02014,traversing_pickup_dropoff,97,1623179324049641,0.049969,664470.2296201931,3997877.1680972967,-3.121520879792677,664468.7689144843,3997877.1387744043,4.994607433134926,-0.1125593381275979,293,37,15,15,0,91,29,20,9,165,54,30,24
8a12232c4bb4511e,2021.06.08.14.36.49_veh-38_01567_02014,traversing_pickup_dropoff,98,1623179324099615,0.049974,664469.9814037972,3997877.162741293,-3.119873970375056,664468.5207483614,3997877.131012792,5.000730487709452,-0.10215816134893964,292,37,15,15,0,90,29,20,9,165,54,30,24
8a12232c4bb4511e,2021.06.08.14.36.49_veh-38_01567_02014,traversing_pickup_dropoff,99,1623179324149589,0.049974,664469.7350990073,3997877.156750119,-3.118289700078945,664468.274495671,3997877.122707585,5.013813598604201,-0.09081894280538118,292,36,15,15,0,90,29,20,9,166,54,30,24
8a12232c4bb4511e,2021.06.08.14.36.49_veh-38_01567_02014,traversing_pickup_dropoff,100,1623179324199564,0.049975,664469.4873213571,3997877.150093947,-3.1168608446064034,664468.0267681538,3997877.1139644575,5.022008558171355,-0.08711614438645773,293,36,15,15,0,91,29,20,9,166,54,30,24
acf27d96887b53c2,2021.06.07.13.42.27_veh-47_00299_00588,traversing_pickup_dropoff,0,1623088317000031,,664233.7960059732,3996247.6904588225,0.22549911092483169,664235.2200172968,3996248.0171279977,4.05107142565582,-0.10163038836569897,97,9,4,4,0,10,8,8,0,67,45,30,15
acf27d96887b53c2,2021.06.07.13.42.27_veh-47_00299_00588,traversing_pickup_dropoff,1,1623088317050047,0.050016,664233.992121897,3996247.736887926,0.2319196086289441,664235.4140065056,3996248.072693167,4.047072392344125,-0.0953548429243713,98,9,4,4,0,10,8,8,0,68,46,30,16
acf27d96887b53c2,2021.06.07.13.42.27_veh-47_00299_00588,traversing_pickup_dropoff,2,1623088317100065,0.050018,664234.1864395974,3996247.78380409,0.2381858829886321,664235.6061920561,3996248.128512599,4.039171798526243,-0.07989455615463821,98,9,4,4,0,10,8,8,0,68,46,30,16
acf27d96887b53c2,2021.06.07.13.42.27_veh-47_00299_00588,traversing_pickup_dropoff,3,1623088317150085,0.05002,664234.3768121368,3996247.8325455664,0.24519567814487295,664235.7941133981,3996248.1871976987,4.030516657063682,-0.06689980046702179,98,9,4,4,0,10,8,8,0,68,46,30,16
acf27d96887b53c2,2021.06.07.13.42.27_veh-47_00299_00588,traversing_pickup_dropoff,4,1623088317200104,0.050019,664234.5713873435,3996247.883235528,0.2520080837393336,664235.9862397016,3996248.247534587,4.018929939238131,-0.05756410981110641,97,9,4,4,0,10,8,8,0,68,46,30,16
acf27d96887b53c2,2021.06.07.13.42.27_veh-47_00299_00588,traversing_pickup_dropoff,5,1623088317250123,0.050019,664234.7614447019,3996247.9349148413,0.2588215837533992,664236.1737820865,3996248.3088454665,4.002254867432044,-0.05923905398746875,96,9,4,4,0,9,7,7,0,68,46,30,16
acf27d96887b53c2,2021.06.07.13.42.27_veh-47_00299_00588,traversing_pickup_dropoff,6,1623088317300142,0.050019,664234.9508257951,3996247.9872759213,0.26539516939106295,664236.3606746175,3996248.370482521,3.987014312674487,-0.061421182361354895,94,8,4,4,0,8,6,6,0,68,46,30,16
acf27d96887b53c2,2021.06.07.13.42.27_veh-47_00299_00588,traversing_pickup_dropoff,7,1623088317350164,0.050022,664235.1408071285,3996248.0422896575,0.2722421262509115,664236.547999125,3996248.4351403737,3.9676678002638757,-0.05980979438388887,94,8,4,4,0,8,6,6,0,68,46,30,16
acf27d96887b53c2,2021.06.07.13.42.27_veh-47_00299_00588,traversing_pickup_dropoff,8,1623088317400187,0.050023,664235.3297488091,3996248.0973343956,0.27931415710591223,664236.7341273872,3996248.50012691,3.9473596138963405,-0.06420823511001268,93,8,4,4,0,7,5,5,0,68,46,30,16
acf27d96887b53c2,2021.06.07.13.42.27_veh-47_00299_00588,traversing_pickup_dropoff,9,1623088317450213,0.050026,664235.5169147906,3996248.1526403185,0.2861482572506939,664236.9185078702,3996248.5650210157,3.9228669365071447,-0.061492945294433055,92,8,4,4,0,7,5,5,0,66,44,30,14
acf27d96887b53c2,2021.06.07.13.42.27_veh-47_00299_00588,traversing_pickup_dropoff,10,1623088317500237,0.050024,664235.6999050773,3996248.2078483254,0.2929407289477885,664237.0986647612,3996248.6297397176,3.8958232026246367,-0.058132412668270086,91,8,4,4,0,7,5,5,0,65,44,30,14
acf27d96887b53c2,2021.06.07.13.42.27_veh-47_00299_00588,traversing_pickup_dropoff,11,1623088317550263,0.050026,664235.884639587,3996248.265166892,0.30012095035151753,664237.2803339665,3996248.697090727,3.8665326827535274,-0.05051226694997609,91,8,4,4,0,7,5,5,0,65,44,30,14
acf27d96887b53c2,2021.06.07.13.42.27_veh-47_00299_00588,traversing_pickup_dropoff,12,1623088317600288,0.050025,664236.0659442995,3996248.3236624342,0.3072940297601497,664237.4585045753,3996248.765586498,3.84007817499633,-0.041937855696161035,89,8,4,4,0,7,5,5,0,63,43,30,13
acf27d96887b53c2,2021.06.07.13.42.27_veh-47_00299_00588,traversing_pickup_dropoff,13,1623088317650313,0.050025,664236.2451097267,3996248.3823897117,0.31396055579297,664237.6346929817,3996248.8335874258,3.816044874368795,-0.04326639838148738,88,8,4,4,0,7,5,5,0,62,43,30,13
acf27d96887b53c2,2021.06.07.13.42.27_veh-47_00299_00588,traversing_pickup_dropoff,14,1623088317700337,0.050024,664236.4226478223,3996248.4419517154,0.3208330621088907,664237.8090974268,3996248.9026886187,3.785553518055754,-0.056361214598015845,89,8,4,4,0,7,5,5,0,63,43,30,13
acf27d96887b53c2,2021.06.07.13.42.27_veh-47_00299_00588,traversing_pickup_dropoff,15,1623088317750360,0.050023,664236.5993813523,3996248.5015788646,0.3276647003076341,664237.9826510398,3996248.9717766647,3.7574975875118977,-0.0732506510017807,89,8,4,4,0,7,5,5,0,63,43,30,13
acf27d96887b53c2,2021.06.07.13.42.27_veh-47_00299_00588,traversing_pickup_dropoff,16,1623088317800384,0.050024,664236.7706317782,3996248.5600058213,0.33436580443367586,664238.1507195873,3996249.0394624295,3.7293303259196713,-0.07551185387524131,91,8,4,4,0,7,5,5,0,65,42,30,12
acf27d96887b53c2,2021.06.07.13.42.27_veh-47_00299_00588,traversing_pickup_dropoff,17,1623088317850407,0.050023,664236.9436706055,3996248.619794701,0.34137628001248577,664238.32036331,3996249.10891452,3.6948539710876136,-0.0653064263405235,89,8,4,4,0,7,5,5,0,63,41,30,11
acf27d96887b53c2,2021.06.07.13.42.27_veh-47_00299_00588,traversing_pickup_dropoff,18,1623088317900432,0.050025,664237.1151909294,3996248.681774871,0.34899441075774235,664238.4881175426,3996249.18136822,3.6653486048102484,-0.04080455297363995,90,8,4,4,0,7,5,5,0,64,42,30,12
acf27d96887b53c2,2021.06.07.13.42.27_veh-47_00299_00588,traversing_pickup_dropoff,19,1623088317950458,0.050026,664237.284627458,3996248.7449243325,0.3562046713732405,664238.6539162166,3996249.2544037686,3.632488965881346,-0.03687911813785072,91,8,4,4,0,7,5,5,0,65,42,30,12
acf27d96887b53c2,2021.06.07.13.42.27_veh-47_00299_00588,traversing_pickup_dropoff,20,1623088318000485,0.050027,664237.4517540105,3996248.8083962384,0.36420549109313327,664238.8169227334,3996249.3288146835,3.5958176695264,-0.04856005620779925,91,8,4,4,0,7,5,5,0,65,42,30,12
acf27d96887b53c2,2021.06.07.13.42.27_veh-47_00299_00588,traversing_pickup_dropoff,21,1623088318050508,0.050023,664237.616643923,3996248.8717708234,0.3715370136888746,664238.977960531,3996249.4021839574,3.5578524473176194,-0.05248486278045044,91,8,4,4,0,7,5,5,0,65,42,30,12
acf27d96887b53c2,2021.06.07.13.42.27_veh-47_00299_00588,traversing_pickup_dropoff,22,1623088318100525,0.050017,664237.7790969737,3996248.9347452773,0.3787034640429353,664239.1365774778,3996249.4749005153,3.514625143361853,-0.05932406749562678,91,8,4,4,0,7,5,5,0,65,41,30,11
acf27d96887b53c2,2021.06.07.13.42.27_veh-47_00299_00588,traversing_pickup_dropoff,23,1623088318150538,0.050013,664237.9400596896,3996248.999260606,0.38618819721162717,664239.2934592898,3996249.549560998,3.4780042946165497,-0.06061315182232801,91,8,5,5,0,7,5,5,0,65,41,30,11
acf27d96887b53c2,2021.06.07.13.42.27_veh-47_00299_00588,traversing_pickup_dropoff,24,1623088318200543,0.050005,664238.0961044681,3996249.063059898,0.3934413387530909,664239.4454770971,3996249.6231621285,3.4328415445232645,-0.06351388553075714,92,8,5,5,0,7,4,4,0,66,42,30,12
acf27d96887b53c2,2021.06.07.13.42.27_veh-47_00299_00588,traversing_pickup_dropoff,25,1623088318250542,0.049999,664238.2458480448,3996249.1246445887,0.4007822999397225,664239.5910726634,3996249.6946373302,3.4002170865016477,-0.07303200948896459,92,8,5,5,0,7,4,4,0,66,42,30,12
acf27d96887b53c2,2021.06.07.13.42.27_veh-47_00299_00588,traversing_pickup_dropoff,26,1623088318300535,0.049993,664238.3975715466,3996249.1888609296,0.4084134804180077,664239.7384073207,3996249.7691026265,3.3678879827549877,-0.08075795799443701,94,8,5,5,0,8,5,5,0,67,42,30,12
acf27d96887b53c2,2021.06.07.13.42.27_veh-47_00299_00588,traversing_pickup_dropoff,27,1623088318350521,0.049986,664238.5451435572,3996249.252407762,0.4166940698537265,664239.8811286739,3996249.84373235,3.3313783808518687,-0.07951842578808797,94,8,5,5,0,8,4,4,0,67,42,30,12
acf27d96887b53c2,2021.06.07.13.42.27_veh-47_00299_00588,traversing_pickup_dropoff,28,1623088318400502,0.049981,664238.6927277608,3996249.318385992,0.4247070465634739,664240.0239317678,3996249.9203966996,3.3031174318578316,-0.06556731996455845,94,8,5,5,0,8,4,4,0,67,42,30,12
acf27d96887b53c2,2021.06.07.13.42.27_veh-47_00299_00588,traversing_pickup_dropoff,29,1623088318450477,0.049975,664238.8357408053,3996249.3835923197,0.4328444244447739,664240.1620020039,3996249.9964154856,3.272459598760786,-0.06294778744163056,92,7,5,5,0,8,4,4,0,66,41,30,11
acf27d96887b53c2,2021.06.07.13.42.27_veh-47_00299_00588,traversing_pickup_dropoff,30,1623088318500447,0.04997,664238.9785799516,3996249.4502026746,0.4410080562020726,664240.2997941491,3996250.073832408,3.2517142871614206,-0.06055566307032071,91,7,5,5,0,8,4,4,0,65,41,30,11
acf27d96887b53c2,2021.06.07.13.42.27_veh-47_00299_00588,traversing_pickup_dropoff,31,1623088318550414,0.049967,664239.1173842117,3996249.5158951087,0.44952197756621365,664240.4332410538,3996250.1507508173,3.2206275065911103,-0.060303803998948434,91,7,5,5,0,8,4,4,0,65,41,30,11
acf27d96887b53c2,2021.06.07.13.42.27_veh-47_00299_00588,traversing_pickup_dropoff,32,1623088318600378,0.049964,664239.2572936992,3996249.5834106267,0.4584604068843869,664240.5674234389,3996250.2300025113,3.1994594738562765,-0.06861808393482144,92,7,5,5,0,8,3,3,0,66,42,30,12
acf27d96887b53c2,2021.06.07.13.42.27_veh-47_00299_00588,traversing_pickup_dropoff,33,1623088318650341,0.049963,664239.3929217542,3996249.6509096827,0.46800559194764974,664240.6968200655,3996250.309977353,3.1724273370035294,-0.07358506870448521,92,7,5,5,0,8,3,3,0,66,42,30,12
acf27d96887b53c2,2021.06.07.13.42.27_veh-47_00299_00588,traversing_pickup_dropoff,34,1623088318700305,0.049964,664239.5288010838,3996249.7202953664,0.4770639639406377,664240.8266759019,3996250.3911470314,3.1476671211714,-0.07326026060850614,92,7,5,5,0,8,3,3,0,66,42,30,12
acf27d96887b53c2,2021.06.07.13.42.27_veh-47_00299_00588,traversing_pickup_dropoff,35,1623088318750269,0.049964,664239.6629235909,3996249.7903390084,0.4862788947598521,664240.9545615406,3996250.4731218484,3.1264047014862264,-0.07537218391897517,91,7,5,5,0,8,3,3,0,66,42,30,12
acf27d96887b53c2,2021.06.07.13.42.27_veh-47_00299_00588,traversing_pickup_dropoff,36,1623088318800235,0.049966,664239.7949569755,3996249.860825327,0.495024911158893,664241.0805739713,3996250.554878596,3.111583858777196,-0.07337993348924662,91,7,5,5,0,8,3,3,0,66,42,30,12
acf27d96887b53c2,2021.06.07.13.42.27_veh-47_00299_00588,traversing_pickup_dropoff,37,1623088318850203,0.049968,664239.9255113656,3996249.93241616,0.5038888476289402,664241.2049258932,3996250.637837642,3.086353853839313,-0.05565944011088858,89,7,5,5,0,8,3,3,0,64,42,30,12
acf27d96887b53c2,2021.06.07.13.42.27_veh-47_00299_00588,traversing_pickup_dropoff,38,1623088318900177,0.049974,664240.053137394,3996250.005524182,0.5133778935062315,664241.3258006452,3996250.7230541464,3.0683810686097623,-0.028481404883743053,89,7,5,5,0,8,3,3,0,64,42,30,12
acf27d96887b53c2,2021.06.07.13.42.27_veh-47_00299_00588,traversing_pickup_dropoff,39,1623088318950151,0.049974,664240.1804127278,3996250.0791903394,0.522158298005891,664241.4467267985,3996250.807866999,3.050807445879848,-0.02071958812462139,89,7,5,5,0,8,3,3,0,64,42,30,12
acf27d96887b53c2,2021.06.07.13.42.27_veh-47_00299_00588,traversing_pickup_dropoff,40,1623088319000128,0.049977,664240.3070308313,3996250.15409884,0.5318257078488073,664241.5662414223,3996250.8949832357,3.0360485097061534,-0.027247960701283033,89,7,5,5,0,8,3,3,0,64,42,30,12
acf27d96887b53c2,2021.06.07.13.42.27_veh-47_00299_00588,traversing_pickup_dropoff,41,1623088319050104,0.049976,664240.4333952669,3996250.2290879614,0.540487924685218,664241.6861409952,3996250.9808519804,3.0186673922455203,-0.047642607903037294,90,7,5,5,0,9,3,3,0,64,42,30,12
acf27d96887b53c2,2021.06.07.13.42.27_veh-47_00299_00588,traversing_pickup_dropoff,42,1623088319100082,0.049978,664240.5563344024,3996250.3034992837,0.5491896807539389,664241.8024911173,3996251.066135791,3.0002651300203955,-0.056172573188539514,90,7,5,5,0,9,3,3,0,64,41,30,11
acf27d96887b53c2,2021.06.07.13.42.27_veh-47_00299_00588,traversing_pickup_dropoff,43,1623088319150062,0.04998,664240.6809847817,3996250.3803746635,0.5580836011367991,664241.9203094713,3996251.15406408,2.978953033126985,-0.054395585875047864,88,7,5,5,0,9,3,3,0,62,40,30,10
acf27d96887b53c2,2021.06.07.13.42.27_veh-47_00299_00588,traversing_pickup_dropoff,44,1623088319200044,0.049982,664240.8001621888,3996250.456726495,0.5665699870698273,664242.0328765032,3996251.2409053138,2.9629113546782913,-0.0496249942989085,88,7,5,5,0,9,3,3,0,62,40,30,10
acf27d96887b53c2,2021.06.07.13.42.27_veh-47_00299_00588,traversing_pickup_dropoff,45,1623088319250028,0.049984,664240.9213645151,3996250.535620891,0.5757071565563306,664242.1468622964,3996251.3310303376,2.944370714343546,-0.0511527807192306,88,7,5,5,0,9,3,3,0,62,40,30,10
acf27d96887b53c2,2021.06.07.13.42.27_veh-47_00299_00588,traversing_pickup_dropoff,46,1623088319300015,0.049987,664241.0391029731,3996250.6137468875,0.584990068711635,664242.2571643427,3996251.4204980885,2.929715382644208,-0.0475450440257663,88,7,5,5,0,9,3,3,0,62,40,30,10
acf27d96887b53c2,2021.06.07.13.42.27_veh-47_00299_00588,traversing_pickup_dropoff,47,1623088319350004,0.049989,664241.1592132868,3996250.694031176,0.5938534678675036,664242.3700763471,3996251.5115467105,2.919671322173189,-0.04536243850724371,87,7,5,5,0,8,3,3,0,62,41,30,11
acf27d96887b53c2,2021.06.07.13.42.27_veh-47_00299_00588,traversing_pickup_dropoff,48,1623088319399994,0.04999,664241.2771325816,3996250.774507585,0.602530316182729,664242.4808566914,3996251.6024986887,2.9108531155896253,-0.038727753606255896,87,7,5,5,0,8,3,3,0,62,41,30,11
acf27d96887b53c2,2021.06.07.13.42.27_veh-47_00299_00588,traversing_pickup_dropoff,49,1623088319449981,0.049987,664241.3926045432,3996250.8536021817,0.6106867028557363,664242.5895352727,3996251.6913836743,2.8952900433213538,-0.034565504565368166,87,7,5,5,0,8,3,3,0,62,41,30,11
acf27d96887b53c2,2021.06.07.13.42.27_veh-47_00299_00588,traversing_pickup_dropoff,50,1623088319499968,0.049987,664241.5075785165,3996250.9345441726,0.6192067170215186,664242.6973279794,3996251.782493001,2.886444598734036,-0.03515703503958828,84,6,5,5,0,8,3,3,0,61,39,30,9
acf27d96887b53c2,2021.06.07.13.42.27_veh-47_00299_00588,traversing_pickup_dropoff,51,1623088319549954,0.049986,664241.622987731,3996251.016003594,0.6276423276971921,664242.8055419817,3996251.8739583967,2.867314070600446,-0.042238894508606996,83,6,5,5,0,8,3,3,0,60,38,30,8
acf27d96887b53c2,2021.06.07.13.42.27_veh-47_00299_00588,traversing_pickup_dropoff,52,1623088319599938,0.049984,664241.7353713572,3996251.097490041,0.6354446113796972,664242.9111956749,3996251.96464526,2.8578805287809392,-0.04977541625238481,83,6,5,5,0,8,3,3,0,60,38,30,8
acf27d96887b53c2,2021.06.07.13.42.27_veh-47_00299_00588,traversing_pickup_dropoff,53,1623088319649921,0.049983,664241.847137859,3996251.1793752126,0.6441689913087306,664243.0153521325,3996252.056755638,2.854552052760445,-0.046129457697486935,83,6,5,5,0,8,3,3,0,60,38,30,8
acf27d96887b53c2,2021.06.07.13.42.27_veh-47_00299_00588,traversing_pickup_dropoff,54,1623088319699903,0.049982,664241.9584495351,3996251.2639254625,0.6524228606738602,664243.1193823146,3996252.15091818,2.844415660670516,-0.04086077150763586,86,6,5,5,0,8,3,3,0,63,41,30,11
acf27d96887b53c2,2021.06.07.13.42.27_veh-47_00299_00588,traversing_pickup_dropoff,55,1623088319749885,0.049982,664242.067802235,3996251.347581133,0.6610172350807586,664243.221069086,3996252.2445184607,2.8424955740888698,-0.044382092072028534,87,6,5,5,0,9,3,3,0,63,41,30,11
acf27d96887b53c2,2021.06.07.13.42.27_veh-47_00299_00588,traversing_pickup_dropoff,56,1623088319799867,0.049982,664242.1780460146,3996251.433776879,0.6694578640821373,664243.3237011586,3996252.340416439,2.826883102029272,-0.04512496073615485,89,6,5,5,0,9,3,3,0,65,41,30,11
acf27d96887b53c2,2021.06.07.13.42.27_veh-47_00299_00588,traversing_pickup_dropoff,57,1623088319849850,0.049983,664242.2853596973,3996251.518711547,0.6785681075798231,664243.4227077061,3996252.4357505357,2.820824821587658,-0.052403732816253754,89,6,5,5,0,9,3,3,0,65,41,30,11
acf27d96887b53c2,2021.06.07.13.42.27_veh-47_00299_00588,traversing_pickup_dropoff,58,1623088319899833,0.049983,664242.3941554218,3996251.6073099677,0.6868940941204436,664243.523828843,3996252.533786606,2.819616817143691,-0.036570426329170264,88,6,5,5,0,9,3,3,0,64,41,30,11
acf27d96887b53c2,2021.06.07.13.42.27_veh-47_00299_00588,traversing_pickup_dropoff,59,1623088319949816,0.049983,664242.4986069365,3996251.695031734,0.6949156744733793,664243.620812286,3996252.630540234,2.812689985115831,-0.02407121235740003,88,6,5,5,0,9,3,3,0,64,40,30,10
acf27d96887b53c2,2021.06.07.13.42.27_veh-47_00299_00588,traversing_pickup_dropoff,60,1623088319999799,0.049983,664242.6035180959,3996251.7842890783,0.7032623198481321,664243.7178760886,3996252.729131533,2.8138335295881602,-0.025303363440706307,89,6,5,5,0,9,3,3,0,65,41,30,11
acf27d96887b53c2,2021.06.07.13.42.27_veh-47_00299_00588,traversing_pickup_dropoff,61,1623088320049781,0.049982,664242.7100045268,3996251.875930241,0.7117698415121392,664243.8162840216,3996252.8302188134,2.809064354231701,-0.03136276320406488,89,6,5,5,0,9,3,3,0,65,41,30,11
acf27d96887b53c2,2021.06.07.13.42.27_veh-47_00299_00588,traversing_pickup_dropoff,62,1623088320099767,0.049986,664242.8134663934,3996251.966285365,0.7199044431261606,664243.9119466144,3996252.929541408,2.805632669096492,-0.04127549451794491,89,6,5,5,0,9,3,3,0,65,42,30,12
acf27d96887b53c2,2021.06.07.13.42.27_veh-47_00299_00588,traversing_pickup_dropoff,63,1623088320149757,0.04999,664242.9169343723,3996252.057446636,0.7279665114741317,664244.0076131426,3996253.029527301,2.804204497209791,-0.046142486330531585,89,6,5,5,0,9,3,3,0,65,42,30,12
acf27d96887b53c2,2021.06.07.13.42.27_veh-47_00299_00588,traversing_pickup_dropoff,64,1623088320199749,0.049992,664243.0189901626,3996252.149393937,0.735378611240031,664244.1024338797,3996253.1295320457,2.7924532313416752,-0.0415497993717162,88,6,5,5,0,9,3,3,0,64,42,30,12
acf27d96887b53c2,2021.06.07.13.42.27_veh-47_00299_00588,traversing_pickup_dropoff,65,1623088320249747,0.049998,664243.1184091377,3996252.2414773535,0.7433812380334829,664244.1939745662,3996253.2302543805,2.78585520333805,-0.03361386544402606,88,6,5,5,0,9,3,3,0,64,42,30,12
acf27d96887b53c2,2021.06.07.13.42.27_veh-47_00299_00588,traversing_pickup_dropoff,66,1623088320299752,0.050005,664243.2190982614,3996252.3365457794,0.7522382702564954,664244.2858639873,3996253.3348102164,2.7835292229966204,-0.03406691207401898,89,6,5,5,0,9,3,3,0,65,43,30,13
acf27d96887b53c2,2021.06.07.13.42.27_veh-47_00299_00588,traversing_pickup_dropoff,67,1623088320349765,0.050013,664243.3175721067,3996252.431466304,0.7600902265210213,664244.3764666999,3996253.43807608,2.774120120731913,-0.031032788642497536,89,6,5,5,0,9,3,3,0,65,43,30,13
acf27d96887b53c2,2021.06.07.13.42.27_veh-47_00299_00588,traversing_pickup_dropoff,68,1623088320399784,0.050019,664243.4160080787,3996252.5276550734,0.7681851580084639,664244.4667196303,3996253.5428034547,2.773504622839496,-0.03205062434082574,91,6,5,5,0,9,3,3,0,67,45,30,15
acf27d96887b53c2,2021.06.07.13.42.27_veh-47_00299_00588,traversing_pickup_dropoff,69,1623088320449806,0.050022,664243.5131955899,3996252.623802463,0.7761060685756155,664244.5558333648,3996253.647241504,2.7723152009786354,-0.02646948941529854,92,6,5,5,0,9,3,3,0,68,45,30,15
acf27d96887b53c2,2021.06.07.13.42.27_veh-47_00299_00588,traversing_pickup_dropoff,70,1623088320499833,0.050027,664243.6106340357,3996252.722708815,0.7844908657943074,664244.6446539314,3996253.754854083,2.776330145220935,-0.02746184917235595,92,6,5,5,0,9,3,3,0,68,45,30,15
acf27d96887b53c2,2021.06.07.13.42.27_veh-47_00299_00588,traversing_pickup_dropoff,71,1623088320549862,0.050029,664243.7047483732,3996252.818158558,0.7922792053535336,664244.7306982917,3996253.8583257394,2.770527192525438,-0.03912872737171735,92,6,5,5,0,9,3,3,0,68,45,30,15
acf27d96887b53c2,2021.06.07.13.42.27_veh-47_00299_00588,traversing_pickup_dropoff,72,1623088320599894,0.050032,664243.8000162768,3996252.9163654055,0.8005403800704339,664244.8173382813,3996253.964972548,2.765969579470205,-0.036999992462053904,93,6,5,5,0,9,3,3,0,69,46,30,16
acf27d96887b53c2,2021.06.07.13.42.27_veh-47_00299_00588,traversing_pickup_dropoff,73,1623088320649931,0.050037,664243.8932698244,3996253.0141641772,0.8086073642890906,664244.9020997218,3996254.0709438315,2.7694209866144543,-0.032601656314821655,95,6,5,5,0,9,3,3,0,70,47,30,17
acf27d96887b53c2,2021.06.07.13.42.27_veh-47_00299_00588,traversing_pickup_dropoff,74,1623088320699969,0.050038,664243.9867132561,3996253.1141332514,0.8168855658507596,664244.9867604518,3996254.179227898,2.770616270084986,-0.03434712328815307,95,6,5,5,0,9,3,3,0,70,49,30,19
acf27d96887b53c2,2021.06.07.13.42.27_veh-47_00299_00588,traversing_pickup_dropoff,75,1623088320750007,0.050038,664244.0781449009,3996253.2132560313,0.8248627137115422,664245.0696639504,3996254.2862942293,2.769505588985427,-0.028228589982652184,96,6,5,5,0,9,3,3,0,71,49,30,19
acf27d96887b53c2,2021.06.07.13.42.27_veh-47_00299_00588,traversing_pickup_dropoff,76,1623088320800042,0.050035,664244.1694105372,3996253.313176575,0.8330716005793071,664245.1520878295,3996254.394317796,2.768549340372809,-0.02459677650966265,97,6,5,5,0,10,3,3,0,71,49,30,19
acf27d96887b53c2,2021.06.07.13.42.27_veh-47_00299_00588,traversing_pickup_dropoff,77,1623088320850069,0.050027,664244.2606862527,3996253.4155545565,0.8408374514431232,664245.2349380163,3996254.5042944252,2.768517386998408,-0.01863110031081684,97,6,5,5,0,10,3,3,0,71,50,30,20
acf27d96887b53c2,2021.06.07.13.42.27_veh-47_00299_00588,traversing_pickup_dropoff,78,1623088320900088,0.050019,664244.3509907536,3996253.5174116525,0.8483937118973365,664245.31698798,3996254.613482069,2.768433867043912,-0.025119124509603588,97,6,5,5,0,10,3,3,0,71,48,30,18
acf27d96887b53c2,2021.06.07.13.42.27_veh-47_00299_00588,traversing_pickup_dropoff,79,1623088320950098,0.05001,664244.439551296,3996253.618731068,0.8558125860182138,664245.3973904046,3996254.7219378673,2.7679972311828065,-0.02605639558401778,98,6,5,5,0,10,3,3,0,72,45,30,15
acf27d96887b53c2,2021.06.07.13.42.27_veh-47_00299_00588,traversing_pickup_dropoff,80,1623088321000103,0.050005,664244.5303228275,3996253.721816985,0.8634708823291853,664245.4796852459,3996254.8323267773,2.763755054709484,-0.03272329134639878,99,6,5,5,0,10,3,3,0,73,45,30,15
acf27d96887b53c2,2021.06.07.13.42.27_veh-47_00299_00588,traversing_pickup_dropoff,81,1623088321050102,0.049999,664244.618445766,3996253.824853618,0.871072181899589,664245.5593395213,3996254.942547647,2.7579840985171984,-0.030625331116841063,99,6,5,5,0,10,3,3,0,73,44,30,14
acf27d96887b53c2,2021.06.07.13.42.27_veh-47_00299_00588,traversing_pickup_dropoff,82,1623088321100097,0.049995,664244.7067031611,3996253.9302287744,0.8783325866615547,664245.6394572778,3996255.0547245536,2.7507303560605587,-0.023837860617666535,99,6,5,5,0,10,3,3,0,73,44,30,14
acf27d96887b53c2,2021.06.07.13.42.27_veh-47_00299_00588,traversing_pickup_dropoff,83,1623088321150088,0.049991,664244.7924912096,3996254.0329527613,0.8853917693734161,664245.7172841306,3996255.16400495,2.7436265723868347,-0.027317882811010375,100,6,5,5,0,10,3,3,0,74,45,30,15
acf27d96887b53c2,2021.06.07.13.42.27_veh-47_00299_00588,traversing_pickup_dropoff,84,1623088321200075,0.049987,664244.878551302,3996254.1381451013,0.8926764812825311,664245.7950803686,3996255.2759040697,2.7336254313477744,-0.036057812785418655,100,6,5,5,0,10,3,3,0,74,45,30,15
acf27d96887b53c2,2021.06.07.13.42.27_veh-47_00299_00588,traversing_pickup_dropoff,85,1623088321250059,0.049984,664244.9646058517,3996254.243009493,0.8994659042174535,664245.8733891266,3996255.386964894,2.723743515810073,-0.04333691175646268,100,6,5,5,0,10,3,3,0,74,45,30,15
acf27d96887b53c2,2021.06.07.13.42.27_veh-47_00299_00588,traversing_pickup_dropoff,86,1623088321300039,0.04998,664245.0498173587,3996254.3485501003,0.9059014129615214,664245.9512199307,3996255.4983302546,2.6991318491589205,-0.045658307069127414,100,6,5,5,0,10,3,3,0,74,45,30,15
acf27d96887b53c2,2021.06.07.13.42.27_veh-47_00299_00588,traversing_pickup_dropoff,87,1623088321350016,0.049977,664245.1339102635,3996254.4519149004,0.9124357780067085,664246.0277805617,3996255.6075605596,2.6756772917346305,-0.046750963017418254,101,6,5,5,0,10,3,3,0,75,45,30,15
acf27d96887b53c2,2021.06.07.13.42.27_veh-47_00299_00588,traversing_pickup_dropoff,88,1623088321399994,0.049978,664245.2157930314,3996254.555942739,0.9184873107891995,664246.1026535775,3996255.7169764903,2.63800774407929,-0.03504682058423394,101,6,5,5,0,10,3,3,0,75,45,30,15
acf27d96887b53c2,2021.06.07.13.42.27_veh-47_00299_00588,traversing_pickup_dropoff,89,1623088321449969,0.049975,664245.2972683071,3996254.6607135637,0.9246571240168237,664246.1769486574,3996255.827196946,2.5977392432611537,-0.03521160932095013,101,6,5,5,0,10,3,3,0,75,45,30,15
acf27d96887b53c2,2021.06.07.13.42.27_veh-47_00299_00588,traversing_pickup_dropoff,90,1623088321499941,0.049972,664245.3738534459,3996254.7622521454,0.9304557789401671,664246.2467550101,3996255.933816851,2.5547038266350626,-0.0383262349479617,101,6,5,5,0,10,3,3,0,75,45,30,15
acf27d96887b53c2,2021.06.07.13.42.27_veh-47_00299_00588,traversing_pickup_dropoff,91,1623088321549912,0.049971,664245.4515590492,3996254.865127141,0.9367272060583863,664246.3170961131,3996256.04214311,2.5047758329855,-0.050462015532346846,102,6,5,5,0,10,3,3,0,76,46,30,16
acf27d96887b53c2,2021.06.07.13.42.27_veh-47_00299_00588,traversing_pickup_dropoff,92,1623088321599883,0.049971,664245.5241660522,3996254.9628245975,0.9421639213484709,664246.3832912552,3996256.1445288267,2.4600323785938967,-0.05156056326378833,102,6,5,5,0,10,3,3,0,76,46,30,16
acf27d96887b53c2,2021.06.07.13.42.27_veh-47_00299_00588,traversing_pickup_dropoff,93,1623088321649852,0.049969,664245.5959932179,3996255.0616841796,0.9477144979323057,664246.4485460804,3996256.248138821,2.4143400567720623,-0.05134884590890602,103,6,5,5,0,11,4,4,0,76,46,30,16
acf27d96887b53c2,2021.06.07.13.42.27_veh-47_00299_00588,traversing_pickup_dropoff,94,1623088321699822,0.04997,664245.6655702868,3996255.1588798664,0.9532102586489113,664246.5115898364,3996256.3500019936,2.368895788614532,-0.053633635040978796,103,6,5,5,0,11,3,3,0,76,46,30,16
acf27d96887b53c2,2021.06.07.13.42.27_veh-47_00299_00588,traversing_pickup_dropoff,95,1623088321749794,0.049972,664245.7344092146,3996255.2559346254,0.9587331910245541,664246.5738374077,3996256.451711071,2.3288280736876,-0.05534225762550415,104,6,5,5,0,12,3,3,0,76,46,30,16
acf27d96887b53c2,2021.06.07.13.42.27_veh-47_00299_00588,traversing_pickup_dropoff,96,1623088321799766,0.049972,664245.8007648768,3996255.3499431456,0.9638614539192816,664246.6340498028,3996256.5500086574,2.2814001590630455,-0.05969394624119141,105,6,5,5,0,12,3,3,0,76,46,30,16
acf27d96887b53c2,2021.06.07.13.42.27_veh-47_00299_00588,traversing_pickup_dropoff,97,1623088321849743,0.049977,664245.8675173712,3996255.445302894,0.9693498641634725,664246.694203328,3996256.6499237176,2.2325943985348533,-0.05202947202823359,105,6,5,5,0,12,3,3,0,76,46,30,16
acf27d96887b53c2,2021.06.07.13.42.27_veh-47_00299_00588,traversing_pickup_dropoff,98,1623088321899719,0.049976,664245.9292838888,3996255.5352789764,0.9739885350024714,664246.7503731322,3996256.7437215503,2.182902740105528,-0.044661801485030905,105,6,5,5,0,12,3,3,0,76,46,30,16
acf27d96887b53c2,2021.06.07.13.42.27_veh-47_00299_00588,traversing_pickup_dropoff,99,1623088321949695,0.049976,664245.9897526884,3996255.623459772,0.9786471749537469,664246.8052033434,3996256.835714378,2.134554666744694,-0.049695225097617625,105,6,5,5,0,12,3,3,0,76,45,30,15
acf27d96887b53c2,2021.06.07.13.42.27_veh-47_00299_00588,traversing_pickup_dropoff,100,1623088321999670,0.049975,664246.047858927,3996255.709291463,0.982884309481736,664246.8581657915,3996256.9249903504,2.0821752207522923,-0.05159304543919351,105,6,5,5,0,12,2,2,0,76,45,30,15
12ce910d76e65082,2021.06.07.11.59.52_veh-35_00765_01072,traversing_pickup_dropoff,0,1623082454050193,,664180.5479380209,3997415.498736727,-2.447445480695037,664179.425014063,3997414.5640909197,1.2476424209360562,-0.01471967135969884,68,13,9,9,0,9,6,6,0,44,33,30,3
12ce910d76e65082,2021.06.07.11.59.52_veh-35_00765_01072,traversing_pickup_dropoff,1,1623082454100211,0.050018,664180.4979941848,3997415.45467781,-2.4449973753100367,664179.3773617011,3997414.5172857703,1.317974770999577,-0.014434358931212404,69,13,9,9,0,10,7,7,0,44,32,30,2
12ce910d76e65082,2021.06.07.11.59.52_veh-35_00765_01072,traversing_pickup_dropoff,2,1623082454150231,0.05002,664180.4418322551,3997415.4066053894,-2.4424582282916294,664179.3235835575,3997414.466370924,1.3946703315616413,-0.015545255828752273,69,13,9,9,0,10,7,7,0,44,32,30,2
12ce910d76e65082,2021.06.07.11.59.52_veh-35_00765_01072,traversing_pickup_dropoff,3,1623082454200254,0.050023,664180.3853964396,3997415.3571109995,-2.4397202682970645,664179.2697262545,3997414.4138183417,1.4661907156848666,-0.01715931469834126,68,13,9,9,0,9,7,7,0,44,32,30,2
12ce910d76e65082,2021.06.07.11.59.52_veh-35_00765_01072,traversing_pickup_dropoff,4,1623082454250275,0.050021,664180.3242991021,3997415.3038448235,-2.4368923794590516,664179.2113009013,3997414.3574009505,1.5429300022000965,-0.019393054301035332,68,13,9,9,0,9,7,7,0,44,32,30,2
12ce910d76e65082,2021.06.07.11.59.52_veh-35_00765_01072,traversing_pickup_dropoff,5,1623082454300296,0.050021,664180.2610958589,3997415.2475065975,-2.4337362618331144,664179.1510902846,3997414.297554691,1.616599114063325,-0.020526353414651945,67,13,9,9,0,9,7,7,0,43,33,30,3
12ce910d76e65082,2021.06.07.11.59.52_veh-35_00765_01072,traversing_pickup_dropoff,6,1623082454350318,0.050022,664180.1962265163,3997415.1903071785,-2.430581585053934,664179.0892232517,3997414.2368582957,1.6883194185182846,-0.02222197650781107,67,13,9,9,0,9,7,7,0,43,33,30,3
12ce910d76e65082,2021.06.07.11.59.52_veh-35_00765_01072,traversing_pickup_dropoff,7,1623082454400338,0.05002,664180.1257687057,3997415.126680595,-2.4271786070993557,664179.02201641,3997414.1694701323,1.7688361218128177,-0.02462873437103822,67,13,9,9,0,9,7,7,0,43,33,30,3
12ce910d76e65082,2021.06.07.11.59.52_veh-35_00765_01072,traversing_pickup_dropoff,8,1623082454450358,0.05002,664180.0566685227,3997415.0648289444,-2.4239004262900723,664178.956060061,3997414.104005332,1.836026283569965,-0.022214872414971703,67,13,9,9,0,9,7,7,0,43,33,30,3
12ce910d76e65082,2021.06.07.11.59.52_veh-35_00765_01072,traversing_pickup_dropoff,9,1623082454500378,0.05002,664179.9851242307,3997415.000343257,-2.420648448448543,664178.8876461603,3997414.035945577,1.9037843028280126,-0.020605224153997445,68,13,9,9,0,10,7,7,0,43,33,30,3
12ce910d76e65082,2021.06.07.11.59.52_veh-35_00765_01072,traversing_pickup_dropoff,10,1623082454550395,0.050017,664179.9075341678,3997414.9298272175,-2.4171256808878976,664178.813460249,3997413.9615693693,1.974854291052309,-0.024116009938832075,68,13,9,9,0,10,7,7,0,43,33,30,3
12ce910d76e65082,2021.06.07.11.59.52_veh-35_00765_01072,traversing_pickup_dropoff,11,1623082454600412,0.050017,664179.83135806,3997414.8612587196,-2.413431013145624,664178.7408689915,3997413.8889652495,2.0369312239179123,-0.030406478449653777,68,13,9,9,0,10,7,7,0,43,33,30,3
12ce910d76e65082,2021.06.07.11.59.52_veh-35_00765_01072,traversing_pickup_dropoff,12,1623082454650428,0.050016,664179.7487984947,3997414.7854031464,-2.409265273981366,664178.6623691972,3997413.8085754327,2.1073153074647912,-0.033464569136807606,68,13,9,9,0,10,7,7,0,43,33,30,3
12ce910d76e65082,2021.06.07.11.59.52_veh-35_00765_01072,traversing_pickup_dropoff,13,1623082454700442,0.050014,664179.6682954311,3997414.712116343,-2.405072254878434,664178.5859715294,3997413.730741811,2.169225637572473,-0.03518352607570847,68,13,9,9,0,10,7,7,0,43,33,30,3
12ce910d76e65082,2021.06.07.11.59.52_veh-35_00765_01072,traversing_pickup_dropoff,14,1623082454750456,0.050014,664179.5842330016,3997414.6335953646,-2.4010117177982555,664178.5059029192,3997413.647834119,2.2339347147148376,-0.03152297899536357,68,13,9,9,0,10,7,7,0,43,33,30,3
12ce910d76e65082,2021.06.07.11.59.52_veh-35_00765_01072,traversing_pickup_dropoff,15,1623082454800471,0.050015,664179.4988609188,3997414.553870936,-2.3965578514701167,664178.4249319661,3997413.563316745,2.294091523129402,-0.027288565068247884,69,13,9,9,0,11,7,7,0,43,33,30,3
12ce910d76e65082,2021.06.07.11.59.52_veh-35_00765_01072,traversing_pickup_dropoff,16,1623082454850487,0.050016,664179.4105897149,3997414.469537378,-2.391797770280608,664178.3413880295,3997413.4738824395,2.3570909680192735,-0.026099146707635794,70,13,9,9,0,12,7,7,0,43,33,30,3
12ce910d76e65082,2021.06.07.11.59.52_veh-35_00765_01072,traversing_pickup_dropoff,17,1623082454900503,0.050016,664179.3232088222,3997414.3860914055,-2.387535308351304,664178.2582607782,3997413.3858880945,2.414331050121514,-0.02754845297605455,69,13,9,9,0,12,7,7,0,42,32,30,2
12ce910d76e65082,2021.06.07.11.59.52_veh-35_00765_01072,traversing_pickup_dropoff,18,1623082454950520,0.050017,664179.2308949201,3997414.295790544,-2.3825612389015975,664178.1709351104,3997413.290302502,2.475145671420119,-0.03471315633133387,69,13,9,9,0,12,7,7,0,42,32,30,2
12ce910d76e65082,2021.06.07.11.59.52_veh-35_00765_01072,traversing_pickup_dropoff,19,1623082455000537,0.050017,664179.1402608021,3997414.208374551,-2.3780278172325744,664178.0848701702,3997413.1980916136,2.526484245460157,-0.04557618521747307,69,13,9,9,0,12,7,7,0,42,32,30,2
12ce910d76e65082,2021.06.07.11.59.52_veh-35_00765_01072,traversing_pickup_dropoff,20,1623082455050556,0.050019,664179.0453172561,3997414.1151904333,-2.373586742757141,664177.9944237589,3997413.1002304056,2.5846756550094314,-0.057097669132225554,70,14,9,9,0,12,7,7,0,42,32,30,2
12ce910d76e65082,2021.06.07.11.59.52_veh-35_00765_01072,traversing_pickup_dropoff,21,1623082455100574,0.050018,664178.9520873785,3997414.0238940166,-2.3690218569708104,664177.9058379912,3997413.0041473717,2.6340858974217722,-0.0614276856322442,70,14,9,9,0,12,7,7,0,42,32,30,2
12ce910d76e65082,2021.06.07.11.59.52_veh-35_00765_01072,traversing_pickup_dropoff,22,1623082455150591,0.050017,664178.8549787754,3997413.9281791514,-2.3641515514835,664177.8137082546,3997412.9033490666,2.6840667440858175,-0.05942197228820383,70,14,9,9,0,12,7,7,0,42,32,30,2
12ce910d76e65082,2021.06.07.11.59.52_veh-35_00765_01072,traversing_pickup_dropoff,23,1623082455200607,0.050016,664178.7563487445,3997413.8286732137,-2.359243810282482,664177.7201203443,3997412.798745205,2.732333300803603,-0.05486003737127097,70,14,9,9,0,12,7,7,0,42,32,30,2
12ce910d76e65082,2021.06.07.11.59.52_veh-35_00765_01072,traversing_pickup_dropoff,24,1623082455250622,0.050015,664178.6536597863,3997413.7231805436,-2.353750052955865,664177.6231051695,3997412.687575319,2.784325858878367,-0.053072769732875155,70,14,9,9,0,12,7,7,0,42,32,30,2
12ce910d76e65082,2021.06.07.11.59.52_veh-35_00765_01072,traversing_pickup_dropoff,25,1623082455300635,0.050013,664178.5553090604,3997413.6222877386,-2.349002607862958,664177.5296825175,3997412.581801701,2.825378095604147,-0.052307393276036646,70,14,9,9,0,12,7,7,0,42,32,30,2
12ce910d76e65082,2021.06.07.11.59.52_veh-35_00765_01072,traversing_pickup_dropoff,26,1623082455350646,0.050011,664178.4510767128,3997413.514366009,-2.344035527962364,664177.430630978,3997412.4687984586,2.872920168919598,-0.050215031284465944,69,14,9,9,0,11,6,6,0,42,32,30,2
12ce910d76e65082,2021.06.07.11.59.52_veh-35_00765_01072,traversing_pickup_dropoff,27,1623082455400654,0.050008,664178.3502479165,3997413.4096048675,-2.339124422077242,664177.33494936,3997412.3590384293,2.9132960500834555,-0.050245394897228,70,14,9,9,0,12,6,6,0,42,32,30,2
12ce910d76e65082,2021.06.07.11.59.52_veh-35_00765_01072,traversing_pickup_dropoff,28,1623082455450659,0.050005,664178.2491383943,3997413.304151609,-2.334359566820848,664177.2388571415,3997412.2487593642,2.9492857995829813,-0.05494640525143824,70,14,9,9,0,12,6,6,0,42,31,30,1
12ce910d76e65082,2021.06.07.11.59.52_veh-35_00765_01072,traversing_pickup_dropoff,29,1623082455500664,0.050005,664178.141973287,3997413.1902801353,-2.329159560984207,664177.1371937143,3997412.129648715,2.9953819567566735,-0.061546618539990994,70,14,9,9,0,12,6,6,0,42,31,30,1
12ce910d76e65082,2021.06.07.11.59.52_veh-35_00765_01072,traversing_pickup_dropoff,30,1623082455550672,0.050008,664178.0330589504,3997413.074834337,-2.3237919327620338,664177.0339869,3997412.0088249384,3.0422360658508545,-0.06287294175182935,70,14,9,9,0,12,6,6,0,42,31,30,1
12ce910d76e65082,2021.06.07.11.59.52_veh-35_00765_01072,traversing_pickup_dropoff,31,1623082455600684,0.050012,664177.92895364,3997412.9631537213,-2.318375665494204,664176.9356700076,3997411.891748744,3.078399122160489,-0.062120075383347656,70,14,9,9,0,12,6,6,0,42,31,30,1
12ce910d76e65082,2021.06.07.11.59.52_veh-35_00765_01072,traversing_pickup_dropoff,32,1623082455650700,0.050016,664177.8233897791,3997412.848962964,-2.3129287164198433,664176.835956741,3997411.772163542,3.1189931836948,-0.056568808603804706,70,14,9,9,0,12,6,6,0,42,29,29,0
12ce910d76e65082,2021.06.07.11.59.52_veh-35_00765_01072,traversing_pickup_dropoff,33,1623082455700718,0.050018,664177.7136214434,3997412.7271286272,-2.3073057073915115,664176.7322588367,3997411.644793913,3.158502206974987,-0.05155912222838139,71,14,9,9,0,13,5,5,0,42,29,29,0
12ce910d76e65082,2021.06.07.11.59.52_veh-35_00765_01072,traversing_pickup_dropoff,34,1623082455750734,0.050016,664177.6050953272,3997412.605256288,-2.3019031971172406,664176.6295943381,3997411.5176355727,3.1984047694566513,-0.05555286538530819,71,14,9,9,0,13,5,5,0,42,29,29,0
12ce910d76e65082,2021.06.07.11.59.52_veh-35_00765_01072,traversing_pickup_dropoff,35,1623082455800748,0.050014,664177.4983239737,3997412.485779255,-2.2965086994832444,664176.5287043173,3997411.392912053,3.2307166059564794,-0.06703601726360013,71,14,9,9,0,13,5,5,0,42,29,29,0
12ce910d76e65082,2021.06.07.11.59.52_veh-35_00765_01072,traversing_pickup_dropoff,36,1623082455850761,0.050013,664177.388894114,3997412.36233917,-2.291238536199181,664176.4250474848,3997411.2643771144,3.26159615322028,-0.0776502534083883,70,14,9,9,0,13,5,5,0,41,29,29,0
12ce910d76e65082,2021.06.07.11.59.52_veh-35_00765_01072,traversing_pickup_dropoff,37,1623082455900774,0.050013,664177.2802684808,3997412.23704271,-2.286012043230666,664176.3221734808,3997411.134058136,3.295563408095684,-0.07783842411403798,70,14,9,9,0,13,5,5,0,41,29,29,0
12ce910d76e65082,2021.06.07.11.59.52_veh-35_00765_01072,traversing_pickup_dropoff,38,1623082455950787,0.050013,664177.1722429852,3997412.1125298166,-2.280103982598619,664176.2206811683,3997411.003904042,3.326625161511043,-0.07963294800711018,70,14,9,9,0,13,5,5,0,41,29,29,0
12ce910d76e65082,2021.06.07.11.59.52_veh-35_00765_01072,traversing_pickup_dropoff,39,1623082456000803,0.050016,664177.0582639378,3997411.980420501,-2.2737270436124692,664176.1137910596,3997410.865749257,3.359629006199729,-0.08189945803325781,70,14,9,9,0,13,5,5,0,41,29,29,0
12ce910d76e65082,2021.06.07.11.59.52_veh-35_00765_01072,traversing_pickup_dropoff,40,1623082456050820,0.050017,664176.949508647,3997411.852987711,-2.2679058212343084,664176.0115404838,3997410.7328373976,3.3878495730037805,-0.07937226145163377,72,14,9,9,0,13,5,5,0,43,29,29,0
12ce910d76e65082,2021.06.07.11.59.52_veh-35_00765_01072,traversing_pickup_dropoff,41,1623082456100837,0.050017,664176.8364331261,3997411.718774926,-2.2621087483305042,664175.9049742803,3997410.593205995,3.420875342725705,-0.0779521353720725,72,14,8,8,0,13,5,5,0,43,29,29,0
12ce910d76e65082,2021.06.07.11.59.52_veh-35_00765_01072,traversing_pickup_dropoff,42,1623082456150857,0.05002,664176.7285910435,3997411.5882613263,-2.2564952154426856,664175.8034652586,3997410.4574813824,3.446010516442658,-0.07911607179840917,71,14,8,8,0,12,5,5,0,43,29,29,0
12ce910d76e65082,2021.06.07.11.59.52_veh-35_00765_01072,traversing_pickup_dropoff,43,1623082456200878,0.050021,664176.617793521,3997411.4528718386,-2.250516819162955,664175.699444479,3997410.3165813666,3.478032394736764,-0.0905885142798601,70,14,8,8,0,12,5,5,0,42,29,29,0
12ce910d76e65082,2021.06.07.11.59.52_veh-35_00765_01072,traversing_pickup_dropoff,44,1623082456250899,0.050021,664176.5081323655,3997411.3177604224,-2.2446949154888918,664175.5964142232,3997410.1761426977,3.4991787147673103,-0.0957409237493381,70,14,8,8,0,12,5,5,0,42,29,29,0
12ce910d76e65082,2021.06.07.11.59.52_veh-35_00765_01072,traversing_pickup_dropoff,45,1623082456300921,0.050022,664176.3958329904,3997411.1782284356,-2.2385937182706797,664175.4910970089,3997410.031069421,3.5306503875493402,-0.09572753135358149,69,14,8,8,0,12,5,5,0,41,28,28,0
12ce910d76e65082,2021.06.07.11.59.52_veh-35_00765_01072,traversing_pickup_dropoff,46,1623082456350944,0.050023,664176.2864253183,3997411.03998432,-2.2328785863956986,664175.3882602417,3997409.887673383,3.561858507216617,-0.08491637197623207,69,14,8,8,0,11,5,5,0,42,28,28,0
12ce910d76e65082,2021.06.07.11.59.52_veh-35_00765_01072,traversing_pickup_dropoff,47,1623082456400966,0.050022,664176.1763896557,3997410.8977143886,-2.226877315933712,664175.2851560409,3997409.740034103,3.5889668790609197,-0.075106318163727,71,14,8,8,0,12,5,5,0,43,28,28,0
12ce910d76e65082,2021.06.07.11.59.52_veh-35_00765_01072,traversing_pickup_dropoff,48,1623082456450988,0.050022,664176.0683042898,3997410.7556886855,-2.2213040791315164,664175.1835365093,3997409.593059349,3.6197886527394196,-0.07895756690661528,71,14,8,8,0,12,5,5,0,43,28,28,0
12ce910d76e65082,2021.06.07.11.59.52_veh-35_00765_01072,traversing_pickup_dropoff,49,1623082456501008,0.05002,664175.9579143851,3997410.608864551,-2.215209684711077,664175.0802485133,3997409.440864715,3.6561120254138424,-0.0944189050520751,73,14,8,8,0,13,5,5,0,44,30,30,0
12ce910d76e65082,2021.06.07.11.59.52_veh-35_00765_01072,traversing_pickup_dropoff,50,1623082456551028,0.05002,664175.8491855058,3997410.4637383968,-2.209614680344959,664174.9780683012,3997409.290846323,3.68655562677013,-0.10689019723695851,73,14,8,8,0,13,5,5,0,44,30,30,0
12ce910d76e65082,2021.06.07.11.59.52_veh-35_00765_01072,traversing_pickup_dropoff,51,1623082456601047,0.050019,664175.7353398543,3997410.3098508106,-2.203897311967019,664174.8709427068,3997409.1319974363,3.7230396052059835,-0.11188637194321298,74,14,8,8,0,13,5,5,0,45,30,30,0
12ce910d76e65082,2021.06.07.11.59.52_veh-35_00765_01072,traversing_pickup_dropoff,52,1623082456651067,0.05002,664175.626178821,3997410.161414648,-2.1983318586222023,664174.7683503147,3997408.978768778,3.746226373415653,-0.10731228274376355,74,14,8,8,0,13,5,5,0,45,31,30,1
12ce910d76e65082,2021.06.07.11.59.52_veh-35_00765_01072,traversing_pickup_dropoff,53,1623082456701089,0.050022,664175.5160912892,3997410.0085848975,-2.19238227166893,664174.6653141784,3997408.820856264,3.7747580945801107,-0.0986946857601492,76,14,8,8,0,13,5,5,0,47,31,30,1
12ce910d76e65082,2021.06.07.11.59.52_veh-35_00765_01072,traversing_pickup_dropoff,54,1623082456751115,0.050026,664175.4073565349,3997409.8556179903,-2.186426920315823,664174.5636678104,3997408.6628437717,3.797965714739962,-0.09590800205073066,76,14,8,8,0,13,4,4,0,47,31,30,1
12ce910d76e65082,2021.06.07.11.59.52_veh-35_00765_01072,traversing_pickup_dropoff,55,1623082456801146,0.050031,664175.2981333851,3997409.700414124,-2.179993814828553,664174.4621353081,3997408.5022370857,3.8192208073799856,-0.09968210568196763,76,14,8,8,0,13,4,4,0,47,31,30,1
12ce910d76e65082,2021.06.07.11.59.52_veh-35_00765_01072,traversing_pickup_dropoff,56,1623082456851179,0.050033,664175.1891523725,3997409.545680499,-2.1738483437495013,664174.3605333979,3997408.3423885168,3.8374689128555364,-0.10792524015121707,76,14,7,7,0,13,4,4,0,47,30,30,0
12ce910d76e65082,2021.06.07.11.59.52_veh-35_00765_01072,traversing_pickup_dropoff,57,1623082456901211,0.050032,664175.0796490096,3997409.386583495,-2.1678098821025897,664174.2583111302,3997408.178309897,3.86227016668121,-0.10697266328003605,76,14,7,7,0,13,4,4,0,47,30,30,0
12ce910d76e65082,2021.06.07.11.59.52_veh-35_00765_01072,traversing_pickup_dropoff,58,1623082456951244,0.050033,664174.970975099,3997409.226103498,-2.1616182038390983,664174.1571341569,3997408.0127676334,3.885610557660065,-0.10091869248023788,76,14,7,7,0,13,4,4,0,47,30,30,0
12ce910d76e65082,2021.06.07.11.59.52_veh-35_00765_01072,traversing_pickup_dropoff,59,1623082457001275,0.050031,664174.8642981069,3997409.0660411483,-2.1555372953477696,664174.0578503505,3997407.8477788544,3.904960374270417,-0.10296804481839013,76,14,7,7,0,13,4,4,0,47,30,30,0
12ce910d76e65082,2021.06.07.11.59.52_veh-35_00765_01072,traversing_pickup_dropoff,60,1623082457051306,0.050031,664174.755233542,3997408.9032011675,-2.1489318412703935,664173.9568504961,3997407.6796385366,3.918930458993399,-0.11058493196561045,77,14,7,7,0,14,4,4,0,47,29,29,0
12ce910d76e65082,2021.06.07.11.59.52_veh-35_00765_01072,traversing_pickup_dropoff,61,1623082457101336,0.05003,664174.6481092362,3997408.7407758557,-2.142914942454272,664173.8571026503,3997407.512431612,3.9263668124176427,-0.1084116822985724,77,14,7,7,0,14,4,4,0,47,29,29,0
12ce910d76e65082,2021.06.07.11.59.52_veh-35_00765_01072,traversing_pickup_dropoff,62,1623082457151360,0.050024,664174.5408715047,3997408.575110855,-2.136332605540948,664173.7579673721,3997407.3415865875,3.9376980809127358,-0.10463938468974335,77,14,7,7,0,14,4,4,0,47,29,29,0
12ce910d76e65082,2021.06.07.11.59.52_veh-35_00765_01072,traversing_pickup_dropoff,63,1623082457201377,0.050017,664174.4351897419,3997408.407816621,-2.130053189820242,664173.6600468054,3997407.1694005243,3.9496406135225857,-0.10495637860712503,77,14,7,7,0,14,4,4,0,47,29,29,0
12ce910d76e65082,2021.06.07.11.59.52_veh-35_00765_01072,traversing_pickup_dropoff,64,1623082457251389,0.050012,664174.3306570374,3997408.2417597463,-2.123984485646257,664173.5630439096,3997406.9986623703,3.9574808934394956,-0.10954069606918444,77,14,7,7,0,14,4,4,0,47,29,29,0
12ce910d76e65082,2021.06.07.11.59.52_veh-35_00765_01072,traversing_pickup_dropoff,65,1623082457301400,0.050011,664174.2264888807,3997408.074965841,-2.1179338538432746,664173.4664112827,3997406.827246704,3.965273302590126,-0.11065190656438523,77,14,7,7,0,14,4,4,0,47,29,29,0
12ce910d76e65082,2021.06.07.11.59.52_veh-35_00765_01072,traversing_pickup_dropoff,66,1623082457351406,0.050006,664174.1229866286,3997407.905869358,-2.1115854614428295,664173.3708453043,3997406.6533501255,3.9731749631433435,-0.11031437765169101,78,14,7,7,0,15,5,5,0,47,28,28,0
12ce910d76e65082,2021.06.07.11.59.52_veh-35_00765_01072,traversing_pickup_dropoff,67,1623082457401408,0.050002,664174.0189801254,3997407.733034191,-2.105106913303775,664173.2749690348,3997406.4756684937,3.977655965483781,-0.10506250863129905,78,14,7,7,0,15,5,5,0,47,28,28,0
12ce910d76e65082,2021.06.07.11.59.52_veh-35_00765_01072,traversing_pickup_dropoff,68,1623082457451405,0.049997,664173.9180081605,3997407.560592477,-2.098691992491005,664173.1820782244,3997406.2984799114,3.9824557188108276,-0.09993379683788177,78,15,8,8,0,15,5,5,0,46,28,28,0
12ce910d76e65082,2021.06.07.11.59.52_veh-35_00765_01072,traversing_pickup_dropoff,69,1623082457501398,0.049993,664173.8182930534,3997407.3890250013,-2.092485320073144,664173.0902107613,3997406.1223690985,3.984292281317823,-0.09652890987961296,79,15,8,8,0,16,5,5,0,46,26,26,0
12ce910d76e65082,2021.06.07.11.59.52_veh-35_00765_01072,traversing_pickup_dropoff,70,1623082457551388,0.04999,664173.7203325867,3997407.2152920333,-2.086287365792242,664173.000114904,3997405.9441478676,3.9854494916759586,-0.09548644241443396,79,15,8,8,0,16,5,5,0,46,26,26,0
12ce910d76e65082,2021.06.07.11.59.52_veh-35_00765_01072,traversing_pickup_dropoff,71,1623082457601372,0.049984,664173.6234779783,3997407.042374264,-2.0799977205172833,664172.9112695346,3997405.7667253576,3.986827206079214,-0.09719979905111835,79,15,8,8,0,16,5,5,0,46,26,26,0
12ce910d76e65082,2021.06.07.11.59.52_veh-35_00765_01072,traversing_pickup_dropoff,72,1623082457651352,0.04998,664173.5254361903,3997406.866286699,-2.073399665534346,664172.8216599899,3997405.5859664036,3.996062780566172,-0.1030335852120483,79,15,8,8,0,16,5,5,0,46,26,26,0
12ce910d76e65082,2021.06.07.11.59.52_veh-35_00765_01072,traversing_pickup_dropoff,73,1623082457701330,0.049978,664173.4300307,3997406.6924633426,-2.0671188246292598,664172.7343098164,3997405.407748023,4.001182123107655,-0.10218233029685092,77,15,9,9,0,16,5,5,0,44,26,26,0
12ce910d76e65082,2021.06.07.11.59.52_veh-35_00765_01072,traversing_pickup_dropoff,74,1623082457751305,0.049975,664173.3354542614,3997406.5155200884,-2.060638159463521,664172.648073739,3997405.226323045,4.009418702592036,-0.1018640188914947,77,15,9,9,0,16,5,5,0,44,26,26,0
12ce910d76e65082,2021.06.07.11.59.52_veh-35_00765_01072,traversing_pickup_dropoff,75,1623082457801274,0.049969,664173.2425155673,3997406.3399144574,-2.054251534141828,664172.5633826262,3997405.046353694,4.014401768992256,-0.10305119931847988,76,15,9,9,0,16,5,5,0,43,25,25,0
12ce910d76e65082,2021.06.07.11.59.52_veh-35_00765_01072,traversing_pickup_dropoff,76,1623082457851241,0.049967,664173.1476091956,3997406.157578847,-2.047567046151727,664172.477138154,3997404.859507361,4.023769206113841,-0.10602691225402804,78,15,9,9,0,17,5,5,0,44,25,25,0
12ce910d76e65082,2021.06.07.11.59.52_veh-35_00765_01072,traversing_pickup_dropoff,77,1623082457901207,0.049966,664173.0565532059,3997405.9797709077,-2.041130800893446,664172.3944507004,3997404.677411022,4.031651129317145,-0.1024744719750577,78,15,9,9,0,17,5,5,0,44,24,24,0
12ce910d76e65082,2021.06.07.11.59.52_veh-35_00765_01072,traversing_pickup_dropoff,78,1623082457951172,0.049965,664172.9658622845,3997405.7974545737,-2.034668683019491,664172.3121895477,3997404.490843326,4.0416325507509825,-0.09175495960353092,78,15,9,9,0,17,5,5,0,44,24,24,0
12ce910d76e65082,2021.06.07.11.59.52_veh-35_00765_01072,traversing_pickup_dropoff,79,1623082458001131,0.049959,664172.876825865,3997405.6161746727,-2.0284658978727,664172.23127028,3997404.305533995,4.051155840345925,-0.08322979422441201,78,15,9,9,0,17,5,5,0,44,24,24,0
12ce910d76e65082,2021.06.07.11.59.52_veh-35_00765_01072,traversing_pickup_dropoff,80,1623082458051085,0.049954,664172.7895726484,3997405.4357145834,-2.022472205057663,664172.1518841895,3997404.1212282088,4.059829694764587,-0.07879480080164131,77,15,9,9,0,16,4,4,0,44,24,24,0
12ce910d76e65082,2021.06.07.11.59.52_veh-35_00765_01072,traversing_pickup_dropoff,81,1623082458101035,0.04995,664172.7019849863,3997405.2507891445,-2.016091786403211,664172.0726964239,3997403.932260834,4.069005058175603,-0.07885682985397682,77,15,9,9,0,16,4,4,0,44,24,24,0
12ce910d76e65082,2021.06.07.11.59.52_veh-35_00765_01072,traversing_pickup_dropoff,82,1623082458150986,0.049951,664172.6155794623,3997405.069377518,-2.00999693307771,664171.9943387748,3997403.7470382997,4.073419841243799,-0.0768552617435164,78,15,9,9,0,16,4,4,0,45,24,24,0
12ce910d76e65082,2021.06.07.11.59.52_veh-35_00765_01072,traversing_pickup_dropoff,83,1623082458200938,0.049952,664172.5282529106,3997404.884113067,-2.003660231711326,664171.9154039084,3997403.5578638064,4.0798719103305885,-0.07709618157571178,78,15,9,9,0,16,4,4,0,45,24,24,0
12ce910d76e65082,2021.06.07.11.59.52_veh-35_00765_01072,traversing_pickup_dropoff,84,1623082458250890,0.049952,664172.4430590458,3997404.700894688,-1.9973772308960829,664171.8385549104,3997403.3708210997,4.082813107394743,-0.07682392215974988,78,15,9,9,0,16,4,4,0,45,24,24,0
12ce910d76e65082,2021.06.07.11.59.52_veh-35_00765_01072,traversing_pickup_dropoff,85,1623082458300840,0.04995,664172.3564539022,3997404.5114502767,-1.9903450154497955,664171.7613180006,3997403.1771586076,4.0926628305264,-0.08169915431553051,78,15,9,9,0,16,4,4,0,45,24,24,0
12ce910d76e65082,2021.06.07.11.59.52_veh-35_00765_01072,traversing_pickup_dropoff,86,1623082458350791,0.049951,664172.2741691446,3997404.325052273,-1.9840009458881676,664171.6875100016,3997402.987011896,4.099201328852028,-0.08857745197393663,78,15,9,9,0,16,4,4,0,45,23,23,0
12ce910d76e65082,2021.06.07.11.59.52_veh-35_00765_01072,traversing_pickup_dropoff,87,1623082458400744,0.049953,664172.1913547432,3997404.135030506,-1.9771883691525345,664171.6138246462,3997402.7930245497,4.105637759963982,-0.09949106530215182,78,15,9,9,0,16,4,4,0,45,23,23,0
12ce910d76e65082,2021.06.07.11.59.52_veh-35_00765_01072,traversing_pickup_dropoff,88,1623082458450698,0.049954,664172.1105904706,3997403.9480858897,-1.9709970577628477,664171.5413801663,3997402.6025300086,4.109482159106318,-0.10237552933832465,78,15,9,9,0,16,4,4,0,45,23,23,0
12ce910d76e65082,2021.06.07.11.59.52_veh-35_00765_01072,traversing_pickup_dropoff,89,1623082458500654,0.049956,664172.0298340457,3997403.7559792567,-1.9642089181817375,664171.4697706066,3997402.406590527,4.114587066876781,-0.0999768358170293,78,15,9,9,0,16,4,4,0,45,23,23,0
12ce910d76e65082,2021.06.07.11.59.52_veh-35_00765_01072,traversing_pickup_dropoff,90,1623082458550611,0.049957,664171.9513807498,3997403.5669076806,-1.957848742494323,664171.39991093,3997402.2139841653,4.117723409077084,-0.099079451547968,78,15,9,9,0,16,4,4,0,45,24,24,0
12ce910d76e65082,2021.06.07.11.59.52_veh-35_00765_01072,traversing_pickup_dropoff,91,1623082458600569,0.049958,664171.8720410343,3997403.3726845663,-1.9512955812821884,664171.329448918,3997402.0161762564,4.126657329235321,-0.10398648901373529,78,15,9,9,0,16,4,4,0,45,25,25,0
12ce910d76e65082,2021.06.07.11.59.52_veh-35_00765_01072,traversing_pickup_dropoff,92,1623082458650527,0.049958,664171.7955911455,3997403.182522872,-1.9452277009872991,664171.2612400977,3997401.822747171,4.130276488911798,-0.10472531177640003,79,15,9,9,0,16,4,4,0,46,25,25,0
12ce910d76e65082,2021.06.07.11.59.52_veh-35_00765_01072,traversing_pickup_dropoff,93,1623082458700486,0.049959,664171.7181414041,3997402.98876337,-1.939147938967113,664171.1920672937,3997401.6257640924,4.138807595858986,-0.10033213092695453,79,15,9,9,0,16,4,4,0,46,25,25,0
12ce910d76e65082,2021.06.07.11.59.52_veh-35_00765_01072,traversing_pickup_dropoff,94,1623082458750447,0.049961,664171.6437268684,3997402.797015203,-1.9334711750201203,664171.1253986182,3997401.431051505,4.14128818452803,-0.0848729009729197,80,15,9,9,0,16,4,4,0,47,24,24,0
12ce910d76e65082,2021.06.07.11.59.52_veh-35_00765_01072,traversing_pickup_dropoff,95,1623082458800407,0.04996,664171.5701481339,3997402.602628543,-1.9274744497891714,664171.0600204632,3997401.233581152,4.1435973862130036,-0.07524506321771983,79,15,9,9,0,16,4,4,0,46,23,23,0
12ce910d76e65082,2021.06.07.11.59.52_veh-35_00765_01072,traversing_pickup_dropoff,96,1623082458850364,0.049957,664171.4978003455,3997402.4078774643,-1.9214539248617384,664170.9959242542,3997401.035783667,4.146736620490594,-0.0763927897505777,79,15,9,9,0,16,4,4,0,46,23,23,0
12ce910d76e65082,2021.06.07.11.59.52_veh-35_00765_01072,traversing_pickup_dropoff,97,1623082458900318,0.049954,664171.4266270474,3997402.2130602156,-1.9158873235131602,664170.9323965915,3997400.838193947,4.1481031550439855,-0.08351586861498714,79,15,9,9,0,16,4,4,0,46,23,23,0
12ce910d76e65082,2021.06.07.11.59.52_veh-35_00765_01072,traversing_pickup_dropoff,98,1623082458950266,0.049948,664171.3566165962,3997402.0195366745,-1.910187181164903,664170.8702310605,3997400.641875573,4.145975653627433,-0.09183945821005152,79,15,9,9,0,16,4,4,0,46,23,23,0
12ce910d76e65082,2021.06.07.11.59.52_veh-35_00765_01072,traversing_pickup_dropoff,99,1623082459000210,0.049944,664171.2868773834,3997401.8232223336,-1.9045544280389595,664170.8082595475,3997400.442843412,4.1484972117422965,-0.0851602150789239,78,15,9,9,0,16,3,3,0,45,23,23,0
12ce910d76e65082,2021.06.07.11.59.52_veh-35_00765_01072,traversing_pickup_dropoff,100,1623082459050155,0.049945,664171.2207675955,3997401.632065301,-1.898708591959771,664170.7502273606,3997400.24891206,4.148588840569106,-0.07234827214268949,78,15,9,9,0,16,3,3,0,45,23,23,0
f94b8f85441350ae,2021.06.08.12.54.54_veh-26_02994_03970,on_traffic_light_intersection,0,1623174531623835,,664759.8322980903,3999423.5491690487,1.1149965548622949,664760.4754019135,3999424.861014494,0.10190363085026276,-0.0013144579301729968,174,58,30,30,0,5,0,0,0,110,36,30,6
f94b8f85441350ae,2021.06.08.12.54.54_veh-26_02994_03970,on_traffic_light_intersection,1,1623174531673774,0.049939,664759.8350092365,3999423.5544295036,1.114961318051162,664760.4781592846,3999424.8662522873,0.1348339990783204,-0.00360530667520251,174,58,30,30,0,5,0,0,0,110,36,30,6
f94b8f85441350ae,2021.06.08.12.54.54_veh-26_02994_03970,on_traffic_light_intersection,2,1623174531723715,0.049941,664759.8390384947,3999423.5620769933,1.1149295958501244,664760.4822301564,3999424.873879374,0.18337852510905728,-0.006539138584982056,173,57,29,29,0,6,0,0,0,109,36,30,6
f94b8f85441350ae,2021.06.08.12.54.54_veh-26_02994_03970,on_traffic_light_intersection,3,1623174531773656,0.049941,664759.8439924737,3999423.57138669,1.1149407196479528,664760.487169543,3999424.8831962254,0.2317371534128858,-0.009218824101524529,173,57,29,29,0,6,0,0,0,109,36,30,6
f94b8f85441350ae,2021.06.08.12.54.54_veh-26_02994_03970,on_traffic_light_intersection,4,1623174531823598,0.049942,664759.8503988206,3999423.583737611,1.1150526730571586,664760.4934290244,3999424.895619144,0.2835583993768233,-0.00856929525902273,175,57,29,29,0,6,0,0,0,111,36,30,6
f94b8f85441350ae,2021.06.08.12.54.54_veh-26_02994_03970,on_traffic_light_intersection,5,1623174531873538,0.04994,664759.8576711551,3999423.5978464196,1.1150974629218233,664760.5006425993,3999424.9097567527,0.3327372029160244,-0.006078730121626336,176,57,29,29,0,6,0,0,0,111,36,30,6
f94b8f85441350ae,2021.06.08.12.54.54_veh-26_02994_03970,on_traffic_light_intersection,6,1623174531923479,0.049941,664759.8662687325,3999423.615052032,1.1152284897914362,664760.5090682756,3999424.9270466003,0.38375728685671556,-0.004656633957676515,176,57,29,29,0,6,0,0,0,111,36,30,6
f94b8f85441350ae,2021.06.08.12.54.54_veh-26_02994_03970,on_traffic_light_intersection,7,1623174531973419,0.04994,664759.8758898611,3999423.633956918,1.1154700803871225,664760.51837242,3999424.9461067426,0.4327335219673676,-0.0047891390582742895,175,57,29,29,0,6,0,0,0,110,35,30,5
f94b8f85441350ae,2021.06.08.12.54.54_veh-26_02994_03970,on_traffic_light_intersection,8,1623174532023363,0.049944,664759.886929478,3999423.655798068,1.1154515177594606,664760.5294363936,3999424.967935966,0.4848417222298025,-0.005911564200607533,175,57,29,29,0,6,0,0,0,110,35,30,5
f94b8f85441350ae,2021.06.08.12.54.54_veh-26_02994_03970,on_traffic_light_intersection,9,1623174532073313,0.04995,664759.8994830981,3999423.6808822146,1.115457319239632,664760.5419824014,3999424.9930238402,0.5415220749354346,0.0003614610093449292,175,57,29,29,0,6,0,0,0,110,35,30,5
f94b8f85441350ae,2021.06.08.12.54.54_veh-26_02994_03970,on_traffic_light_intersection,10,1623174532123264,0.049951,664759.9138537527,3999423.709697369,1.1153552719595143,664760.556486953,3999425.021773422,0.6024540871547742,0.0016248816234199995,175,57,29,29,0,6,0,0,0,110,35,30,5
f94b8f85441350ae,2021.06.08.12.54.54_veh-26_02994_03970,on_traffic_light_intersection,11,1623174532173217,0.049953,664759.9294829414,3999423.739787857,1.1151422805683486,664760.5723955882,3999425.0517270053,0.6627951284125146,-0.0068421134199388636,175,57,29,29,0,6,0,0,0,110,35,30,5
f94b8f85441350ae,2021.06.08.12.54.54_veh-26_02994_03970,on_traffic_light_intersection,12,1623174532223165,0.049948,664759.9475941531,3999423.774952455,1.114997943652373,664760.5906961544,3999425.0867987936,0.7263816617431047,-0.017049764161464465,176,57,29,29,0,6,0,0,0,111,35,30,5
f94b8f85441350ae,2021.06.08.12.54.54_veh-26_02994_03970,on_traffic_light_intersection,13,1623174532273109,0.049944,664759.967736587,3999423.8119285,1.114586013408357,664760.611378923,3999425.123509814,0.792277507782684,-0.022900483322496036,176,57,29,29,0,6,0,0,0,111,35,30,5
f94b8f85441350ae,2021.06.08.12.54.54_veh-26_02994_03970,on_traffic_light_intersection,14,1623174532323045,0.049936,664759.9878810098,3999423.8523815237,1.114484512393821,664760.6316564693,3999425.163897501,0.8586443277785825,-0.02113428748845176,175,57,29,29,0,6,0,0,0,110,35,30,5
f94b8f85441350ae,2021.06.08.12.54.54_veh-26_02994_03970,on_traffic_light_intersection,15,1623174532372976,0.049931,664760.0094495132,3999423.896641129,1.1145141530842038,664760.6531860981,3999425.2081761877,0.918470349200995,-0.021025937628270416,175,57,29,29,0,6,0,0,0,110,34,30,4
f94b8f85441350ae,2021.06.08.12.54.54_veh-26_02994_03970,on_traffic_light_intersection,16,1623174532422902,0.049926,664760.0322414635,3999423.943240336,1.1149968489835347,664760.6753449009,3999425.2550859707,0.9891371913109339,-0.025066011703204664,175,57,29,29,0,6,0,0,0,110,34,30,4
f94b8f85441350ae,2021.06.08.12.54.54_veh-26_02994_03970,on_traffic_light_intersection,17,1623174532472828,0.049926,664760.0565861939,3999423.9930713247,1.1153999305757591,664760.6991607981,3999425.3051760755,1.0577533204161331,-0.0305880965186187,174,57,29,29,0,6,0,0,0,109,34,30,4
f94b8f85441350ae,2021.06.08.12.54.54_veh-26_02994_03970,on_traffic_light_intersection,18,1623174532522755,0.049927,664760.0829685965,3999424.0465252157,1.115822675328956,664760.724988458,3999425.3589014946,1.128645874009615,-0.027785213528258423,175,57,29,29,0,6,0,0,0,110,34,30,4
f94b8f85441350ae,2021.06.08.12.54.54_veh-26_02994_03970,on_traffic_light_intersection,19,1623174532572683,0.049928,664760.1104975691,3999424.102553543,1.1162054578040643,664760.752015029,3999425.41517548,1.1941718562595094,-0.015095102600452633,176,58,30,30,0,6,0,0,0,110,34,30,4
f94b8f85441350ae,2021.06.08.12.54.54_veh-26_02994_03970,on_traffic_light_intersection,20,1623174532622612,0.049929,664760.1389589781,3999424.1598712523,1.1162407376268242,664760.7804301284,3999425.472515821,1.2609766421353126,-0.0057298011528740984,176,58,30,30,0,6,0,0,0,110,35,30,5
f94b8f85441350ae,2021.06.08.12.54.54_veh-26_02994_03970,on_traffic_light_intersection,21,1623174532672534,0.049922,664760.1702259422,3999424.2237278325,1.1163350006945916,664760.8115733558,3999425.5364328623,1.3177366887427056,-0.00921560796904441,177,58,30,30,0,6,0,0,0,111,36,30,6
f94b8f85441350ae,2021.06.08.12.54.54_veh-26_02994_03970,on_traffic_light_intersection,22,1623174532722451,0.049917,664760.2014064835,3999424.2877198015,1.1163501500885098,664760.8427340104,3999425.6004345473,1.3716526120731012,-0.026768132191685334,175,57,30,30,0,6,0,0,0,110,36,30,6
f94b8f85441350ae,2021.06.08.12.54.54_veh-26_02994_03970,on_traffic_light_intersection,23,1623174532772364,0.049913,664760.2345175266,3999424.357317863,1.115945524469793,664760.8763761589,3999425.6697730036,1.4263495345898067,-0.0527840112159107,175,57,30,30,0,6,0,0,0,110,36,30,6
f94b8f85441350ae,2021.06.08.12.54.54_veh-26_02994_03970,on_traffic_light_intersection,24,1623174532822273,0.049909,664760.2674633579,3999424.4252827,1.1160335041279479,664760.9092065184,3999425.737794306,1.483223010574039,-0.07582428090677304,176,57,30,30,0,6,0,0,0,111,36,30,6
f94b8f85441350ae,2021.06.08.12.54.54_veh-26_02994_03970,on_traffic_light_intersection,25,1623174532872186,0.049913,664760.3029895753,3999424.501081619,1.1160551148594258,664760.9447043714,3999425.8136070934,1.553408958299892,-0.08260868207032801,176,57,30,30,0,5,0,0,0,112,36,30,6
f94b8f85441350ae,2021.06.08.12.54.54_veh-26_02994_03970,on_traffic_light_intersection,26,1623174532922105,0.049919,664760.3391634792,3999424.5768785346,1.116605736551528,664760.980155473,3999425.889757152,1.6214365423628012,-0.08184649106803443,176,57,30,30,0,5,0,0,0,112,36,30,6
f94b8f85441350ae,2021.06.08.12.54.54_veh-26_02994_03970,on_traffic_light_intersection,27,1623174532972033,0.049928,664760.3757552626,3999424.6571836905,1.1178443391007666,664761.0151206303,3999425.9708552347,1.6603162649293641,-0.07012129503794051,176,57,30,30,0,5,0,0,0,112,36,30,6
f94b8f85441350ae,2021.06.08.12.54.54_veh-26_02994_03970,on_traffic_light_intersection,28,1623174533021972,0.049939,664760.4134205134,3999424.736676926,1.1178785456150633,664761.0527409447,3999426.05037034,1.661709373047668,-0.04475236471706488,175,57,30,30,0,5,0,0,0,111,36,30,6
f94b8f85441350ae,2021.06.08.12.54.54_veh-26_02994_03970,on_traffic_light_intersection,29,1623174533071913,0.049941,664760.4513483689,3999424.8175188866,1.1180199950448573,664761.0904829726,3999426.131302719,1.6824086946272498,-0.028529585181507965,175,57,30,30,0,5,0,0,0,111,36,30,6
f94b8f85441350ae,2021.06.08.12.54.54_veh-26_02994_03970,on_traffic_light_intersection,30,1623174533121852,0.049939,664760.4908516887,3999424.899723321,1.1177598420469097,664761.1303280555,3999426.2133408366,1.7142650740888887,0.0009652610937793366,174,56,30,30,0,5,0,0,0,111,36,30,6
f94b8f85441350ae,2021.06.08.12.54.54_veh-26_02994_03970,on_traffic_light_intersection,31,1623174533171786,0.049934,664760.5313277087,3999424.9849675517,1.116434614594655,664761.1725443555,3999426.297736462,1.7382552486607297,0.025077733775926238,174,56,30,30,0,5,0,0,0,111,36,30,6
f94b8f85441350ae,2021.06.08.12.54.54_veh-26_02994_03970,on_traffic_light_intersection,32,1623174533221715,0.049929,664760.5705034402,3999425.0664112205,1.1161156077418761,664761.2121388366,3999426.3789755115,1.7631155375349716,0.017990617903972383,172,56,30,30,0,5,0,0,0,110,35,30,5
f94b8f85441350ae,2021.06.08.12.54.54_veh-26_02994_03970,on_traffic_light_intersection,33,1623174533271638,0.049923,664760.6139832482,3999425.154062868,1.1158878910498335,664761.2559175208,3999426.466481014,1.79834045509632,0.004315389273844731,173,56,30,30,0,5,0,0,0,111,36,30,6
f94b8f85441350ae,2021.06.08.12.54.54_veh-26_02994_03970,on_traffic_light_intersection,34,1623174533321561,0.049923,664760.6561933915,3999425.2381814024,1.1169875919695271,664761.2966840088,3999426.5513046905,1.8242845622003816,0.0007396681702102104,173,58,30,30,0,4,0,0,0,110,36,30,6
f94b8f85441350ae,2021.06.08.12.54.54_veh-26_02994_03970,on_traffic_light_intersection,35,1623174533371485,0.049924,664760.7024137357,3999425.329016376,1.1184747271694355,664761.3409508535,3999426.6430907072,1.85510009724017,-0.002324895789523319,173,58,30,30,0,4,0,0,0,110,36,30,6
f94b8f85441350ae,2021.06.08.12.54.54_veh-26_02994_03970,on_traffic_light_intersection,36,1623174533421413,0.049928,664760.74419742,3999425.413915722,1.1198884876771404,664761.3808761139,3999426.728891479,1.8730233429320127,-0.011257245457518005,175,58,30,30,0,4,0,0,0,112,37,30,7
f94b8f85441350ae,2021.06.08.12.54.54_veh-26_02994_03970,on_traffic_light_intersection,37,1623174533471343,0.04993,664760.79063398,3999425.5049793585,1.1221080351880806,664761.4243924569,3999426.8213650137,1.8993402651170979,-0.030183993918356904,175,58,30,30,0,4,0,0,0,112,37,30,7
f94b8f85441350ae,2021.06.08.12.54.54_veh-26_02994_03970,on_traffic_light_intersection,38,1623174533521274,0.049931,664760.833635805,3999425.59196915,1.1229884119475546,664761.4662351211,3999426.908912241,1.9242527176807878,-0.04816077410215429,175,57,30,30,0,4,0,0,0,113,37,30,7
f94b8f85441350ae,2021.06.08.12.54.54_veh-26_02994_03970,on_traffic_light_intersection,39,1623174533571203,0.049929,664760.8796121224,3999425.6860845294,1.1231292247194522,664761.5120259899,3999427.0031166854,1.955361226866194,-0.062101953846011665,175,57,30,30,0,4,0,0,0,113,38,30,8
f94b8f85441350ae,2021.06.08.12.54.54_veh-26_02994_03970,on_traffic_light_intersection,40,1623174533621130,0.049927,664760.9233154227,3999425.7756558177,1.1232060610877024,664761.5556280924,3999427.0927365622,1.9686374619875797,-0.0778985654384014,174,56,30,30,0,4,0,0,0,113,38,30,8
f94b8f85441350ae,2021.06.08.12.54.54_veh-26_02994_03970,on_traffic_light_intersection,41,1623174533671060,0.04993,664760.9683469328,3999425.8682084107,1.1230113748518222,664761.6009160079,3999427.185166028,1.984354248874012,-0.08338144373841339,174,56,29,29,0,4,0,0,0,113,38,30,8
f94b8f85441350ae,2021.06.08.12.54.54_veh-26_02994_03970,on_traffic_light_intersection,42,1623174533720991,0.049931,664761.0116658877,3999425.9580409066,1.1233829684523884,664761.6437455461,3999427.2752334913,1.9973962288018294,-0.07808308647910539,174,56,29,29,0,4,0,0,0,113,38,30,8
f94b8f85441350ae,2021.06.08.12.54.54_veh-26_02994_03970,on_traffic_light_intersection,43,1623174533770927,0.049936,664761.0491441023,3999426.036739767,1.1238390547674306,664761.6806229415,3999427.354220498,2.0170499106226183,-0.0668510291336224,174,56,29,29,0,4,0,0,0,113,38,30,8
f94b8f85441350ae,2021.06.08.12.54.54_veh-26_02994_03970,on_traffic_light_intersection,44,1623174533820867,0.04994,664761.100409453,3999426.1454233034,1.1244591857988018,664761.7310711602,3999427.46329538,2.0369903496864388,-0.04520118341711069,175,57,30,30,0,4,0,0,0,113,38,30,8
f94b8f85441350ae,2021.06.08.12.54.54_veh-26_02994_03970,on_traffic_light_intersection,45,1623174533870811,0.049944,664761.1440719735,3999426.241367569,1.1253498943175062,664761.7735595908,3999427.559800859,2.0541706359508,-0.029195998631158168,175,57,30,30,0,4,0,0,0,113,38,30,8
f94b8f85441350ae,2021.06.08.12.54.54_veh-26_02994_03970,on_traffic_light_intersection,46,1623174533920755,0.049944,664761.1867626574,3999426.3354160376,1.1262354308468352,664761.8150825071,3999427.654406245,2.071292069476248,-0.01926189181956735,178,58,30,30,0,4,0,0,0,115,39,30,9
f94b8f85441350ae,2021.06.08.12.54.54_veh-26_02994_03970,on_traffic_light_intersection,47,1623174533970699,0.049944,664761.2294519579,3999426.4327768874,1.1269989068085624,664761.8567646072,3999427.752246417,2.093782864855227,-0.0130663805278484,178,58,30,30,0,4,0,0,0,115,39,30,9
f94b8f85441350ae,2021.06.08.12.54.54_veh-26_02994_03970,on_traffic_light_intersection,48,1623174534020645,0.049946,664761.2723042341,3999426.5266664242,1.1271896286336907,664761.8993652205,3999427.846255572,2.1078743996647646,-0.01683363416040941,179,58,30,30,0,5,0,0,0,115,39,30,9
f94b8f85441350ae,2021.06.08.12.54.54_veh-26_02994_03970,on_traffic_light_intersection,49,1623174534070590,0.049945,664761.3166737886,3999426.6266587903,1.1271873128987508,664761.9437378307,3999427.946246486,2.1255707737049834,-0.020502770943623645,180,58,30,30,0,5,0,0,0,116,40,30,10
f94b8f85441350ae,2021.06.08.12.54.54_veh-26_02994_03970,on_traffic_light_intersection,50,1623174534120536,0.049946,664761.361284461,3999426.723410522,1.1273833330132657,664761.9880898254,3999428.0431211097,2.135033157032652,-0.015026413013387687,180,58,30,30,0,5,0,0,0,116,40,30,10
f94b8f85441350ae,2021.06.08.12.54.54_veh-26_02994_03970,on_traffic_light_intersection,51,1623174534170485,0.049949,664761.4059015767,3999426.8228027425,1.1274347413964245,664762.0326390961,3999428.1425455515,2.1553940778616445,-0.009967818663000097,180,57,29,29,0,5,0,0,0,117,41,30,11
f94b8f85441350ae,2021.06.08.12.54.54_veh-26_02994_03970,on_traffic_light_intersection,52,1623174534220435,0.04995,664761.4417991231,3999426.90146904,1.127782652133722,664762.0680774519,3999428.221429818,2.1759450205796105,-0.009781754232666173,181,58,29,29,0,5,0,0,0,117,41,30,11
f94b8f85441350ae,2021.06.08.12.54.54_veh-26_02994_03970,on_traffic_light_intersection,53,1623174534270388,0.049953,664761.4966373189,3999427.0234298883,1.128362795044859,664762.1221497764,3999428.3437537747,2.2154059742362744,-0.006418889479875225,182,58,28,28,0,5,0,0,0,118,41,30,11
f94b8f85441350ae,2021.06.08.12.54.54_veh-26_02994_03970,on_traffic_light_intersection,54,1623174534320337,0.049949,664761.5331466435,3999427.104424728,1.1284631302963992,664762.1585266229,3999428.424811369,2.2220576175468,-0.02589265669213476,182,58,28,28,0,5,0,0,0,118,41,30,11
f94b8f85441350ae,2021.06.08.12.54.54_veh-26_02994_03970,on_traffic_light_intersection,55,1623174534370274,0.049937,664761.5798088099,3999427.204863172,1.1288417367337142,664762.2046888376,3999428.525486491,2.216842559199552,-0.06639558408013037,183,58,28,28,0,5,0,0,0,119,41,30,11
f94b8f85441350ae,2021.06.08.12.54.54_veh-26_02994_03970,on_traffic_light_intersection,56,1623174534420205,0.049931,664761.6259268582,3999427.306248137,1.1287837028241292,664762.2508835257,3999428.6268351893,2.2291659426225707,-0.07755942063447696,184,59,28,28,0,5,0,0,0,119,42,30,12
f94b8f85441350ae,2021.06.08.12.54.54_veh-26_02994_03970,on_traffic_light_intersection,57,1623174534470132,0.049927,664761.671669101,3999427.4091013516,1.1286251553151758,664762.2968351365,3999428.7295893026,2.248962449153539,-0.08175563018078123,183,59,28,28,0,5,0,0,0,119,42,30,12
f94b8f85441350ae,2021.06.08.12.54.54_veh-26_02994_03970,on_traffic_light_intersection,58,1623174534520064,0.049932,664761.717925662,3999427.5115610887,1.129579711451631,664762.3418309329,3999428.8326451937,2.274038668549079,-0.08528029934745873,184,59,28,28,0,5,0,0,0,120,42,30,12
f94b8f85441350ae,2021.06.08.12.54.54_veh-26_02994_03970,on_traffic_light_intersection,59,1623174534570003,0.049939,664761.7649732224,3999427.6151429703,1.1305662037755164,664762.3875749507,3999428.9368419102,2.2808622254118784,-0.07554253815816883,183,58,28,28,0,5,0,0,0,120,41,30,11
f94b8f85441350ae,2021.06.08.12.54.54_veh-26_02994_03970,on_traffic_light_intersection,60,1623174534619950,0.049947,664761.8095952945,3999427.7182715503,1.1318013869384145,664762.4305640081,3999429.040738509,2.2706149629566257,-0.04312862378698645,183,58,28,28,0,5,0,0,0,120,40,30,10
f94b8f85441350ae,2021.06.08.12.54.54_veh-26_02994_03970,on_traffic_light_intersection,61,1623174534669895,0.049945,664761.8525832547,3999427.8189417617,1.1320666635104708,664762.4732011268,3999429.1415734026,2.2818138442958698,-0.02402762715093401,183,58,28,28,0,5,0,0,0,120,40,30,10
f94b8f85441350ae,2021.06.08.12.54.54_veh-26_02994_03970,on_traffic_light_intersection,62,1623174534719840,0.049945,664761.8985726996,3999427.924118202,1.1318616158395,664762.5194617612,3999429.2466225587,2.3031464790540928,0.013815999061470463,182,58,28,28,0,5,0,0,0,119,40,30,10
f94b8f85441350ae,2021.06.08.12.54.54_veh-26_02994_03970,on_traffic_light_intersection,63,1623174534769780,0.04994,664761.9453315682,3999428.0289844587,1.1307989249823758,664762.5676256923,3999429.3508282555,2.330944235982823,0.01725770282057851,182,58,28,28,0,5,0,0,0,119,40,30,10
f94b8f85441350ae,2021.06.08.12.54.54_veh-26_02994_03970,on_traffic_light_intersection,64,1623174534819717,0.049937,664761.9918854252,3999428.1364059807,1.1287571379960066,664762.6168771737,3999429.456976431,2.3656479712046474,0.006866243821025101,181,57,28,28,0,5,0,0,0,119,40,30,10
f94b8f85441350ae,2021.06.08.12.54.54_veh-26_02994_03970,on_traffic_light_intersection,65,1623174534869644,0.049927,664762.0414300283,3999428.2452972503,1.1279143642331046,664762.6675344969,3999429.565340505,2.3908142173355875,-0.013866924037113867,182,58,28,28,0,5,0,0,0,119,40,30,10
f94b8f85441350ae,2021.06.08.12.54.54_veh-26_02994_03970,on_traffic_light_intersection,66,1623174534919571,0.049927,664762.0915520714,3999428.3525770716,1.1280223310359132,664762.7175140155,3999429.672687917,2.419993498156563,-0.012975731353274182,183,58,28,28,0,5,0,0,0,120,40,30,10
f94b8f85441350ae,2021.06.08.12.54.54_veh-26_02994_03970,on_traffic_light_intersection,67,1623174534969498,0.049927,664762.1424186873,3999428.462954698,1.1281758475603854,664762.7681779652,3999429.783161624,2.45873051203697,0.0004463927741824937,183,58,28,28,0,5,0,0,0,120,39,30,9
f94b8f85441350ae,2021.06.08.12.54.54_veh-26_02994_03970,on_traffic_light_intersection,68,1623174535019428,0.04993,664762.1932762953,3999428.5734880483,1.1287908862608327,664762.8182234765,3999429.89407959,2.4911037612742013,0.008104360089368911,182,57,28,28,0,5,0,0,0,120,39,30,9
f94b8f85441350ae,2021.06.08.12.54.54_veh-26_02994_03970,on_traffic_light_intersection,69,1623174535069358,0.04993,664762.2450803594,3999428.6882770695,1.1296986873424284,664762.8688284488,3999430.009435395,2.5237147537200664,-0.0016518330010099986,183,58,28,28,0,5,0,0,0,120,39,30,9
f94b8f85441350ae,2021.06.08.12.54.54_veh-26_02994_03970,on_traffic_light_intersection,70,1623174535119286,0.049928,664762.2974528363,3999428.80121803,1.129575164002136,664762.9213641149,3999430.122299298,2.5539474603475605,-0.02460560650848413,183,58,28,28,0,5,0,0,0,120,39,30,9
f94b8f85441350ae,2021.06.08.12.54.54_veh-26_02994_03970,on_traffic_light_intersection,71,1623174535169211,0.049925,664762.3521947989,3999428.918486517,1.1287887850869658,664762.9771447548,3999430.2390767457,2.590195148661998,-0.04295888982517253,184,58,28,28,0,5,0,0,0,121,40,30,10
f94b8f85441350ae,2021.06.08.12.54.54_veh-26_02994_03970,on_traffic_light_intersection,72,1623174535219132,0.049921,664762.407712787,3999429.0364226527,1.1280613776919224,664763.0336231847,3999430.3565579387,2.6349986181983813,-0.05546504133101953,184,58,29,29,0,5,0,0,0,121,40,30,10
f94b8f85441350ae,2021.06.08.12.54.54_veh-26_02994_03970,on_traffic_light_intersection,73,1623174535269052,0.04992,664762.4627725522,3999429.1538051036,1.1270406357982878,664763.090030141,3999430.4733008095,2.679779681798999,-0.059029476500918415,185,59,29,29,0,5,0,0,0,121,40,30,10
f94b8f85441350ae,2021.06.08.12.54.54_veh-26_02994_03970,on_traffic_light_intersection,74,1623174535318973,0.049921,664762.5193208534,3999429.2745840675,1.126785329548559,664763.1469152973,3999430.5939195873,2.723492013974895,-0.059939142763710505,184,58,29,29,0,5,0,0,0,121,40,30,10
f94b8f85441350ae,2021.06.08.12.54.54_veh-26_02994_03970,on_traffic_light_intersection,75,1623174535368897,0.049924,664762.5772198042,3999429.398547354,1.126487411878212,664763.2052072735,3999430.717695844,2.7772977007666877,-0.04786696140341851,184,58,29,29,0,5,2,2,0,121,40,30,10
f94b8f85441350ae,2021.06.08.12.54.54_veh-26_02994_03970,on_traffic_light_intersection,76,1623174535418825,0.049928,664762.6363622171,3999429.525065938,1.1260056871433104,664763.26498508,3999430.8439117577,2.8345622789372764,-0.04478647695716907,184,58,29,29,0,5,2,2,0,121,40,30,10
f94b8f85441350ae,2021.06.08.12.54.54_veh-26_02994_03970,on_traffic_light_intersection,77,1623174535468750,0.049925,664762.6975898634,3999429.656432911,1.125800916393554,664763.3264827742,3999430.9751499793,2.89224307269986,-0.05100461002078704,184,58,29,29,0,5,2,2,0,121,39,30,9
f94b8f85441350ae,2021.06.08.12.54.54_veh-26_02994_03970,on_traffic_light_intersection,78,1623174535518670,0.04992,664762.759277017,3999429.788068385,1.1249871939972096,664763.389242789,3999431.1062732725,2.950976567514526,-0.04818063675591224,184,58,29,29,0,5,2,2,0,121,39,30,9
f94b8f85441350ae,2021.06.08.12.54.54_veh-26_02994_03970,on_traffic_light_intersection,79,1623174535568583,0.049913,664762.8219737045,3999429.9244724787,1.1239202713140077,664763.4533455404,3999431.2420044914,3.021056973770785,-0.04650269872911068,183,58,29,29,0,5,2,2,0,119,39,30,9
f94b8f85441350ae,2021.06.08.12.54.54_veh-26_02994_03970,on_traffic_light_intersection,80,1623174535618486,0.049903,664762.8858331722,3999430.062415481,1.1230691178226146,664763.5183262012,3999431.3794096224,3.0660243519505834,-0.060368852543453005,184,59,29,29,0,5,2,2,0,119,40,30,10
f94b8f85441350ae,2021.06.08.12.54.54_veh-26_02994_03970,on_traffic_light_intersection,81,1623174535668383,0.049897,664762.9534330188,3999430.2056169156,1.1223384208244136,664763.5868882026,3999431.5221485444,3.124608945880202,-0.0684868781440967,183,59,28,28,0,5,2,2,0,118,39,30,9
f94b8f85441350ae,2021.06.08.12.54.54_veh-26_02994_03970,on_traffic_light_intersection,82,1623174535718278,0.049895,664763.0227080674,3999430.348069046,1.1220034571054287,664763.656604206,3999431.664388417,3.1756210811903873,-0.06239770168190512,183,59,28,28,0,5,2,2,0,118,38,30,8
f94b8f85441350ae,2021.06.08.12.54.54_veh-26_02994_03970,on_traffic_light_intersection,83,1623174535768170,0.049892,664763.0941606814,3999430.4942514594,1.121432840299529,664763.7288078306,3999431.810208904,3.2295732294046053,-0.053529517413839496,182,58,28,28,0,5,2,2,0,118,38,30,8
f94b8f85441350ae,2021.06.08.12.54.54_veh-26_02994_03970,on_traffic_light_intersection,84,1623174535818060,0.04989,664763.1654999687,3999430.6423620624,1.1210876218057606,664763.800601373,3999431.9581003366,3.2750081377204077,-0.04123740788801858,182,57,28,28,0,5,2,2,0,119,39,30,9
f94b8f85441350ae,2021.06.08.12.54.54_veh-26_02994_03970,on_traffic_light_intersection,85,1623174535867947,0.049887,664763.239398857,3999430.7930071414,1.1207301048541718,664763.8749706195,3999432.108518272,3.3135932332523175,-0.05416913299188887,182,56,28,28,0,5,2,2,0,120,39,30,9
f94b8f85441350ae,2021.06.08.12.54.54_veh-26_02994_03970,on_traffic_light_intersection,86,1623174535917830,0.049883,664763.3136117852,3999430.9452269687,1.1199752301651371,664763.9501764125,3999432.2602579477,3.335917941370128,-0.07607128019723787,182,56,28,28,0,5,2,2,0,120,39,30,9
f94b8f85441350ae,2021.06.08.12.54.54_veh-26_02994_03970,on_traffic_light_intersection,87,1623174535967709,0.049879,664763.3909809547,3999431.098346601,1.1193950789430118,664764.0283083917,3999432.4130080547,3.340745928795467,-0.09457987583458671,181,55,28,28,0,5,2,2,0,120,39,30,9
f94b8f85441350ae,2021.06.08.12.54.54_veh-26_02994_03970,on_traffic_light_intersection,88,1623174536017584,0.049875,664763.4668369013,3999431.2513342747,1.1186970487329304,664764.1050818563,3999432.5655505345,3.3459242682395205,-0.09397650948701611,180,55,28,28,0,5,2,2,0,119,41,30,11
f94b8f85441350ae,2021.06.08.12.54.54_veh-26_02994_03970,on_traffic_light_intersection,89,1623174536067458,0.049874,664763.5428626164,3999431.4048049143,1.118213587723262,664764.1817428691,3999432.7187124537,3.3546884829174766,-0.07903914710820234,179,55,28,28,0,5,2,2,0,118,41,30,11
f94b8f85441350ae,2021.06.08.12.54.54_veh-26_02994_03970,on_traffic_light_intersection,90,1623174536117332,0.049874,664763.6171041176,3999431.5570653663,1.1177898680228198,664764.2565410415,3999432.870702082,3.3541065496377374,-0.07150197268226366,181,55,28,28,0,5,2,2,0,120,42,30,12
f94b8f85441350ae,2021.06.08.12.54.54_veh-26_02994_03970,on_traffic_light_intersection,91,1623174536167204,0.049872,664763.6924138628,3999431.7112805517,1.1174861447719289,664764.3322497392,3999433.024722995,3.359571982879788,-0.07483969380119575,181,55,28,28,0,5,2,2,0,120,40,30,10
f94b8f85441350ae,2021.06.08.12.54.54_veh-26_02994_03970,on_traffic_light_intersection,92,1623174536217077,0.049873,664763.7674489834,3999431.8655521567,1.1168376781621885,664764.4081364487,3999433.1785794115,3.3615772089040568,-0.0843524505717386,183,55,27,27,0,5,2,2,0,122,40,30,10
f94b8f85441350ae,2021.06.08.12.54.54_veh-26_02994_03970,on_traffic_light_intersection,93,1623174536266951,0.049874,664763.8421822621,3999432.0192409935,1.115809543500387,664764.4842193575,3999433.3316088417,3.3665768083634195,-0.08414847947784361,183,56,27,27,0,5,2,2,0,121,40,30,10
f94b8f85441350ae,2021.06.08.12.54.54_veh-26_02994_03970,on_traffic_light_intersection,94,1623174536316826,0.049875,664763.9162073766,3999432.170260134,1.1152037819252136,664764.5590393362,3999433.48223882,3.3655912747649652,-0.08513296681469393,182,55,27,27,0,5,2,2,0,121,40,30,10
f94b8f85441350ae,2021.06.08.12.54.54_veh-26_02994_03970,on_traffic_light_intersection,95,1623174536366701,0.049875,664763.9908790326,3999432.3212866634,1.1146250898399117,664764.6344701161,3999433.632893128,3.3684538967860607,-0.08544458195587896,181,55,27,27,0,5,2,2,0,120,40,30,10
f94b8f85441350ae,2021.06.08.12.54.54_veh-26_02994_03970,on_traffic_light_intersection,96,1623174536416575,0.049874,664764.0673430198,3999432.475637523,1.114114959489573,664764.7116031097,3999433.786915501,3.3767214317066583,-0.0805928988089862,180,55,27,27,0,5,2,2,0,119,41,30,11
f94b8f85441350ae,2021.06.08.12.54.54_veh-26_02994_03970,on_traffic_light_intersection,97,1623174536466444,0.049869,664764.1415694752,3999432.625107317,1.1138335362474074,664764.7861985638,3999433.936203934,3.3698230407492544,-0.08919420491784023,178,54,27,27,0,5,2,2,0,118,41,30,11
f94b8f85441350ae,2021.06.08.12.54.54_veh-26_02994_03970,on_traffic_light_intersection,98,1623174536516305,0.049861,664764.2163547789,3999432.778898864,1.113547584602277,664764.8613587513,3999434.089811094,3.3772238685575466,-0.08992036312682897,177,54,27,27,0,5,2,2,0,117,40,30,10
f94b8f85441350ae,2021.06.08.12.54.54_veh-26_02994_03970,on_traffic_light_intersection,99,1623174536566159,0.049854,664764.292455486,3999432.9306461257,1.1129408172441329,664764.9382547585,3999434.241166747,3.3596562839730453,-0.08834906151389424,177,54,27,27,0,5,2,2,0,117,41,30,11
f94b8f85441350ae,2021.06.08.12.54.54_veh-26_02994_03970,on_traffic_light_intersection,100,1623174536616008,0.049849,664764.3677303491,3999433.0811101967,1.1125497877571082,664765.0140420244,3999434.3913781918,3.35592850757346,-0.09476949534525915,176,54,27,27,0,5,2,2,0,116,41,30,11
196e1a478cc956a9,2021.08.24.18.56.54_veh-45_00801_01587,on_traffic_light_intersection,0,1629832659849523,,587518.4393454135,4475712.768624684,2.801069940610201,587517.0622357139,4475713.256569225,0.9487005786439667,0.013014804263180016,44,22,9,9,0,1,1,1,0,10,7,7,0
196e1a478cc956a9,2021.08.24.18.56.54_veh-45_00801_01587,on_traffic_light_intersection,1,1629832659899562,0.050039,587518.4077821656,4475712.775962649,2.8011577040140723,587517.0306296477,4475713.263786329,0.8490293703947718,0.014595155577504267,44,22,9,9,0,1,1,1,0,10,7,7,0
196e1a478cc956a9,2021.08.24.18.56.54_veh-45_00801_01587,on_traffic_light_intersection,2,1629832659949597,0.050035,587518.3737177345,4475712.785788801,2.8010927654678004,587516.9965968981,4475713.27370191,0.7615452195266414,0.015054849164665854,45,22,9,9,0,2,2,2,0,10,7,7,0
196e1a478cc956a9,2021.08.24.18.56.54_veh-45_00801_01587,on_traffic_light_intersection,3,1629832659999632,0.050035,587518.3472305578,4475712.791319661,2.8010519982715434,587516.9701296134,4475713.27928891,0.6697563214036076,0.017794207507917915,46,22,9,9,0,2,2,2,0,11,7,7,0
196e1a478cc956a9,2021.08.24.18.56.54_veh-45_00801_01587,on_traffic_light_intersection,4,1629832660049667,0.050035,587518.3234678367,4475712.796030247,2.8009960545576256,587516.9463941932,4475713.284076536,0.5880858916343011,0.018134134647743817,45,22,9,9,0,2,2,2,0,10,7,7,0
196e1a478cc956a9,2021.08.24.18.56.54_veh-45_00801_01587,on_traffic_light_intersection,5,1629832660099699,0.050032,587518.3056284519,4475712.799021092,2.800909986429335,587516.9285968187,4475713.287185902,0.5065646608970689,0.018480139534093856,44,22,9,9,0,2,2,2,0,9,6,6,0
196e1a478cc956a9,2021.08.24.18.56.54_veh-45_00801_01587,on_traffic_light_intersection,6,1629832660149729,0.05003,587518.2895496541,4475712.80175913,2.8007847767844565,587516.9125791547,4475713.290096354,0.4351021530260257,0.018226884611937937,43,22,9,9,0,2,2,2,0,8,6,6,0
196e1a478cc956a9,2021.08.24.18.56.54_veh-45_00801_01587,on_traffic_light_intersection,7,1629832660199757,0.050028,587518.2782576925,4475712.802794546,2.8007915714680243,587516.901283875,4475713.291122413,0.3612302424563846,0.018049166267319682,43,22,9,9,0,2,2,2,0,8,6,6,0
196e1a478cc956a9,2021.08.24.18.56.54_veh-45_00801_01587,on_traffic_light_intersection,8,1629832660249783,0.050026,587518.2686780797,4475712.803325372,2.8008616310143983,587516.8916700536,4475713.291556768,0.29466285556254684,0.016708031698041557,43,22,9,9,0,2,2,2,0,8,6,6,0
196e1a478cc956a9,2021.08.24.18.56.54_veh-45_00801_01587,on_traffic_light_intersection,9,1629832660299810,0.050027,587518.2654203206,4475712.799621109,2.800774520637947,587516.8884548297,4475713.287972455,0.23371489058723707,0.018066082781920206,44,22,9,9,0,2,2,2,0,9,7,7,0
196e1a478cc956a9,2021.08.24.18.56.54_veh-45_00801_01587,on_traffic_light_intersection,10,1629832660349834,0.050024,587518.2580717212,4475712.800203562,2.80079546534131,587516.8810960022,4475713.2885260675,0.18544473539939862,0.016608183631969524,44,22,9,9,0,2,2,2,0,9,7,7,0
196e1a478cc956a9,2021.08.24.18.56.54_veh-45_00801_01587,on_traffic_light_intersection,11,1629832660399858,0.050024,587518.2555243759,4475712.79726358,2.800912094672461,587516.8784917137,4475713.285425487,0.1462768515462235,0.017473462282128042,44,22,9,9,0,2,2,2,0,9,7,7,0
196e1a478cc956a9,2021.08.24.18.56.54_veh-45_00801_01587,on_traffic_light_intersection,12,1629832660449883,0.050025,587518.255369908,4475712.792907881,2.800875763548999,587516.878354982,4475713.281119816,0.10492502390773101,0.019204133476593693,44,22,9,9,0,2,2,2,0,9,8,8,0
196e1a478cc956a9,2021.08.24.18.56.54_veh-45_00801_01587,on_traffic_light_intersection,13,1629832660499909,0.050026,587518.2575432883,4475712.788265108,2.800796475388143,587516.8805670762,4475713.276586222,0.06633671185611975,0.01923580859983491,44,22,9,9,0,2,2,2,0,9,8,8,0
196e1a478cc956a9,2021.08.24.18.56.54_veh-45_00801_01587,on_traffic_light_intersection,14,1629832660549935,0.050026,587518.2596652105,4475712.784248968,2.800806138300297,587516.8826842798,4475713.272556777,0.049841570592168816,0.016397474304440947,44,22,9,9,0,2,2,2,0,9,8,8,0
196e1a478cc956a9,2021.08.24.18.56.54_veh-45_00801_01587,on_traffic_light_intersection,15,1629832660599964,0.050029,587518.2629198487,4475712.77960092,2.8007275266466305,587516.8859773088,4475713.268016974,0.04507426644879853,0.01404585645166784,44,22,9,9,0,2,2,2,0,9,8,8,0
196e1a478cc956a9,2021.08.24.18.56.54_veh-45_00801_01587,on_traffic_light_intersection,16,1629832660649995,0.050031,587518.2680115656,4475712.774704103,2.8006888330880315,587516.8910879254,4475713.263173436,0.044101976035797776,0.011537959478753954,44,22,9,9,0,2,2,2,0,9,8,8,0
196e1a478cc956a9,2021.08.24.18.56.54_veh-45_00801_01587,on_traffic_light_intersection,17,1629832660700028,0.050033,587518.2786165315,4475712.767275319,2.800654262359812,587516.9017097789,4475713.255792253,0.04029985047101287,0.01060550101257649,44,22,9,9,0,2,2,2,0,9,8,8,0
196e1a478cc956a9,2021.08.24.18.56.54_veh-45_00801_01587,on_traffic_light_intersection,18,1629832660750059,0.050031,587518.2818674688,4475712.764983814,2.80071493719234,587516.9049310781,4475713.253417203,0.043969097609191765,0.007984856533298335,44,22,9,9,0,2,2,2,0,9,8,8,0
196e1a478cc956a9,2021.08.24.18.56.54_veh-45_00801_01587,on_traffic_light_intersection,19,1629832660800090,0.050031,587518.2930753541,4475712.758236708,2.8008973878121854,587516.9160498712,4475713.246418866,0.03149894322144449,0.008368728877580221,44,22,9,9,0,2,2,2,0,9,8,8,0
196e1a478cc956a9,2021.08.24.18.56.54_veh-45_00801_01587,on_traffic_light_intersection,20,1629832660850118,0.050028,587518.2996146872,4475712.754147809,2.800888580527735,587516.922593504,4475713.242342095,0.015873687958143045,0.00810870904863271,44,22,9,9,0,2,2,2,0,9,8,8,0
196e1a478cc956a9,2021.08.24.18.56.54_veh-45_00801_01587,on_traffic_light_intersection,21,1629832660900146,0.050028,587518.3062659801,4475712.750245345,2.8008558428170662,587516.92926078,4475713.238484711,-0.004870262804751082,0.007137269878825974,44,22,9,9,0,2,2,2,0,9,8,8,0
196e1a478cc956a9,2021.08.24.18.56.54_veh-45_00801_01587,on_traffic_light_intersection,22,1629832660950174,0.050028,587518.3130635684,4475712.746446076,2.800768864296808,587516.9361008399,4475713.2348052105,-0.025766162865442647,0.004605939742466539,44,22,9,9,0,2,2,2,0,9,8,8,0
196e1a478cc956a9,2021.08.24.18.56.54_veh-45_00801_01587,on_traffic_light_intersection,23,1629832661000203,0.050029,587518.3195224707,4475712.743017225,2.800660127599921,587516.9426128528,4475713.231526082,-0.04435130262793355,0.0003897759855969463,44,22,9,9,0,2,2,2,0,8,7,7,0
196e1a478cc956a9,2021.08.24.18.56.54_veh-45_00801_01587,on_traffic_light_intersection,24,1629832661050232,0.050029,587518.3263109758,4475712.739674372,2.800687413135512,587516.9493880293,4475713.22814566,-0.05882371759730236,-0.003974254738938532,44,22,9,9,0,2,2,2,0,8,7,7,0
196e1a478cc956a9,2021.08.24.18.56.54_veh-45_00801_01587,on_traffic_light_intersection,25,1629832661100261,0.050029,587518.3249361501,4475712.738561196,2.8005864609816737,587516.9480625228,4475713.227171485,-0.037073591898930634,-0.0038571629544722043,43,22,9,9,0,2,2,2,0,7,6,6,0
196e1a478cc956a9,2021.08.24.18.56.54_veh-45_00801_01587,on_traffic_light_intersection,26,1629832661150284,0.050023,587518.325055139,4475712.737339909,2.8006003367339014,587516.9481747319,4475713.225931093,-0.020311164959244225,-0.0027481445791644366,42,22,9,9,0,2,2,2,0,6,5,5,0
196e1a478cc956a9,2021.08.24.18.56.54_veh-45_00801_01587,on_traffic_light_intersection,27,1629832661200302,0.050018,587518.3278777874,4475712.735648835,2.8006604968474096,587516.9509679892,4475713.224157184,-0.012963667084317974,-0.001921234150860743,41,22,10,10,0,2,2,2,0,5,5,5,0
196e1a478cc956a9,2021.08.24.18.56.54_veh-45_00801_01587,on_traffic_light_intersection,28,1629832661250311,0.050009,587518.3313627741,4475712.733899628,2.800712215411989,587516.9544277127,4475713.222336764,-0.008748175679401365,-0.001762401048018422,40,22,10,10,0,2,2,2,0,4,4,4,0
196e1a478cc956a9,2021.08.24.18.56.54_veh-45_00801_01587,on_traffic_light_intersection,29,1629832661300314,0.050003,587518.3349132793,4475712.73221613,2.800652677908925,587516.9580073006,4475713.220735245,-0.006305528909825323,-0.002762198717290406,40,22,10,10,0,2,2,2,0,4,4,4,0
196e1a478cc956a9,2021.08.24.18.56.54_veh-45_00801_01587,on_traffic_light_intersection,30,1629832661350310,0.049996,587518.3383566366,4475712.730657607,2.800527667640032,587516.9615117386,4475713.219348846,-0.006876121633556911,-0.004740741909148019,41,22,10,10,0,2,2,2,0,4,4,4,0
196e1a478cc956a9,2021.08.24.18.56.54_veh-45_00801_01587,on_traffic_light_intersection,31,1629832661400301,0.049991,587518.34163654,4475712.729261912,2.8004930411990854,587516.9648085645,4475713.218000826,-0.009226863362174762,-0.006553908616592324,41,22,10,10,0,2,2,2,0,4,4,4,0
196e1a478cc956a9,2021.08.24.18.56.54_veh-45_00801_01587,on_traffic_light_intersection,32,1629832661450289,0.049988,587518.3448531495,4475712.727947447,2.8004338509418396,587516.9680541051,4475713.216767855,-0.011878994085556243,-0.0075246970500507755,41,22,10,10,0,2,2,2,0,4,4,4,0
196e1a478cc956a9,2021.08.24.18.56.54_veh-45_00801_01587,on_traffic_light_intersection,33,1629832661500274,0.049985,587518.3479506068,4475712.726747653,2.80045535781238,587516.9711410496,4475713.2155384505,-0.01328754937374702,-0.007338957233864343,40,22,10,10,0,2,2,2,0,4,4,4,0
196e1a478cc956a9,2021.08.24.18.56.54_veh-45_00801_01587,on_traffic_light_intersection,34,1629832661550253,0.049979,587518.3509004345,4475712.725615352,2.800529841621317,587516.9740544742,4475713.214303598,-0.013035550931457413,-0.006033561327601113,40,22,10,10,0,2,2,2,0,4,4,4,0
196e1a478cc956a9,2021.08.24.18.56.54_veh-45_00801_01587,on_traffic_light_intersection,35,1629832661600228,0.049975,587518.3536090011,4475712.724519239,2.8005268273764723,587516.9767645139,4475713.213211635,-0.010694902589518133,-0.004586397103951171,40,22,10,10,0,2,2,2,0,4,4,4,0
196e1a478cc956a9,2021.08.24.18.56.54_veh-45_00801_01587,on_traffic_light_intersection,36,1629832661650199,0.049971,587518.3560142858,4475712.723534241,2.8005205837957172,587516.9791728497,4475713.212235234,-0.007026098690451819,-0.004131158097097064,40,22,10,10,0,2,2,2,0,4,4,4,0
196e1a478cc956a9,2021.08.24.18.56.54_veh-45_00801_01587,on_traffic_light_intersection,37,1629832661700167,0.049968,587518.3581700979,4475712.722637548,2.8005264576917637,587516.9813257913,4475713.211330453,-0.004425948533076683,-0.004142599301485197,40,22,10,10,0,2,2,2,0,4,4,4,0
196e1a478cc956a9,2021.08.24.18.56.54_veh-45_00801_01587,on_traffic_light_intersection,38,1629832661750133,0.049966,587518.3601668825,4475712.721823752,2.800446041295811,587516.9833618792,4475713.210627376,-0.003773785428011987,-0.004635174219137299,40,22,10,10,0,2,2,2,0,4,4,4,0
196e1a478cc956a9,2021.08.24.18.56.54_veh-45_00801_01587,on_traffic_light_intersection,39,1629832661800099,0.049966,587518.3620879538,4475712.721042258,2.8003896645528172,587516.9853105099,4475713.209923501,-0.004498863146243201,-0.005022646363109315,40,22,10,10,0,2,2,2,0,4,4,4,0
196e1a478cc956a9,2021.08.24.18.56.54_veh-45_00801_01587,on_traffic_light_intersection,40,1629832661850066,0.049967,587518.3640026631,4475712.720268255,2.80039926086317,587516.9872205277,4475713.209136286,-0.006103664500040098,-0.004683163948850572,40,22,10,10,0,2,2,2,0,4,4,4,0
196e1a478cc956a9,2021.08.24.18.56.54_veh-45_00801_01587,on_traffic_light_intersection,41,1629832661900037,0.049971,587518.3658583019,4475712.7195038255,2.8003931694107296,587516.9890791444,4475713.208380243,-0.006485701635697536,-0.003980208594051931,40,22,10,10,0,2,2,2,0,4,4,4,0
196e1a478cc956a9,2021.08.24.18.56.54_veh-45_00801_01587,on_traffic_light_intersection,42,1629832661950007,0.04997,587518.3676102213,4475712.718766743,2.8004200600347247,587516.9908179182,4475713.207606139,-0.006071399758447757,-0.00317954486908494,40,22,10,10,0,2,2,2,0,4,4,4,0
196e1a478cc956a9,2021.08.24.18.56.54_veh-45_00801_01587,on_traffic_light_intersection,43,1629832661999976,0.049969,587518.3692016549,4475712.718067685,2.800393995897001,587516.9924220935,4475713.206942965,-0.005657203125307466,-0.0027799216057851307,40,22,10,10,0,2,2,2,0,4,4,4,0
196e1a478cc956a9,2021.08.24.18.56.54_veh-45_00801_01587,on_traffic_light_intersection,44,1629832662049945,0.049969,587518.370689495,4475712.717412779,2.80041286595317,587516.9939007087,4475713.206262079,-0.004869926088885582,-0.0028542333476456955,40,22,10,10,0,2,2,2,0,4,4,4,0
196e1a478cc956a9,2021.08.24.18.56.54_veh-45_00801_01587,on_traffic_light_intersection,45,1629832662099914,0.049969,587518.3720884433,4475712.716808391,2.800352707354866,587516.9953290679,4475713.205740515,-0.00429627321460037,-0.003261050523235987,40,22,10,10,0,2,2,2,0,4,4,4,0
196e1a478cc956a9,2021.08.24.18.56.54_veh-45_00801_01587,on_traffic_light_intersection,46,1629832662149882,0.049968,587518.3734387174,4475712.716235287,2.800309436991558,587516.9967004997,4475713.205226984,-0.0038985289077881663,-0.0033971085086393635,41,22,10,10,0,2,2,2,0,4,4,4,0
196e1a478cc956a9,2021.08.24.18.56.54_veh-45_00801_01587,on_traffic_light_intersection,47,1629832662199852,0.04997,587518.3747132423,4475712.71569936,2.8003048881536863,587516.9979772489,4475713.204697319,-0.003083703487755081,-0.0034156179227816763,42,22,10,10,0,2,2,2,0,5,5,5,0
196e1a478cc956a9,2021.08.24.18.56.54_veh-45_00801_01587,on_traffic_light_intersection,48,1629832662249823,0.049971,587518.3759125227,4475712.715183637,2.800353935687782,587516.9991525467,4475713.204114071,-0.002380841712496729,-0.002908323652004647,41,22,10,10,0,2,2,2,0,4,4,4,0
196e1a478cc956a9,2021.08.24.18.56.54_veh-45_00801_01587,on_traffic_light_intersection,49,1629832662299792,0.049969,587518.3770488279,4475712.71466304,2.8003542872800327,587517.0002886802,4475713.20359299,-0.0025690988791115805,-0.0019733850279552646,41,22,10,10,0,2,2,2,0,4,4,4,0
196e1a478cc956a9,2021.08.24.18.56.54_veh-45_00801_01587,on_traffic_light_intersection,50,1629832662349761,0.049969,587518.3781312826,4475712.7141606035,2.800399347853755,587517.0013491048,4475713.203028515,-0.00312328661978022,-0.0015790238160423389,42,22,10,10,0,2,2,2,0,5,4,4,0
196e1a478cc956a9,2021.08.24.18.56.54_veh-45_00801_01587,on_traffic_light_intersection,51,1629832662399726,0.049965,587518.3791869314,4475712.713653487,2.8004093155129626,587517.0023998808,4475713.202507676,-0.004203223837621456,-0.0013469569531738574,42,22,10,10,0,2,2,2,0,5,4,4,0
196e1a478cc956a9,2021.08.24.18.56.54_veh-45_00801_01587,on_traffic_light_intersection,52,1629832662449692,0.049966,587518.3802462018,4475712.713164595,2.8003469122374263,587517.0034896599,4475713.202104698,-0.004353562812590926,-0.0019642315670540217,42,22,10,10,0,2,2,2,0,5,4,4,0
196e1a478cc956a9,2021.08.24.18.56.54_veh-45_00801_01587,on_traffic_light_intersection,53,1629832662499657,0.049965,587518.3812615252,4475712.712710077,2.8003321531125667,587517.0045121998,4475713.2016704995,-0.004024982553293292,-0.00239598738920744,42,22,10,10,0,2,2,2,0,5,4,4,0
196e1a478cc956a9,2021.08.24.18.56.54_veh-45_00801_01587,on_traffic_light_intersection,54,1629832662549622,0.049965,587518.3822200868,4475712.71228643,2.8003335630779222,587517.0054700719,4475713.201244912,-0.0028213186521960274,-0.002607769639159178,42,22,10,10,0,2,2,2,0,5,3,3,0
196e1a478cc956a9,2021.08.24.18.56.54_veh-45_00801_01587,on_traffic_light_intersection,55,1629832662599588,0.049966,587518.3831011597,4475712.711895104,2.8002947176341997,587517.0063701398,4475713.2009070655,-0.0016973138482815435,-0.0021692971705748096,42,22,10,10,0,2,2,2,0,5,3,3,0
196e1a478cc956a9,2021.08.24.18.56.54_veh-45_00801_01587,on_traffic_light_intersection,56,1629832662649557,0.049969,587518.3839204531,4475712.711500568,2.8002910737859983,587517.0071912151,4475713.200517546,-0.0010872052977278876,-0.00134631537197066,43,22,10,10,0,2,2,2,0,6,3,3,0
196e1a478cc956a9,2021.08.24.18.56.54_veh-45_00801_01587,on_traffic_light_intersection,57,1629832662699525,0.049968,587518.3843366139,4475712.711310122,2.80034613554149,587517.0075804518,4475713.200251294,-0.0012365070827744186,-0.0008261495503502022,43,22,10,10,0,2,2,2,0,6,3,3,0
196e1a478cc956a9,2021.08.24.18.56.54_veh-45_00801_01587,on_traffic_light_intersection,58,1629832662749493,0.049968,587518.3855087301,4475712.710709179,2.800334066008969,587517.0087584694,4475713.199666968,-0.0018166920069542171,-0.0006859229490569454,43,22,10,10,0,1,1,1,0,8,3,3,0
196e1a478cc956a9,2021.08.24.18.56.54_veh-45_00801_01587,on_traffic_light_intersection,59,1629832662799460,0.049967,587518.3862803475,4475712.710344671,2.800315955419207,587517.0095389422,4475713.199327394,-0.0018910901808102789,-0.0009997952233206078,43,22,10,10,0,1,1,1,0,8,3,3,0
196e1a478cc956a9,2021.08.24.18.56.54_veh-45_00801_01587,on_traffic_light_intersection,60,1629832662849430,0.04997,587518.3870146363,4475712.709992761,2.800291263641603,587517.0102853054,4475713.199009478,-0.0018982927869031058,-0.001422676929219437,43,23,11,11,0,1,1,1,0,7,3,3,0
196e1a478cc956a9,2021.08.24.18.56.54_veh-45_00801_01587,on_traffic_light_intersection,61,1629832662899399,0.049969,587518.3877012482,4475712.709654541,2.800268372606331,587517.0109831117,4475713.198702772,-0.0018333838517246995,-0.0015523040087162382,44,24,11,11,0,1,1,1,0,7,3,3,0
196e1a478cc956a9,2021.08.24.18.56.54_veh-45_00801_01587,on_traffic_light_intersection,62,1629832662949367,0.049968,587518.388370539,4475712.709332162,2.800286046268871,587517.0116437594,4475713.198356061,-0.0018783639916632993,-0.001460100274835766,44,24,11,11,0,1,1,1,0,7,3,3,0
196e1a478cc956a9,2021.08.24.18.56.54_veh-45_00801_01587,on_traffic_light_intersection,63,1629832662999336,0.049969,587518.3890342102,4475712.709030293,2.8002854312654883,587517.0123077314,4475713.198055039,-0.0014184862736437748,-0.0009142486164873178,42,23,10,10,0,1,1,1,0,6,3,3,0
196e1a478cc956a9,2021.08.24.18.56.54_veh-45_00801_01587,on_traffic_light_intersection,64,1629832663049306,0.04997,587518.3893690114,4475712.708864825,2.8003026531506676,587517.0126341109,4475713.1978658615,-0.0009273158134973752,-0.00047710727412832274,43,23,9,9,0,1,1,1,0,7,3,3,0
196e1a478cc956a9,2021.08.24.18.56.54_veh-45_00801_01587,on_traffic_light_intersection,65,1629832663099278,0.049972,587518.3899889599,4475712.708552445,2.800303342581066,587517.0132537222,4475713.197552533,-0.0004849921971046703,-0.0005291159514647555,43,23,9,9,0,1,1,1,0,7,3,3,0
196e1a478cc956a9,2021.08.24.18.56.54_veh-45_00801_01587,on_traffic_light_intersection,66,1629832663149256,0.049978,587518.3905869293,4475712.708254424,2.8003060519523375,587517.0138503668,4475713.197250782,-0.0003620757753194269,-0.0008972981805770506,43,23,9,9,0,1,1,1,0,7,3,3,0
196e1a478cc956a9,2021.08.24.18.56.54_veh-45_00801_01587,on_traffic_light_intersection,67,1629832663199238,0.049982,587518.3911393778,4475712.707991209,2.8002999930704386,587517.0144057781,4475713.196995907,-0.0008577791768861091,-0.0014075713182305407,43,23,9,9,0,1,1,1,0,7,3,3,0
196e1a478cc956a9,2021.08.24.18.56.54_veh-45_00801_01587,on_traffic_light_intersection,68,1629832663249226,0.049988,587518.3916902847,4475712.707729708,2.8003075226483074,587517.014953003,4475713.196724041,-0.0014734146792687213,-0.0013448928975551943,43,23,9,9,0,1,1,1,0,7,3,3,0
196e1a478cc956a9,2021.08.24.18.56.54_veh-45_00801_01587,on_traffic_light_intersection,69,1629832663299220,0.049994,587518.3922425954,4475712.707463965,2.800307078203413,587517.0155055311,4475713.19645891,-0.0018701827191998127,-0.0009457149428924599,45,23,9,9,0,1,1,1,0,9,5,5,0
196e1a478cc956a9,2021.08.24.18.56.54_veh-45_00801_01587,on_traffic_light_intersection,70,1629832663349220,0.05,587518.3927916373,4475712.707170251,2.8002867261143916,587517.0160645253,4475713.1961932145,-0.0016062318720731883,-0.0006846032161236975,45,23,9,9,0,1,1,1,0,9,5,5,0
196e1a478cc956a9,2021.08.24.18.56.54_veh-45_00801_01587,on_traffic_light_intersection,71,1629832663399227,0.050007,587518.3933090491,4475712.706897321,2.800309440077549,587517.0165708298,4475713.195889014,-0.000802831237010265,-0.00025910152372059404,46,23,9,9,0,2,1,1,0,9,5,5,0
196e1a478cc956a9,2021.08.24.18.56.54_veh-45_00801_01587,on_traffic_light_intersection,72,1629832663449243,0.050016,587518.3938017274,4475712.7066386,2.800342048258286,587517.0170475638,4475713.195585399,-0.0002515052263905209,-0.0002869900837882348,46,23,9,9,0,2,1,1,0,9,5,5,0
196e1a478cc956a9,2021.08.24.18.56.54_veh-45_00801_01587,on_traffic_light_intersection,73,1629832663499265,0.050022,587518.3942498672,4475712.706395559,2.8002913707106445,587517.0175204839,4475713.195412128,5.177668204881573e-05,-0.0005534969468892797,46,23,9,9,0,2,1,1,0,9,5,5,0
196e1a478cc956a9,2021.08.24.18.56.54_veh-45_00801_01587,on_traffic_light_intersection,74,1629832663549292,0.050027,587518.3949190943,4475712.706050666,2.800309671585146,587517.0181807618,4475713.19504204,-0.0004547340499900938,-0.0009308399105295278,45,23,9,9,0,2,1,1,0,9,5,5,0
196e1a478cc956a9,2021.08.24.18.56.54_veh-45_00801_01587,on_traffic_light_intersection,75,1629832663599325,0.050033,587518.3951634134,4475712.705924989,2.8002677416275668,587517.0184455855,4475713.194974089,-0.0005427105852858664,-0.00118314460770284,45,23,9,9,0,2,1,1,0,9,5,5,0
196e1a478cc956a9,2021.08.24.18.56.54_veh-45_00801_01587,on_traffic_light_intersection,76,1629832663649362,0.050037,587518.3956217404,4475712.705709114,2.8002628111210965,587517.0189063238,4475713.194765002,-0.0007257807350489661,-0.0010585018535069534,44,23,9,9,0,2,1,1,0,8,4,4,0
196e1a478cc956a9,2021.08.24.18.56.54_veh-45_00801_01587,on_traffic_light_intersection,77,1629832663699402,0.05004,587518.3962503948,4475712.705366451,2.8002620060542376,587517.0195353719,4475713.194423447,-0.0007122177116341519,-0.0004240750148623048,44,23,10,10,0,2,1,1,0,8,4,4,0
196e1a478cc956a9,2021.08.24.18.56.54_veh-45_00801_01587,on_traffic_light_intersection,78,1629832663749440,0.050038,587518.3966426568,4475712.705126303,2.8002767690200168,587517.0199204141,4475713.194162975,-0.0007542622694709905,1.0433014674955844e-05,44,23,10,10,0,2,1,1,0,8,4,4,0
196e1a478cc956a9,2021.08.24.18.56.54_veh-45_00801_01587,on_traffic_light_intersection,79,1629832663799479,0.050039,587518.3968438917,4475712.705013611,2.800334844889581,587517.0200932502,4475713.193970328,-0.00096064803912246,-3.0507746729511502e-05,44,23,10,10,0,2,1,1,0,8,4,4,0
196e1a478cc956a9,2021.08.24.18.56.54_veh-45_00801_01587,on_traffic_light_intersection,80,1629832663849519,0.05004,587518.3974287125,4475712.704690292,2.800306964846851,587517.0206917035,4475713.193685392,-0.0011286077298466265,-8.161544954678212e-05,44,23,10,10,0,2,1,1,0,8,4,4,0
196e1a478cc956a9,2021.08.24.18.56.54_veh-45_00801_01587,on_traffic_light_intersection,81,1629832663899561,0.050042,587518.3978116368,4475712.704498455,2.800278548599587,587517.0210885239,4475713.193532677,-5.0032928997880404e-05,-0.00043938661871130566,44,23,10,10,0,2,1,1,0,8,4,4,0
196e1a478cc956a9,2021.08.24.18.56.54_veh-45_00801_01587,on_traffic_light_intersection,82,1629832663949604,0.050043,587518.3980850184,4475712.704338262,2.8002638895517133,587517.0213690744,4475713.193392665,0.004387568566386558,-0.0009155695887564897,44,23,10,10,0,2,1,1,0,8,4,4,0
196e1a478cc956a9,2021.08.24.18.56.54_veh-45_00801_01587,on_traffic_light_intersection,83,1629832663999647,0.050043,587518.3979582939,4475712.704339933,2.8002572315902663,587517.021245606,4475713.193403502,0.01858720507060892,-0.0012212329411978118,43,23,10,10,0,2,1,1,0,7,3,3,0
196e1a478cc956a9,2021.08.24.18.56.54_veh-45_00801_01587,on_traffic_light_intersection,84,1629832664049691,0.050044,587518.3973834836,4475712.704483063,2.8002490841232803,587517.0206747804,4475713.193557849,0.03358588943763403,-0.0011062258912725987,43,23,10,10,0,2,1,1,0,7,3,3,0
196e1a478cc956a9,2021.08.24.18.56.54_veh-45_00801_01587,on_traffic_light_intersection,85,1629832664099735,0.050044,587518.3966366093,4475712.704718209,2.800259047280336,587517.0199230335,4475713.193779279,0.03511501064174348,-0.0011100601003788252,43,22,10,10,0,2,1,1,0,8,3,3,0
196e1a478cc956a9,2021.08.24.18.56.54_veh-45_00801_01587,on_traffic_light_intersection,86,1629832664149776,0.050041,587518.3957536127,4475712.705019617,2.8002698539550672,587517.0190347518,4475713.194065809,0.03812327850472857,-0.0018731523653262403,43,22,10,10,0,2,1,1,0,8,3,3,0
196e1a478cc956a9,2021.08.24.18.56.54_veh-45_00801_01587,on_traffic_light_intersection,87,1629832664199814,0.050038,587518.3949421674,4475712.705310675,2.800347007465842,587517.018185579,4475713.194250647,0.03982417885876857,-0.002453903541834488,44,22,10,10,0,2,1,1,0,9,4,4,0
196e1a478cc956a9,2021.08.24.18.56.54_veh-45_00801_01587,on_traffic_light_intersection,88,1629832664249849,0.050035,587518.3941087428,4475712.705607198,2.800328307447024,587517.0173612979,4475713.194572915,0.043146881784053355,-0.0021739036149268946,44,22,10,10,0,2,1,1,0,9,4,4,0
196e1a478cc956a9,2021.08.24.18.56.54_veh-45_00801_01587,on_traffic_light_intersection,89,1629832664299884,0.050035,587518.3930817149,4475712.705965588,2.800439138526311,587517.0162800858,4475713.194778716,0.05219579464688719,-0.0013146477959985756,44,22,10,10,0,2,1,1,0,9,4,4,0
196e1a478cc956a9,2021.08.24.18.56.54_veh-45_00801_01587,on_traffic_light_intersection,90,1629832664349919,0.050035,587518.391777139,4475712.706384274,2.8005246959703562,587517.0149336933,4475713.195079605,0.061483984271787216,-0.0007660982823705677,44,22,10,10,0,2,1,1,0,9,4,4,0
196e1a478cc956a9,2021.08.24.18.56.54_veh-45_00801_01587,on_traffic_light_intersection,91,1629832664399957,0.050038,587518.3900645197,4475712.706942681,2.800510730756906,587517.0132278989,4475713.195657239,0.07389015839295941,-0.0011983207010178543,44,22,10,10,0,2,1,1,0,9,4,4,0
196e1a478cc956a9,2021.08.24.18.56.54_veh-45_00801_01587,on_traffic_light_intersection,92,1629832664449993,0.050036,587518.3880238889,4475712.707636256,2.800486198953717,587517.0111992576,4475713.19638459,0.086952822901459,-0.0016505774413175416,44,22,10,10,0,2,1,1,0,9,4,4,0
196e1a478cc956a9,2021.08.24.18.56.54_veh-45_00801_01587,on_traffic_light_intersection,93,1629832664500030,0.050037,587518.3854856933,4475712.708536173,2.800482153299599,587517.0086630393,4475713.197290078,0.09815325134175328,-0.0033807774370064416,45,22,10,10,0,2,1,1,0,10,5,5,0
196e1a478cc956a9,2021.08.24.18.56.54_veh-45_00801_01587,on_traffic_light_intersection,94,1629832664550067,0.050037,587518.379678083,4475712.710741076,2.8003869119769282,587517.0029019847,4475713.199626109,0.1489817566962794,-0.007024654558513595,45,22,10,10,0,2,1,1,0,10,5,5,0
196e1a478cc956a9,2021.08.24.18.56.54_veh-45_00801_01587,on_traffic_light_intersection,95,1629832664600106,0.050039,587518.3718175793,4475712.71384044,2.800351642880306,587516.9950587244,4475713.20277403,0.20261508979034046,-0.011034006169805675,46,22,10,10,0,3,1,1,0,10,5,5,0
196e1a478cc956a9,2021.08.24.18.56.54_veh-45_00801_01587,on_traffic_light_intersection,96,1629832664650144,0.050038,587518.3608671405,4475712.718170075,2.800367198945039,587516.9841006799,4475713.207082248,0.267444846136729,-0.014700044872952595,46,22,10,10,0,3,1,1,0,10,5,5,0
196e1a478cc956a9,2021.08.24.18.56.54_veh-45_00801_01587,on_traffic_light_intersection,97,1629832664700183,0.050039,587518.3467852711,4475712.723746036,2.8004351002986856,587516.9699856159,4475713.212564724,0.33997124701330894,-0.01757050239508981,46,22,10,10,0,3,1,1,0,10,5,5,0
196e1a478cc956a9,2021.08.24.18.56.54_veh-45_00801_01587,on_traffic_light_intersection,98,1629832664750222,0.050039,587518.329239856,4475712.730532289,2.8005434680923282,587516.9523872366,4475713.2192017725,0.4189033073966028,-0.018790857541311712,47,22,10,10,0,3,1,1,0,11,6,6,0
196e1a478cc956a9,2021.08.24.18.56.54_veh-45_00801_01587,on_traffic_light_intersection,99,1629832664800258,0.050036,587518.306756764,4475712.73905007,2.800507669213645,587516.9299216394,4475713.227768843,0.5065993346057476,-0.01882501808799043,47,22,10,10,0,3,1,1,0,11,6,6,0
abce4c58896057ca,2021.07.24.19.10.14_veh-37_02937_03698,on_traffic_light_intersection,0,1627157350200020,,664599.9080023443,3999161.330093253,-2.0664063533351933,664599.2131969599,3999160.0448825783,0.941398350430916,-0.019887807387349937,252,51,24,24,0,106,55,20,35,95,35,30,5
abce4c58896057ca,2021.07.24.19.10.14_veh-37_02937_03698,on_traffic_light_intersection,1,1627157350250034,0.050014,664599.8886002328,3999161.294900806,-2.0663770130853885,664599.1938325571,3999160.0096697463,0.8714560317561909,-0.01690454458141509,251,51,23,23,0,106,55,20,35,94,36,30,6
abce4c58896057ca,2021.07.24.19.10.14_veh-37_02937_03698,on_traffic_light_intersection,2,1627157350300040,0.050006,664599.8695233741,3999161.260456862,-2.066357898111903,664599.1747802658,3999159.975212522,0.8032764681856777,-0.016944469298892605,252,52,23,23,0,106,55,20,35,94,36,30,6
abce4c58896057ca,2021.07.24.19.10.14_veh-37_02937_03698,on_traffic_light_intersection,3,1627157350350040,0.05,664599.8538219928,3999161.2328763315,-2.0663795043590683,664599.1590511153,3999159.9476470025,0.7388113581914857,-0.0172482828542687,252,52,23,23,0,106,55,20,35,94,36,30,6
abce4c58896057ca,2021.07.24.19.10.14_veh-37_02937_03698,on_traffic_light_intersection,4,1627157350400033,0.049993,664599.8384038085,3999161.206629894,-2.06634198453741,664599.1436811531,3999159.9213744984,0.6743254603514561,-0.018690766502686543,251,52,23,23,0,106,55,20,35,93,36,30,6
abce4c58896057ca,2021.07.24.19.10.14_veh-37_02937_03698,on_traffic_light_intersection,5,1627157350450024,0.049991,664599.8236876999,3999161.1812890773,-2.066232652597841,664599.129105568,3999159.895957734,0.6166480452075023,-0.01931436354194532,251,52,23,23,0,107,56,20,36,92,36,30,6
abce4c58896057ca,2021.07.24.19.10.14_veh-37_02937_03698,on_traffic_light_intersection,6,1627157350500015,0.049991,664599.810974263,3999161.1607212685,-2.066066871877601,664599.1166052239,3999159.8752747946,0.5569406307544551,-0.018586960212506998,251,52,24,24,0,107,56,20,36,92,36,30,6
abce4c58896057ca,2021.07.24.19.10.14_veh-37_02937_03698,on_traffic_light_intersection,7,1627157350550005,0.04999,664599.7991528542,3999161.143331053,-2.06586875651461,664599.1050384954,3999159.8577470393,0.49901098429133267,-0.018689602404492404,249,52,24,24,0,107,56,20,36,90,36,30,6
abce4c58896057ca,2021.07.24.19.10.14_veh-37_02937_03698,on_traffic_light_intersection,8,1627157350599996,0.049991,664599.7881642546,3999161.125117087,-2.0657423664610546,664599.0942123864,3999159.839445354,0.44789698076367296,-0.01749109039115255,248,52,24,24,0,107,56,20,36,89,36,30,6
abce4c58896057ca,2021.07.24.19.10.14_veh-37_02937_03698,on_traffic_light_intersection,9,1627157350649987,0.049991,664599.7793885074,3999161.1122579267,-2.0656870144868265,664599.0855078046,3999159.8265477843,0.39630352076900444,-0.018188944770673985,246,52,24,24,0,106,55,20,35,88,36,30,6
abce4c58896057ca,2021.07.24.19.10.14_veh-37_02937_03698,on_traffic_light_intersection,10,1627157350699976,0.049989,664599.77180572,3999161.1013382436,-2.0656838476304293,664599.077929089,3999159.8156259037,0.35242955410951393,-0.01861958821441898,246,52,24,24,0,106,55,20,35,88,36,30,6
abce4c58896057ca,2021.07.24.19.10.14_veh-37_02937_03698,on_traffic_light_intersection,11,1627157350749962,0.049986,664599.7642273259,3999161.08948422,-2.0657120887890503,664599.0703143851,3999159.8037914764,0.32322095247161503,-0.018762312650119226,246,52,24,24,0,106,55,20,35,88,36,30,6
abce4c58896057ca,2021.07.24.19.10.14_veh-37_02937_03698,on_traffic_light_intersection,12,1627157350799948,0.049986,664599.7577886594,3999161.081622508,-2.065806973934177,664599.0637537286,3999159.795995612,0.3045029611271007,-0.020451192957503993,245,52,24,24,0,105,55,20,35,88,36,30,6
abce4c58896057ca,2021.07.24.19.10.14_veh-37_02937_03698,on_traffic_light_intersection,13,1627157350849934,0.049986,664599.7520503247,3999161.075556131,-2.0657291913270024,664599.0581153954,3999159.7898752554,0.28402367621962743,-0.020907645798921775,245,52,24,24,0,105,55,20,35,88,36,30,6
abce4c58896057ca,2021.07.24.19.10.14_veh-37_02937_03698,on_traffic_light_intersection,14,1627157350899922,0.049988,664599.7480112535,3999161.0690553184,-2.065529827091749,664599.0543326568,3999159.7832361227,0.2761264653426005,-0.017307043384623837,245,53,24,24,0,103,55,20,35,89,37,30,7
abce4c58896057ca,2021.07.24.19.10.14_veh-37_02937_03698,on_traffic_light_intersection,15,1627157350949912,0.04999,664599.743511809,3999161.0607307805,-2.0654389326032856,664599.0499500891,3999159.7748485385,0.27619789819825635,-0.0130371407687042,246,52,24,24,0,105,56,20,36,89,37,30,7
abce4c58896057ca,2021.07.24.19.10.14_veh-37_02937_03698,on_traffic_light_intersection,16,1627157350999908,0.049996,664599.7411505113,3999161.0565778445,-2.0652904750578855,664599.0477796979,3999159.7705926523,0.2666021365016175,-0.010284889770531902,243,52,24,24,0,103,55,20,35,88,37,30,7
abce4c58896057ca,2021.07.24.19.10.14_veh-37_02937_03698,on_traffic_light_intersection,17,1627157351049909,0.050001,664599.7384053867,3999161.052007904,-2.065213353830768,664599.045133752,3999159.7659692415,0.2588864407602206,-0.009992243174040698,242,51,23,23,0,103,55,20,35,88,37,30,7
abce4c58896057ca,2021.07.24.19.10.14_veh-37_02937_03698,on_traffic_light_intersection,18,1627157351099911,0.050002,664599.7347131561,3999161.045621456,-2.065226238598373,664599.0414249513,3999159.7595917266,0.24855264268205354,-0.011468184323901105,240,51,22,22,0,103,55,20,35,86,37,30,7
abce4c58896057ca,2021.07.24.19.10.14_veh-37_02937_03698,on_traffic_light_intersection,19,1627157351149912,0.050001,664599.7329556398,3999161.0416720775,-2.065186395615435,664599.0397186748,3999159.7556147263,0.23980220676371383,-0.012138514057174256,240,51,22,22,0,103,55,20,35,86,37,30,7
abce4c58896057ca,2021.07.24.19.10.14_veh-37_02937_03698,on_traffic_light_intersection,20,1627157351199916,0.050004,664599.7315992352,3999161.0387825603,-2.065215853053293,664599.0383243866,3999159.7527456307,0.22672721767856813,-0.012434252700583424,240,51,22,22,0,103,55,20,35,86,37,30,7
abce4c58896057ca,2021.07.24.19.10.14_veh-37_02937_03698,on_traffic_light_intersection,21,1627157351249919,0.050003,664599.7287141068,3999161.0326608345,-2.065093073767884,664599.0355971621,3999159.746538795,0.2234235821357126,-0.011427983429735942,238,50,22,22,0,102,54,20,34,86,37,30,7
abce4c58896057ca,2021.07.24.19.10.14_veh-37_02937_03698,on_traffic_light_intersection,22,1627157351299922,0.050003,664599.7279696977,3999161.028881794,-2.064968832122006,664599.0350125482,3999159.74267365,0.21795379083370914,-0.00796267085017486,239,50,22,22,0,102,54,20,34,87,37,30,7
abce4c58896057ca,2021.07.24.19.10.14_veh-37_02937_03698,on_traffic_light_intersection,23,1627157351349925,0.050003,664599.7269828746,3999161.024632287,-2.064891137192987,664599.034125659,3999159.738370308,0.2128226411070619,-0.003011266612302281,239,49,22,22,0,103,54,20,34,87,37,30,7
abce4c58896057ca,2021.07.24.19.10.14_veh-37_02937_03698,on_traffic_light_intersection,24,1627157351399926,0.050001,664599.7238716986,3999161.01761315,-2.0648773493011627,664599.031032218,3999159.731341618,0.2141451567546372,0.001327599330655781,238,49,22,22,0,102,53,20,33,87,37,30,7
abce4c58896057ca,2021.07.24.19.10.14_veh-37_02937_03698,on_traffic_light_intersection,25,1627157351449927,0.050001,664599.722314038,3999161.012532503,-2.0649306877023843,664599.0294059507,3999159.7262979276,0.21353462448215885,0.0052940208556332795,237,49,22,22,0,102,53,20,33,86,37,30,7
abce4c58896057ca,2021.07.24.19.10.14_veh-37_02937_03698,on_traffic_light_intersection,26,1627157351499924,0.049997,664599.7207516761,3999161.0076602795,-2.064903603680357,664599.0278784254,3999159.721406938,0.21280630603220538,0.0071844798563480555,235,48,22,22,0,101,53,20,33,86,37,30,7
abce4c58896057ca,2021.07.24.19.10.14_veh-37_02937_03698,on_traffic_light_intersection,27,1627157351549922,0.049998,664599.7169870189,3999160.9995969567,-2.0649122921111225,664599.0241025927,3999159.7133496352,0.21918119741297037,0.0053903676839340015,236,48,22,22,0,101,53,20,33,87,37,30,7
abce4c58896057ca,2021.07.24.19.10.14_veh-37_02937_03698,on_traffic_light_intersection,28,1627157351599922,0.05,664599.71475016,3999160.994264303,-2.0650035552266206,664599.0217483498,3999159.7080802214,0.22128562907948485,0.00404192960736849,235,48,22,22,0,100,52,20,32,87,37,30,7
abce4c58896057ca,2021.07.24.19.10.14_veh-37_02937_03698,on_traffic_light_intersection,29,1627157351649922,0.05,664599.7118266606,3999160.988036758,-2.0649606155037383,664599.0188800794,3999159.7018229202,0.2260631450878935,0.0036187858217322064,233,47,22,22,0,100,52,20,32,86,37,30,7
abce4c58896057ca,2021.07.24.19.10.14_veh-37_02937_03698,on_traffic_light_intersection,30,1627157351699920,0.049998,664599.7074777683,3999160.979412283,-2.064872411340003,664599.0146446392,3999159.6931373295,0.23212915360766503,0.003483712666144786,233,47,22,22,0,100,52,20,32,86,37,30,7
abce4c58896057ca,2021.07.24.19.10.14_veh-37_02937_03698,on_traffic_light_intersection,31,1627157351749919,0.049999,664599.7038622609,3999160.972015386,-2.064807776849604,664599.011112271,3999159.6856956547,0.2367468444824885,0.004243313594908591,234,47,22,22,0,101,52,20,32,86,37,30,7
abce4c58896057ca,2021.07.24.19.10.14_veh-37_02937_03698,on_traffic_light_intersection,32,1627157351799917,0.049998,664599.6998222497,3999160.9640561077,-2.064765900391567,664599.0071261269,3999159.6777073676,0.24417065600368207,0.00557705713995492,234,47,21,21,0,100,52,20,32,87,37,30,7
abce4c58896057ca,2021.07.24.19.10.14_veh-37_02937_03698,on_traffic_light_intersection,33,1627157351849917,0.05,664599.6944163517,3999160.954296717,-2.0647996222943537,664599.0016768512,3999159.6679713363,0.25055278545619836,0.006121186438180273,234,47,21,21,0,100,52,20,32,87,37,30,7
abce4c58896057ca,2021.07.24.19.10.14_veh-37_02937_03698,on_traffic_light_intersection,34,1627157351899921,0.050004,664599.6888104974,3999160.9457576303,-2.064819347759461,664598.9960456237,3999159.659445915,0.25849746425208925,0.004844657187242635,234,46,21,21,0,101,53,20,33,87,37,30,7
abce4c58896057ca,2021.07.24.19.10.14_veh-37_02937_03698,on_traffic_light_intersection,35,1627157351949927,0.050006,664599.6837458189,3999160.9371964093,-2.0648411873258454,664598.9909528529,3999159.6508998238,0.2650658479297846,0.0031917811927219993,234,46,21,21,0,101,53,20,33,87,37,30,7
abce4c58896057ca,2021.07.24.19.10.14_veh-37_02937_03698,on_traffic_light_intersection,36,1627157351999934,0.050007,664599.6771212257,3999160.9252664335,-2.06484906048336,664598.9843181325,3999159.638975302,0.27519136951614487,0.0013759171939211551,233,46,21,21,0,101,53,20,33,86,37,30,7
abce4c58896057ca,2021.07.24.19.10.14_veh-37_02937_03698,on_traffic_light_intersection,37,1627157352049939,0.050005,664599.6710335814,3999160.9159639277,-2.0648203928368005,664598.9782673633,3999159.629652936,0.2810703954973248,0.00029093615081791707,233,46,21,21,0,101,53,20,33,86,37,30,7
abce4c58896057ca,2021.07.24.19.10.14_veh-37_02937_03698,on_traffic_light_intersection,38,1627157352099941,0.050002,664599.6638210383,3999160.904917667,-2.064826044047308,664598.9710475511,3999159.6186105907,0.29278870390213446,-0.0014996478390574602,236,46,21,21,0,102,53,20,33,88,38,30,8
abce4c58896057ca,2021.07.24.19.10.14_veh-37_02937_03698,on_traffic_light_intersection,39,1627157352149943,0.050002,664599.657079545,3999160.893638571,-2.064716722613267,664598.9644466828,3999159.6072557666,0.3004786479432865,-0.0021191230637122686,238,46,21,21,0,103,53,20,33,89,39,30,9
abce4c58896057ca,2021.07.24.19.10.14_veh-37_02937_03698,on_traffic_light_intersection,40,1627157352199946,0.050003,664599.649694762,3999160.880247128,-2.0646119499258475,664598.9571966814,3999159.5937917624,0.31044758231510267,-0.0022919867282679206,240,46,20,20,0,103,53,20,33,91,41,30,11
abce4c58896057ca,2021.07.24.19.10.14_veh-37_02937_03698,on_traffic_light_intersection,41,1627157352249951,0.050005,664599.6420743025,3999160.867058938,-2.0644300508932862,664598.9498102384,3999159.5804776284,0.32295589842724987,-0.003372821599857447,239,46,20,20,0,103,53,20,33,90,40,30,10
abce4c58896057ca,2021.07.24.19.10.14_veh-37_02937_03698,on_traffic_light_intersection,42,1627157352299957,0.050006,664599.634567417,3999160.8542395514,-2.064418843618574,664598.942317772,3999159.567650484,0.3314392009694599,-0.004935651825619188,241,47,21,21,0,103,53,20,33,91,41,30,11
abce4c58896057ca,2021.07.24.19.10.14_veh-37_02937_03698,on_traffic_light_intersection,43,1627157352349962,0.050005,664599.6258855698,3999160.8386055483,-2.064439693946674,664598.9336090991,3999159.5520309145,0.34530935187266776,-0.006353304118593291,242,47,21,21,0,104,53,20,33,91,41,30,11
abce4c58896057ca,2021.07.24.19.10.14_veh-37_02937_03698,on_traffic_light_intersection,44,1627157352399967,0.050005,664599.6176070503,3999160.824740683,-2.0645679819759994,664598.9251655332,3999159.538254871,0.354613093190583,-0.007593237332283229,243,47,21,21,0,104,53,20,33,92,41,30,11
abce4c58896057ca,2021.07.24.19.10.14_veh-37_02937_03698,on_traffic_light_intersection,45,1627157352449968,0.050001,664599.6082474566,3999160.809325142,-2.064729245379749,664598.9155984854,3999159.5229510115,0.3672277841993004,-0.008806382112515786,243,47,22,22,0,104,53,20,33,92,41,30,11
abce4c58896057ca,2021.07.24.19.10.14_veh-37_02937_03698,on_traffic_light_intersection,46,1627157352499966,0.049998,664599.5984697134,3999160.7923828657,-2.0646768005872573,664598.9058882068,3999159.5059724115,0.3814637654516277,-0.008434099542367074,243,47,22,22,0,104,53,20,33,92,41,30,11
abce4c58896057ca,2021.07.24.19.10.14_veh-37_02937_03698,on_traffic_light_intersection,47,1627157352549961,0.049995,664599.5888169056,3999160.7769724783,-2.0648255186803026,664598.8960440941,3999159.4906650377,0.39118553236026976,-0.008719689470413015,243,47,22,22,0,104,53,20,33,92,42,30,12
abce4c58896057ca,2021.07.24.19.10.14_veh-37_02937_03698,on_traffic_light_intersection,48,1627157352599953,0.049992,664599.5788156838,3999160.761259838,-2.064720807075045,664598.8861775675,3999159.474879863,0.40101644168898504,-0.01054395096990507,242,47,22,22,0,102,52,20,32,93,42,30,12
abce4c58896057ca,2021.07.24.19.10.14_veh-37_02937_03698,on_traffic_light_intersection,49,1627157352649940,0.049987,664599.567898414,3999160.7433629967,-2.064610966501214,664598.8754015985,3999159.4569069496,0.4148397689598408,-0.012042147024366167,242,47,23,23,0,102,52,20,32,93,42,30,12
abce4c58896057ca,2021.07.24.19.10.14_veh-37_02937_03698,on_traffic_light_intersection,50,1627157352699927,0.049987,664599.555838589,3999160.72610792,-2.064634278843483,664598.8633117834,3999159.4396680174,0.4285540573160532,-0.015841716907680683,243,47,23,23,0,102,52,20,32,94,42,30,12
abce4c58896057ca,2021.07.24.19.10.14_veh-37_02937_03698,on_traffic_light_intersection,51,1627157352749917,0.04999,664599.5444435938,3999160.709401237,-2.064530392280771,664598.8520504358,3999159.4228893965,0.4393913920892455,-0.01987678868803168,243,47,23,23,0,102,52,20,32,94,42,30,12
abce4c58896057ca,2021.07.24.19.10.14_veh-37_02937_03698,on_traffic_light_intersection,52,1627157352799913,0.049996,664599.5328310695,3999160.6895060875,-2.0644207277529003,664598.8405790004,3999159.4029183243,0.45405590155228387,-0.02201757186297864,241,46,23,23,0,101,52,20,32,94,42,30,12
abce4c58896057ca,2021.07.24.19.10.14_veh-37_02937_03698,on_traffic_light_intersection,53,1627157352849912,0.049999,664599.5213903594,3999160.671276571,-2.064436003706985,664598.8291186364,3999159.384699383,0.46513037940092955,-0.023705625457643677,241,46,23,23,0,101,52,20,32,94,42,30,12
abce4c58896057ca,2021.07.24.19.10.14_veh-37_02937_03698,on_traffic_light_intersection,54,1627157352899915,0.050003,664599.5098353182,3999160.6516900132,-2.0643500864689197,664598.817674137,3999159.3650533515,0.47718383037015166,-0.022495398983232356,242,46,23,23,0,101,52,20,32,95,42,30,12
abce4c58896057ca,2021.07.24.19.10.14_veh-37_02937_03698,on_traffic_light_intersection,55,1627157352949921,0.050006,664599.4977371813,3999160.6308948123,-2.064268002770386,664598.8056816143,3999159.34420134,0.4882029487816026,-0.02146114858021209,242,47,23,23,0,100,51,20,31,95,42,30,12
abce4c58896057ca,2021.07.24.19.10.14_veh-37_02937_03698,on_traffic_light_intersection,56,1627157352999928,0.050007,664599.4853240525,3999160.6097897287,-2.0642033436923586,664598.7933516834,3999159.3230515113,0.5009186984277735,-0.021314958609439723,241,47,23,23,0,99,51,20,31,95,42,30,12
abce4c58896057ca,2021.07.24.19.10.14_veh-37_02937_03698,on_traffic_light_intersection,57,1627157353049935,0.050007,664599.4725956728,3999160.588876592,-2.064110340912409,664598.7807429769,3999159.302074025,0.5112659561974536,-0.02220352986376881,240,47,23,23,0,99,51,20,31,94,42,30,12
abce4c58896057ca,2021.07.24.19.10.14_veh-37_02937_03698,on_traffic_light_intersection,58,1627157353099944,0.050009,664599.4593203265,3999160.5671314155,-2.0641354225019657,664598.7674353557,3999159.2803462013,0.5222626891171925,-0.02372209120324625,239,47,23,23,0,98,51,20,31,94,42,30,12
abce4c58896057ca,2021.07.24.19.10.14_veh-37_02937_03698,on_traffic_light_intersection,59,1627157353149954,0.05001,664599.4458423398,3999160.5440290645,-2.064224056404823,664598.753843319,3999159.2573051797,0.5353993913527711,-0.024802136027582748,239,48,23,23,0,97,51,20,31,94,42,30,12
abce4c58896057ca,2021.07.24.19.10.14_veh-37_02937_03698,on_traffic_light_intersection,60,1627157353199963,0.050009,664599.4325793907,3999160.5211782954,-2.0643108860511337,664598.7404686467,3999159.234514502,0.5458544932963549,-0.025389305463884577,237,47,22,22,0,96,51,20,31,94,41,30,11
abce4c58896057ca,2021.07.24.19.10.14_veh-37_02937_03698,on_traffic_light_intersection,61,1627157353249970,0.050007,664599.418620104,3999160.4966856632,-2.0644046440330324,664598.726388728,3999159.210086766,0.5598540297703151,-0.025382317033842954,237,48,22,22,0,95,50,20,30,94,41,30,11
abce4c58896057ca,2021.07.24.19.10.14_veh-37_02937_03698,on_traffic_light_intersection,62,1627157353299976,0.050006,664599.4042437765,3999160.472346406,-2.0644858865256657,664598.7119078763,3999159.1858037515,0.5715443943737266,-0.026283268605795072,239,49,22,22,0,97,50,20,30,93,41,30,11
abce4c58896057ca,2021.07.24.19.10.14_veh-37_02937_03698,on_traffic_light_intersection,63,1627157353349981,0.050005,664599.3893611953,3999160.4472896717,-2.0645330485646567,664598.6969646199,3999159.160779671,0.5840692904228667,-0.0266102523757513,239,49,22,22,0,95,50,20,30,95,41,30,11
abce4c58896057ca,2021.07.24.19.10.14_veh-37_02937_03698,on_traffic_light_intersection,64,1627157353399987,0.050006,664599.3742415768,3999160.42169843,-2.0645727723352714,664598.681793897,3999159.135215935,0.5966520680100506,-0.026585378991082206,240,49,22,22,0,96,51,20,31,95,41,30,11
abce4c58896057ca,2021.07.24.19.10.14_veh-37_02937_03698,on_traffic_light_intersection,65,1627157353449993,0.050006,664599.3581052338,3999160.3956938176,-2.064560879850284,664598.6656728535,3999159.1092030876,0.6086380458931545,-0.028357629112591824,241,49,22,22,0,96,52,20,32,96,41,30,11
abce4c58896057ca,2021.07.24.19.10.14_veh-37_02937_03698,on_traffic_light_intersection,66,1627157353500001,0.050008,664599.3424839347,3999160.369189747,-2.064617991408252,664598.649978082,3999159.082738565,0.6199806797308036,-0.029967770261312733,242,49,23,23,0,96,52,20,32,97,41,30,11
abce4c58896057ca,2021.07.24.19.10.14_veh-37_02937_03698,on_traffic_light_intersection,67,1627157353550009,0.050008,664599.326983668,3999160.3420735355,-2.0646892204321587,664598.6343861845,3999159.055671683,0.6308738231842258,-0.0304008191366502,242,49,23,23,0,95,51,20,31,98,41,30,11
abce4c58896057ca,2021.07.24.19.10.14_veh-37_02937_03698,on_traffic_light_intersection,68,1627157353600015,0.050006,664599.3107710803,3999160.3137331316,-2.0648590517650094,664598.6179551354,3999159.0274489224,0.6425868662974465,-0.029347488176561725,244,50,23,23,0,96,51,20,31,98,42,30,12
abce4c58896057ca,2021.07.24.19.10.14_veh-37_02937_03698,on_traffic_light_intersection,69,1627157353650020,0.050005,664599.2949048697,3999160.285143079,-2.064914977683764,664598.6020169893,3999158.998897618,0.6552670760137298,-0.027841049551941575,247,51,23,23,0,96,52,20,32,100,42,30,12
abce4c58896057ca,2021.07.24.19.10.14_veh-37_02937_03698,on_traffic_light_intersection,70,1627157353700025,0.050005,664599.2786187275,3999160.256366057,-2.0650087150292147,664598.5856102807,3999158.9701855513,0.6677988625653748,-0.027219823075696592,247,51,23,23,0,96,51,20,31,100,42,30,12
abce4c58896057ca,2021.07.24.19.10.14_veh-37_02937_03698,on_traffic_light_intersection,71,1627157353750026,0.050001,664599.2617393223,3999160.2270674757,-2.065068529832181,664598.5686539443,3999158.9409284247,0.6795203299896684,-0.027104514220625237,246,51,23,23,0,95,51,20,31,100,42,30,12
abce4c58896057ca,2021.07.24.19.10.14_veh-37_02937_03698,on_traffic_light_intersection,72,1627157353800025,0.049999,664599.2447390809,3999160.1967312195,-2.065031753473764,664598.5517010029,3999158.91056668,0.6910845071438323,-0.02623221700821326,250,51,22,22,0,97,52,20,32,102,42,30,12
abce4c58896057ca,2021.07.24.19.10.14_veh-37_02937_03698,on_traffic_light_intersection,73,1627157353850020,0.049995,664599.2278658707,3999160.166933292,-2.0651013881883955,664598.5347382326,3999158.880817015,0.7019004809917287,-0.026191397889564375,246,50,22,22,0,97,52,20,32,99,42,30,12
abce4c58896057ca,2021.07.24.19.10.14_veh-37_02937_03698,on_traffic_light_intersection,74,1627157353900012,0.049992,664599.2106718698,3999160.136043747,-2.065260717073566,664598.517339325,3999158.8500379217,0.7133275413997402,-0.027133482063407148,246,50,22,22,0,97,52,20,32,99,42,30,12
abce4c58896057ca,2021.07.24.19.10.14_veh-37_02937_03698,on_traffic_light_intersection,75,1627157353950002,0.04999,664599.1929357641,3999160.104624588,-2.0652990536635225,664598.4995539187,3999158.8186453437,0.7247026934551286,-0.02859928111367312,247,49,22,22,0,98,52,20,32,100,42,30,12
abce4c58896057ca,2021.07.24.19.10.14_veh-37_02937_03698,on_traffic_light_intersection,76,1627157353999993,0.049991,664599.1754025909,3999160.073714592,-2.0652966008119584,664598.4820238999,3999158.787733647,0.7346189434265367,-0.028591084953164477,251,49,22,22,0,99,52,20,32,103,42,30,12
abce4c58896057ca,2021.07.24.19.10.14_veh-37_02937_03698,on_traffic_light_intersection,77,1627157354049984,0.049991,664599.1575825316,3999160.0424670856,-2.0652353998554935,664598.4642825451,3999158.7564437077,0.7441987714633592,-0.027424444628089496,251,49,22,22,0,99,52,20,32,103,42,30,12
abce4c58896057ca,2021.07.24.19.10.14_veh-37_02937_03698,on_traffic_light_intersection,78,1627157354099973,0.049989,664599.1387120996,3999160.010670005,-2.0652597041436547,664598.4453808574,3999158.7246634774,0.7541803103658178,-0.028596709602548592,251,50,22,22,0,98,52,20,32,103,41,30,11
abce4c58896057ca,2021.07.24.19.10.14_veh-37_02937_03698,on_traffic_light_intersection,79,1627157354149960,0.049987,664599.1203777608,3999159.977814309,-2.065271141292927,664598.4270318105,3999158.691815711,0.7640893546208338,-0.028496021485246086,251,50,22,22,0,98,52,20,32,103,41,30,11
abce4c58896057ca,2021.07.24.19.10.14_veh-37_02937_03698,on_traffic_light_intersection,80,1627157354199944,0.049984,664599.1020398396,3999159.944392524,-2.0652823568772223,664598.4086794661,3999158.658401703,0.7736325464727575,-0.027594352443204215,251,50,22,22,0,98,52,20,32,103,40,30,10
abce4c58896057ca,2021.07.24.19.10.14_veh-37_02937_03698,on_traffic_light_intersection,81,1627157354249924,0.04998,664599.0841938994,3999159.910885356,-2.0653383926982785,664598.3907614654,3999158.6249333895,0.7837701975421345,-0.02542403173120625,250,50,22,22,0,98,52,20,32,102,39,30,9
abce4c58896057ca,2021.07.24.19.10.14_veh-37_02937_03698,on_traffic_light_intersection,82,1627157354299904,0.04998,664599.0659100106,3999159.8772090925,-2.0654057083683663,664598.3723910134,3999158.591303808,0.798248506685133,-0.02525040787447004,249,50,22,22,0,98,52,20,32,101,39,30,9
abce4c58896057ca,2021.07.24.19.10.14_veh-37_02937_03698,on_traffic_light_intersection,83,1627157354349886,0.049982,664599.0466381337,3999159.841850581,-2.065483998363262,664598.3530184652,3999158.555999596,0.8214752756027596,-0.025186972990558106,249,50,22,22,0,98,52,20,32,101,39,30,9
abce4c58896057ca,2021.07.24.19.10.14_veh-37_02937_03698,on_traffic_light_intersection,84,1627157354399868,0.049982,664599.0273952152,3999159.8061788473,-2.065592783770952,664598.333635669,3999158.5204033256,0.8476560699238651,-0.024028661618634994,247,50,22,22,0,98,52,20,32,99,39,30,9
abce4c58896057ca,2021.07.24.19.10.14_veh-37_02937_03698,on_traffic_light_intersection,85,1627157354449854,0.049986,664599.0070070779,3999159.7691690265,-2.0657565443695205,664598.3130369816,3999158.4835071326,0.8810973499501186,-0.02329918601551564,248,51,22,22,0,98,52,20,32,99,39,30,9
abce4c58896057ca,2021.07.24.19.10.14_veh-37_02937_03698,on_traffic_light_intersection,86,1627157354499845,0.049991,664598.9862280352,3999159.7314498955,-2.0658616721952803,664598.2921227838,3999158.4458609642,0.918571168363375,-0.023438178836409914,249,51,22,22,0,99,52,20,32,99,40,30,10
abce4c58896057ca,2021.07.24.19.10.14_veh-37_02937_03698,on_traffic_light_intersection,87,1627157354549838,0.049993,664598.9645748262,3999159.691240017,-2.065997814731149,664598.270294558,3999158.4057455948,0.958509042822389,-0.023155202672152438,249,52,21,21,0,99,52,20,32,98,40,30,10
abce4c58896057ca,2021.07.24.19.10.14_veh-37_02937_03698,on_traffic_light_intersection,88,1627157354599833,0.049995,664598.9420977236,3999159.649787784,-2.0661806700973977,664598.2475824074,3999158.364420336,1.0069237396787916,-0.023560916970051474,248,51,21,21,0,98,52,20,32,99,41,30,11
abce4c58896057ca,2021.07.24.19.10.14_veh-37_02937_03698,on_traffic_light_intersection,89,1627157354649828,0.049995,664598.9185502605,3999159.6060685366,-2.066358650917465,664598.2238061846,3999158.3208247195,1.062304085433274,-0.0238596009797968,248,51,21,21,0,98,52,20,32,99,41,30,11
abce4c58896057ca,2021.07.24.19.10.14_veh-37_02937_03698,on_traffic_light_intersection,90,1627157354699826,0.049998,664598.8920773711,3999159.5582239563,-2.0664689225236956,664598.1971915736,3999158.2730567576,1.1238382708961263,-0.025461912013020935,248,51,21,21,0,98,52,20,32,99,41,30,11
abce4c58896057ca,2021.07.24.19.10.14_veh-37_02937_03698,on_traffic_light_intersection,91,1627157354749829,0.050003,664598.8649058718,3999159.509034851,-2.066597569336834,664598.1698547472,3999158.223957058,1.1797699378108453,-0.027105936773221914,251,51,21,21,0,98,52,20,32,102,43,30,13
abce4c58896057ca,2021.07.24.19.10.14_veh-37_02937_03698,on_traffic_light_intersection,92,1627157354799835,0.050006,664598.835728285,3999159.456709611,-2.066709699777265,664598.1405330686,3999158.1717097624,1.2396322107917954,-0.029068465504289695,250,51,21,21,0,97,52,20,32,102,43,30,13
abce4c58896057ca,2021.07.24.19.10.14_veh-37_02937_03698,on_traffic_light_intersection,93,1627157354849846,0.050011,664598.8053844308,3999159.399714665,-2.066780584487666,664598.1100981293,3999158.1147640985,1.3035578505604264,-0.029244928184608453,249,51,21,21,0,97,52,20,32,101,42,30,12
abce4c58896057ca,2021.07.24.19.10.14_veh-37_02937_03698,on_traffic_light_intersection,94,1627157354899860,0.050014,664598.7744695691,3999159.3417367307,-2.066868146694778,664598.079070757,3999158.05684705,1.3668674984514322,-0.029345039819519143,250,51,21,21,0,98,52,20,32,101,42,30,12
abce4c58896057ca,2021.07.24.19.10.14_veh-37_02937_03698,on_traffic_light_intersection,95,1627157354949878,0.050018,664598.7409968959,3999159.279209196,-2.0668558391759997,664598.0456138977,3999157.9943109564,1.427802742561162,-0.029750005882086504,249,52,19,19,0,97,52,20,32,100,42,30,12
abce4c58896057ca,2021.07.24.19.10.14_veh-37_02937_03698,on_traffic_light_intersection,96,1627157354999898,0.05002,664598.7067512868,3999159.2153477636,-2.066937005455234,664598.0112640004,3999157.93050597,1.49182638022414,-0.030233078699264785,249,52,19,19,0,97,52,20,32,100,42,30,12
abce4c58896057ca,2021.07.24.19.10.14_veh-37_02937_03698,on_traffic_light_intersection,97,1627157355049922,0.050024,664598.6721759824,3999159.150017259,-2.0670196336670923,664597.9765825343,3999157.865232937,1.5550700167845268,-0.029511647554783985,250,52,19,19,0,98,52,20,32,100,42,30,12
abce4c58896057ca,2021.07.24.19.10.14_veh-37_02937_03698,on_traffic_light_intersection,98,1627157355099945,0.050023,664598.6350779596,3999159.078950187,-2.0670542495760684,664597.9394400379,3999157.7941899444,1.6209251195862036,-0.029752909166570977,250,52,19,19,0,98,52,20,32,100,43,30,13
abce4c58896057ca,2021.07.24.19.10.14_veh-37_02937_03698,on_traffic_light_intersection,99,1627157355149966,0.050021,664598.5966373985,3999159.0059603592,-2.067183490809817,664597.9008334386,3999157.721290032,1.6850283897674887,-0.030078780539214894,251,53,20,20,0,98,52,20,32,100,43,30,13
abce4c58896057ca,2021.07.24.19.10.14_veh-37_02937_03698,on_traffic_light_intersection,100,1627157355199982,0.050016,664598.555821715,3999158.9303616835,-2.067310134906715,664597.8598550649,3999157.6457794863,1.7496890731178556,-0.030173873088824122,250,53,21,21,0,98,52,20,32,99,43,30,13
2a36b4bcb7c45686,2021.07.24.15.54.20_veh-47_03573_05252,traversing_intersection,0,1627146591250215,,664254.7839259641,3996274.1247470733,0.9405704873264289,664255.6449330434,3996275.3050808436,3.513405888850757,0.026384056295610196,77,13,6,6,0,11,0,0,0,34,23,23,0
2a36b4bcb7c45686,2021.07.24.15.54.20_veh-47_03573_05252,traversing_intersection,1,1627146591300209,0.049994,664254.8849700995,3996274.2660563146,0.9166954824854662,664255.7739095939,3996275.425499101,3.537353421548599,0.03664286466681933,75,13,6,6,0,11,0,0,0,32,22,22,0
2a36b4bcb7c45686,2021.07.24.15.54.20_veh-47_03573_05252,traversing_intersection,2,1627146591350200,0.049991,664254.9898659575,3996274.405676885,0.8937051170193133,664255.9052242,3996275.544378026,3.5512650209974526,0.04335094715878812,76,13,6,6,0,11,0,0,0,32,22,22,0
2a36b4bcb7c45686,2021.07.24.15.54.20_veh-47_03573_05252,traversing_intersection,3,1627146591400187,0.049987,664255.0967276111,3996274.5439725034,0.8699854512787479,664256.0388354429,3996275.660643374,3.5763798087254086,0.04934557185431981,76,13,6,6,0,11,0,0,0,32,22,22,0
2a36b4bcb7c45686,2021.07.24.15.54.20_veh-47_03573_05252,traversing_intersection,4,1627146591450166,0.049979,664255.2095707877,3996274.6815133616,0.84421294613757,664256.1801419723,3996275.773535603,3.6032057165676674,0.04443978063327131,76,13,6,6,0,11,0,0,0,32,22,22,0
2a36b4bcb7c45686,2021.07.24.15.54.20_veh-47_03573_05252,traversing_intersection,5,1627146591500143,0.049977,664255.3235444862,3996274.8121139067,0.8182850071100072,664256.3221001658,3996275.8786070175,3.6279124438379755,0.04584919700634019,75,13,6,6,0,11,0,0,0,31,20,20,0
2a36b4bcb7c45686,2021.07.24.15.54.20_veh-47_03573_05252,traversing_intersection,6,1627146591550118,0.049975,664255.444319105,3996274.9434978645,0.791195918802016,664256.4713952204,3996275.982553038,3.6535193272227002,0.054431584047863614,76,13,6,6,0,11,0,0,0,31,20,20,0
2a36b4bcb7c45686,2021.07.24.15.54.20_veh-47_03573_05252,traversing_intersection,7,1627146591600089,0.049971,664255.5696183388,3996275.073908098,0.7624797258543028,664256.6261046178,3996276.0830452256,3.683013969779615,0.06839822696170098,75,13,6,6,0,11,0,0,0,30,19,19,0
2a36b4bcb7c45686,2021.07.24.15.54.20_veh-47_03573_05252,traversing_intersection,8,1627146591650057,0.049968,664255.6984480625,3996275.200696307,0.7341513275735772,664256.7830938709,3996276.1795039847,3.696439086186319,0.0767533176662357,75,13,6,6,0,11,0,0,0,30,19,19,0
2a36b4bcb7c45686,2021.07.24.15.54.20_veh-47_03573_05252,traversing_intersection,9,1627146591700022,0.049965,664255.8308473071,3996275.3224123293,0.7044067777691901,664256.9441232379,3996276.268529501,3.710738503326873,0.08146808519394409,75,13,6,6,0,11,0,0,0,30,19,19,0
2a36b4bcb7c45686,2021.07.24.15.54.20_veh-47_03573_05252,traversing_intersection,10,1627146591749987,0.049965,664255.9692005771,3996275.441736754,0.6735250197369713,664257.1111588116,3996276.35302836,3.7265998723328666,0.07873491974964716,74,13,6,6,0,11,0,0,0,29,18,18,0
2a36b4bcb7c45686,2021.07.24.15.54.20_veh-47_03573_05252,traversing_intersection,11,1627146591799948,0.049961,664256.1087137894,3996275.5559289893,0.6430167175075121,664257.2779382697,3996276.43196273,3.746236290944139,0.07138842497316415,74,13,6,6,0,11,0,0,0,29,18,18,0
2a36b4bcb7c45686,2021.07.24.15.54.20_veh-47_03573_05252,traversing_intersection,12,1627146591849906,0.049958,664256.2521138877,3996275.665314516,0.6125680633466911,664257.4474663307,3996276.5053463825,3.7715797182108894,0.05763110149293002,74,13,6,6,0,11,0,0,0,29,18,18,0
2a36b4bcb7c45686,2021.07.24.15.54.20_veh-47_03573_05252,traversing_intersection,13,1627146591899862,0.049956,664256.4018162849,3996275.772287586,0.5813301804459888,664257.6228221094,3996276.5745754247,3.805714787151854,0.050106210974206936,72,13,6,6,0,10,0,0,0,28,17,17,0
2a36b4bcb7c45686,2021.07.24.15.54.20_veh-47_03573_05252,traversing_intersection,14,1627146591949816,0.049954,664256.5560927716,3996275.8745562793,0.5509081048893842,664257.8009371142,3996276.639333085,3.8377052601146033,0.04248600886917513,72,13,6,6,0,10,0,0,0,28,17,17,0
2a36b4bcb7c45686,2021.07.24.15.54.20_veh-47_03573_05252,traversing_intersection,15,1627146591999774,0.049958,664256.715192426,3996275.9726102077,0.5199463601266641,664257.9831151852,3996276.698484079,3.876797212861866,0.04388985449100873,72,13,6,6,0,10,0,0,0,28,18,18,0
2a36b4bcb7c45686,2021.07.24.15.54.20_veh-47_03573_05252,traversing_intersection,16,1627146592049733,0.049959,664256.8784053829,3996276.067115256,0.48981974655297844,664258.1676176079,3996276.754467305,3.922351807499519,0.04702802215268157,71,13,6,6,0,10,0,0,0,28,18,18,0
2a36b4bcb7c45686,2021.07.24.15.54.20_veh-47_03573_05252,traversing_intersection,17,1627146592099696,0.049963,664257.0463732474,3996276.156868547,0.46017814707813903,664258.3553903778,3996276.8057099395,3.9622364970851787,0.04075084588287229,69,13,6,6,0,10,0,0,0,26,17,17,0
2a36b4bcb7c45686,2021.07.24.15.54.20_veh-47_03573_05252,traversing_intersection,18,1627146592149665,0.049969,664257.2183208073,3996276.2431289237,0.431049075626881,664258.5456800993,3996276.853570002,4.008620736942851,0.033555378030222634,67,13,6,6,0,10,0,0,0,24,15,15,0
2a36b4bcb7c45686,2021.07.24.15.54.20_veh-47_03573_05252,traversing_intersection,19,1627146592199633,0.049968,664257.3954968611,3996276.3247933616,0.4017860929577601,664258.7401486473,3996276.896136143,4.050673476642459,0.023397858334568,68,13,6,6,0,12,0,0,0,23,15,15,0
2a36b4bcb7c45686,2021.07.24.15.54.20_veh-47_03573_05252,traversing_intersection,20,1627146592249599,0.049966,664257.5777784035,3996276.402810619,0.37393236930829443,664258.9378205793,3996276.936483066,4.093896150907921,0.011682596045475977,68,13,6,6,0,12,0,0,0,23,15,15,0
2a36b4bcb7c45686,2021.07.24.15.54.20_veh-47_03573_05252,traversing_intersection,21,1627146592299565,0.049966,664257.7604157779,3996276.4755070657,0.34618262637664693,664259.1347417108,3996276.9712380716,4.140550417537137,0.001938195084596893,69,13,6,6,0,12,0,0,0,24,15,15,0
2a36b4bcb7c45686,2021.07.24.15.54.20_veh-47_03573_05252,traversing_intersection,22,1627146592349526,0.049961,664257.9504344421,3996276.5448865755,0.3190821139449267,664259.3376886473,3996277.0031951726,4.1850418820316255,-0.02434255192751954,69,13,6,6,0,12,0,0,0,24,15,15,0
2a36b4bcb7c45686,2021.07.24.15.54.20_veh-47_03573_05252,traversing_intersection,23,1627146592399484,0.049958,664258.144574654,3996276.6090402286,0.2937461525615534,664259.5429940829,3996277.032058078,4.235818825829446,-0.05023888307094551,69,13,6,6,0,12,0,0,0,24,14,14,0
2a36b4bcb7c45686,2021.07.24.15.54.20_veh-47_03573_05252,traversing_intersection,24,1627146592449438,0.049954,664258.340567554,3996276.6692759553,0.2690720427310983,664259.7489978472,3996277.0576637886,4.279776609601172,-0.05885996402129368,68,13,6,6,0,12,0,0,0,22,13,13,0
2a36b4bcb7c45686,2021.07.24.15.54.20_veh-47_03573_05252,traversing_intersection,25,1627146592499389,0.049951,664258.5401199138,3996276.7254387755,0.2455630784353711,664259.95729078,3996277.0806116005,4.327395397363362,-0.06421045519402706,67,13,6,6,0,12,0,0,0,21,12,12,0
2a36b4bcb7c45686,2021.07.24.15.54.20_veh-47_03573_05252,traversing_intersection,26,1627146592549340,0.049951,664258.7427965854,3996276.7762192227,0.22453250310913603,664260.1671230048,3996277.1015117853,4.38881719240774,-0.0724909344041225,66,13,6,6,0,12,0,0,0,20,11,11,0
2a36b4bcb7c45686,2021.07.24.15.54.20_veh-47_03573_05252,traversing_intersection,27,1627146592599290,0.04995,664258.9499489347,3996276.823819014,0.20351274014922086,664260.3807977793,3996277.1191029176,4.447926214294629,-0.06701261115879213,67,13,6,6,0,14,0,0,0,19,10,10,0
2a36b4bcb7c45686,2021.07.24.15.54.20_veh-47_03573_05252,traversing_intersection,28,1627146592649243,0.049953,664259.1614119433,3996276.8673551697,0.18433126223558052,664260.5976612049,3996277.135140641,4.513995433084372,-0.06415668369373809,66,13,6,6,0,14,0,0,0,18,10,10,0
2a36b4bcb7c45686,2021.07.24.15.54.20_veh-47_03573_05252,traversing_intersection,29,1627146592699196,0.049953,664259.3772892519,3996276.908410292,0.16596479445211404,664260.818214274,3996277.1497732564,4.567875389162983,-0.06337682906807353,65,13,6,6,0,14,0,0,0,17,9,9,0
2a36b4bcb7c45686,2021.07.24.15.54.20_veh-47_03573_05252,traversing_intersection,30,1627146592749151,0.049955,664259.5968910755,3996276.9451073636,0.14816404799131488,664261.0418840272,3996277.1607839023,4.6272934562949635,-0.0641069029726703,66,13,6,6,0,14,0,0,0,18,10,10,0
2a36b4bcb7c45686,2021.07.24.15.54.20_veh-47_03573_05252,traversing_intersection,31,1627146592799106,0.049955,664259.8188337374,3996276.9769348726,0.13182117543682384,664261.2671583395,3996277.168968325,4.683285143102036,-0.07194933557913787,66,13,6,6,0,14,0,0,0,18,9,9,0
2a36b4bcb7c45686,2021.07.24.15.54.20_veh-47_03573_05252,traversing_intersection,32,1627146592849059,0.049953,664260.0471395822,3996277.0061513344,0.11587825571280282,664261.4983415672,3996277.1750708376,4.734310744166099,-0.07909737786453643,66,13,6,6,0,14,0,0,0,18,9,9,0
2a36b4bcb7c45686,2021.07.24.15.54.20_veh-47_03573_05252,traversing_intersection,33,1627146592899009,0.04995,664260.279103562,3996277.031308275,0.1010041413301741,664261.732657454,3996277.1786245443,4.7871636926836665,-0.0930481776790054,66,13,6,6,0,14,1,1,0,18,9,9,0
2a36b4bcb7c45686,2021.07.24.15.54.20_veh-47_03573_05252,traversing_intersection,34,1627146592948956,0.049947,664260.510918128,3996277.052686615,0.08789766056673272,664261.9662779187,3996277.1809398006,4.840896592149611,-0.10596852290665947,63,12,6,6,0,13,2,2,0,17,9,9,0
2a36b4bcb7c45686,2021.07.24.15.54.20_veh-47_03573_05252,traversing_intersection,35,1627146592998901,0.049945,664260.7467828152,3996277.0717148073,0.07594729053860744,664262.2035713227,3996277.182567161,4.9022907094624655,-0.12789850963419913,62,12,6,6,0,12,2,2,0,17,9,9,0
2a36b4bcb7c45686,2021.07.24.15.54.20_veh-47_03573_05252,traversing_intersection,36,1627146593048845,0.049944,664260.9876231231,3996277.0876711532,0.06519979053366769,664262.4455188583,3996277.182860572,4.962105346445535,-0.15909938672949428,62,12,6,6,0,12,2,2,0,17,9,9,0
2a36b4bcb7c45686,2021.07.24.15.54.20_veh-47_03573_05252,traversing_intersection,37,1627146593098792,0.049947,664261.2308158465,3996277.1007425864,0.056320542233688986,664262.6894993103,3996277.1829834045,5.022222475118903,-0.17706646380404817,62,12,6,6,0,12,2,2,0,17,9,9,0
2a36b4bcb7c45686,2021.07.24.15.54.20_veh-47_03573_05252,traversing_intersection,38,1627146593148747,0.049955,664261.4811021446,3996277.112428043,0.04810400316487817,664262.940412097,3996277.1826808904,5.078692486968603,-0.18031456081369013,61,12,6,6,0,12,2,2,0,16,8,8,0
2a36b4bcb7c45686,2021.07.24.15.54.20_veh-47_03573_05252,traversing_intersection,39,1627146593198709,0.049962,664261.7292072236,3996277.1232309146,0.04152310041044696,664263.1889479,3996277.183878733,5.132359663126285,-0.17803353147611314,59,12,6,6,0,10,2,2,0,16,8,8,0
2a36b4bcb7c45686,2021.07.24.15.54.20_veh-47_03573_05252,traversing_intersection,40,1627146593248679,0.04997,664261.9813728975,3996277.134517096,0.03622621269734808,664263.4414143391,3996277.187432017,5.188778669705634,-0.17103872912225937,57,11,6,6,0,10,2,2,0,15,8,8,0
2a36b4bcb7c45686,2021.07.24.15.54.20_veh-47_03573_05252,traversing_intersection,41,1627146593298659,0.04998,664262.2361397027,3996277.1438871915,0.032022999269773346,664263.6963906591,3996277.1906647976,5.242993476547543,-0.17533042046205885,55,11,6,6,0,10,2,2,0,13,8,8,0
2a36b4bcb7c45686,2021.07.24.15.54.20_veh-47_03573_05252,traversing_intersection,42,1627146593348647,0.049988,664262.4982427831,3996277.1546077617,0.028694075860026737,664263.9586413673,3996277.196524054,5.298142696788134,-0.17625758210718773,48,11,6,6,0,5,2,2,0,13,8,8,0
2a36b4bcb7c45686,2021.07.24.15.54.20_veh-47_03573_05252,traversing_intersection,43,1627146593398647,0.05,664262.7552442948,3996277.1618390395,0.026038777213343533,664264.2157490307,3996277.1998773944,5.337318038590252,-0.17606086569775048,48,11,6,6,0,5,2,2,0,13,7,7,0
2a36b4bcb7c45686,2021.07.24.15.54.20_veh-47_03573_05252,traversing_intersection,44,1627146593448658,0.050011,664263.0227982769,3996277.1718371175,0.023852364928762713,664264.4833826893,3996277.2066821186,5.3911526937537,-0.165941134568301,45,11,6,6,0,4,2,2,0,12,7,7,0
2a36b4bcb7c45686,2021.07.24.15.54.20_veh-47_03573_05252,traversing_intersection,45,1627146593498685,0.050027,664263.2872786475,3996277.180753625,0.022147926895378995,664264.7479203296,3996277.2131091007,5.443030355191705,-0.15356906092146488,45,11,6,6,0,4,2,2,0,12,6,6,0
2a36b4bcb7c45686,2021.07.24.15.54.20_veh-47_03573_05252,traversing_intersection,46,1627146593548726,0.050041,664263.5529934706,3996277.1895085047,0.020734865718924522,664265.0136794145,3996277.219799973,5.491028700799584,-0.13945994526282657,44,11,6,6,0,4,2,2,0,12,6,6,0
2a36b4bcb7c45686,2021.07.24.15.54.20_veh-47_03573_05252,traversing_intersection,47,1627146593598780,0.050054,664263.8190635258,3996277.1964054084,0.019073016353650656,664265.2797977926,3996277.2242693957,5.5449927544489315,-0.12785442771556732,42,11,6,6,0,4,2,2,0,10,6,6,0
2a36b4bcb7c45686,2021.07.24.15.54.20_veh-47_03573_05252,traversing_intersection,48,1627146593648837,0.050057,664264.0917158605,3996277.2065665373,0.01793696682769268,664265.5524808395,3996277.2327710404,5.59773905225526,-0.12529644771324516,42,11,6,6,0,4,2,2,0,10,6,6,0
2a36b4bcb7c45686,2021.07.24.15.54.20_veh-47_03573_05252,traversing_intersection,49,1627146593698895,0.050058,664264.369015809,3996277.2147569438,0.01669705938444869,664265.8298121564,3996277.239150214,5.646273235986634,-0.13995867877115076,42,11,6,6,0,4,2,2,0,10,6,6,0
2a36b4bcb7c45686,2021.07.24.15.54.20_veh-47_03573_05252,traversing_intersection,50,1627146593748951,0.050056,664264.6409674503,3996277.2189861047,0.01586218283520947,664266.101783654,3996277.242159782,5.674560502919633,-0.15652436912770074,41,11,6,6,0,4,2,2,0,9,6,6,0
2a36b4bcb7c45686,2021.07.24.15.54.20_veh-47_03573_05252,traversing_intersection,51,1627146593799007,0.050056,664264.9243509935,3996277.2245588643,0.015179231388481592,664266.3851826829,3996277.2467348697,5.708594111099844,-0.1531093610225108,39,10,6,6,0,4,2,2,0,8,5,5,0
2a36b4bcb7c45686,2021.07.24.15.54.20_veh-47_03573_05252,traversing_intersection,52,1627146593849061,0.050054,664265.2059117039,3996277.228761954,0.014441559209159158,664266.6667593544,3996277.2498603384,5.744444211689053,-0.1521025942217571,37,9,6,6,0,4,2,2,0,7,4,4,0
2a36b4bcb7c45686,2021.07.24.15.54.20_veh-47_03573_05252,traversing_intersection,53,1627146593899117,0.050056,664265.481364778,3996277.2316035195,0.014096959060824492,664266.9422196123,3996277.2521984945,5.773088056661468,-0.16310459041273537,35,9,6,6,0,4,2,2,0,5,2,2,0
2a36b4bcb7c45686,2021.07.24.15.54.20_veh-47_03573_05252,traversing_intersection,54,1627146593949172,0.050055,664265.7657651696,3996277.234464389,0.014228144941683896,664267.2266172896,3996277.255251007,5.792255093359438,-0.16274508239562005,33,8,6,6,0,4,2,2,0,4,2,2,0
2a36b4bcb7c45686,2021.07.24.15.54.20_veh-47_03573_05252,traversing_intersection,55,1627146593999224,0.050052,664266.051404749,3996277.236729599,0.014218257262443698,664267.5122570745,3996277.257501773,5.803317711763369,-0.152059914875861,32,8,6,6,0,4,2,2,0,4,2,2,0
2a36b4bcb7c45686,2021.07.24.15.54.20_veh-47_03573_05252,traversing_intersection,56,1627146594049273,0.050049,664266.3432659259,3996277.239082919,0.014348441022203303,664267.8041155348,3996277.260045272,5.822833827460421,-0.15567246064680348,31,8,6,6,0,4,2,2,0,3,2,2,0
2a36b4bcb7c45686,2021.07.24.15.54.20_veh-47_03573_05252,traversing_intersection,57,1627146594099319,0.050046,664266.6283058912,3996277.2410922106,0.014847821405284864,664268.0891448497,3996277.2627840806,5.838803145415676,-0.15594174762802437,31,8,6,6,0,4,2,2,0,3,2,2,0
2a36b4bcb7c45686,2021.07.24.15.54.20_veh-47_03573_05252,traversing_intersection,58,1627146594149364,0.050045,664266.9123963349,3996277.2429003613,0.015260209741492371,664268.3732262237,3996277.2651946624,5.847449913106073,-0.1483536186143682,31,8,6,6,0,4,2,2,0,3,2,2,0
2a36b4bcb7c45686,2021.07.24.15.54.20_veh-47_03573_05252,traversing_intersection,59,1627146594199408,0.050044,664267.2042727398,3996277.2446554215,0.015875825724430973,664268.6650886271,3996277.2678490286,5.85231328845293,-0.1388229269880338,31,8,6,6,0,4,2,2,0,3,2,2,0
2a36b4bcb7c45686,2021.07.24.15.54.20_veh-47_03573_05252,traversing_intersection,60,1627146594249452,0.050044,664267.4877283608,3996277.247439796,0.01649137808262652,664268.9485296945,3996277.2715326073,5.852048451679363,-0.1285809230317151,31,8,6,6,0,4,2,2,0,3,2,2,0
2a36b4bcb7c45686,2021.07.24.15.54.20_veh-47_03573_05252,traversing_intersection,61,1627146594299496,0.050044,664267.781184938,3996277.249893688,0.017193841522356423,664269.2419689869,3996277.275012653,5.8549400312047215,-0.12899921273319123,31,8,6,6,0,4,2,2,0,3,2,2,0
2a36b4bcb7c45686,2021.07.24.15.54.20_veh-47_03573_05252,traversing_intersection,62,1627146594349539,0.050043,664268.0663403154,3996277.252157633,0.017915718604674995,664269.5271058509,3996277.2783310977,5.858740800300284,-0.13432201195820748,31,8,6,6,0,4,2,2,0,3,2,2,0
2a36b4bcb7c45686,2021.07.24.15.54.20_veh-47_03573_05252,traversing_intersection,63,1627146594399581,0.050042,664268.3575247254,3996277.255280764,0.01848849174360435,664269.8182750298,3996277.2822909113,5.854521004472529,-0.1480873779424829,31,8,6,6,0,4,2,2,0,3,2,2,0
2a36b4bcb7c45686,2021.07.24.15.54.20_veh-47_03573_05252,traversing_intersection,64,1627146594449624,0.050043,664268.6451719449,3996277.2573969774,0.019020378001980084,664270.1059076764,3996277.285184074,5.85938985265413,-0.16114122304556833,31,8,6,6,0,4,2,2,0,3,2,2,0
2a36b4bcb7c45686,2021.07.24.15.54.20_veh-47_03573_05252,traversing_intersection,65,1627146594499668,0.050044,664268.9313697701,3996277.2602454876,0.01947152697599139,664270.3920928168,3996277.288691591,5.875390858113883,-0.1536284629994574,31,8,6,6,0,4,2,2,0,3,2,2,0
2a36b4bcb7c45686,2021.07.24.15.54.20_veh-47_03573_05252,traversing_intersection,66,1627146594549716,0.050048,664269.2183457515,3996277.265272158,0.01995237651780867,664270.6790549511,3996277.294420646,5.87802066829512,-0.13860671069865776,31,8,5,5,0,4,2,2,0,3,2,2,0
2a36b4bcb7c45686,2021.07.24.15.54.20_veh-47_03573_05252,traversing_intersection,67,1627146594599762,0.050046,664269.5058468551,3996277.27151586,0.02038429665874871,664270.9665433286,3996277.3012952553,5.881139993627979,-0.13652351188500492,31,8,5,5,0,4,2,2,0,3,2,2,0
2a36b4bcb7c45686,2021.07.24.15.54.20_veh-47_03573_05252,traversing_intersection,68,1627146594649808,0.050046,664269.79188507,3996277.2775427513,0.02094869290771169,664271.2525645035,3996277.308146553,5.881122184767385,-0.1386005026471768,31,8,5,5,0,4,2,2,0,3,2,2,0
2a36b4bcb7c45686,2021.07.24.15.54.20_veh-47_03573_05252,traversing_intersection,69,1627146594699854,0.050046,664270.0780736356,3996277.2829888114,0.021361322980269857,664271.5387403166,3996277.3141953307,5.876974579788757,-0.14178324674623344,31,8,5,5,0,4,2,2,0,3,2,2,0
2a36b4bcb7c45686,2021.07.24.15.54.20_veh-47_03573_05252,traversing_intersection,70,1627146594749897,0.050043,664270.3606108769,3996277.289308487,0.021601736469975645,664271.8212700133,3996277.3208661694,5.874525350758864,-0.1396388526780499,31,8,5,5,0,4,2,2,0,3,2,2,0
2a36b4bcb7c45686,2021.07.24.15.54.20_veh-47_03573_05252,traversing_intersection,71,1627146594799939,0.050042,664270.6504500202,3996277.2961952942,0.02189779138923227,664272.1110997498,3996277.3281854107,5.8748563863549705,-0.13357929836324053,30,8,5,5,0,4,2,2,0,2,2,2,0
2a36b4bcb7c45686,2021.07.24.15.54.20_veh-47_03573_05252,traversing_intersection,72,1627146594849980,0.050041,664270.9329741681,3996277.3027511565,0.022289209265620964,664272.3936112643,3996277.335312995,5.869256579543601,-0.1298056051978988,30,8,5,5,0,4,2,2,0,2,2,2,0
2a36b4bcb7c45686,2021.07.24.15.54.20_veh-47_03573_05252,traversing_intersection,73,1627146594900022,0.050042,664271.2219362259,3996277.310708141,0.022653249690051232,664272.6825613715,3996277.343801708,5.8706495625554,-0.12568720230803307,31,8,5,5,0,5,2,2,0,2,2,2,0
2a36b4bcb7c45686,2021.07.24.15.54.20_veh-47_03573_05252,traversing_intersection,74,1627146594950065,0.050043,664271.5112885181,3996277.3193580625,0.02308016363510793,664272.9718994024,3996277.3530751877,5.870664210539557,-0.12251483261009916,31,8,5,5,0,5,2,2,0,2,2,2,0
2a36b4bcb7c45686,2021.07.24.15.54.20_veh-47_03573_05252,traversing_intersection,75,1627146595000108,0.050043,664271.7956811355,3996277.3273553094,0.02354895446560634,664273.256276053,3996277.3617571522,5.86914779030885,-0.12071092641430711,31,8,5,5,0,5,2,2,0,2,2,2,0
2a36b4bcb7c45686,2021.07.24.15.54.20_veh-47_03573_05252,traversing_intersection,76,1627146595050148,0.05004,664272.0820773155,3996277.3356042267,0.02397795062804321,664273.5426573404,3996277.370632656,5.869342066193062,-0.11809241757169077,31,8,5,5,0,5,2,2,0,2,2,2,0
2a36b4bcb7c45686,2021.07.24.15.54.20_veh-47_03573_05252,traversing_intersection,77,1627146595100182,0.050034,664272.3689118134,3996277.3430693215,0.02435924546228799,664273.829478376,3996277.3786546597,5.864980434262264,-0.11587022926790874,30,8,5,5,0,4,2,2,0,2,2,2,0
2a36b4bcb7c45686,2021.07.24.15.54.20_veh-47_03573_05252,traversing_intersection,78,1627146595150208,0.050026,664272.6563405371,3996277.349610366,0.024813878817034868,664274.1168907705,3996277.3858597227,5.856822558402756,-0.1139840189700796,30,8,5,5,0,4,2,2,0,2,2,2,0
2a36b4bcb7c45686,2021.07.24.15.54.20_veh-47_03573_05252,traversing_intersection,79,1627146595200225,0.050017,664272.9382972065,3996277.3554612827,0.025209636036582658,664274.3988329796,3996277.3922886597,5.853569020218796,-0.11486811096480808,30,8,5,5,0,4,2,2,0,2,2,2,0
2a36b4bcb7c45686,2021.07.24.15.54.20_veh-47_03573_05252,traversing_intersection,80,1627146595250234,0.050009,664273.2229496927,3996277.3609954626,0.02559293186752191,664274.6834712427,3996277.3983826544,5.84888678597006,-0.12223662967157171,30,8,5,5,0,4,2,2,0,2,2,2,0
2a36b4bcb7c45686,2021.07.24.15.54.20_veh-47_03573_05252,traversing_intersection,81,1627146595300237,0.050003,664273.5141597643,3996277.3656166736,0.02599947135953846,664274.9746659942,3996277.4035976217,5.842167642350611,-0.12862591024172287,30,8,5,5,0,4,2,2,0,2,2,2,0
2a36b4bcb7c45686,2021.07.24.15.54.20_veh-47_03573_05252,traversing_intersection,82,1627146595350234,0.049997,664273.797780723,3996277.370941444,0.02639986893142005,664275.2582716283,3996277.409507172,5.837938466230484,-0.12924122155412868,30,8,5,5,0,4,2,2,0,2,2,2,0
2a36b4bcb7c45686,2021.07.24.15.54.20_veh-47_03573_05252,traversing_intersection,83,1627146595400223,0.049989,664274.0797414781,3996277.375610143,0.026760065216350257,664275.5402183975,3996277.414701932,5.828870167041485,-0.1287350798697731,29,8,5,5,0,4,2,2,0,1,1,1,0
2a36b4bcb7c45686,2021.07.24.15.54.20_veh-47_03573_05252,traversing_intersection,84,1627146595450205,0.049982,664274.3647907943,3996277.380493557,0.027131007317522795,664275.8252531125,3996277.420127096,5.8236687570742625,-0.13645574005286992,29,8,5,5,0,4,2,2,0,1,1,1,0
2a36b4bcb7c45686,2021.07.24.15.54.20_veh-47_03573_05252,traversing_intersection,85,1627146595500180,0.049975,664274.6457247989,3996277.3859949713,0.02747714736438443,664276.1061733108,3996277.426134032,5.812233787538195,-0.14445369682328185,29,8,5,5,0,4,2,2,0,1,1,1,0
2a36b4bcb7c45686,2021.07.24.15.54.20_veh-47_03573_05252,traversing_intersection,86,1627146595550150,0.04997,664274.9268594567,3996277.390515056,0.02781151308542866,664276.3872944658,3996277.4311424387,5.803351065017336,-0.1466523986185072,29,8,5,5,0,4,2,2,0,1,1,1,0
2a36b4bcb7c45686,2021.07.24.15.54.20_veh-47_03573_05252,traversing_intersection,87,1627146595600117,0.049967,664275.214145499,3996277.395729103,0.02792489297568457,664276.6745758924,3996277.4365220694,5.794101011059216,-0.1427380839637147,28,7,5,5,0,4,2,2,0,1,1,1,0
2a36b4bcb7c45686,2021.07.24.15.54.20_veh-47_03573_05252,traversing_intersection,88,1627146595650079,0.049962,664275.4944444395,3996277.4013689845,0.02803374839762711,664276.9548703837,3996277.4423209266,5.787263358867103,-0.14120011573737323,28,7,5,5,0,4,2,2,0,1,1,1,0
2a36b4bcb7c45686,2021.07.24.15.54.20_veh-47_03573_05252,traversing_intersection,89,1627146595700037,0.049958,664275.7750493139,3996277.407754533,0.028032139453276428,664277.235475324,3996277.4487041254,5.778142019462837,-0.1453454598269159,28,7,5,5,0,4,2,2,0,1,1,1,0
2a36b4bcb7c45686,2021.07.24.15.54.20_veh-47_03573_05252,traversing_intersection,90,1627146595749995,0.049958,664276.0533696198,3996277.413986279,0.028139546263987736,664277.5137912232,3996277.455092731,5.772800254442187,-0.14851728423262925,29,7,5,5,0,4,2,2,0,1,1,1,0
2a36b4bcb7c45686,2021.07.24.15.54.20_veh-47_03573_05252,traversing_intersection,91,1627146595799954,0.049959,664276.3335728964,3996277.4211496897,0.02815168836527371,664277.7939940005,3996277.462273874,5.763734667895537,-0.1466458059284818,29,7,5,5,0,4,2,2,0,1,1,1,0
2a36b4bcb7c45686,2021.07.24.15.54.20_veh-47_03573_05252,traversing_intersection,92,1627146595849918,0.049964,664276.6131276754,3996277.4277063906,0.028131877738981025,664278.0735495939,3996277.4688016432,5.756660131915147,-0.14071114384363875,30,7,4,4,0,4,2,2,0,1,1,1,0
2a36b4bcb7c45686,2021.07.24.15.54.20_veh-47_03573_05252,traversing_intersection,93,1627146595899886,0.049968,664276.8948704483,3996277.4356673122,0.028097047484939047,664278.3552937973,3996277.476711698,5.748484977308093,-0.12946423088670203,30,7,4,4,0,4,2,2,0,1,1,1,0
2a36b4bcb7c45686,2021.07.24.15.54.20_veh-47_03573_05252,traversing_intersection,94,1627146595949856,0.04997,664277.1725926166,3996277.4451809064,0.028185197423215402,664278.6330123419,3996277.486354028,5.741264122617493,-0.11915785637403262,30,7,4,4,0,4,2,2,0,1,1,1,0
2a36b4bcb7c45686,2021.07.24.15.54.20_veh-47_03573_05252,traversing_intersection,95,1627146595999832,0.049976,664277.4501385888,3996277.453134636,0.02826934436022219,664278.9105548443,3996277.494430647,5.727706551823125,-0.1200030442127432,29,7,4,4,0,4,2,2,0,1,1,1,0
2a36b4bcb7c45686,2021.07.24.15.54.20_veh-47_03573_05252,traversing_intersection,96,1627146596049813,0.049981,664277.7309907787,3996277.460877927,0.028314016570090333,664279.191405188,3996277.5022391784,5.718342953703685,-0.13272279333260495,29,7,4,4,0,4,2,2,0,1,1,1,0
2a36b4bcb7c45686,2021.07.24.15.54.20_veh-47_03573_05252,traversing_intersection,97,1627146596099799,0.049986,664278.0065924395,3996277.4672659733,0.028396749851478612,664279.4670034219,3996277.5087480494,5.707566967078384,-0.14711623404702603,29,7,4,4,0,4,2,2,0,1,1,1,0
2a36b4bcb7c45686,2021.07.24.15.54.20_veh-47_03573_05252,traversing_intersection,98,1627146596149789,0.04999,664278.2806712989,3996277.4734804365,0.028552487950704492,664279.7410758032,3996277.5151899536,5.6991165413850435,-0.1471181094775539,29,7,4,4,0,4,2,2,0,1,1,1,0
2a36b4bcb7c45686,2021.07.24.15.54.20_veh-47_03573_05252,traversing_intersection,99,1627146596199781,0.049992,664278.5532908706,3996277.4796186103,0.02859443417684453,664280.0136936241,3996277.5213893857,5.689875732223133,-0.13525198811986897,30,7,4,4,0,5,3,3,0,1,1,1,0
2a36b4bcb7c45686,2021.07.24.15.54.20_veh-47_03573_05252,traversing_intersection,100,1627146596249777,0.049996,664278.8310718543,3996277.487104661,0.028881593485660564,664280.2914625527,3996277.529294803,5.680667913684538,-0.1248862807805208,29,7,4,4,0,5,3,3,0,1,1,1,0
7ccc707ccf4f5dab,2021.10.13.14.40.14_veh-28_01119_01246,traversing_intersection,0,1634137278649914,,331923.4254177504,4690599.055318953,-0.5322835227951845,331924.6842890214,4690598.31385815,7.632640336484872,0.2354003163105381,63,5,3,3,0,8,3,3,0,21,15,15,0
7ccc707ccf4f5dab,2021.10.13.14.40.14_veh-28_01119_01246,traversing_intersection,1,1634137278699944,0.05003,331923.75218005694,4690598.865470867,-0.5324231809471581,331925.0109477646,4690598.123834259,7.702415284869474,0.23659731645494797,63,5,3,3,0,8,3,3,0,21,15,15,0
7ccc707ccf4f5dab,2021.10.13.14.40.14_veh-28_01119_01246,traversing_intersection,2,1634137278749975,0.050031,331924.07424839353,4690598.678020778,-0.5325759373262732,331925.3329027968,4690597.936191894,7.769511843395266,0.23962023801842858,63,5,3,3,0,8,3,3,0,21,15,15,0
7ccc707ccf4f5dab,2021.10.13.14.40.14_veh-28_01119_01246,traversing_intersection,3,1634137278800006,0.050031,331924.4068501812,4690598.485544585,-0.5326412754077955,331925.6654561122,4690597.743633464,7.842594828992284,0.24228231884051377,63,5,3,3,0,8,3,3,0,21,15,15,0
7ccc707ccf4f5dab,2021.10.13.14.40.14_veh-28_01119_01246,traversing_intersection,4,1634137278850038,0.050032,331924.7423198921,4690598.2910168925,-0.5326732050033763,331926.00090213347,4690597.549065585,7.9095392643933415,0.24127436616452766,63,5,3,3,0,8,3,3,0,22,14,14,0
7ccc707ccf4f5dab,2021.10.13.14.40.14_veh-28_01119_01246,traversing_intersection,5,1634137278900071,0.050033,331925.011103882,4690598.134986583,-0.5327552645818675,331926.2696252349,4690597.392932,7.967265699555677,0.238738189270487,63,5,3,3,0,7,3,3,0,22,14,14,0
7ccc707ccf4f5dab,2021.10.13.14.40.14_veh-28_01119_01246,traversing_intersection,6,1634137278950103,0.050032,331925.41800269776,4690597.897903729,-0.5329045247967108,331926.67641327746,4690597.155661307,8.044483058460129,0.23688636416146977,61,5,3,3,0,6,2,2,0,22,14,14,0
7ccc707ccf4f5dab,2021.10.13.14.40.14_veh-28_01119_01246,traversing_intersection,7,1634137279000132,0.050029,331925.75543195516,4690597.701178234,-0.5329455583188011,331927.01381207694,4690596.958884176,8.111280400908628,0.23710521777007698,60,5,3,3,0,6,2,2,0,22,14,14,0
7ccc707ccf4f5dab,2021.10.13.14.40.14_veh-28_01119_01246,traversing_intersection,8,1634137279050159,0.050027,331926.09958756564,4690597.500317848,-0.5329172934707183,331927.35798866773,4690596.758059358,8.183409914299808,0.23810796951124744,60,5,3,3,0,6,2,2,0,22,14,14,0
7ccc707ccf4f5dab,2021.10.13.14.40.14_veh-28_01119_01246,traversing_intersection,9,1634137279100179,0.05002,331926.4470324609,4690597.297447654,-0.5328074171155834,331927.7055151121,4690596.555327437,8.24801744153013,0.23892056938376569,59,5,3,3,0,5,2,2,0,22,14,14,0
7ccc707ccf4f5dab,2021.10.13.14.40.14_veh-28_01119_01246,traversing_intersection,10,1634137279150192,0.050013,331926.79167534487,4690597.096029972,-0.5327072961794491,331928.0502322915,4690596.354035758,8.313928639913806,0.23517266922894264,59,5,3,3,0,5,2,2,0,22,14,14,0
7ccc707ccf4f5dab,2021.10.13.14.40.14_veh-28_01119_01246,traversing_intersection,11,1634137279200199,0.050007,331927.1483044156,4690596.888011157,-0.5326013545482925,331928.4069399632,4690596.146150282,8.383274894138683,0.22896185985334233,59,5,3,3,0,5,2,2,0,22,13,13,0
7ccc707ccf4f5dab,2021.10.13.14.40.14_veh-28_01119_01246,traversing_intersection,12,1634137279250197,0.049998,331927.5025469271,4690596.680934008,-0.5323291618548281,331928.76138435723,4690595.939415752,8.455442102853034,0.22609247476476005,59,5,3,3,0,5,2,2,0,22,12,12,0
7ccc707ccf4f5dab,2021.10.13.14.40.14_veh-28_01119_01246,traversing_intersection,13,1634137279300186,0.049989,331927.86520533887,4690596.469165243,-0.5316391136282009,331929.1245541526,4690595.7285158215,8.527595828700465,0.22443977006390925,59,5,3,3,0,5,2,2,0,22,12,12,0
7ccc707ccf4f5dab,2021.10.13.14.40.14_veh-28_01119_01246,traversing_intersection,14,1634137279350166,0.04998,331928.2271918868,4690596.257941097,-0.5303254086077814,331929.4875126084,4690595.518946727,8.592972544306749,0.21964908710556771,58,5,3,3,0,5,2,2,0,22,12,12,0
7ccc707ccf4f5dab,2021.10.13.14.40.14_veh-28_01119_01246,traversing_intersection,15,1634137279400140,0.049974,331928.5890562305,4690596.046714378,-0.5286591967957465,331929.8506065232,4690595.309820994,8.664821345858664,0.21320777188058412,57,5,3,3,0,5,2,2,0,21,11,11,0
7ccc707ccf4f5dab,2021.10.13.14.40.14_veh-28_01119_01246,traversing_intersection,16,1634137279450111,0.049971,331928.95329594554,4690595.833363506,-0.5265059643818226,331930.2164300152,4690595.099188239,8.727403865662325,0.20547884402699665,56,5,4,4,0,4,2,2,0,21,11,11,0
7ccc707ccf4f5dab,2021.10.13.14.40.14_veh-28_01119_01246,traversing_intersection,17,1634137279500080,0.049969,331929.328074066,4690595.614162296,-0.5237553611657423,331930.5932227797,4690594.883464183,8.79346607327739,0.203206745705487,56,5,4,4,0,4,2,2,0,21,11,11,0
7ccc707ccf4f5dab,2021.10.13.14.40.14_veh-28_01119_01246,traversing_intersection,18,1634137279550048,0.049968,331929.69642850274,4690595.400060984,-0.5207518858984485,331930.96376614046,4690594.673166004,8.859001521618334,0.2101793791694038,56,5,4,4,0,4,2,2,0,21,10,10,0
7ccc707ccf4f5dab,2021.10.13.14.40.14_veh-28_01119_01246,traversing_intersection,19,1634137279600018,0.04997,331930.0704714886,4690595.185096177,-0.5180403257307148,331931.3397754843,4690594.461640327,8.922604768775754,0.22091759002899428,56,5,4,4,0,4,2,2,0,21,10,10,0
7ccc707ccf4f5dab,2021.10.13.14.40.14_veh-28_01119_01246,traversing_intersection,20,1634137279649989,0.049971,331930.4514457017,4690594.965194059,-0.5147855309536783,331931.72309767024,4690594.245873357,8.988802976658482,0.21544662855163318,56,5,4,4,0,4,2,2,0,21,10,10,0
7ccc707ccf4f5dab,2021.10.13.14.40.14_veh-28_01119_01246,traversing_intersection,21,1634137279699960,0.049971,331930.7632640795,4690594.788105844,-0.5126781194340448,331932.03642912785,4690594.071466632,9.038036926215353,0.21159287590481696,56,5,4,4,0,4,2,2,0,21,10,10,0
7ccc707ccf4f5dab,2021.10.13.14.40.14_veh-28_01119_01246,traversing_intersection,22,1634137279749932,0.049972,331931.2270221063,4690594.523473614,-0.5095321466570234,331932.50243537803,4690593.810843284,9.113466526142192,0.20062100906448188,56,5,4,4,0,4,2,2,0,21,9,9,0
7ccc707ccf4f5dab,2021.10.13.14.40.14_veh-28_01119_01246,traversing_intersection,23,1634137279799908,0.049976,331931.6139427767,4690594.303019316,-0.507168143939823,331932.89103714307,4690593.593406055,9.171808332054864,0.19615210507758077,56,5,3,3,0,4,2,2,0,21,9,9,0
7ccc707ccf4f5dab,2021.10.13.14.40.14_veh-28_01119_01246,traversing_intersection,24,1634137279849882,0.049974,331931.9251489343,4690594.127226472,-0.5052952225551011,331933.2035701098,4690593.420006352,9.210341815516415,0.19679024894689473,55,5,3,3,0,4,2,2,0,20,9,9,0
7ccc707ccf4f5dab,2021.10.13.14.40.14_veh-28_01119_01246,traversing_intersection,25,1634137279899856,0.049974,331932.31783576455,4690593.905361584,-0.5027306890067325,331933.59806642385,4690593.20142234,9.264563476340795,0.19715927419892001,54,5,3,3,0,4,2,2,0,19,9,9,0
7ccc707ccf4f5dab,2021.10.13.14.40.14_veh-28_01119_01246,traversing_intersection,26,1634137279949827,0.049971,331932.79521276295,4690593.637588802,-0.49944824870883925,331934.07774715975,4690592.937855624,9.327210332751394,0.18987529451510443,52,5,3,3,0,4,2,2,0,17,7,7,0
7ccc707ccf4f5dab,2021.10.13.14.40.14_veh-28_01119_01246,traversing_intersection,27,1634137279999798,0.049971,331933.19594391517,4690593.415744535,-0.49672366232991244,331934.48038003274,4690592.719508325,9.375190585070962,0.18243890322724188,53,5,3,3,0,4,2,2,0,18,7,7,0
7ccc707ccf4f5dab,2021.10.13.14.40.14_veh-28_01119_01246,traversing_intersection,28,1634137280049772,0.049974,331933.5213004205,4690593.235541532,-0.4945721682799721,331934.8072315122,4690592.542070388,9.409691663554161,0.18027314963836868,53,5,3,3,0,4,2,2,0,18,7,7,0
7ccc707ccf4f5dab,2021.10.13.14.40.14_veh-28_01119_01246,traversing_intersection,29,1634137280099749,0.049977,331934.0041009797,4690592.970748448,-0.49131536095936906,331935.2922837495,4690592.281469004,9.466334732257298,0.1786293058551438,54,5,3,3,0,4,2,2,0,19,7,7,0
7ccc707ccf4f5dab,2021.10.13.14.40.14_veh-28_01119_01246,traversing_intersection,30,1634137280149727,0.049978,331934.33563778194,4690592.790140071,-0.48896577774452615,331935.6254365139,4690592.103889219,9.505073416964164,0.17619095146796182,54,5,3,3,0,4,2,2,0,19,7,7,0
7ccc707ccf4f5dab,2021.10.13.14.40.14_veh-28_01119_01246,traversing_intersection,31,1634137280199705,0.049978,331934.7426280732,4690592.570623496,-0.48611432091587875,331936.0343783737,4690591.888053235,9.554021889613098,0.1711623575687852,54,5,3,3,0,4,2,2,0,19,7,7,0
7ccc707ccf4f5dab,2021.10.13.14.40.14_veh-28_01119_01246,traversing_intersection,32,1634137280249684,0.049979,331935.1551285962,4690592.34866558,-0.4832970908944452,331936.44879672537,4690591.669737181,9.596087501508714,0.1638387922645228,55,6,3,3,0,4,2,2,0,19,7,7,0
7ccc707ccf4f5dab,2021.10.13.14.40.14_veh-28_01119_01246,traversing_intersection,33,1634137280299663,0.049979,331935.57396888157,4690592.1257184725,-0.4804609219521701,331936.86955736077,4690591.45046186,9.637371789384769,0.16184416387998338,54,6,3,3,0,4,2,2,0,18,6,6,0
7ccc707ccf4f5dab,2021.10.13.14.40.14_veh-28_01119_01246,traversing_intersection,34,1634137280349645,0.049982,331935.9919266761,4690591.904273055,-0.4776631976823357,331937.28939926426,4690591.232643779,9.679244135753407,0.16208727897145903,54,6,3,3,0,4,2,2,0,18,6,6,0
7ccc707ccf4f5dab,2021.10.13.14.40.14_veh-28_01119_01246,traversing_intersection,35,1634137280399628,0.049983,331936.4076240012,4690591.686140879,-0.4747831610252139,331937.70702552254,4690591.018251153,9.717756685668032,0.1635021103378939,53,6,3,3,0,4,2,2,0,18,6,6,0
7ccc707ccf4f5dab,2021.10.13.14.40.14_veh-28_01119_01246,traversing_intersection,36,1634137280449612,0.049984,331936.82662653207,4690591.467033831,-0.47189501334344075,331938.1279515955,4690590.802899749,9.758972671229479,0.16117329348871137,53,6,3,3,0,4,2,2,0,18,6,6,0
7ccc707ccf4f5dab,2021.10.13.14.40.14_veh-28_01119_01246,traversing_intersection,37,1634137280499597,0.049985,331937.2575534907,4690591.243720539,-0.46890510379945916,331938.56085843535,4690590.583480263,9.799669658714372,0.15993670972038937,52,6,3,3,0,4,2,2,0,17,6,6,0
7ccc707ccf4f5dab,2021.10.13.14.40.14_veh-28_01119_01246,traversing_intersection,38,1634137280549582,0.049985,331937.6840150808,4690591.023384119,-0.46581249352046267,331938.9893556555,4690590.367177609,9.842908721766664,0.1578853866604709,52,6,3,3,0,4,2,2,0,17,6,6,0
7ccc707ccf4f5dab,2021.10.13.14.40.14_veh-28_01119_01246,traversing_intersection,39,1634137280599565,0.049983,331938.11175317655,4690590.803622767,-0.4628350799643891,331939.4190417606,4690590.151305699,9.883249565409928,0.15783285822695525,51,6,3,3,0,4,2,2,0,16,5,5,0
7ccc707ccf4f5dab,2021.10.13.14.40.14_veh-28_01119_01246,traversing_intersection,40,1634137280649547,0.049982,331938.54083685915,4690590.585211778,-0.45978548351138065,331939.85010866506,4690589.93688444,9.926589884269275,0.15852424715722138,52,6,3,3,0,5,2,2,0,16,5,5,0
7ccc707ccf4f5dab,2021.10.13.14.40.14_veh-28_01119_01246,traversing_intersection,41,1634137280699529,0.049982,331938.97585976805,4690590.364328644,-0.45672010456458323,331940.28711278853,4690589.720017759,9.973708165267647,0.1545781019443562,52,6,3,3,0,6,2,2,0,15,3,3,0
7ccc707ccf4f5dab,2021.10.13.14.40.14_veh-28_01119_01246,traversing_intersection,42,1634137280749515,0.049986,331939.4109339548,4690590.144447078,-0.45400226916592873,331940.7239332612,4690589.503702338,10.01451308735425,0.1528552141622778,53,6,3,3,0,7,2,2,0,15,3,3,0
7ccc707ccf4f5dab,2021.10.13.14.40.14_veh-28_01119_01246,traversing_intersection,43,1634137280799501,0.049986,331939.8552118792,4690589.919221477,-0.4513885890286981,331941.1698814007,4690589.281910682,10.053773475455067,0.15512195945280005,52,6,2,2,0,7,2,2,0,15,3,3,0
7ccc707ccf4f5dab,2021.10.13.14.40.14_veh-28_01119_01246,traversing_intersection,44,1634137280849488,0.049987,331940.2926739846,4690589.698703544,-0.44882295883763196,331941.60897428123,4690589.064767799,10.095531365390613,0.1589317397091501,53,7,2,2,0,7,2,2,0,15,3,3,0
7ccc707ccf4f5dab,2021.10.13.14.40.14_veh-28_01119_01246,traversing_intersection,45,1634137280899480,0.049992,331940.73903514876,4690589.476435093,-0.4464264631866035,331942.0568508883,4690588.845655673,10.135081691210909,0.161220427981356,53,7,2,2,0,7,2,2,0,15,3,3,0
7ccc707ccf4f5dab,2021.10.13.14.40.14_veh-28_01119_01246,traversing_intersection,46,1634137280949473,0.049993,331941.1797964031,4690589.25636611,-0.44435718398442975,331942.4989145791,4690588.628314968,10.167466031939563,0.15577646342481938,53,7,2,2,0,7,2,2,0,15,3,3,0
7ccc707ccf4f5dab,2021.10.13.14.40.14_veh-28_01119_01246,traversing_intersection,47,1634137280999464,0.049991,331941.6323806335,4690589.032340323,-0.44250311629184136,331942.9526609909,4690588.406735992,10.207829795116307,0.1474760993542591,52,7,2,2,0,7,2,2,0,14,3,3,0
7ccc707ccf4f5dab,2021.10.13.14.40.14_veh-28_01119_01246,traversing_intersection,48,1634137281049454,0.04999,331942.0784039519,4690588.812965813,-0.44089682646243505,331943.3996875074,4690588.189483042,10.246034151449464,0.14675176613678315,51,7,2,2,0,6,2,2,0,14,2,2,0
7ccc707ccf4f5dab,2021.10.13.14.40.14_veh-28_01119_01246,traversing_intersection,49,1634137281099442,0.049988,331942.52294146013,4690588.595060356,-0.43963539975767324,331943.8450104421,4690587.973244783,10.282063397726779,0.14899590735965992,51,7,2,2,0,6,2,2,0,14,2,2,0
7ccc707ccf4f5dab,2021.10.13.14.40.14_veh-28_01119_01246,traversing_intersection,50,1634137281149430,0.049988,331942.9749708299,4690588.376976387,-0.43871163987538353,331944.297613656,4690587.756382353,10.312725780025222,0.15070466025091356,51,7,2,2,0,6,2,2,0,14,2,2,0
7ccc707ccf4f5dab,2021.10.13.14.40.14_veh-28_01119_01246,traversing_intersection,51,1634137281199421,0.049991,331943.4244131754,4690588.1599999415,-0.43799577453889754,331944.74749992427,4690587.5403529005,10.343298651445307,0.14645146368239603,51,7,2,2,0,6,2,2,0,15,2,2,0
7ccc707ccf4f5dab,2021.10.13.14.40.14_veh-28_01119_01246,traversing_intersection,52,1634137281249416,0.049995,331943.87452451314,4690587.942734742,-0.43762499372040853,331945.1978409243,4690587.323578319,10.376387384418472,0.14475251615070528,50,7,2,2,0,5,4,4,0,15,2,2,0
7ccc707ccf4f5dab,2021.10.13.14.40.14_veh-28_01119_01246,traversing_intersection,53,1634137281299414,0.049998,331944.3328290569,4690587.72061735,-0.43752100221128865,331945.6562098479,4690587.101598544,10.40720017427136,0.1511176091254636,51,7,2,2,0,5,4,4,0,16,3,3,0
7ccc707ccf4f5dab,2021.10.13.14.40.14_veh-28_01119_01246,traversing_intersection,54,1634137281349415,0.050001,331944.790181669,4690587.501138654,-0.4373280691092102,331946.1136818646,4690586.8823751835,10.435502254937354,0.16082026820879727,52,8,2,2,0,5,3,3,0,16,3,3,0
7ccc707ccf4f5dab,2021.10.13.14.40.14_veh-28_01119_01246,traversing_intersection,55,1634137281399418,0.050003,331945.24948158785,4690587.282436431,-0.4371589806029774,331946.57308639033,4690586.663896758,10.462971804776823,0.1695284531641268,52,8,2,2,0,5,2,2,0,16,3,3,0
7ccc707ccf4f5dab,2021.10.13.14.40.14_veh-28_01119_01246,traversing_intersection,56,1634137281449427,0.050009,331945.7090413741,4690587.063430108,-0.4370947782401915,331947.03268588556,4690586.444975415,10.487158935728242,0.17879628277144557,51,8,2,2,0,5,2,2,0,15,3,3,0
7ccc707ccf4f5dab,2021.10.13.14.40.14_veh-28_01119_01246,traversing_intersection,57,1634137281499441,0.050014,331946.16245769063,4690586.846801912,-0.4371198349072128,331947.48608670523,4690586.228314053,10.51225342894101,0.18759378647505848,51,8,2,2,0,5,2,2,0,15,3,3,0
7ccc707ccf4f5dab,2021.10.13.14.40.14_veh-28_01119_01246,traversing_intersection,58,1634137281549458,0.050017,331946.62892145093,4690586.626107102,-0.4371714180934128,331947.9525185602,4690586.007550967,10.539518305698595,0.19415962619117,52,9,2,2,0,5,2,2,0,15,3,3,0
7ccc707ccf4f5dab,2021.10.13.14.40.14_veh-28_01119_01246,traversing_intersection,59,1634137281599477,0.050019,331947.0989331209,4690586.404386829,-0.4372881405418275,331948.4224580218,4690585.785676205,10.56185909124832,0.20833189060507268,52,10,2,2,0,5,2,2,0,15,3,3,0
7ccc707ccf4f5dab,2021.10.13.14.40.14_veh-28_01119_01246,traversing_intersection,60,1634137281649497,0.05002,331947.5588640259,4690586.188992143,-0.43781063156577754,331948.8820654754,4690585.569590073,10.583530767961761,0.21877445158469694,50,10,2,2,0,5,2,2,0,14,2,2,0
7ccc707ccf4f5dab,2021.10.13.14.40.14_veh-28_01119_01246,traversing_intersection,61,1634137281699520,0.050023,331948.0286747769,4690585.969272366,-0.43860556873847856,331949.3513834226,4690585.34881863,10.604369474046115,0.22013683885388716,49,10,2,2,0,5,2,2,0,13,2,2,0
7ccc707ccf4f5dab,2021.10.13.14.40.14_veh-28_01119_01246,traversing_intersection,62,1634137281749545,0.050025,331948.49187711196,4690585.752561578,-0.4395254654433913,331949.81401444477,4690585.130891349,10.623359494940095,0.23080044883126766,50,10,2,2,0,6,2,2,0,13,2,2,0
7ccc707ccf4f5dab,2021.10.13.14.40.14_veh-28_01119_01246,traversing_intersection,63,1634137281799573,0.050028,331948.9684257435,4690585.531410843,-0.44075894894394774,331950.28979525075,4690584.9081102535,10.645962221551034,0.25080648782046394,49,10,2,2,0,6,2,2,0,12,2,2,0
7ccc707ccf4f5dab,2021.10.13.14.40.14_veh-28_01119_01246,traversing_intersection,64,1634137281849601,0.050028,331949.43773970945,4690585.3148009265,-0.4421642850597538,331950.7582319653,4690584.689643985,10.66619786219605,0.2661542576237745,48,10,2,2,0,6,2,2,0,11,2,2,0
7ccc707ccf4f5dab,2021.10.13.14.40.14_veh-28_01119_01246,traversing_intersection,65,1634137281899630,0.050029,331949.9068974555,4690585.099346741,-0.4437280972776317,331951.2264104691,4690584.472125563,10.688099786864905,0.27732282437143496,47,10,2,2,0,6,2,2,0,10,2,2,0
7ccc707ccf4f5dab,2021.10.13.14.40.14_veh-28_01119_01246,traversing_intersection,66,1634137281949659,0.050029,331950.47456703725,4690584.837884043,-0.4457132625631105,331951.7928323139,4690584.208044651,10.713083234666856,0.2824345329521755,44,9,2,2,0,5,1,1,0,9,2,2,0
7ccc707ccf4f5dab,2021.10.13.14.40.14_veh-28_01119_01246,traversing_intersection,67,1634137281999686,0.050027,331950.8584880284,4690584.664198684,-0.447210209178158,331952.17580899247,4690584.032386625,10.736569673665352,0.29016162477396384,44,9,2,2,0,5,1,1,0,9,2,2,0
7ccc707ccf4f5dab,2021.10.13.14.40.14_veh-28_01119_01246,traversing_intersection,68,1634137282049708,0.050022,331951.42891902314,4690584.399460178,-0.4493222371470955,331952.74490264535,4690583.764867311,10.759190754329556,0.2919310718785866,44,9,2,2,0,5,1,1,0,9,2,2,0
7ccc707ccf4f5dab,2021.10.13.14.40.14_veh-28_01119_01246,traversing_intersection,69,1634137282099727,0.050019,331951.811493187,4690584.223362754,-0.4508439188991251,331953.12650963763,4690583.586768115,10.775692431164982,0.30780158034826244,44,9,2,2,0,5,1,1,0,9,1,1,0
7ccc707ccf4f5dab,2021.10.13.14.40.14_veh-28_01119_01246,traversing_intersection,70,1634137282149746,0.050019,331952.28957424016,4690584.002337746,-0.4524356156152776,331953.6035757598,4690583.363650807,10.796073565116801,0.3277042428364567,44,9,2,2,0,5,1,1,0,9,1,1,0
7ccc707ccf4f5dab,2021.10.13.14.40.14_veh-28_01119_01246,traversing_intersection,71,1634137282199762,0.050016,331952.8592567153,4690583.741659516,-0.45427056269054733,331954.1720840667,4690583.10056253,10.818193146973691,0.34893941717787624,43,9,2,2,0,5,1,1,0,9,1,1,0
7ccc707ccf4f5dab,2021.10.13.14.40.14_veh-28_01119_01246,traversing_intersection,72,1634137282249775,0.050013,331953.33561199723,4690583.516026988,-0.4559134478599141,331954.6473843287,4690582.872774043,10.830256548662474,0.35581873801436054,43,9,2,2,0,5,1,1,0,9,1,1,0
7ccc707ccf4f5dab,2021.10.13.14.40.14_veh-28_01119_01246,traversing_intersection,73,1634137282299788,0.050013,331953.81548138335,4690583.2891045455,-0.457443288384366,331955.12626810576,4690582.643845553,10.835160996902534,0.36251497960595885,43,9,2,2,0,5,1,1,0,9,1,1,0
7ccc707ccf4f5dab,2021.10.13.14.40.14_veh-28_01119_01246,traversing_intersection,74,1634137282349802,0.050014,331954.2892337053,4690583.064214577,-0.4591841785517202,331955.59889511694,4690582.416674627,10.841066779481503,0.3721307363647675,44,10,3,3,0,5,1,1,0,9,1,1,0
7ccc707ccf4f5dab,2021.10.13.14.40.14_veh-28_01119_01246,traversing_intersection,75,1634137282399815,0.050013,331954.76789009984,4690582.835569571,-0.46089241085657345,331956.0764434525,4690582.185793361,10.846835180769121,0.3739874706845733,44,10,3,3,0,5,1,1,0,9,1,1,0
7ccc707ccf4f5dab,2021.10.13.14.40.14_veh-28_01119_01246,traversing_intersection,76,1634137282449828,0.050013,331955.24491089914,4690582.6054059835,-0.46261896272339953,331956.5523404297,4690581.953371458,10.846595465716682,0.37372829350047104,44,10,3,3,0,5,1,1,0,9,1,1,0
7ccc707ccf4f5dab,2021.10.13.14.40.14_veh-28_01119_01246,traversing_intersection,77,1634137282499842,0.050014,331955.62670283666,4690582.420048246,-0.46409677949233813,331956.9331673523,4690581.7660822915,10.84619066820958,0.37715921140671904,44,10,3,3,0,5,1,1,0,9,1,1,0
7ccc707ccf4f5dab,2021.10.13.14.40.14_veh-28_01119_01246,traversing_intersection,78,1634137282549857,0.050015,331956.1009253477,4690582.1864684755,-0.4659613971612855,331957.4061681964,4690581.530067603,10.845337237613405,0.38068979034074607,44,10,3,3,0,5,1,1,0,9,1,1,0
7ccc707ccf4f5dab,2021.10.13.14.40.14_veh-28_01119_01246,traversing_intersection,79,1634137282599871,0.050014,331956.67016426235,4690581.90330386,-0.4681099568186763,331957.973993783,4690581.2441001125,10.839736220472401,0.3808400434094185,45,10,3,3,0,6,1,1,0,9,1,1,0
7ccc707ccf4f5dab,2021.10.13.14.40.14_veh-28_01119_01246,traversing_intersection,80,1634137282649883,0.050012,331957.0391099734,4690581.718943502,-0.469265360348954,331958.34217697766,4690581.058233745,10.828592346421361,0.37666021308489067,45,10,3,3,0,6,1,1,0,9,1,1,0
7ccc707ccf4f5dab,2021.10.13.14.40.14_veh-28_01119_01246,traversing_intersection,81,1634137282699894,0.050011,331957.6014604643,4690581.436200688,-0.47122938949949017,331958.9032273029,4690580.772932946,10.814845977169155,0.36205915627990426,45,10,2,2,0,6,1,1,0,9,1,1,0
7ccc707ccf4f5dab,2021.10.13.14.40.14_veh-28_01119_01246,traversing_intersection,82,1634137282749905,0.050011,331958.0720509684,4690581.196912062,-0.4726556775864938,331959.3728704724,4690580.531788301,10.803608123987596,0.34831113959621646,45,10,2,2,0,6,1,1,0,9,1,1,0
7ccc707ccf4f5dab,2021.10.13.14.40.14_veh-28_01119_01246,traversing_intersection,83,1634137282799914,0.050009,331958.5352749294,4690580.960546431,-0.4741644608624778,331959.83508942556,4690580.293460772,10.794213364692583,0.34486125841578047,41,10,1,1,0,5,1,1,0,6,1,1,0
7ccc707ccf4f5dab,2021.10.13.14.40.14_veh-28_01119_01246,traversing_intersection,84,1634137282849925,0.050011,331959.00283441896,4690580.722301588,-0.4754423050302232,331960.30179542257,4690580.053555515,10.779250595845749,0.3384386457740437,42,10,1,1,0,5,1,1,0,7,1,1,0
7ccc707ccf4f5dab,2021.10.13.14.40.14_veh-28_01119_01246,traversing_intersection,85,1634137282899935,0.05001,331959.4734983224,4690580.482761174,-0.47652086460358745,331960.77173728816,4690579.812614483,10.76820829009173,0.3333953377505145,41,10,1,1,0,5,1,1,0,6,1,1,0
7ccc707ccf4f5dab,2021.10.13.14.40.14_veh-28_01119_01246,traversing_intersection,86,1634137282949946,0.050011,331959.9369191594,4690580.245199006,-0.4776812341164633,331961.2343796335,4690579.5735463295,10.754244629116128,0.3244474557458363,41,10,1,1,0,5,1,1,0,6,1,1,0
7ccc707ccf4f5dab,2021.10.13.14.40.14_veh-28_01119_01246,traversing_intersection,87,1634137282999958,0.050012,331960.4008523215,4690580.007342382,-0.4788247342314032,331961.69754391257,4690579.334206499,10.739251879315232,0.31896442725826857,41,10,1,1,0,5,1,1,0,6,1,1,0
7ccc707ccf4f5dab,2021.10.13.14.40.14_veh-28_01119_01246,traversing_intersection,88,1634137283049971,0.050013,331960.86272278236,4690579.768495623,-0.47994078205832175,331962.15866231424,4690579.093912989,10.722706548183883,0.3154605665612042,40,9,1,1,0,5,1,1,0,6,1,1,0
7ccc707ccf4f5dab,2021.10.13.14.40.14_veh-28_01119_01246,traversing_intersection,89,1634137283099981,0.05001,331961.31873225234,4690579.533585094,-0.4811096092232984,331962.6138824286,4690578.857488192,10.70832198117895,0.3156209716819485,42,9,1,1,0,6,1,1,0,6,1,1,0
7ccc707ccf4f5dab,2021.10.13.14.40.14_veh-28_01119_01246,traversing_intersection,90,1634137283149983,0.050002,331961.7807955025,4690579.293600286,-0.48210791365592903,331963.075270083,4690578.616210767,10.69186086968072,0.3053032758838978,42,9,1,1,0,6,1,1,0,6,1,1,0
7ccc707ccf4f5dab,2021.10.13.14.40.14_veh-28_01119_01246,traversing_intersection,91,1634137283199981,0.049998,331962.23541894637,4690579.057503778,-0.4831577390646799,331963.5291816729,4690578.37875566,10.678147357535781,0.3038835117002644,42,9,1,1,0,6,1,1,0,6,1,1,0
7ccc707ccf4f5dab,2021.10.13.14.40.14_veh-28_01119_01246,traversing_intersection,92,1634137283249974,0.049993,331962.69106328255,4690578.819337964,-0.4841010061743229,331963.98418519285,4690578.139369785,10.663463954358226,0.30021964218774616,42,9,1,1,0,6,1,1,0,6,1,1,0
7ccc707ccf4f5dab,2021.10.13.14.40.14_veh-28_01119_01246,traversing_intersection,93,1634137283299966,0.049992,331963.1502278238,4690578.579063462,-0.48481527107124905,331964.44286372693,4690577.898171824,10.646276458185904,0.29956606679166603,41,9,1,1,0,6,1,1,0,5,1,1,0
7ccc707ccf4f5dab,2021.10.13.14.40.14_veh-28_01119_01246,traversing_intersection,94,1634137283349953,0.049987,331963.6085119419,4690578.339613171,-0.4854427664242103,331964.9007203342,4690577.657910544,10.631600551804091,0.29342881388055236,40,9,2,2,0,6,1,1,0,4,1,1,0
7ccc707ccf4f5dab,2021.10.13.14.40.14_veh-28_01119_01246,traversing_intersection,95,1634137283399935,0.049982,331964.0637531419,4690578.0996329235,-0.485994939953586,331965.35558491905,4690577.417216877,10.615008644645332,0.2837590254894505,40,9,2,2,0,6,1,1,0,4,1,1,0
7ccc707ccf4f5dab,2021.10.13.14.40.14_veh-28_01119_01246,traversing_intersection,96,1634137283449918,0.049983,331964.51134874683,4690577.8638095725,-0.4866205549920175,331965.8027533415,4690577.180585471,10.60308680896481,0.2832718869209042,40,9,2,2,0,6,1,1,0,4,1,1,0
7ccc707ccf4f5dab,2021.10.13.14.40.14_veh-28_01119_01246,traversing_intersection,97,1634137283499901,0.049983,331964.967458527,4690577.623786705,-0.48740636273727106,331966.25832584023,4690576.939548018,10.590010827292863,0.28615426488536005,40,9,2,2,0,6,1,1,0,4,1,1,0
7ccc707ccf4f5dab,2021.10.13.14.40.14_veh-28_01119_01246,traversing_intersection,98,1634137283549880,0.049979,331965.42139369197,4690577.384018023,-0.4881647300085489,331966.71174172976,4690576.6988005815,10.570634707376726,0.27893259433474926,41,9,2,2,0,6,1,1,0,5,1,1,0
7ccc707ccf4f5dab,2021.10.13.14.40.14_veh-28_01119_01246,traversing_intersection,99,1634137283599856,0.049976,331965.8750177863,4690577.1438933825,-0.4888454524332832,331967.1648990823,4690576.457797731,10.555118468862073,0.272163642356539,42,9,2,2,0,7,1,1,0,5,1,1,0
7ccc707ccf4f5dab,2021.10.13.14.40.14_veh-28_01119_01246,traversing_intersection,100,1634137283649829,0.049973,331966.22910512396,4690576.955218745,-0.4895237710273904,331967.5185207318,4690576.268248302,10.543081125494215,0.26688241339039404,42,9,2,2,0,7,1,1,0,5,1,1,0
ebbad237c3c05ded,2021.07.24.16.07.03_veh-35_03033_05899,traversing_intersection,0,1627146510751483,,664434.0566842497,3997259.128873064,-1.547832161898721,664434.0902319459,3997257.6682582786,13.3891333885891,-0.24686735311775523,120,15,5,5,0,27,3,3,0,74,13,13,0
ebbad237c3c05ded,2021.07.24.16.07.03_veh-35_03033_05899,traversing_intersection,1,1627146510801508,0.050025,664434.0711286626,3997258.4865990337,-1.5479203008283258,664434.1045476216,3997257.025981297,13.366184237152417,-0.25030922487606216,122,15,5,5,0,28,3,3,0,75,13,13,0
ebbad237c3c05ded,2021.07.24.16.07.03_veh-35_03033_05899,traversing_intersection,2,1627146510851528,0.05002,664434.0857319714,3997257.8340267767,-1.5478996291810956,664434.1191811238,3997256.373409731,13.346840343141613,-0.252307306324134,121,15,5,5,0,27,2,2,0,75,14,14,0
ebbad237c3c05ded,2021.07.24.16.07.03_veh-35_03033_05899,traversing_intersection,3,1627146510901546,0.050018,664434.1008431161,3997257.1807819493,-1.5478696924835902,664434.1343359945,3997255.7201659055,13.326133185764334,-0.25232239570942244,123,15,5,5,0,28,2,2,0,76,14,14,0
ebbad237c3c05ded,2021.07.24.16.07.03_veh-35_03033_05899,traversing_intersection,4,1627146510951564,0.050018,664434.1158188097,3997256.540943478,-1.547698072183325,664434.149562359,3997255.0803332035,13.311378220246276,-0.25391596995974325,123,15,5,5,0,28,2,2,0,76,14,14,0
ebbad237c3c05ded,2021.07.24.16.07.03_veh-35_03033_05899,traversing_intersection,5,1627146511001584,0.05002,664434.1309463017,3997255.8959903778,-1.547431734603238,664434.1650788652,3997254.4353891425,13.293823866695895,-0.2602110674843323,124,15,5,5,0,28,2,2,0,77,15,15,0
ebbad237c3c05ded,2021.07.24.16.07.03_veh-35_03033_05899,traversing_intersection,6,1627146511051605,0.050021,664434.1451447193,3997255.257102902,-1.5472336260333404,664434.1795666397,3997253.7965084575,13.267359161056559,-0.26149752834934337,122,15,5,5,0,27,1,1,0,77,15,15,0
ebbad237c3c05ded,2021.07.24.16.07.03_veh-35_03033_05899,traversing_intersection,7,1627146511101624,0.050019,664434.1596516551,3997254.615738285,-1.5469414267562611,664434.1945003587,3997253.1551539605,13.253613526227497,-0.25180269185550574,124,15,5,5,0,27,1,1,0,79,17,17,0
ebbad237c3c05ded,2021.07.24.16.07.03_veh-35_03033_05899,traversing_intersection,8,1627146511151640,0.050016,664434.1748878537,3997253.9827854265,-1.5468587219412295,664434.2098573545,3997252.52220399,13.234219056323733,-0.23799870297392908,125,16,5,5,0,26,1,1,0,80,18,18,0
ebbad237c3c05ded,2021.07.24.16.07.03_veh-35_03033_05899,traversing_intersection,9,1627146511201650,0.05001,664434.1905240553,3997253.345329152,-1.5466919739288227,664434.2257371047,3997251.8847535662,13.22322756053634,-0.24332016421213262,126,16,5,5,0,26,1,1,0,81,19,19,0
ebbad237c3c05ded,2021.07.24.16.07.03_veh-35_03033_05899,traversing_intersection,10,1627146511251653,0.050003,664434.2058003397,3997252.7022412815,-1.5466069718115207,664434.241137541,3997251.241668694,13.220241259432212,-0.25548522255544687,128,16,5,5,0,28,2,2,0,81,19,19,0
ebbad237c3c05ded,2021.07.24.16.07.03_veh-35_03033_05899,traversing_intersection,11,1627146511301651,0.049998,664434.2203331088,3997252.0686177905,-1.5465371798389518,664434.2557722463,3997250.608047673,13.203944879479314,-0.2592865456088578,129,17,5,5,0,28,3,3,0,81,19,19,0
ebbad237c3c05ded,2021.07.24.16.07.03_veh-35_03033_05899,traversing_intersection,12,1627146511351642,0.049991,664434.2343974019,3997251.4255000297,-1.5465664708705344,664434.2697937577,3997249.964928875,13.183144125475852,-0.2618557573327638,127,16,5,5,0,27,4,4,0,81,21,21,0
ebbad237c3c05ded,2021.07.24.16.07.03_veh-35_03033_05899,traversing_intersection,13,1627146511401626,0.049984,664434.2491801817,3997250.7865983136,-1.546525867344643,664434.2846358417,3997249.326028597,13.165619757630335,-0.2541530475056564,128,16,5,5,0,27,4,4,0,82,21,21,0
ebbad237c3c05ded,2021.07.24.16.07.03_veh-35_03033_05899,traversing_intersection,14,1627146511451603,0.049977,664434.2640991018,3997250.1538697733,-1.5463032161635908,664434.2998799586,3997248.6933079874,13.145298769692106,-0.2537108849242776,128,16,6,6,0,27,4,4,0,82,22,22,0
ebbad237c3c05ded,2021.07.24.16.07.03_veh-35_03033_05899,traversing_intersection,15,1627146511501578,0.049975,664434.2793331516,3997249.529762916,-1.5461072393370545,664434.3154002441,3997248.0692081703,13.127305950456684,-0.24808059147662628,127,16,6,6,0,27,4,4,0,81,22,22,0
ebbad237c3c05ded,2021.07.24.16.07.03_veh-35_03033_05899,traversing_intersection,16,1627146511551552,0.049974,664434.2960635019,3997248.8904185575,-1.5460515740769245,664434.3322118963,3997247.4298658217,13.110423323921651,-0.24348810071907426,129,15,6,6,0,28,4,4,0,83,23,23,0
ebbad237c3c05ded,2021.07.24.16.07.03_veh-35_03033_05899,traversing_intersection,17,1627146511601527,0.049975,664434.3120762666,3997248.2602220243,-1.5461646621447607,664434.3480594899,3997246.79966521,13.095691032216427,-0.2539865908637598,131,15,6,6,0,30,4,4,0,83,23,23,0
ebbad237c3c05ded,2021.07.24.16.07.03_veh-35_03033_05899,traversing_intersection,18,1627146511651504,0.049977,664434.3283910858,3997247.6206982504,-1.5461446196816953,664434.3644035822,3997246.1601421577,13.076548219286321,-0.24908815335563073,135,16,6,6,0,31,4,4,0,85,23,23,0
ebbad237c3c05ded,2021.07.24.16.07.03_veh-35_03033_05899,traversing_intersection,19,1627146511701482,0.049978,664434.3450248463,3997246.9861963587,-1.5464389589400795,664434.380607442,3997245.5256297295,13.058658971532404,-0.2575124520708881,137,16,5,5,0,31,4,4,0,87,24,24,0
ebbad237c3c05ded,2021.07.24.16.07.03_veh-35_03033_05899,traversing_intersection,20,1627146511751455,0.049973,664434.3620428344,3997246.361288011,-1.546670483667686,664434.3972872719,3997244.9007131825,13.045832144160693,-0.2595607464631057,138,16,5,5,0,31,4,4,0,87,24,24,0
ebbad237c3c05ded,2021.07.24.16.07.03_veh-35_03033_05899,traversing_intersection,21,1627146511801423,0.049968,664434.3786852569,3997245.7334481548,-1.546918676032581,664434.4135671898,3997244.272864624,13.027212449165305,-0.255881154371903,138,16,5,5,0,31,4,4,0,87,24,24,0
ebbad237c3c05ded,2021.07.24.16.07.03_veh-35_03033_05899,traversing_intersection,22,1627146511851386,0.049963,664434.3940766001,3997245.105598622,-1.5473018013508764,664434.428398944,3997243.6450018343,13.018536947414367,-0.24803201373281508,139,16,5,5,0,31,4,4,0,88,24,24,0
ebbad237c3c05ded,2021.07.24.16.07.03_veh-35_03033_05899,traversing_intersection,23,1627146511901345,0.049959,664434.4108145859,3997244.471185193,-1.5476482314221442,664434.444630933,3997243.0105766025,13.002552969922537,-0.24434403874668478,139,16,5,5,0,31,4,4,0,88,24,24,0
ebbad237c3c05ded,2021.07.24.16.07.03_veh-35_03033_05899,traversing_intersection,24,1627146511951301,0.049956,664434.4259471749,3997243.848253387,-1.5477967833988278,664434.4595465454,3997242.3876397894,12.993336310620885,-0.25519459123329646,138,16,5,5,0,31,4,4,0,87,25,25,0
ebbad237c3c05ded,2021.07.24.16.07.03_veh-35_03033_05899,traversing_intersection,25,1627146512001252,0.049951,664434.4409580737,3997243.2122258875,-1.5479279823058485,664434.474365813,3997241.751607894,12.975352135799302,-0.25841270485863016,138,16,5,5,0,31,4,4,0,87,25,25,0
ebbad237c3c05ded,2021.07.24.16.07.03_veh-35_03033_05899,traversing_intersection,26,1627146512051201,0.049949,664434.4574338844,3997242.5939593525,-1.5480898131110516,664434.4906052502,3997241.1333359717,12.95678427362625,-0.2457207878706707,140,16,5,5,0,31,4,4,0,89,28,28,0
ebbad237c3c05ded,2021.07.24.16.07.03_veh-35_03033_05899,traversing_intersection,27,1627146512101151,0.04995,664434.4750782334,3997241.961843458,-1.5482021921810334,664434.5080854555,3997240.5012163585,12.943727981844889,-0.23141009886813094,145,16,5,5,0,31,4,4,0,94,29,29,0
ebbad237c3c05ded,2021.07.24.16.07.03_veh-35_03033_05899,traversing_intersection,28,1627146512151103,0.049952,664434.4907968213,3997241.3322959417,-1.5483790400957684,664434.5235457341,3997239.871663028,12.927212245287878,-0.2248652545094176,145,15,5,5,0,31,4,4,0,95,29,29,0
ebbad237c3c05ded,2021.07.24.16.07.03_veh-35_03033_05899,traversing_intersection,29,1627146512201053,0.04995,664434.5077674591,3997240.7108534,-1.5482597484301968,664434.5406906131,3997239.2502244036,12.909116430560001,-0.21994104965306382,145,15,5,5,0,32,4,4,0,94,30,30,0
ebbad237c3c05ded,2021.07.24.16.07.03_veh-35_03033_05899,traversing_intersection,30,1627146512250998,0.049945,664434.5241636552,3997240.0893828203,-1.548281506440089,664434.5570550287,3997238.6287531075,12.895809498026974,-0.21773123125748042,147,15,5,5,0,32,4,4,0,96,29,29,0
ebbad237c3c05ded,2021.07.24.16.07.03_veh-35_03033_05899,traversing_intersection,31,1627146512300941,0.049943,664434.5400732941,3997239.4557261937,-1.5480925893860489,664434.5732406048,3997237.995102721,12.882047557504116,-0.21995615017246245,148,14,5,5,0,33,4,4,0,97,30,30,0
ebbad237c3c05ded,2021.07.24.16.07.03_veh-35_03033_05899,traversing_intersection,32,1627146512350882,0.049941,664434.5568626884,3997238.834142987,-1.5477787402741006,664434.5904884129,3997237.373529996,12.865978305670003,-0.22528252603798724,148,14,4,4,0,33,4,4,0,97,31,30,1
ebbad237c3c05ded,2021.07.24.16.07.03_veh-35_03033_05899,traversing_intersection,33,1627146512400820,0.049938,664434.5735398891,3997238.2146491795,-1.547181398996044,664434.6080380919,3997236.7540565347,12.85484734859762,-0.23100656938222486,149,14,4,4,0,33,5,5,0,98,32,30,2
ebbad237c3c05ded,2021.07.24.16.07.03_veh-35_03033_05899,traversing_intersection,34,1627146512450758,0.049938,664434.5908373491,3997237.584434699,-1.5464175443293904,664434.6264512223,3997236.123868832,12.847712225958725,-0.21843973064708944,148,14,4,4,0,33,5,5,0,97,33,30,3
ebbad237c3c05ded,2021.07.24.16.07.03_veh-35_03033_05899,traversing_intersection,35,1627146512500696,0.049938,664434.6080527562,3997236.960046019,-1.5456755887397846,664434.6447502945,3997235.499506978,12.844633676737189,-0.20854994758401332,149,14,4,4,0,33,7,7,0,98,33,30,3
ebbad237c3c05ded,2021.07.24.16.07.03_veh-35_03033_05899,traversing_intersection,36,1627146512550634,0.049938,664434.6260382959,3997236.3521582508,-1.5445867340799555,664434.6643261269,3997234.8916600337,12.832858391444917,-0.21330875525809503,150,14,4,4,0,33,7,7,0,99,33,30,3
ebbad237c3c05ded,2021.07.24.16.07.03_veh-35_03033_05899,traversing_intersection,37,1627146512600575,0.049941,664434.644594521,3997235.7309471853,-1.5436814105308347,664434.6842045597,3997234.2704842295,12.826458006051926,-0.218944203116933,154,14,4,4,0,35,8,8,0,101,34,30,4
ebbad237c3c05ded,2021.07.24.16.07.03_veh-35_03033_05899,traversing_intersection,38,1627146512650516,0.049941,664434.6632227295,3997235.099456076,-1.5432839764880737,664434.7034132025,3997233.639008978,12.833960417471422,-0.21737435159718818,155,14,4,4,0,36,8,8,0,101,34,30,4
ebbad237c3c05ded,2021.07.24.16.07.03_veh-35_03033_05899,traversing_intersection,39,1627146512700455,0.049939,664434.6828622798,3997234.4800624126,-1.5428792355526793,664434.7236438524,3997233.019631701,12.846773750256178,-0.21495549051477997,155,14,4,4,0,36,8,8,0,101,35,30,5
ebbad237c3c05ded,2021.07.24.16.07.03_veh-35_03033_05899,traversing_intersection,40,1627146512750394,0.049939,664434.7018519148,3997233.8663939247,-1.5425403338660508,664434.7431284274,3997232.405977118,12.858287658490047,-0.22534064405231255,156,14,4,4,0,38,9,9,0,100,32,30,2
ebbad237c3c05ded,2021.07.24.16.07.03_veh-35_03033_05899,traversing_intersection,41,1627146512800331,0.049937,664434.72069111,3997233.230797967,-1.5422722770072899,664434.7623590959,3997231.7703922773,12.857603520524615,-0.21680424085233463,157,14,4,4,0,39,10,10,0,100,32,30,2
ebbad237c3c05ded,2021.07.24.16.07.03_veh-35_03033_05899,traversing_intersection,42,1627146512850269,0.049938,664434.7401129572,3997232.6098390617,-1.5422206612166403,664434.781856323,3997231.1494355244,12.85303009660173,-0.20710373327902762,159,14,4,4,0,39,11,11,0,102,32,30,2
ebbad237c3c05ded,2021.07.24.16.07.03_veh-35_03033_05899,traversing_intersection,43,1627146512900206,0.049937,664434.7595170407,3997231.993919911,-1.541812014841789,664434.8018571916,3997230.533533554,12.84228009245811,-0.2155488633215511,160,14,4,4,0,39,11,11,0,103,33,30,3
ebbad237c3c05ded,2021.07.24.16.07.03_veh-35_03033_05899,traversing_intersection,44,1627146512950144,0.049938,664434.7784770186,3997231.383759917,-1.5413203996960743,664434.8215351125,3997229.923394552,12.8404666930691,-0.2239254687426662,158,13,4,4,0,39,11,11,0,102,32,30,2
ebbad237c3c05ded,2021.07.24.16.07.03_veh-35_03033_05899,traversing_intersection,45,1627146513000086,0.049942,664434.7987284012,3997230.7641097554,-1.5411434340825814,664434.8420449288,3997229.3037520326,12.848531778420934,-0.2202082562873487,161,13,4,4,0,40,11,11,0,104,32,30,2
ebbad237c3c05ded,2021.07.24.16.07.03_veh-35_03033_05899,traversing_intersection,46,1627146513050033,0.049947,664434.819952276,3997230.1357814856,-1.5410591686678956,664434.8633918611,3997228.675427418,12.856529707323842,-0.2146952599386993,162,13,4,4,0,41,12,12,0,104,34,30,4
ebbad237c3c05ded,2021.07.24.16.07.03_veh-35_03033_05899,traversing_intersection,47,1627146513099981,0.049948,664434.840424652,3997229.515145797,-1.5408082186942913,664434.8842307115,3997228.0548026767,12.874052409369723,-0.21016541589049498,164,13,4,4,0,42,12,12,0,104,34,30,4
ebbad237c3c05ded,2021.07.24.16.07.03_veh-35_03033_05899,traversing_intersection,48,1627146513149934,0.049953,664434.8627483282,3997228.8998803026,-1.5406416470932203,664434.9067976389,3997227.4395444994,12.892187271466142,-0.2082500716205659,161,13,4,4,0,42,13,13,0,101,34,30,4
ebbad237c3c05ded,2021.07.24.16.07.03_veh-35_03033_05899,traversing_intersection,49,1627146513199894,0.04996,664434.8863046223,3997228.2696094587,-1.5407176338687918,664434.9302429666,3997226.8092703125,12.902170229439438,-0.20868144362002278,162,13,4,4,0,43,13,13,0,101,34,30,4
ebbad237c3c05ded,2021.07.24.16.07.03_veh-35_03033_05899,traversing_intersection,50,1627146513249857,0.049963,664434.9074359245,3997227.6463565044,-1.5404278879718727,664434.9517973942,3997226.1860301504,12.91738033185109,-0.22029999131286787,163,13,4,4,0,45,13,13,0,100,34,30,4
ebbad237c3c05ded,2021.07.24.16.07.03_veh-35_03033_05899,traversing_intersection,51,1627146513299828,0.049971,664434.9284883582,3997227.03663087,-1.5403197532963862,664434.9730077395,3997225.5763093214,12.927035109932692,-0.22536905495203474,161,13,4,4,0,44,13,13,0,99,35,30,5
ebbad237c3c05ded,2021.07.24.16.07.03_veh-35_03033_05899,traversing_intersection,52,1627146513349804,0.049976,664434.9501383912,3997226.4062346322,-1.540199770440032,664434.9948329858,3997224.945918436,12.92383142734794,-0.22188702825079545,158,13,4,4,0,43,13,13,0,98,35,30,5
ebbad237c3c05ded,2021.07.24.16.07.03_veh-35_03033_05899,traversing_intersection,53,1627146513399790,0.049986,664434.9707547727,3997225.781900302,-1.5399809260153614,664435.0157689482,3997224.3215939216,12.93335905934693,-0.20938743887040154,159,13,4,4,0,42,13,13,0,99,36,30,6
ebbad237c3c05ded,2021.07.24.16.07.03_veh-35_03033_05899,traversing_intersection,54,1627146513449783,0.049993,664434.9934563678,3997225.1563472725,-1.5396651914525756,664435.0389316103,3997223.6960551776,12.944039162117695,-0.18825224531331108,157,13,4,4,0,41,13,13,0,98,36,30,6
ebbad237c3c05ded,2021.07.24.16.07.03_veh-35_03033_05899,traversing_intersection,55,1627146513499783,0.05,664435.0155355703,3997224.5361933787,-1.539293719010141,664435.061553268,3997223.0759182773,12.953690623462407,-0.18380961799866394,158,13,4,4,0,42,14,14,0,98,37,30,7
ebbad237c3c05ded,2021.07.24.16.07.03_veh-35_03033_05899,traversing_intersection,56,1627146513549785,0.050002,664435.0376232835,3997223.8944998765,-1.5391961693162277,664435.0837834303,3997222.434229271,12.97969688480771,-0.19531129762700783,155,13,4,4,0,42,13,13,0,95,38,30,8
ebbad237c3c05ded,2021.07.24.16.07.03_veh-35_03033_05899,traversing_intersection,57,1627146513599789,0.050004,664435.0585310325,3997223.274088366,-1.5391811235717026,664435.1047131502,3997221.813818455,12.997859549622165,-0.20997116483821365,152,13,4,4,0,42,12,12,0,92,38,30,8
ebbad237c3c05ded,2021.07.24.16.07.03_veh-35_03033_05899,traversing_intersection,58,1627146513649794,0.050005,664435.0792604262,3997222.645309981,-1.539592445535019,664435.1248418989,3997221.185021198,13.013330278793207,-0.20744026433971688,151,13,4,4,0,42,11,11,0,91,38,30,8
ebbad237c3c05ded,2021.07.24.16.07.03_veh-35_03033_05899,traversing_intersection,59,1627146513699799,0.050005,664435.1002350709,3997222.0179919796,-1.5398393380151092,664435.1454560079,3997220.5576919876,13.034188775665028,-0.20645177184583152,150,13,4,4,0,42,11,11,0,90,38,30,8
ebbad237c3c05ded,2021.07.24.16.07.03_veh-35_03033_05899,traversing_intersection,60,1627146513749804,0.050005,664435.1227075432,3997221.3901158096,-1.5402965955441126,664435.1672607423,3997219.9297952927,13.0517885882157,-0.20590291560990334,152,13,4,4,0,43,12,12,0,90,38,30,8
ebbad237c3c05ded,2021.07.24.16.07.03_veh-35_03033_05899,traversing_intersection,61,1627146513799810,0.050006,664435.1452822182,3997220.748836093,-1.5405289676465117,664435.1894960784,3997219.2885052627,13.054832725767174,-0.21460456789860533,151,13,4,4,0,42,13,13,0,90,38,30,8
ebbad237c3c05ded,2021.07.24.16.07.03_veh-35_03033_05899,traversing_intersection,62,1627146513849816,0.050006,664435.165406845,3997220.121397366,-1.5407983725010983,664435.2092272834,3997218.661054677,13.069497077457871,-0.226859857579847,148,13,4,4,0,42,14,14,0,87,38,30,8
ebbad237c3c05ded,2021.07.24.16.07.03_veh-35_03033_05899,traversing_intersection,63,1627146513899823,0.050007,664435.1854818503,3997219.4860432283,-1.5412483917732867,664435.2286451019,3997218.025680967,13.07991589252759,-0.230040853545747,147,13,4,4,0,41,14,14,0,87,35,30,5
ebbad237c3c05ded,2021.07.24.16.07.03_veh-35_03033_05899,traversing_intersection,64,1627146513949833,0.05001,664435.2058978323,3997218.8557394077,-1.5415481740112087,664435.2486232913,3997217.3953642724,13.067008641704707,-0.22759963063915556,147,13,4,4,0,41,14,14,0,87,35,30,5
ebbad237c3c05ded,2021.07.24.16.07.03_veh-35_03033_05899,traversing_intersection,65,1627146513999847,0.050014,664435.2255541333,3997218.2219164204,-1.541982169967697,664435.2676457914,3997216.7615228803,13.063442012054182,-0.22334486853313337,147,13,4,4,0,40,14,14,0,88,35,30,5
ebbad237c3c05ded,2021.07.24.16.07.03_veh-35_03033_05899,traversing_intersection,66,1627146514049863,0.050016,664435.2458309878,3997217.579667975,-1.542011886212968,664435.2878792485,3997216.119273185,13.058785037627153,-0.22928221290265743,148,13,4,4,0,41,15,15,0,88,35,30,5
ebbad237c3c05ded,2021.07.24.16.07.03_veh-35_03033_05899,traversing_intersection,67,1627146514099879,0.050016,664435.2656348703,3997216.953664409,-1.542222863388949,664435.30737502,3997215.49326078,13.051060274424112,-0.21701850615637844,146,13,4,4,0,39,15,15,0,88,35,30,5
ebbad237c3c05ded,2021.07.24.16.07.03_veh-35_03033_05899,traversing_intersection,68,1627146514149893,0.050014,664435.2847482179,3997216.3211496104,-1.5426692559551796,664435.3258364502,3997214.8607274946,13.030160405557238,-0.21498429745270325,145,13,4,4,0,39,15,15,0,87,35,30,5
ebbad237c3c05ded,2021.07.24.16.07.03_veh-35_03033_05899,traversing_intersection,69,1627146514199906,0.050013,664435.3026910609,3997215.693942661,-1.543148609685249,664435.3430792297,3997214.2335010166,13.023880930223518,-0.20973564242409867,144,13,4,4,0,39,15,15,0,86,35,30,5
ebbad237c3c05ded,2021.07.24.16.07.03_veh-35_03033_05899,traversing_intersection,70,1627146514249922,0.050016,664435.3198282329,3997215.0549308844,-1.5437630333681562,664435.3593190642,3997213.5944647007,13.020296228344899,-0.21060216587157174,143,13,4,4,0,39,15,15,0,85,35,30,5
ebbad237c3c05ded,2021.07.24.16.07.03_veh-35_03033_05899,traversing_intersection,71,1627146514299941,0.050019,664435.3364736371,3997214.426228632,-1.544150818538425,664435.3753981184,3997212.965747244,13.006234839362705,-0.22376031305800426,142,13,4,4,0,38,15,15,0,85,35,30,5
ebbad237c3c05ded,2021.07.24.16.07.03_veh-35_03033_05899,traversing_intersection,72,1627146514349961,0.05002,664435.3515062331,3997213.801775973,-1.5445013851187988,664435.3899187159,3997212.341281029,12.996751859564277,-0.2257968865658168,142,13,4,4,0,38,15,15,0,85,35,30,5
ebbad237c3c05ded,2021.07.24.16.07.03_veh-35_03033_05899,traversing_intersection,73,1627146514399981,0.05002,664435.3669223678,3997213.1789617785,-1.544972673231742,664435.4046465326,3997211.7184488936,12.97914394816084,-0.21858788504028104,140,13,4,4,0,38,15,15,0,83,35,30,5
ebbad237c3c05ded,2021.07.24.16.07.03_veh-35_03033_05899,traversing_intersection,74,1627146514450003,0.050022,664435.3828079029,3997212.5442100563,-1.5451804850476485,664435.420228555,3997211.083689363,12.96762319601525,-0.21988281112008656,138,13,4,4,0,38,15,15,0,81,33,30,3
ebbad237c3c05ded,2021.07.24.16.07.03_veh-35_03033_05899,traversing_intersection,75,1627146514500024,0.050021,664435.3996890963,3997211.9057755396,-1.5452827369177315,664435.4369604072,3997210.445251028,12.952696614338423,-0.22424334941756152,137,13,4,4,0,38,15,15,0,80,33,30,3
ebbad237c3c05ded,2021.07.24.16.07.03_veh-35_03033_05899,traversing_intersection,76,1627146514550048,0.050024,664435.4161029882,3997211.2847392666,-1.5454133825750733,664435.4531834876,3997209.824209898,12.939474193058418,-0.23202961897771687,136,12,4,4,0,38,15,15,0,80,33,30,3
ebbad237c3c05ded,2021.07.24.16.07.03_veh-35_03033_05899,traversing_intersection,77,1627146514600073,0.050025,664435.4328801396,3997210.650054285,-1.5456703804092873,664435.4695852848,3997209.1895154347,12.924770206446276,-0.234985568982227,135,12,4,4,0,38,15,15,0,79,33,30,3
ebbad237c3c05ded,2021.07.24.16.07.03_veh-35_03033_05899,traversing_intersection,78,1627146514650095,0.050022,664435.4486849011,3997210.0274314075,-1.5458816883676594,664435.4850814221,3997208.566884834,12.91784724271511,-0.23758866203231543,134,12,4,4,0,38,15,15,0,78,33,30,3
ebbad237c3c05ded,2021.07.24.16.07.03_veh-35_03033_05899,traversing_intersection,79,1627146514700117,0.050022,664435.4639198277,3997209.404220206,-1.5460586267966419,664435.5000579214,3997207.9436672158,12.908280370061881,-0.2404351246793521,132,12,4,4,0,35,15,15,0,78,33,30,3
ebbad237c3c05ded,2021.07.24.16.07.03_veh-35_03033_05899,traversing_intersection,80,1627146514750140,0.050023,664435.4793429051,3997208.780763883,-1.546302738632351,664435.5151244594,3997207.3202021145,12.900134455397477,-0.24373896943058623,131,12,4,4,0,35,15,15,0,77,33,30,3
ebbad237c3c05ded,2021.07.24.16.07.03_veh-35_03033_05899,traversing_intersection,81,1627146514800166,0.050026,664435.495268633,3997208.1401723847,-1.5464246023079857,664435.5308721976,3997206.6796062663,12.893041606317993,-0.24696877442677015,130,12,5,5,0,35,15,15,0,76,33,30,3
ebbad237c3c05ded,2021.07.24.16.07.03_veh-35_03033_05899,traversing_intersection,82,1627146514850195,0.050029,664435.5103660371,3997207.5151648917,-1.5466443581519125,664435.5456486329,3997206.0545909847,12.883247576246053,-0.2487341798398449,130,12,5,5,0,34,16,16,0,77,30,30,0
ebbad237c3c05ded,2021.07.24.16.07.03_veh-35_03033_05899,traversing_intersection,83,1627146514900226,0.050031,664435.5257551435,3997206.892194901,-1.5468416062897294,664435.5607496431,3997205.4316140627,12.868507231849582,-0.256032419664838,130,12,5,5,0,34,17,17,0,77,30,30,0
ebbad237c3c05ded,2021.07.24.16.07.03_veh-35_03033_05899,traversing_intersection,84,1627146514950259,0.050033,664435.541074419,3997206.2664418984,-1.5468023394514872,664435.576126271,3997204.8058624356,12.855021613168102,-0.2595362890134729,129,12,5,5,0,33,16,16,0,77,30,30,0
ebbad237c3c05ded,2021.07.24.16.07.03_veh-35_03033_05899,traversing_intersection,85,1627146515000291,0.050032,664435.5555754979,3997205.646257534,-1.546922958172479,664435.5904511764,3997204.185673854,12.841752951153547,-0.2541047801859266,130,12,5,5,0,32,15,15,0,79,31,30,1
ebbad237c3c05ded,2021.07.24.16.07.03_veh-35_03033_05899,traversing_intersection,86,1627146515050322,0.050031,664435.5715540072,3997205.0206846236,-1.5471706739232591,664435.606067875,3997203.560092349,12.822568730585198,-0.24468535380197928,130,12,5,5,0,32,15,15,0,79,31,30,1
ebbad237c3c05ded,2021.07.24.16.07.03_veh-35_03033_05899,traversing_intersection,87,1627146515100353,0.050031,664435.5869778452,3997204.4045239254,-1.547208334335329,664435.6214367065,3997202.943930352,12.805245707277427,-0.2382578164954791,131,12,5,5,0,32,15,15,0,80,31,30,1
ebbad237c3c05ded,2021.07.24.16.07.03_veh-35_03033_05899,traversing_intersection,88,1627146515150384,0.050031,664435.6020175562,3997203.7856900515,-1.5473339418611483,664435.6362929557,3997202.325092161,12.792025348178935,-0.23737468691957725,134,12,5,5,0,33,16,16,0,81,31,30,1
ebbad237c3c05ded,2021.07.24.16.07.03_veh-35_03033_05899,traversing_intersection,89,1627146515200413,0.050029,664435.6167940524,3997203.1696646265,-1.5474526643818773,664435.6508960458,3997201.7090626773,12.77855773155454,-0.24505904337936096,135,11,5,5,0,35,16,16,0,81,31,30,1
ebbad237c3c05ded,2021.07.24.16.07.03_veh-35_03033_05899,traversing_intersection,90,1627146515250440,0.050027,664435.6304372349,3997202.5463765156,-1.5476856389736044,664435.6641989442,3997201.085766661,12.763137355323856,-0.24945792940065226,136,11,5,5,0,35,16,16,0,82,31,30,1
ebbad237c3c05ded,2021.07.24.16.07.03_veh-35_03033_05899,traversing_intersection,91,1627146515300464,0.050024,664435.644392852,3997201.9192331657,-1.547872162175184,664435.6778821232,3997200.4586170395,12.750008277023129,-0.2370121288850194,135,11,5,5,0,35,16,16,0,81,30,30,0
ebbad237c3c05ded,2021.07.24.16.07.03_veh-35_03033_05899,traversing_intersection,92,1627146515350485,0.050021,664435.6587575745,3997201.3055289364,-1.5483249393943843,664435.6915855085,3997199.8448977964,12.73742091641878,-0.22663181788342532,135,11,5,5,0,35,16,16,0,81,29,29,0
ebbad237c3c05ded,2021.07.24.16.07.03_veh-35_03033_05899,traversing_intersection,93,1627146515400503,0.050018,664435.6736320961,3997200.68938113,-1.548343005412991,664435.7064336424,3997199.228749397,12.725207701374424,-0.2349690823494049,137,12,5,5,0,35,16,16,0,82,29,29,0
ebbad237c3c05ded,2021.07.24.16.07.03_veh-35_03033_05899,traversing_intersection,94,1627146515450520,0.050017,664435.687474072,3997200.0704524196,-1.5484566850427735,664435.7201095739,3997198.6098169675,12.711826073521458,-0.2475749512909386,139,12,5,5,0,34,16,16,0,85,29,29,0
ebbad237c3c05ded,2021.07.24.16.07.03_veh-35_03033_05899,traversing_intersection,95,1627146515500538,0.050018,664435.700570463,3997199.463134508,-1.548772215747637,664435.7327450879,3997198.002488831,12.695965582404973,-0.24511037712523834,140,12,5,5,0,35,16,16,0,85,28,28,0
ebbad237c3c05ded,2021.07.24.16.07.03_veh-35_03033_05899,traversing_intersection,96,1627146515550559,0.050021,664435.7138768698,3997198.8432615953,-1.5490642290294698,664435.7456249654,3997197.3826065855,12.677405544921335,-0.23844375131046905,138,12,5,5,0,34,16,16,0,84,29,29,0
ebbad237c3c05ded,2021.07.24.16.07.03_veh-35_03033_05899,traversing_intersection,97,1627146515600579,0.05002,664435.7269233597,3997198.22630735,-1.5491185371352518,664435.7585921299,3997196.7656506184,12.665010211779991,-0.2407281713574538,138,12,5,5,0,34,16,16,0,84,29,29,0
ebbad237c3c05ded,2021.07.24.16.07.03_veh-35_03033_05899,traversing_intersection,98,1627146515650598,0.050019,664435.7397829514,3997197.611791381,-1.5492254326962007,664435.7712955837,3997196.1511312723,12.650992395844145,-0.23962124194137444,138,12,5,5,0,35,16,16,0,83,29,29,0
ebbad237c3c05ded,2021.07.24.16.07.03_veh-35_03033_05899,traversing_intersection,99,1627146515700617,0.050019,664435.7522473049,3997197.004548799,-1.549460330196984,664435.7834168309,3997195.543881328,12.631742073487109,-0.23455032680840773,138,12,5,5,0,35,16,16,0,83,30,30,0
ebbad237c3c05ded,2021.07.24.16.07.03_veh-35_03033_05899,traversing_intersection,100,1627146515750635,0.050018,664435.7649704269,3997196.3964268053,-1.549543798362112,664435.7960180336,3997194.935756738,12.61202094392738,-0.23787887744078845,139,12,5,5,0,35,16,16,0,84,29,29,0
