token,log_name,scenario_type,track_token,actor_type,first_frame,last_frame,observed_frames,max_consecutive_frames,observation_gap_count,unique_detection_tokens,detection_token_changes,unique_runtime_track_ids,category_changes,first_timestamp_us,last_timestamp_us,kept_frames,cap_excluded_frames,outside_frame_frames
a8ba823407a357b2,2021.09.13.18.39.41_veh-39_00273_00761,traversing_intersection,baf95a433b14533a,VEHICLE,0,15,16,16,0,16,15,1,0,1631558767700274,1631558768449923,0,0,16
a8ba823407a357b2,2021.09.13.18.39.41_veh-39_00273_00761,traversing_intersection,25929fb77d3952b3,VEHICLE,0,100,101,101,0,101,100,1,0,1631558767700274,1631558772699622,0,0,0
a8ba823407a357b2,2021.09.13.18.39.41_veh-39_00273_00761,traversing_intersection,aea1df4fdba95022,VEHICLE,0,100,101,101,0,101,100,1,0,1631558767700274,1631558772699622,0,0,0
a8ba823407a357b2,2021.09.13.18.39.41_veh-39_00273_00761,traversing_intersection,29199a3212515836,VEHICLE,0,2,3,3,0,3,2,1,0,1631558767700274,1631558767800233,0,0,3
a8ba823407a357b2,2021.09.13.18.39.41_veh-39_00273_00761,traversing_intersection,6748e8377bd85449,VEHICLE,0,100,101,101,0,101,100,1,0,1631558767700274,1631558772699622,0,0,0
a8ba823407a357b2,2021.09.13.18.39.41_veh-39_00273_00761,traversing_intersection,55f91d6188715b68,VEHICLE,0,100,101,101,0,101,100,1,0,1631558767700274,1631558772699622,0,0,0
a8ba823407a357b2,2021.09.13.18.39.41_veh-39_00273_00761,traversing_intersection,b7867c8deb685b2f,VEHICLE,0,100,101,101,0,101,100,1,0,1631558767700274,1631558772699622,0,0,0
a8ba823407a357b2,2021.09.13.18.39.41_veh-39_00273_00761,traversing_intersection,9e2c33649a76557c,VEHICLE,0,100,101,101,0,101,100,1,0,1631558767700274,1631558772699622,101,0,0
a8ba823407a357b2,2021.09.13.18.39.41_veh-39_00273_00761,traversing_intersection,315d304141bb5622,VEHICLE,0,100,101,101,0,101,100,1,0,1631558767700274,1631558772699622,101,0,0
a8ba823407a357b2,2021.09.13.18.39.41_veh-39_00273_00761,traversing_intersection,0d06613efcf15da8,VEHICLE,0,100,101,101,0,101,100,1,0,1631558767700274,1631558772699622,0,0,0
a8ba823407a357b2,2021.09.13.18.39.41_veh-39_00273_00761,traversing_intersection,1ad5a72819835b1f,VEHICLE,0,100,101,101,0,101,100,1,0,1631558767700274,1631558772699622,98,0,3
a8ba823407a357b2,2021.09.13.18.39.41_veh-39_00273_00761,traversing_intersection,3796b12953205c6f,VEHICLE,0,100,101,101,0,101,100,1,0,1631558767700274,1631558772699622,0,0,0
a8ba823407a357b2,2021.09.13.18.39.41_veh-39_00273_00761,traversing_intersection,7a0faf9c703f57dd,VEHICLE,0,100,101,101,0,101,100,1,0,1631558767700274,1631558772699622,82,0,19
a8ba823407a357b2,2021.09.13.18.39.41_veh-39_00273_00761,traversing_intersection,1ba702d36592563c,VEHICLE,0,100,101,101,0,101,100,1,0,1631558767700274,1631558772699622,0,0,0
a8ba823407a357b2,2021.09.13.18.39.41_veh-39_00273_00761,traversing_intersection,1725e5ee51ad5122,VEHICLE,0,100,101,101,0,101,100,1,0,1631558767700274,1631558772699622,0,0,0
a8ba823407a357b2,2021.09.13.18.39.41_veh-39_00273_00761,traversing_intersection,8eca84f796535028,VEHICLE,0,100,101,101,0,101,100,1,0,1631558767700274,1631558772699622,0,0,0
a8ba823407a357b2,2021.09.13.18.39.41_veh-39_00273_00761,traversing_intersection,823f642e14215a86,VEHICLE,0,28,29,29,0,29,28,1,0,1631558767700274,1631558769099563,0,0,0
a8ba823407a357b2,2021.09.13.18.39.41_veh-39_00273_00761,traversing_intersection,2073097594a45370,VEHICLE,0,100,101,101,0,101,100,1,0,1631558767700274,1631558772699622,0,0,0
a8ba823407a357b2,2021.09.13.18.39.41_veh-39_00273_00761,traversing_intersection,74a51336b5d05aa1,VEHICLE,0,100,101,101,0,101,100,1,0,1631558767700274,1631558772699622,0,0,0
a8ba823407a357b2,2021.09.13.18.39.41_veh-39_00273_00761,traversing_intersection,80e601a289e059ae,PEDESTRIAN,0,100,101,101,0,101,100,1,0,1631558767700274,1631558772699622,52,0,49
a8ba823407a357b2,2021.09.13.18.39.41_veh-39_00273_00761,traversing_intersection,73df8f1832c25ce6,PEDESTRIAN,0,100,101,101,0,101,100,1,0,1631558767700274,1631558772699622,44,0,57
a8ba823407a357b2,2021.09.13.18.39.41_veh-39_00273_00761,traversing_intersection,7aee7178fb835f1b,PEDESTRIAN,0,100,101,101,0,101,100,1,0,1631558767700274,1631558772699622,33,0,68
a8ba823407a357b2,2021.09.13.18.39.41_veh-39_00273_00761,traversing_intersection,8c2c8e2771e55995,PEDESTRIAN,0,100,101,101,0,101,100,1,0,1631558767700274,1631558772699622,39,0,62
a8ba823407a357b2,2021.09.13.18.39.41_veh-39_00273_00761,traversing_intersection,58bb88b33d9f5613,PEDESTRIAN,0,100,101,101,0,101,100,1,0,1631558767700274,1631558772699622,58,0,43
a8ba823407a357b2,2021.09.13.18.39.41_veh-39_00273_00761,traversing_intersection,3718f754436e5286,TRAFFIC_CONE,0,49,50,50,0,50,49,1,0,1631558767700274,1631558770149369,0,0,50
a8ba823407a357b2,2021.09.13.18.39.41_veh-39_00273_00761,traversing_intersection,2e58314fa3d65afb,TRAFFIC_CONE,0,59,60,60,0,60,59,1,0,1631558767700274,1631558770649677,60,0,0
a8ba823407a357b2,2021.09.13.18.39.41_veh-39_00273_00761,traversing_intersection,ea98623cc56155d1,TRAFFIC_CONE,0,43,44,44,0,44,43,1,0,1631558767700274,1631558769849330,44,0,0
a8ba823407a357b2,2021.09.13.18.39.41_veh-39_00273_00761,traversing_intersection,318922b9c4da5aae,TRAFFIC_CONE,0,100,101,101,0,101,100,1,0,1631558767700274,1631558772699622,101,0,0
a8ba823407a357b2,2021.09.13.18.39.41_veh-39_00273_00761,traversing_intersection,5f7de5068d6a55f4,TRAFFIC_CONE,0,14,15,15,0,15,14,1,0,1631558767700274,1631558768399949,15,0,0
a8ba823407a357b2,2021.09.13.18.39.41_veh-39_00273_00761,traversing_intersection,6278c45c780c5880,TRAFFIC_CONE,0,31,32,32,0,32,31,1,0,1631558767700274,1631558769249516,32,0,0
a8ba823407a357b2,2021.09.13.18.39.41_veh-39_00273_00761,traversing_intersection,bc32ec41a23d5473,TRAFFIC_CONE,0,27,28,28,0,28,27,1,0,1631558767700274,1631558769049584,28,0,0
a8ba823407a357b2,2021.09.13.18.39.41_veh-39_00273_00761,traversing_intersection,908b8adc75bb5d8a,TRAFFIC_CONE,0,31,32,32,0,32,31,1,0,1631558767700274,1631558769249516,32,0,0
a8ba823407a357b2,2021.09.13.18.39.41_veh-39_00273_00761,traversing_intersection,6adb90a27ce15a63,TRAFFIC_CONE,0,27,28,28,0,28,27,1,0,1631558767700274,1631558769049584,28,0,0
a8ba823407a357b2,2021.09.13.18.39.41_veh-39_00273_00761,traversing_intersection,8578dcc5987756be,TRAFFIC_CONE,0,31,32,32,0,32,31,1,0,1631558767700274,1631558769249516,32,0,0
a8ba823407a357b2,2021.09.13.18.39.41_veh-39_00273_00761,traversing_intersection,0d89f622597a5341,GENERIC_OBJECT,0,12,13,13,0,13,12,1,0,1631558767700274,1631558768300008,13,0,0
a8ba823407a357b2,2021.09.13.18.39.41_veh-39_00273_00761,traversing_intersection,f749006d5e04552d,GENERIC_OBJECT,0,100,101,101,0,101,100,1,0,1631558767700274,1631558772699622,101,0,0
a8ba823407a357b2,2021.09.13.18.39.41_veh-39_00273_00761,traversing_intersection,a98770e93db0543b,GENERIC_OBJECT,0,38,39,39,0,39,38,1,0,1631558767700274,1631558769599393,39,0,0
a8ba823407a357b2,2021.09.13.18.39.41_veh-39_00273_00761,traversing_intersection,55d7f58d83c75d58,VEHICLE,6,100,95,95,0,95,94,1,0,1631558768000164,1631558772699622,0,0,0
a8ba823407a357b2,2021.09.13.18.39.41_veh-39_00273_00761,traversing_intersection,eae5c42d2c945dea,PEDESTRIAN,13,24,12,12,0,12,11,1,0,1631558768349974,1631558768899673,12,0,0
a8ba823407a357b2,2021.09.13.18.39.41_veh-39_00273_00761,traversing_intersection,41f8bda5df3a550e,PEDESTRIAN,24,34,11,11,0,11,10,1,0,1631558768899673,1631558769399471,11,0,0
a8ba823407a357b2,2021.09.13.18.39.41_veh-39_00273_00761,traversing_intersection,b72a764bcee05f8f,PEDESTRIAN,25,100,76,76,0,76,75,1,0,1631558768949640,1631558772699622,13,0,63
a8ba823407a357b2,2021.09.13.18.39.41_veh-39_00273_00761,traversing_intersection,83630cf3770d5d42,TRAFFIC_CONE,28,42,15,15,0,15,14,1,0,1631558769099563,1631558769799334,15,0,0
a8ba823407a357b2,2021.09.13.18.39.41_veh-39_00273_00761,traversing_intersection,53ecc85463735b74,VEHICLE,29,100,72,72,0,72,71,1,0,1631558769149546,1631558772699622,0,0,0
a8ba823407a357b2,2021.09.13.18.39.41_veh-39_00273_00761,traversing_intersection,ece2bc23dd1c5b88,TRAFFIC_CONE,38,54,17,17,0,17,16,1,0,1631558769599393,1631558770399479,17,0,0
a8ba823407a357b2,2021.09.13.18.39.41_veh-39_00273_00761,traversing_intersection,f8206238a2e75d2a,VEHICLE,46,100,55,55,0,55,54,1,0,1631558769999329,1631558772699622,0,0,0
a8ba823407a357b2,2021.09.13.18.39.41_veh-39_00273_00761,traversing_intersection,afeb4d0dd0555c33,TRAFFIC_CONE,47,100,54,54,0,54,53,1,0,1631558770049337,1631558772699622,54,0,0
a8ba823407a357b2,2021.09.13.18.39.41_veh-39_00273_00761,traversing_intersection,c433d1fe8ac250a3,VEHICLE,58,100,43,43,0,43,42,1,0,1631558770599630,1631558772699622,0,0,0
a8ba823407a357b2,2021.09.13.18.39.41_veh-39_00273_00761,traversing_intersection,11b2fa4b21ef5aad,TRAFFIC_CONE,60,70,11,11,0,11,10,1,0,1631558770699725,1631558771200102,0,0,11
a8ba823407a357b2,2021.09.13.18.39.41_veh-39_00273_00761,traversing_intersection,fb74e38abc8254a4,GENERIC_OBJECT,62,92,31,31,0,31,30,1,0,1631558770799817,1631558772299769,0,0,31
a8ba823407a357b2,2021.09.13.18.39.41_veh-39_00273_00761,traversing_intersection,d789521ce41a50e7,GENERIC_OBJECT,89,100,12,12,0,12,11,1,0,1631558772149810,1631558772699622,12,0,0
fe7e24ace398541f,2021.09.03.18.32.35_veh-39_00559_01142,traversing_crosswalk,9560ab1065565f1e,VEHICLE,0,22,23,23,0,23,22,1,0,1630694760950056,1630694762049955,0,0,23
fe7e24ace398541f,2021.09.03.18.32.35_veh-39_00559_01142,traversing_crosswalk,0edf2ac0970a5a84,VEHICLE,0,12,13,13,0,13,12,1,0,1630694760950056,1630694761550166,0,0,13
fe7e24ace398541f,2021.09.03.18.32.35_veh-39_00559_01142,traversing_crosswalk,f4406eea909b524c,VEHICLE,0,99,100,100,0,100,99,1,0,1630694760950056,1630694765900223,0,0,0
fe7e24ace398541f,2021.09.03.18.32.35_veh-39_00559_01142,traversing_crosswalk,7a09869ff9cf5aa5,VEHICLE,0,99,100,100,0,100,99,1,0,1630694760950056,1630694765900223,0,0,0
fe7e24ace398541f,2021.09.03.18.32.35_veh-39_00559_01142,traversing_crosswalk,0a0f6fd57b075c5f,VEHICLE,0,99,100,100,0,100,99,1,0,1630694760950056,1630694765900223,0,0,0
fe7e24ace398541f,2021.09.03.18.32.35_veh-39_00559_01142,traversing_crosswalk,af3c2bb3b7285160,VEHICLE,0,99,100,100,0,100,99,1,0,1630694760950056,1630694765900223,59,0,41
fe7e24ace398541f,2021.09.03.18.32.35_veh-39_00559_01142,traversing_crosswalk,0280bd942c445786,VEHICLE,0,99,100,100,0,100,99,1,0,1630694760950056,1630694765900223,0,0,0
fe7e24ace398541f,2021.09.03.18.32.35_veh-39_00559_01142,traversing_crosswalk,161491972d575feb,VEHICLE,0,90,91,91,0,91,90,1,0,1630694760950056,1630694765450320,0,0,91
fe7e24ace398541f,2021.09.03.18.32.35_veh-39_00559_01142,traversing_crosswalk,64eebd3dbd685274,VEHICLE,0,99,100,100,0,100,99,1,0,1630694760950056,1630694765900223,0,0,100
fe7e24ace398541f,2021.09.03.18.32.35_veh-39_00559_01142,traversing_crosswalk,2161cf13274d5d87,VEHICLE,0,86,87,87,0,87,86,1,0,1630694760950056,1630694765250310,0,0,87
fe7e24ace398541f,2021.09.03.18.32.35_veh-39_00559_01142,traversing_crosswalk,e19fe1b019195395,VEHICLE,0,99,100,100,0,100,99,1,0,1630694760950056,1630694765900223,0,0,0
fe7e24ace398541f,2021.09.03.18.32.35_veh-39_00559_01142,traversing_crosswalk,3287d7b1f05753df,VEHICLE,0,89,90,90,0,90,89,1,0,1630694760950056,1630694765400324,0,0,90
fe7e24ace398541f,2021.09.03.18.32.35_veh-39_00559_01142,traversing_crosswalk,b281196361c952b7,VEHICLE,0,99,100,100,0,100,99,1,0,1630694760950056,1630694765900223,100,0,0
fe7e24ace398541f,2021.09.03.18.32.35_veh-39_00559_01142,traversing_crosswalk,0772f661c9ec5440,VEHICLE,0,99,100,100,0,100,99,1,0,1630694760950056,1630694765900223,0,0,0
fe7e24ace398541f,2021.09.03.18.32.35_veh-39_00559_01142,traversing_crosswalk,f69ff20176dd5cf7,VEHICLE,0,99,100,100,0,100,99,1,0,1630694760950056,1630694765900223,100,0,0
fe7e24ace398541f,2021.09.03.18.32.35_veh-39_00559_01142,traversing_crosswalk,ccd83f0d77d05043,VEHICLE,0,99,100,100,0,100,99,1,0,1630694760950056,1630694765900223,0,0,0
fe7e24ace398541f,2021.09.03.18.32.35_veh-39_00559_01142,traversing_crosswalk,ec8c95d73a675520,VEHICLE,0,99,100,100,0,100,99,1,0,1630694760950056,1630694765900223,0,0,0
fe7e24ace398541f,2021.09.03.18.32.35_veh-39_00559_01142,traversing_crosswalk,b9e75652065d5e91,VEHICLE,0,99,100,100,0,100,99,1,0,1630694760950056,1630694765900223,0,0,0
fe7e24ace398541f,2021.09.03.18.32.35_veh-39_00559_01142,traversing_crosswalk,4da273f8c93452d3,VEHICLE,0,99,100,100,0,100,99,1,0,1630694760950056,1630694765900223,0,0,0
fe7e24ace398541f,2021.09.03.18.32.35_veh-39_00559_01142,traversing_crosswalk,62177873ba775eb7,VEHICLE,0,99,100,100,0,100,99,1,0,1630694760950056,1630694765900223,0,0,0
fe7e24ace398541f,2021.09.03.18.32.35_veh-39_00559_01142,traversing_crosswalk,8d20d8d7838b56c3,VEHICLE,0,99,100,100,0,100,99,1,0,1630694760950056,1630694765900223,0,0,0
fe7e24ace398541f,2021.09.03.18.32.35_veh-39_00559_01142,traversing_crosswalk,7a41315d9e945ad2,VEHICLE,0,99,100,100,0,100,99,1,0,1630694760950056,1630694765900223,0,0,0
fe7e24ace398541f,2021.09.03.18.32.35_veh-39_00559_01142,traversing_crosswalk,7d8e426480455823,VEHICLE,0,99,100,100,0,100,99,1,0,1630694760950056,1630694765900223,0,0,0
fe7e24ace398541f,2021.09.03.18.32.35_veh-39_00559_01142,traversing_crosswalk,87dc72b526ed5bd5,VEHICLE,0,99,100,100,0,100,99,1,0,1630694760950056,1630694765900223,0,0,0
fe7e24ace398541f,2021.09.03.18.32.35_veh-39_00559_01142,traversing_crosswalk,d22f58223c84565f,VEHICLE,0,99,100,100,0,100,99,1,0,1630694760950056,1630694765900223,0,0,0
fe7e24ace398541f,2021.09.03.18.32.35_veh-39_00559_01142,traversing_crosswalk,8d655a612f935d72,PEDESTRIAN,0,37,38,38,0,38,37,1,0,1630694760950056,1630694762799666,0,0,38
fe7e24ace398541f,2021.09.03.18.32.35_veh-39_00559_01142,traversing_crosswalk,d1d78b456a625659,PEDESTRIAN,0,40,41,41,0,41,40,1,0,1630694760950056,1630694762949625,0,0,41
fe7e24ace398541f,2021.09.03.18.32.35_veh-39_00559_01142,traversing_crosswalk,881b8c5daee85ef9,PEDESTRIAN,0,5,6,6,0,6,5,1,0,1630694760950056,1630694761200153,0,0,6
fe7e24ace398541f,2021.09.03.18.32.35_veh-39_00559_01142,traversing_crosswalk,c7462c96a8665c21,PEDESTRIAN,0,8,9,9,0,9,8,1,0,1630694760950056,1630694761350176,0,0,9
fe7e24ace398541f,2021.09.03.18.32.35_veh-39_00559_01142,traversing_crosswalk,6269583179955238,PEDESTRIAN,0,33,34,34,0,34,33,1,0,1630694760950056,1630694762599722,0,0,34
fe7e24ace398541f,2021.09.03.18.32.35_veh-39_00559_01142,traversing_crosswalk,e68805d5e28b5c16,PEDESTRIAN,0,34,35,35,0,35,34,1,0,1630694760950056,1630694762649710,0,0,35
fe7e24ace398541f,2021.09.03.18.32.35_veh-39_00559_01142,traversing_crosswalk,f3a3e466310c5f14,PEDESTRIAN,0,52,53,53,0,53,52,1,0,1630694760950056,1630694763549484,0,0,53
fe7e24ace398541f,2021.09.03.18.32.35_veh-39_00559_01142,traversing_crosswalk,e25619a440fb5522,PEDESTRIAN,0,38,39,39,0,39,38,1,0,1630694760950056,1630694762849652,0,0,39
fe7e24ace398541f,2021.09.03.18.32.35_veh-39_00559_01142,traversing_crosswalk,a0a2a8e7427e5028,PEDESTRIAN,0,99,100,100,0,100,99,1,0,1630694760950056,1630694765900223,29,0,71
fe7e24ace398541f,2021.09.03.18.32.35_veh-39_00559_01142,traversing_crosswalk,aea0cc9e4ae55046,PEDESTRIAN,0,38,39,39,0,39,38,1,0,1630694760950056,1630694762849652,0,0,39
fe7e24ace398541f,2021.09.03.18.32.35_veh-39_00559_01142,traversing_crosswalk,ea7992a745655312,PEDESTRIAN,0,99,100,100,0,100,99,1,0,1630694760950056,1630694765900223,82,1,17
fe7e24ace398541f,2021.09.03.18.32.35_veh-39_00559_01142,traversing_crosswalk,21bcf16e2d085734,PEDESTRIAN,0,35,36,36,0,36,35,1,0,1630694760950056,1630694762699695,0,0,36
fe7e24ace398541f,2021.09.03.18.32.35_veh-39_00559_01142,traversing_crosswalk,629df6a444035456,PEDESTRIAN,0,99,100,100,0,100,99,1,0,1630694760950056,1630694765900223,100,0,0
fe7e24ace398541f,2021.09.03.18.32.35_veh-39_00559_01142,traversing_crosswalk,8810ff1aa0e45597,PEDESTRIAN,0,99,100,100,0,100,99,1,0,1630694760950056,1630694765900223,100,0,0
fe7e24ace398541f,2021.09.03.18.32.35_veh-39_00559_01142,traversing_crosswalk,0cd5ec885c015698,PEDESTRIAN,0,99,100,100,0,100,99,1,0,1630694760950056,1630694765900223,87,9,4
fe7e24ace398541f,2021.09.03.18.32.35_veh-39_00559_01142,traversing_crosswalk,2ae274f20cac5a7e,PEDESTRIAN,0,99,100,100,0,100,99,1,0,1630694760950056,1630694765900223,94,2,4
fe7e24ace398541f,2021.09.03.18.32.35_veh-39_00559_01142,traversing_crosswalk,cad5d8db9b5c5438,PEDESTRIAN,0,99,100,100,0,100,99,1,0,1630694760950056,1630694765900223,79,0,21
fe7e24ace398541f,2021.09.03.18.32.35_veh-39_00559_01142,traversing_crosswalk,76d8e40497705f56,PEDESTRIAN,0,99,100,100,0,100,99,1,0,1630694760950056,1630694765900223,81,0,19
fe7e24ace398541f,2021.09.03.18.32.35_veh-39_00559_01142,traversing_crosswalk,cc78f20f8c1355b4,PEDESTRIAN,0,99,100,100,0,100,99,1,0,1630694760950056,1630694765900223,4,4,92
fe7e24ace398541f,2021.09.03.18.32.35_veh-39_00559_01142,traversing_crosswalk,982126be98105315,PEDESTRIAN,0,99,100,100,0,100,99,1,0,1630694760950056,1630694765900223,79,0,21
fe7e24ace398541f,2021.09.03.18.32.35_veh-39_00559_01142,traversing_crosswalk,03a2d11291145afb,PEDESTRIAN,0,99,100,100,0,100,99,1,0,1630694760950056,1630694765900223,63,0,37
fe7e24ace398541f,2021.09.03.18.32.35_veh-39_00559_01142,traversing_crosswalk,d19cd070bd5150c1,PEDESTRIAN,0,99,100,100,0,100,99,1,0,1630694760950056,1630694765900223,73,9,18
fe7e24ace398541f,2021.09.03.18.32.35_veh-39_00559_01142,traversing_crosswalk,e20e462d48585c56,PEDESTRIAN,0,99,100,100,0,100,99,1,0,1630694760950056,1630694765900223,63,6,31
fe7e24ace398541f,2021.09.03.18.32.35_veh-39_00559_01142,traversing_crosswalk,da8e94ff644b5bf1,PEDESTRIAN,0,99,100,100,0,100,99,1,0,1630694760950056,1630694765900223,37,0,63
fe7e24ace398541f,2021.09.03.18.32.35_veh-39_00559_01142,traversing_crosswalk,d57ba5bc9d735cc6,PEDESTRIAN,0,99,100,100,0,100,99,1,0,1630694760950056,1630694765900223,35,1,64
fe7e24ace398541f,2021.09.03.18.32.35_veh-39_00559_01142,traversing_crosswalk,88e49424231658f3,PEDESTRIAN,0,99,100,100,0,100,99,1,0,1630694760950056,1630694765900223,73,11,16
fe7e24ace398541f,2021.09.03.18.32.35_veh-39_00559_01142,traversing_crosswalk,4af7f07d453056f7,PEDESTRIAN,0,99,100,100,0,100,99,1,0,1630694760950056,1630694765900223,91,0,9
fe7e24ace398541f,2021.09.03.18.32.35_veh-39_00559_01142,traversing_crosswalk,bb3bd1a36d765605,PEDESTRIAN,0,99,100,100,0,100,99,1,0,1630694760950056,1630694765900223,80,0,20
fe7e24ace398541f,2021.09.03.18.32.35_veh-39_00559_01142,traversing_crosswalk,a9c514ee0783544b,PEDESTRIAN,0,99,100,100,0,100,99,1,0,1630694760950056,1630694765900223,27,0,73
fe7e24ace398541f,2021.09.03.18.32.35_veh-39_00559_01142,traversing_crosswalk,b8d68e0f12f853a0,PEDESTRIAN,0,99,100,100,0,100,99,1,0,1630694760950056,1630694765900223,2,0,98
fe7e24ace398541f,2021.09.03.18.32.35_veh-39_00559_01142,traversing_crosswalk,8a7530d9f9bb502b,PEDESTRIAN,0,99,100,100,0,100,99,1,0,1630694760950056,1630694765900223,65,17,18
fe7e24ace398541f,2021.09.03.18.32.35_veh-39_00559_01142,traversing_crosswalk,18822dc8f7675024,PEDESTRIAN,0,99,100,100,0,100,99,1,0,1630694760950056,1630694765900223,47,0,53
fe7e24ace398541f,2021.09.03.18.32.35_veh-39_00559_01142,traversing_crosswalk,70d3ede6b92257eb,PEDESTRIAN,0,23,24,24,0,24,23,1,0,1630694760950056,1630694762099922,0,0,24
fe7e24ace398541f,2021.09.03.18.32.35_veh-39_00559_01142,traversing_crosswalk,76908890e2fb5405,PEDESTRIAN,0,99,100,100,0,100,99,1,0,1630694760950056,1630694765900223,0,0,100
fe7e24ace398541f,2021.09.03.18.32.35_veh-39_00559_01142,traversing_crosswalk,1e80e6c425ec5773,TRAFFIC_CONE,0,99,100,100,0,100,99,1,0,1630694760950056,1630694765900223,58,0,42
fe7e24ace398541f,2021.09.03.18.32.35_veh-39_00559_01142,traversing_crosswalk,722a2e27b02c5c83,TRAFFIC_CONE,0,99,100,100,0,100,99,1,0,1630694760950056,1630694765900223,60,0,40
fe7e24ace398541f,2021.09.03.18.32.35_veh-39_00559_01142,traversing_crosswalk,5efb355ea26353f6,TRAFFIC_CONE,0,99,100,100,0,100,99,1,0,1630694760950056,1630694765900223,56,0,44
fe7e24ace398541f,2021.09.03.18.32.35_veh-39_00559_01142,traversing_crosswalk,40a5a67f008c54db,TRAFFIC_CONE,0,99,100,100,0,100,99,1,0,1630694760950056,1630694765900223,58,0,42
fe7e24ace398541f,2021.09.03.18.32.35_veh-39_00559_01142,traversing_crosswalk,e60e32ed6d1b5a3f,TRAFFIC_CONE,0,99,100,100,0,100,99,1,0,1630694760950056,1630694765900223,86,0,14
fe7e24ace398541f,2021.09.03.18.32.35_veh-39_00559_01142,traversing_crosswalk,53557dfa8c9f57bd,TRAFFIC_CONE,0,11,12,12,0,12,11,1,0,1630694760950056,1630694761500174,0,0,12
fe7e24ace398541f,2021.09.03.18.32.35_veh-39_00559_01142,traversing_crosswalk,e187d756fc6c5ff3,GENERIC_OBJECT,0,30,31,31,0,31,30,1,0,1630694760950056,1630694762449766,31,0,0
fe7e24ace398541f,2021.09.03.18.32.35_veh-39_00559_01142,traversing_crosswalk,eb282a71346959f2,GENERIC_OBJECT,0,70,71,71,0,71,70,1,0,1630694760950056,1630694764449797,71,0,0
fe7e24ace398541f,2021.09.03.18.32.35_veh-39_00559_01142,traversing_crosswalk,b9d4612baee45574,PEDESTRIAN,8,38,31,31,0,31,30,1,0,1630694761350176,1630694762849652,0,0,31
fe7e24ace398541f,2021.09.03.18.32.35_veh-39_00559_01142,traversing_crosswalk,ba6a8fcf2076524b,PEDESTRIAN,11,99,89,89,0,89,88,1,0,1630694761500174,1630694765900223,27,0,62
fe7e24ace398541f,2021.09.03.18.32.35_veh-39_00559_01142,traversing_crosswalk,f74b85a2aa395e27,VEHICLE,12,16,5,5,0,5,4,1,0,1630694761550166,1630694761750117,0,0,0
fe7e24ace398541f,2021.09.03.18.32.35_veh-39_00559_01142,traversing_crosswalk,685a12fb1c785ad3,TRAFFIC_CONE,21,99,79,79,0,79,78,1,0,1630694761999988,1630694765900223,0,0,79
fe7e24ace398541f,2021.09.03.18.32.35_veh-39_00559_01142,traversing_crosswalk,4338abe62ce55b88,PEDESTRIAN,22,99,78,78,0,78,77,1,0,1630694762049955,1630694765900223,0,0,78
fe7e24ace398541f,2021.09.03.18.32.35_veh-39_00559_01142,traversing_crosswalk,102401da48e55d7b,TRAFFIC_CONE,22,99,78,78,0,78,77,1,0,1630694762049955,1630694765900223,0,0,78
fe7e24ace398541f,2021.09.03.18.32.35_veh-39_00559_01142,traversing_crosswalk,877de2f1a95c50dd,VEHICLE,24,26,3,3,0,3,2,1,0,1630694762149895,1630694762249848,0,0,0
fe7e24ace398541f,2021.09.03.18.32.35_veh-39_00559_01142,traversing_crosswalk,2272e09edc015025,PEDESTRIAN,25,99,75,75,0,75,74,1,0,1630694762199871,1630694765900223,0,0,75
fe7e24ace398541f,2021.09.03.18.32.35_veh-39_00559_01142,traversing_crosswalk,2fc597aaf3705164,BARRIER,26,99,74,74,0,74,73,1,0,1630694762249848,1630694765900223,0,0,74
fe7e24ace398541f,2021.09.03.18.32.35_veh-39_00559_01142,traversing_crosswalk,5417641dcf155e04,VEHICLE,28,49,22,22,0,22,21,1,0,1630694762349803,1630694763399510,0,0,22
fe7e24ace398541f,2021.09.03.18.32.35_veh-39_00559_01142,traversing_crosswalk,f7ea547be1a15fe6,PEDESTRIAN,28,99,72,72,0,72,71,1,0,1630694762349803,1630694765900223,47,0,25
fe7e24ace398541f,2021.09.03.18.32.35_veh-39_00559_01142,traversing_crosswalk,f7d04dd721a552c2,PEDESTRIAN,28,99,72,72,0,72,71,1,0,1630694762349803,1630694765900223,18,9,45
fe7e24ace398541f,2021.09.03.18.32.35_veh-39_00559_01142,traversing_crosswalk,d8382a4654375233,TRAFFIC_CONE,29,99,71,71,0,71,70,1,0,1630694762399784,1630694765900223,0,0,71
fe7e24ace398541f,2021.09.03.18.32.35_veh-39_00559_01142,traversing_crosswalk,2bf2acf900bd509e,PEDESTRIAN,30,99,70,70,0,70,69,1,0,1630694762449766,1630694765900223,63,0,7
fe7e24ace398541f,2021.09.03.18.32.35_veh-39_00559_01142,traversing_crosswalk,3b9161e47d665263,PEDESTRIAN,31,99,69,69,0,69,68,1,0,1630694762499749,1630694765900223,50,0,19
fe7e24ace398541f,2021.09.03.18.32.35_veh-39_00559_01142,traversing_crosswalk,24cdbc8c16815e79,TRAFFIC_CONE,34,99,66,66,0,66,65,1,0,1630694762649710,1630694765900223,0,0,66
fe7e24ace398541f,2021.09.03.18.32.35_veh-39_00559_01142,traversing_crosswalk,dc997ee8f54b5df7,TRAFFIC_CONE,38,99,62,62,0,62,61,1,0,1630694762849652,1630694765900223,0,0,62
fe7e24ace398541f,2021.09.03.18.32.35_veh-39_00559_01142,traversing_crosswalk,90907c9b5d1f52f1,PEDESTRIAN,43,99,57,57,0,57,56,1,0,1630694763099586,1630694765900223,0,0,57
fe7e24ace398541f,2021.09.03.18.32.35_veh-39_00559_01142,traversing_crosswalk,f39a680a1f265b5b,PEDESTRIAN,44,99,56,56,0,56,55,1,0,1630694763149572,1630694765900223,0,0,56
fe7e24ace398541f,2021.09.03.18.32.35_veh-39_00559_01142,traversing_crosswalk,be51ec9515ae5508,PEDESTRIAN,46,99,54,54,0,54,53,1,0,1630694763249546,1630694765900223,48,0,6
fe7e24ace398541f,2021.09.03.18.32.35_veh-39_00559_01142,traversing_crosswalk,4cac674431a05fc4,TRAFFIC_CONE,47,99,53,53,0,53,52,1,0,1630694763299532,1630694765900223,0,0,53
fe7e24ace398541f,2021.09.03.18.32.35_veh-39_00559_01142,traversing_crosswalk,fb1b3d1a284153e6,PEDESTRIAN,49,99,51,51,0,51,50,1,0,1630694763399510,1630694765900223,0,0,51
fe7e24ace398541f,2021.09.03.18.32.35_veh-39_00559_01142,traversing_crosswalk,a21876c0ff065ca4,TRAFFIC_CONE,49,99,51,51,0,51,50,1,0,1630694763399510,1630694765900223,0,0,51
fe7e24ace398541f,2021.09.03.18.32.35_veh-39_00559_01142,traversing_crosswalk,fd1b659cdac05e4b,TRAFFIC_CONE,50,99,50,50,0,50,49,1,0,1630694763449502,1630694765900223,0,0,50
fe7e24ace398541f,2021.09.03.18.32.35_veh-39_00559_01142,traversing_crosswalk,a7b015cd9a675a18,PEDESTRIAN,51,58,8,8,0,8,7,1,0,1630694763499494,1630694763849488,0,0,8
fe7e24ace398541f,2021.09.03.18.32.35_veh-39_00559_01142,traversing_crosswalk,e81bc2cf1e3850d7,TRAFFIC_CONE,52,99,48,48,0,48,47,1,0,1630694763549484,1630694765900223,0,0,48
fe7e24ace398541f,2021.09.03.18.32.35_veh-39_00559_01142,traversing_crosswalk,5ba40f6cf7095e31,GENERIC_OBJECT,56,99,44,44,0,44,43,1,0,1630694763749469,1630694765900223,4,0,40
fe7e24ace398541f,2021.09.03.18.32.35_veh-39_00559_01142,traversing_crosswalk,2236573297925bfc,PEDESTRIAN,58,99,42,42,0,42,41,1,0,1630694763849488,1630694765900223,0,0,42
fe7e24ace398541f,2021.09.03.18.32.35_veh-39_00559_01142,traversing_crosswalk,7d969c040c8e59a5,PEDESTRIAN,59,99,41,41,0,41,40,1,0,1630694763899502,1630694765900223,0,0,41
fe7e24ace398541f,2021.09.03.18.32.35_veh-39_00559_01142,traversing_crosswalk,c03f97b2dd575da3,PEDESTRIAN,60,99,40,40,0,40,39,1,0,1630694763949519,1630694765900223,0,0,40
fe7e24ace398541f,2021.09.03.18.32.35_veh-39_00559_01142,traversing_crosswalk,ed2546c638a854db,GENERIC_OBJECT,60,99,40,40,0,40,39,1,0,1630694763949519,1630694765900223,0,0,40
fe7e24ace398541f,2021.09.03.18.32.35_veh-39_00559_01142,traversing_crosswalk,ebacbf905a9552e6,VEHICLE,61,99,39,39,0,39,38,1,0,1630694763999538,1630694765900223,0,0,39
fe7e24ace398541f,2021.09.03.18.32.35_veh-39_00559_01142,traversing_crosswalk,aa35e1fbb3c45db0,PEDESTRIAN,62,99,38,38,0,38,37,1,0,1630694764049561,1630694765900223,0,0,38
fe7e24ace398541f,2021.09.03.18.32.35_veh-39_00559_01142,traversing_crosswalk,5d2c867db7645403,PEDESTRIAN,64,99,36,36,0,36,35,1,0,1630694764149618,1630694765900223,0,0,36
fe7e24ace398541f,2021.09.03.18.32.35_veh-39_00559_01142,traversing_crosswalk,02d456d04458513f,PEDESTRIAN,64,99,36,36,0,36,35,1,0,1630694764149618,1630694765900223,0,0,36
fe7e24ace398541f,2021.09.03.18.32.35_veh-39_00559_01142,traversing_crosswalk,5e4555ba328d5e2e,GENERIC_OBJECT,65,99,35,35,0,35,34,1,0,1630694764199647,1630694765900223,15,0,20
fe7e24ace398541f,2021.09.03.18.32.35_veh-39_00559_01142,traversing_crosswalk,4aaf3070a8a65bf6,TRAFFIC_CONE,66,99,34,34,0,34,33,1,0,1630694764249677,1630694765900223,0,0,34
fe7e24ace398541f,2021.09.03.18.32.35_veh-39_00559_01142,traversing_crosswalk,615b10d9f36e5e6c,PEDESTRIAN,68,99,32,32,0,32,31,1,0,1630694764349740,1630694765900223,0,0,32
fe7e24ace398541f,2021.09.03.18.32.35_veh-39_00559_01142,traversing_crosswalk,ed1160ddd82a573d,TRAFFIC_CONE,68,99,32,32,0,32,31,1,0,1630694764349740,1630694765900223,0,0,32
fe7e24ace398541f,2021.09.03.18.32.35_veh-39_00559_01142,traversing_crosswalk,dc380fe2cb4a5f39,BARRIER,69,99,31,31,0,31,30,1,0,1630694764399769,1630694765900223,0,0,31
fe7e24ace398541f,2021.09.03.18.32.35_veh-39_00559_01142,traversing_crosswalk,6b1dff67aa2f5631,BARRIER,71,99,29,29,0,29,28,1,0,1630694764499825,1630694765900223,9,0,20
fe7e24ace398541f,2021.09.03.18.32.35_veh-39_00559_01142,traversing_crosswalk,943e4038fb8e5015,GENERIC_OBJECT,73,99,27,27,0,27,26,1,0,1630694764599888,1630694765900223,27,0,0
fe7e24ace398541f,2021.09.03.18.32.35_veh-39_00559_01142,traversing_crosswalk,316c819ce8b557a4,BARRIER,74,99,26,26,0,26,25,1,0,1630694764649920,1630694765900223,18,0,8
fe7e24ace398541f,2021.09.03.18.32.35_veh-39_00559_01142,traversing_crosswalk,b5f0f4bf735c5d57,PEDESTRIAN,75,99,25,25,0,25,24,1,0,1630694764699951,1630694765900223,0,0,25
fe7e24ace398541f,2021.09.03.18.32.35_veh-39_00559_01142,traversing_crosswalk,cd42a134080f5275,TRAFFIC_CONE,75,99,25,25,0,25,24,1,0,1630694764699951,1630694765900223,0,0,25
fe7e24ace398541f,2021.09.03.18.32.35_veh-39_00559_01142,traversing_crosswalk,7cf5e12381e05d97,VEHICLE,79,99,21,21,0,21,20,1,0,1630694764900081,1630694765900223,0,0,21
fe7e24ace398541f,2021.09.03.18.32.35_veh-39_00559_01142,traversing_crosswalk,4d596850304d50cb,TRAFFIC_CONE,80,99,20,20,0,20,19,1,0,1630694764950121,1630694765900223,0,0,20
fe7e24ace398541f,2021.09.03.18.32.35_veh-39_00559_01142,traversing_crosswalk,8f0fabb76b105d61,BARRIER,81,99,19,19,0,19,18,1,0,1630694765000162,1630694765900223,19,0,0
fe7e24ace398541f,2021.09.03.18.32.35_veh-39_00559_01142,traversing_crosswalk,d6eb83f2c9165558,PEDESTRIAN,83,99,17,17,0,17,16,1,0,1630694765100237,1630694765900223,0,0,17
fe7e24ace398541f,2021.09.03.18.32.35_veh-39_00559_01142,traversing_crosswalk,b9d4c43478d05923,VEHICLE,84,99,16,16,0,16,15,1,0,1630694765150266,1630694765900223,0,0,0
fe7e24ace398541f,2021.09.03.18.32.35_veh-39_00559_01142,traversing_crosswalk,1f6756d73ce75213,PEDESTRIAN,87,99,13,13,0,13,12,1,0,1630694765300322,1630694765900223,13,0,0
fe7e24ace398541f,2021.09.03.18.32.35_veh-39_00559_01142,traversing_crosswalk,45598310090a5c5e,PEDESTRIAN,87,99,13,13,0,13,12,1,0,1630694765300322,1630694765900223,0,0,13
fe7e24ace398541f,2021.09.03.18.32.35_veh-39_00559_01142,traversing_crosswalk,998e5a62f7d353bd,VEHICLE,89,99,11,11,0,11,10,1,0,1630694765400324,1630694765900223,0,0,11
fe7e24ace398541f,2021.09.03.18.32.35_veh-39_00559_01142,traversing_crosswalk,5d4572a148d454fd,PEDESTRIAN,90,99,10,10,0,10,9,1,0,1630694765450320,1630694765900223,0,0,10
fe7e24ace398541f,2021.09.03.18.32.35_veh-39_00559_01142,traversing_crosswalk,47a839c6711255c5,PEDESTRIAN,91,99,9,9,0,9,8,1,0,1630694765500314,1630694765900223,0,0,9
fe7e24ace398541f,2021.09.03.18.32.35_veh-39_00559_01142,traversing_crosswalk,9c7e07bd7c3b5958,VEHICLE,92,99,8,8,0,8,7,1,0,1630694765550306,1630694765900223,0,0,8
fe7e24ace398541f,2021.09.03.18.32.35_veh-39_00559_01142,traversing_crosswalk,e5757659566e552e,GENERIC_OBJECT,94,99,6,6,0,6,5,1,0,1630694765650286,1630694765900223,6,0,0
fe7e24ace398541f,2021.09.03.18.32.35_veh-39_00559_01142,traversing_crosswalk,a6a703ac6bf05a5a,TRAFFIC_CONE,97,99,3,3,0,3,2,1,0,1630694765800256,1630694765900223,0,0,3
d9a22045f0bf52e1,2021.09.01.16.59.08_veh-39_01172_01721,traversing_intersection,8731d156fe895127,VEHICLE,0,83,84,84,0,84,83,1,0,1630517044799565,1630517048949599,0,0,0
d9a22045f0bf52e1,2021.09.01.16.59.08_veh-39_01172_01721,traversing_intersection,c44e555c53115f00,VEHICLE,0,87,88,88,0,88,87,1,0,1630517044799565,1630517049149547,0,0,0
d9a22045f0bf52e1,2021.09.01.16.59.08_veh-39_01172_01721,traversing_intersection,f60776d28bf85184,VEHICLE,0,55,56,56,0,56,55,1,0,1630517044799565,1630517047550164,0,0,0
d9a22045f0bf52e1,2021.09.01.16.59.08_veh-39_01172_01721,traversing_intersection,af2d0351758d5992,VEHICLE,0,80,81,81,0,81,80,1,0,1630517044799565,1630517048799636,0,0,0
d9a22045f0bf52e1,2021.09.01.16.59.08_veh-39_01172_01721,traversing_intersection,26daf3a66f1957c6,VEHICLE,0,32,33,33,0,33,32,1,0,1630517044799565,1630517046399838,0,0,0
d9a22045f0bf52e1,2021.09.01.16.59.08_veh-39_01172_01721,traversing_intersection,bca3e596cc6e57ae,VEHICLE,0,100,101,101,0,101,100,1,0,1630517044799565,1630517049799466,0,0,0
d9a22045f0bf52e1,2021.09.01.16.59.08_veh-39_01172_01721,traversing_intersection,9e853ec61ba05bb9,VEHICLE,0,100,101,101,0,101,100,1,0,1630517044799565,1630517049799466,0,0,0
d9a22045f0bf52e1,2021.09.01.16.59.08_veh-39_01172_01721,traversing_intersection,ac03ad4376145957,VEHICLE,0,74,75,75,0,75,74,1,0,1630517044799565,1630517048499714,0,0,0
d9a22045f0bf52e1,2021.09.01.16.59.08_veh-39_01172_01721,traversing_intersection,54652badf4bb5ea4,VEHICLE,0,100,101,101,0,101,100,1,0,1630517044799565,1630517049799466,0,0,0
d9a22045f0bf52e1,2021.09.01.16.59.08_veh-39_01172_01721,traversing_intersection,e170d5577fa157a3,VEHICLE,0,100,101,101,0,101,100,1,0,1630517044799565,1630517049799466,0,0,0
d9a22045f0bf52e1,2021.09.01.16.59.08_veh-39_01172_01721,traversing_intersection,74990d4f12c458eb,VEHICLE,0,100,101,101,0,101,100,1,0,1630517044799565,1630517049799466,0,0,0
d9a22045f0bf52e1,2021.09.01.16.59.08_veh-39_01172_01721,traversing_intersection,572d0142863353e2,VEHICLE,0,23,24,24,0,24,23,1,0,1630517044799565,1630517045949593,0,0,0
d9a22045f0bf52e1,2021.09.01.16.59.08_veh-39_01172_01721,traversing_intersection,0c994d6cc21e5458,VEHICLE,0,57,58,58,0,58,57,1,0,1630517044799565,1630517047650128,0,0,0
d9a22045f0bf52e1,2021.09.01.16.59.08_veh-39_01172_01721,traversing_intersection,3ecbb86a168b5338,VEHICLE,0,10,11,11,0,11,10,1,0,1630517044799565,1630517045299455,0,0,10
d9a22045f0bf52e1,2021.09.01.16.59.08_veh-39_01172_01721,traversing_intersection,5405459a202d5ea6,VEHICLE,0,100,101,101,0,101,100,1,0,1630517044799565,1630517049799466,0,0,0
d9a22045f0bf52e1,2021.09.01.16.59.08_veh-39_01172_01721,traversing_intersection,f45a7d47ce1251cf,VEHICLE,0,50,51,51,0,51,50,1,0,1630517044799565,1630517047300217,0,0,0
d9a22045f0bf52e1,2021.09.01.16.59.08_veh-39_01172_01721,traversing_intersection,211a3875aa5f55ed,VEHICLE,0,43,44,44,0,44,43,1,0,1630517044799565,1630517046950127,0,0,0
d9a22045f0bf52e1,2021.09.01.16.59.08_veh-39_01172_01721,traversing_intersection,809a607a214a54b0,VEHICLE,0,40,41,41,0,41,40,1,0,1630517044799565,1630517046800045,0,0,0
d9a22045f0bf52e1,2021.09.01.16.59.08_veh-39_01172_01721,traversing_intersection,bd473db5e42b529b,VEHICLE,0,62,63,63,0,63,62,1,0,1630517044799565,1630517047899997,0,0,63
d9a22045f0bf52e1,2021.09.01.16.59.08_veh-39_01172_01721,traversing_intersection,42a75f3c18f95b26,VEHICLE,0,100,101,101,0,101,100,1,0,1630517044799565,1630517049799466,0,0,0
d9a22045f0bf52e1,2021.09.01.16.59.08_veh-39_01172_01721,traversing_intersection,2aa3cce3a4545133,VEHICLE,0,100,101,101,0,101,100,1,0,1630517044799565,1630517049799466,0,0,0
d9a22045f0bf52e1,2021.09.01.16.59.08_veh-39_01172_01721,traversing_intersection,3d51c47506d453ad,VEHICLE,0,28,29,29,0,29,28,1,0,1630517044799565,1630517046199709,0,0,0
d9a22045f0bf52e1,2021.09.01.16.59.08_veh-39_01172_01721,traversing_intersection,6d93e0a1bb9e5f03,VEHICLE,0,100,101,101,0,101,100,1,0,1630517044799565,1630517049799466,0,0,0
d9a22045f0bf52e1,2021.09.01.16.59.08_veh-39_01172_01721,traversing_intersection,f2c07951a6d459a4,VEHICLE,0,100,101,101,0,101,100,1,0,1630517044799565,1630517049799466,0,0,0
d9a22045f0bf52e1,2021.09.01.16.59.08_veh-39_01172_01721,traversing_intersection,88f9b47cb52258e4,VEHICLE,0,100,101,101,0,101,100,1,0,1630517044799565,1630517049799466,0,0,0
d9a22045f0bf52e1,2021.09.01.16.59.08_veh-39_01172_01721,traversing_intersection,4a137aee45555c58,VEHICLE,0,100,101,101,0,101,100,1,0,1630517044799565,1630517049799466,0,0,0
d9a22045f0bf52e1,2021.09.01.16.59.08_veh-39_01172_01721,traversing_intersection,01ad38bf54075d01,VEHICLE,0,100,101,101,0,101,100,1,0,1630517044799565,1630517049799466,0,0,0
d9a22045f0bf52e1,2021.09.01.16.59.08_veh-39_01172_01721,traversing_intersection,3e65f0ebb21b53be,VEHICLE,0,100,101,101,0,101,100,1,0,1630517044799565,1630517049799466,0,0,0
d9a22045f0bf52e1,2021.09.01.16.59.08_veh-39_01172_01721,traversing_intersection,6c6b8f88eb9252fc,VEHICLE,0,100,101,101,0,101,100,1,0,1630517044799565,1630517049799466,0,0,0
d9a22045f0bf52e1,2021.09.01.16.59.08_veh-39_01172_01721,traversing_intersection,c92c5e308f1055dc,VEHICLE,0,100,101,101,0,101,100,1,0,1630517044799565,1630517049799466,0,0,0
d9a22045f0bf52e1,2021.09.01.16.59.08_veh-39_01172_01721,traversing_intersection,51050d9378275dc0,VEHICLE,0,100,101,101,0,101,100,1,0,1630517044799565,1630517049799466,0,0,0
d9a22045f0bf52e1,2021.09.01.16.59.08_veh-39_01172_01721,traversing_intersection,a079321121955f5f,VEHICLE,0,100,101,101,0,101,100,1,0,1630517044799565,1630517049799466,0,0,0
d9a22045f0bf52e1,2021.09.01.16.59.08_veh-39_01172_01721,traversing_intersection,6681b379c2475be1,VEHICLE,0,100,101,101,0,101,100,1,0,1630517044799565,1630517049799466,0,0,0
d9a22045f0bf52e1,2021.09.01.16.59.08_veh-39_01172_01721,traversing_intersection,6944c787f3415401,VEHICLE,0,100,101,101,0,101,100,1,0,1630517044799565,1630517049799466,0,0,0
d9a22045f0bf52e1,2021.09.01.16.59.08_veh-39_01172_01721,traversing_intersection,2f057c30773b5d39,VEHICLE,0,100,101,101,0,101,100,1,0,1630517044799565,1630517049799466,0,0,0
d9a22045f0bf52e1,2021.09.01.16.59.08_veh-39_01172_01721,traversing_intersection,f5b9ce318c4a50e7,GENERIC_OBJECT,0,46,47,47,0,47,46,1,0,1630517044799565,1630517047100198,14,0,33
d9a22045f0bf52e1,2021.09.01.16.59.08_veh-39_01172_01721,traversing_intersection,a7b0faeaa62e583a,GENERIC_OBJECT,0,38,39,39,0,39,38,1,0,1630517044799565,1630517046700000,39,0,0
d9a22045f0bf52e1,2021.09.01.16.59.08_veh-39_01172_01721,traversing_intersection,eb6b491b59c253d3,GENERIC_OBJECT,0,26,27,27,0,27,26,1,0,1630517044799565,1630517046099658,27,0,0
d9a22045f0bf52e1,2021.09.01.16.59.08_veh-39_01172_01721,traversing_intersection,6867ef6dc1bb5b10,GENERIC_OBJECT,0,13,14,14,0,14,13,1,0,1630517044799565,1630517045449442,14,0,0
d9a22045f0bf52e1,2021.09.01.16.59.08_veh-39_01172_01721,traversing_intersection,de53b527f3415cc5,VEHICLE,9,100,92,92,0,92,91,1,0,1630517045249456,1630517049799466,0,0,0
d9a22045f0bf52e1,2021.09.01.16.59.08_veh-39_01172_01721,traversing_intersection,48affd1a11f15cf6,VEHICLE,15,19,5,5,0,5,4,1,0,1630517045549431,1630517045749480,0,0,5
d9a22045f0bf52e1,2021.09.01.16.59.08_veh-39_01172_01721,traversing_intersection,459f8ccb48875b14,GENERIC_OBJECT,16,100,85,85,0,85,84,1,0,1630517045599433,1630517049799466,0,0,85
d9a22045f0bf52e1,2021.09.01.16.59.08_veh-39_01172_01721,traversing_intersection,a1b7eaf94e8158ec,GENERIC_OBJECT,20,62,43,43,0,43,42,1,0,1630517045799507,1630517047899997,43,0,0
d9a22045f0bf52e1,2021.09.01.16.59.08_veh-39_01172_01721,traversing_intersection,17ea440a49e55f2a,PEDESTRIAN,22,100,79,79,0,79,78,1,0,1630517045899566,1630517049799466,79,0,0
d9a22045f0bf52e1,2021.09.01.16.59.08_veh-39_01172_01721,traversing_intersection,af28d7d6e6d25e99,VEHICLE,23,100,78,78,0,78,77,1,0,1630517045949593,1630517049799466,0,0,0
d9a22045f0bf52e1,2021.09.01.16.59.08_veh-39_01172_01721,traversing_intersection,8cc53472d46d58cb,VEHICLE,23,34,12,12,0,12,11,1,0,1630517045949593,1630517046499898,0,0,0
d9a22045f0bf52e1,2021.09.01.16.59.08_veh-39_01172_01721,traversing_intersection,dfbd181cec2a547f,VEHICLE,25,100,76,76,0,76,75,1,0,1630517046049636,1630517049799466,0,0,0
d9a22045f0bf52e1,2021.09.01.16.59.08_veh-39_01172_01721,traversing_intersection,13e218b6074559d3,PEDESTRIAN,25,100,76,76,0,76,75,1,0,1630517046049636,1630517049799466,76,0,0
d9a22045f0bf52e1,2021.09.01.16.59.08_veh-39_01172_01721,traversing_intersection,4225ffca280554d4,PEDESTRIAN,28,100,73,73,0,73,72,1,0,1630517046199709,1630517049799466,73,0,0
d9a22045f0bf52e1,2021.09.01.16.59.08_veh-39_01172_01721,traversing_intersection,9f93d9e560ad5d43,GENERIC_OBJECT,32,36,5,5,0,5,4,1,0,1630517046399838,1630517046599953,5,0,0
d9a22045f0bf52e1,2021.09.01.16.59.08_veh-39_01172_01721,traversing_intersection,d68137a1470054ad,VEHICLE,34,100,67,67,0,67,66,1,0,1630517046499898,1630517049799466,0,0,0
d9a22045f0bf52e1,2021.09.01.16.59.08_veh-39_01172_01721,traversing_intersection,eda79deadd9454d4,VEHICLE,34,100,67,67,0,67,66,1,0,1630517046499898,1630517049799466,0,0,0
d9a22045f0bf52e1,2021.09.01.16.59.08_veh-39_01172_01721,traversing_intersection,cef74c6d9b7a5b12,PEDESTRIAN,34,100,67,67,0,67,66,1,0,1630517046499898,1630517049799466,0,0,67
d9a22045f0bf52e1,2021.09.01.16.59.08_veh-39_01172_01721,traversing_intersection,c9af766d79ea5cc2,VEHICLE,43,100,58,58,0,58,57,1,0,1630517046950127,1630517049799466,0,0,0
d9a22045f0bf52e1,2021.09.01.16.59.08_veh-39_01172_01721,traversing_intersection,2b9538dac942531a,VEHICLE,44,100,57,57,0,57,56,1,0,1630517047000155,1630517049799466,0,0,57
d9a22045f0bf52e1,2021.09.01.16.59.08_veh-39_01172_01721,traversing_intersection,adc6813338c25451,VEHICLE,45,50,6,6,0,6,5,1,0,1630517047050180,1630517047300217,0,0,0
d9a22045f0bf52e1,2021.09.01.16.59.08_veh-39_01172_01721,traversing_intersection,086ef6fc45395d40,PEDESTRIAN,47,54,8,8,0,8,7,1,0,1630517047150211,1630517047500177,8,0,0
d9a22045f0bf52e1,2021.09.01.16.59.08_veh-39_01172_01721,traversing_intersection,72475525b7ea5644,VEHICLE,48,100,53,53,0,53,52,1,0,1630517047200220,1630517049799466,0,0,0
d9a22045f0bf52e1,2021.09.01.16.59.08_veh-39_01172_01721,traversing_intersection,1405b1259e3a5106,GENERIC_OBJECT,48,52,5,5,0,5,4,1,0,1630517047200220,1630517047400198,5,0,0
d9a22045f0bf52e1,2021.09.01.16.59.08_veh-39_01172_01721,traversing_intersection,bf6d7f37226a5584,VEHICLE,51,100,50,50,0,50,49,1,0,1630517047350209,1630517049799466,0,0,0
d9a22045f0bf52e1,2021.09.01.16.59.08_veh-39_01172_01721,traversing_intersection,d1da72df77c250cd,PEDESTRIAN,57,76,20,20,0,20,19,1,0,1630517047650128,1630517048599684,20,0,0
d9a22045f0bf52e1,2021.09.01.16.59.08_veh-39_01172_01721,traversing_intersection,2d390663b95f542a,PEDESTRIAN,57,77,21,21,0,21,20,1,0,1630517047650128,1630517048649671,21,0,0
d9a22045f0bf52e1,2021.09.01.16.59.08_veh-39_01172_01721,traversing_intersection,5995222d744350be,VEHICLE,58,100,43,43,0,43,42,1,0,1630517047700107,1630517049799466,0,0,0
d9a22045f0bf52e1,2021.09.01.16.59.08_veh-39_01172_01721,traversing_intersection,b8ac61f1761859b7,VEHICLE,58,100,43,43,0,43,42,1,0,1630517047700107,1630517049799466,0,0,43
d9a22045f0bf52e1,2021.09.01.16.59.08_veh-39_01172_01721,traversing_intersection,722e841c417e54b1,GENERIC_OBJECT,60,69,10,10,0,10,9,1,0,1630517047800056,1630517048249806,10,0,0
d9a22045f0bf52e1,2021.09.01.16.59.08_veh-39_01172_01721,traversing_intersection,91030245c2a9532e,VEHICLE,61,100,40,40,0,40,39,1,0,1630517047850028,1630517049799466,0,0,0
d9a22045f0bf52e1,2021.09.01.16.59.08_veh-39_01172_01721,traversing_intersection,394487924f185000,VEHICLE,63,100,38,38,0,38,37,1,0,1630517047949965,1630517049799466,0,0,38
d9a22045f0bf52e1,2021.09.01.16.59.08_veh-39_01172_01721,traversing_intersection,9bda5892e9af5dd6,GENERIC_OBJECT,65,84,20,20,0,20,19,1,0,1630517048049907,1630517048999584,20,0,0
d9a22045f0bf52e1,2021.09.01.16.59.08_veh-39_01172_01721,traversing_intersection,b4b0495fdf5d5290,VEHICLE,72,100,29,29,0,29,28,1,0,1630517048399746,1630517049799466,0,0,0
d9a22045f0bf52e1,2021.09.01.16.59.08_veh-39_01172_01721,traversing_intersection,1d5ff8a56fb15911,VEHICLE,76,100,25,25,0,25,24,1,0,1630517048599684,1630517049799466,0,0,0
d9a22045f0bf52e1,2021.09.01.16.59.08_veh-39_01172_01721,traversing_intersection,60b68875c65f50c2,VEHICLE,79,100,22,22,0,22,21,1,0,1630517048749648,1630517049799466,0,0,0
d9a22045f0bf52e1,2021.09.01.16.59.08_veh-39_01172_01721,traversing_intersection,ae6692ff93035a27,VEHICLE,81,99,19,19,0,19,18,1,0,1630517048849626,1630517049749449,0,0,0
b21da07870d2560b,2021.08.24.14.40.55_veh-28_01570_01776,near_pedestrian_on_crosswalk,e62331cd7ba7506d,VEHICLE,0,99,100,100,0,100,99,1,0,1629817788049522,1629817792999913,0,0,100
b21da07870d2560b,2021.08.24.14.40.55_veh-28_01570_01776,near_pedestrian_on_crosswalk,4275847b7cbb54fb,VEHICLE,0,43,44,44,0,44,43,1,0,1629817788049522,1629817790199524,0,0,0
b21da07870d2560b,2021.08.24.14.40.55_veh-28_01570_01776,near_pedestrian_on_crosswalk,60219897d03558e6,VEHICLE,0,39,40,40,0,40,39,1,0,1629817788049522,1629817789999488,0,0,0
b21da07870d2560b,2021.08.24.14.40.55_veh-28_01570_01776,near_pedestrian_on_crosswalk,211a233655335ed6,VEHICLE,0,32,33,33,0,33,32,1,0,1629817788049522,1629817789649595,0,0,0
b21da07870d2560b,2021.08.24.14.40.55_veh-28_01570_01776,near_pedestrian_on_crosswalk,26d3d85d50d65fa4,VEHICLE,0,84,85,85,0,85,84,1,0,1629817788049522,1629817792249554,0,0,0
b21da07870d2560b,2021.08.24.14.40.55_veh-28_01570_01776,near_pedestrian_on_crosswalk,f6cf8f003ace5964,VEHICLE,0,98,99,99,0,99,98,1,0,1629817788049522,1629817792949916,0,0,0
b21da07870d2560b,2021.08.24.14.40.55_veh-28_01570_01776,near_pedestrian_on_crosswalk,d93e55339bc55062,VEHICLE,0,99,100,100,0,100,99,1,0,1629817788049522,1629817792999913,0,0,0
b21da07870d2560b,2021.08.24.14.40.55_veh-28_01570_01776,near_pedestrian_on_crosswalk,a6b66c48e8f55914,VEHICLE,0,24,25,25,0,25,24,1,0,1629817788049522,1629817789249771,0,0,0
b21da07870d2560b,2021.08.24.14.40.55_veh-28_01570_01776,near_pedestrian_on_crosswalk,7c9a113e3dba5c00,VEHICLE,0,68,69,69,0,69,68,1,0,1629817788049522,1629817791449796,0,0,0
b21da07870d2560b,2021.08.24.14.40.55_veh-28_01570_01776,near_pedestrian_on_crosswalk,ba47b1e4ed285d28,VEHICLE,0,68,69,69,0,69,68,1,0,1629817788049522,1629817791449796,0,0,0
b21da07870d2560b,2021.08.24.14.40.55_veh-28_01570_01776,near_pedestrian_on_crosswalk,c6baa5dd62be53b6,VEHICLE,0,58,59,59,0,59,58,1,0,1629817788049522,1629817790949841,0,0,0
b21da07870d2560b,2021.08.24.14.40.55_veh-28_01570_01776,near_pedestrian_on_crosswalk,7a8dded892e853a6,VEHICLE,0,99,100,100,0,100,99,1,0,1629817788049522,1629817792999913,0,0,0
b21da07870d2560b,2021.08.24.14.40.55_veh-28_01570_01776,near_pedestrian_on_crosswalk,0dff04470d865137,VEHICLE,0,99,100,100,0,100,99,1,0,1629817788049522,1629817792999913,0,0,0
b21da07870d2560b,2021.08.24.14.40.55_veh-28_01570_01776,near_pedestrian_on_crosswalk,5b65a961abc15034,VEHICLE,0,42,43,43,0,43,42,1,0,1629817788049522,1629817790149504,0,0,0
b21da07870d2560b,2021.08.24.14.40.55_veh-28_01570_01776,near_pedestrian_on_crosswalk,f31cd18dbdf65360,VEHICLE,0,44,45,45,0,45,44,1,0,1629817788049522,1629817790249546,0,0,45
b21da07870d2560b,2021.08.24.14.40.55_veh-28_01570_01776,near_pedestrian_on_crosswalk,0a6d39f7bfbf583f,VEHICLE,0,36,37,37,0,37,36,1,0,1629817788049522,1629817789849523,0,0,0
b21da07870d2560b,2021.08.24.14.40.55_veh-28_01570_01776,near_pedestrian_on_crosswalk,09a558fdd0175c6c,VEHICLE,0,4,5,5,0,5,4,1,0,1629817788049522,1629817788249596,0,0,0
b21da07870d2560b,2021.08.24.14.40.55_veh-28_01570_01776,near_pedestrian_on_crosswalk,e0ff684256915d41,VEHICLE,0,21,22,22,0,22,21,1,0,1629817788049522,1629817789099830,0,0,0
b21da07870d2560b,2021.08.24.14.40.55_veh-28_01570_01776,near_pedestrian_on_crosswalk,0037945a23e95e25,VEHICLE,0,99,100,100,0,100,99,1,0,1629817788049522,1629817792999913,0,0,0
b21da07870d2560b,2021.08.24.14.40.55_veh-28_01570_01776,near_pedestrian_on_crosswalk,4e266e445ef15495,VEHICLE,0,99,100,100,0,100,99,1,0,1629817788049522,1629817792999913,0,0,0
b21da07870d2560b,2021.08.24.14.40.55_veh-28_01570_01776,near_pedestrian_on_crosswalk,74a6fadd6dc95281,VEHICLE,0,99,100,100,0,100,99,1,0,1629817788049522,1629817792999913,0,0,0
b21da07870d2560b,2021.08.24.14.40.55_veh-28_01570_01776,near_pedestrian_on_crosswalk,2bbacad255ea5c60,VEHICLE,0,99,100,100,0,100,99,1,0,1629817788049522,1629817792999913,0,0,0
b21da07870d2560b,2021.08.24.14.40.55_veh-28_01570_01776,near_pedestrian_on_crosswalk,984912c838e15a14,VEHICLE,0,99,100,100,0,100,99,1,0,1629817788049522,1629817792999913,0,0,0
b21da07870d2560b,2021.08.24.14.40.55_veh-28_01570_01776,near_pedestrian_on_crosswalk,b43b2ebbf6bc5dff,VEHICLE,0,99,100,100,0,100,99,1,0,1629817788049522,1629817792999913,0,0,0
b21da07870d2560b,2021.08.24.14.40.55_veh-28_01570_01776,near_pedestrian_on_crosswalk,2b17c683424b5243,VEHICLE,0,99,100,100,0,100,99,1,0,1629817788049522,1629817792999913,0,0,0
b21da07870d2560b,2021.08.24.14.40.55_veh-28_01570_01776,near_pedestrian_on_crosswalk,9b53a9c65b03528b,VEHICLE,0,99,100,100,0,100,99,1,0,1629817788049522,1629817792999913,0,0,0
b21da07870d2560b,2021.08.24.14.40.55_veh-28_01570_01776,near_pedestrian_on_crosswalk,4757296b954659c4,VEHICLE,0,99,100,100,0,100,99,1,0,1629817788049522,1629817792999913,0,0,0
b21da07870d2560b,2021.08.24.14.40.55_veh-28_01570_01776,near_pedestrian_on_crosswalk,38f931f1ab5e595a,VEHICLE,0,99,100,100,0,100,99,1,0,1629817788049522,1629817792999913,0,0,0
b21da07870d2560b,2021.08.24.14.40.55_veh-28_01570_01776,near_pedestrian_on_crosswalk,3a0240427a4a567d,VEHICLE,0,99,100,100,0,100,99,1,0,1629817788049522,1629817792999913,0,0,0
b21da07870d2560b,2021.08.24.14.40.55_veh-28_01570_01776,near_pedestrian_on_crosswalk,486fce066d115c58,VEHICLE,0,99,100,100,0,100,99,1,0,1629817788049522,1629817792999913,0,0,0
b21da07870d2560b,2021.08.24.14.40.55_veh-28_01570_01776,near_pedestrian_on_crosswalk,b195922c32c65d66,VEHICLE,0,99,100,100,0,100,99,1,0,1629817788049522,1629817792999913,0,0,0
b21da07870d2560b,2021.08.24.14.40.55_veh-28_01570_01776,near_pedestrian_on_crosswalk,de79309c24925f4c,VEHICLE,0,99,100,100,0,100,99,1,0,1629817788049522,1629817792999913,0,0,0
b21da07870d2560b,2021.08.24.14.40.55_veh-28_01570_01776,near_pedestrian_on_crosswalk,d2504b9df1d55833,VEHICLE,0,99,100,100,0,100,99,1,0,1629817788049522,1629817792999913,0,0,0
b21da07870d2560b,2021.08.24.14.40.55_veh-28_01570_01776,near_pedestrian_on_crosswalk,840bccb757c559ec,VEHICLE,0,99,100,100,0,100,99,1,0,1629817788049522,1629817792999913,0,0,0
b21da07870d2560b,2021.08.24.14.40.55_veh-28_01570_01776,near_pedestrian_on_crosswalk,382c3a95048259b0,VEHICLE,0,12,13,13,0,13,12,1,0,1629817788049522,1629817788649812,0,0,13
b21da07870d2560b,2021.08.24.14.40.55_veh-28_01570_01776,near_pedestrian_on_crosswalk,0385971a2fdd5b67,PEDESTRIAN,0,99,100,100,0,100,99,1,0,1629817788049522,1629817792999913,100,0,0
b21da07870d2560b,2021.08.24.14.40.55_veh-28_01570_01776,near_pedestrian_on_crosswalk,d572f5655f6858ad,PEDESTRIAN,0,99,100,100,0,100,99,1,0,1629817788049522,1629817792999913,83,0,17
b21da07870d2560b,2021.08.24.14.40.55_veh-28_01570_01776,near_pedestrian_on_crosswalk,c89da5bbd3f05659,PEDESTRIAN,0,99,100,100,0,100,99,1,0,1629817788049522,1629817792999913,100,0,0
b21da07870d2560b,2021.08.24.14.40.55_veh-28_01570_01776,near_pedestrian_on_crosswalk,3008aa0467655f96,PEDESTRIAN,0,99,100,100,0,100,99,1,0,1629817788049522,1629817792999913,100,0,0
b21da07870d2560b,2021.08.24.14.40.55_veh-28_01570_01776,near_pedestrian_on_crosswalk,0d8da9a3638652ce,PEDESTRIAN,0,99,100,100,0,100,99,1,0,1629817788049522,1629817792999913,100,0,0
b21da07870d2560b,2021.08.24.14.40.55_veh-28_01570_01776,near_pedestrian_on_crosswalk,24762eff76cf5ed6,GENERIC_OBJECT,0,11,12,12,0,12,11,1,0,1629817788049522,1629817788599788,5,0,7
b21da07870d2560b,2021.08.24.14.40.55_veh-28_01570_01776,near_pedestrian_on_crosswalk,634e12ca0e0a587d,GENERIC_OBJECT,0,24,25,25,0,25,24,1,0,1629817788049522,1629817789249771,25,0,0
b21da07870d2560b,2021.08.24.14.40.55_veh-28_01570_01776,near_pedestrian_on_crosswalk,10e2eec4162d55b0,VEHICLE,2,99,98,98,0,98,97,1,0,1629817788149551,1629817792999913,0,0,0
b21da07870d2560b,2021.08.24.14.40.55_veh-28_01570_01776,near_pedestrian_on_crosswalk,180a96f67da25fb2,VEHICLE,6,43,38,38,0,38,37,1,0,1629817788349650,1629817790199524,0,0,0
b21da07870d2560b,2021.08.24.14.40.55_veh-28_01570_01776,near_pedestrian_on_crosswalk,db04a9146fd75625,PEDESTRIAN,15,99,85,85,0,85,84,1,0,1629817788799862,1629817792999913,0,0,85
b21da07870d2560b,2021.08.24.14.40.55_veh-28_01570_01776,near_pedestrian_on_crosswalk,58741a41803a5220,VEHICLE,17,39,23,23,0,23,22,1,0,1629817788899867,1629817789999488,0,0,0
b21da07870d2560b,2021.08.24.14.40.55_veh-28_01570_01776,near_pedestrian_on_crosswalk,e58772a90ffe57aa,VEHICLE,19,99,81,81,0,81,80,1,0,1629817788999854,1629817792999913,0,0,0
b21da07870d2560b,2021.08.24.14.40.55_veh-28_01570_01776,near_pedestrian_on_crosswalk,c8289c4dda805f3e,GENERIC_OBJECT,25,99,75,75,0,75,74,1,0,1629817789299749,1629817792999913,61,0,14
b21da07870d2560b,2021.08.24.14.40.55_veh-28_01570_01776,near_pedestrian_on_crosswalk,8988be57fa0f5672,VEHICLE,33,99,67,67,0,67,66,1,0,1629817789699574,1629817792999913,0,0,0
b21da07870d2560b,2021.08.24.14.40.55_veh-28_01570_01776,near_pedestrian_on_crosswalk,200ed3b3797d5cf0,VEHICLE,33,39,7,7,0,7,6,1,0,1629817789699574,1629817789999488,0,0,0
b21da07870d2560b,2021.08.24.14.40.55_veh-28_01570_01776,near_pedestrian_on_crosswalk,58e03c2986dc5670,VEHICLE,35,99,65,65,0,65,64,1,0,1629817789799539,1629817792999913,0,0,65
b21da07870d2560b,2021.08.24.14.40.55_veh-28_01570_01776,near_pedestrian_on_crosswalk,b2909c282d725b59,VEHICLE,41,99,59,59,0,59,58,1,0,1629817790099490,1629817792999913,0,0,59
b21da07870d2560b,2021.08.24.14.40.55_veh-28_01570_01776,near_pedestrian_on_crosswalk,900610dee9f95c7a,PEDESTRIAN,43,53,11,11,0,11,10,1,0,1629817790199524,1629817790699740,0,0,11
b21da07870d2560b,2021.08.24.14.40.55_veh-28_01570_01776,near_pedestrian_on_crosswalk,355bf3c8d3705a49,PEDESTRIAN,48,74,27,27,0,27,26,1,0,1629817790449632,1629817791749631,27,0,0
b21da07870d2560b,2021.08.24.14.40.55_veh-28_01570_01776,near_pedestrian_on_crosswalk,9175caf4b6055c07,VEHICLE,53,99,47,47,0,47,46,1,0,1629817790699740,1629817792999913,0,0,0
b21da07870d2560b,2021.08.24.14.40.55_veh-28_01570_01776,near_pedestrian_on_crosswalk,eb0fb1a8cf225f36,VEHICLE,58,99,42,42,0,42,41,1,0,1629817790949841,1629817792999913,0,0,42
b21da07870d2560b,2021.08.24.14.40.55_veh-28_01570_01776,near_pedestrian_on_crosswalk,9df12a8e64e85475,VEHICLE,75,99,25,25,0,25,24,1,0,1629817791799606,1629817792999913,0,0,0
b21da07870d2560b,2021.08.24.14.40.55_veh-28_01570_01776,near_pedestrian_on_crosswalk,421b0fe34f5a508f,VEHICLE,76,99,24,24,0,24,23,1,0,1629817791849583,1629817792999913,0,0,0
b21da07870d2560b,2021.08.24.14.40.55_veh-28_01570_01776,near_pedestrian_on_crosswalk,4879ffaee7e55dd9,VEHICLE,77,82,6,6,0,6,5,1,0,1629817791899563,1629817792149516,0,0,0
b21da07870d2560b,2021.08.24.14.40.55_veh-28_01570_01776,near_pedestrian_on_crosswalk,14540d30ad43599d,VEHICLE,78,99,22,22,0,22,21,1,0,1629817791949547,1629817792999913,0,0,0
b21da07870d2560b,2021.08.24.14.40.55_veh-28_01570_01776,near_pedestrian_on_crosswalk,a638950aa965515f,VEHICLE,79,99,21,21,0,21,20,1,0,1629817791999533,1629817792999913,0,0,0
b21da07870d2560b,2021.08.24.14.40.55_veh-28_01570_01776,near_pedestrian_on_crosswalk,104cce751fcb5baf,VEHICLE,79,99,21,21,0,21,20,1,0,1629817791999533,1629817792999913,0,0,0
b21da07870d2560b,2021.08.24.14.40.55_veh-28_01570_01776,near_pedestrian_on_crosswalk,b8795eee9b2e56a7,VEHICLE,82,99,18,18,0,18,17,1,0,1629817792149516,1629817792999913,0,0,0
b21da07870d2560b,2021.08.24.14.40.55_veh-28_01570_01776,near_pedestrian_on_crosswalk,796cf522060550a0,VEHICLE,87,99,13,13,0,13,12,1,0,1629817792399639,1629817792999913,0,0,0
b21da07870d2560b,2021.08.24.14.40.55_veh-28_01570_01776,near_pedestrian_on_crosswalk,429b0f69aa2b54ef,VEHICLE,90,99,10,10,0,10,9,1,0,1629817792549739,1629817792999913,0,0,0
b21da07870d2560b,2021.08.24.14.40.55_veh-28_01570_01776,near_pedestrian_on_crosswalk,4c548eb34230594a,TRAFFIC_CONE,92,99,8,8,0,8,7,1,0,1629817792649806,1629817792999913,0,0,8
b21da07870d2560b,2021.08.24.14.40.55_veh-28_01570_01776,near_pedestrian_on_crosswalk,2448141938e95f4e,VEHICLE,97,99,3,3,0,3,2,1,0,1629817792899914,1629817792999913,0,0,0
a2257d7ec44a5fe4,2021.10.21.17.08.25_veh-28_00521_00992,traversing_intersection,ec420f35b28b5e83,VEHICLE,0,99,100,100,0,100,99,1,0,1634837145949776,1634837150899898,100,0,0
a2257d7ec44a5fe4,2021.10.21.17.08.25_veh-28_00521_00992,traversing_intersection,f45b2010cb9d5276,VEHICLE,0,99,100,100,0,100,99,1,0,1634837145949776,1634837150899898,100,0,0
a2257d7ec44a5fe4,2021.10.21.17.08.25_veh-28_00521_00992,traversing_intersection,02b0a3d9f5dd5239,VEHICLE,0,99,100,100,0,100,99,1,0,1634837145949776,1634837150899898,0,0,100
a2257d7ec44a5fe4,2021.10.21.17.08.25_veh-28_00521_00992,traversing_intersection,2651c4759b875273,VEHICLE,0,24,25,25,0,25,24,1,0,1634837145949776,1634837147150093,0,0,0
a2257d7ec44a5fe4,2021.10.21.17.08.25_veh-28_00521_00992,traversing_intersection,b3d982796c025278,VEHICLE,0,36,37,37,0,37,36,1,0,1634837145949776,1634837147750388,0,0,0
a2257d7ec44a5fe4,2021.10.21.17.08.25_veh-28_00521_00992,traversing_intersection,2919a3f3a49551e6,VEHICLE,0,63,64,64,0,64,63,1,0,1634837145949776,1634837149100119,0,0,0
a2257d7ec44a5fe4,2021.10.21.17.08.25_veh-28_00521_00992,traversing_intersection,2768ab4b0bef54fd,VEHICLE,0,77,78,78,0,78,77,1,0,1634837145949776,1634837149799860,0,0,0
a2257d7ec44a5fe4,2021.10.21.17.08.25_veh-28_00521_00992,traversing_intersection,65b4204926255b35,VEHICLE,0,83,84,84,0,84,83,1,0,1634837145949776,1634837150099737,0,0,0
a2257d7ec44a5fe4,2021.10.21.17.08.25_veh-28_00521_00992,traversing_intersection,1bddf7f744625f34,VEHICLE,0,99,100,100,0,100,99,1,0,1634837145949776,1634837150899898,0,0,0
a2257d7ec44a5fe4,2021.10.21.17.08.25_veh-28_00521_00992,traversing_intersection,83775c4a8b3f50b8,VEHICLE,0,99,100,100,0,100,99,1,0,1634837145949776,1634837150899898,32,0,68
a2257d7ec44a5fe4,2021.10.21.17.08.25_veh-28_00521_00992,traversing_intersection,f3a89fca07e351fb,VEHICLE,0,64,65,65,0,65,64,1,0,1634837145949776,1634837149150093,0,0,0
a2257d7ec44a5fe4,2021.10.21.17.08.25_veh-28_00521_00992,traversing_intersection,4f06dda57de656c3,VEHICLE,0,99,100,100,0,100,99,1,0,1634837145949776,1634837150899898,0,0,0
a2257d7ec44a5fe4,2021.10.21.17.08.25_veh-28_00521_00992,traversing_intersection,41effc0abd265eb8,VEHICLE,0,99,100,100,0,100,99,1,0,1634837145949776,1634837150899898,58,0,42
a2257d7ec44a5fe4,2021.10.21.17.08.25_veh-28_00521_00992,traversing_intersection,a21683de7c3254b8,PEDESTRIAN,0,99,100,100,0,100,99,1,0,1634837145949776,1634837150899898,99,0,1
a2257d7ec44a5fe4,2021.10.21.17.08.25_veh-28_00521_00992,traversing_intersection,d1ecc064b6145d2d,TRAFFIC_CONE,0,20,21,21,0,21,20,1,0,1634837145949776,1634837146949979,0,0,21
a2257d7ec44a5fe4,2021.10.21.17.08.25_veh-28_00521_00992,traversing_intersection,83531dc63b565497,TRAFFIC_CONE,0,61,62,62,0,62,61,1,0,1634837145949776,1634837149000174,0,0,62
a2257d7ec44a5fe4,2021.10.21.17.08.25_veh-28_00521_00992,traversing_intersection,c3895b5685fb59dd,TRAFFIC_CONE,0,69,70,70,0,70,69,1,0,1634837145949776,1634837149399998,0,0,70
a2257d7ec44a5fe4,2021.10.21.17.08.25_veh-28_00521_00992,traversing_intersection,4a27d901f2125204,TRAFFIC_CONE,18,43,26,26,0,26,25,1,0,1634837146849916,1634837148100557,0,0,26
a2257d7ec44a5fe4,2021.10.21.17.08.25_veh-28_00521_00992,traversing_intersection,cca7a886b00453bb,TRAFFIC_CONE,63,99,37,37,0,37,36,1,0,1634837149100119,1634837150899898,0,0,37
a2257d7ec44a5fe4,2021.10.21.17.08.25_veh-28_00521_00992,traversing_intersection,062982a8dd565d72,VEHICLE,74,99,26,26,0,26,25,1,0,1634837149649922,1634837150899898,0,0,9
a2257d7ec44a5fe4,2021.10.21.17.08.25_veh-28_00521_00992,traversing_intersection,ce85a333db9e5ec9,VEHICLE,98,99,2,2,0,2,1,1,0,1634837150849871,1634837150899898,0,0,2
86d2e80d5aee5d2d,2021.10.13.14.40.14_veh-28_00131_00430,high_lateral_acceleration,3cdeefda49e151e5,VEHICLE,0,80,81,81,0,81,80,1,0,1634136336099753,1634136340099413,0,0,0
86d2e80d5aee5d2d,2021.10.13.14.40.14_veh-28_00131_00430,high_lateral_acceleration,4bcabd3233585850,VEHICLE,0,10,11,11,0,11,10,1,0,1634136336099753,1634136336599615,0,0,0
86d2e80d5aee5d2d,2021.10.13.14.40.14_veh-28_00131_00430,high_lateral_acceleration,f3424b169d345630,VEHICLE,0,76,77,77,0,77,76,1,0,1634136336099753,1634136339899357,0,0,0
86d2e80d5aee5d2d,2021.10.13.14.40.14_veh-28_00131_00430,high_lateral_acceleration,03e4bbf14c515f3e,VEHICLE,0,91,92,92,0,92,91,1,0,1634136336099753,1634136340649766,0,0,0
86d2e80d5aee5d2d,2021.10.13.14.40.14_veh-28_00131_00430,high_lateral_acceleration,6c76cdea082756b6,VEHICLE,0,100,101,101,0,101,100,1,0,1634136336099753,1634136341099731,0,0,0
86d2e80d5aee5d2d,2021.10.13.14.40.14_veh-28_00131_00430,high_lateral_acceleration,efd1f6130da15234,VEHICLE,0,100,101,101,0,101,100,1,0,1634136336099753,1634136341099731,0,0,0
86d2e80d5aee5d2d,2021.10.13.14.40.14_veh-28_00131_00430,high_lateral_acceleration,8040fb4ab8175c80,VEHICLE,0,100,101,101,0,101,100,1,0,1634136336099753,1634136341099731,0,0,0
86d2e80d5aee5d2d,2021.10.13.14.40.14_veh-28_00131_00430,high_lateral_acceleration,dd24f6f7f3e752a0,VEHICLE,0,100,101,101,0,101,100,1,0,1634136336099753,1634136341099731,0,0,0
86d2e80d5aee5d2d,2021.10.13.14.40.14_veh-28_00131_00430,high_lateral_acceleration,01170f90f87056bf,VEHICLE,0,100,101,101,0,101,100,1,0,1634136336099753,1634136341099731,0,0,0
86d2e80d5aee5d2d,2021.10.13.14.40.14_veh-28_00131_00430,high_lateral_acceleration,7b66f09f3e3d5b1f,VEHICLE,0,100,101,101,0,101,100,1,0,1634136336099753,1634136341099731,0,0,0
86d2e80d5aee5d2d,2021.10.13.14.40.14_veh-28_00131_00430,high_lateral_acceleration,84bfb41fb40b518c,VEHICLE,0,100,101,101,0,101,100,1,0,1634136336099753,1634136341099731,0,0,0
86d2e80d5aee5d2d,2021.10.13.14.40.14_veh-28_00131_00430,high_lateral_acceleration,c543cc6e387e5b25,VEHICLE,0,100,101,101,0,101,100,1,0,1634136336099753,1634136341099731,0,0,0
86d2e80d5aee5d2d,2021.10.13.14.40.14_veh-28_00131_00430,high_lateral_acceleration,7bef968c635e58b9,VEHICLE,0,100,101,101,0,101,100,1,0,1634136336099753,1634136341099731,0,0,0
86d2e80d5aee5d2d,2021.10.13.14.40.14_veh-28_00131_00430,high_lateral_acceleration,b689ea1317a35d06,VEHICLE,0,100,101,101,0,101,100,1,0,1634136336099753,1634136341099731,0,0,0
86d2e80d5aee5d2d,2021.10.13.14.40.14_veh-28_00131_00430,high_lateral_acceleration,c7f6b6c9ca35565b,VEHICLE,0,100,101,101,0,101,100,1,0,1634136336099753,1634136341099731,0,0,0
86d2e80d5aee5d2d,2021.10.13.14.40.14_veh-28_00131_00430,high_lateral_acceleration,1e93d84ac20254da,VEHICLE,0,100,101,101,0,101,100,1,0,1634136336099753,1634136341099731,0,0,0
86d2e80d5aee5d2d,2021.10.13.14.40.14_veh-28_00131_00430,high_lateral_acceleration,f2a8d91019d850be,VEHICLE,0,100,101,101,0,101,100,1,0,1634136336099753,1634136341099731,84,0,17
86d2e80d5aee5d2d,2021.10.13.14.40.14_veh-28_00131_00430,high_lateral_acceleration,db83c8d0e4a75e38,VEHICLE,0,100,101,101,0,101,100,1,0,1634136336099753,1634136341099731,0,0,0
86d2e80d5aee5d2d,2021.10.13.14.40.14_veh-28_00131_00430,high_lateral_acceleration,69186f7ab9aa5067,VEHICLE,0,100,101,101,0,101,100,1,0,1634136336099753,1634136341099731,12,0,89
86d2e80d5aee5d2d,2021.10.13.14.40.14_veh-28_00131_00430,high_lateral_acceleration,d302c1f28e755db8,VEHICLE,0,100,101,101,0,101,100,1,0,1634136336099753,1634136341099731,0,0,101
86d2e80d5aee5d2d,2021.10.13.14.40.14_veh-28_00131_00430,high_lateral_acceleration,6d21f7c9576b561a,PEDESTRIAN,0,41,42,42,0,42,41,1,0,1634136336099753,1634136338149661,42,0,0
86d2e80d5aee5d2d,2021.10.13.14.40.14_veh-28_00131_00430,high_lateral_acceleration,c3ca71a60d8d5426,BICYCLE,0,100,101,101,0,101,100,1,0,1634136336099753,1634136341099731,0,0,0
86d2e80d5aee5d2d,2021.10.13.14.40.14_veh-28_00131_00430,high_lateral_acceleration,a4d89750b25a5fc5,TRAFFIC_CONE,0,100,101,101,0,101,100,1,0,1634136336099753,1634136341099731,101,0,0
86d2e80d5aee5d2d,2021.10.13.14.40.14_veh-28_00131_00430,high_lateral_acceleration,c545a46128fb5c05,BARRIER,0,90,91,91,0,91,90,1,0,1634136336099753,1634136340599744,91,0,0
86d2e80d5aee5d2d,2021.10.13.14.40.14_veh-28_00131_00430,high_lateral_acceleration,8cc7d4557bee5c6c,GENERIC_OBJECT,0,100,101,101,0,101,100,1,0,1634136336099753,1634136341099731,83,0,18
86d2e80d5aee5d2d,2021.10.13.14.40.14_veh-28_00131_00430,high_lateral_acceleration,a881ee8f0c6d5045,VEHICLE,8,100,93,93,0,93,92,1,0,1634136336499643,1634136341099731,0,0,0
86d2e80d5aee5d2d,2021.10.13.14.40.14_veh-28_00131_00430,high_lateral_acceleration,aa449ab8b8a25eee,TRAFFIC_CONE,9,11,3,3,0,3,2,1,0,1634136336549627,1634136336649605,0,0,3
86d2e80d5aee5d2d,2021.10.13.14.40.14_veh-28_00131_00430,high_lateral_acceleration,f9ed7805524154c2,VEHICLE,14,100,87,87,0,87,86,1,0,1634136336799584,1634136341099731,0,0,0
86d2e80d5aee5d2d,2021.10.13.14.40.14_veh-28_00131_00430,high_lateral_acceleration,81ecc1fb27535e26,VEHICLE,15,100,86,86,0,86,85,1,0,1634136336849576,1634136341099731,0,0,0
86d2e80d5aee5d2d,2021.10.13.14.40.14_veh-28_00131_00430,high_lateral_acceleration,085e650fa9695b2a,VEHICLE,26,100,75,75,0,75,74,1,0,1634136337399389,1634136341099731,0,0,0
86d2e80d5aee5d2d,2021.10.13.14.40.14_veh-28_00131_00430,high_lateral_acceleration,c2d889490ca0501a,TRAFFIC_CONE,44,87,44,44,0,44,43,1,0,1634136338299705,1634136340449650,0,0,44
86d2e80d5aee5d2d,2021.10.13.14.40.14_veh-28_00131_00430,high_lateral_acceleration,f97f72ab135754e4,VEHICLE,73,100,28,28,0,28,27,1,0,1634136339749384,1634136341099731,0,0,0
7ac08b7c991e5b91,2021.07.24.00.36.59_veh-47_05600_06769,on_pickup_dropoff,7f9bd26cc76759f1,VEHICLE,0,100,101,101,0,101,100,1,0,1627092766250313,1627092771249837,101,0,0
7ac08b7c991e5b91,2021.07.24.00.36.59_veh-47_05600_06769,on_pickup_dropoff,11b3c2e6b93e56fe,VEHICLE,0,100,101,101,0,101,100,1,0,1627092766250313,1627092771249837,101,0,0
7ac08b7c991e5b91,2021.07.24.00.36.59_veh-47_05600_06769,on_pickup_dropoff,b2b5d97eea215ce7,VEHICLE,0,100,101,101,0,101,100,1,0,1627092766250313,1627092771249837,101,0,0
7ac08b7c991e5b91,2021.07.24.00.36.59_veh-47_05600_06769,on_pickup_dropoff,fc62e9d21e1e5b06,VEHICLE,0,100,101,101,0,101,100,1,0,1627092766250313,1627092771249837,52,0,49
7ac08b7c991e5b91,2021.07.24.00.36.59_veh-47_05600_06769,on_pickup_dropoff,193c1626dc4251a7,VEHICLE,0,100,101,101,0,101,100,1,0,1627092766250313,1627092771249837,101,0,0
7ac08b7c991e5b91,2021.07.24.00.36.59_veh-47_05600_06769,on_pickup_dropoff,d96872ac84ec5190,VEHICLE,0,3,4,4,0,4,3,1,0,1627092766250313,1627092766400247,0,0,4
7ac08b7c991e5b91,2021.07.24.00.36.59_veh-47_05600_06769,on_pickup_dropoff,6036b8653dfb5c88,VEHICLE,0,100,101,101,0,101,100,1,0,1627092766250313,1627092771249837,101,0,0
7ac08b7c991e5b91,2021.07.24.00.36.59_veh-47_05600_06769,on_pickup_dropoff,336bb29351355aea,VEHICLE,0,100,101,101,0,101,100,1,0,1627092766250313,1627092771249837,9,0,92
7ac08b7c991e5b91,2021.07.24.00.36.59_veh-47_05600_06769,on_pickup_dropoff,c6850aa4ab2e523a,VEHICLE,0,7,8,8,0,8,7,1,0,1627092766250313,1627092766600120,0,0,8
7ac08b7c991e5b91,2021.07.24.00.36.59_veh-47_05600_06769,on_pickup_dropoff,fc1b786ca37757e1,VEHICLE,0,31,32,32,0,32,31,1,0,1627092766250313,1627092767799732,23,0,9
7ac08b7c991e5b91,2021.07.24.00.36.59_veh-47_05600_06769,on_pickup_dropoff,538ca5178650523a,VEHICLE,0,100,101,101,0,101,100,1,0,1627092766250313,1627092771249837,94,0,7
7ac08b7c991e5b91,2021.07.24.00.36.59_veh-47_05600_06769,on_pickup_dropoff,0e5193e495605cca,VEHICLE,0,100,101,101,0,101,100,1,0,1627092766250313,1627092771249837,66,0,35
7ac08b7c991e5b91,2021.07.24.00.36.59_veh-47_05600_06769,on_pickup_dropoff,4f81752ec7ea5bcd,VEHICLE,0,100,101,101,0,101,100,1,0,1627092766250313,1627092771249837,94,0,7
7ac08b7c991e5b91,2021.07.24.00.36.59_veh-47_05600_06769,on_pickup_dropoff,bdea281be5f95117,VEHICLE,0,100,101,101,0,101,100,1,0,1627092766250313,1627092771249837,101,0,0
7ac08b7c991e5b91,2021.07.24.00.36.59_veh-47_05600_06769,on_pickup_dropoff,bfb2bacdb91d5d3f,VEHICLE,0,100,101,101,0,101,100,1,0,1627092766250313,1627092771249837,101,0,0
7ac08b7c991e5b91,2021.07.24.00.36.59_veh-47_05600_06769,on_pickup_dropoff,1c3d044b960b5372,VEHICLE,0,100,101,101,0,101,100,1,0,1627092766250313,1627092771249837,70,0,31
7ac08b7c991e5b91,2021.07.24.00.36.59_veh-47_05600_06769,on_pickup_dropoff,b5bf882d3dcc5694,VEHICLE,0,100,101,101,0,101,100,1,0,1627092766250313,1627092771249837,101,0,0
7ac08b7c991e5b91,2021.07.24.00.36.59_veh-47_05600_06769,on_pickup_dropoff,6d48c374c8f85a7d,VEHICLE,0,100,101,101,0,101,100,1,0,1627092766250313,1627092771249837,0,0,101
7ac08b7c991e5b91,2021.07.24.00.36.59_veh-47_05600_06769,on_pickup_dropoff,b60cbb8e0a825846,VEHICLE,0,100,101,101,0,101,100,1,0,1627092766250313,1627092771249837,3,0,98
7ac08b7c991e5b91,2021.07.24.00.36.59_veh-47_05600_06769,on_pickup_dropoff,e40346fc8aea53c9,VEHICLE,0,100,101,101,0,101,100,1,0,1627092766250313,1627092771249837,101,0,0
7ac08b7c991e5b91,2021.07.24.00.36.59_veh-47_05600_06769,on_pickup_dropoff,3e4a887ee69e530a,VEHICLE,0,100,101,101,0,101,100,1,0,1627092766250313,1627092771249837,34,0,67
7ac08b7c991e5b91,2021.07.24.00.36.59_veh-47_05600_06769,on_pickup_dropoff,c16682e5a01e52d5,VEHICLE,0,100,101,101,0,101,100,1,0,1627092766250313,1627092771249837,101,0,0
7ac08b7c991e5b91,2021.07.24.00.36.59_veh-47_05600_06769,on_pickup_dropoff,4979f53c6dd85e74,VEHICLE,0,100,101,101,0,101,100,1,0,1627092766250313,1627092771249837,93,0,8
7ac08b7c991e5b91,2021.07.24.00.36.59_veh-47_05600_06769,on_pickup_dropoff,45414c0b024d57e1,VEHICLE,0,100,101,101,0,101,100,1,0,1627092766250313,1627092771249837,101,0,0
7ac08b7c991e5b91,2021.07.24.00.36.59_veh-47_05600_06769,on_pickup_dropoff,69ec7fa5647557f3,VEHICLE,0,100,101,101,0,101,100,1,0,1627092766250313,1627092771249837,101,0,0
7ac08b7c991e5b91,2021.07.24.00.36.59_veh-47_05600_06769,on_pickup_dropoff,cbee8f2a0b0f5a2c,VEHICLE,0,100,101,101,0,101,100,1,0,1627092766250313,1627092771249837,14,0,87
7ac08b7c991e5b91,2021.07.24.00.36.59_veh-47_05600_06769,on_pickup_dropoff,b619ad1be8445869,VEHICLE,0,100,101,101,0,101,100,1,0,1627092766250313,1627092771249837,29,0,72
7ac08b7c991e5b91,2021.07.24.00.36.59_veh-47_05600_06769,on_pickup_dropoff,fa4fb29d9c2054a1,VEHICLE,0,83,84,84,0,84,83,1,0,1627092766250313,1627092770400327,0,0,84
7ac08b7c991e5b91,2021.07.24.00.36.59_veh-47_05600_06769,on_pickup_dropoff,bf16374d06045f09,VEHICLE,0,100,101,101,0,101,100,1,0,1627092766250313,1627092771249837,101,0,0
7ac08b7c991e5b91,2021.07.24.00.36.59_veh-47_05600_06769,on_pickup_dropoff,596f544b0b1f5398,VEHICLE,0,100,101,101,0,101,100,1,0,1627092766250313,1627092771249837,101,0,0
7ac08b7c991e5b91,2021.07.24.00.36.59_veh-47_05600_06769,on_pickup_dropoff,fc4aabfb67625b8d,VEHICLE,0,100,101,101,0,101,100,1,0,1627092766250313,1627092771249837,0,0,101
7ac08b7c991e5b91,2021.07.24.00.36.59_veh-47_05600_06769,on_pickup_dropoff,1aa07aa39bab5e1b,VEHICLE,0,100,101,101,0,101,100,1,0,1627092766250313,1627092771249837,23,0,78
7ac08b7c991e5b91,2021.07.24.00.36.59_veh-47_05600_06769,on_pickup_dropoff,7306cf7ce59f59af,VEHICLE,0,100,101,101,0,101,100,1,0,1627092766250313,1627092771249837,101,0,0
7ac08b7c991e5b91,2021.07.24.00.36.59_veh-47_05600_06769,on_pickup_dropoff,f77bf940156f57a0,VEHICLE,0,100,101,101,0,101,100,1,0,1627092766250313,1627092771249837,0,0,101
7ac08b7c991e5b91,2021.07.24.00.36.59_veh-47_05600_06769,on_pickup_dropoff,46aa03c27fc75e96,VEHICLE,0,28,29,29,0,29,28,1,0,1627092766250313,1627092767649746,29,0,0
7ac08b7c991e5b91,2021.07.24.00.36.59_veh-47_05600_06769,on_pickup_dropoff,084858104d195eb1,VEHICLE,0,100,101,101,0,101,100,1,0,1627092766250313,1627092771249837,101,0,0
7ac08b7c991e5b91,2021.07.24.00.36.59_veh-47_05600_06769,on_pickup_dropoff,8952f7739ab55da7,VEHICLE,0,100,101,101,0,101,100,1,0,1627092766250313,1627092771249837,7,0,94
7ac08b7c991e5b91,2021.07.24.00.36.59_veh-47_05600_06769,on_pickup_dropoff,969f842cc55e594d,VEHICLE,0,100,101,101,0,101,100,1,0,1627092766250313,1627092771249837,0,0,101
7ac08b7c991e5b91,2021.07.24.00.36.59_veh-47_05600_06769,on_pickup_dropoff,3efad0f58a3d5f00,VEHICLE,0,100,101,101,0,101,100,1,0,1627092766250313,1627092771249837,0,0,101
7ac08b7c991e5b91,2021.07.24.00.36.59_veh-47_05600_06769,on_pickup_dropoff,38cea5db510e5c0a,VEHICLE,0,100,101,101,0,101,100,1,0,1627092766250313,1627092771249837,0,0,101
7ac08b7c991e5b91,2021.07.24.00.36.59_veh-47_05600_06769,on_pickup_dropoff,33f6f625fde251b1,VEHICLE,0,100,101,101,0,101,100,1,0,1627092766250313,1627092771249837,101,0,0
7ac08b7c991e5b91,2021.07.24.00.36.59_veh-47_05600_06769,on_pickup_dropoff,d0614db72ff453e9,VEHICLE,0,100,101,101,0,101,100,1,0,1627092766250313,1627092771249837,14,0,87
7ac08b7c991e5b91,2021.07.24.00.36.59_veh-47_05600_06769,on_pickup_dropoff,52c1f16507245e01,VEHICLE,0,4,5,5,0,5,4,1,0,1627092766250313,1627092766450216,0,0,5
7ac08b7c991e5b91,2021.07.24.00.36.59_veh-47_05600_06769,on_pickup_dropoff,32fd76cbe2315e97,VEHICLE,0,70,71,71,0,71,70,1,0,1627092766250313,1627092769750209,0,0,71
7ac08b7c991e5b91,2021.07.24.00.36.59_veh-47_05600_06769,on_pickup_dropoff,97fb7528c22d5073,VEHICLE,0,100,101,101,0,101,100,1,0,1627092766250313,1627092771249837,1,0,100
7ac08b7c991e5b91,2021.07.24.00.36.59_veh-47_05600_06769,on_pickup_dropoff,3c836d2c012f59e3,VEHICLE,0,61,62,62,0,62,61,1,0,1627092766250313,1627092769299980,0,0,62
7ac08b7c991e5b91,2021.07.24.00.36.59_veh-47_05600_06769,on_pickup_dropoff,f5ca0b774e7e5442,VEHICLE,0,100,101,101,0,101,100,1,0,1627092766250313,1627092771249837,96,0,5
7ac08b7c991e5b91,2021.07.24.00.36.59_veh-47_05600_06769,on_pickup_dropoff,b6cfe080df955e41,VEHICLE,0,100,101,101,0,101,100,1,0,1627092766250313,1627092771249837,0,0,101
7ac08b7c991e5b91,2021.07.24.00.36.59_veh-47_05600_06769,on_pickup_dropoff,c33a764bc5005508,VEHICLE,0,100,101,101,0,101,100,1,0,1627092766250313,1627092771249837,0,0,101
7ac08b7c991e5b91,2021.07.24.00.36.59_veh-47_05600_06769,on_pickup_dropoff,ce41baf47f3452f4,PEDESTRIAN,0,66,67,67,0,67,66,1,0,1627092766250313,1627092769550114,0,6,61
7ac08b7c991e5b91,2021.07.24.00.36.59_veh-47_05600_06769,on_pickup_dropoff,cabbbe480f91559b,PEDESTRIAN,0,98,99,99,0,99,98,1,0,1627092766250313,1627092771149895,0,14,85
7ac08b7c991e5b91,2021.07.24.00.36.59_veh-47_05600_06769,on_pickup_dropoff,5e5b8732c79a547c,PEDESTRIAN,0,100,101,101,0,101,100,1,0,1627092766250313,1627092771249837,101,0,0
7ac08b7c991e5b91,2021.07.24.00.36.59_veh-47_05600_06769,on_pickup_dropoff,35790c856ecf5bf3,PEDESTRIAN,0,100,101,101,0,101,100,1,0,1627092766250313,1627092771249837,0,101,0
7ac08b7c991e5b91,2021.07.24.00.36.59_veh-47_05600_06769,on_pickup_dropoff,90e1e621bf9657b6,PEDESTRIAN,0,100,101,101,0,101,100,1,0,1627092766250313,1627092771249837,0,0,101
7ac08b7c991e5b91,2021.07.24.00.36.59_veh-47_05600_06769,on_pickup_dropoff,c8de8340552055d3,PEDESTRIAN,0,100,101,101,0,101,100,1,0,1627092766250313,1627092771249837,0,101,0
7ac08b7c991e5b91,2021.07.24.00.36.59_veh-47_05600_06769,on_pickup_dropoff,bd37fd43bf8550b2,PEDESTRIAN,0,100,101,101,0,101,100,1,0,1627092766250313,1627092771249837,0,93,8
7ac08b7c991e5b91,2021.07.24.00.36.59_veh-47_05600_06769,on_pickup_dropoff,9f3e9c62e0155d9d,PEDESTRIAN,0,100,101,101,0,101,100,1,0,1627092766250313,1627092771249837,0,93,8
7ac08b7c991e5b91,2021.07.24.00.36.59_veh-47_05600_06769,on_pickup_dropoff,00d55f4cf6a75f99,PEDESTRIAN,0,10,11,11,0,11,10,1,0,1627092766250313,1627092766750022,0,11,0
7ac08b7c991e5b91,2021.07.24.00.36.59_veh-47_05600_06769,on_pickup_dropoff,7585fe2b5c8357c1,PEDESTRIAN,0,96,97,97,0,97,96,1,0,1627092766250313,1627092771049959,0,91,6
7ac08b7c991e5b91,2021.07.24.00.36.59_veh-47_05600_06769,on_pickup_dropoff,ad3a6056284c5f0b,PEDESTRIAN,0,100,101,101,0,101,100,1,0,1627092766250313,1627092771249837,0,94,7
7ac08b7c991e5b91,2021.07.24.00.36.59_veh-47_05600_06769,on_pickup_dropoff,f93b075e4bd05078,PEDESTRIAN,0,76,77,77,0,77,76,1,0,1627092766250313,1627092770050361,0,77,0
7ac08b7c991e5b91,2021.07.24.00.36.59_veh-47_05600_06769,on_pickup_dropoff,ebdd3dddfcb65de5,PEDESTRIAN,0,100,101,101,0,101,100,1,0,1627092766250313,1627092771249837,0,91,10
7ac08b7c991e5b91,2021.07.24.00.36.59_veh-47_05600_06769,on_pickup_dropoff,48306dbbd7895f10,PEDESTRIAN,0,96,97,97,0,97,96,1,0,1627092766250313,1627092771049959,0,82,15
7ac08b7c991e5b91,2021.07.24.00.36.59_veh-47_05600_06769,on_pickup_dropoff,7dec2677d8525a91,PEDESTRIAN,0,100,101,101,0,101,100,1,0,1627092766250313,1627092771249837,0,101,0
7ac08b7c991e5b91,2021.07.24.00.36.59_veh-47_05600_06769,on_pickup_dropoff,05d5032928c258c7,PEDESTRIAN,0,30,31,31,0,31,30,1,0,1627092766250313,1627092767749737,0,31,0
7ac08b7c991e5b91,2021.07.24.00.36.59_veh-47_05600_06769,on_pickup_dropoff,bb7c1bd9fdb65be7,PEDESTRIAN,0,100,101,101,0,101,100,1,0,1627092766250313,1627092771249837,47,54,0
7ac08b7c991e5b91,2021.07.24.00.36.59_veh-47_05600_06769,on_pickup_dropoff,d789ad3982af56b1,PEDESTRIAN,0,100,101,101,0,101,100,1,0,1627092766250313,1627092771249837,0,45,56
7ac08b7c991e5b91,2021.07.24.00.36.59_veh-47_05600_06769,on_pickup_dropoff,8940c408df3f54a5,PEDESTRIAN,0,100,101,101,0,101,100,1,0,1627092766250313,1627092771249837,0,101,0
7ac08b7c991e5b91,2021.07.24.00.36.59_veh-47_05600_06769,on_pickup_dropoff,f245ec5ac94c536f,PEDESTRIAN,0,100,101,101,0,101,100,1,0,1627092766250313,1627092771249837,0,82,19
7ac08b7c991e5b91,2021.07.24.00.36.59_veh-47_05600_06769,on_pickup_dropoff,691e8f0f7f825c82,PEDESTRIAN,0,92,93,93,0,93,92,1,0,1627092766250313,1627092770850088,0,27,66
7ac08b7c991e5b91,2021.07.24.00.36.59_veh-47_05600_06769,on_pickup_dropoff,0eaf04fa671a5659,PEDESTRIAN,0,100,101,101,0,101,100,1,0,1627092766250313,1627092771249837,0,92,9
7ac08b7c991e5b91,2021.07.24.00.36.59_veh-47_05600_06769,on_pickup_dropoff,8bbb9450b21b521e,PEDESTRIAN,0,100,101,101,0,101,100,1,0,1627092766250313,1627092771249837,0,95,6
7ac08b7c991e5b91,2021.07.24.00.36.59_veh-47_05600_06769,on_pickup_dropoff,0d07052d57955c77,PEDESTRIAN,0,100,101,101,0,101,100,1,0,1627092766250313,1627092771249837,75,26,0
7ac08b7c991e5b91,2021.07.24.00.36.59_veh-47_05600_06769,on_pickup_dropoff,6f455200392a5f54,PEDESTRIAN,0,100,101,101,0,101,100,1,0,1627092766250313,1627092771249837,66,35,0
7ac08b7c991e5b91,2021.07.24.00.36.59_veh-47_05600_06769,on_pickup_dropoff,f34a54faa68d5aa5,PEDESTRIAN,0,31,32,32,0,32,31,1,0,1627092766250313,1627092767799732,0,32,0
7ac08b7c991e5b91,2021.07.24.00.36.59_veh-47_05600_06769,on_pickup_dropoff,239f6945b2c25fef,PEDESTRIAN,0,21,22,22,0,22,21,1,0,1627092766250313,1627092767299802,0,22,0
7ac08b7c991e5b91,2021.07.24.00.36.59_veh-47_05600_06769,on_pickup_dropoff,430213f1d5385476,PEDESTRIAN,0,100,101,101,0,101,100,1,0,1627092766250313,1627092771249837,0,26,75
7ac08b7c991e5b91,2021.07.24.00.36.59_veh-47_05600_06769,on_pickup_dropoff,bd33eb9f61c556fe,PEDESTRIAN,0,100,101,101,0,101,100,1,0,1627092766250313,1627092771249837,72,29,0
7ac08b7c991e5b91,2021.07.24.00.36.59_veh-47_05600_06769,on_pickup_dropoff,7ca653ebe0045383,PEDESTRIAN,0,100,101,101,0,101,100,1,0,1627092766250313,1627092771249837,0,81,20
7ac08b7c991e5b91,2021.07.24.00.36.59_veh-47_05600_06769,on_pickup_dropoff,e9269de7e3ae533d,PEDESTRIAN,0,100,101,101,0,101,100,1,0,1627092766250313,1627092771249837,62,39,0
7ac08b7c991e5b91,2021.07.24.00.36.59_veh-47_05600_06769,on_pickup_dropoff,23ce4e447d1e5cee,PEDESTRIAN,0,100,101,101,0,101,100,1,0,1627092766250313,1627092771249837,101,0,0
7ac08b7c991e5b91,2021.07.24.00.36.59_veh-47_05600_06769,on_pickup_dropoff,38f7996476775911,PEDESTRIAN,0,89,90,90,0,90,89,1,0,1627092766250313,1627092770700176,0,27,63
7ac08b7c991e5b91,2021.07.24.00.36.59_veh-47_05600_06769,on_pickup_dropoff,ed0c2aca9c605436,PEDESTRIAN,0,100,101,101,0,101,100,1,0,1627092766250313,1627092771249837,101,0,0
7ac08b7c991e5b91,2021.07.24.00.36.59_veh-47_05600_06769,on_pickup_dropoff,53a5809aa9c05fa9,PEDESTRIAN,0,80,81,81,0,81,80,1,0,1627092766250313,1627092770250381,0,81,0
7ac08b7c991e5b91,2021.07.24.00.36.59_veh-47_05600_06769,on_pickup_dropoff,0419215c2e4359c4,PEDESTRIAN,0,100,101,101,0,101,100,1,0,1627092766250313,1627092771249837,78,23,0
7ac08b7c991e5b91,2021.07.24.00.36.59_veh-47_05600_06769,on_pickup_dropoff,b867c7fcfbf551b9,PEDESTRIAN,0,100,101,101,0,101,100,1,0,1627092766250313,1627092771249837,101,0,0
7ac08b7c991e5b91,2021.07.24.00.36.59_veh-47_05600_06769,on_pickup_dropoff,b0c400b371375297,PEDESTRIAN,0,100,101,101,0,101,100,1,0,1627092766250313,1627092771249837,70,31,0
7ac08b7c991e5b91,2021.07.24.00.36.59_veh-47_05600_06769,on_pickup_dropoff,0d98305f80415cd7,PEDESTRIAN,0,100,101,101,0,101,100,1,0,1627092766250313,1627092771249837,0,60,41
7ac08b7c991e5b91,2021.07.24.00.36.59_veh-47_05600_06769,on_pickup_dropoff,4cea670e49045c59,PEDESTRIAN,0,100,101,101,0,101,100,1,0,1627092766250313,1627092771249837,101,0,0
7ac08b7c991e5b91,2021.07.24.00.36.59_veh-47_05600_06769,on_pickup_dropoff,f6eea145c5835b4d,PEDESTRIAN,0,100,101,101,0,101,100,1,0,1627092766250313,1627092771249837,0,55,46
7ac08b7c991e5b91,2021.07.24.00.36.59_veh-47_05600_06769,on_pickup_dropoff,76780e253662561f,PEDESTRIAN,0,66,67,67,0,67,66,1,0,1627092766250313,1627092769550114,67,0,0
7ac08b7c991e5b91,2021.07.24.00.36.59_veh-47_05600_06769,on_pickup_dropoff,0f9537a4b0e05593,PEDESTRIAN,0,100,101,101,0,101,100,1,0,1627092766250313,1627092771249837,0,54,47
7ac08b7c991e5b91,2021.07.24.00.36.59_veh-47_05600_06769,on_pickup_dropoff,c0ba57f78dbc502a,PEDESTRIAN,0,100,101,101,0,101,100,1,0,1627092766250313,1627092771249837,0,61,40
7ac08b7c991e5b91,2021.07.24.00.36.59_veh-47_05600_06769,on_pickup_dropoff,a7871fa5e45755f6,PEDESTRIAN,0,100,101,101,0,101,100,1,0,1627092766250313,1627092771249837,0,82,19
7ac08b7c991e5b91,2021.07.24.00.36.59_veh-47_05600_06769,on_pickup_dropoff,32883d218fba5488,PEDESTRIAN,0,100,101,101,0,101,100,1,0,1627092766250313,1627092771249837,0,74,27
7ac08b7c991e5b91,2021.07.24.00.36.59_veh-47_05600_06769,on_pickup_dropoff,277e942e5b8a5f98,PEDESTRIAN,0,89,90,90,0,90,89,1,0,1627092766250313,1627092770700176,0,90,0
7ac08b7c991e5b91,2021.07.24.00.36.59_veh-47_05600_06769,on_pickup_dropoff,7565aed33191519f,PEDESTRIAN,0,65,66,66,0,66,65,1,0,1627092766250313,1627092769500091,0,66,0
7ac08b7c991e5b91,2021.07.24.00.36.59_veh-47_05600_06769,on_pickup_dropoff,caf058ec6a2b56f6,PEDESTRIAN,0,100,101,101,0,101,100,1,0,1627092766250313,1627092771249837,0,101,0
7ac08b7c991e5b91,2021.07.24.00.36.59_veh-47_05600_06769,on_pickup_dropoff,61ee3a7b463e5c80,PEDESTRIAN,0,100,101,101,0,101,100,1,0,1627092766250313,1627092771249837,93,8,0
7ac08b7c991e5b91,2021.07.24.00.36.59_veh-47_05600_06769,on_pickup_dropoff,fedd078912525635,PEDESTRIAN,0,100,101,101,0,101,100,1,0,1627092766250313,1627092771249837,8,93,0
7ac08b7c991e5b91,2021.07.24.00.36.59_veh-47_05600_06769,on_pickup_dropoff,bc10cb1ddc20570b,PEDESTRIAN,0,100,101,101,0,101,100,1,0,1627092766250313,1627092771249837,101,0,0
7ac08b7c991e5b91,2021.07.24.00.36.59_veh-47_05600_06769,on_pickup_dropoff,4268e8b64afe5686,PEDESTRIAN,0,100,101,101,0,101,100,1,0,1627092766250313,1627092771249837,93,8,0
7ac08b7c991e5b91,2021.07.24.00.36.59_veh-47_05600_06769,on_pickup_dropoff,02005b03c2375e40,PEDESTRIAN,0,100,101,101,0,101,100,1,0,1627092766250313,1627092771249837,50,51,0
7ac08b7c991e5b91,2021.07.24.00.36.59_veh-47_05600_06769,on_pickup_dropoff,a23cf8933db75a33,PEDESTRIAN,0,100,101,101,0,101,100,1,0,1627092766250313,1627092771249837,34,67,0
7ac08b7c991e5b91,2021.07.24.00.36.59_veh-47_05600_06769,on_pickup_dropoff,ec399ca5adf7552c,PEDESTRIAN,0,100,101,101,0,101,100,1,0,1627092766250313,1627092771249837,29,72,0
7ac08b7c991e5b91,2021.07.24.00.36.59_veh-47_05600_06769,on_pickup_dropoff,b85fb387a3145eae,PEDESTRIAN,0,100,101,101,0,101,100,1,0,1627092766250313,1627092771249837,101,0,0
7ac08b7c991e5b91,2021.07.24.00.36.59_veh-47_05600_06769,on_pickup_dropoff,c4e88b054ce25316,PEDESTRIAN,0,100,101,101,0,101,100,1,0,1627092766250313,1627092771249837,31,70,0
7ac08b7c991e5b91,2021.07.24.00.36.59_veh-47_05600_06769,on_pickup_dropoff,8719ce8bd0655645,PEDESTRIAN,0,100,101,101,0,101,100,1,0,1627092766250313,1627092771249837,23,78,0
7ac08b7c991e5b91,2021.07.24.00.36.59_veh-47_05600_06769,on_pickup_dropoff,5dede5b9196c5903,PEDESTRIAN,0,100,101,101,0,101,100,1,0,1627092766250313,1627092771249837,0,26,75
7ac08b7c991e5b91,2021.07.24.00.36.59_veh-47_05600_06769,on_pickup_dropoff,f9274c8599d75ce9,PEDESTRIAN,0,100,101,101,0,101,100,1,0,1627092766250313,1627092771249837,93,8,0
7ac08b7c991e5b91,2021.07.24.00.36.59_veh-47_05600_06769,on_pickup_dropoff,fa7452501d0e5456,PEDESTRIAN,0,100,101,101,0,101,100,1,0,1627092766250313,1627092771249837,0,27,74
7ac08b7c991e5b91,2021.07.24.00.36.59_veh-47_05600_06769,on_pickup_dropoff,d73ec2026b165139,PEDESTRIAN,0,100,101,101,0,101,100,1,0,1627092766250313,1627092771249837,0,19,82
7ac08b7c991e5b91,2021.07.24.00.36.59_veh-47_05600_06769,on_pickup_dropoff,5a163acfae9c556d,PEDESTRIAN,0,100,101,101,0,101,100,1,0,1627092766250313,1627092771249837,0,0,101
7ac08b7c991e5b91,2021.07.24.00.36.59_veh-47_05600_06769,on_pickup_dropoff,b50f846f4d9550f7,PEDESTRIAN,0,100,101,101,0,101,100,1,0,1627092766250313,1627092771249837,101,0,0
7ac08b7c991e5b91,2021.07.24.00.36.59_veh-47_05600_06769,on_pickup_dropoff,7a8800bd30425605,PEDESTRIAN,0,100,101,101,0,101,100,1,0,1627092766250313,1627092771249837,0,101,0
7ac08b7c991e5b91,2021.07.24.00.36.59_veh-47_05600_06769,on_pickup_dropoff,b75c821db8675f3a,PEDESTRIAN,0,100,101,101,0,101,100,1,0,1627092766250313,1627092771249837,0,6,95
7ac08b7c991e5b91,2021.07.24.00.36.59_veh-47_05600_06769,on_pickup_dropoff,7c8bccc568555e19,PEDESTRIAN,0,100,101,101,0,101,100,1,0,1627092766250313,1627092771249837,0,101,0
7ac08b7c991e5b91,2021.07.24.00.36.59_veh-47_05600_06769,on_pickup_dropoff,8a5ff9ae29c15b9f,PEDESTRIAN,0,100,101,101,0,101,100,1,0,1627092766250313,1627092771249837,59,42,0
7ac08b7c991e5b91,2021.07.24.00.36.59_veh-47_05600_06769,on_pickup_dropoff,07693d196ea75a17,PEDESTRIAN,0,100,101,101,0,101,100,1,0,1627092766250313,1627092771249837,101,0,0
7ac08b7c991e5b91,2021.07.24.00.36.59_veh-47_05600_06769,on_pickup_dropoff,c8d2e0cd36d554b1,PEDESTRIAN,0,51,52,52,0,52,51,1,0,1627092766250313,1627092768799710,0,0,52
7ac08b7c991e5b91,2021.07.24.00.36.59_veh-47_05600_06769,on_pickup_dropoff,ed8c61b263965d29,PEDESTRIAN,0,100,101,101,0,101,100,1,0,1627092766250313,1627092771249837,0,0,101
7ac08b7c991e5b91,2021.07.24.00.36.59_veh-47_05600_06769,on_pickup_dropoff,8ac0b9a8ef9a5d17,PEDESTRIAN,0,100,101,101,0,101,100,1,0,1627092766250313,1627092771249837,0,0,101
7ac08b7c991e5b91,2021.07.24.00.36.59_veh-47_05600_06769,on_pickup_dropoff,850ec6f556f0559a,PEDESTRIAN,0,100,101,101,0,101,100,1,0,1627092766250313,1627092771249837,0,0,101
7ac08b7c991e5b91,2021.07.24.00.36.59_veh-47_05600_06769,on_pickup_dropoff,def40fd4ac4a5aa8,PEDESTRIAN,0,100,101,101,0,101,100,1,0,1627092766250313,1627092771249837,0,0,101
7ac08b7c991e5b91,2021.07.24.00.36.59_veh-47_05600_06769,on_pickup_dropoff,bb183a9c7bb855df,PEDESTRIAN,0,100,101,101,0,101,100,1,0,1627092766250313,1627092771249837,0,0,101
7ac08b7c991e5b91,2021.07.24.00.36.59_veh-47_05600_06769,on_pickup_dropoff,da016f4307595b44,PEDESTRIAN,0,100,101,101,0,101,100,1,0,1627092766250313,1627092771249837,0,101,0
7ac08b7c991e5b91,2021.07.24.00.36.59_veh-47_05600_06769,on_pickup_dropoff,8926b9bd90dd5c93,PEDESTRIAN,0,100,101,101,0,101,100,1,0,1627092766250313,1627092771249837,0,101,0
7ac08b7c991e5b91,2021.07.24.00.36.59_veh-47_05600_06769,on_pickup_dropoff,9a0eec565d165820,PEDESTRIAN,0,45,46,46,0,46,45,1,0,1627092766250313,1627092768499632,0,46,0
7ac08b7c991e5b91,2021.07.24.00.36.59_veh-47_05600_06769,on_pickup_dropoff,1490fb1b2e485efd,PEDESTRIAN,0,100,101,101,0,101,100,1,0,1627092766250313,1627092771249837,0,0,101
7ac08b7c991e5b91,2021.07.24.00.36.59_veh-47_05600_06769,on_pickup_dropoff,b3858753ef855499,PEDESTRIAN,0,100,101,101,0,101,100,1,0,1627092766250313,1627092771249837,0,0,101
7ac08b7c991e5b91,2021.07.24.00.36.59_veh-47_05600_06769,on_pickup_dropoff,f50f940b72cd5af2,PEDESTRIAN,0,85,86,86,0,86,85,1,0,1627092766250313,1627092770500279,0,0,86
7ac08b7c991e5b91,2021.07.24.00.36.59_veh-47_05600_06769,on_pickup_dropoff,112e7677743c5b47,PEDESTRIAN,0,100,101,101,0,101,100,1,0,1627092766250313,1627092771249837,0,0,101
7ac08b7c991e5b91,2021.07.24.00.36.59_veh-47_05600_06769,on_pickup_dropoff,59fdbc32fee65b68,PEDESTRIAN,0,100,101,101,0,101,100,1,0,1627092766250313,1627092771249837,0,0,101
7ac08b7c991e5b91,2021.07.24.00.36.59_veh-47_05600_06769,on_pickup_dropoff,222fdd1c6beb54fc,PEDESTRIAN,0,100,101,101,0,101,100,1,0,1627092766250313,1627092771249837,0,0,101
7ac08b7c991e5b91,2021.07.24.00.36.59_veh-47_05600_06769,on_pickup_dropoff,f631c5f39f9e5fbd,PEDESTRIAN,0,100,101,101,0,101,100,1,0,1627092766250313,1627092771249837,0,0,101
7ac08b7c991e5b91,2021.07.24.00.36.59_veh-47_05600_06769,on_pickup_dropoff,4fb7d87a595b5c09,PEDESTRIAN,0,100,101,101,0,101,100,1,0,1627092766250313,1627092771249837,0,0,101
7ac08b7c991e5b91,2021.07.24.00.36.59_veh-47_05600_06769,on_pickup_dropoff,725d52e361ab57b4,PEDESTRIAN,0,100,101,101,0,101,100,1,0,1627092766250313,1627092771249837,0,0,101
7ac08b7c991e5b91,2021.07.24.00.36.59_veh-47_05600_06769,on_pickup_dropoff,166715d0d3eb523a,PEDESTRIAN,0,100,101,101,0,101,100,1,0,1627092766250313,1627092771249837,0,0,101
7ac08b7c991e5b91,2021.07.24.00.36.59_veh-47_05600_06769,on_pickup_dropoff,d8264fb599a85fdb,PEDESTRIAN,0,100,101,101,0,101,100,1,0,1627092766250313,1627092771249837,0,95,6
7ac08b7c991e5b91,2021.07.24.00.36.59_veh-47_05600_06769,on_pickup_dropoff,3f7b76e8dae45277,PEDESTRIAN,0,100,101,101,0,101,100,1,0,1627092766250313,1627092771249837,0,0,101
7ac08b7c991e5b91,2021.07.24.00.36.59_veh-47_05600_06769,on_pickup_dropoff,38ea53aec4de5dbd,PEDESTRIAN,0,100,101,101,0,101,100,1,0,1627092766250313,1627092771249837,0,0,101
7ac08b7c991e5b91,2021.07.24.00.36.59_veh-47_05600_06769,on_pickup_dropoff,9c89450528d75f08,PEDESTRIAN,0,100,101,101,0,101,100,1,0,1627092766250313,1627092771249837,0,0,101
7ac08b7c991e5b91,2021.07.24.00.36.59_veh-47_05600_06769,on_pickup_dropoff,1df508834b4d5f08,PEDESTRIAN,0,100,101,101,0,101,100,1,0,1627092766250313,1627092771249837,0,0,101
7ac08b7c991e5b91,2021.07.24.00.36.59_veh-47_05600_06769,on_pickup_dropoff,b29e28c634055560,PEDESTRIAN,0,100,101,101,0,101,100,1,0,1627092766250313,1627092771249837,0,0,101
7ac08b7c991e5b91,2021.07.24.00.36.59_veh-47_05600_06769,on_pickup_dropoff,3839bd98286b51cf,PEDESTRIAN,0,100,101,101,0,101,100,1,0,1627092766250313,1627092771249837,0,101,0
7ac08b7c991e5b91,2021.07.24.00.36.59_veh-47_05600_06769,on_pickup_dropoff,93b6d47678a05c93,PEDESTRIAN,0,99,100,100,0,100,99,1,0,1627092766250313,1627092771199865,0,0,100
7ac08b7c991e5b91,2021.07.24.00.36.59_veh-47_05600_06769,on_pickup_dropoff,4518bea142ae5cfc,PEDESTRIAN,0,100,101,101,0,101,100,1,0,1627092766250313,1627092771249837,0,0,101
7ac08b7c991e5b91,2021.07.24.00.36.59_veh-47_05600_06769,on_pickup_dropoff,8bc852de1c4055e0,PEDESTRIAN,0,100,101,101,0,101,100,1,0,1627092766250313,1627092771249837,0,0,101
7ac08b7c991e5b91,2021.07.24.00.36.59_veh-47_05600_06769,on_pickup_dropoff,199ef6f816f55014,PEDESTRIAN,0,53,54,54,0,54,53,1,0,1627092766250313,1627092768899765,0,0,54
7ac08b7c991e5b91,2021.07.24.00.36.59_veh-47_05600_06769,on_pickup_dropoff,126833060ca05282,PEDESTRIAN,0,15,16,16,0,16,15,1,0,1627092766250313,1627092766999869,0,0,16
7ac08b7c991e5b91,2021.07.24.00.36.59_veh-47_05600_06769,on_pickup_dropoff,ad435440885a5f2b,PEDESTRIAN,0,100,101,101,0,101,100,1,0,1627092766250313,1627092771249837,0,0,101
7ac08b7c991e5b91,2021.07.24.00.36.59_veh-47_05600_06769,on_pickup_dropoff,71d1662305045e45,PEDESTRIAN,0,100,101,101,0,101,100,1,0,1627092766250313,1627092771249837,0,92,9
7ac08b7c991e5b91,2021.07.24.00.36.59_veh-47_05600_06769,on_pickup_dropoff,eb62c4f49df354e1,PEDESTRIAN,0,100,101,101,0,101,100,1,0,1627092766250313,1627092771249837,0,0,101
7ac08b7c991e5b91,2021.07.24.00.36.59_veh-47_05600_06769,on_pickup_dropoff,443ba4ccba5f596d,PEDESTRIAN,0,100,101,101,0,101,100,1,0,1627092766250313,1627092771249837,0,0,101
7ac08b7c991e5b91,2021.07.24.00.36.59_veh-47_05600_06769,on_pickup_dropoff,f0958cf9e6ce554c,PEDESTRIAN,0,100,101,101,0,101,100,1,0,1627092766250313,1627092771249837,0,0,101
7ac08b7c991e5b91,2021.07.24.00.36.59_veh-47_05600_06769,on_pickup_dropoff,d82563e481665a5f,PEDESTRIAN,0,100,101,101,0,101,100,1,0,1627092766250313,1627092771249837,0,0,101
7ac08b7c991e5b91,2021.07.24.00.36.59_veh-47_05600_06769,on_pickup_dropoff,cb316228ddb65ca7,PEDESTRIAN,0,100,101,101,0,101,100,1,0,1627092766250313,1627092771249837,0,44,57
7ac08b7c991e5b91,2021.07.24.00.36.59_veh-47_05600_06769,on_pickup_dropoff,b9d597834e795743,PEDESTRIAN,0,75,76,76,0,76,75,1,0,1627092766250313,1627092770000340,0,0,76
7ac08b7c991e5b91,2021.07.24.00.36.59_veh-47_05600_06769,on_pickup_dropoff,062f46bc64cf528b,PEDESTRIAN,0,100,101,101,0,101,100,1,0,1627092766250313,1627092771249837,0,91,10
7ac08b7c991e5b91,2021.07.24.00.36.59_veh-47_05600_06769,on_pickup_dropoff,42626c6be7d255d6,PEDESTRIAN,0,63,64,64,0,64,63,1,0,1627092766250313,1627092769400035,0,64,0
7ac08b7c991e5b91,2021.07.24.00.36.59_veh-47_05600_06769,on_pickup_dropoff,fcce647c13135b2a,PEDESTRIAN,0,100,101,101,0,101,100,1,0,1627092766250313,1627092771249837,0,0,101
7ac08b7c991e5b91,2021.07.24.00.36.59_veh-47_05600_06769,on_pickup_dropoff,933bc45d584b522c,PEDESTRIAN,0,35,36,36,0,36,35,1,0,1627092766250313,1627092767999705,0,36,0
7ac08b7c991e5b91,2021.07.24.00.36.59_veh-47_05600_06769,on_pickup_dropoff,fdddcfd9b6415145,PEDESTRIAN,0,100,101,101,0,101,100,1,0,1627092766250313,1627092771249837,0,0,101
7ac08b7c991e5b91,2021.07.24.00.36.59_veh-47_05600_06769,on_pickup_dropoff,eb34308ac89b553c,PEDESTRIAN,0,100,101,101,0,101,100,1,0,1627092766250313,1627092771249837,0,0,101
7ac08b7c991e5b91,2021.07.24.00.36.59_veh-47_05600_06769,on_pickup_dropoff,0b170e33b6665b9a,PEDESTRIAN,0,100,101,101,0,101,100,1,0,1627092766250313,1627092771249837,0,67,34
7ac08b7c991e5b91,2021.07.24.00.36.59_veh-47_05600_06769,on_pickup_dropoff,ae259c982cad5680,PEDESTRIAN,0,21,22,22,0,22,21,1,0,1627092766250313,1627092767299802,0,22,0
7ac08b7c991e5b91,2021.07.24.00.36.59_veh-47_05600_06769,on_pickup_dropoff,1bc2385f985d5162,PEDESTRIAN,0,100,101,101,0,101,100,1,0,1627092766250313,1627092771249837,0,0,101
7ac08b7c991e5b91,2021.07.24.00.36.59_veh-47_05600_06769,on_pickup_dropoff,d024b86db9185cd3,PEDESTRIAN,0,100,101,101,0,101,100,1,0,1627092766250313,1627092771249837,0,0,101
7ac08b7c991e5b91,2021.07.24.00.36.59_veh-47_05600_06769,on_pickup_dropoff,8f12d8be2bf75dc4,PEDESTRIAN,0,100,101,101,0,101,100,1,0,1627092766250313,1627092771249837,0,0,101
7ac08b7c991e5b91,2021.07.24.00.36.59_veh-47_05600_06769,on_pickup_dropoff,03d8c2820c195885,PEDESTRIAN,0,100,101,101,0,101,100,1,0,1627092766250313,1627092771249837,0,0,101
7ac08b7c991e5b91,2021.07.24.00.36.59_veh-47_05600_06769,on_pickup_dropoff,02d2ddac2c9a5341,PEDESTRIAN,0,100,101,101,0,101,100,1,0,1627092766250313,1627092771249837,0,0,101
7ac08b7c991e5b91,2021.07.24.00.36.59_veh-47_05600_06769,on_pickup_dropoff,64d4956a7157519a,PEDESTRIAN,0,100,101,101,0,101,100,1,0,1627092766250313,1627092771249837,0,0,101
7ac08b7c991e5b91,2021.07.24.00.36.59_veh-47_05600_06769,on_pickup_dropoff,9b540d1bf0955b5a,PEDESTRIAN,0,100,101,101,0,101,100,1,0,1627092766250313,1627092771249837,0,0,101
7ac08b7c991e5b91,2021.07.24.00.36.59_veh-47_05600_06769,on_pickup_dropoff,7fe24a86a7dd5c09,PEDESTRIAN,0,100,101,101,0,101,100,1,0,1627092766250313,1627092771249837,0,0,101
7ac08b7c991e5b91,2021.07.24.00.36.59_veh-47_05600_06769,on_pickup_dropoff,f81f0053630b504d,PEDESTRIAN,0,100,101,101,0,101,100,1,0,1627092766250313,1627092771249837,0,0,101
7ac08b7c991e5b91,2021.07.24.00.36.59_veh-47_05600_06769,on_pickup_dropoff,e3dadc45f9d05d37,PEDESTRIAN,0,100,101,101,0,101,100,1,0,1627092766250313,1627092771249837,0,0,101
7ac08b7c991e5b91,2021.07.24.00.36.59_veh-47_05600_06769,on_pickup_dropoff,9571a698eb215321,PEDESTRIAN,0,100,101,101,0,101,100,1,0,1627092766250313,1627092771249837,0,0,101
7ac08b7c991e5b91,2021.07.24.00.36.59_veh-47_05600_06769,on_pickup_dropoff,148bf0feb2ae55cd,PEDESTRIAN,0,100,101,101,0,101,100,1,0,1627092766250313,1627092771249837,0,0,101
7ac08b7c991e5b91,2021.07.24.00.36.59_veh-47_05600_06769,on_pickup_dropoff,c23b1a802ea95098,PEDESTRIAN,0,100,101,101,0,101,100,1,0,1627092766250313,1627092771249837,0,0,101
7ac08b7c991e5b91,2021.07.24.00.36.59_veh-47_05600_06769,on_pickup_dropoff,61312fbf3d4d56f6,PEDESTRIAN,0,100,101,101,0,101,100,1,0,1627092766250313,1627092771249837,0,0,101
7ac08b7c991e5b91,2021.07.24.00.36.59_veh-47_05600_06769,on_pickup_dropoff,4643aa809d785252,PEDESTRIAN,0,100,101,101,0,101,100,1,0,1627092766250313,1627092771249837,0,97,4
7ac08b7c991e5b91,2021.07.24.00.36.59_veh-47_05600_06769,on_pickup_dropoff,b0d1923d95ba5d60,PEDESTRIAN,0,100,101,101,0,101,100,1,0,1627092766250313,1627092771249837,0,0,101
7ac08b7c991e5b91,2021.07.24.00.36.59_veh-47_05600_06769,on_pickup_dropoff,4ed25d862ac55c45,PEDESTRIAN,0,100,101,101,0,101,100,1,0,1627092766250313,1627092771249837,0,0,101
7ac08b7c991e5b91,2021.07.24.00.36.59_veh-47_05600_06769,on_pickup_dropoff,2765253bf44a5aaa,PEDESTRIAN,0,85,86,86,0,86,85,1,0,1627092766250313,1627092770500279,0,0,86
7ac08b7c991e5b91,2021.07.24.00.36.59_veh-47_05600_06769,on_pickup_dropoff,812d90988178571a,PEDESTRIAN,0,100,101,101,0,101,100,1,0,1627092766250313,1627092771249837,0,0,101
7ac08b7c991e5b91,2021.07.24.00.36.59_veh-47_05600_06769,on_pickup_dropoff,fbaac8ebc3f5591f,PEDESTRIAN,0,66,67,67,0,67,66,1,0,1627092766250313,1627092769550114,0,67,0
7ac08b7c991e5b91,2021.07.24.00.36.59_veh-47_05600_06769,on_pickup_dropoff,1983c7bcbbc45f21,PEDESTRIAN,0,29,30,30,0,30,29,1,0,1627092766250313,1627092767699742,0,0,30
7ac08b7c991e5b91,2021.07.24.00.36.59_veh-47_05600_06769,on_pickup_dropoff,2bc8c802b3e15688,PEDESTRIAN,0,100,101,101,0,101,100,1,0,1627092766250313,1627092771249837,0,12,89
7ac08b7c991e5b91,2021.07.24.00.36.59_veh-47_05600_06769,on_pickup_dropoff,1bc3034cf0565c98,PEDESTRIAN,0,100,101,101,0,101,100,1,0,1627092766250313,1627092771249837,0,0,101
7ac08b7c991e5b91,2021.07.24.00.36.59_veh-47_05600_06769,on_pickup_dropoff,a7561006dc2257d9,PEDESTRIAN,0,100,101,101,0,101,100,1,0,1627092766250313,1627092771249837,0,7,94
7ac08b7c991e5b91,2021.07.24.00.36.59_veh-47_05600_06769,on_pickup_dropoff,4901bdfe8d6059a0,PEDESTRIAN,0,41,42,42,0,42,41,1,0,1627092766250313,1627092768299672,0,0,42
7ac08b7c991e5b91,2021.07.24.00.36.59_veh-47_05600_06769,on_pickup_dropoff,a017edac368456a2,PEDESTRIAN,0,100,101,101,0,101,100,1,0,1627092766250313,1627092771249837,0,45,56
7ac08b7c991e5b91,2021.07.24.00.36.59_veh-47_05600_06769,on_pickup_dropoff,7a1324a6766f5ebc,PEDESTRIAN,0,100,101,101,0,101,100,1,0,1627092766250313,1627092771249837,0,0,101
7ac08b7c991e5b91,2021.07.24.00.36.59_veh-47_05600_06769,on_pickup_dropoff,c516e3961d9350a5,PEDESTRIAN,0,100,101,101,0,101,100,1,0,1627092766250313,1627092771249837,0,0,101
7ac08b7c991e5b91,2021.07.24.00.36.59_veh-47_05600_06769,on_pickup_dropoff,5a56fa41317a54fa,PEDESTRIAN,0,100,101,101,0,101,100,1,0,1627092766250313,1627092771249837,0,96,5
7ac08b7c991e5b91,2021.07.24.00.36.59_veh-47_05600_06769,on_pickup_dropoff,ebefcf9814255d2d,PEDESTRIAN,0,100,101,101,0,101,100,1,0,1627092766250313,1627092771249837,0,0,101
7ac08b7c991e5b91,2021.07.24.00.36.59_veh-47_05600_06769,on_pickup_dropoff,65e108fb16585f48,PEDESTRIAN,0,100,101,101,0,101,100,1,0,1627092766250313,1627092771249837,0,0,101
7ac08b7c991e5b91,2021.07.24.00.36.59_veh-47_05600_06769,on_pickup_dropoff,aa305d6cf3a05409,PEDESTRIAN,0,100,101,101,0,101,100,1,0,1627092766250313,1627092771249837,0,0,101
7ac08b7c991e5b91,2021.07.24.00.36.59_veh-47_05600_06769,on_pickup_dropoff,74acbade887651ce,BICYCLE,0,3,4,4,0,4,3,1,0,1627092766250313,1627092766400247,0,0,0
7ac08b7c991e5b91,2021.07.24.00.36.59_veh-47_05600_06769,on_pickup_dropoff,d261a8d642945b05,GENERIC_OBJECT,0,100,101,101,0,101,100,1,0,1627092766250313,1627092771249837,51,50,0
7ac08b7c991e5b91,2021.07.24.00.36.59_veh-47_05600_06769,on_pickup_dropoff,e65a19f51a275168,GENERIC_OBJECT,0,100,101,101,0,101,100,1,0,1627092766250313,1627092771249837,31,70,0
7ac08b7c991e5b91,2021.07.24.00.36.59_veh-47_05600_06769,on_pickup_dropoff,5ff0d8bc9cc850f1,GENERIC_OBJECT,0,100,101,101,0,101,100,1,0,1627092766250313,1627092771249837,46,55,0
7ac08b7c991e5b91,2021.07.24.00.36.59_veh-47_05600_06769,on_pickup_dropoff,61dd812985de5b16,GENERIC_OBJECT,0,11,12,12,0,12,11,1,0,1627092766250313,1627092766799990,0,0,12
7ac08b7c991e5b91,2021.07.24.00.36.59_veh-47_05600_06769,on_pickup_dropoff,35d420bc18385c7b,GENERIC_OBJECT,0,100,101,101,0,101,100,1,0,1627092766250313,1627092771249837,0,101,0
7ac08b7c991e5b91,2021.07.24.00.36.59_veh-47_05600_06769,on_pickup_dropoff,13a32e8bae3657ff,GENERIC_OBJECT,0,100,101,101,0,101,100,1,0,1627092766250313,1627092771249837,1,100,0
7ac08b7c991e5b91,2021.07.24.00.36.59_veh-47_05600_06769,on_pickup_dropoff,2146a77973e85747,GENERIC_OBJECT,0,100,101,101,0,101,100,1,0,1627092766250313,1627092771249837,0,101,0
7ac08b7c991e5b91,2021.07.24.00.36.59_veh-47_05600_06769,on_pickup_dropoff,7a487088b5815858,GENERIC_OBJECT,0,100,101,101,0,101,100,1,0,1627092766250313,1627092771249837,13,88,0
7ac08b7c991e5b91,2021.07.24.00.36.59_veh-47_05600_06769,on_pickup_dropoff,5f8ad2bd6f445c54,GENERIC_OBJECT,0,100,101,101,0,101,100,1,0,1627092766250313,1627092771249837,20,17,64
7ac08b7c991e5b91,2021.07.24.00.36.59_veh-47_05600_06769,on_pickup_dropoff,57aa8aed22ad5890,GENERIC_OBJECT,0,100,101,101,0,101,100,1,0,1627092766250313,1627092771249837,20,18,63
7ac08b7c991e5b91,2021.07.24.00.36.59_veh-47_05600_06769,on_pickup_dropoff,d5311f2462d55191,GENERIC_OBJECT,0,100,101,101,0,101,100,1,0,1627092766250313,1627092771249837,13,27,61
7ac08b7c991e5b91,2021.07.24.00.36.59_veh-47_05600_06769,on_pickup_dropoff,4799a7e33ffb54f2,GENERIC_OBJECT,0,100,101,101,0,101,100,1,0,1627092766250313,1627092771249837,34,45,22
7ac08b7c991e5b91,2021.07.24.00.36.59_veh-47_05600_06769,on_pickup_dropoff,483bcb8fe2d65758,GENERIC_OBJECT,0,100,101,101,0,101,100,1,0,1627092766250313,1627092771249837,40,61,0
7ac08b7c991e5b91,2021.07.24.00.36.59_veh-47_05600_06769,on_pickup_dropoff,d210f8a5193f53f6,GENERIC_OBJECT,0,100,101,101,0,101,100,1,0,1627092766250313,1627092771249837,90,11,0
7ac08b7c991e5b91,2021.07.24.00.36.59_veh-47_05600_06769,on_pickup_dropoff,9f20ad6298fc5301,GENERIC_OBJECT,0,100,101,101,0,101,100,1,0,1627092766250313,1627092771249837,18,17,66
7ac08b7c991e5b91,2021.07.24.00.36.59_veh-47_05600_06769,on_pickup_dropoff,465a81706fb753e1,GENERIC_OBJECT,0,100,101,101,0,101,100,1,0,1627092766250313,1627092771249837,10,32,59
7ac08b7c991e5b91,2021.07.24.00.36.59_veh-47_05600_06769,on_pickup_dropoff,eec54fe429b65a2b,GENERIC_OBJECT,0,100,101,101,0,101,100,1,0,1627092766250313,1627092771249837,8,35,58
7ac08b7c991e5b91,2021.07.24.00.36.59_veh-47_05600_06769,on_pickup_dropoff,7d7474e5e9d45ab6,GENERIC_OBJECT,0,100,101,101,0,101,100,1,0,1627092766250313,1627092771249837,47,54,0
7ac08b7c991e5b91,2021.07.24.00.36.59_veh-47_05600_06769,on_pickup_dropoff,840e9c82db7c529c,GENERIC_OBJECT,0,100,101,101,0,101,100,1,0,1627092766250313,1627092771249837,17,84,0
7ac08b7c991e5b91,2021.07.24.00.36.59_veh-47_05600_06769,on_pickup_dropoff,b9c4b730ce555d23,GENERIC_OBJECT,0,100,101,101,0,101,100,1,0,1627092766250313,1627092771249837,2,42,57
7ac08b7c991e5b91,2021.07.24.00.36.59_veh-47_05600_06769,on_pickup_dropoff,1ddc6719e95e5412,GENERIC_OBJECT,0,100,101,101,0,101,100,1,0,1627092766250313,1627092771249837,17,18,66
7ac08b7c991e5b91,2021.07.24.00.36.59_veh-47_05600_06769,on_pickup_dropoff,47375c9f17825cd5,GENERIC_OBJECT,0,100,101,101,0,101,100,1,0,1627092766250313,1627092771249837,0,101,0
7ac08b7c991e5b91,2021.07.24.00.36.59_veh-47_05600_06769,on_pickup_dropoff,15eb6861911e51c6,GENERIC_OBJECT,0,100,101,101,0,101,100,1,0,1627092766250313,1627092771249837,16,24,61
7ac08b7c991e5b91,2021.07.24.00.36.59_veh-47_05600_06769,on_pickup_dropoff,5211540ea3e252ee,GENERIC_OBJECT,0,100,101,101,0,101,100,1,0,1627092766250313,1627092771249837,12,29,60
7ac08b7c991e5b91,2021.07.24.00.36.59_veh-47_05600_06769,on_pickup_dropoff,01cc724267c851bc,GENERIC_OBJECT,0,100,101,101,0,101,100,1,0,1627092766250313,1627092771249837,13,19,69
7ac08b7c991e5b91,2021.07.24.00.36.59_veh-47_05600_06769,on_pickup_dropoff,14ef9850e2bb5365,GENERIC_OBJECT,0,100,101,101,0,101,100,1,0,1627092766250313,1627092771249837,97,4,0
7ac08b7c991e5b91,2021.07.24.00.36.59_veh-47_05600_06769,on_pickup_dropoff,148952eec5d95e68,GENERIC_OBJECT,0,100,101,101,0,101,100,1,0,1627092766250313,1627092771249837,0,45,56
7ac08b7c991e5b91,2021.07.24.00.36.59_veh-47_05600_06769,on_pickup_dropoff,ed87a459c1275abd,GENERIC_OBJECT,0,100,101,101,0,101,100,1,0,1627092766250313,1627092771249837,101,0,0
7ac08b7c991e5b91,2021.07.24.00.36.59_veh-47_05600_06769,on_pickup_dropoff,4cd2d303a5105957,GENERIC_OBJECT,0,100,101,101,0,101,100,1,0,1627092766250313,1627092771249837,101,0,0
7ac08b7c991e5b91,2021.07.24.00.36.59_veh-47_05600_06769,on_pickup_dropoff,e17b0fcf99ba507d,GENERIC_OBJECT,0,100,101,101,0,101,100,1,0,1627092766250313,1627092771249837,15,19,67
7ac08b7c991e5b91,2021.07.24.00.36.59_veh-47_05600_06769,on_pickup_dropoff,b89c7c25f721544a,GENERIC_OBJECT,0,100,101,101,0,101,100,1,0,1627092766250313,1627092771249837,0,46,55
7ac08b7c991e5b91,2021.07.24.00.36.59_veh-47_05600_06769,on_pickup_dropoff,311d21beea515a12,GENERIC_OBJECT,0,100,101,101,0,101,100,1,0,1627092766250313,1627092771249837,11,18,72
7ac08b7c991e5b91,2021.07.24.00.36.59_veh-47_05600_06769,on_pickup_dropoff,53c8d110745d5bb4,GENERIC_OBJECT,0,100,101,101,0,101,100,1,0,1627092766250313,1627092771249837,91,10,0
7ac08b7c991e5b91,2021.07.24.00.36.59_veh-47_05600_06769,on_pickup_dropoff,d879099436f35cfc,GENERIC_OBJECT,0,100,101,101,0,101,100,1,0,1627092766250313,1627092771249837,0,48,53
7ac08b7c991e5b91,2021.07.24.00.36.59_veh-47_05600_06769,on_pickup_dropoff,5ac5d9b883cc5657,GENERIC_OBJECT,0,100,101,101,0,101,100,1,0,1627092766250313,1627092771249837,17,22,62
7ac08b7c991e5b91,2021.07.24.00.36.59_veh-47_05600_06769,on_pickup_dropoff,f2fa181b5dc95c00,GENERIC_OBJECT,0,100,101,101,0,101,100,1,0,1627092766250313,1627092771249837,0,49,52
7ac08b7c991e5b91,2021.07.24.00.36.59_veh-47_05600_06769,on_pickup_dropoff,a54396f12e8b580b,GENERIC_OBJECT,0,100,101,101,0,101,100,1,0,1627092766250313,1627092771249837,13,20,68
7ac08b7c991e5b91,2021.07.24.00.36.59_veh-47_05600_06769,on_pickup_dropoff,95eaa02bf0795587,GENERIC_OBJECT,0,100,101,101,0,101,100,1,0,1627092766250313,1627092771249837,0,47,54
7ac08b7c991e5b91,2021.07.24.00.36.59_veh-47_05600_06769,on_pickup_dropoff,d530d97a34385b26,GENERIC_OBJECT,0,100,101,101,0,101,100,1,0,1627092766250313,1627092771249837,101,0,0
7ac08b7c991e5b91,2021.07.24.00.36.59_veh-47_05600_06769,on_pickup_dropoff,ec6aa8d7fc8e5f29,GENERIC_OBJECT,0,61,62,62,0,62,61,1,0,1627092766250313,1627092769299980,62,0,0
7ac08b7c991e5b91,2021.07.24.00.36.59_veh-47_05600_06769,on_pickup_dropoff,6e2f166d0b5e50e9,GENERIC_OBJECT,0,100,101,101,0,101,100,1,0,1627092766250313,1627092771249837,89,12,0
7ac08b7c991e5b91,2021.07.24.00.36.59_veh-47_05600_06769,on_pickup_dropoff,a24211fa3618552e,GENERIC_OBJECT,0,66,67,67,0,67,66,1,0,1627092766250313,1627092769550114,67,0,0
7ac08b7c991e5b91,2021.07.24.00.36.59_veh-47_05600_06769,on_pickup_dropoff,91ad9d19c24856f0,GENERIC_OBJECT,0,100,101,101,0,101,100,1,0,1627092766250313,1627092771249837,0,17,84
7ac08b7c991e5b91,2021.07.24.00.36.59_veh-47_05600_06769,on_pickup_dropoff,b2afae6cc84556d6,GENERIC_OBJECT,0,100,101,101,0,101,100,1,0,1627092766250313,1627092771249837,0,16,85
7ac08b7c991e5b91,2021.07.24.00.36.59_veh-47_05600_06769,on_pickup_dropoff,51b1134406c45e3e,GENERIC_OBJECT,0,100,101,101,0,101,100,1,0,1627092766250313,1627092771249837,7,19,75
7ac08b7c991e5b91,2021.07.24.00.36.59_veh-47_05600_06769,on_pickup_dropoff,cd404231fefa55a0,GENERIC_OBJECT,0,68,69,69,0,69,68,1,0,1627092766250313,1627092769650159,69,0,0
7ac08b7c991e5b91,2021.07.24.00.36.59_veh-47_05600_06769,on_pickup_dropoff,bf2c1c70efbe5f65,GENERIC_OBJECT,0,100,101,101,0,101,100,1,0,1627092766250313,1627092771249837,0,32,69
7ac08b7c991e5b91,2021.07.24.00.36.59_veh-47_05600_06769,on_pickup_dropoff,9526e1f6402d5bc4,GENERIC_OBJECT,0,100,101,101,0,101,100,1,0,1627092766250313,1627092771249837,0,45,56
7ac08b7c991e5b91,2021.07.24.00.36.59_veh-47_05600_06769,on_pickup_dropoff,fb7efd341592576d,GENERIC_OBJECT,0,93,94,94,0,94,93,1,0,1627092766250313,1627092770900056,94,0,0
7ac08b7c991e5b91,2021.07.24.00.36.59_veh-47_05600_06769,on_pickup_dropoff,c5dcae3673e856b3,GENERIC_OBJECT,0,100,101,101,0,101,100,1,0,1627092766250313,1627092771249837,0,30,71
7ac08b7c991e5b91,2021.07.24.00.36.59_veh-47_05600_06769,on_pickup_dropoff,df71a198796a51a7,GENERIC_OBJECT,0,100,101,101,0,101,100,1,0,1627092766250313,1627092771249837,0,31,70
7ac08b7c991e5b91,2021.07.24.00.36.59_veh-47_05600_06769,on_pickup_dropoff,6980337e27fa53da,GENERIC_OBJECT,0,100,101,101,0,101,100,1,0,1627092766250313,1627092771249837,0,34,67
7ac08b7c991e5b91,2021.07.24.00.36.59_veh-47_05600_06769,on_pickup_dropoff,e7b11e59d28f5386,GENERIC_OBJECT,0,100,101,101,0,101,100,1,0,1627092766250313,1627092771249837,0,36,65
7ac08b7c991e5b91,2021.07.24.00.36.59_veh-47_05600_06769,on_pickup_dropoff,bbbd298dd226574d,GENERIC_OBJECT,0,100,101,101,0,101,100,1,0,1627092766250313,1627092771249837,88,13,0
7ac08b7c991e5b91,2021.07.24.00.36.59_veh-47_05600_06769,on_pickup_dropoff,f3e3acb93fa155e9,GENERIC_OBJECT,0,100,101,101,0,101,100,1,0,1627092766250313,1627092771249837,0,35,66
7ac08b7c991e5b91,2021.07.24.00.36.59_veh-47_05600_06769,on_pickup_dropoff,4c857c5b88a05e9f,GENERIC_OBJECT,0,100,101,101,0,101,100,1,0,1627092766250313,1627092771249837,0,29,72
7ac08b7c991e5b91,2021.07.24.00.36.59_veh-47_05600_06769,on_pickup_dropoff,5d2fc7fc232d50db,GENERIC_OBJECT,0,100,101,101,0,101,100,1,0,1627092766250313,1627092771249837,0,28,73
7ac08b7c991e5b91,2021.07.24.00.36.59_veh-47_05600_06769,on_pickup_dropoff,be582f57cb2e58a9,GENERIC_OBJECT,0,100,101,101,0,101,100,1,0,1627092766250313,1627092771249837,0,26,75
7ac08b7c991e5b91,2021.07.24.00.36.59_veh-47_05600_06769,on_pickup_dropoff,1017550077705054,GENERIC_OBJECT,0,100,101,101,0,101,100,1,0,1627092766250313,1627092771249837,0,39,62
7ac08b7c991e5b91,2021.07.24.00.36.59_veh-47_05600_06769,on_pickup_dropoff,a90984a00b745af4,GENERIC_OBJECT,0,100,101,101,0,101,100,1,0,1627092766250313,1627092771249837,0,25,76
7ac08b7c991e5b91,2021.07.24.00.36.59_veh-47_05600_06769,on_pickup_dropoff,2b5da9e29adf5c8f,GENERIC_OBJECT,0,100,101,101,0,101,100,1,0,1627092766250313,1627092771249837,12,19,70
7ac08b7c991e5b91,2021.07.24.00.36.59_veh-47_05600_06769,on_pickup_dropoff,b2060fe39a0857d2,GENERIC_OBJECT,0,100,101,101,0,101,100,1,0,1627092766250313,1627092771249837,0,18,83
7ac08b7c991e5b91,2021.07.24.00.36.59_veh-47_05600_06769,on_pickup_dropoff,d92ffc28c39b592e,GENERIC_OBJECT,0,100,101,101,0,101,100,1,0,1627092766250313,1627092771249837,0,37,64
7ac08b7c991e5b91,2021.07.24.00.36.59_veh-47_05600_06769,on_pickup_dropoff,a4c91b05e4a35fbb,GENERIC_OBJECT,0,100,101,101,0,101,100,1,0,1627092766250313,1627092771249837,0,21,80
7ac08b7c991e5b91,2021.07.24.00.36.59_veh-47_05600_06769,on_pickup_dropoff,38033f321ad35385,GENERIC_OBJECT,0,100,101,101,0,101,100,1,0,1627092766250313,1627092771249837,0,14,87
7ac08b7c991e5b91,2021.07.24.00.36.59_veh-47_05600_06769,on_pickup_dropoff,fda29cec0ae65587,GENERIC_OBJECT,0,100,101,101,0,101,100,1,0,1627092766250313,1627092771249837,0,23,78
7ac08b7c991e5b91,2021.07.24.00.36.59_veh-47_05600_06769,on_pickup_dropoff,a5511e5130d7560b,GENERIC_OBJECT,0,100,101,101,0,101,100,1,0,1627092766250313,1627092771249837,0,20,81
7ac08b7c991e5b91,2021.07.24.00.36.59_veh-47_05600_06769,on_pickup_dropoff,f67f3d5aae2952e3,GENERIC_OBJECT,0,100,101,101,0,101,100,1,0,1627092766250313,1627092771249837,0,12,89
7ac08b7c991e5b91,2021.07.24.00.36.59_veh-47_05600_06769,on_pickup_dropoff,a2cfd36d98d75d5e,GENERIC_OBJECT,0,100,101,101,0,101,100,1,0,1627092766250313,1627092771249837,0,38,63
7ac08b7c991e5b91,2021.07.24.00.36.59_veh-47_05600_06769,on_pickup_dropoff,8545a1f264455f02,GENERIC_OBJECT,0,100,101,101,0,101,100,1,0,1627092766250313,1627092771249837,101,0,0
7ac08b7c991e5b91,2021.07.24.00.36.59_veh-47_05600_06769,on_pickup_dropoff,63f3d4e7d9335090,GENERIC_OBJECT,0,100,101,101,0,101,100,1,0,1627092766250313,1627092771249837,0,16,85
7ac08b7c991e5b91,2021.07.24.00.36.59_veh-47_05600_06769,on_pickup_dropoff,48889588745f5505,GENERIC_OBJECT,0,100,101,101,0,101,100,1,0,1627092766250313,1627092771249837,0,19,82
7ac08b7c991e5b91,2021.07.24.00.36.59_veh-47_05600_06769,on_pickup_dropoff,14a81104a53357a2,GENERIC_OBJECT,0,100,101,101,0,101,100,1,0,1627092766250313,1627092771249837,0,14,87
7ac08b7c991e5b91,2021.07.24.00.36.59_veh-47_05600_06769,on_pickup_dropoff,d2829f9278555b39,GENERIC_OBJECT,0,100,101,101,0,101,100,1,0,1627092766250313,1627092771249837,0,0,101
7ac08b7c991e5b91,2021.07.24.00.36.59_veh-47_05600_06769,on_pickup_dropoff,baade75b45bf58f5,GENERIC_OBJECT,0,100,101,101,0,101,100,1,0,1627092766250313,1627092771249837,0,34,67
7ac08b7c991e5b91,2021.07.24.00.36.59_veh-47_05600_06769,on_pickup_dropoff,79248afc9ca75e78,GENERIC_OBJECT,0,100,101,101,0,101,100,1,0,1627092766250313,1627092771249837,101,0,0
7ac08b7c991e5b91,2021.07.24.00.36.59_veh-47_05600_06769,on_pickup_dropoff,e5efdc1fdc73572c,GENERIC_OBJECT,0,100,101,101,0,101,100,1,0,1627092766250313,1627092771249837,101,0,0
7ac08b7c991e5b91,2021.07.24.00.36.59_veh-47_05600_06769,on_pickup_dropoff,cfed15711a115f12,GENERIC_OBJECT,0,100,101,101,0,101,100,1,0,1627092766250313,1627092771249837,0,0,101
7ac08b7c991e5b91,2021.07.24.00.36.59_veh-47_05600_06769,on_pickup_dropoff,42611be08fe75585,GENERIC_OBJECT,0,100,101,101,0,101,100,1,0,1627092766250313,1627092771249837,9,19,73
7ac08b7c991e5b91,2021.07.24.00.36.59_veh-47_05600_06769,on_pickup_dropoff,0deb3415a69e58a5,GENERIC_OBJECT,0,100,101,101,0,101,100,1,0,1627092766250313,1627092771249837,4,21,76
7ac08b7c991e5b91,2021.07.24.00.36.59_veh-47_05600_06769,on_pickup_dropoff,20496977f3dd54fd,GENERIC_OBJECT,0,100,101,101,0,101,100,1,0,1627092766250313,1627092771249837,6,37,58
7ac08b7c991e5b91,2021.07.24.00.36.59_veh-47_05600_06769,on_pickup_dropoff,ca7acb7bb4da5363,GENERIC_OBJECT,0,100,101,101,0,101,100,1,0,1627092766250313,1627092771249837,98,3,0
7ac08b7c991e5b91,2021.07.24.00.36.59_veh-47_05600_06769,on_pickup_dropoff,5110e818280e5d1e,GENERIC_OBJECT,0,100,101,101,0,101,100,1,0,1627092766250313,1627092771249837,92,9,0
7ac08b7c991e5b91,2021.07.24.00.36.59_veh-47_05600_06769,on_pickup_dropoff,06dd7667ac685973,GENERIC_OBJECT,0,100,101,101,0,101,100,1,0,1627092766250313,1627092771249837,101,0,0
7ac08b7c991e5b91,2021.07.24.00.36.59_veh-47_05600_06769,on_pickup_dropoff,c634379f33b55166,GENERIC_OBJECT,0,100,101,101,0,101,100,1,0,1627092766250313,1627092771249837,101,0,0
7ac08b7c991e5b91,2021.07.24.00.36.59_veh-47_05600_06769,on_pickup_dropoff,1bcccf98a8a35c44,GENERIC_OBJECT,0,100,101,101,0,101,100,1,0,1627092766250313,1627092771249837,86,15,0
7ac08b7c991e5b91,2021.07.24.00.36.59_veh-47_05600_06769,on_pickup_dropoff,5078ff4e401b5c7f,GENERIC_OBJECT,0,100,101,101,0,101,100,1,0,1627092766250313,1627092771249837,0,47,54
7ac08b7c991e5b91,2021.07.24.00.36.59_veh-47_05600_06769,on_pickup_dropoff,c9bb0453c4dd5d5f,GENERIC_OBJECT,0,100,101,101,0,101,100,1,0,1627092766250313,1627092771249837,101,0,0
7ac08b7c991e5b91,2021.07.24.00.36.59_veh-47_05600_06769,on_pickup_dropoff,1e0a2bff742c5366,GENERIC_OBJECT,0,94,95,95,0,95,94,1,0,1627092766250313,1627092770950024,84,11,0
7ac08b7c991e5b91,2021.07.24.00.36.59_veh-47_05600_06769,on_pickup_dropoff,960ad50e2eac5bb4,GENERIC_OBJECT,0,100,101,101,0,101,100,1,0,1627092766250313,1627092771249837,88,13,0
7ac08b7c991e5b91,2021.07.24.00.36.59_veh-47_05600_06769,on_pickup_dropoff,082d03468b425ae1,GENERIC_OBJECT,0,100,101,101,0,101,100,1,0,1627092766250313,1627092771249837,8,19,74
7ac08b7c991e5b91,2021.07.24.00.36.59_veh-47_05600_06769,on_pickup_dropoff,111aa304564d5dad,GENERIC_OBJECT,0,100,101,101,0,101,100,1,0,1627092766250313,1627092771249837,55,30,16
7ac08b7c991e5b91,2021.07.24.00.36.59_veh-47_05600_06769,on_pickup_dropoff,2d5cf9f37cbd5b73,GENERIC_OBJECT,0,100,101,101,0,101,100,1,0,1627092766250313,1627092771249837,52,49,0
7ac08b7c991e5b91,2021.07.24.00.36.59_veh-47_05600_06769,on_pickup_dropoff,95d49b0092885624,GENERIC_OBJECT,0,100,101,101,0,101,100,1,0,1627092766250313,1627092771249837,0,0,101
7ac08b7c991e5b91,2021.07.24.00.36.59_veh-47_05600_06769,on_pickup_dropoff,110d15caf0185789,GENERIC_OBJECT,0,100,101,101,0,101,100,1,0,1627092766250313,1627092771249837,0,101,0
7ac08b7c991e5b91,2021.07.24.00.36.59_veh-47_05600_06769,on_pickup_dropoff,c37af4544cc557b6,GENERIC_OBJECT,0,41,42,42,0,42,41,1,0,1627092766250313,1627092768299672,42,0,0
7ac08b7c991e5b91,2021.07.24.00.36.59_veh-47_05600_06769,on_pickup_dropoff,4241c860eaf751af,GENERIC_OBJECT,0,100,101,101,0,101,100,1,0,1627092766250313,1627092771249837,0,50,51
7ac08b7c991e5b91,2021.07.24.00.36.59_veh-47_05600_06769,on_pickup_dropoff,3bc2999b0fe25130,GENERIC_OBJECT,0,100,101,101,0,101,100,1,0,1627092766250313,1627092771249837,46,36,19
7ac08b7c991e5b91,2021.07.24.00.36.59_veh-47_05600_06769,on_pickup_dropoff,bf1ce879f0e55391,GENERIC_OBJECT,0,100,101,101,0,101,100,1,0,1627092766250313,1627092771249837,0,0,101
7ac08b7c991e5b91,2021.07.24.00.36.59_veh-47_05600_06769,on_pickup_dropoff,93da8e6c8b05563e,GENERIC_OBJECT,0,100,101,101,0,101,100,1,0,1627092766250313,1627092771249837,0,48,53
7ac08b7c991e5b91,2021.07.24.00.36.59_veh-47_05600_06769,on_pickup_dropoff,0919a2b732275a1c,GENERIC_OBJECT,0,100,101,101,0,101,100,1,0,1627092766250313,1627092771249837,0,101,0
7ac08b7c991e5b91,2021.07.24.00.36.59_veh-47_05600_06769,on_pickup_dropoff,49d33b1593db5155,GENERIC_OBJECT,0,100,101,101,0,101,100,1,0,1627092766250313,1627092771249837,68,22,11
7ac08b7c991e5b91,2021.07.24.00.36.59_veh-47_05600_06769,on_pickup_dropoff,1ad738d102bb5710,GENERIC_OBJECT,0,100,101,101,0,101,100,1,0,1627092766250313,1627092771249837,22,79,0
7ac08b7c991e5b91,2021.07.24.00.36.59_veh-47_05600_06769,on_pickup_dropoff,62e0e1d71cbb5be5,GENERIC_OBJECT,0,100,101,101,0,101,100,1,0,1627092766250313,1627092771249837,0,0,101
7ac08b7c991e5b91,2021.07.24.00.36.59_veh-47_05600_06769,on_pickup_dropoff,d21d48285e175af5,GENERIC_OBJECT,0,100,101,101,0,101,100,1,0,1627092766250313,1627092771249837,80,14,7
7ac08b7c991e5b91,2021.07.24.00.36.59_veh-47_05600_06769,on_pickup_dropoff,d083c506f5f051e9,GENERIC_OBJECT,0,100,101,101,0,101,100,1,0,1627092766250313,1627092771249837,0,0,101
7ac08b7c991e5b91,2021.07.24.00.36.59_veh-47_05600_06769,on_pickup_dropoff,af8fa17f2ec3530f,GENERIC_OBJECT,0,100,101,101,0,101,100,1,0,1627092766250313,1627092771249837,0,10,91
7ac08b7c991e5b91,2021.07.24.00.36.59_veh-47_05600_06769,on_pickup_dropoff,d6c38f0ae8fb5739,GENERIC_OBJECT,0,100,101,101,0,101,100,1,0,1627092766250313,1627092771249837,0,26,75
7ac08b7c991e5b91,2021.07.24.00.36.59_veh-47_05600_06769,on_pickup_dropoff,d33ce69700d952b8,GENERIC_OBJECT,0,100,101,101,0,101,100,1,0,1627092766250313,1627092771249837,0,99,2
7ac08b7c991e5b91,2021.07.24.00.36.59_veh-47_05600_06769,on_pickup_dropoff,08c7e82a5aed5955,GENERIC_OBJECT,0,100,101,101,0,101,100,1,0,1627092766250313,1627092771249837,0,95,6
7ac08b7c991e5b91,2021.07.24.00.36.59_veh-47_05600_06769,on_pickup_dropoff,88372a0e8aed504e,GENERIC_OBJECT,0,100,101,101,0,101,100,1,0,1627092766250313,1627092771249837,0,53,48
7ac08b7c991e5b91,2021.07.24.00.36.59_veh-47_05600_06769,on_pickup_dropoff,35eb727b136a58ac,GENERIC_OBJECT,0,100,101,101,0,101,100,1,0,1627092766250313,1627092771249837,0,0,101
7ac08b7c991e5b91,2021.07.24.00.36.59_veh-47_05600_06769,on_pickup_dropoff,4c71f16083305b3c,GENERIC_OBJECT,0,100,101,101,0,101,100,1,0,1627092766250313,1627092771249837,0,97,4
7ac08b7c991e5b91,2021.07.24.00.36.59_veh-47_05600_06769,on_pickup_dropoff,50f6c2abf00f5975,GENERIC_OBJECT,0,96,97,97,0,97,96,1,0,1627092766250313,1627092771049959,0,92,5
7ac08b7c991e5b91,2021.07.24.00.36.59_veh-47_05600_06769,on_pickup_dropoff,2b3bbd28bbdf5459,GENERIC_OBJECT,0,100,101,101,0,101,100,1,0,1627092766250313,1627092771249837,0,93,8
7ac08b7c991e5b91,2021.07.24.00.36.59_veh-47_05600_06769,on_pickup_dropoff,9938e4e1ab5f56be,GENERIC_OBJECT,0,100,101,101,0,101,100,1,0,1627092766250313,1627092771249837,0,0,101
7ac08b7c991e5b91,2021.07.24.00.36.59_veh-47_05600_06769,on_pickup_dropoff,0609576b837a58f5,GENERIC_OBJECT,0,28,29,29,0,29,28,1,0,1627092766250313,1627092767649746,29,0,0
7ac08b7c991e5b91,2021.07.24.00.36.59_veh-47_05600_06769,on_pickup_dropoff,8bd6a0efb0b057cc,GENERIC_OBJECT,0,100,101,101,0,101,100,1,0,1627092766250313,1627092771249837,0,60,41
7ac08b7c991e5b91,2021.07.24.00.36.59_veh-47_05600_06769,on_pickup_dropoff,4d18438370fa5edd,GENERIC_OBJECT,0,100,101,101,0,101,100,1,0,1627092766250313,1627092771249837,0,0,101
7ac08b7c991e5b91,2021.07.24.00.36.59_veh-47_05600_06769,on_pickup_dropoff,40db0855fa215bf7,GENERIC_OBJECT,0,100,101,101,0,101,100,1,0,1627092766250313,1627092771249837,0,2,99
7ac08b7c991e5b91,2021.07.24.00.36.59_veh-47_05600_06769,on_pickup_dropoff,bd5bfdbde42e546e,GENERIC_OBJECT,0,100,101,101,0,101,100,1,0,1627092766250313,1627092771249837,0,25,76
7ac08b7c991e5b91,2021.07.24.00.36.59_veh-47_05600_06769,on_pickup_dropoff,1478abe1687153e3,GENERIC_OBJECT,0,100,101,101,0,101,100,1,0,1627092766250313,1627092771249837,0,0,101
7ac08b7c991e5b91,2021.07.24.00.36.59_veh-47_05600_06769,on_pickup_dropoff,67049463bb765c32,GENERIC_OBJECT,0,100,101,101,0,101,100,1,0,1627092766250313,1627092771249837,0,0,101
7ac08b7c991e5b91,2021.07.24.00.36.59_veh-47_05600_06769,on_pickup_dropoff,6b4c6dbc72b05697,GENERIC_OBJECT,0,83,84,84,0,84,83,1,0,1627092766250313,1627092770400327,0,8,76
7ac08b7c991e5b91,2021.07.24.00.36.59_veh-47_05600_06769,on_pickup_dropoff,09e921cb181c541a,GENERIC_OBJECT,0,100,101,101,0,101,100,1,0,1627092766250313,1627092771249837,0,12,89
7ac08b7c991e5b91,2021.07.24.00.36.59_veh-47_05600_06769,on_pickup_dropoff,4e0eef3e5a645dfa,GENERIC_OBJECT,0,1,2,2,0,2,1,1,0,1627092766250313,1627092766300296,0,2,0
7ac08b7c991e5b91,2021.07.24.00.36.59_veh-47_05600_06769,on_pickup_dropoff,ea282987a9715ea0,GENERIC_OBJECT,0,19,20,20,0,20,19,1,0,1627092766250313,1627092767199822,0,1,19
7ac08b7c991e5b91,2021.07.24.00.36.59_veh-47_05600_06769,on_pickup_dropoff,b7f236783a6b51da,VEHICLE,1,100,100,100,0,100,99,1,0,1627092766300296,1627092771249837,80,0,20
7ac08b7c991e5b91,2021.07.24.00.36.59_veh-47_05600_06769,on_pickup_dropoff,8374d4f3803453ca,PEDESTRIAN,2,74,73,73,0,73,72,1,0,1627092766350275,1627092769950317,0,0,73
7ac08b7c991e5b91,2021.07.24.00.36.59_veh-47_05600_06769,on_pickup_dropoff,543e739178625ba7,PEDESTRIAN,2,100,99,99,0,99,98,1,0,1627092766350275,1627092771249837,0,0,99
7ac08b7c991e5b91,2021.07.24.00.36.59_veh-47_05600_06769,on_pickup_dropoff,00e9c74cc4855113,PEDESTRIAN,2,72,71,71,0,71,70,1,0,1627092766350275,1627092769850266,0,0,71
7ac08b7c991e5b91,2021.07.24.00.36.59_veh-47_05600_06769,on_pickup_dropoff,6e737b5189e65c40,PEDESTRIAN,2,100,99,99,0,99,98,1,0,1627092766350275,1627092771249837,0,0,99
7ac08b7c991e5b91,2021.07.24.00.36.59_veh-47_05600_06769,on_pickup_dropoff,c6fba7a7adc35921,PEDESTRIAN,2,100,99,99,0,99,98,1,0,1627092766350275,1627092771249837,0,0,99
7ac08b7c991e5b91,2021.07.24.00.36.59_veh-47_05600_06769,on_pickup_dropoff,b962d5b161ba5a3d,PEDESTRIAN,4,100,97,97,0,97,96,1,0,1627092766450216,1627092771249837,0,0,97
7ac08b7c991e5b91,2021.07.24.00.36.59_veh-47_05600_06769,on_pickup_dropoff,87dbbfb3d53b556b,PEDESTRIAN,4,25,22,22,0,22,21,1,0,1627092766450216,1627092767499760,0,0,22
7ac08b7c991e5b91,2021.07.24.00.36.59_veh-47_05600_06769,on_pickup_dropoff,881d05074a095240,VEHICLE,5,49,45,45,0,45,44,1,0,1627092766500183,1627092768699660,0,0,45
7ac08b7c991e5b91,2021.07.24.00.36.59_veh-47_05600_06769,on_pickup_dropoff,d1aea2be0a6a5a5f,PEDESTRIAN,5,100,96,96,0,96,95,1,0,1627092766500183,1627092771249837,0,0,96
7ac08b7c991e5b91,2021.07.24.00.36.59_veh-47_05600_06769,on_pickup_dropoff,2cfe9791f09e584d,PEDESTRIAN,5,100,96,96,0,96,95,1,0,1627092766500183,1627092771249837,0,0,96
7ac08b7c991e5b91,2021.07.24.00.36.59_veh-47_05600_06769,on_pickup_dropoff,a92f925fc6b55536,PEDESTRIAN,5,100,96,96,0,96,95,1,0,1627092766500183,1627092771249837,0,0,96
7ac08b7c991e5b91,2021.07.24.00.36.59_veh-47_05600_06769,on_pickup_dropoff,d715f72f9ef85bd8,PEDESTRIAN,8,100,93,93,0,93,92,1,0,1627092766650088,1627092771249837,0,0,93
7ac08b7c991e5b91,2021.07.24.00.36.59_veh-47_05600_06769,on_pickup_dropoff,e3f3d4b0a46158dd,PEDESTRIAN,9,100,92,92,0,92,91,1,0,1627092766700055,1627092771249837,0,0,92
7ac08b7c991e5b91,2021.07.24.00.36.59_veh-47_05600_06769,on_pickup_dropoff,874969f567895c06,GENERIC_OBJECT,10,16,7,7,0,7,6,1,0,1627092766750022,1627092767049854,0,0,7
7ac08b7c991e5b91,2021.07.24.00.36.59_veh-47_05600_06769,on_pickup_dropoff,e5fcbfbc97345b5b,VEHICLE,11,100,90,90,0,90,89,1,0,1627092766799990,1627092771249837,0,0,90
7ac08b7c991e5b91,2021.07.24.00.36.59_veh-47_05600_06769,on_pickup_dropoff,57635cc159015ccf,VEHICLE,11,91,81,81,0,81,80,1,0,1627092766799990,1627092770800121,0,0,81
7ac08b7c991e5b91,2021.07.24.00.36.59_veh-47_05600_06769,on_pickup_dropoff,af4dd8574d695d16,PEDESTRIAN,11,100,90,90,0,90,89,1,0,1627092766799990,1627092771249837,0,3,87
7ac08b7c991e5b91,2021.07.24.00.36.59_veh-47_05600_06769,on_pickup_dropoff,00804a1ef24e5778,PEDESTRIAN,11,100,90,90,0,90,89,1,0,1627092766799990,1627092771249837,0,0,90
7ac08b7c991e5b91,2021.07.24.00.36.59_veh-47_05600_06769,on_pickup_dropoff,2d9fcbf8c0e3505b,GENERIC_OBJECT,12,78,67,67,0,67,66,1,0,1627092766849956,1627092770150386,0,0,67
7ac08b7c991e5b91,2021.07.24.00.36.59_veh-47_05600_06769,on_pickup_dropoff,0b620e77444850a3,PEDESTRIAN,14,100,87,87,0,87,86,1,0,1627092766949893,1627092771249837,0,0,87
7ac08b7c991e5b91,2021.07.24.00.36.59_veh-47_05600_06769,on_pickup_dropoff,837450f96e8b5584,PEDESTRIAN,14,100,87,87,0,87,86,1,0,1627092766949893,1627092771249837,0,0,87
7ac08b7c991e5b91,2021.07.24.00.36.59_veh-47_05600_06769,on_pickup_dropoff,c9077f47fec3579e,PEDESTRIAN,14,100,87,87,0,87,86,1,0,1627092766949893,1627092771249837,0,0,87
7ac08b7c991e5b91,2021.07.24.00.36.59_veh-47_05600_06769,on_pickup_dropoff,459d2565a5ea5231,PEDESTRIAN,15,100,86,86,0,86,85,1,0,1627092766999869,1627092771249837,0,33,53
7ac08b7c991e5b91,2021.07.24.00.36.59_veh-47_05600_06769,on_pickup_dropoff,eb46f2aa810d5586,PEDESTRIAN,15,100,86,86,0,86,85,1,0,1627092766999869,1627092771249837,0,56,30
7ac08b7c991e5b91,2021.07.24.00.36.59_veh-47_05600_06769,on_pickup_dropoff,a5f004d517a1536e,VEHICLE,16,100,85,85,0,85,84,1,0,1627092767049854,1627092771249837,0,0,85
7ac08b7c991e5b91,2021.07.24.00.36.59_veh-47_05600_06769,on_pickup_dropoff,85d9608e926451b8,VEHICLE,17,100,84,84,0,84,83,1,0,1627092767099841,1627092771249837,0,0,84
7ac08b7c991e5b91,2021.07.24.00.36.59_veh-47_05600_06769,on_pickup_dropoff,174b0e56b1ba5fca,PEDESTRIAN,18,100,83,83,0,83,82,1,0,1627092767149831,1627092771249837,0,24,59
7ac08b7c991e5b91,2021.07.24.00.36.59_veh-47_05600_06769,on_pickup_dropoff,8d08850fb44756f9,PEDESTRIAN,18,100,83,83,0,83,82,1,0,1627092767149831,1627092771249837,0,0,83
7ac08b7c991e5b91,2021.07.24.00.36.59_veh-47_05600_06769,on_pickup_dropoff,8d85fc4a17325d7f,GENERIC_OBJECT,18,100,83,83,0,83,82,1,0,1627092767149831,1627092771249837,1,19,63
7ac08b7c991e5b91,2021.07.24.00.36.59_veh-47_05600_06769,on_pickup_dropoff,7f9b1cf22f785896,GENERIC_OBJECT,18,51,34,34,0,34,33,1,0,1627092767149831,1627092768799710,0,0,34
7ac08b7c991e5b91,2021.07.24.00.36.59_veh-47_05600_06769,on_pickup_dropoff,2cadd8d1c76952e4,PEDESTRIAN,20,100,81,81,0,81,80,1,0,1627092767249812,1627092771249837,0,25,56
7ac08b7c991e5b91,2021.07.24.00.36.59_veh-47_05600_06769,on_pickup_dropoff,b014fa03a03b578d,GENERIC_OBJECT,21,100,80,80,0,80,79,1,0,1627092767299802,1627092771249837,0,0,80
7ac08b7c991e5b91,2021.07.24.00.36.59_veh-47_05600_06769,on_pickup_dropoff,9b3aa709922d55d5,PEDESTRIAN,22,70,49,49,0,49,48,1,0,1627092767349790,1627092769750209,0,0,49
7ac08b7c991e5b91,2021.07.24.00.36.59_veh-47_05600_06769,on_pickup_dropoff,284bc777f9d45c23,PEDESTRIAN,23,100,78,78,0,78,77,1,0,1627092767399778,1627092771249837,0,0,78
7ac08b7c991e5b91,2021.07.24.00.36.59_veh-47_05600_06769,on_pickup_dropoff,01450129adba580b,PEDESTRIAN,23,100,78,78,0,78,77,1,0,1627092767399778,1627092771249837,0,63,15
7ac08b7c991e5b91,2021.07.24.00.36.59_veh-47_05600_06769,on_pickup_dropoff,f62fdced17e25182,PEDESTRIAN,24,100,77,77,0,77,76,1,0,1627092767449767,1627092771249837,0,0,77
7ac08b7c991e5b91,2021.07.24.00.36.59_veh-47_05600_06769,on_pickup_dropoff,175290ecb5785c7d,PEDESTRIAN,24,85,62,62,0,62,61,1,0,1627092767449767,1627092770500279,0,0,62
7ac08b7c991e5b91,2021.07.24.00.36.59_veh-47_05600_06769,on_pickup_dropoff,31d7b47040ca56ef,PEDESTRIAN,26,100,75,75,0,75,74,1,0,1627092767549756,1627092771249837,0,0,75
7ac08b7c991e5b91,2021.07.24.00.36.59_veh-47_05600_06769,on_pickup_dropoff,321ea9bcd0a25ffb,PEDESTRIAN,27,90,64,64,0,64,63,1,0,1627092767599751,1627092770750148,0,0,64
7ac08b7c991e5b91,2021.07.24.00.36.59_veh-47_05600_06769,on_pickup_dropoff,d6210db472485f7a,PEDESTRIAN,27,100,74,74,0,74,73,1,0,1627092767599751,1627092771249837,0,0,74
7ac08b7c991e5b91,2021.07.24.00.36.59_veh-47_05600_06769,on_pickup_dropoff,b7e654c7dff157e1,PEDESTRIAN,27,100,74,74,0,74,73,1,0,1627092767599751,1627092771249837,0,0,74
7ac08b7c991e5b91,2021.07.24.00.36.59_veh-47_05600_06769,on_pickup_dropoff,a22ad843b40e523d,PEDESTRIAN,28,49,22,22,0,22,21,1,0,1627092767649746,1627092768699660,0,0,22
7ac08b7c991e5b91,2021.07.24.00.36.59_veh-47_05600_06769,on_pickup_dropoff,98353f35e602543a,PEDESTRIAN,28,100,73,73,0,73,72,1,0,1627092767649746,1627092771249837,0,0,73
7ac08b7c991e5b91,2021.07.24.00.36.59_veh-47_05600_06769,on_pickup_dropoff,09ec92ceec0253a3,PEDESTRIAN,29,57,29,29,0,29,28,1,0,1627092767699742,1627092769099876,0,0,29
7ac08b7c991e5b91,2021.07.24.00.36.59_veh-47_05600_06769,on_pickup_dropoff,96adb305fab15761,PEDESTRIAN,29,100,72,72,0,72,71,1,0,1627092767699742,1627092771249837,0,0,72
7ac08b7c991e5b91,2021.07.24.00.36.59_veh-47_05600_06769,on_pickup_dropoff,c89747f66e8f533e,VEHICLE,30,100,71,71,0,71,70,1,0,1627092767749737,1627092771249837,0,0,71
7ac08b7c991e5b91,2021.07.24.00.36.59_veh-47_05600_06769,on_pickup_dropoff,6ad6fc349a405fb1,PEDESTRIAN,30,100,71,71,0,71,70,1,0,1627092767749737,1627092771249837,0,0,71
7ac08b7c991e5b91,2021.07.24.00.36.59_veh-47_05600_06769,on_pickup_dropoff,f882d819ae0058a6,PEDESTRIAN,30,100,71,71,0,71,70,1,0,1627092767749737,1627092771249837,0,0,71
7ac08b7c991e5b91,2021.07.24.00.36.59_veh-47_05600_06769,on_pickup_dropoff,bb0b86fbb0a65952,TRAFFIC_CONE,30,83,54,54,0,54,53,1,0,1627092767749737,1627092770400327,0,0,54
7ac08b7c991e5b91,2021.07.24.00.36.59_veh-47_05600_06769,on_pickup_dropoff,72244948c0115c2f,PEDESTRIAN,31,73,43,43,0,43,42,1,0,1627092767799732,1627092769900292,0,0,43
7ac08b7c991e5b91,2021.07.24.00.36.59_veh-47_05600_06769,on_pickup_dropoff,5d47c43e0d91545f,GENERIC_OBJECT,31,100,70,70,0,70,69,1,0,1627092767799732,1627092771249837,0,5,65
7ac08b7c991e5b91,2021.07.24.00.36.59_veh-47_05600_06769,on_pickup_dropoff,26060db836d35783,GENERIC_OBJECT,31,100,70,70,0,70,69,1,0,1627092767799732,1627092771249837,0,19,51
7ac08b7c991e5b91,2021.07.24.00.36.59_veh-47_05600_06769,on_pickup_dropoff,1eef908f773f5547,GENERIC_OBJECT,33,100,68,68,0,68,67,1,0,1627092767899720,1627092771249837,0,50,18
7ac08b7c991e5b91,2021.07.24.00.36.59_veh-47_05600_06769,on_pickup_dropoff,cc42edd9678c5e7a,PEDESTRIAN,34,80,47,47,0,47,46,1,0,1627092767949712,1627092770250381,0,0,47
7ac08b7c991e5b91,2021.07.24.00.36.59_veh-47_05600_06769,on_pickup_dropoff,f705d4abcf1c5865,PEDESTRIAN,34,87,54,54,0,54,53,1,0,1627092767949712,1627092770600229,0,0,54
7ac08b7c991e5b91,2021.07.24.00.36.59_veh-47_05600_06769,on_pickup_dropoff,2775a52708eb5cec,PEDESTRIAN,34,51,18,18,0,18,17,1,0,1627092767949712,1627092768799710,0,0,18
7ac08b7c991e5b91,2021.07.24.00.36.59_veh-47_05600_06769,on_pickup_dropoff,6c8dfb8f7d4950c6,PEDESTRIAN,35,100,66,66,0,66,65,1,0,1627092767999705,1627092771249837,0,0,66
7ac08b7c991e5b91,2021.07.24.00.36.59_veh-47_05600_06769,on_pickup_dropoff,405eea882292521d,PEDESTRIAN,36,100,65,65,0,65,64,1,0,1627092768049698,1627092771249837,0,0,65
7ac08b7c991e5b91,2021.07.24.00.36.59_veh-47_05600_06769,on_pickup_dropoff,315c111d44995474,PEDESTRIAN,37,92,56,56,0,56,55,1,0,1627092768099692,1627092770850088,0,0,56
7ac08b7c991e5b91,2021.07.24.00.36.59_veh-47_05600_06769,on_pickup_dropoff,fcb5a42483145430,PEDESTRIAN,37,100,64,64,0,64,63,1,0,1627092768099692,1627092771249837,0,0,64
7ac08b7c991e5b91,2021.07.24.00.36.59_veh-47_05600_06769,on_pickup_dropoff,9c4ca74774225046,PEDESTRIAN,38,100,63,63,0,63,62,1,0,1627092768149687,1627092771249837,0,0,63
7ac08b7c991e5b91,2021.07.24.00.36.59_veh-47_05600_06769,on_pickup_dropoff,7783fbf944015896,GENERIC_OBJECT,38,100,63,63,0,63,62,1,0,1627092768149687,1627092771249837,0,0,63
7ac08b7c991e5b91,2021.07.24.00.36.59_veh-47_05600_06769,on_pickup_dropoff,a22eea4ed6f3534e,GENERIC_OBJECT,38,100,63,63,0,63,62,1,0,1627092768149687,1627092771249837,0,0,63
7ac08b7c991e5b91,2021.07.24.00.36.59_veh-47_05600_06769,on_pickup_dropoff,6bf1e7e139cb5155,PEDESTRIAN,39,100,62,62,0,62,61,1,0,1627092768199682,1627092771249837,0,0,62
7ac08b7c991e5b91,2021.07.24.00.36.59_veh-47_05600_06769,on_pickup_dropoff,83fab1e7c2725a86,PEDESTRIAN,39,100,62,62,0,62,61,1,0,1627092768199682,1627092771249837,0,0,62
7ac08b7c991e5b91,2021.07.24.00.36.59_veh-47_05600_06769,on_pickup_dropoff,a5e6903c65955eb5,GENERIC_OBJECT,39,50,12,12,0,12,11,1,0,1627092768199682,1627092768749684,0,0,12
7ac08b7c991e5b91,2021.07.24.00.36.59_veh-47_05600_06769,on_pickup_dropoff,7e4f436f56aa5917,GENERIC_OBJECT,39,51,13,13,0,13,12,1,0,1627092768199682,1627092768799710,0,0,13
7ac08b7c991e5b91,2021.07.24.00.36.59_veh-47_05600_06769,on_pickup_dropoff,a719dbf91a1857d7,GENERIC_OBJECT,39,100,62,62,0,62,61,1,0,1627092768199682,1627092771249837,0,0,62
7ac08b7c991e5b91,2021.07.24.00.36.59_veh-47_05600_06769,on_pickup_dropoff,50d8558a656e58de,PEDESTRIAN,40,100,61,61,0,61,60,1,0,1627092768249678,1627092771249837,0,0,61
7ac08b7c991e5b91,2021.07.24.00.36.59_veh-47_05600_06769,on_pickup_dropoff,9ed69c2094415f54,PEDESTRIAN,40,100,61,61,0,61,60,1,0,1627092768249678,1627092771249837,0,0,61
7ac08b7c991e5b91,2021.07.24.00.36.59_veh-47_05600_06769,on_pickup_dropoff,0dcf39f891575a69,PEDESTRIAN,40,100,61,61,0,61,60,1,0,1627092768249678,1627092771249837,0,0,61
7ac08b7c991e5b91,2021.07.24.00.36.59_veh-47_05600_06769,on_pickup_dropoff,c8074e5b14bb5b71,BICYCLE,40,100,61,61,0,61,60,1,0,1627092768249678,1627092771249837,0,0,0
7ac08b7c991e5b91,2021.07.24.00.36.59_veh-47_05600_06769,on_pickup_dropoff,efae46c2d816559c,GENERIC_OBJECT,40,52,13,13,0,13,12,1,0,1627092768249678,1627092768849739,0,0,13
7ac08b7c991e5b91,2021.07.24.00.36.59_veh-47_05600_06769,on_pickup_dropoff,ae16fb2ef4aa5b59,PEDESTRIAN,41,100,60,60,0,60,59,1,0,1627092768299672,1627092771249837,0,0,60
7ac08b7c991e5b91,2021.07.24.00.36.59_veh-47_05600_06769,on_pickup_dropoff,c78db22bfc02569d,PEDESTRIAN,41,100,60,60,0,60,59,1,0,1627092768299672,1627092771249837,0,0,60
7ac08b7c991e5b91,2021.07.24.00.36.59_veh-47_05600_06769,on_pickup_dropoff,6fea425650b9592e,GENERIC_OBJECT,41,54,14,14,0,14,13,1,0,1627092768299672,1627092768949793,0,0,14
7ac08b7c991e5b91,2021.07.24.00.36.59_veh-47_05600_06769,on_pickup_dropoff,38da4cf8bff35f8d,GENERIC_OBJECT,41,100,60,60,0,60,59,1,0,1627092768299672,1627092771249837,0,0,60
7ac08b7c991e5b91,2021.07.24.00.36.59_veh-47_05600_06769,on_pickup_dropoff,468fe24a0ca25983,PEDESTRIAN,42,100,59,59,0,59,58,1,0,1627092768349662,1627092771249837,0,0,59
7ac08b7c991e5b91,2021.07.24.00.36.59_veh-47_05600_06769,on_pickup_dropoff,f8e02513a5c458ed,GENERIC_OBJECT,42,50,9,9,0,9,8,1,0,1627092768349662,1627092768749684,0,0,9
7ac08b7c991e5b91,2021.07.24.00.36.59_veh-47_05600_06769,on_pickup_dropoff,99e99458b6f35ce4,GENERIC_OBJECT,42,46,5,5,0,5,4,1,0,1627092768349662,1627092768549627,0,0,5
7ac08b7c991e5b91,2021.07.24.00.36.59_veh-47_05600_06769,on_pickup_dropoff,eaf0447e0afb5807,TRAFFIC_CONE,43,100,58,58,0,58,57,1,0,1627092768399652,1627092771249837,0,16,42
7ac08b7c991e5b91,2021.07.24.00.36.59_veh-47_05600_06769,on_pickup_dropoff,6417b9892f395ec1,GENERIC_OBJECT,43,49,7,7,0,7,6,1,0,1627092768399652,1627092768699660,0,0,7
7ac08b7c991e5b91,2021.07.24.00.36.59_veh-47_05600_06769,on_pickup_dropoff,87a4976252905cd4,GENERIC_OBJECT,43,83,41,41,0,41,40,1,0,1627092768399652,1627092770400327,0,0,41
7ac08b7c991e5b91,2021.07.24.00.36.59_veh-47_05600_06769,on_pickup_dropoff,843e1a1ff3f45623,PEDESTRIAN,44,100,57,57,0,57,56,1,0,1627092768449640,1627092771249837,0,0,57
7ac08b7c991e5b91,2021.07.24.00.36.59_veh-47_05600_06769,on_pickup_dropoff,035f128bb19d579b,GENERIC_OBJECT,44,100,57,57,0,57,56,1,0,1627092768449640,1627092771249837,0,0,57
7ac08b7c991e5b91,2021.07.24.00.36.59_veh-47_05600_06769,on_pickup_dropoff,9d6df1c854fc5217,PEDESTRIAN,45,100,56,56,0,56,55,1,0,1627092768499632,1627092771249837,0,0,56
7ac08b7c991e5b91,2021.07.24.00.36.59_veh-47_05600_06769,on_pickup_dropoff,b9c9af810a5e5ef6,PEDESTRIAN,45,100,56,56,0,56,55,1,0,1627092768499632,1627092771249837,0,0,56
7ac08b7c991e5b91,2021.07.24.00.36.59_veh-47_05600_06769,on_pickup_dropoff,313e93cdaff35fa8,PEDESTRIAN,45,100,56,56,0,56,55,1,0,1627092768499632,1627092771249837,0,0,56
7ac08b7c991e5b91,2021.07.24.00.36.59_veh-47_05600_06769,on_pickup_dropoff,273f2d0d14545299,PEDESTRIAN,45,100,56,56,0,56,55,1,0,1627092768499632,1627092771249837,0,0,56
7ac08b7c991e5b91,2021.07.24.00.36.59_veh-47_05600_06769,on_pickup_dropoff,771ef981aa7f5fe3,TRAFFIC_CONE,45,67,23,23,0,23,22,1,0,1627092768499632,1627092769600137,0,0,23
7ac08b7c991e5b91,2021.07.24.00.36.59_veh-47_05600_06769,on_pickup_dropoff,b5f90297785c576e,PEDESTRIAN,46,100,55,55,0,55,54,1,0,1627092768549627,1627092771249837,0,0,55
7ac08b7c991e5b91,2021.07.24.00.36.59_veh-47_05600_06769,on_pickup_dropoff,fad6337287915bc8,GENERIC_OBJECT,46,100,55,55,0,55,54,1,0,1627092768549627,1627092771249837,0,0,55
7ac08b7c991e5b91,2021.07.24.00.36.59_veh-47_05600_06769,on_pickup_dropoff,92e9d24c1ef255fa,TRAFFIC_CONE,47,100,54,54,0,54,53,1,0,1627092768599630,1627092771249837,0,17,37
7ac08b7c991e5b91,2021.07.24.00.36.59_veh-47_05600_06769,on_pickup_dropoff,d35a63d677d8538e,GENERIC_OBJECT,47,100,54,54,0,54,53,1,0,1627092768599630,1627092771249837,0,0,54
7ac08b7c991e5b91,2021.07.24.00.36.59_veh-47_05600_06769,on_pickup_dropoff,4748c6b0b69c54df,PEDESTRIAN,49,100,52,52,0,52,51,1,0,1627092768699660,1627092771249837,0,0,52
7ac08b7c991e5b91,2021.07.24.00.36.59_veh-47_05600_06769,on_pickup_dropoff,dfc16929167451fc,VEHICLE,50,100,51,51,0,51,50,1,0,1627092768749684,1627092771249837,0,0,51
7ac08b7c991e5b91,2021.07.24.00.36.59_veh-47_05600_06769,on_pickup_dropoff,bac7ba87363d59c2,PEDESTRIAN,50,100,51,51,0,51,50,1,0,1627092768749684,1627092771249837,0,0,51
7ac08b7c991e5b91,2021.07.24.00.36.59_veh-47_05600_06769,on_pickup_dropoff,f27abd5e2daa5254,PEDESTRIAN,50,100,51,51,0,51,50,1,0,1627092768749684,1627092771249837,0,0,51
7ac08b7c991e5b91,2021.07.24.00.36.59_veh-47_05600_06769,on_pickup_dropoff,e816e3a3b94c57f9,PEDESTRIAN,50,100,51,51,0,51,50,1,0,1627092768749684,1627092771249837,0,0,51
7ac08b7c991e5b91,2021.07.24.00.36.59_veh-47_05600_06769,on_pickup_dropoff,10d95ce2ec3553e2,GENERIC_OBJECT,50,100,51,51,0,51,50,1,0,1627092768749684,1627092771249837,0,0,51
7ac08b7c991e5b91,2021.07.24.00.36.59_veh-47_05600_06769,on_pickup_dropoff,48a67a910bb95249,VEHICLE,51,100,50,50,0,50,49,1,0,1627092768799710,1627092771249837,50,0,0
7ac08b7c991e5b91,2021.07.24.00.36.59_veh-47_05600_06769,on_pickup_dropoff,9a2486090f5b58cd,PEDESTRIAN,52,100,49,49,0,49,48,1,0,1627092768849739,1627092771249837,0,0,49
7ac08b7c991e5b91,2021.07.24.00.36.59_veh-47_05600_06769,on_pickup_dropoff,ac19b85955355d7b,PEDESTRIAN,52,100,49,49,0,49,48,1,0,1627092768849739,1627092771249837,0,0,49
7ac08b7c991e5b91,2021.07.24.00.36.59_veh-47_05600_06769,on_pickup_dropoff,272f6107bee75cd2,PEDESTRIAN,53,100,48,48,0,48,47,1,0,1627092768899765,1627092771249837,0,0,48
7ac08b7c991e5b91,2021.07.24.00.36.59_veh-47_05600_06769,on_pickup_dropoff,2f2ef8ac485d500d,GENERIC_OBJECT,53,100,48,48,0,48,47,1,0,1627092768899765,1627092771249837,0,12,36
7ac08b7c991e5b91,2021.07.24.00.36.59_veh-47_05600_06769,on_pickup_dropoff,100ed788553757e0,GENERIC_OBJECT,53,77,25,25,0,25,24,1,0,1627092768899765,1627092770100377,0,0,25
7ac08b7c991e5b91,2021.07.24.00.36.59_veh-47_05600_06769,on_pickup_dropoff,e4918bdd24335bd2,VEHICLE,54,100,47,47,0,47,46,1,0,1627092768949793,1627092771249837,0,0,47
7ac08b7c991e5b91,2021.07.24.00.36.59_veh-47_05600_06769,on_pickup_dropoff,6e2119b579a25a2d,VEHICLE,54,97,44,44,0,44,43,1,0,1627092768949793,1627092771099925,0,0,44
7ac08b7c991e5b91,2021.07.24.00.36.59_veh-47_05600_06769,on_pickup_dropoff,940e8f13961656ea,PEDESTRIAN,54,90,37,37,0,37,36,1,0,1627092768949793,1627092770750148,0,0,37
7ac08b7c991e5b91,2021.07.24.00.36.59_veh-47_05600_06769,on_pickup_dropoff,2b59ea323878520c,PEDESTRIAN,54,91,38,38,0,38,37,1,0,1627092768949793,1627092770800121,0,0,38
7ac08b7c991e5b91,2021.07.24.00.36.59_veh-47_05600_06769,on_pickup_dropoff,821780316ffb5aa5,VEHICLE,55,100,46,46,0,46,45,1,0,1627092768999821,1627092771249837,1,0,45
7ac08b7c991e5b91,2021.07.24.00.36.59_veh-47_05600_06769,on_pickup_dropoff,79a4750930fa52b6,PEDESTRIAN,55,100,46,46,0,46,45,1,0,1627092768999821,1627092771249837,0,0,46
7ac08b7c991e5b91,2021.07.24.00.36.59_veh-47_05600_06769,on_pickup_dropoff,d07894bb1b255428,GENERIC_OBJECT,55,81,27,27,0,27,26,1,0,1627092768999821,1627092770300366,0,0,27
7ac08b7c991e5b91,2021.07.24.00.36.59_veh-47_05600_06769,on_pickup_dropoff,1b56b0aec3c95414,VEHICLE,57,66,10,10,0,10,9,1,0,1627092769099876,1627092769550114,0,0,10
7ac08b7c991e5b91,2021.07.24.00.36.59_veh-47_05600_06769,on_pickup_dropoff,ff438ce8c5a05110,GENERIC_OBJECT,57,100,44,44,0,44,43,1,0,1627092769099876,1627092771249837,0,0,44
7ac08b7c991e5b91,2021.07.24.00.36.59_veh-47_05600_06769,on_pickup_dropoff,c8d99c25b9535501,PEDESTRIAN,58,100,43,43,0,43,42,1,0,1627092769149903,1627092771249837,0,0,43
7ac08b7c991e5b91,2021.07.24.00.36.59_veh-47_05600_06769,on_pickup_dropoff,01a72fde2d0758a2,GENERIC_OBJECT,58,100,43,43,0,43,42,1,0,1627092769149903,1627092771249837,0,10,33
7ac08b7c991e5b91,2021.07.24.00.36.59_veh-47_05600_06769,on_pickup_dropoff,68e486ea87d75777,PEDESTRIAN,59,100,42,42,0,42,41,1,0,1627092769199930,1627092771249837,0,0,42
7ac08b7c991e5b91,2021.07.24.00.36.59_veh-47_05600_06769,on_pickup_dropoff,f1d1bc06f2a05ef2,PEDESTRIAN,60,100,41,41,0,41,40,1,0,1627092769249954,1627092771249837,0,0,41
7ac08b7c991e5b91,2021.07.24.00.36.59_veh-47_05600_06769,on_pickup_dropoff,2af0b91945625896,VEHICLE,61,100,40,40,0,40,39,1,0,1627092769299980,1627092771249837,0,0,40
7ac08b7c991e5b91,2021.07.24.00.36.59_veh-47_05600_06769,on_pickup_dropoff,c8fd1c3e153151f0,VEHICLE,61,80,20,20,0,20,19,1,0,1627092769299980,1627092770250381,0,0,20
7ac08b7c991e5b91,2021.07.24.00.36.59_veh-47_05600_06769,on_pickup_dropoff,6b2c6c8f873650d4,GENERIC_OBJECT,61,97,37,37,0,37,36,1,0,1627092769299980,1627092771099925,0,0,37
7ac08b7c991e5b91,2021.07.24.00.36.59_veh-47_05600_06769,on_pickup_dropoff,f868da73aabe564c,PEDESTRIAN,62,100,39,39,0,39,38,1,0,1627092769350007,1627092771249837,0,37,2
7ac08b7c991e5b91,2021.07.24.00.36.59_veh-47_05600_06769,on_pickup_dropoff,185b4860bdae5a94,PEDESTRIAN,62,100,39,39,0,39,38,1,0,1627092769350007,1627092771249837,0,0,39
7ac08b7c991e5b91,2021.07.24.00.36.59_veh-47_05600_06769,on_pickup_dropoff,2121224090515681,PEDESTRIAN,63,100,38,38,0,38,37,1,0,1627092769400035,1627092771249837,0,0,38
7ac08b7c991e5b91,2021.07.24.00.36.59_veh-47_05600_06769,on_pickup_dropoff,1b5548f9fe855e07,PEDESTRIAN,64,100,37,37,0,37,36,1,0,1627092769450063,1627092771249837,0,0,37
7ac08b7c991e5b91,2021.07.24.00.36.59_veh-47_05600_06769,on_pickup_dropoff,4c0c76e706e7531d,PEDESTRIAN,66,100,35,35,0,35,34,1,0,1627092769550114,1627092771249837,35,0,0
7ac08b7c991e5b91,2021.07.24.00.36.59_veh-47_05600_06769,on_pickup_dropoff,ee99949c71535d8d,PEDESTRIAN,66,100,35,35,0,35,34,1,0,1627092769550114,1627092771249837,0,0,35
7ac08b7c991e5b91,2021.07.24.00.36.59_veh-47_05600_06769,on_pickup_dropoff,5da0d59de3fe5c2d,GENERIC_OBJECT,66,100,35,35,0,35,34,1,0,1627092769550114,1627092771249837,0,0,35
7ac08b7c991e5b91,2021.07.24.00.36.59_veh-47_05600_06769,on_pickup_dropoff,97ac3d4904e65024,GENERIC_OBJECT,66,88,23,23,0,23,22,1,0,1627092769550114,1627092770650203,0,0,23
7ac08b7c991e5b91,2021.07.24.00.36.59_veh-47_05600_06769,on_pickup_dropoff,5d0820b4f81f53d6,PEDESTRIAN,67,100,34,34,0,34,33,1,0,1627092769600137,1627092771249837,0,0,34
7ac08b7c991e5b91,2021.07.24.00.36.59_veh-47_05600_06769,on_pickup_dropoff,d40c5713d5ec506a,VEHICLE,68,100,33,33,0,33,32,1,0,1627092769650159,1627092771249837,33,0,0
7ac08b7c991e5b91,2021.07.24.00.36.59_veh-47_05600_06769,on_pickup_dropoff,18173c971d6552d9,PEDESTRIAN,69,100,32,32,0,32,31,1,0,1627092769700183,1627092771249837,0,0,32
7ac08b7c991e5b91,2021.07.24.00.36.59_veh-47_05600_06769,on_pickup_dropoff,82dccf4a6ecb5d72,PEDESTRIAN,70,88,19,19,0,19,18,1,0,1627092769750209,1627092770650203,0,19,0
7ac08b7c991e5b91,2021.07.24.00.36.59_veh-47_05600_06769,on_pickup_dropoff,d177a4c4bb3755bc,GENERIC_OBJECT,70,100,31,31,0,31,30,1,0,1627092769750209,1627092771249837,0,0,31
7ac08b7c991e5b91,2021.07.24.00.36.59_veh-47_05600_06769,on_pickup_dropoff,be3d0b243c7d524d,GENERIC_OBJECT,70,100,31,31,0,31,30,1,0,1627092769750209,1627092771249837,0,0,31
7ac08b7c991e5b91,2021.07.24.00.36.59_veh-47_05600_06769,on_pickup_dropoff,e668703d75175a5c,GENERIC_OBJECT,70,83,14,14,0,14,13,1,0,1627092769750209,1627092770400327,0,0,14
7ac08b7c991e5b91,2021.07.24.00.36.59_veh-47_05600_06769,on_pickup_dropoff,1060ab359d0a592b,PEDESTRIAN,71,100,30,30,0,30,29,1,0,1627092769800237,1627092771249837,0,0,30
7ac08b7c991e5b91,2021.07.24.00.36.59_veh-47_05600_06769,on_pickup_dropoff,468af89f9ec65ff8,PEDESTRIAN,71,100,30,30,0,30,29,1,0,1627092769800237,1627092771249837,0,0,30
7ac08b7c991e5b91,2021.07.24.00.36.59_veh-47_05600_06769,on_pickup_dropoff,d99a30f9cc145b89,GENERIC_OBJECT,71,100,30,30,0,30,29,1,0,1627092769800237,1627092771249837,0,0,30
7ac08b7c991e5b91,2021.07.24.00.36.59_veh-47_05600_06769,on_pickup_dropoff,01d62dc5d3185f52,PEDESTRIAN,72,100,29,29,0,29,28,1,0,1627092769850266,1627092771249837,0,0,29
7ac08b7c991e5b91,2021.07.24.00.36.59_veh-47_05600_06769,on_pickup_dropoff,a9e41e56ecd054d5,PEDESTRIAN,72,91,20,20,0,20,19,1,0,1627092769850266,1627092770800121,0,0,20
7ac08b7c991e5b91,2021.07.24.00.36.59_veh-47_05600_06769,on_pickup_dropoff,83953559983055b3,GENERIC_OBJECT,73,100,28,28,0,28,27,1,0,1627092769900292,1627092771249837,0,0,28
7ac08b7c991e5b91,2021.07.24.00.36.59_veh-47_05600_06769,on_pickup_dropoff,6aea4c48ea245c1c,PEDESTRIAN,74,100,27,27,0,27,26,1,0,1627092769950317,1627092771249837,0,0,27
7ac08b7c991e5b91,2021.07.24.00.36.59_veh-47_05600_06769,on_pickup_dropoff,9cf9f593dd8f5ca1,PEDESTRIAN,75,100,26,26,0,26,25,1,0,1627092770000340,1627092771249837,26,0,0
7ac08b7c991e5b91,2021.07.24.00.36.59_veh-47_05600_06769,on_pickup_dropoff,c5d78ef6a9b45881,GENERIC_OBJECT,75,88,14,14,0,14,13,1,0,1627092770000340,1627092770650203,0,0,14
7ac08b7c991e5b91,2021.07.24.00.36.59_veh-47_05600_06769,on_pickup_dropoff,39b1b8cb72e3514c,GENERIC_OBJECT,75,100,26,26,0,26,25,1,0,1627092770000340,1627092771249837,0,13,13
7ac08b7c991e5b91,2021.07.24.00.36.59_veh-47_05600_06769,on_pickup_dropoff,0e598ceccef85420,GENERIC_OBJECT,75,100,26,26,0,26,25,1,0,1627092770000340,1627092771249837,0,8,18
7ac08b7c991e5b91,2021.07.24.00.36.59_veh-47_05600_06769,on_pickup_dropoff,e56a83e251ac52a3,PEDESTRIAN,76,100,25,25,0,25,24,1,0,1627092770050361,1627092771249837,0,0,25
7ac08b7c991e5b91,2021.07.24.00.36.59_veh-47_05600_06769,on_pickup_dropoff,8b0cf3c506805921,PEDESTRIAN,77,100,24,24,0,24,23,1,0,1627092770100377,1627092771249837,0,0,24
7ac08b7c991e5b91,2021.07.24.00.36.59_veh-47_05600_06769,on_pickup_dropoff,db9e5d1563a55e69,VEHICLE,78,100,23,23,0,23,22,1,0,1627092770150386,1627092771249837,0,0,23
7ac08b7c991e5b91,2021.07.24.00.36.59_veh-47_05600_06769,on_pickup_dropoff,938e518b9c295a42,VEHICLE,79,92,14,14,0,14,13,1,0,1627092770200388,1627092770850088,0,0,14
7ac08b7c991e5b91,2021.07.24.00.36.59_veh-47_05600_06769,on_pickup_dropoff,91abf43730d55f85,VEHICLE,81,100,20,20,0,20,19,1,0,1627092770300366,1627092771249837,0,0,20
7ac08b7c991e5b91,2021.07.24.00.36.59_veh-47_05600_06769,on_pickup_dropoff,a4dc727aabb55605,PEDESTRIAN,81,100,20,20,0,20,19,1,0,1627092770300366,1627092771249837,0,0,20
7ac08b7c991e5b91,2021.07.24.00.36.59_veh-47_05600_06769,on_pickup_dropoff,ddb4192b8a0a51bc,PEDESTRIAN,82,100,19,19,0,19,18,1,0,1627092770350348,1627092771249837,0,0,19
7ac08b7c991e5b91,2021.07.24.00.36.59_veh-47_05600_06769,on_pickup_dropoff,f6c79b409a5f52e3,PEDESTRIAN,82,100,19,19,0,19,18,1,0,1627092770350348,1627092771249837,0,0,19
7ac08b7c991e5b91,2021.07.24.00.36.59_veh-47_05600_06769,on_pickup_dropoff,560b4203b2bc59fa,PEDESTRIAN,82,100,19,19,0,19,18,1,0,1627092770350348,1627092771249837,0,0,19
7ac08b7c991e5b91,2021.07.24.00.36.59_veh-47_05600_06769,on_pickup_dropoff,6e6e90970bc35957,GENERIC_OBJECT,82,100,19,19,0,19,18,1,0,1627092770350348,1627092771249837,0,0,19
7ac08b7c991e5b91,2021.07.24.00.36.59_veh-47_05600_06769,on_pickup_dropoff,8b4f556de9da5499,PEDESTRIAN,83,100,18,18,0,18,17,1,0,1627092770400327,1627092771249837,0,0,18
7ac08b7c991e5b91,2021.07.24.00.36.59_veh-47_05600_06769,on_pickup_dropoff,bbbd02596ecc50f1,PEDESTRIAN,83,100,18,18,0,18,17,1,0,1627092770400327,1627092771249837,0,0,18
7ac08b7c991e5b91,2021.07.24.00.36.59_veh-47_05600_06769,on_pickup_dropoff,6c2cfdb1a83f5fdb,GENERIC_OBJECT,83,100,18,18,0,18,17,1,0,1627092770400327,1627092771249837,0,0,18
7ac08b7c991e5b91,2021.07.24.00.36.59_veh-47_05600_06769,on_pickup_dropoff,e32f9befe6765817,PEDESTRIAN,84,100,17,17,0,17,16,1,0,1627092770450303,1627092771249837,0,0,17
7ac08b7c991e5b91,2021.07.24.00.36.59_veh-47_05600_06769,on_pickup_dropoff,83d084022e9a5c64,PEDESTRIAN,84,98,15,15,0,15,14,1,0,1627092770450303,1627092771149895,0,15,0
7ac08b7c991e5b91,2021.07.24.00.36.59_veh-47_05600_06769,on_pickup_dropoff,a0e54b5f21ed53c5,PEDESTRIAN,85,100,16,16,0,16,15,1,0,1627092770500279,1627092771249837,0,0,16
7ac08b7c991e5b91,2021.07.24.00.36.59_veh-47_05600_06769,on_pickup_dropoff,4dccd2e40ca15b33,PEDESTRIAN,85,100,16,16,0,16,15,1,0,1627092770500279,1627092771249837,0,0,16
7ac08b7c991e5b91,2021.07.24.00.36.59_veh-47_05600_06769,on_pickup_dropoff,68481e7f53d1523e,PEDESTRIAN,86,100,15,15,0,15,14,1,0,1627092770550254,1627092771249837,0,0,15
7ac08b7c991e5b91,2021.07.24.00.36.59_veh-47_05600_06769,on_pickup_dropoff,fe294e6ff3085e84,PEDESTRIAN,86,100,15,15,0,15,14,1,0,1627092770550254,1627092771249837,0,0,15
7ac08b7c991e5b91,2021.07.24.00.36.59_veh-47_05600_06769,on_pickup_dropoff,c1fb36924f31591a,PEDESTRIAN,86,100,15,15,0,15,14,1,0,1627092770550254,1627092771249837,0,0,15
7ac08b7c991e5b91,2021.07.24.00.36.59_veh-47_05600_06769,on_pickup_dropoff,adee61cad47d5dd7,PEDESTRIAN,86,100,15,15,0,15,14,1,0,1627092770550254,1627092771249837,0,0,15
7ac08b7c991e5b91,2021.07.24.00.36.59_veh-47_05600_06769,on_pickup_dropoff,6de7d61c47e256f8,PEDESTRIAN,87,100,14,14,0,14,13,1,0,1627092770600229,1627092771249837,0,0,14
7ac08b7c991e5b91,2021.07.24.00.36.59_veh-47_05600_06769,on_pickup_dropoff,a7b96410824754e6,PEDESTRIAN,87,100,14,14,0,14,13,1,0,1627092770600229,1627092771249837,0,0,14
7ac08b7c991e5b91,2021.07.24.00.36.59_veh-47_05600_06769,on_pickup_dropoff,2796b207edbe5810,PEDESTRIAN,88,100,13,13,0,13,12,1,0,1627092770650203,1627092771249837,0,0,13
7ac08b7c991e5b91,2021.07.24.00.36.59_veh-47_05600_06769,on_pickup_dropoff,0456d59ca71b581f,PEDESTRIAN,88,100,13,13,0,13,12,1,0,1627092770650203,1627092771249837,0,0,13
7ac08b7c991e5b91,2021.07.24.00.36.59_veh-47_05600_06769,on_pickup_dropoff,51e00cb3f2d15427,PEDESTRIAN,88,100,13,13,0,13,12,1,0,1627092770650203,1627092771249837,0,0,13
7ac08b7c991e5b91,2021.07.24.00.36.59_veh-47_05600_06769,on_pickup_dropoff,9fbf7ccd870d5acf,PEDESTRIAN,88,100,13,13,0,13,12,1,0,1627092770650203,1627092771249837,0,0,13
7ac08b7c991e5b91,2021.07.24.00.36.59_veh-47_05600_06769,on_pickup_dropoff,56f2aa382b9a533c,GENERIC_OBJECT,88,100,13,13,0,13,12,1,0,1627092770650203,1627092771249837,0,0,13
7ac08b7c991e5b91,2021.07.24.00.36.59_veh-47_05600_06769,on_pickup_dropoff,7ab936a035615f36,PEDESTRIAN,89,100,12,12,0,12,11,1,0,1627092770700176,1627092771249837,0,0,12
7ac08b7c991e5b91,2021.07.24.00.36.59_veh-47_05600_06769,on_pickup_dropoff,3beab1de77c2543a,PEDESTRIAN,89,100,12,12,0,12,11,1,0,1627092770700176,1627092771249837,0,0,12
7ac08b7c991e5b91,2021.07.24.00.36.59_veh-47_05600_06769,on_pickup_dropoff,606c2536f1035a8e,PEDESTRIAN,90,100,11,11,0,11,10,1,0,1627092770750148,1627092771249837,0,11,0
7ac08b7c991e5b91,2021.07.24.00.36.59_veh-47_05600_06769,on_pickup_dropoff,6b0deaae80b05a00,PEDESTRIAN,90,100,11,11,0,11,10,1,0,1627092770750148,1627092771249837,0,0,11
7ac08b7c991e5b91,2021.07.24.00.36.59_veh-47_05600_06769,on_pickup_dropoff,3267c5f1f73c515a,PEDESTRIAN,91,100,10,10,0,10,9,1,0,1627092770800121,1627092771249837,0,0,10
7ac08b7c991e5b91,2021.07.24.00.36.59_veh-47_05600_06769,on_pickup_dropoff,bd1c832b45b65e4c,PEDESTRIAN,92,100,9,9,0,9,8,1,0,1627092770850088,1627092771249837,0,0,9
7ac08b7c991e5b91,2021.07.24.00.36.59_veh-47_05600_06769,on_pickup_dropoff,b8b9ee0361605175,PEDESTRIAN,93,100,8,8,0,8,7,1,0,1627092770900056,1627092771249837,0,0,8
7ac08b7c991e5b91,2021.07.24.00.36.59_veh-47_05600_06769,on_pickup_dropoff,29ad89cd246e5c7b,PEDESTRIAN,97,100,4,4,0,4,3,1,0,1627092771099925,1627092771249837,0,0,4
7ac08b7c991e5b91,2021.07.24.00.36.59_veh-47_05600_06769,on_pickup_dropoff,96f0d5f936565582,PEDESTRIAN,98,100,3,3,0,3,2,1,0,1627092771149895,1627092771249837,0,0,3
7ac08b7c991e5b91,2021.07.24.00.36.59_veh-47_05600_06769,on_pickup_dropoff,f659efd9bce85955,PEDESTRIAN,98,100,3,3,0,3,2,1,0,1627092771149895,1627092771249837,0,0,3
7ac08b7c991e5b91,2021.07.24.00.36.59_veh-47_05600_06769,on_pickup_dropoff,d9405b673d815913,PEDESTRIAN,98,100,3,3,0,3,2,1,0,1627092771149895,1627092771249837,0,0,3
7ac08b7c991e5b91,2021.07.24.00.36.59_veh-47_05600_06769,on_pickup_dropoff,5907cadfce0d56e4,VEHICLE,99,100,2,2,0,2,1,1,0,1627092771199865,1627092771249837,0,0,2
7ac08b7c991e5b91,2021.07.24.00.36.59_veh-47_05600_06769,on_pickup_dropoff,8ea3be6be52e5b72,PEDESTRIAN,99,100,2,2,0,2,1,1,0,1627092771199865,1627092771249837,0,0,2
7ac08b7c991e5b91,2021.07.24.00.36.59_veh-47_05600_06769,on_pickup_dropoff,c3c6dc24739f5b4d,PEDESTRIAN,100,100,1,1,0,1,0,1,0,1627092771249837,1627092771249837,0,0,1
133ba37489cb5a19,2021.10.12.19.20.46_veh-28_00644_00868,medium_magnitude_speed,9237a9945dc9566c,VEHICLE,0,100,101,101,0,101,100,1,0,1634067347549869,1634067352549841,15,0,86
133ba37489cb5a19,2021.10.12.19.20.46_veh-28_00644_00868,medium_magnitude_speed,437907b93ba25a64,VEHICLE,0,100,101,101,0,101,100,1,0,1634067347549869,1634067352549841,101,0,0
133ba37489cb5a19,2021.10.12.19.20.46_veh-28_00644_00868,medium_magnitude_speed,b09b05486d62563f,VEHICLE,0,100,101,101,0,101,100,1,0,1634067347549869,1634067352549841,30,0,71
133ba37489cb5a19,2021.10.12.19.20.46_veh-28_00644_00868,medium_magnitude_speed,4699d22192815e65,VEHICLE,0,100,101,101,0,101,100,1,0,1634067347549869,1634067352549841,79,0,22
133ba37489cb5a19,2021.10.12.19.20.46_veh-28_00644_00868,medium_magnitude_speed,b4e5910e6e855644,VEHICLE,0,100,101,101,0,101,100,1,0,1634067347549869,1634067352549841,40,0,61
133ba37489cb5a19,2021.10.12.19.20.46_veh-28_00644_00868,medium_magnitude_speed,d68bd205f7435db3,VEHICLE,0,100,101,101,0,101,100,1,0,1634067347549869,1634067352549841,44,0,57
133ba37489cb5a19,2021.10.12.19.20.46_veh-28_00644_00868,medium_magnitude_speed,6924784f357d57c4,VEHICLE,0,100,101,101,0,101,100,1,0,1634067347549869,1634067352549841,17,0,84
133ba37489cb5a19,2021.10.12.19.20.46_veh-28_00644_00868,medium_magnitude_speed,e8c71c767ba55b6a,VEHICLE,0,100,101,101,0,101,100,1,0,1634067347549869,1634067352549841,14,0,87
133ba37489cb5a19,2021.10.12.19.20.46_veh-28_00644_00868,medium_magnitude_speed,4888850cb4cd56c0,VEHICLE,0,100,101,101,0,101,100,1,0,1634067347549869,1634067352549841,10,0,91
133ba37489cb5a19,2021.10.12.19.20.46_veh-28_00644_00868,medium_magnitude_speed,65061466390a5343,VEHICLE,0,100,101,101,0,101,100,1,0,1634067347549869,1634067352549841,0,0,101
133ba37489cb5a19,2021.10.12.19.20.46_veh-28_00644_00868,medium_magnitude_speed,657bcbba8ba0599f,VEHICLE,0,100,101,101,0,101,100,1,0,1634067347549869,1634067352549841,0,0,101
133ba37489cb5a19,2021.10.12.19.20.46_veh-28_00644_00868,medium_magnitude_speed,478f97a879715707,PEDESTRIAN,0,28,29,29,0,29,28,1,0,1634067347549869,1634067348949941,0,0,29
133ba37489cb5a19,2021.10.12.19.20.46_veh-28_00644_00868,medium_magnitude_speed,5e931ebe364351f5,PEDESTRIAN,0,47,48,48,0,48,47,1,0,1634067347549869,1634067349899810,48,0,0
133ba37489cb5a19,2021.10.12.19.20.46_veh-28_00644_00868,medium_magnitude_speed,c0a665e283f65385,PEDESTRIAN,0,89,90,90,0,90,89,1,0,1634067347549869,1634067351999727,0,0,90
133ba37489cb5a19,2021.10.12.19.20.46_veh-28_00644_00868,medium_magnitude_speed,85cda108d7cb51e3,PEDESTRIAN,0,90,91,91,0,91,90,1,0,1634067347549869,1634067352049716,12,0,79
133ba37489cb5a19,2021.10.12.19.20.46_veh-28_00644_00868,medium_magnitude_speed,b42728214eab55aa,PEDESTRIAN,0,99,100,100,0,100,99,1,0,1634067347549869,1634067352499813,0,0,100
133ba37489cb5a19,2021.10.12.19.20.46_veh-28_00644_00868,medium_magnitude_speed,f59ace50ed3b558f,PEDESTRIAN,0,20,21,21,0,21,20,1,0,1634067347549869,1634067348549673,21,0,0
133ba37489cb5a19,2021.10.12.19.20.46_veh-28_00644_00868,medium_magnitude_speed,b0f2b5831e035e61,PEDESTRIAN,0,100,101,101,0,101,100,1,0,1634067347549869,1634067352549841,101,0,0
133ba37489cb5a19,2021.10.12.19.20.46_veh-28_00644_00868,medium_magnitude_speed,0856db07d18c5448,PEDESTRIAN,0,100,101,101,0,101,100,1,0,1634067347549869,1634067352549841,101,0,0
133ba37489cb5a19,2021.10.12.19.20.46_veh-28_00644_00868,medium_magnitude_speed,7e3c824897735cea,PEDESTRIAN,0,43,44,44,0,44,43,1,0,1634067347549869,1634067349699941,44,0,0
133ba37489cb5a19,2021.10.12.19.20.46_veh-28_00644_00868,medium_magnitude_speed,79360ce739695208,PEDESTRIAN,0,100,101,101,0,101,100,1,0,1634067347549869,1634067352549841,101,0,0
133ba37489cb5a19,2021.10.12.19.20.46_veh-28_00644_00868,medium_magnitude_speed,d6b780af43765c2a,PEDESTRIAN,0,69,70,70,0,70,69,1,0,1634067347549869,1634067350999993,47,0,23
133ba37489cb5a19,2021.10.12.19.20.46_veh-28_00644_00868,medium_magnitude_speed,2d40aa0dc869578c,PEDESTRIAN,0,18,19,19,0,19,18,1,0,1634067347549869,1634067348449620,19,0,0
133ba37489cb5a19,2021.10.12.19.20.46_veh-28_00644_00868,medium_magnitude_speed,74496a71ebda57c2,PEDESTRIAN,0,89,90,90,0,90,89,1,0,1634067347549869,1634067351999727,35,0,55
133ba37489cb5a19,2021.10.12.19.20.46_veh-28_00644_00868,medium_magnitude_speed,f33e0f9061cf54cc,PEDESTRIAN,0,58,59,59,0,59,58,1,0,1634067347549869,1634067350449749,11,0,48
133ba37489cb5a19,2021.10.12.19.20.46_veh-28_00644_00868,medium_magnitude_speed,e82ec285bce85f19,PEDESTRIAN,0,8,9,9,0,9,8,1,0,1634067347549869,1634067347949671,0,0,9
133ba37489cb5a19,2021.10.12.19.20.46_veh-28_00644_00868,medium_magnitude_speed,41090c32dae0514f,PEDESTRIAN,0,100,101,101,0,101,100,1,0,1634067347549869,1634067352549841,16,0,85
133ba37489cb5a19,2021.10.12.19.20.46_veh-28_00644_00868,medium_magnitude_speed,c86718c042e45ccd,PEDESTRIAN,0,100,101,101,0,101,100,1,0,1634067347549869,1634067352549841,26,0,75
133ba37489cb5a19,2021.10.12.19.20.46_veh-28_00644_00868,medium_magnitude_speed,9578c77403d5585c,PEDESTRIAN,0,15,16,16,0,16,15,1,0,1634067347549869,1634067348299565,16,0,0
133ba37489cb5a19,2021.10.12.19.20.46_veh-28_00644_00868,medium_magnitude_speed,100f78fd9e4357ab,GENERIC_OBJECT,0,24,25,25,0,25,24,1,0,1634067347549869,1634067348749802,0,0,25
133ba37489cb5a19,2021.10.12.19.20.46_veh-28_00644_00868,medium_magnitude_speed,945f4b908270593f,GENERIC_OBJECT,0,27,28,28,0,28,27,1,0,1634067347549869,1634067348899908,28,0,0
133ba37489cb5a19,2021.10.12.19.20.46_veh-28_00644_00868,medium_magnitude_speed,b7189fc20344588c,GENERIC_OBJECT,0,27,28,28,0,28,27,1,0,1634067347549869,1634067348899908,28,0,0
133ba37489cb5a19,2021.10.12.19.20.46_veh-28_00644_00868,medium_magnitude_speed,92b5a988394f5d04,PEDESTRIAN,7,16,10,10,0,10,9,1,0,1634067347899700,1634067348349578,0,0,10
133ba37489cb5a19,2021.10.12.19.20.46_veh-28_00644_00868,medium_magnitude_speed,1c9040c98e42545c,VEHICLE,18,100,83,83,0,83,82,1,0,1634067348449620,1634067352549841,0,0,83
133ba37489cb5a19,2021.10.12.19.20.46_veh-28_00644_00868,medium_magnitude_speed,f9f64c8e6f1a5bde,GENERIC_OBJECT,22,41,20,20,0,20,19,1,0,1634067348649738,1634067349599998,0,0,20
133ba37489cb5a19,2021.10.12.19.20.46_veh-28_00644_00868,medium_magnitude_speed,d7ea0238b9d157f3,GENERIC_OBJECT,25,32,8,8,0,8,7,1,0,1634067348799837,1634067349150061,8,0,0
133ba37489cb5a19,2021.10.12.19.20.46_veh-28_00644_00868,medium_magnitude_speed,80c7b4d6ef21532e,VEHICLE,32,97,66,66,0,66,65,1,0,1634067349150061,1634067352399767,0,0,66
133ba37489cb5a19,2021.10.12.19.20.46_veh-28_00644_00868,medium_magnitude_speed,46111e9d5bdd5336,VEHICLE,40,100,61,61,0,61,60,1,0,1634067349550024,1634067352549841,61,0,0
133ba37489cb5a19,2021.10.12.19.20.46_veh-28_00644_00868,medium_magnitude_speed,ad147d17eea851ee,PEDESTRIAN,41,65,25,25,0,25,24,1,0,1634067349599998,1634067350799904,0,0,25
133ba37489cb5a19,2021.10.12.19.20.46_veh-28_00644_00868,medium_magnitude_speed,57171db9b2c55931,VEHICLE,42,100,59,59,0,59,58,1,0,1634067349649971,1634067352549841,0,0,0
133ba37489cb5a19,2021.10.12.19.20.46_veh-28_00644_00868,medium_magnitude_speed,5fdb8b3e979756d0,VEHICLE,44,100,57,57,0,57,56,1,0,1634067349749908,1634067352549841,57,0,0
133ba37489cb5a19,2021.10.12.19.20.46_veh-28_00644_00868,medium_magnitude_speed,3eebaa55969d5f10,GENERIC_OBJECT,45,95,51,51,0,51,50,1,0,1634067349799875,1634067352299734,51,0,0
133ba37489cb5a19,2021.10.12.19.20.46_veh-28_00644_00868,medium_magnitude_speed,fe19409ab0fe5bd6,VEHICLE,48,67,20,20,0,20,19,1,0,1634067349949781,1634067350899950,0,0,20
133ba37489cb5a19,2021.10.12.19.20.46_veh-28_00644_00868,medium_magnitude_speed,dac95d54992e56d9,TRAFFIC_CONE,49,100,52,52,0,52,51,1,0,1634067349999759,1634067352549841,0,0,52
133ba37489cb5a19,2021.10.12.19.20.46_veh-28_00644_00868,medium_magnitude_speed,ac35f1865b3450b7,PEDESTRIAN,50,92,43,43,0,43,42,1,0,1634067350049740,1634067352149709,43,0,0
133ba37489cb5a19,2021.10.12.19.20.46_veh-28_00644_00868,medium_magnitude_speed,06f29f47e91d5f62,PEDESTRIAN,52,73,22,22,0,22,21,1,0,1634067350149714,1634067351200023,0,0,22
133ba37489cb5a19,2021.10.12.19.20.46_veh-28_00644_00868,medium_magnitude_speed,7751dae8bc165d7c,VEHICLE,57,100,44,44,0,44,43,1,0,1634067350399735,1634067352549841,0,0,44
133ba37489cb5a19,2021.10.12.19.20.46_veh-28_00644_00868,medium_magnitude_speed,222004a9627e5f7a,VEHICLE,62,100,39,39,0,39,38,1,0,1634067350649832,1634067352549841,0,0,0
133ba37489cb5a19,2021.10.12.19.20.46_veh-28_00644_00868,medium_magnitude_speed,e5a0f06ff3a15566,TRAFFIC_CONE,62,100,39,39,0,39,38,1,0,1634067350649832,1634067352549841,0,0,39
133ba37489cb5a19,2021.10.12.19.20.46_veh-28_00644_00868,medium_magnitude_speed,e9ce6653119f5a32,TRAFFIC_CONE,62,70,9,9,0,9,8,1,0,1634067350649832,1634067351050010,0,0,9
133ba37489cb5a19,2021.10.12.19.20.46_veh-28_00644_00868,medium_magnitude_speed,3b4f327940725f31,PEDESTRIAN,63,100,38,38,0,38,37,1,0,1634067350699857,1634067352549841,0,0,38
133ba37489cb5a19,2021.10.12.19.20.46_veh-28_00644_00868,medium_magnitude_speed,380bbdf43d5d57df,PEDESTRIAN,69,100,32,32,0,32,31,1,0,1634067350999993,1634067352549841,0,0,32
133ba37489cb5a19,2021.10.12.19.20.46_veh-28_00644_00868,medium_magnitude_speed,fe161012cc4956dd,PEDESTRIAN,70,100,31,31,0,31,30,1,0,1634067351050010,1634067352549841,0,0,31
133ba37489cb5a19,2021.10.12.19.20.46_veh-28_00644_00868,medium_magnitude_speed,48f7fdddbe9c54f2,PEDESTRIAN,71,100,30,30,0,30,29,1,0,1634067351100022,1634067352549841,0,0,30
133ba37489cb5a19,2021.10.12.19.20.46_veh-28_00644_00868,medium_magnitude_speed,6a34e45335905fae,PEDESTRIAN,74,93,20,20,0,20,19,1,0,1634067351250015,1634067352199715,0,0,20
133ba37489cb5a19,2021.10.12.19.20.46_veh-28_00644_00868,medium_magnitude_speed,40b7787c9a9559cd,VEHICLE,77,100,24,24,0,24,23,1,0,1634067351399975,1634067352549841,0,0,0
133ba37489cb5a19,2021.10.12.19.20.46_veh-28_00644_00868,medium_magnitude_speed,a67a4f4950b75a49,PEDESTRIAN,79,100,22,22,0,22,21,1,0,1634067351499938,1634067352549841,0,0,22
133ba37489cb5a19,2021.10.12.19.20.46_veh-28_00644_00868,medium_magnitude_speed,71d9b85bfcd45855,PEDESTRIAN,84,100,17,17,0,17,16,1,0,1634067351749819,1634067352549841,0,0,17
133ba37489cb5a19,2021.10.12.19.20.46_veh-28_00644_00868,medium_magnitude_speed,ab332991063e55e0,VEHICLE,86,100,15,15,0,15,14,1,0,1634067351849782,1634067352549841,0,0,0
133ba37489cb5a19,2021.10.12.19.20.46_veh-28_00644_00868,medium_magnitude_speed,9881d0a6e34b5b9a,BARRIER,89,93,5,5,0,5,4,1,0,1634067351999727,1634067352199715,0,0,5
133ba37489cb5a19,2021.10.12.19.20.46_veh-28_00644_00868,medium_magnitude_speed,82d2c196084b59b2,GENERIC_OBJECT,91,100,10,10,0,10,9,1,0,1634067352099709,1634067352549841,0,0,10
133ba37489cb5a19,2021.10.12.19.20.46_veh-28_00644_00868,medium_magnitude_speed,ab28303c88335b65,VEHICLE,93,100,8,8,0,8,7,1,0,1634067352199715,1634067352549841,0,0,0
133ba37489cb5a19,2021.10.12.19.20.46_veh-28_00644_00868,medium_magnitude_speed,6f7a3190a0365f95,PEDESTRIAN,99,100,2,2,0,2,1,1,0,1634067352499813,1634067352549841,0,0,2
1dfd6bf435ba5300,2021.06.08.17.36.50_veh-26_00639_01479,traversing_pickup_dropoff,8d50b7e0e96855f1,VEHICLE,0,100,101,101,0,101,100,1,0,1623189031588344,1623189036573985,101,0,0
1dfd6bf435ba5300,2021.06.08.17.36.50_veh-26_00639_01479,traversing_pickup_dropoff,6376abb101275d7a,VEHICLE,0,100,101,101,0,101,100,1,0,1623189031588344,1623189036573985,101,0,0
1dfd6bf435ba5300,2021.06.08.17.36.50_veh-26_00639_01479,traversing_pickup_dropoff,4fb8bcbaf3c1569e,VEHICLE,0,100,101,101,0,101,100,1,0,1623189031588344,1623189036573985,101,0,0
1dfd6bf435ba5300,2021.06.08.17.36.50_veh-26_00639_01479,traversing_pickup_dropoff,36c22106c639540d,VEHICLE,0,100,101,101,0,101,100,1,0,1623189031588344,1623189036573985,101,0,0
1dfd6bf435ba5300,2021.06.08.17.36.50_veh-26_00639_01479,traversing_pickup_dropoff,7eaa2fb4f61c525c,VEHICLE,0,100,101,101,0,101,100,1,0,1623189031588344,1623189036573985,101,0,0
1dfd6bf435ba5300,2021.06.08.17.36.50_veh-26_00639_01479,traversing_pickup_dropoff,d02df06d4f315836,VEHICLE,0,55,56,56,0,56,55,1,0,1623189031588344,1623189034328563,0,0,56
1dfd6bf435ba5300,2021.06.08.17.36.50_veh-26_00639_01479,traversing_pickup_dropoff,532b8cbd5dac5320,VEHICLE,0,100,101,101,0,101,100,1,0,1623189031588344,1623189036573985,101,0,0
1dfd6bf435ba5300,2021.06.08.17.36.50_veh-26_00639_01479,traversing_pickup_dropoff,72d3b39e2be5513a,VEHICLE,0,100,101,101,0,101,100,1,0,1623189031588344,1623189036573985,101,0,0
1dfd6bf435ba5300,2021.06.08.17.36.50_veh-26_00639_01479,traversing_pickup_dropoff,fe4fa213faed50a1,VEHICLE,0,20,21,21,0,21,20,1,0,1623189031588344,1623189032584617,0,0,21
1dfd6bf435ba5300,2021.06.08.17.36.50_veh-26_00639_01479,traversing_pickup_dropoff,86f8e9f93d4e5a1b,VEHICLE,0,100,101,101,0,101,100,1,0,1623189031588344,1623189036573985,101,0,0
1dfd6bf435ba5300,2021.06.08.17.36.50_veh-26_00639_01479,traversing_pickup_dropoff,eef450e80aac5b78,VEHICLE,0,100,101,101,0,101,100,1,0,1623189031588344,1623189036573985,0,0,101
1dfd6bf435ba5300,2021.06.08.17.36.50_veh-26_00639_01479,traversing_pickup_dropoff,07c1ec4b43b251f8,VEHICLE,0,21,22,22,0,22,21,1,0,1623189031588344,1623189032634445,22,0,0
1dfd6bf435ba5300,2021.06.08.17.36.50_veh-26_00639_01479,traversing_pickup_dropoff,40dd5a0b6c9f5121,VEHICLE,0,100,101,101,0,101,100,1,0,1623189031588344,1623189036573985,0,0,101
1dfd6bf435ba5300,2021.06.08.17.36.50_veh-26_00639_01479,traversing_pickup_dropoff,d17d97342f3e554f,VEHICLE,0,100,101,101,0,101,100,1,0,1623189031588344,1623189036573985,101,0,0
1dfd6bf435ba5300,2021.06.08.17.36.50_veh-26_00639_01479,traversing_pickup_dropoff,020f86e4e1805aa3,VEHICLE,0,100,101,101,0,101,100,1,0,1623189031588344,1623189036573985,0,0,101
1dfd6bf435ba5300,2021.06.08.17.36.50_veh-26_00639_01479,traversing_pickup_dropoff,c902d99de2f6588c,VEHICLE,0,100,101,101,0,101,100,1,0,1623189031588344,1623189036573985,0,0,101
1dfd6bf435ba5300,2021.06.08.17.36.50_veh-26_00639_01479,traversing_pickup_dropoff,50ba4b7e57df5053,VEHICLE,0,100,101,101,0,101,100,1,0,1623189031588344,1623189036573985,44,0,57
1dfd6bf435ba5300,2021.06.08.17.36.50_veh-26_00639_01479,traversing_pickup_dropoff,3124c76ee6e552fa,VEHICLE,0,100,101,101,0,101,100,1,0,1623189031588344,1623189036573985,0,0,101
1dfd6bf435ba5300,2021.06.08.17.36.50_veh-26_00639_01479,traversing_pickup_dropoff,8f5ab7da0b6b53f6,VEHICLE,0,100,101,101,0,101,100,1,0,1623189031588344,1623189036573985,101,0,0
1dfd6bf435ba5300,2021.06.08.17.36.50_veh-26_00639_01479,traversing_pickup_dropoff,906bf650aeac5c8e,VEHICLE,0,100,101,101,0,101,100,1,0,1623189031588344,1623189036573985,101,0,0
1dfd6bf435ba5300,2021.06.08.17.36.50_veh-26_00639_01479,traversing_pickup_dropoff,caacfaa408bb5b54,VEHICLE,0,100,101,101,0,101,100,1,0,1623189031588344,1623189036573985,101,0,0
1dfd6bf435ba5300,2021.06.08.17.36.50_veh-26_00639_01479,traversing_pickup_dropoff,29cbead1257754d3,VEHICLE,0,100,101,101,0,101,100,1,0,1623189031588344,1623189036573985,3,0,98
1dfd6bf435ba5300,2021.06.08.17.36.50_veh-26_00639_01479,traversing_pickup_dropoff,ae87070b49ea5a24,PEDESTRIAN,0,100,101,101,0,101,100,1,0,1623189031588344,1623189036573985,0,0,101
1dfd6bf435ba5300,2021.06.08.17.36.50_veh-26_00639_01479,traversing_pickup_dropoff,a17f3ebbc7ed582e,PEDESTRIAN,0,100,101,101,0,101,100,1,0,1623189031588344,1623189036573985,101,0,0
1dfd6bf435ba5300,2021.06.08.17.36.50_veh-26_00639_01479,traversing_pickup_dropoff,b969373ec979503a,PEDESTRIAN,0,100,101,101,0,101,100,1,0,1623189031588344,1623189036573985,101,0,0
1dfd6bf435ba5300,2021.06.08.17.36.50_veh-26_00639_01479,traversing_pickup_dropoff,3a0a7fff5bbc5683,PEDESTRIAN,0,100,101,101,0,101,100,1,0,1623189031588344,1623189036573985,101,0,0
1dfd6bf435ba5300,2021.06.08.17.36.50_veh-26_00639_01479,traversing_pickup_dropoff,1f5d64e8350b582a,PEDESTRIAN,0,100,101,101,0,101,100,1,0,1623189031588344,1623189036573985,101,0,0
1dfd6bf435ba5300,2021.06.08.17.36.50_veh-26_00639_01479,traversing_pickup_dropoff,e236a56171645670,PEDESTRIAN,0,100,101,101,0,101,100,1,0,1623189031588344,1623189036573985,101,0,0
1dfd6bf435ba5300,2021.06.08.17.36.50_veh-26_00639_01479,traversing_pickup_dropoff,c2aef6f6832e5c90,PEDESTRIAN,0,100,101,101,0,101,100,1,0,1623189031588344,1623189036573985,0,0,101
1dfd6bf435ba5300,2021.06.08.17.36.50_veh-26_00639_01479,traversing_pickup_dropoff,a7138caf60925f3e,PEDESTRIAN,0,100,101,101,0,101,100,1,0,1623189031588344,1623189036573985,0,0,101
1dfd6bf435ba5300,2021.06.08.17.36.50_veh-26_00639_01479,traversing_pickup_dropoff,99d7080078625a5c,PEDESTRIAN,0,100,101,101,0,101,100,1,0,1623189031588344,1623189036573985,101,0,0
1dfd6bf435ba5300,2021.06.08.17.36.50_veh-26_00639_01479,traversing_pickup_dropoff,81b62e79cd44528b,PEDESTRIAN,0,100,101,101,0,101,100,1,0,1623189031588344,1623189036573985,20,0,81
1dfd6bf435ba5300,2021.06.08.17.36.50_veh-26_00639_01479,traversing_pickup_dropoff,3bac038a87a752ef,PEDESTRIAN,0,100,101,101,0,101,100,1,0,1623189031588344,1623189036573985,101,0,0
1dfd6bf435ba5300,2021.06.08.17.36.50_veh-26_00639_01479,traversing_pickup_dropoff,02a0a0087d645141,PEDESTRIAN,0,31,32,32,0,32,31,1,0,1623189031588344,1623189033132653,32,0,0
1dfd6bf435ba5300,2021.06.08.17.36.50_veh-26_00639_01479,traversing_pickup_dropoff,d63d24a58f4b52b0,PEDESTRIAN,0,100,101,101,0,101,100,1,0,1623189031588344,1623189036573985,101,0,0
1dfd6bf435ba5300,2021.06.08.17.36.50_veh-26_00639_01479,traversing_pickup_dropoff,c4aa8a6062cb57be,PEDESTRIAN,0,44,45,45,0,45,44,1,0,1623189031588344,1623189033780355,45,0,0
1dfd6bf435ba5300,2021.06.08.17.36.50_veh-26_00639_01479,traversing_pickup_dropoff,6aa09236d37b5c91,PEDESTRIAN,0,100,101,101,0,101,100,1,0,1623189031588344,1623189036573985,101,0,0
1dfd6bf435ba5300,2021.06.08.17.36.50_veh-26_00639_01479,traversing_pickup_dropoff,6e250f30cedb56d7,PEDESTRIAN,0,100,101,101,0,101,100,1,0,1623189031588344,1623189036573985,101,0,0
1dfd6bf435ba5300,2021.06.08.17.36.50_veh-26_00639_01479,traversing_pickup_dropoff,2ae461fe9e1e5fd5,PEDESTRIAN,0,100,101,101,0,101,100,1,0,1623189031588344,1623189036573985,101,0,0
1dfd6bf435ba5300,2021.06.08.17.36.50_veh-26_00639_01479,traversing_pickup_dropoff,3ce3007398315c1a,PEDESTRIAN,0,100,101,101,0,101,100,1,0,1623189031588344,1623189036573985,101,0,0
1dfd6bf435ba5300,2021.06.08.17.36.50_veh-26_00639_01479,traversing_pickup_dropoff,8b08c1c9d44957a2,PEDESTRIAN,0,100,101,101,0,101,100,1,0,1623189031588344,1623189036573985,0,0,101
1dfd6bf435ba5300,2021.06.08.17.36.50_veh-26_00639_01479,traversing_pickup_dropoff,a886c5f32b0c58e4,PEDESTRIAN,0,10,11,11,0,11,10,1,0,1623189031588344,1623189032086489,11,0,0
1dfd6bf435ba5300,2021.06.08.17.36.50_veh-26_00639_01479,traversing_pickup_dropoff,82439d8e59e154ba,PEDESTRIAN,0,100,101,101,0,101,100,1,0,1623189031588344,1623189036573985,101,0,0
1dfd6bf435ba5300,2021.06.08.17.36.50_veh-26_00639_01479,traversing_pickup_dropoff,3474a6767bd85182,PEDESTRIAN,0,100,101,101,0,101,100,1,0,1623189031588344,1623189036573985,101,0,0
1dfd6bf435ba5300,2021.06.08.17.36.50_veh-26_00639_01479,traversing_pickup_dropoff,9bafb6f2c7045c39,PEDESTRIAN,0,100,101,101,0,101,100,1,0,1623189031588344,1623189036573985,101,0,0
1dfd6bf435ba5300,2021.06.08.17.36.50_veh-26_00639_01479,traversing_pickup_dropoff,d4c7fa730df157ee,PEDESTRIAN,0,15,16,16,0,16,15,1,0,1623189031588344,1623189032335533,0,0,16
1dfd6bf435ba5300,2021.06.08.17.36.50_veh-26_00639_01479,traversing_pickup_dropoff,7cc6a572454751e3,PEDESTRIAN,0,100,101,101,0,101,100,1,0,1623189031588344,1623189036573985,101,0,0
1dfd6bf435ba5300,2021.06.08.17.36.50_veh-26_00639_01479,traversing_pickup_dropoff,2433b672e8f65520,TRAFFIC_CONE,0,100,101,101,0,101,100,1,0,1623189031588344,1623189036573985,101,0,0
1dfd6bf435ba5300,2021.06.08.17.36.50_veh-26_00639_01479,traversing_pickup_dropoff,24122ca57e0058e0,TRAFFIC_CONE,0,100,101,101,0,101,100,1,0,1623189031588344,1623189036573985,101,0,0
1dfd6bf435ba5300,2021.06.08.17.36.50_veh-26_00639_01479,traversing_pickup_dropoff,5f785ead18fa5b0e,TRAFFIC_CONE,0,100,101,101,0,101,100,1,0,1623189031588344,1623189036573985,101,0,0
1dfd6bf435ba5300,2021.06.08.17.36.50_veh-26_00639_01479,traversing_pickup_dropoff,82367a855c1953e2,TRAFFIC_CONE,0,100,101,101,0,101,100,1,0,1623189031588344,1623189036573985,101,0,0
1dfd6bf435ba5300,2021.06.08.17.36.50_veh-26_00639_01479,traversing_pickup_dropoff,43938cf573cc58f4,TRAFFIC_CONE,0,100,101,101,0,101,100,1,0,1623189031588344,1623189036573985,101,0,0
1dfd6bf435ba5300,2021.06.08.17.36.50_veh-26_00639_01479,traversing_pickup_dropoff,32b92f05e0cc5bf6,TRAFFIC_CONE,0,100,101,101,0,101,100,1,0,1623189031588344,1623189036573985,101,0,0
1dfd6bf435ba5300,2021.06.08.17.36.50_veh-26_00639_01479,traversing_pickup_dropoff,43ee5567e5be58f4,TRAFFIC_CONE,0,34,35,35,0,35,34,1,0,1623189031588344,1623189033282134,0,0,35
1dfd6bf435ba5300,2021.06.08.17.36.50_veh-26_00639_01479,traversing_pickup_dropoff,23af7e16ed5c5ac4,TRAFFIC_CONE,0,100,101,101,0,101,100,1,0,1623189031588344,1623189036573985,56,45,0
1dfd6bf435ba5300,2021.06.08.17.36.50_veh-26_00639_01479,traversing_pickup_dropoff,c0d7604436b259f7,TRAFFIC_CONE,0,100,101,101,0,101,100,1,0,1623189031588344,1623189036573985,60,41,0
1dfd6bf435ba5300,2021.06.08.17.36.50_veh-26_00639_01479,traversing_pickup_dropoff,14a98e2ef15a5c32,TRAFFIC_CONE,0,100,101,101,0,101,100,1,0,1623189031588344,1623189036573985,0,0,101
1dfd6bf435ba5300,2021.06.08.17.36.50_veh-26_00639_01479,traversing_pickup_dropoff,583d194575a15a5c,TRAFFIC_CONE,0,100,101,101,0,101,100,1,0,1623189031588344,1623189036573985,0,0,101
1dfd6bf435ba5300,2021.06.08.17.36.50_veh-26_00639_01479,traversing_pickup_dropoff,92cfdd57e20f5a43,TRAFFIC_CONE,0,100,101,101,0,101,100,1,0,1623189031588344,1623189036573985,101,0,0
1dfd6bf435ba5300,2021.06.08.17.36.50_veh-26_00639_01479,traversing_pickup_dropoff,64b9616634005f1d,TRAFFIC_CONE,0,100,101,101,0,101,100,1,0,1623189031588344,1623189036573985,10,91,0
1dfd6bf435ba5300,2021.06.08.17.36.50_veh-26_00639_01479,traversing_pickup_dropoff,52166dc8d7965589,TRAFFIC_CONE,0,100,101,101,0,101,100,1,0,1623189031588344,1623189036573985,0,17,84
1dfd6bf435ba5300,2021.06.08.17.36.50_veh-26_00639_01479,traversing_pickup_dropoff,3f31ee94fa085990,TRAFFIC_CONE,0,100,101,101,0,101,100,1,0,1623189031588344,1623189036573985,0,0,101
1dfd6bf435ba5300,2021.06.08.17.36.50_veh-26_00639_01479,traversing_pickup_dropoff,3977263cd57756ec,TRAFFIC_CONE,0,100,101,101,0,101,100,1,0,1623189031588344,1623189036573985,0,25,76
1dfd6bf435ba5300,2021.06.08.17.36.50_veh-26_00639_01479,traversing_pickup_dropoff,961d41c8d0a35716,TRAFFIC_CONE,0,100,101,101,0,101,100,1,0,1623189031588344,1623189036573985,0,0,101
1dfd6bf435ba5300,2021.06.08.17.36.50_veh-26_00639_01479,traversing_pickup_dropoff,5564c2b87dfa589b,TRAFFIC_CONE,0,100,101,101,0,101,100,1,0,1623189031588344,1623189036573985,20,81,0
1dfd6bf435ba5300,2021.06.08.17.36.50_veh-26_00639_01479,traversing_pickup_dropoff,9eee27cae5af52cc,TRAFFIC_CONE,0,100,101,101,0,101,100,1,0,1623189031588344,1623189036573985,2,99,0
1dfd6bf435ba5300,2021.06.08.17.36.50_veh-26_00639_01479,traversing_pickup_dropoff,2712a3db1a585d0c,TRAFFIC_CONE,0,100,101,101,0,101,100,1,0,1623189031588344,1623189036573985,0,56,45
1dfd6bf435ba5300,2021.06.08.17.36.50_veh-26_00639_01479,traversing_pickup_dropoff,771899939f9259e0,TRAFFIC_CONE,0,100,101,101,0,101,100,1,0,1623189031588344,1623189036573985,0,9,92
1dfd6bf435ba5300,2021.06.08.17.36.50_veh-26_00639_01479,traversing_pickup_dropoff,404efcce44935020,TRAFFIC_CONE,0,100,101,101,0,101,100,1,0,1623189031588344,1623189036573985,0,21,80
1dfd6bf435ba5300,2021.06.08.17.36.50_veh-26_00639_01479,traversing_pickup_dropoff,e05cc2c91704596a,TRAFFIC_CONE,0,100,101,101,0,101,100,1,0,1623189031588344,1623189036573985,0,9,92
1dfd6bf435ba5300,2021.06.08.17.36.50_veh-26_00639_01479,traversing_pickup_dropoff,9d1cb62be813585e,TRAFFIC_CONE,0,100,101,101,0,101,100,1,0,1623189031588344,1623189036573985,0,8,93
1dfd6bf435ba5300,2021.06.08.17.36.50_veh-26_00639_01479,traversing_pickup_dropoff,7e228c4c8f6d510e,TRAFFIC_CONE,0,100,101,101,0,101,100,1,0,1623189031588344,1623189036573985,0,0,101
1dfd6bf435ba5300,2021.06.08.17.36.50_veh-26_00639_01479,traversing_pickup_dropoff,c5885559194556d4,TRAFFIC_CONE,0,100,101,101,0,101,100,1,0,1623189031588344,1623189036573985,33,2,66
1dfd6bf435ba5300,2021.06.08.17.36.50_veh-26_00639_01479,traversing_pickup_dropoff,2b25e27811725964,TRAFFIC_CONE,0,100,101,101,0,101,100,1,0,1623189031588344,1623189036573985,22,14,65
1dfd6bf435ba5300,2021.06.08.17.36.50_veh-26_00639_01479,traversing_pickup_dropoff,3abf2585c40e5aaa,TRAFFIC_CONE,0,100,101,101,0,101,100,1,0,1623189031588344,1623189036573985,4,22,75
1dfd6bf435ba5300,2021.06.08.17.36.50_veh-26_00639_01479,traversing_pickup_dropoff,aa2aaa44705c5be9,TRAFFIC_CONE,0,100,101,101,0,101,100,1,0,1623189031588344,1623189036573985,0,39,62
1dfd6bf435ba5300,2021.06.08.17.36.50_veh-26_00639_01479,traversing_pickup_dropoff,374ba723f85854eb,TRAFFIC_CONE,0,100,101,101,0,101,100,1,0,1623189031588344,1623189036573985,0,0,101
1dfd6bf435ba5300,2021.06.08.17.36.50_veh-26_00639_01479,traversing_pickup_dropoff,5578e9f208ad5f85,TRAFFIC_CONE,0,100,101,101,0,101,100,1,0,1623189031588344,1623189036573985,0,1,100
1dfd6bf435ba5300,2021.06.08.17.36.50_veh-26_00639_01479,traversing_pickup_dropoff,efbe623ecfed57f0,TRAFFIC_CONE,0,100,101,101,0,101,100,1,0,1623189031588344,1623189036573985,0,6,95
1dfd6bf435ba5300,2021.06.08.17.36.50_veh-26_00639_01479,traversing_pickup_dropoff,2d9bc7d48b0b549c,TRAFFIC_CONE,0,100,101,101,0,101,100,1,0,1623189031588344,1623189036573985,0,7,94
1dfd6bf435ba5300,2021.06.08.17.36.50_veh-26_00639_01479,traversing_pickup_dropoff,dbb4e9e6392c5f94,TRAFFIC_CONE,0,100,101,101,0,101,100,1,0,1623189031588344,1623189036573985,0,0,101
1dfd6bf435ba5300,2021.06.08.17.36.50_veh-26_00639_01479,traversing_pickup_dropoff,98ce75d4f17a547f,TRAFFIC_CONE,0,100,101,101,0,101,100,1,0,1623189031588344,1623189036573985,0,22,79
1dfd6bf435ba5300,2021.06.08.17.36.50_veh-26_00639_01479,traversing_pickup_dropoff,8c26a35ac1df5b95,TRAFFIC_CONE,0,100,101,101,0,101,100,1,0,1623189031588344,1623189036573985,0,0,101
1dfd6bf435ba5300,2021.06.08.17.36.50_veh-26_00639_01479,traversing_pickup_dropoff,afe0a7158b525925,TRAFFIC_CONE,0,100,101,101,0,101,100,1,0,1623189031588344,1623189036573985,0,26,75
1dfd6bf435ba5300,2021.06.08.17.36.50_veh-26_00639_01479,traversing_pickup_dropoff,d3c0adee707c531d,TRAFFIC_CONE,0,100,101,101,0,101,100,1,0,1623189031588344,1623189036573985,0,10,91
1dfd6bf435ba5300,2021.06.08.17.36.50_veh-26_00639_01479,traversing_pickup_dropoff,142cb5fcdb4258ba,TRAFFIC_CONE,0,4,5,5,0,5,4,1,0,1623189031588344,1623189031787590,0,0,5
1dfd6bf435ba5300,2021.06.08.17.36.50_veh-26_00639_01479,traversing_pickup_dropoff,68352298f50957a5,TRAFFIC_CONE,0,18,19,19,0,19,18,1,0,1623189031588344,1623189032484971,0,0,19
1dfd6bf435ba5300,2021.06.08.17.36.50_veh-26_00639_01479,traversing_pickup_dropoff,113c186f0deb55f6,BARRIER,0,100,101,101,0,101,100,1,0,1623189031588344,1623189036573985,0,27,74
1dfd6bf435ba5300,2021.06.08.17.36.50_veh-26_00639_01479,traversing_pickup_dropoff,f54eb0fda5145a65,BARRIER,0,100,101,101,0,101,100,1,0,1623189031588344,1623189036573985,0,29,72
1dfd6bf435ba5300,2021.06.08.17.36.50_veh-26_00639_01479,traversing_pickup_dropoff,37b335b191a95019,BARRIER,0,100,101,101,0,101,100,1,0,1623189031588344,1623189036573985,0,21,80
1dfd6bf435ba5300,2021.06.08.17.36.50_veh-26_00639_01479,traversing_pickup_dropoff,73cf672ec60654bb,BARRIER,0,100,101,101,0,101,100,1,0,1623189031588344,1623189036573985,11,20,70
1dfd6bf435ba5300,2021.06.08.17.36.50_veh-26_00639_01479,traversing_pickup_dropoff,f1912ea23d525173,BARRIER,0,100,101,101,0,101,100,1,0,1623189031588344,1623189036573985,0,30,71
1dfd6bf435ba5300,2021.06.08.17.36.50_veh-26_00639_01479,traversing_pickup_dropoff,edc565caa692579b,BARRIER,0,45,46,46,0,46,45,1,0,1623189031588344,1623189033830192,0,0,46
1dfd6bf435ba5300,2021.06.08.17.36.50_veh-26_00639_01479,traversing_pickup_dropoff,aab43db25494532d,BARRIER,0,100,101,101,0,101,100,1,0,1623189031588344,1623189036573985,0,0,101
1dfd6bf435ba5300,2021.06.08.17.36.50_veh-26_00639_01479,traversing_pickup_dropoff,b18d5ed6eda45d36,BARRIER,0,100,101,101,0,101,100,1,0,1623189031588344,1623189036573985,0,0,101
1dfd6bf435ba5300,2021.06.08.17.36.50_veh-26_00639_01479,traversing_pickup_dropoff,07c8460c5fbe5f26,BARRIER,0,100,101,101,0,101,100,1,0,1623189031588344,1623189036573985,0,0,101
1dfd6bf435ba5300,2021.06.08.17.36.50_veh-26_00639_01479,traversing_pickup_dropoff,bfceefd9dd5f5935,BARRIER,0,100,101,101,0,101,100,1,0,1623189031588344,1623189036573985,0,0,101
1dfd6bf435ba5300,2021.06.08.17.36.50_veh-26_00639_01479,traversing_pickup_dropoff,8d9ca91ebe305337,BARRIER,0,100,101,101,0,101,100,1,0,1623189031588344,1623189036573985,0,0,101
1dfd6bf435ba5300,2021.06.08.17.36.50_veh-26_00639_01479,traversing_pickup_dropoff,159a6d93b1945342,BARRIER,0,100,101,101,0,101,100,1,0,1623189031588344,1623189036573985,0,0,101
1dfd6bf435ba5300,2021.06.08.17.36.50_veh-26_00639_01479,traversing_pickup_dropoff,25177ea25d755b91,BARRIER,0,100,101,101,0,101,100,1,0,1623189031588344,1623189036573985,0,0,101
1dfd6bf435ba5300,2021.06.08.17.36.50_veh-26_00639_01479,traversing_pickup_dropoff,16f994dcc3be5ec3,BARRIER,0,100,101,101,0,101,100,1,0,1623189031588344,1623189036573985,0,0,101
1dfd6bf435ba5300,2021.06.08.17.36.50_veh-26_00639_01479,traversing_pickup_dropoff,8fff92c8a5dd56bb,BARRIER,0,100,101,101,0,101,100,1,0,1623189031588344,1623189036573985,0,0,101
1dfd6bf435ba5300,2021.06.08.17.36.50_veh-26_00639_01479,traversing_pickup_dropoff,e855268a618354e5,BARRIER,0,100,101,101,0,101,100,1,0,1623189031588344,1623189036573985,0,0,101
1dfd6bf435ba5300,2021.06.08.17.36.50_veh-26_00639_01479,traversing_pickup_dropoff,1c2892dace0057da,BARRIER,0,100,101,101,0,101,100,1,0,1623189031588344,1623189036573985,0,0,101
1dfd6bf435ba5300,2021.06.08.17.36.50_veh-26_00639_01479,traversing_pickup_dropoff,f3d5bd7290375c0f,BARRIER,0,100,101,101,0,101,100,1,0,1623189031588344,1623189036573985,0,0,101
1dfd6bf435ba5300,2021.06.08.17.36.50_veh-26_00639_01479,traversing_pickup_dropoff,8e5f50b2ecd85305,BARRIER,0,100,101,101,0,101,100,1,0,1623189031588344,1623189036573985,0,0,101
1dfd6bf435ba5300,2021.06.08.17.36.50_veh-26_00639_01479,traversing_pickup_dropoff,94eb8e93fd4f5a2c,BARRIER,0,37,38,38,0,38,37,1,0,1623189031588344,1623189033431595,0,0,38
1dfd6bf435ba5300,2021.06.08.17.36.50_veh-26_00639_01479,traversing_pickup_dropoff,babb8224602d5ee8,GENERIC_OBJECT,0,41,42,42,0,42,41,1,0,1623189031588344,1623189033630872,0,0,42
1dfd6bf435ba5300,2021.06.08.17.36.50_veh-26_00639_01479,traversing_pickup_dropoff,e7f3a5764aac58b4,GENERIC_OBJECT,0,51,52,52,0,52,51,1,0,1623189031588344,1623189034129215,0,0,52
1dfd6bf435ba5300,2021.06.08.17.36.50_veh-26_00639_01479,traversing_pickup_dropoff,5d3be70e12975fc4,GENERIC_OBJECT,0,56,57,57,0,57,56,1,0,1623189031588344,1623189034378415,40,13,4
1dfd6bf435ba5300,2021.06.08.17.36.50_veh-26_00639_01479,traversing_pickup_dropoff,de268e5716745234,GENERIC_OBJECT,0,58,59,59,0,59,58,1,0,1623189031588344,1623189034478123,0,0,59
1dfd6bf435ba5300,2021.06.08.17.36.50_veh-26_00639_01479,traversing_pickup_dropoff,6c1163819c3f5eab,GENERIC_OBJECT,0,100,101,101,0,101,100,1,0,1623189031588344,1623189036573985,89,9,3
1dfd6bf435ba5300,2021.06.08.17.36.50_veh-26_00639_01479,traversing_pickup_dropoff,c8cade18cd1d570b,GENERIC_OBJECT,0,100,101,101,0,101,100,1,0,1623189031588344,1623189036573985,78,23,0
1dfd6bf435ba5300,2021.06.08.17.36.50_veh-26_00639_01479,traversing_pickup_dropoff,8ef5bbecf4ad5d6f,GENERIC_OBJECT,0,100,101,101,0,101,100,1,0,1623189031588344,1623189036573985,101,0,0
1dfd6bf435ba5300,2021.06.08.17.36.50_veh-26_00639_01479,traversing_pickup_dropoff,0f8aa0d90e615a8d,GENERIC_OBJECT,0,86,87,87,0,87,86,1,0,1623189031588344,1623189035874960,0,11,76
1dfd6bf435ba5300,2021.06.08.17.36.50_veh-26_00639_01479,traversing_pickup_dropoff,7d643a4a95f753cb,GENERIC_OBJECT,0,52,53,53,0,53,52,1,0,1623189031588344,1623189034179044,0,0,53
1dfd6bf435ba5300,2021.06.08.17.36.50_veh-26_00639_01479,traversing_pickup_dropoff,6095d793e2095001,GENERIC_OBJECT,0,100,101,101,0,101,100,1,0,1623189031588344,1623189036573985,43,58,0
1dfd6bf435ba5300,2021.06.08.17.36.50_veh-26_00639_01479,traversing_pickup_dropoff,d39e83f96fb0599d,GENERIC_OBJECT,0,62,63,63,0,63,62,1,0,1623189031588344,1623189034677538,63,0,0
1dfd6bf435ba5300,2021.06.08.17.36.50_veh-26_00639_01479,traversing_pickup_dropoff,6132fd968829581b,GENERIC_OBJECT,0,100,101,101,0,101,100,1,0,1623189031588344,1623189036573985,101,0,0
1dfd6bf435ba5300,2021.06.08.17.36.50_veh-26_00639_01479,traversing_pickup_dropoff,407f8fde3d945578,GENERIC_OBJECT,0,100,101,101,0,101,100,1,0,1623189031588344,1623189036573985,101,0,0
1dfd6bf435ba5300,2021.06.08.17.36.50_veh-26_00639_01479,traversing_pickup_dropoff,a11e1e9bc5f4597c,GENERIC_OBJECT,0,100,101,101,0,101,100,1,0,1623189031588344,1623189036573985,101,0,0
1dfd6bf435ba5300,2021.06.08.17.36.50_veh-26_00639_01479,traversing_pickup_dropoff,bd2cc260186a55b6,GENERIC_OBJECT,0,100,101,101,0,101,100,1,0,1623189031588344,1623189036573985,101,0,0
1dfd6bf435ba5300,2021.06.08.17.36.50_veh-26_00639_01479,traversing_pickup_dropoff,cc73b195ee43599b,GENERIC_OBJECT,0,60,61,61,0,61,60,1,0,1623189031588344,1623189034577828,61,0,0
1dfd6bf435ba5300,2021.06.08.17.36.50_veh-26_00639_01479,traversing_pickup_dropoff,470ce597874453d9,GENERIC_OBJECT,0,100,101,101,0,101,100,1,0,1623189031588344,1623189036573985,101,0,0
1dfd6bf435ba5300,2021.06.08.17.36.50_veh-26_00639_01479,traversing_pickup_dropoff,e91013e8f2135432,GENERIC_OBJECT,0,100,101,101,0,101,100,1,0,1623189031588344,1623189036573985,101,0,0
1dfd6bf435ba5300,2021.06.08.17.36.50_veh-26_00639_01479,traversing_pickup_dropoff,592677b64b4e52ac,GENERIC_OBJECT,0,100,101,101,0,101,100,1,0,1623189031588344,1623189036573985,101,0,0
1dfd6bf435ba5300,2021.06.08.17.36.50_veh-26_00639_01479,traversing_pickup_dropoff,0295714ad1455bf6,GENERIC_OBJECT,0,100,101,101,0,101,100,1,0,1623189031588344,1623189036573985,101,0,0
1dfd6bf435ba5300,2021.06.08.17.36.50_veh-26_00639_01479,traversing_pickup_dropoff,690779f5e1305446,GENERIC_OBJECT,0,44,45,45,0,45,44,1,0,1623189031588344,1623189033780355,0,0,45
1dfd6bf435ba5300,2021.06.08.17.36.50_veh-26_00639_01479,traversing_pickup_dropoff,06f798f90bab5b49,GENERIC_OBJECT,0,37,38,38,0,38,37,1,0,1623189031588344,1623189033431595,0,0,38
1dfd6bf435ba5300,2021.06.08.17.36.50_veh-26_00639_01479,traversing_pickup_dropoff,4e1be300d63b5ef0,GENERIC_OBJECT,0,100,101,101,0,101,100,1,0,1623189031588344,1623189036573985,101,0,0
1dfd6bf435ba5300,2021.06.08.17.36.50_veh-26_00639_01479,traversing_pickup_dropoff,41302fd849915245,GENERIC_OBJECT,0,100,101,101,0,101,100,1,0,1623189031588344,1623189036573985,101,0,0
1dfd6bf435ba5300,2021.06.08.17.36.50_veh-26_00639_01479,traversing_pickup_dropoff,178860363806537a,GENERIC_OBJECT,0,64,65,65,0,65,64,1,0,1623189031588344,1623189034777259,0,0,65
1dfd6bf435ba5300,2021.06.08.17.36.50_veh-26_00639_01479,traversing_pickup_dropoff,cc91ef42952253b3,GENERIC_OBJECT,0,87,88,88,0,88,87,1,0,1623189031588344,1623189035924878,47,41,0
1dfd6bf435ba5300,2021.06.08.17.36.50_veh-26_00639_01479,traversing_pickup_dropoff,82752705e8b45397,GENERIC_OBJECT,0,74,75,75,0,75,74,1,0,1623189031588344,1623189035276140,0,0,75
1dfd6bf435ba5300,2021.06.08.17.36.50_veh-26_00639_01479,traversing_pickup_dropoff,f525c0a269175005,GENERIC_OBJECT,0,36,37,37,0,37,36,1,0,1623189031588344,1623189033381778,37,0,0
1dfd6bf435ba5300,2021.06.08.17.36.50_veh-26_00639_01479,traversing_pickup_dropoff,0d0ec075e4ca5794,GENERIC_OBJECT,0,76,77,77,0,77,76,1,0,1623189031588344,1623189035375940,0,0,77
1dfd6bf435ba5300,2021.06.08.17.36.50_veh-26_00639_01479,traversing_pickup_dropoff,13be96c106c753db,GENERIC_OBJECT,0,34,35,35,0,35,34,1,0,1623189031588344,1623189033282134,0,0,35
1dfd6bf435ba5300,2021.06.08.17.36.50_veh-26_00639_01479,traversing_pickup_dropoff,5df753b9fbdc573d,GENERIC_OBJECT,0,40,41,41,0,41,40,1,0,1623189031588344,1623189033581051,41,0,0
1dfd6bf435ba5300,2021.06.08.17.36.50_veh-26_00639_01479,traversing_pickup_dropoff,93c3e556df635593,GENERIC_OBJECT,0,23,24,24,0,24,23,1,0,1623189031588344,1623189032734105,0,0,24
1dfd6bf435ba5300,2021.06.08.17.36.50_veh-26_00639_01479,traversing_pickup_dropoff,e8103a50a54e5671,GENERIC_OBJECT,0,100,101,101,0,101,100,1,0,1623189031588344,1623189036573985,73,28,0
1dfd6bf435ba5300,2021.06.08.17.36.50_veh-26_00639_01479,traversing_pickup_dropoff,7933b2ebb34b5a47,GENERIC_OBJECT,0,40,41,41,0,41,40,1,0,1623189031588344,1623189033581051,41,0,0
1dfd6bf435ba5300,2021.06.08.17.36.50_veh-26_00639_01479,traversing_pickup_dropoff,67c41cb80b3f543b,GENERIC_OBJECT,0,10,11,11,0,11,10,1,0,1623189031588344,1623189032086489,11,0,0
1dfd6bf435ba5300,2021.06.08.17.36.50_veh-26_00639_01479,traversing_pickup_dropoff,8d0144b5218b5b30,GENERIC_OBJECT,0,51,52,52,0,52,51,1,0,1623189031588344,1623189034129215,0,0,52
1dfd6bf435ba5300,2021.06.08.17.36.50_veh-26_00639_01479,traversing_pickup_dropoff,8ffa9428bd1553d1,GENERIC_OBJECT,0,31,32,32,0,32,31,1,0,1623189031588344,1623189033132653,0,0,32
1dfd6bf435ba5300,2021.06.08.17.36.50_veh-26_00639_01479,traversing_pickup_dropoff,78b3a6bfd8b15dba,GENERIC_OBJECT,0,38,39,39,0,39,38,1,0,1623189031588344,1623189033481413,39,0,0
1dfd6bf435ba5300,2021.06.08.17.36.50_veh-26_00639_01479,traversing_pickup_dropoff,0a85a01f28d657d3,GENERIC_OBJECT,0,12,13,13,0,13,12,1,0,1623189031588344,1623189032186118,0,0,13
1dfd6bf435ba5300,2021.06.08.17.36.50_veh-26_00639_01479,traversing_pickup_dropoff,416e78fbdaaf54ef,GENERIC_OBJECT,0,100,101,101,0,101,100,1,0,1623189031588344,1623189036573985,101,0,0
1dfd6bf435ba5300,2021.06.08.17.36.50_veh-26_00639_01479,traversing_pickup_dropoff,928af373a69f52aa,TRAFFIC_CONE,1,100,100,100,0,100,99,1,0,1623189031638152,1623189036573985,0,7,93
1dfd6bf435ba5300,2021.06.08.17.36.50_veh-26_00639_01479,traversing_pickup_dropoff,b061416f8dc75a31,GENERIC_OBJECT,1,10,10,10,0,10,9,1,0,1623189031638152,1623189032086489,0,0,10
1dfd6bf435ba5300,2021.06.08.17.36.50_veh-26_00639_01479,traversing_pickup_dropoff,a62b72535adc50fb,GENERIC_OBJECT,2,10,9,9,0,9,8,1,0,1623189031687961,1623189032086489,0,0,9
1dfd6bf435ba5300,2021.06.08.17.36.50_veh-26_00639_01479,traversing_pickup_dropoff,d372e4e584085b88,GENERIC_OBJECT,4,10,7,7,0,7,6,1,0,1623189031787590,1623189032086489,7,0,0
1dfd6bf435ba5300,2021.06.08.17.36.50_veh-26_00639_01479,traversing_pickup_dropoff,1fbc143e72185668,GENERIC_OBJECT,4,46,43,43,0,43,42,1,0,1623189031787590,1623189033880033,0,0,43
1dfd6bf435ba5300,2021.06.08.17.36.50_veh-26_00639_01479,traversing_pickup_dropoff,2e3c9a1b83d75600,GENERIC_OBJECT,12,19,8,8,0,8,7,1,0,1623189032186118,1623189032534792,0,0,8
1dfd6bf435ba5300,2021.06.08.17.36.50_veh-26_00639_01479,traversing_pickup_dropoff,5e4bb6041d7c5db7,VEHICLE,16,100,85,85,0,85,84,1,0,1623189032385341,1623189036573985,0,0,85
1dfd6bf435ba5300,2021.06.08.17.36.50_veh-26_00639_01479,traversing_pickup_dropoff,cfe74f05c0405656,GENERIC_OBJECT,16,53,38,38,0,38,37,1,0,1623189032385341,1623189034228878,38,0,0
1dfd6bf435ba5300,2021.06.08.17.36.50_veh-26_00639_01479,traversing_pickup_dropoff,d3ae78850a535ab5,TRAFFIC_CONE,17,100,84,84,0,84,83,1,0,1623189032435153,1623189036573985,0,27,57
1dfd6bf435ba5300,2021.06.08.17.36.50_veh-26_00639_01479,traversing_pickup_dropoff,9cbf6a3b6dab5f4f,PEDESTRIAN,22,100,79,79,0,79,78,1,0,1623189032684274,1623189036573985,0,0,79
1dfd6bf435ba5300,2021.06.08.17.36.50_veh-26_00639_01479,traversing_pickup_dropoff,ee20929fbcc2545e,GENERIC_OBJECT,23,25,3,3,0,3,2,1,0,1623189032734105,1623189032833758,3,0,0
1dfd6bf435ba5300,2021.06.08.17.36.50_veh-26_00639_01479,traversing_pickup_dropoff,7fabda555eab534a,TRAFFIC_CONE,25,60,36,36,0,36,35,1,0,1623189032833758,1623189034577828,32,4,0
1dfd6bf435ba5300,2021.06.08.17.36.50_veh-26_00639_01479,traversing_pickup_dropoff,b4717fb5b8a5510e,VEHICLE,27,100,74,74,0,74,73,1,0,1623189032933397,1623189036573985,0,0,74
1dfd6bf435ba5300,2021.06.08.17.36.50_veh-26_00639_01479,traversing_pickup_dropoff,c3cefb1c7b3f5125,VEHICLE,29,100,72,72,0,72,71,1,0,1623189033033020,1623189036573985,38,0,34
1dfd6bf435ba5300,2021.06.08.17.36.50_veh-26_00639_01479,traversing_pickup_dropoff,d2ae24841b0a56ec,VEHICLE,29,100,72,72,0,72,71,1,0,1623189033033020,1623189036573985,0,0,72
1dfd6bf435ba5300,2021.06.08.17.36.50_veh-26_00639_01479,traversing_pickup_dropoff,f3f4f964f3ce5c35,GENERIC_OBJECT,29,32,4,4,0,4,3,1,0,1623189033033020,1623189033182478,4,0,0
1dfd6bf435ba5300,2021.06.08.17.36.50_veh-26_00639_01479,traversing_pickup_dropoff,16a59d9b4b465380,PEDESTRIAN,36,100,65,65,0,65,64,1,0,1623189033381778,1623189036573985,0,0,65
1dfd6bf435ba5300,2021.06.08.17.36.50_veh-26_00639_01479,traversing_pickup_dropoff,0956b878f2565682,PEDESTRIAN,40,100,61,61,0,61,60,1,0,1623189033581051,1623189036573985,0,0,61
1dfd6bf435ba5300,2021.06.08.17.36.50_veh-26_00639_01479,traversing_pickup_dropoff,5f1a7f4ecdb4510b,TRAFFIC_CONE,40,80,41,41,0,41,40,1,0,1623189033581051,1623189035575524,41,0,0
1dfd6bf435ba5300,2021.06.08.17.36.50_veh-26_00639_01479,traversing_pickup_dropoff,8fe4e47325895cef,PEDESTRIAN,43,100,58,58,0,58,57,1,0,1623189033730522,1623189036573985,58,0,0
1dfd6bf435ba5300,2021.06.08.17.36.50_veh-26_00639_01479,traversing_pickup_dropoff,a37e3a0a0dcc52ec,TRAFFIC_CONE,43,92,50,50,0,50,49,1,0,1623189033730522,1623189036174508,0,14,36
1dfd6bf435ba5300,2021.06.08.17.36.50_veh-26_00639_01479,traversing_pickup_dropoff,0e722ab4211958c5,VEHICLE,44,54,11,11,0,11,10,1,0,1623189033780355,1623189034278717,0,0,11
1dfd6bf435ba5300,2021.06.08.17.36.50_veh-26_00639_01479,traversing_pickup_dropoff,e29f3ce705455d2d,BARRIER,44,100,57,57,0,57,56,1,0,1623189033780355,1623189036573985,0,5,52
1dfd6bf435ba5300,2021.06.08.17.36.50_veh-26_00639_01479,traversing_pickup_dropoff,87236b0ee728549d,GENERIC_OBJECT,50,100,51,51,0,51,50,1,0,1623189034079386,1623189036573985,0,25,26
1dfd6bf435ba5300,2021.06.08.17.36.50_veh-26_00639_01479,traversing_pickup_dropoff,e53c61946d2b5809,TRAFFIC_CONE,55,100,46,46,0,46,45,1,0,1623189034328563,1623189036573985,0,0,46
1dfd6bf435ba5300,2021.06.08.17.36.50_veh-26_00639_01479,traversing_pickup_dropoff,aa51b4e395f65827,GENERIC_OBJECT,56,59,4,4,0,4,3,1,0,1623189034378415,1623189034527976,4,0,0
1dfd6bf435ba5300,2021.06.08.17.36.50_veh-26_00639_01479,traversing_pickup_dropoff,9eae644504905971,GENERIC_OBJECT,58,100,43,43,0,43,42,1,0,1623189034478123,1623189036573985,0,7,36
1dfd6bf435ba5300,2021.06.08.17.36.50_veh-26_00639_01479,traversing_pickup_dropoff,a664271d696257f1,GENERIC_OBJECT,59,94,36,36,0,36,35,1,0,1623189034527976,1623189036274384,0,9,27
1dfd6bf435ba5300,2021.06.08.17.36.50_veh-26_00639_01479,traversing_pickup_dropoff,6a6a2e1fe4a659e7,VEHICLE,63,100,38,38,0,38,37,1,0,1623189034727396,1623189036573985,0,0,38
1dfd6bf435ba5300,2021.06.08.17.36.50_veh-26_00639_01479,traversing_pickup_dropoff,d15ae734688a536e,TRAFFIC_CONE,63,100,38,38,0,38,37,1,0,1623189034727396,1623189036573985,0,0,38
1dfd6bf435ba5300,2021.06.08.17.36.50_veh-26_00639_01479,traversing_pickup_dropoff,b5120c1dc4ba56fe,TRAFFIC_CONE,63,100,38,38,0,38,37,1,0,1623189034727396,1623189036573985,0,0,38
1dfd6bf435ba5300,2021.06.08.17.36.50_veh-26_00639_01479,traversing_pickup_dropoff,caee245528d759b4,TRAFFIC_CONE,64,87,24,24,0,24,23,1,0,1623189034777259,1623189035924878,0,0,24
1dfd6bf435ba5300,2021.06.08.17.36.50_veh-26_00639_01479,traversing_pickup_dropoff,3415204bbd7d552c,TRAFFIC_CONE,72,100,29,29,0,29,28,1,0,1623189035176342,1623189036573985,0,0,29
1dfd6bf435ba5300,2021.06.08.17.36.50_veh-26_00639_01479,traversing_pickup_dropoff,7f9b8c48557f517f,TRAFFIC_CONE,72,100,29,29,0,29,28,1,0,1623189035176342,1623189036573985,0,0,29
1dfd6bf435ba5300,2021.06.08.17.36.50_veh-26_00639_01479,traversing_pickup_dropoff,1551d30b0c445dc2,TRAFFIC_CONE,72,93,22,22,0,22,21,1,0,1623189035176342,1623189036224445,20,2,0
1dfd6bf435ba5300,2021.06.08.17.36.50_veh-26_00639_01479,traversing_pickup_dropoff,f8d0d83463105281,BARRIER,72,100,29,29,0,29,28,1,0,1623189035176342,1623189036573985,0,0,29
1dfd6bf435ba5300,2021.06.08.17.36.50_veh-26_00639_01479,traversing_pickup_dropoff,2cbca601bff65a62,TRAFFIC_CONE,73,99,27,27,0,27,26,1,0,1623189035226240,1623189036524053,0,0,27
1dfd6bf435ba5300,2021.06.08.17.36.50_veh-26_00639_01479,traversing_pickup_dropoff,8e2e6961e1e05099,TRAFFIC_CONE,73,99,27,27,0,27,26,1,0,1623189035226240,1623189036524053,0,0,27
1dfd6bf435ba5300,2021.06.08.17.36.50_veh-26_00639_01479,traversing_pickup_dropoff,2cb0462a44015e17,TRAFFIC_CONE,74,100,27,27,0,27,26,1,0,1623189035276140,1623189036573985,0,0,27
1dfd6bf435ba5300,2021.06.08.17.36.50_veh-26_00639_01479,traversing_pickup_dropoff,9c19d6d186d155bd,GENERIC_OBJECT,74,100,27,27,0,27,26,1,0,1623189035276140,1623189036573985,22,5,0
1dfd6bf435ba5300,2021.06.08.17.36.50_veh-26_00639_01479,traversing_pickup_dropoff,29ea8db25d665b63,VEHICLE,76,100,25,25,0,25,24,1,0,1623189035375940,1623189036573985,0,0,25
1dfd6bf435ba5300,2021.06.08.17.36.50_veh-26_00639_01479,traversing_pickup_dropoff,86b3acecb1dc522b,GENERIC_OBJECT,76,100,25,25,0,25,24,1,0,1623189035375940,1623189036573985,25,0,0
1dfd6bf435ba5300,2021.06.08.17.36.50_veh-26_00639_01479,traversing_pickup_dropoff,18f87316c0595784,TRAFFIC_CONE,77,82,6,6,0,6,5,1,0,1623189035425839,1623189035675318,0,0,6
1dfd6bf435ba5300,2021.06.08.17.36.50_veh-26_00639_01479,traversing_pickup_dropoff,8122ed74671a5e09,TRAFFIC_CONE,77,100,24,24,0,24,23,1,0,1623189035425839,1623189036573985,0,0,24
1dfd6bf435ba5300,2021.06.08.17.36.50_veh-26_00639_01479,traversing_pickup_dropoff,0204fa127caf501d,GENERIC_OBJECT,79,100,22,22,0,22,21,1,0,1623189035525629,1623189036573985,7,15,0
1dfd6bf435ba5300,2021.06.08.17.36.50_veh-26_00639_01479,traversing_pickup_dropoff,ba9e51d52975582c,TRAFFIC_CONE,80,100,21,21,0,21,20,1,0,1623189035575524,1623189036573985,0,0,21
1dfd6bf435ba5300,2021.06.08.17.36.50_veh-26_00639_01479,traversing_pickup_dropoff,8042533717345baa,TRAFFIC_CONE,81,100,20,20,0,20,19,1,0,1623189035625420,1623189036573985,0,0,20
1dfd6bf435ba5300,2021.06.08.17.36.50_veh-26_00639_01479,traversing_pickup_dropoff,40cea545cb1a5131,TRAFFIC_CONE,81,100,20,20,0,20,19,1,0,1623189035625420,1623189036573985,0,0,20
1dfd6bf435ba5300,2021.06.08.17.36.50_veh-26_00639_01479,traversing_pickup_dropoff,c76c38c49cc75a36,TRAFFIC_CONE,82,98,17,17,0,17,16,1,0,1623189035675318,1623189036474123,0,0,17
1dfd6bf435ba5300,2021.06.08.17.36.50_veh-26_00639_01479,traversing_pickup_dropoff,4f37202eea6b51cf,BARRIER,82,100,19,19,0,19,18,1,0,1623189035675318,1623189036573985,0,0,19
1dfd6bf435ba5300,2021.06.08.17.36.50_veh-26_00639_01479,traversing_pickup_dropoff,967c755e6bcc54bc,GENERIC_OBJECT,82,100,19,19,0,19,18,1,0,1623189035675318,1623189036573985,5,14,0
1dfd6bf435ba5300,2021.06.08.17.36.50_veh-26_00639_01479,traversing_pickup_dropoff,1b016822351656a1,GENERIC_OBJECT,82,94,13,13,0,13,12,1,0,1623189035675318,1623189036274384,0,13,0
1dfd6bf435ba5300,2021.06.08.17.36.50_veh-26_00639_01479,traversing_pickup_dropoff,a8acf0550f12540c,VEHICLE,83,100,18,18,0,18,17,1,0,1623189035725222,1623189036573985,0,0,18
1dfd6bf435ba5300,2021.06.08.17.36.50_veh-26_00639_01479,traversing_pickup_dropoff,e0710aab0e905760,GENERIC_OBJECT,84,93,10,10,0,10,9,1,0,1623189035775132,1623189036224445,10,0,0
1dfd6bf435ba5300,2021.06.08.17.36.50_veh-26_00639_01479,traversing_pickup_dropoff,8c0a6a7068f7564f,VEHICLE,85,100,16,16,0,16,15,1,0,1623189035825045,1623189036573985,0,0,16
1dfd6bf435ba5300,2021.06.08.17.36.50_veh-26_00639_01479,traversing_pickup_dropoff,b32dcdee09645079,BARRIER,85,100,16,16,0,16,15,1,0,1623189035825045,1623189036573985,12,4,0
1dfd6bf435ba5300,2021.06.08.17.36.50_veh-26_00639_01479,traversing_pickup_dropoff,740a87121b215386,BARRIER,88,100,13,13,0,13,12,1,0,1623189035974798,1623189036573985,0,0,13
1dfd6bf435ba5300,2021.06.08.17.36.50_veh-26_00639_01479,traversing_pickup_dropoff,6c2b0027ede25f6d,PEDESTRIAN,93,100,8,8,0,8,7,1,0,1623189036224445,1623189036573985,8,0,0
1dfd6bf435ba5300,2021.06.08.17.36.50_veh-26_00639_01479,traversing_pickup_dropoff,af9cc11f787d54d6,BARRIER,95,100,6,6,0,6,5,1,0,1623189036324323,1623189036573985,0,6,0
1dfd6bf435ba5300,2021.06.08.17.36.50_veh-26_00639_01479,traversing_pickup_dropoff,5d6d3610ef6957ac,BARRIER,95,100,6,6,0,6,5,1,0,1623189036324323,1623189036573985,0,0,6
1dfd6bf435ba5300,2021.06.08.17.36.50_veh-26_00639_01479,traversing_pickup_dropoff,5e85faa718bd5f03,TRAFFIC_CONE,99,100,2,2,0,2,1,1,0,1623189036524053,1623189036573985,0,2,0
1dfd6bf435ba5300,2021.06.08.17.36.50_veh-26_00639_01479,traversing_pickup_dropoff,16f8f51ba7125ca7,TRAFFIC_CONE,99,100,2,2,0,2,1,1,0,1623189036524053,1623189036573985,0,2,0
a6b771dda7545822,2021.06.08.12.54.54_veh-26_04262_04732,near_pedestrian_on_crosswalk,b198cfa710145123,VEHICLE,0,100,101,101,0,101,100,1,0,1623175832476813,1623175837470275,0,0,101
a6b771dda7545822,2021.06.08.12.54.54_veh-26_04262_04732,near_pedestrian_on_crosswalk,fe18f6a32880516e,VEHICLE,0,100,101,101,0,101,100,1,0,1623175832476813,1623175837470275,101,0,0
a6b771dda7545822,2021.06.08.12.54.54_veh-26_04262_04732,near_pedestrian_on_crosswalk,a4e08b5e6a625836,VEHICLE,0,100,101,101,0,101,100,1,0,1623175832476813,1623175837470275,0,0,101
a6b771dda7545822,2021.06.08.12.54.54_veh-26_04262_04732,near_pedestrian_on_crosswalk,5c0e0b23f10c5d24,VEHICLE,0,11,12,12,0,12,11,1,0,1623175832476813,1623175833026333,0,0,12
a6b771dda7545822,2021.06.08.12.54.54_veh-26_04262_04732,near_pedestrian_on_crosswalk,5bff03b74edd5e0c,PEDESTRIAN,0,84,85,85,0,85,84,1,0,1623175832476813,1623175836671422,0,0,85
a6b771dda7545822,2021.06.08.12.54.54_veh-26_04262_04732,near_pedestrian_on_crosswalk,8883f39a721151ba,PEDESTRIAN,0,6,7,7,0,7,6,1,0,1623175832476813,1623175832776553,0,3,4
a6b771dda7545822,2021.06.08.12.54.54_veh-26_04262_04732,near_pedestrian_on_crosswalk,724edfb1605256a1,PEDESTRIAN,0,100,101,101,0,101,100,1,0,1623175832476813,1623175837470275,0,0,101
a6b771dda7545822,2021.06.08.12.54.54_veh-26_04262_04732,near_pedestrian_on_crosswalk,14e6e4c3e06f5256,PEDESTRIAN,0,100,101,101,0,101,100,1,0,1623175832476813,1623175837470275,0,0,101
a6b771dda7545822,2021.06.08.12.54.54_veh-26_04262_04732,near_pedestrian_on_crosswalk,7f34fd4dd2c45198,PEDESTRIAN,0,100,101,101,0,101,100,1,0,1623175832476813,1623175837470275,0,0,101
a6b771dda7545822,2021.06.08.12.54.54_veh-26_04262_04732,near_pedestrian_on_crosswalk,2f452f3a7329581d,PEDESTRIAN,0,100,101,101,0,101,100,1,0,1623175832476813,1623175837470275,0,0,101
a6b771dda7545822,2021.06.08.12.54.54_veh-26_04262_04732,near_pedestrian_on_crosswalk,c53285ee7cd15389,PEDESTRIAN,0,5,6,6,0,6,5,1,0,1623175832476813,1623175832726600,0,5,1
a6b771dda7545822,2021.06.08.12.54.54_veh-26_04262_04732,near_pedestrian_on_crosswalk,b632d60cf33e5faf,PEDESTRIAN,0,15,16,16,0,16,15,1,0,1623175832476813,1623175833226129,0,0,16
a6b771dda7545822,2021.06.08.12.54.54_veh-26_04262_04732,near_pedestrian_on_crosswalk,e71a922aeb7f5081,PEDESTRIAN,0,100,101,101,0,101,100,1,0,1623175832476813,1623175837470275,0,7,94
a6b771dda7545822,2021.06.08.12.54.54_veh-26_04262_04732,near_pedestrian_on_crosswalk,60ccbd17e39054ec,PEDESTRIAN,0,100,101,101,0,101,100,1,0,1623175832476813,1623175837470275,34,37,30
a6b771dda7545822,2021.06.08.12.54.54_veh-26_04262_04732,near_pedestrian_on_crosswalk,617265ca5f375cf2,PEDESTRIAN,0,27,28,28,0,28,27,1,0,1623175832476813,1623175833825541,0,7,21
a6b771dda7545822,2021.06.08.12.54.54_veh-26_04262_04732,near_pedestrian_on_crosswalk,f48cc08bc76e5711,PEDESTRIAN,0,100,101,101,0,101,100,1,0,1623175832476813,1623175837470275,29,33,39
a6b771dda7545822,2021.06.08.12.54.54_veh-26_04262_04732,near_pedestrian_on_crosswalk,835e839b5d9c5667,PEDESTRIAN,0,100,101,101,0,101,100,1,0,1623175832476813,1623175837470275,3,20,78
a6b771dda7545822,2021.06.08.12.54.54_veh-26_04262_04732,near_pedestrian_on_crosswalk,cac69e63790057ec,PEDESTRIAN,0,100,101,101,0,101,100,1,0,1623175832476813,1623175837470275,11,27,63
a6b771dda7545822,2021.06.08.12.54.54_veh-26_04262_04732,near_pedestrian_on_crosswalk,b15f23ac83ca53c9,PEDESTRIAN,0,100,101,101,0,101,100,1,0,1623175832476813,1623175837470275,99,0,2
a6b771dda7545822,2021.06.08.12.54.54_veh-26_04262_04732,near_pedestrian_on_crosswalk,ca0707ed96ac54f4,PEDESTRIAN,0,100,101,101,0,101,100,1,0,1623175832476813,1623175837470275,5,23,73
a6b771dda7545822,2021.06.08.12.54.54_veh-26_04262_04732,near_pedestrian_on_crosswalk,5c4052714d9357dd,PEDESTRIAN,0,100,101,101,0,101,100,1,0,1623175832476813,1623175837470275,96,0,5
a6b771dda7545822,2021.06.08.12.54.54_veh-26_04262_04732,near_pedestrian_on_crosswalk,4fcf7d25d7c750dc,PEDESTRIAN,0,100,101,101,0,101,100,1,0,1623175832476813,1623175837470275,91,10,0
a6b771dda7545822,2021.06.08.12.54.54_veh-26_04262_04732,near_pedestrian_on_crosswalk,81e082d1368e5530,PEDESTRIAN,0,100,101,101,0,101,100,1,0,1623175832476813,1623175837470275,98,0,3
a6b771dda7545822,2021.06.08.12.54.54_veh-26_04262_04732,near_pedestrian_on_crosswalk,f72f3a43cd195829,PEDESTRIAN,0,100,101,101,0,101,100,1,0,1623175832476813,1623175837470275,92,0,9
a6b771dda7545822,2021.06.08.12.54.54_veh-26_04262_04732,near_pedestrian_on_crosswalk,cd5837132a885618,PEDESTRIAN,0,100,101,101,0,101,100,1,0,1623175832476813,1623175837470275,62,19,20
a6b771dda7545822,2021.06.08.12.54.54_veh-26_04262_04732,near_pedestrian_on_crosswalk,9ee04320cb34593f,PEDESTRIAN,0,100,101,101,0,101,100,1,0,1623175832476813,1623175837470275,92,0,9
a6b771dda7545822,2021.06.08.12.54.54_veh-26_04262_04732,near_pedestrian_on_crosswalk,fb862c63439a58b3,PEDESTRIAN,0,100,101,101,0,101,100,1,0,1623175832476813,1623175837470275,101,0,0
a6b771dda7545822,2021.06.08.12.54.54_veh-26_04262_04732,near_pedestrian_on_crosswalk,8fd2619186b454e5,PEDESTRIAN,0,100,101,101,0,101,100,1,0,1623175832476813,1623175837470275,61,23,17
a6b771dda7545822,2021.06.08.12.54.54_veh-26_04262_04732,near_pedestrian_on_crosswalk,62616becaee95a1f,PEDESTRIAN,0,100,101,101,0,101,100,1,0,1623175832476813,1623175837470275,78,3,20
a6b771dda7545822,2021.06.08.12.54.54_veh-26_04262_04732,near_pedestrian_on_crosswalk,cda7bdce77275a91,PEDESTRIAN,0,100,101,101,0,101,100,1,0,1623175832476813,1623175837470275,100,0,1
a6b771dda7545822,2021.06.08.12.54.54_veh-26_04262_04732,near_pedestrian_on_crosswalk,70ee7746fd9c5fa9,PEDESTRIAN,0,20,21,21,0,21,20,1,0,1623175832476813,1623175833475907,11,10,0
a6b771dda7545822,2021.06.08.12.54.54_veh-26_04262_04732,near_pedestrian_on_crosswalk,dc6b1bdb60db55ed,PEDESTRIAN,0,100,101,101,0,101,100,1,0,1623175832476813,1623175837470275,47,28,26
a6b771dda7545822,2021.06.08.12.54.54_veh-26_04262_04732,near_pedestrian_on_crosswalk,75d511d1aae558a4,PEDESTRIAN,0,100,101,101,0,101,100,1,0,1623175832476813,1623175837470275,50,26,25
a6b771dda7545822,2021.06.08.12.54.54_veh-26_04262_04732,near_pedestrian_on_crosswalk,5605e4dbc6445976,PEDESTRIAN,0,100,101,101,0,101,100,1,0,1623175832476813,1623175837470275,101,0,0
a6b771dda7545822,2021.06.08.12.54.54_veh-26_04262_04732,near_pedestrian_on_crosswalk,1264a6d437df5d9e,PEDESTRIAN,0,100,101,101,0,101,100,1,0,1623175832476813,1623175837470275,101,0,0
a6b771dda7545822,2021.06.08.12.54.54_veh-26_04262_04732,near_pedestrian_on_crosswalk,a09f735ce4935161,PEDESTRIAN,0,100,101,101,0,101,100,1,0,1623175832476813,1623175837470275,101,0,0
a6b771dda7545822,2021.06.08.12.54.54_veh-26_04262_04732,near_pedestrian_on_crosswalk,1b11cccbb4395964,PEDESTRIAN,0,100,101,101,0,101,100,1,0,1623175832476813,1623175837470275,101,0,0
a6b771dda7545822,2021.06.08.12.54.54_veh-26_04262_04732,near_pedestrian_on_crosswalk,06db5d392038536a,PEDESTRIAN,0,100,101,101,0,101,100,1,0,1623175832476813,1623175837470275,37,19,45
a6b771dda7545822,2021.06.08.12.54.54_veh-26_04262_04732,near_pedestrian_on_crosswalk,5e9c612e184f59e5,PEDESTRIAN,0,100,101,101,0,101,100,1,0,1623175832476813,1623175837470275,98,3,0
a6b771dda7545822,2021.06.08.12.54.54_veh-26_04262_04732,near_pedestrian_on_crosswalk,d06db7b5d7f15fb4,PEDESTRIAN,0,100,101,101,0,101,100,1,0,1623175832476813,1623175837470275,33,15,53
a6b771dda7545822,2021.06.08.12.54.54_veh-26_04262_04732,near_pedestrian_on_crosswalk,267dd95d2bbf5d8b,PEDESTRIAN,0,35,36,36,0,36,35,1,0,1623175832476813,1623175834225007,0,0,36
a6b771dda7545822,2021.06.08.12.54.54_veh-26_04262_04732,near_pedestrian_on_crosswalk,176fa95b33155e24,PEDESTRIAN,0,100,101,101,0,101,100,1,0,1623175832476813,1623175837470275,41,24,36
a6b771dda7545822,2021.06.08.12.54.54_veh-26_04262_04732,near_pedestrian_on_crosswalk,6fe241c2c18e51a8,PEDESTRIAN,0,92,93,93,0,93,92,1,0,1623175832476813,1623175837070816,0,16,77
a6b771dda7545822,2021.06.08.12.54.54_veh-26_04262_04732,near_pedestrian_on_crosswalk,e98025ee9a6d5c59,PEDESTRIAN,0,1,2,2,0,2,1,1,0,1623175832476813,1623175832526775,0,2,0
a6b771dda7545822,2021.06.08.12.54.54_veh-26_04262_04732,near_pedestrian_on_crosswalk,6f34d47442f454fa,PEDESTRIAN,0,70,71,71,0,71,70,1,0,1623175832476813,1623175835972493,60,11,0
a6b771dda7545822,2021.06.08.12.54.54_veh-26_04262_04732,near_pedestrian_on_crosswalk,15640b4b3b825bc2,CZONE_SIGN,0,100,101,101,0,101,100,1,0,1623175832476813,1623175837470275,54,7,40
a6b771dda7545822,2021.06.08.12.54.54_veh-26_04262_04732,near_pedestrian_on_crosswalk,dd603c7a49875fa0,GENERIC_OBJECT,0,11,12,12,0,12,11,1,0,1623175832476813,1623175833026333,0,0,12
a6b771dda7545822,2021.06.08.12.54.54_veh-26_04262_04732,near_pedestrian_on_crosswalk,0e3ecd3c9e345eb1,GENERIC_OBJECT,0,14,15,15,0,15,14,1,0,1623175832476813,1623175833176178,0,0,15
a6b771dda7545822,2021.06.08.12.54.54_veh-26_04262_04732,near_pedestrian_on_crosswalk,a02e85b3da305c14,GENERIC_OBJECT,0,33,34,34,0,34,33,1,0,1623175832476813,1623175834125139,0,0,34
a6b771dda7545822,2021.06.08.12.54.54_veh-26_04262_04732,near_pedestrian_on_crosswalk,53e88b9e62c15599,GENERIC_OBJECT,0,34,35,35,0,35,34,1,0,1623175832476813,1623175834175073,0,0,35
a6b771dda7545822,2021.06.08.12.54.54_veh-26_04262_04732,near_pedestrian_on_crosswalk,e3f6984f26a7557f,GENERIC_OBJECT,0,42,43,43,0,43,42,1,0,1623175832476813,1623175834574573,0,0,43
a6b771dda7545822,2021.06.08.12.54.54_veh-26_04262_04732,near_pedestrian_on_crosswalk,74ba0a5473c2562b,GENERIC_OBJECT,0,46,47,47,0,47,46,1,0,1623175832476813,1623175834774310,0,0,47
a6b771dda7545822,2021.06.08.12.54.54_veh-26_04262_04732,near_pedestrian_on_crosswalk,ff12f741061c5d58,GENERIC_OBJECT,0,53,54,54,0,54,53,1,0,1623175832476813,1623175835123833,0,0,54
a6b771dda7545822,2021.06.08.12.54.54_veh-26_04262_04732,near_pedestrian_on_crosswalk,7957fd6983595ea3,GENERIC_OBJECT,0,49,50,50,0,50,49,1,0,1623175832476813,1623175834924115,0,0,50
a6b771dda7545822,2021.06.08.12.54.54_veh-26_04262_04732,near_pedestrian_on_crosswalk,02f8cbb4479d5a4a,GENERIC_OBJECT,0,60,61,61,0,61,60,1,0,1623175832476813,1623175835473325,0,0,61
a6b771dda7545822,2021.06.08.12.54.54_veh-26_04262_04732,near_pedestrian_on_crosswalk,771f8660515f5102,GENERIC_OBJECT,0,63,64,64,0,64,63,1,0,1623175832476813,1623175835623062,0,0,64
a6b771dda7545822,2021.06.08.12.54.54_veh-26_04262_04732,near_pedestrian_on_crosswalk,8dade0eabefd5939,GENERIC_OBJECT,0,70,71,71,0,71,70,1,0,1623175832476813,1623175835972493,0,0,71
a6b771dda7545822,2021.06.08.12.54.54_veh-26_04262_04732,near_pedestrian_on_crosswalk,8b215cf962d750b6,GENERIC_OBJECT,0,73,74,74,0,74,73,1,0,1623175832476813,1623175836122259,0,0,74
a6b771dda7545822,2021.06.08.12.54.54_veh-26_04262_04732,near_pedestrian_on_crosswalk,b3aa5a93cd925601,GENERIC_OBJECT,0,77,78,78,0,78,77,1,0,1623175832476813,1623175836321970,0,0,78
a6b771dda7545822,2021.06.08.12.54.54_veh-26_04262_04732,near_pedestrian_on_crosswalk,accaa48c1c0e594e,GENERIC_OBJECT,0,77,78,78,0,78,77,1,0,1623175832476813,1623175836321970,0,0,78
a6b771dda7545822,2021.06.08.12.54.54_veh-26_04262_04732,near_pedestrian_on_crosswalk,10c8562bce7e5e1c,GENERIC_OBJECT,0,74,75,75,0,75,74,1,0,1623175832476813,1623175836172188,0,0,75
a6b771dda7545822,2021.06.08.12.54.54_veh-26_04262_04732,near_pedestrian_on_crosswalk,90980acecdf9584d,GENERIC_OBJECT,0,71,72,72,0,72,71,1,0,1623175832476813,1623175836022411,0,0,72
a6b771dda7545822,2021.06.08.12.54.54_veh-26_04262_04732,near_pedestrian_on_crosswalk,ce563770893653a2,GENERIC_OBJECT,0,88,89,89,0,89,88,1,0,1623175832476813,1623175836871117,0,0,89
a6b771dda7545822,2021.06.08.12.54.54_veh-26_04262_04732,near_pedestrian_on_crosswalk,f9c15041838e5a3b,GENERIC_OBJECT,0,65,66,66,0,66,65,1,0,1623175832476813,1623175835722891,0,0,66
a6b771dda7545822,2021.06.08.12.54.54_veh-26_04262_04732,near_pedestrian_on_crosswalk,16515a3f59785901,GENERIC_OBJECT,0,61,62,62,0,62,61,1,0,1623175832476813,1623175835523241,0,0,62
a6b771dda7545822,2021.06.08.12.54.54_veh-26_04262_04732,near_pedestrian_on_crosswalk,72aabdc7de295445,GENERIC_OBJECT,0,23,24,24,0,24,23,1,0,1623175832476813,1623175833625753,0,0,24
a6b771dda7545822,2021.06.08.12.54.54_veh-26_04262_04732,near_pedestrian_on_crosswalk,58705f1fcb255cc8,GENERIC_OBJECT,0,17,18,18,0,18,17,1,0,1623175832476813,1623175833326037,0,0,18
a6b771dda7545822,2021.06.08.12.54.54_veh-26_04262_04732,near_pedestrian_on_crosswalk,58620b2e61745e3e,GENERIC_OBJECT,0,85,86,86,0,86,85,1,0,1623175832476813,1623175836721343,0,0,86
a6b771dda7545822,2021.06.08.12.54.54_veh-26_04262_04732,near_pedestrian_on_crosswalk,76827817322e5726,GENERIC_OBJECT,0,82,83,83,0,83,82,1,0,1623175832476813,1623175836571582,0,32,51
a6b771dda7545822,2021.06.08.12.54.54_veh-26_04262_04732,near_pedestrian_on_crosswalk,4647178b09d450c7,GENERIC_OBJECT,0,88,89,89,0,89,88,1,0,1623175832476813,1623175836871117,0,0,89
a6b771dda7545822,2021.06.08.12.54.54_veh-26_04262_04732,near_pedestrian_on_crosswalk,3fc0e5470b6d5d5c,GENERIC_OBJECT,0,79,80,80,0,80,79,1,0,1623175832476813,1623175836421813,0,35,45
a6b771dda7545822,2021.06.08.12.54.54_veh-26_04262_04732,near_pedestrian_on_crosswalk,1092bcece45a548e,GENERIC_OBJECT,0,79,80,80,0,80,79,1,0,1623175832476813,1623175836421813,0,30,50
a6b771dda7545822,2021.06.08.12.54.54_veh-26_04262_04732,near_pedestrian_on_crosswalk,8aa30c1d3b7d572a,GENERIC_OBJECT,0,100,101,101,0,101,100,1,0,1623175832476813,1623175837470275,0,41,60
a6b771dda7545822,2021.06.08.12.54.54_veh-26_04262_04732,near_pedestrian_on_crosswalk,0846542d45f1543e,GENERIC_OBJECT,0,100,101,101,0,101,100,1,0,1623175832476813,1623175837470275,0,45,56
a6b771dda7545822,2021.06.08.12.54.54_veh-26_04262_04732,near_pedestrian_on_crosswalk,77910360b74b5fc7,GENERIC_OBJECT,0,46,47,47,0,47,46,1,0,1623175832476813,1623175834774310,0,0,47
a6b771dda7545822,2021.06.08.12.54.54_veh-26_04262_04732,near_pedestrian_on_crosswalk,c4222b0307c150a2,GENERIC_OBJECT,0,100,101,101,0,101,100,1,0,1623175832476813,1623175837470275,0,48,53
a6b771dda7545822,2021.06.08.12.54.54_veh-26_04262_04732,near_pedestrian_on_crosswalk,ea9658db29475dc4,GENERIC_OBJECT,0,100,101,101,0,101,100,1,0,1623175832476813,1623175837470275,0,51,50
a6b771dda7545822,2021.06.08.12.54.54_veh-26_04262_04732,near_pedestrian_on_crosswalk,7581e6362bd052ab,GENERIC_OBJECT,0,100,101,101,0,101,100,1,0,1623175832476813,1623175837470275,0,55,46
a6b771dda7545822,2021.06.08.12.54.54_veh-26_04262_04732,near_pedestrian_on_crosswalk,a6221c9c3ca5545b,GENERIC_OBJECT,0,100,101,101,0,101,100,1,0,1623175832476813,1623175837470275,0,58,43
a6b771dda7545822,2021.06.08.12.54.54_veh-26_04262_04732,near_pedestrian_on_crosswalk,edce0381d761502c,GENERIC_OBJECT,0,100,101,101,0,101,100,1,0,1623175832476813,1623175837470275,0,61,40
a6b771dda7545822,2021.06.08.12.54.54_veh-26_04262_04732,near_pedestrian_on_crosswalk,fdf76c3659e35b8e,GENERIC_OBJECT,0,100,101,101,0,101,100,1,0,1623175832476813,1623175837470275,0,65,36
a6b771dda7545822,2021.06.08.12.54.54_veh-26_04262_04732,near_pedestrian_on_crosswalk,b8925720c6d95d9d,GENERIC_OBJECT,0,100,101,101,0,101,100,1,0,1623175832476813,1623175837470275,0,68,33
a6b771dda7545822,2021.06.08.12.54.54_veh-26_04262_04732,near_pedestrian_on_crosswalk,568d178b09c65c5b,GENERIC_OBJECT,0,67,68,68,0,68,67,1,0,1623175832476813,1623175835822734,0,0,68
a6b771dda7545822,2021.06.08.12.54.54_veh-26_04262_04732,near_pedestrian_on_crosswalk,05e1f8dc746c552c,GENERIC_OBJECT,0,100,101,101,0,101,100,1,0,1623175832476813,1623175837470275,0,72,29
a6b771dda7545822,2021.06.08.12.54.54_veh-26_04262_04732,near_pedestrian_on_crosswalk,18c3103aca225dc9,GENERIC_OBJECT,0,100,101,101,0,101,100,1,0,1623175832476813,1623175837470275,0,75,26
a6b771dda7545822,2021.06.08.12.54.54_veh-26_04262_04732,near_pedestrian_on_crosswalk,2291accd15ed5e7f,GENERIC_OBJECT,0,100,101,101,0,101,100,1,0,1623175832476813,1623175837470275,78,3,20
a6b771dda7545822,2021.06.08.12.54.54_veh-26_04262_04732,near_pedestrian_on_crosswalk,9011b881ecbc5691,GENERIC_OBJECT,0,100,101,101,0,101,100,1,0,1623175832476813,1623175837470275,4,74,23
a6b771dda7545822,2021.06.08.12.54.54_veh-26_04262_04732,near_pedestrian_on_crosswalk,5f4941ad06cc5126,GENERIC_OBJECT,0,100,101,101,0,101,100,1,0,1623175832476813,1623175837470275,63,4,34
a6b771dda7545822,2021.06.08.12.54.54_veh-26_04262_04732,near_pedestrian_on_crosswalk,ac1c4651d7095322,GENERIC_OBJECT,0,82,83,83,0,83,82,1,0,1623175832476813,1623175836571582,45,8,30
a6b771dda7545822,2021.06.08.12.54.54_veh-26_04262_04732,near_pedestrian_on_crosswalk,4e953c2c36b855a1,GENERIC_OBJECT,0,100,101,101,0,101,100,1,0,1623175832476813,1623175837470275,1,81,19
a6b771dda7545822,2021.06.08.12.54.54_veh-26_04262_04732,near_pedestrian_on_crosswalk,a2997acf243f59e3,GENERIC_OBJECT,0,100,101,101,0,101,100,1,0,1623175832476813,1623175837470275,59,4,38
a6b771dda7545822,2021.06.08.12.54.54_veh-26_04262_04732,near_pedestrian_on_crosswalk,f3c2e32274df5a53,GENERIC_OBJECT,0,100,101,101,0,101,100,1,0,1623175832476813,1623175837470275,71,3,27
a6b771dda7545822,2021.06.08.12.54.54_veh-26_04262_04732,near_pedestrian_on_crosswalk,15f2b9a3aa1e50cf,GENERIC_OBJECT,0,99,100,100,0,100,99,1,0,1623175832476813,1623175837420345,55,5,40
a6b771dda7545822,2021.06.08.12.54.54_veh-26_04262_04732,near_pedestrian_on_crosswalk,ff7c0544f9ef51b8,GENERIC_OBJECT,0,100,101,101,0,101,100,1,0,1623175832476813,1623175837470275,68,3,30
a6b771dda7545822,2021.06.08.12.54.54_veh-26_04262_04732,near_pedestrian_on_crosswalk,2bfb81094b575c91,GENERIC_OBJECT,0,100,101,101,0,101,100,1,0,1623175832476813,1623175837470275,0,85,16
a6b771dda7545822,2021.06.08.12.54.54_veh-26_04262_04732,near_pedestrian_on_crosswalk,9ca37495fdea5773,GENERIC_OBJECT,0,100,101,101,0,101,100,1,0,1623175832476813,1623175837470275,51,5,45
a6b771dda7545822,2021.06.08.12.54.54_veh-26_04262_04732,near_pedestrian_on_crosswalk,33ee39edf3b15533,GENERIC_OBJECT,0,100,101,101,0,101,100,1,0,1623175832476813,1623175837470275,0,89,12
a6b771dda7545822,2021.06.08.12.54.54_veh-26_04262_04732,near_pedestrian_on_crosswalk,d667ef07d25e5c93,GENERIC_OBJECT,0,100,101,101,0,101,100,1,0,1623175832476813,1623175837470275,0,93,8
a6b771dda7545822,2021.06.08.12.54.54_veh-26_04262_04732,near_pedestrian_on_crosswalk,16aa4af185325ae6,GENERIC_OBJECT,0,82,83,83,0,83,82,1,0,1623175832476813,1623175836571582,41,8,34
a6b771dda7545822,2021.06.08.12.54.54_veh-26_04262_04732,near_pedestrian_on_crosswalk,83edcde7a1415044,GENERIC_OBJECT,0,100,101,101,0,101,100,1,0,1623175832476813,1623175837470275,30,9,62
a6b771dda7545822,2021.06.08.12.54.54_veh-26_04262_04732,near_pedestrian_on_crosswalk,ce4d0e96298e5858,GENERIC_OBJECT,0,100,101,101,0,101,100,1,0,1623175832476813,1623175837470275,82,3,16
a6b771dda7545822,2021.06.08.12.54.54_veh-26_04262_04732,near_pedestrian_on_crosswalk,5632431d6bc55a8a,GENERIC_OBJECT,0,83,84,84,0,84,83,1,0,1623175832476813,1623175836621502,32,10,42
a6b771dda7545822,2021.06.08.12.54.54_veh-26_04262_04732,near_pedestrian_on_crosswalk,ce0a92e2de9b5b7f,GENERIC_OBJECT,0,95,96,96,0,96,95,1,0,1623175832476813,1623175837220605,37,9,50
a6b771dda7545822,2021.06.08.12.54.54_veh-26_04262_04732,near_pedestrian_on_crosswalk,fea7b335d58c5798,GENERIC_OBJECT,0,100,101,101,0,101,100,1,0,1623175832476813,1623175837470275,86,2,13
a6b771dda7545822,2021.06.08.12.54.54_veh-26_04262_04732,near_pedestrian_on_crosswalk,5175c4b6e34b529e,GENERIC_OBJECT,0,100,101,101,0,101,100,1,0,1623175832476813,1623175837470275,0,101,0
a6b771dda7545822,2021.06.08.12.54.54_veh-26_04262_04732,near_pedestrian_on_crosswalk,b97119f0d3555a5c,GENERIC_OBJECT,0,100,101,101,0,101,100,1,0,1623175832476813,1623175837470275,0,101,0
a6b771dda7545822,2021.06.08.12.54.54_veh-26_04262_04732,near_pedestrian_on_crosswalk,cbeeac68aae45507,GENERIC_OBJECT,0,100,101,101,0,101,100,1,0,1623175832476813,1623175837470275,0,100,1
a6b771dda7545822,2021.06.08.12.54.54_veh-26_04262_04732,near_pedestrian_on_crosswalk,e79d3b13f84d533c,GENERIC_OBJECT,0,78,79,79,0,79,78,1,0,1623175832476813,1623175836371891,27,8,44
a6b771dda7545822,2021.06.08.12.54.54_veh-26_04262_04732,near_pedestrian_on_crosswalk,232781f3056f589d,GENERIC_OBJECT,0,100,101,101,0,101,100,1,0,1623175832476813,1623175837470275,0,101,0
a6b771dda7545822,2021.06.08.12.54.54_veh-26_04262_04732,near_pedestrian_on_crosswalk,3307d509719b561f,GENERIC_OBJECT,0,100,101,101,0,101,100,1,0,1623175832476813,1623175837470275,75,3,23
a6b771dda7545822,2021.06.08.12.54.54_veh-26_04262_04732,near_pedestrian_on_crosswalk,c398643db6a35716,GENERIC_OBJECT,0,100,101,101,0,101,100,1,0,1623175832476813,1623175837470275,0,101,0
a6b771dda7545822,2021.06.08.12.54.54_veh-26_04262_04732,near_pedestrian_on_crosswalk,0444196b6d3154c2,GENERIC_OBJECT,0,100,101,101,0,101,100,1,0,1623175832476813,1623175837470275,0,101,0
a6b771dda7545822,2021.06.08.12.54.54_veh-26_04262_04732,near_pedestrian_on_crosswalk,f6dedbb9db1a55e0,GENERIC_OBJECT,0,100,101,101,0,101,100,1,0,1623175832476813,1623175837470275,7,94,0
a6b771dda7545822,2021.06.08.12.54.54_veh-26_04262_04732,near_pedestrian_on_crosswalk,ac2acc278e37534b,GENERIC_OBJECT,0,100,101,101,0,101,100,1,0,1623175832476813,1623175837470275,90,2,9
a6b771dda7545822,2021.06.08.12.54.54_veh-26_04262_04732,near_pedestrian_on_crosswalk,17ca04098b2d5c0c,GENERIC_OBJECT,0,100,101,101,0,101,100,1,0,1623175832476813,1623175837470275,20,12,69
a6b771dda7545822,2021.06.08.12.54.54_veh-26_04262_04732,near_pedestrian_on_crosswalk,ae06c96b283b586a,GENERIC_OBJECT,0,49,50,50,0,50,49,1,0,1623175832476813,1623175834924115,17,11,22
a6b771dda7545822,2021.06.08.12.54.54_veh-26_04262_04732,near_pedestrian_on_crosswalk,66f82e83f06a5981,GENERIC_OBJECT,0,100,101,101,0,101,100,1,0,1623175832476813,1623175837470275,7,94,0
a6b771dda7545822,2021.06.08.12.54.54_veh-26_04262_04732,near_pedestrian_on_crosswalk,a69fb62ce6f35c62,GENERIC_OBJECT,0,100,101,101,0,101,100,1,0,1623175832476813,1623175837470275,7,94,0
a6b771dda7545822,2021.06.08.12.54.54_veh-26_04262_04732,near_pedestrian_on_crosswalk,8d394cd0fd245298,GENERIC_OBJECT,0,100,101,101,0,101,100,1,0,1623175832476813,1623175837470275,10,91,0
a6b771dda7545822,2021.06.08.12.54.54_veh-26_04262_04732,near_pedestrian_on_crosswalk,ebe18281c26456de,GENERIC_OBJECT,0,100,101,101,0,101,100,1,0,1623175832476813,1623175837470275,13,88,0
a6b771dda7545822,2021.06.08.12.54.54_veh-26_04262_04732,near_pedestrian_on_crosswalk,283f544bc7395fa9,GENERIC_OBJECT,0,100,101,101,0,101,100,1,0,1623175832476813,1623175837470275,15,86,0
a6b771dda7545822,2021.06.08.12.54.54_veh-26_04262_04732,near_pedestrian_on_crosswalk,777f7eed8f255af9,GENERIC_OBJECT,0,100,101,101,0,101,100,1,0,1623175832476813,1623175837470275,18,80,3
a6b771dda7545822,2021.06.08.12.54.54_veh-26_04262_04732,near_pedestrian_on_crosswalk,72db0c164cb25e6c,GENERIC_OBJECT,0,100,101,101,0,101,100,1,0,1623175832476813,1623175837470275,15,86,0
a6b771dda7545822,2021.06.08.12.54.54_veh-26_04262_04732,near_pedestrian_on_crosswalk,d569c99d07b8594d,GENERIC_OBJECT,0,100,101,101,0,101,100,1,0,1623175832476813,1623175837470275,22,69,10
a6b771dda7545822,2021.06.08.12.54.54_veh-26_04262_04732,near_pedestrian_on_crosswalk,f746ebda961b56c9,GENERIC_OBJECT,0,100,101,101,0,101,100,1,0,1623175832476813,1623175837470275,23,65,13
a6b771dda7545822,2021.06.08.12.54.54_veh-26_04262_04732,near_pedestrian_on_crosswalk,9387035036745f30,GENERIC_OBJECT,0,100,101,101,0,101,100,1,0,1623175832476813,1623175837470275,20,75,6
a6b771dda7545822,2021.06.08.12.54.54_veh-26_04262_04732,near_pedestrian_on_crosswalk,9d487d7197035c48,GENERIC_OBJECT,0,100,101,101,0,101,100,1,0,1623175832476813,1623175837470275,20,64,17
a6b771dda7545822,2021.06.08.12.54.54_veh-26_04262_04732,near_pedestrian_on_crosswalk,06c863479f505781,GENERIC_OBJECT,0,100,101,101,0,101,100,1,0,1623175832476813,1623175837470275,16,65,20
a6b771dda7545822,2021.06.08.12.54.54_veh-26_04262_04732,near_pedestrian_on_crosswalk,ef3e79c47c2a5161,GENERIC_OBJECT,0,100,101,101,0,101,100,1,0,1623175832476813,1623175837470275,0,101,0
a6b771dda7545822,2021.06.08.12.54.54_veh-26_04262_04732,near_pedestrian_on_crosswalk,9b4b127aada75b5a,GENERIC_OBJECT,0,100,101,101,0,101,100,1,0,1623175832476813,1623175837470275,13,65,23
a6b771dda7545822,2021.06.08.12.54.54_veh-26_04262_04732,near_pedestrian_on_crosswalk,e8dbe90a2d685f02,GENERIC_OBJECT,0,100,101,101,0,101,100,1,0,1623175832476813,1623175837470275,94,1,6
a6b771dda7545822,2021.06.08.12.54.54_veh-26_04262_04732,near_pedestrian_on_crosswalk,51ae7be44128515e,GENERIC_OBJECT,0,100,101,101,0,101,100,1,0,1623175832476813,1623175837470275,99,2,0
a6b771dda7545822,2021.06.08.12.54.54_veh-26_04262_04732,near_pedestrian_on_crosswalk,f3c0cebf3b385ad8,GENERIC_OBJECT,0,100,101,101,0,101,100,1,0,1623175832476813,1623175837470275,4,60,37
a6b771dda7545822,2021.06.08.12.54.54_veh-26_04262_04732,near_pedestrian_on_crosswalk,e908b951b0eb5c6f,GENERIC_OBJECT,0,100,101,101,0,101,100,1,0,1623175832476813,1623175837470275,7,60,34
a6b771dda7545822,2021.06.08.12.54.54_veh-26_04262_04732,near_pedestrian_on_crosswalk,06226cbcea985077,GENERIC_OBJECT,0,100,101,101,0,101,100,1,0,1623175832476813,1623175837470275,10,61,30
a6b771dda7545822,2021.06.08.12.54.54_veh-26_04262_04732,near_pedestrian_on_crosswalk,5574c5e66a035186,GENERIC_OBJECT,0,23,24,24,0,24,23,1,0,1623175832476813,1623175833625753,24,0,0
a6b771dda7545822,2021.06.08.12.54.54_veh-26_04262_04732,near_pedestrian_on_crosswalk,1db8e80e197851b2,GENERIC_OBJECT,0,100,101,101,0,101,100,1,0,1623175832476813,1623175837470275,12,62,27
a6b771dda7545822,2021.06.08.12.54.54_veh-26_04262_04732,near_pedestrian_on_crosswalk,7f205abd2268594a,GENERIC_OBJECT,0,100,101,101,0,101,100,1,0,1623175832476813,1623175837470275,0,57,44
a6b771dda7545822,2021.06.08.12.54.54_veh-26_04262_04732,near_pedestrian_on_crosswalk,8bb15eba61b85262,GENERIC_OBJECT,0,100,101,101,0,101,100,1,0,1623175832476813,1623175837470275,0,37,64
a6b771dda7545822,2021.06.08.12.54.54_veh-26_04262_04732,near_pedestrian_on_crosswalk,f3bb7d5a1f3d5217,GENERIC_OBJECT,0,21,22,22,0,22,21,1,0,1623175832476813,1623175833525857,22,0,0
a6b771dda7545822,2021.06.08.12.54.54_veh-26_04262_04732,near_pedestrian_on_crosswalk,042e2ab754d45279,GENERIC_OBJECT,0,100,101,101,0,101,100,1,0,1623175832476813,1623175837470275,0,54,47
a6b771dda7545822,2021.06.08.12.54.54_veh-26_04262_04732,near_pedestrian_on_crosswalk,d1ee44a61c885724,GENERIC_OBJECT,0,68,69,69,0,69,68,1,0,1623175832476813,1623175835872656,69,0,0
a6b771dda7545822,2021.06.08.12.54.54_veh-26_04262_04732,near_pedestrian_on_crosswalk,ecd54c16548d5642,GENERIC_OBJECT,0,100,101,101,0,101,100,1,0,1623175832476813,1623175837470275,97,1,3
a6b771dda7545822,2021.06.08.12.54.54_veh-26_04262_04732,near_pedestrian_on_crosswalk,a636add58269538c,GENERIC_OBJECT,0,100,101,101,0,101,100,1,0,1623175832476813,1623175837470275,101,0,0
a6b771dda7545822,2021.06.08.12.54.54_veh-26_04262_04732,near_pedestrian_on_crosswalk,304af87be1625f58,GENERIC_OBJECT,0,100,101,101,0,101,100,1,0,1623175832476813,1623175837470275,85,11,5
a6b771dda7545822,2021.06.08.12.54.54_veh-26_04262_04732,near_pedestrian_on_crosswalk,82a9d84a92fb5764,GENERIC_OBJECT,0,100,101,101,0,101,100,1,0,1623175832476813,1623175837470275,2,58,41
a6b771dda7545822,2021.06.08.12.54.54_veh-26_04262_04732,near_pedestrian_on_crosswalk,777eccdf29d35ed8,GENERIC_OBJECT,0,100,101,101,0,101,100,1,0,1623175832476813,1623175837470275,0,34,67
a6b771dda7545822,2021.06.08.12.54.54_veh-26_04262_04732,near_pedestrian_on_crosswalk,1791e8be48ce513c,GENERIC_OBJECT,0,100,101,101,0,101,100,1,0,1623175832476813,1623175837470275,69,4,28
a6b771dda7545822,2021.06.08.12.54.54_veh-26_04262_04732,near_pedestrian_on_crosswalk,841dcb3ae36456e4,GENERIC_OBJECT,0,100,101,101,0,101,100,1,0,1623175832476813,1623175837470275,0,31,70
a6b771dda7545822,2021.06.08.12.54.54_veh-26_04262_04732,near_pedestrian_on_crosswalk,e08c60873404564f,GENERIC_OBJECT,0,100,101,101,0,101,100,1,0,1623175832476813,1623175837470275,0,44,57
a6b771dda7545822,2021.06.08.12.54.54_veh-26_04262_04732,near_pedestrian_on_crosswalk,3879bdbf1f355e63,GENERIC_OBJECT,0,13,14,14,0,14,13,1,0,1623175832476813,1623175833126231,0,0,14
a6b771dda7545822,2021.06.08.12.54.54_veh-26_04262_04732,near_pedestrian_on_crosswalk,cf39dc7f9ec75e36,GENERIC_OBJECT,0,100,101,101,0,101,100,1,0,1623175832476813,1623175837470275,0,27,74
a6b771dda7545822,2021.06.08.12.54.54_veh-26_04262_04732,near_pedestrian_on_crosswalk,f5914f2d85e65934,GENERIC_OBJECT,0,100,101,101,0,101,100,1,0,1623175832476813,1623175837470275,0,51,50
a6b771dda7545822,2021.06.08.12.54.54_veh-26_04262_04732,near_pedestrian_on_crosswalk,79c6426ea5a05b80,GENERIC_OBJECT,0,100,101,101,0,101,100,1,0,1623175832476813,1623175837470275,0,24,77
a6b771dda7545822,2021.06.08.12.54.54_veh-26_04262_04732,near_pedestrian_on_crosswalk,8f2c40850a9154fd,GENERIC_OBJECT,0,100,101,101,0,101,100,1,0,1623175832476813,1623175837470275,0,41,60
a6b771dda7545822,2021.06.08.12.54.54_veh-26_04262_04732,near_pedestrian_on_crosswalk,653e657b5e015c3d,GENERIC_OBJECT,0,100,101,101,0,101,100,1,0,1623175832476813,1623175837470275,0,47,54
a6b771dda7545822,2021.06.08.12.54.54_veh-26_04262_04732,near_pedestrian_on_crosswalk,c27dcc2d5c4f5c8b,GENERIC_OBJECT,0,100,101,101,0,101,100,1,0,1623175832476813,1623175837470275,0,20,81
a6b771dda7545822,2021.06.08.12.54.54_veh-26_04262_04732,near_pedestrian_on_crosswalk,ac1bed77c3855fd9,GENERIC_OBJECT,0,5,6,6,0,6,5,1,0,1623175832476813,1623175832726600,6,0,0
a6b771dda7545822,2021.06.08.12.54.54_veh-26_04262_04732,near_pedestrian_on_crosswalk,81fd7a2e1a2e5936,GENERIC_OBJECT,0,100,101,101,0,101,100,1,0,1623175832476813,1623175837470275,19,4,78
a6b771dda7545822,2021.06.08.12.54.54_veh-26_04262_04732,near_pedestrian_on_crosswalk,12d84550f47258d8,GENERIC_OBJECT,0,100,101,101,0,101,100,1,0,1623175832476813,1623175837470275,9,3,89
a6b771dda7545822,2021.06.08.12.54.54_veh-26_04262_04732,near_pedestrian_on_crosswalk,316e5d9510a55548,GENERIC_OBJECT,0,100,101,101,0,101,100,1,0,1623175832476813,1623175837470275,0,17,84
a6b771dda7545822,2021.06.08.12.54.54_veh-26_04262_04732,near_pedestrian_on_crosswalk,8d280f9fe0055e4d,GENERIC_OBJECT,0,100,101,101,0,101,100,1,0,1623175832476813,1623175837470275,14,4,83
a6b771dda7545822,2021.06.08.12.54.54_veh-26_04262_04732,near_pedestrian_on_crosswalk,9ab44af98f855c2c,GENERIC_OBJECT,0,100,101,101,0,101,100,1,0,1623175832476813,1623175837470275,52,9,40
a6b771dda7545822,2021.06.08.12.54.54_veh-26_04262_04732,near_pedestrian_on_crosswalk,a793236593815bf9,GENERIC_OBJECT,0,100,101,101,0,101,100,1,0,1623175832476813,1623175837470275,41,5,55
a6b771dda7545822,2021.06.08.12.54.54_veh-26_04262_04732,near_pedestrian_on_crosswalk,b9f2dc2336f25c2a,GENERIC_OBJECT,0,100,101,101,0,101,100,1,0,1623175832476813,1623175837470275,25,4,72
a6b771dda7545822,2021.06.08.12.54.54_veh-26_04262_04732,near_pedestrian_on_crosswalk,467b0401a3ad5823,GENERIC_OBJECT,0,100,101,101,0,101,100,1,0,1623175832476813,1623175837470275,0,13,88
a6b771dda7545822,2021.06.08.12.54.54_veh-26_04262_04732,near_pedestrian_on_crosswalk,157e035e009858fb,GENERIC_OBJECT,0,100,101,101,0,101,100,1,0,1623175832476813,1623175837470275,30,4,67
a6b771dda7545822,2021.06.08.12.54.54_veh-26_04262_04732,near_pedestrian_on_crosswalk,6e812eb28ba25ab8,GENERIC_OBJECT,0,100,101,101,0,101,100,1,0,1623175832476813,1623175837470275,0,10,91
a6b771dda7545822,2021.06.08.12.54.54_veh-26_04262_04732,near_pedestrian_on_crosswalk,c9d2d79184c35d49,GENERIC_OBJECT,0,100,101,101,0,101,100,1,0,1623175832476813,1623175837470275,46,5,50
a6b771dda7545822,2021.06.08.12.54.54_veh-26_04262_04732,near_pedestrian_on_crosswalk,a57e34b954f557f6,GENERIC_OBJECT,0,48,49,49,0,49,48,1,0,1623175832476813,1623175834874181,49,0,0
a6b771dda7545822,2021.06.08.12.54.54_veh-26_04262_04732,near_pedestrian_on_crosswalk,5b6082bee022592a,GENERIC_OBJECT,0,7,8,8,0,8,7,1,0,1623175832476813,1623175832826508,8,0,0
a6b771dda7545822,2021.06.08.12.54.54_veh-26_04262_04732,near_pedestrian_on_crosswalk,3ec5a6fe45ae549f,GENERIC_OBJECT,0,100,101,101,0,101,100,1,0,1623175832476813,1623175837470275,34,5,62
a6b771dda7545822,2021.06.08.12.54.54_veh-26_04262_04732,near_pedestrian_on_crosswalk,8329a4928ded5aa9,GENERIC_OBJECT,0,100,101,101,0,101,100,1,0,1623175832476813,1623175837470275,54,8,39
a6b771dda7545822,2021.06.08.12.54.54_veh-26_04262_04732,near_pedestrian_on_crosswalk,470d1cde7771513f,GENERIC_OBJECT,1,40,40,40,0,40,39,1,0,1623175832526775,1623175834474698,35,5,0
a6b771dda7545822,2021.06.08.12.54.54_veh-26_04262_04732,near_pedestrian_on_crosswalk,cd7d015257725b69,GENERIC_OBJECT,1,100,100,100,0,100,99,1,0,1623175832526775,1623175837470275,0,7,93
a6b771dda7545822,2021.06.08.12.54.54_veh-26_04262_04732,near_pedestrian_on_crosswalk,20a1513a93d65987,GENERIC_OBJECT,2,100,99,99,0,99,98,1,0,1623175832576736,1623175837470275,60,8,31
a6b771dda7545822,2021.06.08.12.54.54_veh-26_04262_04732,near_pedestrian_on_crosswalk,860d6bf4b60e5823,GENERIC_OBJECT,3,100,98,98,0,98,97,1,0,1623175832626694,1623175837470275,50,7,41
a6b771dda7545822,2021.06.08.12.54.54_veh-26_04262_04732,near_pedestrian_on_crosswalk,848e3b20f93b5f09,GENERIC_OBJECT,4,100,97,97,0,97,96,1,0,1623175832676649,1623175837470275,67,12,18
a6b771dda7545822,2021.06.08.12.54.54_veh-26_04262_04732,near_pedestrian_on_crosswalk,c6b3f2d884a15b83,GENERIC_OBJECT,4,100,97,97,0,97,96,1,0,1623175832676649,1623175837470275,65,9,23
a6b771dda7545822,2021.06.08.12.54.54_veh-26_04262_04732,near_pedestrian_on_crosswalk,6d8d402a235f558d,GENERIC_OBJECT,5,100,96,96,0,96,95,1,0,1623175832726600,1623175837470275,0,3,93
a6b771dda7545822,2021.06.08.12.54.54_veh-26_04262_04732,near_pedestrian_on_crosswalk,c85ea9fc39b55e9f,GENERIC_OBJECT,5,47,43,43,0,43,42,1,0,1623175832726600,1623175834824246,0,0,43
a6b771dda7545822,2021.06.08.12.54.54_veh-26_04262_04732,near_pedestrian_on_crosswalk,a766f5d0c727591f,PEDESTRIAN,6,61,56,56,0,56,55,1,0,1623175832776553,1623175835523241,56,0,0
a6b771dda7545822,2021.06.08.12.54.54_veh-26_04262_04732,near_pedestrian_on_crosswalk,96d6322589d05ce3,PEDESTRIAN,6,100,95,95,0,95,94,1,0,1623175832776553,1623175837470275,0,0,95
a6b771dda7545822,2021.06.08.12.54.54_veh-26_04262_04732,near_pedestrian_on_crosswalk,df4b5227681156a7,VEHICLE,8,66,59,59,0,59,58,1,0,1623175832876464,1623175835772812,59,0,0
a6b771dda7545822,2021.06.08.12.54.54_veh-26_04262_04732,near_pedestrian_on_crosswalk,38a8b0ebbfb65113,GENERIC_OBJECT,9,100,92,92,0,92,91,1,0,1623175832926423,1623175837470275,79,12,1
a6b771dda7545822,2021.06.08.12.54.54_veh-26_04262_04732,near_pedestrian_on_crosswalk,dce74e4cc78454fd,PEDESTRIAN,12,100,89,89,0,89,88,1,0,1623175833076283,1623175837470275,0,0,89
a6b771dda7545822,2021.06.08.12.54.54_veh-26_04262_04732,near_pedestrian_on_crosswalk,aebd352461b75f4f,GENERIC_OBJECT,13,100,88,88,0,88,87,1,0,1623175833126231,1623175837470275,76,8,4
a6b771dda7545822,2021.06.08.12.54.54_veh-26_04262_04732,near_pedestrian_on_crosswalk,8b6baa90a01851ed,PEDESTRIAN,14,70,57,57,0,57,56,1,0,1623175833176178,1623175835972493,41,16,0
a6b771dda7545822,2021.06.08.12.54.54_veh-26_04262_04732,near_pedestrian_on_crosswalk,60968728eeac5b0e,PEDESTRIAN,14,56,43,43,0,43,42,1,0,1623175833176178,1623175835273614,19,24,0
a6b771dda7545822,2021.06.08.12.54.54_veh-26_04262_04732,near_pedestrian_on_crosswalk,bb3c3f9ed1d157ce,GENERIC_OBJECT,14,31,18,18,0,18,17,1,0,1623175833176178,1623175834025274,18,0,0
a6b771dda7545822,2021.06.08.12.54.54_veh-26_04262_04732,near_pedestrian_on_crosswalk,a9f1e6b6ccae512a,PEDESTRIAN,16,47,32,32,0,32,31,1,0,1623175833276082,1623175834824246,0,32,0
a6b771dda7545822,2021.06.08.12.54.54_veh-26_04262_04732,near_pedestrian_on_crosswalk,f8b74678c5545c08,GENERIC_OBJECT,17,46,30,30,0,30,29,1,0,1623175833326037,1623175834774310,20,10,0
a6b771dda7545822,2021.06.08.12.54.54_veh-26_04262_04732,near_pedestrian_on_crosswalk,f7ebf850305550f9,GENERIC_OBJECT,18,23,6,6,0,6,5,1,0,1623175833375995,1623175833625753,0,0,6
a6b771dda7545822,2021.06.08.12.54.54_veh-26_04262_04732,near_pedestrian_on_crosswalk,dcbc75bd11ef5d90,GENERIC_OBJECT,18,100,83,83,0,83,82,1,0,1623175833375995,1623175837470275,0,0,83
a6b771dda7545822,2021.06.08.12.54.54_veh-26_04262_04732,near_pedestrian_on_crosswalk,293ba1b43ea05b23,TRAFFIC_CONE,19,35,17,17,0,17,16,1,0,1623175833425952,1623175834225007,17,0,0
a6b771dda7545822,2021.06.08.12.54.54_veh-26_04262_04732,near_pedestrian_on_crosswalk,194783f1044e5cfe,GENERIC_OBJECT,19,100,82,82,0,82,81,1,0,1623175833425952,1623175837470275,4,3,75
a6b771dda7545822,2021.06.08.12.54.54_veh-26_04262_04732,near_pedestrian_on_crosswalk,5c3d4c198bf35d9f,CZONE_SIGN,20,100,81,81,0,81,80,1,0,1623175833475907,1623175837470275,0,0,81
a6b771dda7545822,2021.06.08.12.54.54_veh-26_04262_04732,near_pedestrian_on_crosswalk,88e834226e1b5482,GENERIC_OBJECT,20,100,81,81,0,81,80,1,0,1623175833475907,1623175837470275,0,1,80
a6b771dda7545822,2021.06.08.12.54.54_veh-26_04262_04732,near_pedestrian_on_crosswalk,fbe3da2052ef512a,GENERIC_OBJECT,22,100,79,79,0,79,78,1,0,1623175833575805,1623175837470275,0,0,79
a6b771dda7545822,2021.06.08.12.54.54_veh-26_04262_04732,near_pedestrian_on_crosswalk,fe14e460acf75398,GENERIC_OBJECT,23,31,9,9,0,9,8,1,0,1623175833625753,1623175834025274,0,9,0
a6b771dda7545822,2021.06.08.12.54.54_veh-26_04262_04732,near_pedestrian_on_crosswalk,123f643b7ec55dc6,GENERIC_OBJECT,23,100,78,78,0,78,77,1,0,1623175833625753,1623175837470275,0,0,78
a6b771dda7545822,2021.06.08.12.54.54_veh-26_04262_04732,near_pedestrian_on_crosswalk,9d90ce0bac5456e3,GENERIC_OBJECT,25,100,76,76,0,76,75,1,0,1623175833725654,1623175837470275,0,0,76
a6b771dda7545822,2021.06.08.12.54.54_veh-26_04262_04732,near_pedestrian_on_crosswalk,dec9f2060cad5421,GENERIC_OBJECT,27,44,18,18,0,18,17,1,0,1623175833825541,1623175834674444,14,4,0
a6b771dda7545822,2021.06.08.12.54.54_veh-26_04262_04732,near_pedestrian_on_crosswalk,663eaa42962155a2,GENERIC_OBJECT,31,100,70,70,0,70,69,1,0,1623175834025274,1623175837470275,0,0,70
a6b771dda7545822,2021.06.08.12.54.54_veh-26_04262_04732,near_pedestrian_on_crosswalk,cb5ae0c2849350a9,GENERIC_OBJECT,31,100,70,70,0,70,69,1,0,1623175834025274,1623175837470275,0,0,70
a6b771dda7545822,2021.06.08.12.54.54_veh-26_04262_04732,near_pedestrian_on_crosswalk,c85c67523078539c,TRAFFIC_CONE,32,34,3,3,0,3,2,1,0,1623175834075206,1623175834175073,3,0,0
a6b771dda7545822,2021.06.08.12.54.54_veh-26_04262_04732,near_pedestrian_on_crosswalk,0136c381ac115f5c,GENERIC_OBJECT,32,88,57,57,0,57,56,1,0,1623175834075206,1623175836871117,57,0,0
a6b771dda7545822,2021.06.08.12.54.54_veh-26_04262_04732,near_pedestrian_on_crosswalk,9b0a2f8f4538515c,PEDESTRIAN,33,100,68,68,0,68,67,1,0,1623175834125139,1623175837470275,5,35,28
a6b771dda7545822,2021.06.08.12.54.54_veh-26_04262_04732,near_pedestrian_on_crosswalk,0111b22163cb54a2,GENERIC_OBJECT,33,100,68,68,0,68,67,1,0,1623175834125139,1623175837470275,0,0,68
a6b771dda7545822,2021.06.08.12.54.54_veh-26_04262_04732,near_pedestrian_on_crosswalk,a7ed7b6863f153ed,GENERIC_OBJECT,34,100,67,67,0,67,66,1,0,1623175834175073,1623175837470275,0,0,67
a6b771dda7545822,2021.06.08.12.54.54_veh-26_04262_04732,near_pedestrian_on_crosswalk,5d14c116681753f9,PEDESTRIAN,37,43,7,7,0,7,6,1,0,1623175834324882,1623175834624510,0,0,7
a6b771dda7545822,2021.06.08.12.54.54_veh-26_04262_04732,near_pedestrian_on_crosswalk,d4242471b2955d91,GENERIC_OBJECT,37,100,64,64,0,64,63,1,0,1623175834324882,1623175837470275,0,0,64
a6b771dda7545822,2021.06.08.12.54.54_veh-26_04262_04732,near_pedestrian_on_crosswalk,5befe16ccefc5f12,GENERIC_OBJECT,37,100,64,64,0,64,63,1,0,1623175834324882,1623175837470275,0,0,64
a6b771dda7545822,2021.06.08.12.54.54_veh-26_04262_04732,near_pedestrian_on_crosswalk,666c4e70965f50a8,GENERIC_OBJECT,37,52,16,16,0,16,15,1,0,1623175834324882,1623175835073906,16,0,0
a6b771dda7545822,2021.06.08.12.54.54_veh-26_04262_04732,near_pedestrian_on_crosswalk,5506a65b7d1b53d8,GENERIC_OBJECT,39,86,48,48,0,48,47,1,0,1623175834424759,1623175836771267,0,0,48
a6b771dda7545822,2021.06.08.12.54.54_veh-26_04262_04732,near_pedestrian_on_crosswalk,18de3ad3121b50d5,VEHICLE,40,100,61,61,0,61,60,1,0,1623175834474698,1623175837470275,0,0,61
a6b771dda7545822,2021.06.08.12.54.54_veh-26_04262_04732,near_pedestrian_on_crosswalk,d1af11008b0a5c62,GENERIC_OBJECT,40,100,61,61,0,61,60,1,0,1623175834474698,1623175837470275,0,0,61
a6b771dda7545822,2021.06.08.12.54.54_veh-26_04262_04732,near_pedestrian_on_crosswalk,19eff321e79c50b3,PEDESTRIAN,41,100,60,60,0,60,59,1,0,1623175834524636,1623175837470275,0,0,60
a6b771dda7545822,2021.06.08.12.54.54_veh-26_04262_04732,near_pedestrian_on_crosswalk,9fc094eabaf65f06,PEDESTRIAN,41,100,60,60,0,60,59,1,0,1623175834524636,1623175837470275,0,0,60
a6b771dda7545822,2021.06.08.12.54.54_veh-26_04262_04732,near_pedestrian_on_crosswalk,6e8b197d000e5f18,GENERIC_OBJECT,41,100,60,60,0,60,59,1,0,1623175834524636,1623175837470275,60,0,0
a6b771dda7545822,2021.06.08.12.54.54_veh-26_04262_04732,near_pedestrian_on_crosswalk,dfd3f430c3765c32,GENERIC_OBJECT,41,100,60,60,0,60,59,1,0,1623175834524636,1623175837470275,0,0,60
a6b771dda7545822,2021.06.08.12.54.54_veh-26_04262_04732,near_pedestrian_on_crosswalk,bd11bcce7c1e5078,GENERIC_OBJECT,43,100,58,58,0,58,57,1,0,1623175834624510,1623175837470275,0,0,58
a6b771dda7545822,2021.06.08.12.54.54_veh-26_04262_04732,near_pedestrian_on_crosswalk,6a48badb2eac553e,GENERIC_OBJECT,43,53,11,11,0,11,10,1,0,1623175834624510,1623175835123833,11,0,0
a6b771dda7545822,2021.06.08.12.54.54_veh-26_04262_04732,near_pedestrian_on_crosswalk,c70cc77e2091552f,GENERIC_OBJECT,45,100,56,56,0,56,55,1,0,1623175834724376,1623175837470275,0,0,56
a6b771dda7545822,2021.06.08.12.54.54_veh-26_04262_04732,near_pedestrian_on_crosswalk,b0b0dffc00b956b8,GENERIC_OBJECT,45,100,56,56,0,56,55,1,0,1623175834724376,1623175837470275,0,0,56
a6b771dda7545822,2021.06.08.12.54.54_veh-26_04262_04732,near_pedestrian_on_crosswalk,b0d00798b75a5e04,VEHICLE,46,100,55,55,0,55,54,1,0,1623175834774310,1623175837470275,0,0,55
a6b771dda7545822,2021.06.08.12.54.54_veh-26_04262_04732,near_pedestrian_on_crosswalk,6407389317c252dd,GENERIC_OBJECT,47,100,54,54,0,54,53,1,0,1623175834824246,1623175837470275,0,0,54
a6b771dda7545822,2021.06.08.12.54.54_veh-26_04262_04732,near_pedestrian_on_crosswalk,8dc15194975a5df3,GENERIC_OBJECT,48,100,53,53,0,53,52,1,0,1623175834874181,1623175837470275,0,0,53
a6b771dda7545822,2021.06.08.12.54.54_veh-26_04262_04732,near_pedestrian_on_crosswalk,809feb2fb48656d0,GENERIC_OBJECT,50,77,28,28,0,28,27,1,0,1623175834974048,1623175836321970,0,0,28
a6b771dda7545822,2021.06.08.12.54.54_veh-26_04262_04732,near_pedestrian_on_crosswalk,487c65585e8058ba,GENERIC_OBJECT,51,100,50,50,0,50,49,1,0,1623175835023978,1623175837470275,0,0,50
a6b771dda7545822,2021.06.08.12.54.54_veh-26_04262_04732,near_pedestrian_on_crosswalk,1c31a2857a745ba0,GENERIC_OBJECT,52,100,49,49,0,49,48,1,0,1623175835073906,1623175837470275,0,0,49
a6b771dda7545822,2021.06.08.12.54.54_veh-26_04262_04732,near_pedestrian_on_crosswalk,ad13f2974eb75449,GENERIC_OBJECT,54,100,47,47,0,47,46,1,0,1623175835173760,1623175837470275,0,0,47
a6b771dda7545822,2021.06.08.12.54.54_veh-26_04262_04732,near_pedestrian_on_crosswalk,2ff06fd0ddc451ce,GENERIC_OBJECT,54,100,47,47,0,47,46,1,0,1623175835173760,1623175837470275,0,0,47
a6b771dda7545822,2021.06.08.12.54.54_veh-26_04262_04732,near_pedestrian_on_crosswalk,bcf75b045ce15c3b,GENERIC_OBJECT,57,100,44,44,0,44,43,1,0,1623175835323544,1623175837470275,0,0,44
a6b771dda7545822,2021.06.08.12.54.54_veh-26_04262_04732,near_pedestrian_on_crosswalk,b7aed304bf8556d0,VEHICLE,59,100,42,42,0,42,41,1,0,1623175835423401,1623175837470275,0,0,42
a6b771dda7545822,2021.06.08.12.54.54_veh-26_04262_04732,near_pedestrian_on_crosswalk,6eb8082f9a435916,GENERIC_OBJECT,59,100,42,42,0,42,41,1,0,1623175835423401,1623175837470275,0,0,42
a6b771dda7545822,2021.06.08.12.54.54_veh-26_04262_04732,near_pedestrian_on_crosswalk,fb12412b345257ad,GENERIC_OBJECT,61,100,40,40,0,40,39,1,0,1623175835523241,1623175837470275,0,0,40
a6b771dda7545822,2021.06.08.12.54.54_veh-26_04262_04732,near_pedestrian_on_crosswalk,6c50339795be5f09,GENERIC_OBJECT,64,100,37,37,0,37,36,1,0,1623175835672975,1623175837470275,0,0,37
a6b771dda7545822,2021.06.08.12.54.54_veh-26_04262_04732,near_pedestrian_on_crosswalk,983af0f4e2805830,PEDESTRIAN,67,100,34,34,0,34,33,1,0,1623175835822734,1623175837470275,0,4,30
a6b771dda7545822,2021.06.08.12.54.54_veh-26_04262_04732,near_pedestrian_on_crosswalk,ef6db7076290530d,GENERIC_OBJECT,69,100,32,32,0,32,31,1,0,1623175835922575,1623175837470275,0,0,32
a6b771dda7545822,2021.06.08.12.54.54_veh-26_04262_04732,near_pedestrian_on_crosswalk,22e7d55e45e05adf,GENERIC_OBJECT,69,100,32,32,0,32,31,1,0,1623175835922575,1623175837470275,0,0,32
a6b771dda7545822,2021.06.08.12.54.54_veh-26_04262_04732,near_pedestrian_on_crosswalk,5e0a25e2af735589,GENERIC_OBJECT,71,100,30,30,0,30,29,1,0,1623175836022411,1623175837470275,0,0,30
a6b771dda7545822,2021.06.08.12.54.54_veh-26_04262_04732,near_pedestrian_on_crosswalk,33599cc5aade5626,GENERIC_OBJECT,71,100,30,30,0,30,29,1,0,1623175836022411,1623175837470275,0,0,30
a6b771dda7545822,2021.06.08.12.54.54_veh-26_04262_04732,near_pedestrian_on_crosswalk,b8de05f700ad52d1,GENERIC_OBJECT,71,100,30,30,0,30,29,1,0,1623175836022411,1623175837470275,0,0,30
a6b771dda7545822,2021.06.08.12.54.54_veh-26_04262_04732,near_pedestrian_on_crosswalk,e00ae64efc9b5443,GENERIC_OBJECT,71,100,30,30,0,30,29,1,0,1623175836022411,1623175837470275,0,0,30
a6b771dda7545822,2021.06.08.12.54.54_veh-26_04262_04732,near_pedestrian_on_crosswalk,2a876aa4d0415faf,GENERIC_OBJECT,75,100,26,26,0,26,25,1,0,1623175836222117,1623175837470275,0,0,26
a6b771dda7545822,2021.06.08.12.54.54_veh-26_04262_04732,near_pedestrian_on_crosswalk,fe907cb59c595abe,GENERIC_OBJECT,75,100,26,26,0,26,25,1,0,1623175836222117,1623175837470275,0,0,26
a6b771dda7545822,2021.06.08.12.54.54_veh-26_04262_04732,near_pedestrian_on_crosswalk,d7dcc4f9d88e5628,GENERIC_OBJECT,77,100,24,24,0,24,23,1,0,1623175836321970,1623175837470275,0,0,24
a6b771dda7545822,2021.06.08.12.54.54_veh-26_04262_04732,near_pedestrian_on_crosswalk,9651f86ca80352a4,GENERIC_OBJECT,78,100,23,23,0,23,22,1,0,1623175836371891,1623175837470275,0,0,23
a6b771dda7545822,2021.06.08.12.54.54_veh-26_04262_04732,near_pedestrian_on_crosswalk,a422dc776b9252e7,GENERIC_OBJECT,78,100,23,23,0,23,22,1,0,1623175836371891,1623175837470275,0,0,23
a6b771dda7545822,2021.06.08.12.54.54_veh-26_04262_04732,near_pedestrian_on_crosswalk,c297c16fd63555a9,GENERIC_OBJECT,80,100,21,21,0,21,20,1,0,1623175836471738,1623175837470275,0,0,21
a6b771dda7545822,2021.06.08.12.54.54_veh-26_04262_04732,near_pedestrian_on_crosswalk,e1fe61ca80cb50ee,GENERIC_OBJECT,82,100,19,19,0,19,18,1,0,1623175836571582,1623175837470275,0,0,19
a6b771dda7545822,2021.06.08.12.54.54_veh-26_04262_04732,near_pedestrian_on_crosswalk,8880955fe5825b3e,PEDESTRIAN,83,100,18,18,0,18,17,1,0,1623175836621502,1623175837470275,0,0,18
a6b771dda7545822,2021.06.08.12.54.54_veh-26_04262_04732,near_pedestrian_on_crosswalk,066de805675951db,PEDESTRIAN,84,100,17,17,0,17,16,1,0,1623175836671422,1623175837470275,0,0,17
a6b771dda7545822,2021.06.08.12.54.54_veh-26_04262_04732,near_pedestrian_on_crosswalk,61b9484abdfb5d2d,PEDESTRIAN,84,100,17,17,0,17,16,1,0,1623175836671422,1623175837470275,0,0,17
a6b771dda7545822,2021.06.08.12.54.54_veh-26_04262_04732,near_pedestrian_on_crosswalk,0d57e1a877fa593f,GENERIC_OBJECT,84,100,17,17,0,17,16,1,0,1623175836671422,1623175837470275,4,6,7
a6b771dda7545822,2021.06.08.12.54.54_veh-26_04262_04732,near_pedestrian_on_crosswalk,46b05c0a461f5393,GENERIC_OBJECT,84,100,17,17,0,17,16,1,0,1623175836671422,1623175837470275,0,0,17
a6b771dda7545822,2021.06.08.12.54.54_veh-26_04262_04732,near_pedestrian_on_crosswalk,8a30df3f5e0e56c9,GENERIC_OBJECT,85,100,16,16,0,16,15,1,0,1623175836721343,1623175837470275,0,0,16
a6b771dda7545822,2021.06.08.12.54.54_veh-26_04262_04732,near_pedestrian_on_crosswalk,1ba2a0e79ecb588f,GENERIC_OBJECT,89,100,12,12,0,12,11,1,0,1623175836921040,1623175837470275,0,0,12
a6b771dda7545822,2021.06.08.12.54.54_veh-26_04262_04732,near_pedestrian_on_crosswalk,dde35895ed685a6a,GENERIC_OBJECT,92,100,9,9,0,9,8,1,0,1623175837070816,1623175837470275,0,0,9
a6b771dda7545822,2021.06.08.12.54.54_veh-26_04262_04732,near_pedestrian_on_crosswalk,7f78c1f801675da0,GENERIC_OBJECT,96,100,5,5,0,5,4,1,0,1623175837270540,1623175837470275,0,0,5
a6b771dda7545822,2021.06.08.12.54.54_veh-26_04262_04732,near_pedestrian_on_crosswalk,827fac6481cf554e,GENERIC_OBJECT,97,100,4,4,0,4,3,1,0,1623175837320475,1623175837470275,0,0,4
a6b771dda7545822,2021.06.08.12.54.54_veh-26_04262_04732,near_pedestrian_on_crosswalk,76e51941e60d5d6a,GENERIC_OBJECT,100,100,1,1,0,1,0,1,0,1623175837470275,1623175837470275,0,0,1
c8a9b3db1170577d,2021.10.05.06.24.06_veh-50_00717_01300,traversing_intersection,bd158b1834fc5ffa,VEHICLE,0,64,65,65,0,65,64,1,0,1633415984550376,1633415987749974,0,0,65
c8a9b3db1170577d,2021.10.05.06.24.06_veh-50_00717_01300,traversing_intersection,d5e1f4d2e3b7515a,VEHICLE,0,100,101,101,0,101,100,1,0,1633415984550376,1633415989549841,0,0,98
c8a9b3db1170577d,2021.10.05.06.24.06_veh-50_00717_01300,traversing_intersection,585486effe4f5074,VEHICLE,0,12,13,13,0,13,12,1,0,1633415984550376,1633415985150130,0,0,13
c8a9b3db1170577d,2021.10.05.06.24.06_veh-50_00717_01300,traversing_intersection,be0c814d90bd5642,VEHICLE,0,100,101,101,0,101,100,1,0,1633415984550376,1633415989549841,0,0,101
c8a9b3db1170577d,2021.10.05.06.24.06_veh-50_00717_01300,traversing_intersection,aaf6d66e8b9a5b2a,VEHICLE,0,100,101,101,0,101,100,1,0,1633415984550376,1633415989549841,97,0,4
c8a9b3db1170577d,2021.10.05.06.24.06_veh-50_00717_01300,traversing_intersection,1ca00cdaffe15ffd,VEHICLE,0,100,101,101,0,101,100,1,0,1633415984550376,1633415989549841,101,0,0
c8a9b3db1170577d,2021.10.05.06.24.06_veh-50_00717_01300,traversing_intersection,a1ee70ba77b15f58,VEHICLE,0,100,101,101,0,101,100,1,0,1633415984550376,1633415989549841,101,0,0
c8a9b3db1170577d,2021.10.05.06.24.06_veh-50_00717_01300,traversing_intersection,9a5c2feef6065f74,VEHICLE,0,100,101,101,0,101,100,1,0,1633415984550376,1633415989549841,101,0,0
c8a9b3db1170577d,2021.10.05.06.24.06_veh-50_00717_01300,traversing_intersection,1ffc38421f7b5c8f,VEHICLE,0,100,101,101,0,101,100,1,0,1633415984550376,1633415989549841,101,0,0
c8a9b3db1170577d,2021.10.05.06.24.06_veh-50_00717_01300,traversing_intersection,6af6c4d1eb465927,PEDESTRIAN,0,16,17,17,0,17,16,1,0,1633415984550376,1633415985350052,17,0,0
c8a9b3db1170577d,2021.10.05.06.24.06_veh-50_00717_01300,traversing_intersection,7efd158295bc573b,TRAFFIC_CONE,0,100,101,101,0,101,100,1,0,1633415984550376,1633415989549841,101,0,0
c8a9b3db1170577d,2021.10.05.06.24.06_veh-50_00717_01300,traversing_intersection,8309174a5f755df4,TRAFFIC_CONE,0,11,12,12,0,12,11,1,0,1633415984550376,1633415985100149,12,0,0
c8a9b3db1170577d,2021.10.05.06.24.06_veh-50_00717_01300,traversing_intersection,86dbb36db47d5822,GENERIC_OBJECT,0,27,28,28,0,28,27,1,0,1633415984550376,1633415985899879,28,0,0
c8a9b3db1170577d,2021.10.05.06.24.06_veh-50_00717_01300,traversing_intersection,738f280cabbe54d9,TRAFFIC_CONE,5,100,96,96,0,96,95,1,0,1633415984800285,1633415989549841,96,0,0
c8a9b3db1170577d,2021.10.05.06.24.06_veh-50_00717_01300,traversing_intersection,6a21863a19c05866,PEDESTRIAN,40,100,61,61,0,61,60,1,0,1633415986549670,1633415989549841,61,0,0
c8a9b3db1170577d,2021.10.05.06.24.06_veh-50_00717_01300,traversing_intersection,ef03bba822605c08,PEDESTRIAN,51,54,4,4,0,4,3,1,0,1633415987099802,1633415987249850,4,0,0
19d093209a00506d,2021.10.14.17.47.55_veh-28_00484_01094,traversing_crosswalk,15e41647f8115bae,VEHICLE,0,99,100,100,0,100,99,1,0,1634234475599841,1634234480549924,100,0,0
19d093209a00506d,2021.10.14.17.47.55_veh-28_00484_01094,traversing_crosswalk,54840e74e3ef5f73,VEHICLE,0,32,33,33,0,33,32,1,0,1634234475599841,1634234477199740,0,0,0
19d093209a00506d,2021.10.14.17.47.55_veh-28_00484_01094,traversing_crosswalk,93a0dfab01af5ef4,VEHICLE,0,16,17,17,0,17,16,1,0,1634234475599841,1634234476399998,0,0,17
19d093209a00506d,2021.10.14.17.47.55_veh-28_00484_01094,traversing_crosswalk,d3d048227e495d8a,VEHICLE,0,99,100,100,0,100,99,1,0,1634234475599841,1634234480549924,100,0,0
19d093209a00506d,2021.10.14.17.47.55_veh-28_00484_01094,traversing_crosswalk,5d9137c055845e94,VEHICLE,0,95,96,96,0,96,95,1,0,1634234475599841,1634234480349951,0,0,0
19d093209a00506d,2021.10.14.17.47.55_veh-28_00484_01094,traversing_crosswalk,05713b4ba5475170,VEHICLE,0,24,25,25,0,25,24,1,0,1634234475599841,1634234476799799,0,0,25
19d093209a00506d,2021.10.14.17.47.55_veh-28_00484_01094,traversing_crosswalk,5f46158c3bef5ef3,VEHICLE,0,26,27,27,0,27,26,1,0,1634234475599841,1634234476899754,0,0,27
19d093209a00506d,2021.10.14.17.47.55_veh-28_00484_01094,traversing_crosswalk,5d702ec2d4e25d77,VEHICLE,0,15,16,16,0,16,15,1,0,1634234475599841,1634234476350028,0,0,16
19d093209a00506d,2021.10.14.17.47.55_veh-28_00484_01094,traversing_crosswalk,faa43870f3b25f31,VEHICLE,0,27,28,28,0,28,27,1,0,1634234475599841,1634234476949740,0,0,28
19d093209a00506d,2021.10.14.17.47.55_veh-28_00484_01094,traversing_crosswalk,7d5dbe0280715b12,VEHICLE,0,79,80,80,0,80,79,1,0,1634234475599841,1634234479549815,0,0,80
19d093209a00506d,2021.10.14.17.47.55_veh-28_00484_01094,traversing_crosswalk,6f42416747af5708,VEHICLE,0,99,100,100,0,100,99,1,0,1634234475599841,1634234480549924,98,0,2
19d093209a00506d,2021.10.14.17.47.55_veh-28_00484_01094,traversing_crosswalk,bacb59ca8ad55c15,VEHICLE,0,99,100,100,0,100,99,1,0,1634234475599841,1634234480549924,0,0,0
19d093209a00506d,2021.10.14.17.47.55_veh-28_00484_01094,traversing_crosswalk,95e12b1d62fb548b,VEHICLE,0,36,37,37,0,37,36,1,0,1634234475599841,1634234477399800,0,0,37
19d093209a00506d,2021.10.14.17.47.55_veh-28_00484_01094,traversing_crosswalk,0216826ed1cf5df6,VEHICLE,0,34,35,35,0,35,34,1,0,1634234475599841,1634234477299769,0,0,35
19d093209a00506d,2021.10.14.17.47.55_veh-28_00484_01094,traversing_crosswalk,acc2d5bd19de5554,VEHICLE,0,99,100,100,0,100,99,1,0,1634234475599841,1634234480549924,0,0,0
19d093209a00506d,2021.10.14.17.47.55_veh-28_00484_01094,traversing_crosswalk,d88854de174554b0,VEHICLE,0,99,100,100,0,100,99,1,0,1634234475599841,1634234480549924,100,0,0
19d093209a00506d,2021.10.14.17.47.55_veh-28_00484_01094,traversing_crosswalk,1bbcf358ba025370,VEHICLE,0,99,100,100,0,100,99,1,0,1634234475599841,1634234480549924,100,0,0
19d093209a00506d,2021.10.14.17.47.55_veh-28_00484_01094,traversing_crosswalk,4471502bbdf65df7,VEHICLE,0,99,100,100,0,100,99,1,0,1634234475599841,1634234480549924,0,0,100
19d093209a00506d,2021.10.14.17.47.55_veh-28_00484_01094,traversing_crosswalk,c641db88a537582a,VEHICLE,0,99,100,100,0,100,99,1,0,1634234475599841,1634234480549924,0,0,0
19d093209a00506d,2021.10.14.17.47.55_veh-28_00484_01094,traversing_crosswalk,1ddeb66f2ba75a6c,VEHICLE,0,99,100,100,0,100,99,1,0,1634234475599841,1634234480549924,88,0,12
19d093209a00506d,2021.10.14.17.47.55_veh-28_00484_01094,traversing_crosswalk,821163506b335479,VEHICLE,0,99,100,100,0,100,99,1,0,1634234475599841,1634234480549924,0,0,0
19d093209a00506d,2021.10.14.17.47.55_veh-28_00484_01094,traversing_crosswalk,e2a1108590285165,VEHICLE,0,99,100,100,0,100,99,1,0,1634234475599841,1634234480549924,0,0,100
19d093209a00506d,2021.10.14.17.47.55_veh-28_00484_01094,traversing_crosswalk,1baedecdefb35c65,VEHICLE,0,99,100,100,0,100,99,1,0,1634234475599841,1634234480549924,0,0,0
19d093209a00506d,2021.10.14.17.47.55_veh-28_00484_01094,traversing_crosswalk,c0f4a26bcc4653c8,VEHICLE,0,99,100,100,0,100,99,1,0,1634234475599841,1634234480549924,26,0,74
19d093209a00506d,2021.10.14.17.47.55_veh-28_00484_01094,traversing_crosswalk,678c4bfe9c6151f3,VEHICLE,0,99,100,100,0,100,99,1,0,1634234475599841,1634234480549924,0,0,0
19d093209a00506d,2021.10.14.17.47.55_veh-28_00484_01094,traversing_crosswalk,3d452defdd03539c,VEHICLE,0,99,100,100,0,100,99,1,0,1634234475599841,1634234480549924,56,0,44
19d093209a00506d,2021.10.14.17.47.55_veh-28_00484_01094,traversing_crosswalk,b63dc596eec459a5,VEHICLE,0,99,100,100,0,100,99,1,0,1634234475599841,1634234480549924,0,0,0
19d093209a00506d,2021.10.14.17.47.55_veh-28_00484_01094,traversing_crosswalk,36ba29dd780a5182,VEHICLE,0,99,100,100,0,100,99,1,0,1634234475599841,1634234480549924,100,0,0
19d093209a00506d,2021.10.14.17.47.55_veh-28_00484_01094,traversing_crosswalk,7b83db3b9c6854a0,VEHICLE,0,25,26,26,0,26,25,1,0,1634234475599841,1634234476849775,0,0,26
19d093209a00506d,2021.10.14.17.47.55_veh-28_00484_01094,traversing_crosswalk,e2ae2663db025252,VEHICLE,0,99,100,100,0,100,99,1,0,1634234475599841,1634234480549924,0,0,0
19d093209a00506d,2021.10.14.17.47.55_veh-28_00484_01094,traversing_crosswalk,d376e715079e5776,VEHICLE,0,99,100,100,0,100,99,1,0,1634234475599841,1634234480549924,50,0,50
19d093209a00506d,2021.10.14.17.47.55_veh-28_00484_01094,traversing_crosswalk,d7642361933e58d6,VEHICLE,0,98,99,99,0,99,98,1,0,1634234475599841,1634234480499930,0,0,99
19d093209a00506d,2021.10.14.17.47.55_veh-28_00484_01094,traversing_crosswalk,ad93a18a6aad54ed,PEDESTRIAN,0,3,4,4,0,4,3,1,0,1634234475599841,1634234475749966,0,0,4
19d093209a00506d,2021.10.14.17.47.55_veh-28_00484_01094,traversing_crosswalk,91438cd520e456b8,PEDESTRIAN,0,65,66,66,0,66,65,1,0,1634234475599841,1634234478849832,59,0,7
19d093209a00506d,2021.10.14.17.47.55_veh-28_00484_01094,traversing_crosswalk,4d457a0514e8586c,PEDESTRIAN,0,99,100,100,0,100,99,1,0,1634234475599841,1634234480549924,100,0,0
19d093209a00506d,2021.10.14.17.47.55_veh-28_00484_01094,traversing_crosswalk,61865e472c725d47,PEDESTRIAN,0,23,24,24,0,24,23,1,0,1634234475599841,1634234476749821,16,0,8
19d093209a00506d,2021.10.14.17.47.55_veh-28_00484_01094,traversing_crosswalk,81ed2e34f80e596c,PEDESTRIAN,0,57,58,58,0,58,57,1,0,1634234475599841,1634234478450053,10,0,48
19d093209a00506d,2021.10.14.17.47.55_veh-28_00484_01094,traversing_crosswalk,f3d25234bd505b6d,PEDESTRIAN,0,36,37,37,0,37,36,1,0,1634234475599841,1634234477399800,31,0,6
19d093209a00506d,2021.10.14.17.47.55_veh-28_00484_01094,traversing_crosswalk,764ebb23edaf50a8,PEDESTRIAN,0,54,55,55,0,55,54,1,0,1634234475599841,1634234478300090,2,0,53
19d093209a00506d,2021.10.14.17.47.55_veh-28_00484_01094,traversing_crosswalk,b2ec24e622c75097,PEDESTRIAN,0,95,96,96,0,96,95,1,0,1634234475599841,1634234480349951,0,0,96
19d093209a00506d,2021.10.14.17.47.55_veh-28_00484_01094,traversing_crosswalk,b5078fe0baa75253,PEDESTRIAN,0,28,29,29,0,29,28,1,0,1634234475599841,1634234476999730,29,0,0
19d093209a00506d,2021.10.14.17.47.55_veh-28_00484_01094,traversing_crosswalk,f424be0cf3005981,PEDESTRIAN,0,35,36,36,0,36,35,1,0,1634234475599841,1634234477349784,0,0,36
19d093209a00506d,2021.10.14.17.47.55_veh-28_00484_01094,traversing_crosswalk,b6c7d49bee1754d5,PEDESTRIAN,0,32,33,33,0,33,32,1,0,1634234475599841,1634234477199740,0,0,33
19d093209a00506d,2021.10.14.17.47.55_veh-28_00484_01094,traversing_crosswalk,a9c79e39388b5196,PEDESTRIAN,0,34,35,35,0,35,34,1,0,1634234475599841,1634234477299769,0,0,35
19d093209a00506d,2021.10.14.17.47.55_veh-28_00484_01094,traversing_crosswalk,42541ae1e85459bd,PEDESTRIAN,0,97,98,98,0,98,97,1,0,1634234475599841,1634234480449939,5,0,93
19d093209a00506d,2021.10.14.17.47.55_veh-28_00484_01094,traversing_crosswalk,47ac0e2d40f45215,PEDESTRIAN,0,99,100,100,0,100,99,1,0,1634234475599841,1634234480549924,10,0,90
19d093209a00506d,2021.10.14.17.47.55_veh-28_00484_01094,traversing_crosswalk,c6200af4c5145cb1,PEDESTRIAN,0,99,100,100,0,100,99,1,0,1634234475599841,1634234480549924,2,0,98
19d093209a00506d,2021.10.14.17.47.55_veh-28_00484_01094,traversing_crosswalk,bbb374ae85105c7d,PEDESTRIAN,0,15,16,16,0,16,15,1,0,1634234475599841,1634234476350028,1,0,15
19d093209a00506d,2021.10.14.17.47.55_veh-28_00484_01094,traversing_crosswalk,ccd1fa8e36dd5a68,PEDESTRIAN,0,99,100,100,0,100,99,1,0,1634234475599841,1634234480549924,89,0,11
19d093209a00506d,2021.10.14.17.47.55_veh-28_00484_01094,traversing_crosswalk,b2a638bd1d2950b1,PEDESTRIAN,0,46,47,47,0,47,46,1,0,1634234475599841,1634234477899995,0,0,47
19d093209a00506d,2021.10.14.17.47.55_veh-28_00484_01094,traversing_crosswalk,32ebf6b30e3854ee,PEDESTRIAN,0,99,100,100,0,100,99,1,0,1634234475599841,1634234480549924,33,0,67
19d093209a00506d,2021.10.14.17.47.55_veh-28_00484_01094,traversing_crosswalk,a4a8235777b55031,PEDESTRIAN,0,99,100,100,0,100,99,1,0,1634234475599841,1634234480549924,58,0,42
19d093209a00506d,2021.10.14.17.47.55_veh-28_00484_01094,traversing_crosswalk,c8fd47eb52445fe5,PEDESTRIAN,0,99,100,100,0,100,99,1,0,1634234475599841,1634234480549924,0,0,100
19d093209a00506d,2021.10.14.17.47.55_veh-28_00484_01094,traversing_crosswalk,b1400ad1b44d5194,TRAFFIC_CONE,0,74,75,75,0,75,74,1,0,1634234475599841,1634234479299790,1,0,74
19d093209a00506d,2021.10.14.17.47.55_veh-28_00484_01094,traversing_crosswalk,2616368d474256a9,TRAFFIC_CONE,0,4,5,5,0,5,4,1,0,1634234475599841,1634234475800008,5,0,0
19d093209a00506d,2021.10.14.17.47.55_veh-28_00484_01094,traversing_crosswalk,c7e32f08274154f8,TRAFFIC_CONE,0,22,23,23,0,23,22,1,0,1634234475599841,1634234476699842,0,0,23
19d093209a00506d,2021.10.14.17.47.55_veh-28_00484_01094,traversing_crosswalk,cb505a7c19a75246,TRAFFIC_CONE,0,68,69,69,0,69,68,1,0,1634234475599841,1634234478999783,0,0,69
19d093209a00506d,2021.10.14.17.47.55_veh-28_00484_01094,traversing_crosswalk,bb6f7182297d5fa7,PEDESTRIAN,10,99,90,90,0,90,89,1,0,1634234476100125,1634234480549924,31,0,59
19d093209a00506d,2021.10.14.17.47.55_veh-28_00484_01094,traversing_crosswalk,c998133b6eed54f6,VEHICLE,13,17,5,5,0,5,4,1,0,1634234476250078,1634234476449968,0,0,0
19d093209a00506d,2021.10.14.17.47.55_veh-28_00484_01094,traversing_crosswalk,57971c09e6435ae8,PEDESTRIAN,20,93,74,74,0,74,73,1,0,1634234476599892,1634234480249945,52,0,22
19d093209a00506d,2021.10.14.17.47.55_veh-28_00484_01094,traversing_crosswalk,aab628eb21ab56a5,PEDESTRIAN,21,99,79,79,0,79,78,1,0,1634234476649866,1634234480549924,57,0,22
19d093209a00506d,2021.10.14.17.47.55_veh-28_00484_01094,traversing_crosswalk,9fe3786353515bd3,VEHICLE,30,99,70,70,0,70,69,1,0,1634234477099726,1634234480549924,0,0,0
19d093209a00506d,2021.10.14.17.47.55_veh-28_00484_01094,traversing_crosswalk,0d707e4b5200530b,VEHICLE,31,99,69,69,0,69,68,1,0,1634234477149730,1634234480549924,18,0,51
19d093209a00506d,2021.10.14.17.47.55_veh-28_00484_01094,traversing_crosswalk,7f22a8e276ed5937,PEDESTRIAN,33,99,67,67,0,67,66,1,0,1634234477249753,1634234480549924,0,0,67
19d093209a00506d,2021.10.14.17.47.55_veh-28_00484_01094,traversing_crosswalk,6fd51c3a15a459fb,TRAFFIC_CONE,40,45,6,6,0,6,5,1,0,1634234477599875,1634234477849976,0,0,6
19d093209a00506d,2021.10.14.17.47.55_veh-28_00484_01094,traversing_crosswalk,51c6d04815e455cb,PEDESTRIAN,44,47,4,4,0,4,3,1,0,1634234477799955,1634234477950013,4,0,0
19d093209a00506d,2021.10.14.17.47.55_veh-28_00484_01094,traversing_crosswalk,259384377d69594f,TRAFFIC_CONE,46,99,54,54,0,54,53,1,0,1634234477899995,1634234480549924,45,0,9
19d093209a00506d,2021.10.14.17.47.55_veh-28_00484_01094,traversing_crosswalk,046be39cfe7b502f,TRAFFIC_CONE,46,99,54,54,0,54,53,1,0,1634234477899995,1634234480549924,50,0,4
19d093209a00506d,2021.10.14.17.47.55_veh-28_00484_01094,traversing_crosswalk,9b366fa2f92c53ef,GENERIC_OBJECT,58,63,6,6,0,6,5,1,0,1634234478500027,1634234478749884,6,0,0
19d093209a00506d,2021.10.14.17.47.55_veh-28_00484_01094,traversing_crosswalk,c78a21abdf2b52e4,VEHICLE,61,99,39,39,0,39,38,1,0,1634234478649942,1634234480549924,0,0,39
19d093209a00506d,2021.10.14.17.47.55_veh-28_00484_01094,traversing_crosswalk,4c7838a8cc725bb7,PEDESTRIAN,61,66,6,6,0,6,5,1,0,1634234478649942,1634234478899811,6,0,0
19d093209a00506d,2021.10.14.17.47.55_veh-28_00484_01094,traversing_crosswalk,f9ee965273a85505,TRAFFIC_CONE,70,90,21,21,0,21,20,1,0,1634234479099780,1634234480099919,0,0,21
19d093209a00506d,2021.10.14.17.47.55_veh-28_00484_01094,traversing_crosswalk,ee2a0c4bc489543d,BARRIER,75,90,16,16,0,16,15,1,0,1634234479349791,1634234480099919,0,0,16
19d093209a00506d,2021.10.14.17.47.55_veh-28_00484_01094,traversing_crosswalk,8383823016bc51c0,GENERIC_OBJECT,78,99,22,22,0,22,21,1,0,1634234479499809,1634234480549924,22,0,0
19d093209a00506d,2021.10.14.17.47.55_veh-28_00484_01094,traversing_crosswalk,4deaca243c0456b8,VEHICLE,82,99,18,18,0,18,17,1,0,1634234479699828,1634234480549924,0,0,18
19d093209a00506d,2021.10.14.17.47.55_veh-28_00484_01094,traversing_crosswalk,c005404cca035454,GENERIC_OBJECT,83,99,17,17,0,17,16,1,0,1634234479749836,1634234480549924,0,0,17
19d093209a00506d,2021.10.14.17.47.55_veh-28_00484_01094,traversing_crosswalk,f0b85cfc760b5223,BARRIER,85,99,15,15,0,15,14,1,0,1634234479849858,1634234480549924,0,0,15
19d093209a00506d,2021.10.14.17.47.55_veh-28_00484_01094,traversing_crosswalk,b8286f5a783454b9,PEDESTRIAN,87,99,13,13,0,13,12,1,0,1634234479949883,1634234480549924,0,0,13
19d093209a00506d,2021.10.14.17.47.55_veh-28_00484_01094,traversing_crosswalk,366275df3a655148,PEDESTRIAN,96,99,4,4,0,4,3,1,0,1634234480399947,1634234480549924,0,0,4
19d093209a00506d,2021.10.14.17.47.55_veh-28_00484_01094,traversing_crosswalk,d0300e628d6f57a4,PEDESTRIAN,98,99,2,2,0,2,1,1,0,1634234480499930,1634234480549924,0,0,2
19d093209a00506d,2021.10.14.17.47.55_veh-28_00484_01094,traversing_crosswalk,557ae90f6c9e55f9,PEDESTRIAN,98,99,2,2,0,2,1,1,0,1634234480499930,1634234480549924,0,0,2
e0b6fd9583355c6d,2021.09.13.17.32.06_veh-39_01315_01527,near_pedestrian_on_crosswalk,7bc6414d9b4b5b12,VEHICLE,0,99,100,100,0,100,99,1,0,1631555755949298,1631555760899970,100,0,0
e0b6fd9583355c6d,2021.09.13.17.32.06_veh-39_01315_01527,near_pedestrian_on_crosswalk,a195eace86da52b8,VEHICLE,0,99,100,100,0,100,99,1,0,1631555755949298,1631555760899970,100,0,0
e0b6fd9583355c6d,2021.09.13.17.32.06_veh-39_01315_01527,near_pedestrian_on_crosswalk,4bd910bc96b45ab7,VEHICLE,0,99,100,100,0,100,99,1,0,1631555755949298,1631555760899970,100,0,0
e0b6fd9583355c6d,2021.09.13.17.32.06_veh-39_01315_01527,near_pedestrian_on_crosswalk,8cef59a11ad85b6e,VEHICLE,0,99,100,100,0,100,99,1,0,1631555755949298,1631555760899970,0,0,58
e0b6fd9583355c6d,2021.09.13.17.32.06_veh-39_01315_01527,near_pedestrian_on_crosswalk,fecc0abf66265147,VEHICLE,0,99,100,100,0,100,99,1,0,1631555755949298,1631555760899970,0,0,0
e0b6fd9583355c6d,2021.09.13.17.32.06_veh-39_01315_01527,near_pedestrian_on_crosswalk,9cdcf480b1c953c4,VEHICLE,0,99,100,100,0,100,99,1,0,1631555755949298,1631555760899970,0,0,100
e0b6fd9583355c6d,2021.09.13.17.32.06_veh-39_01315_01527,near_pedestrian_on_crosswalk,0d0fe420497d5a14,VEHICLE,0,99,100,100,0,100,99,1,0,1631555755949298,1631555760899970,78,0,22
e0b6fd9583355c6d,2021.09.13.17.32.06_veh-39_01315_01527,near_pedestrian_on_crosswalk,39bc6f71ea7b5277,VEHICLE,0,99,100,100,0,100,99,1,0,1631555755949298,1631555760899970,29,0,71
e0b6fd9583355c6d,2021.09.13.17.32.06_veh-39_01315_01527,near_pedestrian_on_crosswalk,b43f2591bb2d5b64,VEHICLE,0,99,100,100,0,100,99,1,0,1631555755949298,1631555760899970,91,0,9
e0b6fd9583355c6d,2021.09.13.17.32.06_veh-39_01315_01527,near_pedestrian_on_crosswalk,ee7e882752555ff1,VEHICLE,0,99,100,100,0,100,99,1,0,1631555755949298,1631555760899970,0,0,100
e0b6fd9583355c6d,2021.09.13.17.32.06_veh-39_01315_01527,near_pedestrian_on_crosswalk,b479f62972f8588c,VEHICLE,0,99,100,100,0,100,99,1,0,1631555755949298,1631555760899970,0,0,100
e0b6fd9583355c6d,2021.09.13.17.32.06_veh-39_01315_01527,near_pedestrian_on_crosswalk,267d0f3cf088547f,VEHICLE,0,85,86,86,0,86,85,1,0,1631555755949298,1631555760199562,0,0,0
e0b6fd9583355c6d,2021.09.13.17.32.06_veh-39_01315_01527,near_pedestrian_on_crosswalk,2103ec57717a54fc,VEHICLE,0,99,100,100,0,100,99,1,0,1631555755949298,1631555760899970,0,0,0
e0b6fd9583355c6d,2021.09.13.17.32.06_veh-39_01315_01527,near_pedestrian_on_crosswalk,31260f57744b5361,VEHICLE,0,56,57,57,0,57,56,1,0,1631555755949298,1631555758749348,0,0,57
e0b6fd9583355c6d,2021.09.13.17.32.06_veh-39_01315_01527,near_pedestrian_on_crosswalk,70a5af1436775eaa,PEDESTRIAN,0,99,100,100,0,100,99,1,0,1631555755949298,1631555760899970,0,0,100
e0b6fd9583355c6d,2021.09.13.17.32.06_veh-39_01315_01527,near_pedestrian_on_crosswalk,89955ca9eb375179,PEDESTRIAN,0,99,100,100,0,100,99,1,0,1631555755949298,1631555760899970,0,0,100
e0b6fd9583355c6d,2021.09.13.17.32.06_veh-39_01315_01527,near_pedestrian_on_crosswalk,536029d0172d5c45,PEDESTRIAN,0,99,100,100,0,100,99,1,0,1631555755949298,1631555760899970,4,0,96
e0b6fd9583355c6d,2021.09.13.17.32.06_veh-39_01315_01527,near_pedestrian_on_crosswalk,f6c12ed0e33e5d76,PEDESTRIAN,0,99,100,100,0,100,99,1,0,1631555755949298,1631555760899970,0,0,100
e0b6fd9583355c6d,2021.09.13.17.32.06_veh-39_01315_01527,near_pedestrian_on_crosswalk,7235b0cd101b5efa,PEDESTRIAN,0,99,100,100,0,100,99,1,0,1631555755949298,1631555760899970,100,0,0
e0b6fd9583355c6d,2021.09.13.17.32.06_veh-39_01315_01527,near_pedestrian_on_crosswalk,99dcc64568b95349,PEDESTRIAN,0,99,100,100,0,100,99,1,0,1631555755949298,1631555760899970,100,0,0
e0b6fd9583355c6d,2021.09.13.17.32.06_veh-39_01315_01527,near_pedestrian_on_crosswalk,f6f4041ce30e54d9,PEDESTRIAN,0,99,100,100,0,100,99,1,0,1631555755949298,1631555760899970,100,0,0
e0b6fd9583355c6d,2021.09.13.17.32.06_veh-39_01315_01527,near_pedestrian_on_crosswalk,042d2380a6055515,PEDESTRIAN,0,99,100,100,0,100,99,1,0,1631555755949298,1631555760899970,7,0,93
e0b6fd9583355c6d,2021.09.13.17.32.06_veh-39_01315_01527,near_pedestrian_on_crosswalk,7d4daa7110d35b6e,PEDESTRIAN,0,99,100,100,0,100,99,1,0,1631555755949298,1631555760899970,10,0,90
e0b6fd9583355c6d,2021.09.13.17.32.06_veh-39_01315_01527,near_pedestrian_on_crosswalk,4f718d2dd04556fb,PEDESTRIAN,0,99,100,100,0,100,99,1,0,1631555755949298,1631555760899970,100,0,0
e0b6fd9583355c6d,2021.09.13.17.32.06_veh-39_01315_01527,near_pedestrian_on_crosswalk,e4edffdaf1cb5037,PEDESTRIAN,0,9,10,10,0,10,9,1,0,1631555755949298,1631555756399340,10,0,0
e0b6fd9583355c6d,2021.09.13.17.32.06_veh-39_01315_01527,near_pedestrian_on_crosswalk,cb05434a9ea65029,PEDESTRIAN,0,99,100,100,0,100,99,1,0,1631555755949298,1631555760899970,0,0,100
e0b6fd9583355c6d,2021.09.13.17.32.06_veh-39_01315_01527,near_pedestrian_on_crosswalk,a8f78230957e56d7,PEDESTRIAN,0,99,100,100,0,100,99,1,0,1631555755949298,1631555760899970,100,0,0
e0b6fd9583355c6d,2021.09.13.17.32.06_veh-39_01315_01527,near_pedestrian_on_crosswalk,2de6e0af325950ff,TRAFFIC_CONE,0,99,100,100,0,100,99,1,0,1631555755949298,1631555760899970,100,0,0
e0b6fd9583355c6d,2021.09.13.17.32.06_veh-39_01315_01527,near_pedestrian_on_crosswalk,c151698e14aa592f,TRAFFIC_CONE,0,71,72,72,0,72,71,1,0,1631555755949298,1631555759499185,72,0,0
e0b6fd9583355c6d,2021.09.13.17.32.06_veh-39_01315_01527,near_pedestrian_on_crosswalk,d5c47185174655ea,TRAFFIC_CONE,0,99,100,100,0,100,99,1,0,1631555755949298,1631555760899970,100,0,0
e0b6fd9583355c6d,2021.09.13.17.32.06_veh-39_01315_01527,near_pedestrian_on_crosswalk,728b15034a0b5ad8,TRAFFIC_CONE,0,30,31,31,0,31,30,1,0,1631555755949298,1631555757449678,31,0,0
e0b6fd9583355c6d,2021.09.13.17.32.06_veh-39_01315_01527,near_pedestrian_on_crosswalk,db1d4bdce1275804,TRAFFIC_CONE,0,31,32,32,0,32,31,1,0,1631555755949298,1631555757499687,0,0,32
e0b6fd9583355c6d,2021.09.13.17.32.06_veh-39_01315_01527,near_pedestrian_on_crosswalk,d655bdf41c595505,TRAFFIC_CONE,0,94,95,95,0,95,94,1,0,1631555755949298,1631555760649860,95,0,0
e0b6fd9583355c6d,2021.09.13.17.32.06_veh-39_01315_01527,near_pedestrian_on_crosswalk,924ff9414ee85216,TRAFFIC_CONE,0,17,18,18,0,18,17,1,0,1631555755949298,1631555756799461,0,0,18
e0b6fd9583355c6d,2021.09.13.17.32.06_veh-39_01315_01527,near_pedestrian_on_crosswalk,d42bd42701d455a4,TRAFFIC_CONE,0,99,100,100,0,100,99,1,0,1631555755949298,1631555760899970,100,0,0
e0b6fd9583355c6d,2021.09.13.17.32.06_veh-39_01315_01527,near_pedestrian_on_crosswalk,089c51aebf8e5e25,TRAFFIC_CONE,0,24,25,25,0,25,24,1,0,1631555755949298,1631555757149598,25,0,0
e0b6fd9583355c6d,2021.09.13.17.32.06_veh-39_01315_01527,near_pedestrian_on_crosswalk,dc0035e7114a5af6,BARRIER,0,0,1,1,0,1,0,1,0,1631555755949298,1631555755949298,0,0,1
e0b6fd9583355c6d,2021.09.13.17.32.06_veh-39_01315_01527,near_pedestrian_on_crosswalk,ab83b45aa6d05d75,GENERIC_OBJECT,0,99,100,100,0,100,99,1,0,1631555755949298,1631555760899970,100,0,0
e0b6fd9583355c6d,2021.09.13.17.32.06_veh-39_01315_01527,near_pedestrian_on_crosswalk,29f57d1d79ae5def,GENERIC_OBJECT,0,99,100,100,0,100,99,1,0,1631555755949298,1631555760899970,100,0,0
e0b6fd9583355c6d,2021.09.13.17.32.06_veh-39_01315_01527,near_pedestrian_on_crosswalk,b9267d7aee345e17,GENERIC_OBJECT,0,99,100,100,0,100,99,1,0,1631555755949298,1631555760899970,100,0,0
e0b6fd9583355c6d,2021.09.13.17.32.06_veh-39_01315_01527,near_pedestrian_on_crosswalk,7d42fed5704b57ca,GENERIC_OBJECT,0,99,100,100,0,100,99,1,0,1631555755949298,1631555760899970,100,0,0
e0b6fd9583355c6d,2021.09.13.17.32.06_veh-39_01315_01527,near_pedestrian_on_crosswalk,b605054178f9514a,GENERIC_OBJECT,0,40,41,41,0,41,40,1,0,1631555755949298,1631555757949659,0,0,41
e0b6fd9583355c6d,2021.09.13.17.32.06_veh-39_01315_01527,near_pedestrian_on_crosswalk,2550c9fccbdc5116,PEDESTRIAN,2,99,98,98,0,98,97,1,0,1631555756049297,1631555760899970,0,0,98
e0b6fd9583355c6d,2021.09.13.17.32.06_veh-39_01315_01527,near_pedestrian_on_crosswalk,b9c8a1540a9d54d6,TRAFFIC_CONE,16,18,3,3,0,3,2,1,0,1631555756749441,1631555756849481,0,0,3
e0b6fd9583355c6d,2021.09.13.17.32.06_veh-39_01315_01527,near_pedestrian_on_crosswalk,661cb9c628e65a4f,BARRIER,16,26,11,11,0,11,10,1,0,1631555756749441,1631555757249627,0,0,11
e0b6fd9583355c6d,2021.09.13.17.32.06_veh-39_01315_01527,near_pedestrian_on_crosswalk,892381f60ac453d0,VEHICLE,32,44,13,13,0,13,12,1,0,1631555757549695,1631555758149597,0,0,1
e0b6fd9583355c6d,2021.09.13.17.32.06_veh-39_01315_01527,near_pedestrian_on_crosswalk,6c9269dc519a582e,TRAFFIC_CONE,32,99,68,68,0,68,67,1,0,1631555757549695,1631555760899970,68,0,0
e0b6fd9583355c6d,2021.09.13.17.32.06_veh-39_01315_01527,near_pedestrian_on_crosswalk,16e82788dc8c5b20,TRAFFIC_CONE,37,99,63,63,0,63,62,1,0,1631555757799684,1631555760899970,61,0,2
e0b6fd9583355c6d,2021.09.13.17.32.06_veh-39_01315_01527,near_pedestrian_on_crosswalk,61cc5f7ba34250f9,BARRIER,44,99,56,56,0,56,55,1,0,1631555758149597,1631555760899970,0,0,56
e0b6fd9583355c6d,2021.09.13.17.32.06_veh-39_01315_01527,near_pedestrian_on_crosswalk,5ac1e1dd4f90576e,PEDESTRIAN,55,99,45,45,0,45,44,1,0,1631555758699370,1631555760899970,0,0,45
e0b6fd9583355c6d,2021.09.13.17.32.06_veh-39_01315_01527,near_pedestrian_on_crosswalk,fd6ac502e6d25b75,PEDESTRIAN,59,99,41,41,0,41,40,1,0,1631555758899293,1631555760899970,0,0,41
e0b6fd9583355c6d,2021.09.13.17.32.06_veh-39_01315_01527,near_pedestrian_on_crosswalk,3921ee2bd7e7570c,VEHICLE,63,99,37,37,0,37,36,1,0,1631555759099219,1631555760899970,0,0,0
e0b6fd9583355c6d,2021.09.13.17.32.06_veh-39_01315_01527,near_pedestrian_on_crosswalk,ad0b2e8ecf315c3c,PEDESTRIAN,65,99,35,35,0,35,34,1,0,1631555759199191,1631555760899970,0,0,35
e0b6fd9583355c6d,2021.09.13.17.32.06_veh-39_01315_01527,near_pedestrian_on_crosswalk,42d7af2a2e605dcb,CZONE_SIGN,73,80,8,8,0,8,7,1,0,1631555759599212,1631555759949413,8,0,0
e0b6fd9583355c6d,2021.09.13.17.32.06_veh-39_01315_01527,near_pedestrian_on_crosswalk,adb957531f815489,VEHICLE,89,99,11,11,0,11,10,1,0,1631555760399683,1631555760899970,0,0,0
e0b6fd9583355c6d,2021.09.13.17.32.06_veh-39_01315_01527,near_pedestrian_on_crosswalk,82c3cc06336f511d,PEDESTRIAN,96,99,4,4,0,4,3,1,0,1631555760749911,1631555760899970,0,0,4
8f6a1bee1ba054af,2021.10.01.19.16.42_veh-28_00392_00906,near_pedestrian_on_crosswalk,f8bee50c659c576c,VEHICLE,0,99,100,100,0,100,99,1,0,1633116518149458,1633116523099558,0,0,0
8f6a1bee1ba054af,2021.10.01.19.16.42_veh-28_00392_00906,near_pedestrian_on_crosswalk,a075cea4500850b3,VEHICLE,0,99,100,100,0,100,99,1,0,1633116518149458,1633116523099558,0,0,0
8f6a1bee1ba054af,2021.10.01.19.16.42_veh-28_00392_00906,near_pedestrian_on_crosswalk,fc1c03cfe70e507c,VEHICLE,0,99,100,100,0,100,99,1,0,1633116518149458,1633116523099558,0,0,0
8f6a1bee1ba054af,2021.10.01.19.16.42_veh-28_00392_00906,near_pedestrian_on_crosswalk,26f23655653c5424,VEHICLE,0,99,100,100,0,100,99,1,0,1633116518149458,1633116523099558,0,0,0
8f6a1bee1ba054af,2021.10.01.19.16.42_veh-28_00392_00906,near_pedestrian_on_crosswalk,2a82d2f2d0525995,VEHICLE,0,99,100,100,0,100,99,1,0,1633116518149458,1633116523099558,0,0,0
8f6a1bee1ba054af,2021.10.01.19.16.42_veh-28_00392_00906,near_pedestrian_on_crosswalk,6abb191bd00a52ab,VEHICLE,0,99,100,100,0,100,99,1,0,1633116518149458,1633116523099558,0,0,0
8f6a1bee1ba054af,2021.10.01.19.16.42_veh-28_00392_00906,near_pedestrian_on_crosswalk,728b942de5dd562f,VEHICLE,0,99,100,100,0,100,99,1,0,1633116518149458,1633116523099558,0,0,0
8f6a1bee1ba054af,2021.10.01.19.16.42_veh-28_00392_00906,near_pedestrian_on_crosswalk,c6d3b18f35c35d3a,VEHICLE,0,99,100,100,0,100,99,1,0,1633116518149458,1633116523099558,0,0,0
8f6a1bee1ba054af,2021.10.01.19.16.42_veh-28_00392_00906,near_pedestrian_on_crosswalk,ea6de8b4d12b5b91,VEHICLE,0,99,100,100,0,100,99,1,0,1633116518149458,1633116523099558,0,0,0
8f6a1bee1ba054af,2021.10.01.19.16.42_veh-28_00392_00906,near_pedestrian_on_crosswalk,5edb840adc0e56c0,VEHICLE,0,99,100,100,0,100,99,1,0,1633116518149458,1633116523099558,0,0,0
8f6a1bee1ba054af,2021.10.01.19.16.42_veh-28_00392_00906,near_pedestrian_on_crosswalk,32dbaffb7c795238,VEHICLE,0,99,100,100,0,100,99,1,0,1633116518149458,1633116523099558,0,0,0
8f6a1bee1ba054af,2021.10.01.19.16.42_veh-28_00392_00906,near_pedestrian_on_crosswalk,a843958122f753f4,VEHICLE,0,99,100,100,0,100,99,1,0,1633116518149458,1633116523099558,0,0,0
8f6a1bee1ba054af,2021.10.01.19.16.42_veh-28_00392_00906,near_pedestrian_on_crosswalk,af61fb1bfcd75ff7,VEHICLE,0,99,100,100,0,100,99,1,0,1633116518149458,1633116523099558,0,0,0
8f6a1bee1ba054af,2021.10.01.19.16.42_veh-28_00392_00906,near_pedestrian_on_crosswalk,cb4068d734d75bef,VEHICLE,0,99,100,100,0,100,99,1,0,1633116518149458,1633116523099558,0,0,0
8f6a1bee1ba054af,2021.10.01.19.16.42_veh-28_00392_00906,near_pedestrian_on_crosswalk,6bba3a468ccb5048,VEHICLE,0,99,100,100,0,100,99,1,0,1633116518149458,1633116523099558,100,0,0
8f6a1bee1ba054af,2021.10.01.19.16.42_veh-28_00392_00906,near_pedestrian_on_crosswalk,d9110f33730051c1,VEHICLE,0,99,100,100,0,100,99,1,0,1633116518149458,1633116523099558,100,0,0
8f6a1bee1ba054af,2021.10.01.19.16.42_veh-28_00392_00906,near_pedestrian_on_crosswalk,eb857cac52f15dad,VEHICLE,0,99,100,100,0,100,99,1,0,1633116518149458,1633116523099558,100,0,0
8f6a1bee1ba054af,2021.10.01.19.16.42_veh-28_00392_00906,near_pedestrian_on_crosswalk,7798559720f053ca,VEHICLE,0,99,100,100,0,100,99,1,0,1633116518149458,1633116523099558,0,0,0
8f6a1bee1ba054af,2021.10.01.19.16.42_veh-28_00392_00906,near_pedestrian_on_crosswalk,d519aeccf69958d0,VEHICLE,0,99,100,100,0,100,99,1,0,1633116518149458,1633116523099558,0,0,0
8f6a1bee1ba054af,2021.10.01.19.16.42_veh-28_00392_00906,near_pedestrian_on_crosswalk,99e0e5235af45be9,VEHICLE,0,99,100,100,0,100,99,1,0,1633116518149458,1633116523099558,0,0,0
8f6a1bee1ba054af,2021.10.01.19.16.42_veh-28_00392_00906,near_pedestrian_on_crosswalk,30a5fcdfa9035e9d,PEDESTRIAN,0,8,9,9,0,9,8,1,0,1633116518149458,1633116518549567,0,0,9
8f6a1bee1ba054af,2021.10.01.19.16.42_veh-28_00392_00906,near_pedestrian_on_crosswalk,60a90db47c5356ed,PEDESTRIAN,0,99,100,100,0,100,99,1,0,1633116518149458,1633116523099558,100,0,0
8f6a1bee1ba054af,2021.10.01.19.16.42_veh-28_00392_00906,near_pedestrian_on_crosswalk,24ab212c8ead586f,PEDESTRIAN,0,99,100,100,0,100,99,1,0,1633116518149458,1633116523099558,2,13,85
8f6a1bee1ba054af,2021.10.01.19.16.42_veh-28_00392_00906,near_pedestrian_on_crosswalk,fceef61c27005ee5,PEDESTRIAN,0,99,100,100,0,100,99,1,0,1633116518149458,1633116523099558,100,0,0
8f6a1bee1ba054af,2021.10.01.19.16.42_veh-28_00392_00906,near_pedestrian_on_crosswalk,844084026fbe584a,PEDESTRIAN,0,99,100,100,0,100,99,1,0,1633116518149458,1633116523099558,100,0,0
8f6a1bee1ba054af,2021.10.01.19.16.42_veh-28_00392_00906,near_pedestrian_on_crosswalk,f1ac4127f7685f72,PEDESTRIAN,0,99,100,100,0,100,99,1,0,1633116518149458,1633116523099558,100,0,0
8f6a1bee1ba054af,2021.10.01.19.16.42_veh-28_00392_00906,near_pedestrian_on_crosswalk,b7e6b3e1e631538b,PEDESTRIAN,0,84,85,85,0,85,84,1,0,1633116518149458,1633116522349556,85,0,0
8f6a1bee1ba054af,2021.10.01.19.16.42_veh-28_00392_00906,near_pedestrian_on_crosswalk,e396265300175336,PEDESTRIAN,0,99,100,100,0,100,99,1,0,1633116518149458,1633116523099558,100,0,0
8f6a1bee1ba054af,2021.10.01.19.16.42_veh-28_00392_00906,near_pedestrian_on_crosswalk,a3730c01b5765d8e,PEDESTRIAN,0,99,100,100,0,100,99,1,0,1633116518149458,1633116523099558,0,0,100
8f6a1bee1ba054af,2021.10.01.19.16.42_veh-28_00392_00906,near_pedestrian_on_crosswalk,85c85abeec985206,PEDESTRIAN,0,99,100,100,0,100,99,1,0,1633116518149458,1633116523099558,85,15,0
8f6a1bee1ba054af,2021.10.01.19.16.42_veh-28_00392_00906,near_pedestrian_on_crosswalk,07e4a844795d50f6,PEDESTRIAN,0,99,100,100,0,100,99,1,0,1633116518149458,1633116523099558,26,29,45
8f6a1bee1ba054af,2021.10.01.19.16.42_veh-28_00392_00906,near_pedestrian_on_crosswalk,f23839a7288054ae,PEDESTRIAN,0,99,100,100,0,100,99,1,0,1633116518149458,1633116523099558,26,74,0
8f6a1bee1ba054af,2021.10.01.19.16.42_veh-28_00392_00906,near_pedestrian_on_crosswalk,bd82bba5bdff506e,PEDESTRIAN,0,99,100,100,0,100,99,1,0,1633116518149458,1633116523099558,100,0,0
8f6a1bee1ba054af,2021.10.01.19.16.42_veh-28_00392_00906,near_pedestrian_on_crosswalk,d7a05a9b109350a5,PEDESTRIAN,0,99,100,100,0,100,99,1,0,1633116518149458,1633116523099558,100,0,0
8f6a1bee1ba054af,2021.10.01.19.16.42_veh-28_00392_00906,near_pedestrian_on_crosswalk,c88a46171543505c,PEDESTRIAN,0,99,100,100,0,100,99,1,0,1633116518149458,1633116523099558,36,64,0
8f6a1bee1ba054af,2021.10.01.19.16.42_veh-28_00392_00906,near_pedestrian_on_crosswalk,918def0cffd052d1,PEDESTRIAN,0,99,100,100,0,100,99,1,0,1633116518149458,1633116523099558,100,0,0
8f6a1bee1ba054af,2021.10.01.19.16.42_veh-28_00392_00906,near_pedestrian_on_crosswalk,f589a17bb70b5d13,PEDESTRIAN,0,99,100,100,0,100,99,1,0,1633116518149458,1633116523099558,100,0,0
8f6a1bee1ba054af,2021.10.01.19.16.42_veh-28_00392_00906,near_pedestrian_on_crosswalk,bdf0b785fab0563b,PEDESTRIAN,0,99,100,100,0,100,99,1,0,1633116518149458,1633116523099558,100,0,0
8f6a1bee1ba054af,2021.10.01.19.16.42_veh-28_00392_00906,near_pedestrian_on_crosswalk,3ef8be84932555b9,PEDESTRIAN,0,99,100,100,0,100,99,1,0,1633116518149458,1633116523099558,100,0,0
8f6a1bee1ba054af,2021.10.01.19.16.42_veh-28_00392_00906,near_pedestrian_on_crosswalk,6ccd4b9a7bef5750,PEDESTRIAN,0,99,100,100,0,100,99,1,0,1633116518149458,1633116523099558,13,0,87
8f6a1bee1ba054af,2021.10.01.19.16.42_veh-28_00392_00906,near_pedestrian_on_crosswalk,d19c71be0ac9541b,PEDESTRIAN,0,59,60,60,0,60,59,1,0,1633116518149458,1633116521099732,60,0,0
8f6a1bee1ba054af,2021.10.01.19.16.42_veh-28_00392_00906,near_pedestrian_on_crosswalk,fe5967e29a0b5eb3,PEDESTRIAN,0,99,100,100,0,100,99,1,0,1633116518149458,1633116523099558,100,0,0
8f6a1bee1ba054af,2021.10.01.19.16.42_veh-28_00392_00906,near_pedestrian_on_crosswalk,e107899060d1564b,PEDESTRIAN,0,84,85,85,0,85,84,1,0,1633116518149458,1633116522349556,85,0,0
8f6a1bee1ba054af,2021.10.01.19.16.42_veh-28_00392_00906,near_pedestrian_on_crosswalk,fc628ffcf2325f64,PEDESTRIAN,0,34,35,35,0,35,34,1,0,1633116518149458,1633116519849515,0,0,35
8f6a1bee1ba054af,2021.10.01.19.16.42_veh-28_00392_00906,near_pedestrian_on_crosswalk,02e4026514eb55f6,BICYCLE,0,99,100,100,0,100,99,1,0,1633116518149458,1633116523099558,0,0,0
8f6a1bee1ba054af,2021.10.01.19.16.42_veh-28_00392_00906,near_pedestrian_on_crosswalk,120578ede04459ce,TRAFFIC_CONE,0,99,100,100,0,100,99,1,0,1633116518149458,1633116523099558,0,0,100
8f6a1bee1ba054af,2021.10.01.19.16.42_veh-28_00392_00906,near_pedestrian_on_crosswalk,24d8a715ba2c5a99,TRAFFIC_CONE,0,40,41,41,0,41,40,1,0,1633116518149458,1633116520149529,0,0,41
8f6a1bee1ba054af,2021.10.01.19.16.42_veh-28_00392_00906,near_pedestrian_on_crosswalk,006d3d49c13a5360,BARRIER,0,99,100,100,0,100,99,1,0,1633116518149458,1633116523099558,100,0,0
8f6a1bee1ba054af,2021.10.01.19.16.42_veh-28_00392_00906,near_pedestrian_on_crosswalk,5259ecf10d3b55ec,BARRIER,0,99,100,100,0,100,99,1,0,1633116518149458,1633116523099558,100,0,0
8f6a1bee1ba054af,2021.10.01.19.16.42_veh-28_00392_00906,near_pedestrian_on_crosswalk,70f672ab07cd53b0,BARRIER,0,99,100,100,0,100,99,1,0,1633116518149458,1633116523099558,42,0,58
8f6a1bee1ba054af,2021.10.01.19.16.42_veh-28_00392_00906,near_pedestrian_on_crosswalk,d88e85831ede5bcd,BARRIER,0,99,100,100,0,100,99,1,0,1633116518149458,1633116523099558,0,0,100
8f6a1bee1ba054af,2021.10.01.19.16.42_veh-28_00392_00906,near_pedestrian_on_crosswalk,a6a7157dd2b65139,BARRIER,0,99,100,100,0,100,99,1,0,1633116518149458,1633116523099558,0,0,100
8f6a1bee1ba054af,2021.10.01.19.16.42_veh-28_00392_00906,near_pedestrian_on_crosswalk,8c9831163b825fec,BARRIER,0,99,100,100,0,100,99,1,0,1633116518149458,1633116523099558,0,0,100
8f6a1bee1ba054af,2021.10.01.19.16.42_veh-28_00392_00906,near_pedestrian_on_crosswalk,b108ef1b033d58fd,BARRIER,0,99,100,100,0,100,99,1,0,1633116518149458,1633116523099558,0,0,100
8f6a1bee1ba054af,2021.10.01.19.16.42_veh-28_00392_00906,near_pedestrian_on_crosswalk,0b08c0b979495975,BARRIER,0,99,100,100,0,100,99,1,0,1633116518149458,1633116523099558,0,0,100
8f6a1bee1ba054af,2021.10.01.19.16.42_veh-28_00392_00906,near_pedestrian_on_crosswalk,7365da37e4f85fd5,BARRIER,0,99,100,100,0,100,99,1,0,1633116518149458,1633116523099558,100,0,0
8f6a1bee1ba054af,2021.10.01.19.16.42_veh-28_00392_00906,near_pedestrian_on_crosswalk,8207b78c7c6f53d3,BARRIER,0,99,100,100,0,100,99,1,0,1633116518149458,1633116523099558,0,0,100
8f6a1bee1ba054af,2021.10.01.19.16.42_veh-28_00392_00906,near_pedestrian_on_crosswalk,9fc8a2e7e0d55de2,BARRIER,0,24,25,25,0,25,24,1,0,1633116518149458,1633116519349703,0,0,25
8f6a1bee1ba054af,2021.10.01.19.16.42_veh-28_00392_00906,near_pedestrian_on_crosswalk,301fe4d2b21e55ff,BARRIER,0,37,38,38,0,38,37,1,0,1633116518149458,1633116519999516,0,0,38
8f6a1bee1ba054af,2021.10.01.19.16.42_veh-28_00392_00906,near_pedestrian_on_crosswalk,179c0f27848c5553,BARRIER,0,99,100,100,0,100,99,1,0,1633116518149458,1633116523099558,0,0,100
8f6a1bee1ba054af,2021.10.01.19.16.42_veh-28_00392_00906,near_pedestrian_on_crosswalk,30982abbf7ba5152,BARRIER,0,27,28,28,0,28,27,1,0,1633116518149458,1633116519499640,0,0,28
8f6a1bee1ba054af,2021.10.01.19.16.42_veh-28_00392_00906,near_pedestrian_on_crosswalk,f1d949845cf75871,GENERIC_OBJECT,0,99,100,100,0,100,99,1,0,1633116518149458,1633116523099558,100,0,0
8f6a1bee1ba054af,2021.10.01.19.16.42_veh-28_00392_00906,near_pedestrian_on_crosswalk,2afb9a526697515a,GENERIC_OBJECT,9,15,7,7,0,7,6,1,0,1633116518599584,1633116518899713,0,0,7
8f6a1bee1ba054af,2021.10.01.19.16.42_veh-28_00392_00906,near_pedestrian_on_crosswalk,58bd0be0a9115cd3,VEHICLE,15,99,85,85,0,85,84,1,0,1633116518899713,1633116523099558,0,0,85
8f6a1bee1ba054af,2021.10.01.19.16.42_veh-28_00392_00906,near_pedestrian_on_crosswalk,99cc0df9740f5e95,TRAFFIC_CONE,15,27,13,13,0,13,12,1,0,1633116518899713,1633116519499640,13,0,0
8f6a1bee1ba054af,2021.10.01.19.16.42_veh-28_00392_00906,near_pedestrian_on_crosswalk,c26af4e1b0d152c5,PEDESTRIAN,25,99,75,75,0,75,74,1,0,1633116519399683,1633116523099558,75,0,0
8f6a1bee1ba054af,2021.10.01.19.16.42_veh-28_00392_00906,near_pedestrian_on_crosswalk,4c3f354985f45000,PEDESTRIAN,26,99,74,74,0,74,73,1,0,1633116519449662,1633116523099558,74,0,0
8f6a1bee1ba054af,2021.10.01.19.16.42_veh-28_00392_00906,near_pedestrian_on_crosswalk,48b640f6334b5e9d,PEDESTRIAN,26,99,74,74,0,74,73,1,0,1633116519449662,1633116523099558,74,0,0
8f6a1bee1ba054af,2021.10.01.19.16.42_veh-28_00392_00906,near_pedestrian_on_crosswalk,f91c412a4f8656e5,PEDESTRIAN,36,99,64,64,0,64,63,1,0,1633116519949511,1633116523099558,64,0,0
8f6a1bee1ba054af,2021.10.01.19.16.42_veh-28_00392_00906,near_pedestrian_on_crosswalk,f8568deb55ae5ad4,PEDESTRIAN,51,99,49,49,0,49,48,1,0,1633116520699701,1633116523099558,0,0,49
8f6a1bee1ba054af,2021.10.01.19.16.42_veh-28_00392_00906,near_pedestrian_on_crosswalk,7100c37cb2c85c6d,VEHICLE,53,99,47,47,0,47,46,1,0,1633116520799734,1633116523099558,0,0,0
8f6a1bee1ba054af,2021.10.01.19.16.42_veh-28_00392_00906,near_pedestrian_on_crosswalk,01536f1446f45672,PEDESTRIAN,54,99,46,46,0,46,45,1,0,1633116520849743,1633116523099558,0,0,46
8f6a1bee1ba054af,2021.10.01.19.16.42_veh-28_00392_00906,near_pedestrian_on_crosswalk,6e3d58a2168d505d,PEDESTRIAN,55,66,12,12,0,12,11,1,0,1633116520899749,1633116521449672,0,0,12
8f6a1bee1ba054af,2021.10.01.19.16.42_veh-28_00392_00906,near_pedestrian_on_crosswalk,a94a049ed0f75cbc,VEHICLE,56,99,44,44,0,44,43,1,0,1633116520949751,1633116523099558,0,0,44
8f6a1bee1ba054af,2021.10.01.19.16.42_veh-28_00392_00906,near_pedestrian_on_crosswalk,798f6da24de9513d,PEDESTRIAN,60,99,40,40,0,40,39,1,0,1633116521149724,1633116523099558,24,16,0
8f6a1bee1ba054af,2021.10.01.19.16.42_veh-28_00392_00906,near_pedestrian_on_crosswalk,809392e88e8b5e11,VEHICLE,66,99,34,34,0,34,33,1,0,1633116521449672,1633116523099558,0,0,0
8f6a1bee1ba054af,2021.10.01.19.16.42_veh-28_00392_00906,near_pedestrian_on_crosswalk,32572a1153315c61,VEHICLE,67,99,33,33,0,33,32,1,0,1633116521499663,1633116523099558,0,0,33
8f6a1bee1ba054af,2021.10.01.19.16.42_veh-28_00392_00906,near_pedestrian_on_crosswalk,2cf9c784f0fe5865,VEHICLE,68,99,32,32,0,32,31,1,0,1633116521549654,1633116523099558,0,0,32
8f6a1bee1ba054af,2021.10.01.19.16.42_veh-28_00392_00906,near_pedestrian_on_crosswalk,0b1ee833e5205023,VEHICLE,69,99,31,31,0,31,30,1,0,1633116521599648,1633116523099558,0,0,0
8f6a1bee1ba054af,2021.10.01.19.16.42_veh-28_00392_00906,near_pedestrian_on_crosswalk,e99d67df401d543a,PEDESTRIAN,69,99,31,31,0,31,30,1,0,1633116521599648,1633116523099558,31,0,0
8f6a1bee1ba054af,2021.10.01.19.16.42_veh-28_00392_00906,near_pedestrian_on_crosswalk,12473ab23d9b5f66,BARRIER,69,92,24,24,0,24,23,1,0,1633116521599648,1633116522749497,0,0,24
8f6a1bee1ba054af,2021.10.01.19.16.42_veh-28_00392_00906,near_pedestrian_on_crosswalk,74b881aa8aff50b1,PEDESTRIAN,70,99,30,30,0,30,29,1,0,1633116521649642,1633116523099558,30,0,0
8f6a1bee1ba054af,2021.10.01.19.16.42_veh-28_00392_00906,near_pedestrian_on_crosswalk,d63445cd1b775f14,BARRIER,70,99,30,30,0,30,29,1,0,1633116521649642,1633116523099558,0,0,30
8f6a1bee1ba054af,2021.10.01.19.16.42_veh-28_00392_00906,near_pedestrian_on_crosswalk,6cc3f0ef6f6a5145,VEHICLE,74,99,26,26,0,26,25,1,0,1633116521849615,1633116523099558,0,0,26
8f6a1bee1ba054af,2021.10.01.19.16.42_veh-28_00392_00906,near_pedestrian_on_crosswalk,076c72e788d75333,BARRIER,74,99,26,26,0,26,25,1,0,1633116521849615,1633116523099558,5,0,21
8f6a1bee1ba054af,2021.10.01.19.16.42_veh-28_00392_00906,near_pedestrian_on_crosswalk,56ad778bda3055a1,PEDESTRIAN,79,99,21,21,0,21,20,1,0,1633116522099573,1633116523099558,0,18,3
8f6a1bee1ba054af,2021.10.01.19.16.42_veh-28_00392_00906,near_pedestrian_on_crosswalk,b5ca810bceda5f39,VEHICLE,80,99,20,20,0,20,19,1,0,1633116522149567,1633116523099558,0,0,0
8f6a1bee1ba054af,2021.10.01.19.16.42_veh-28_00392_00906,near_pedestrian_on_crosswalk,9ea966f4822d5abc,VEHICLE,85,99,15,15,0,15,14,1,0,1633116522399545,1633116523099558,0,0,0
8f6a1bee1ba054af,2021.10.01.19.16.42_veh-28_00392_00906,near_pedestrian_on_crosswalk,a48ce88078a650b4,VEHICLE,85,99,15,15,0,15,14,1,0,1633116522399545,1633116523099558,0,0,0
8f6a1bee1ba054af,2021.10.01.19.16.42_veh-28_00392_00906,near_pedestrian_on_crosswalk,b26855b46fb255f0,PEDESTRIAN,85,99,15,15,0,15,14,1,0,1633116522399545,1633116523099558,0,0,15
8f6a1bee1ba054af,2021.10.01.19.16.42_veh-28_00392_00906,near_pedestrian_on_crosswalk,b1728a1c67cb5daf,BARRIER,87,99,13,13,0,13,12,1,0,1633116522499518,1633116523099558,0,0,13
8f6a1bee1ba054af,2021.10.01.19.16.42_veh-28_00392_00906,near_pedestrian_on_crosswalk,68d2c8a2feb85723,BARRIER,87,99,13,13,0,13,12,1,0,1633116522499518,1633116523099558,0,0,13
8f6a1bee1ba054af,2021.10.01.19.16.42_veh-28_00392_00906,near_pedestrian_on_crosswalk,cbeeca6e594a54e4,VEHICLE,90,99,10,10,0,10,9,1,0,1633116522649495,1633116523099558,0,0,0
8f6a1bee1ba054af,2021.10.01.19.16.42_veh-28_00392_00906,near_pedestrian_on_crosswalk,6ed329e214515600,VEHICLE,93,95,3,3,0,3,2,1,0,1633116522799501,1633116522899521,0,0,0
8f6a1bee1ba054af,2021.10.01.19.16.42_veh-28_00392_00906,near_pedestrian_on_crosswalk,0377af174dba59ef,PEDESTRIAN,93,99,7,7,0,7,6,1,0,1633116522799501,1633116523099558,0,0,7
8f6a1bee1ba054af,2021.10.01.19.16.42_veh-28_00392_00906,near_pedestrian_on_crosswalk,75d4eaee62625028,PEDESTRIAN,93,99,7,7,0,7,6,1,0,1633116522799501,1633116523099558,0,7,0
8f6a1bee1ba054af,2021.10.01.19.16.42_veh-28_00392_00906,near_pedestrian_on_crosswalk,8bb85c9881c65c77,PEDESTRIAN,94,99,6,6,0,6,5,1,0,1633116522849510,1633116523099558,0,0,6
8f6a1bee1ba054af,2021.10.01.19.16.42_veh-28_00392_00906,near_pedestrian_on_crosswalk,aed7cde95ec250ab,GENERIC_OBJECT,94,96,3,3,0,3,2,1,0,1633116522849510,1633116522949532,0,0,3
8f6a1bee1ba054af,2021.10.01.19.16.42_veh-28_00392_00906,near_pedestrian_on_crosswalk,f0370202f87a5b28,GENERIC_OBJECT,94,97,4,4,0,4,3,1,0,1633116522849510,1633116522999543,0,0,4
8f6a1bee1ba054af,2021.10.01.19.16.42_veh-28_00392_00906,near_pedestrian_on_crosswalk,d2f693ce3f245814,VEHICLE,98,99,2,2,0,2,1,1,0,1633116523049552,1633116523099558,0,0,0
8f6a1bee1ba054af,2021.10.01.19.16.42_veh-28_00392_00906,near_pedestrian_on_crosswalk,ded336098cfd5976,PEDESTRIAN,98,99,2,2,0,2,1,1,0,1633116523049552,1633116523099558,0,2,0
8f6a1bee1ba054af,2021.10.01.19.16.42_veh-28_00392_00906,near_pedestrian_on_crosswalk,70bd3c11c2f05b2d,BARRIER,99,99,1,1,0,1,0,1,0,1633116523099558,1633116523099558,0,0,1
8f6a1bee1ba054af,2021.10.01.19.16.42_veh-28_00392_00906,near_pedestrian_on_crosswalk,dd6451f7270f530b,BARRIER,99,99,1,1,0,1,0,1,0,1633116523099558,1633116523099558,0,0,1
b19bf286110d578b,2021.08.24.13.20.17_veh-08_00016_00738,near_pedestrian_on_crosswalk,b77130b527a3541b,VEHICLE,0,11,12,12,0,12,11,1,0,1629811887199343,1629811887749399,0,0,12
b19bf286110d578b,2021.08.24.13.20.17_veh-08_00016_00738,near_pedestrian_on_crosswalk,487cf36544865cd2,VEHICLE,0,46,47,47,0,47,46,1,0,1629811887199343,1629811889500359,0,0,0
b19bf286110d578b,2021.08.24.13.20.17_veh-08_00016_00738,near_pedestrian_on_crosswalk,680101c465ba53ba,VEHICLE,0,99,100,100,0,100,99,1,0,1629811887199343,1629811892149471,0,0,100
b19bf286110d578b,2021.08.24.13.20.17_veh-08_00016_00738,near_pedestrian_on_crosswalk,b983a10325ae50e6,VEHICLE,0,72,73,73,0,73,72,1,0,1629811887199343,1629811890800086,0,0,0
b19bf286110d578b,2021.08.24.13.20.17_veh-08_00016_00738,near_pedestrian_on_crosswalk,5a05982ea6e257a6,VEHICLE,0,94,95,95,0,95,94,1,0,1629811887199343,1629811891899606,0,0,95
b19bf286110d578b,2021.08.24.13.20.17_veh-08_00016_00738,near_pedestrian_on_crosswalk,fb39b27971fc53d1,VEHICLE,0,99,100,100,0,100,99,1,0,1629811887199343,1629811892149471,0,0,100
b19bf286110d578b,2021.08.24.13.20.17_veh-08_00016_00738,near_pedestrian_on_crosswalk,a6b53d537780573b,VEHICLE,0,3,4,4,0,4,3,1,0,1629811887199343,1629811887349309,0,0,4
b19bf286110d578b,2021.08.24.13.20.17_veh-08_00016_00738,near_pedestrian_on_crosswalk,88b6b9e6450e5776,VEHICLE,0,99,100,100,0,100,99,1,0,1629811887199343,1629811892149471,0,0,0
b19bf286110d578b,2021.08.24.13.20.17_veh-08_00016_00738,near_pedestrian_on_crosswalk,fac265741eec5b45,VEHICLE,0,99,100,100,0,100,99,1,0,1629811887199343,1629811892149471,87,0,13
b19bf286110d578b,2021.08.24.13.20.17_veh-08_00016_00738,near_pedestrian_on_crosswalk,60a748479d4f5d0a,VEHICLE,0,99,100,100,0,100,99,1,0,1629811887199343,1629811892149471,0,0,0
b19bf286110d578b,2021.08.24.13.20.17_veh-08_00016_00738,near_pedestrian_on_crosswalk,bf71f7caf3395a7f,VEHICLE,0,99,100,100,0,100,99,1,0,1629811887199343,1629811892149471,20,0,80
b19bf286110d578b,2021.08.24.13.20.17_veh-08_00016_00738,near_pedestrian_on_crosswalk,4f77c2db45595921,VEHICLE,0,99,100,100,0,100,99,1,0,1629811887199343,1629811892149471,0,0,0
b19bf286110d578b,2021.08.24.13.20.17_veh-08_00016_00738,near_pedestrian_on_crosswalk,1d624fe6127c5a41,VEHICLE,0,99,100,100,0,100,99,1,0,1629811887199343,1629811892149471,91,0,4
b19bf286110d578b,2021.08.24.13.20.17_veh-08_00016_00738,near_pedestrian_on_crosswalk,a48d97018a105387,VEHICLE,0,99,100,100,0,100,99,1,0,1629811887199343,1629811892149471,0,0,0
b19bf286110d578b,2021.08.24.13.20.17_veh-08_00016_00738,near_pedestrian_on_crosswalk,8d9dea5419c25f32,VEHICLE,0,99,100,100,0,100,99,1,0,1629811887199343,1629811892149471,0,0,0
b19bf286110d578b,2021.08.24.13.20.17_veh-08_00016_00738,near_pedestrian_on_crosswalk,303e2b3adea05183,VEHICLE,0,99,100,100,0,100,99,1,0,1629811887199343,1629811892149471,0,0,0
b19bf286110d578b,2021.08.24.13.20.17_veh-08_00016_00738,near_pedestrian_on_crosswalk,b658ede304a7515d,VEHICLE,0,99,100,100,0,100,99,1,0,1629811887199343,1629811892149471,0,0,100
b19bf286110d578b,2021.08.24.13.20.17_veh-08_00016_00738,near_pedestrian_on_crosswalk,fdf02c61ad88527f,VEHICLE,0,99,100,100,0,100,99,1,0,1629811887199343,1629811892149471,86,0,14
b19bf286110d578b,2021.08.24.13.20.17_veh-08_00016_00738,near_pedestrian_on_crosswalk,6e9238565d6f5adb,VEHICLE,0,99,100,100,0,100,99,1,0,1629811887199343,1629811892149471,0,0,0
b19bf286110d578b,2021.08.24.13.20.17_veh-08_00016_00738,near_pedestrian_on_crosswalk,f22a15b199e956f3,PEDESTRIAN,0,99,100,100,0,100,99,1,0,1629811887199343,1629811892149471,100,0,0
b19bf286110d578b,2021.08.24.13.20.17_veh-08_00016_00738,near_pedestrian_on_crosswalk,7c1c43f655295631,PEDESTRIAN,0,99,100,100,0,100,99,1,0,1629811887199343,1629811892149471,100,0,0
b19bf286110d578b,2021.08.24.13.20.17_veh-08_00016_00738,near_pedestrian_on_crosswalk,2e503537d3f25b96,PEDESTRIAN,0,99,100,100,0,100,99,1,0,1629811887199343,1629811892149471,100,0,0
b19bf286110d578b,2021.08.24.13.20.17_veh-08_00016_00738,near_pedestrian_on_crosswalk,40c7b8c11f4351aa,PEDESTRIAN,0,99,100,100,0,100,99,1,0,1629811887199343,1629811892149471,98,0,2
b19bf286110d578b,2021.08.24.13.20.17_veh-08_00016_00738,near_pedestrian_on_crosswalk,7582eb289d125aa3,TRAFFIC_CONE,0,99,100,100,0,100,99,1,0,1629811887199343,1629811892149471,100,0,0
b19bf286110d578b,2021.08.24.13.20.17_veh-08_00016_00738,near_pedestrian_on_crosswalk,d9de1b73c0f85e7c,GENERIC_OBJECT,0,99,100,100,0,100,99,1,0,1629811887199343,1629811892149471,100,0,0
b19bf286110d578b,2021.08.24.13.20.17_veh-08_00016_00738,near_pedestrian_on_crosswalk,5221580767915b80,GENERIC_OBJECT,0,99,100,100,0,100,99,1,0,1629811887199343,1629811892149471,100,0,0
b19bf286110d578b,2021.08.24.13.20.17_veh-08_00016_00738,near_pedestrian_on_crosswalk,a98e61f80a5552b5,GENERIC_OBJECT,0,99,100,100,0,100,99,1,0,1629811887199343,1629811892149471,100,0,0
b19bf286110d578b,2021.08.24.13.20.17_veh-08_00016_00738,near_pedestrian_on_crosswalk,7d785c61d4fd5cd2,GENERIC_OBJECT,0,0,1,1,0,1,0,1,0,1629811887199343,1629811887199343,1,0,0
b19bf286110d578b,2021.08.24.13.20.17_veh-08_00016_00738,near_pedestrian_on_crosswalk,281d7d2ab41f58b8,GENERIC_OBJECT,0,25,26,26,0,26,25,1,0,1629811887199343,1629811888449790,0,0,26
b19bf286110d578b,2021.08.24.13.20.17_veh-08_00016_00738,near_pedestrian_on_crosswalk,7432c0e614705674,GENERIC_OBJECT,0,96,97,97,0,97,96,1,0,1629811887199343,1629811891999548,97,0,0
b19bf286110d578b,2021.08.24.13.20.17_veh-08_00016_00738,near_pedestrian_on_crosswalk,d122d218d9b45844,GENERIC_OBJECT,0,82,83,83,0,83,82,1,0,1629811887199343,1629811891299946,83,0,0
b19bf286110d578b,2021.08.24.13.20.17_veh-08_00016_00738,near_pedestrian_on_crosswalk,0aed8414924a5a47,VEHICLE,9,99,91,91,0,91,90,1,0,1629811887649350,1629811892149471,0,0,91
b19bf286110d578b,2021.08.24.13.20.17_veh-08_00016_00738,near_pedestrian_on_crosswalk,d703304bd6425dd8,BICYCLE,9,49,41,41,0,41,40,1,0,1629811887649350,1629811889650363,0,0,0
b19bf286110d578b,2021.08.24.13.20.17_veh-08_00016_00738,near_pedestrian_on_crosswalk,d83d57445d3a55cd,GENERIC_OBJECT,10,71,62,62,0,62,61,1,0,1629811887699374,1629811890750098,62,0,0
b19bf286110d578b,2021.08.24.13.20.17_veh-08_00016_00738,near_pedestrian_on_crosswalk,463cb1ac151a5cf0,PEDESTRIAN,14,99,86,86,0,86,85,1,0,1629811887899478,1629811892149471,0,0,86
b19bf286110d578b,2021.08.24.13.20.17_veh-08_00016_00738,near_pedestrian_on_crosswalk,a6ada0ba07d55213,VEHICLE,42,50,9,9,0,9,8,1,0,1629811889300302,1629811889700358,0,0,0
b19bf286110d578b,2021.08.24.13.20.17_veh-08_00016_00738,near_pedestrian_on_crosswalk,862f5f830e405576,PEDESTRIAN,44,80,37,37,0,37,36,1,0,1629811889400342,1629811891199993,0,0,37
b19bf286110d578b,2021.08.24.13.20.17_veh-08_00016_00738,near_pedestrian_on_crosswalk,d9d5932b46895e6b,PEDESTRIAN,49,99,51,51,0,51,50,1,0,1629811889650363,1629811892149471,0,0,51
b19bf286110d578b,2021.08.24.13.20.17_veh-08_00016_00738,near_pedestrian_on_crosswalk,7afa7776db375d9a,VEHICLE,50,99,50,50,0,50,49,1,0,1629811889700358,1629811892149471,0,0,0
b19bf286110d578b,2021.08.24.13.20.17_veh-08_00016_00738,near_pedestrian_on_crosswalk,72ce5b088e745a94,VEHICLE,58,99,42,42,0,42,41,1,0,1629811890100235,1629811892149471,0,0,42
b19bf286110d578b,2021.08.24.13.20.17_veh-08_00016_00738,near_pedestrian_on_crosswalk,ffdbc52dcfd855a3,VEHICLE,60,99,40,40,0,40,39,1,0,1629811890200215,1629811892149471,0,0,40
b19bf286110d578b,2021.08.24.13.20.17_veh-08_00016_00738,near_pedestrian_on_crosswalk,c6c0397273375993,VEHICLE,69,99,31,31,0,31,30,1,0,1629811890650126,1629811892149471,0,0,31
b19bf286110d578b,2021.08.24.13.20.17_veh-08_00016_00738,near_pedestrian_on_crosswalk,4f63426c70b75ce6,TRAFFIC_CONE,73,83,11,11,0,11,10,1,0,1629811890850078,1629811891349918,0,0,11
b19bf286110d578b,2021.08.24.13.20.17_veh-08_00016_00738,near_pedestrian_on_crosswalk,7150b4614ee9541f,BARRIER,74,99,26,26,0,26,25,1,0,1629811890900073,1629811892149471,11,0,15
b19bf286110d578b,2021.08.24.13.20.17_veh-08_00016_00738,near_pedestrian_on_crosswalk,3993b13e5d3c5cc5,VEHICLE,81,99,19,19,0,19,18,1,0,1629811891249971,1629811892149471,0,0,0
b19bf286110d578b,2021.08.24.13.20.17_veh-08_00016_00738,near_pedestrian_on_crosswalk,2d79a9c1529052a8,GENERIC_OBJECT,82,94,13,13,0,13,12,1,0,1629811891299946,1629811891899606,3,0,10
b19bf286110d578b,2021.08.24.13.20.17_veh-08_00016_00738,near_pedestrian_on_crosswalk,155fe3fb56c15aba,BARRIER,89,97,9,9,0,9,8,1,0,1629811891649757,1629811892049520,0,0,9
b19bf286110d578b,2021.08.24.13.20.17_veh-08_00016_00738,near_pedestrian_on_crosswalk,8f5a5604556f5fcb,VEHICLE,96,99,4,4,0,4,3,1,0,1629811891999548,1629811892149471,0,0,0
229f7c1c62fa5439,2021.09.01.13.51.23_veh-40_00962_01574,traversing_crosswalk,31edf0d5e3c35236,VEHICLE,0,100,101,101,0,101,100,1,0,1630505618300766,1630505623300376,0,0,101
229f7c1c62fa5439,2021.09.01.13.51.23_veh-40_00962_01574,traversing_crosswalk,42dbbde9b00c5739,VEHICLE,0,66,67,67,0,67,66,1,0,1630505618300766,1630505621600346,0,0,0
229f7c1c62fa5439,2021.09.01.13.51.23_veh-40_00962_01574,traversing_crosswalk,776df6834a325439,VEHICLE,0,67,68,68,0,68,67,1,0,1630505618300766,1630505621650358,0,0,0
229f7c1c62fa5439,2021.09.01.13.51.23_veh-40_00962_01574,traversing_crosswalk,7db7a35cd95c5a5f,VEHICLE,0,100,101,101,0,101,100,1,0,1630505618300766,1630505623300376,0,0,101
229f7c1c62fa5439,2021.09.01.13.51.23_veh-40_00962_01574,traversing_crosswalk,fb230ba59e725dbe,VEHICLE,0,100,101,101,0,101,100,1,0,1630505618300766,1630505623300376,101,0,0
229f7c1c62fa5439,2021.09.01.13.51.23_veh-40_00962_01574,traversing_crosswalk,36b8d5d1219e5e61,VEHICLE,0,84,85,85,0,85,84,1,0,1630505618300766,1630505622500512,0,0,0
229f7c1c62fa5439,2021.09.01.13.51.23_veh-40_00962_01574,traversing_crosswalk,c087bce466bf5b6e,VEHICLE,0,100,101,101,0,101,100,1,0,1630505618300766,1630505623300376,0,0,0
229f7c1c62fa5439,2021.09.01.13.51.23_veh-40_00962_01574,traversing_crosswalk,8ffebd3b925950ab,VEHICLE,0,51,52,52,0,52,51,1,0,1630505618300766,1630505620850362,0,0,0
229f7c1c62fa5439,2021.09.01.13.51.23_veh-40_00962_01574,traversing_crosswalk,c4e0f427b9bb5dd7,VEHICLE,0,100,101,101,0,101,100,1,0,1630505618300766,1630505623300376,0,0,0
229f7c1c62fa5439,2021.09.01.13.51.23_veh-40_00962_01574,traversing_crosswalk,81f48c330ec25dd0,VEHICLE,0,78,79,79,0,79,78,1,0,1630505618300766,1630505622200510,0,0,0
229f7c1c62fa5439,2021.09.01.13.51.23_veh-40_00962_01574,traversing_crosswalk,1721ae00fbe85090,VEHICLE,0,43,44,44,0,44,43,1,0,1630505618300766,1630505620450432,0,0,0
229f7c1c62fa5439,2021.09.01.13.51.23_veh-40_00962_01574,traversing_crosswalk,053ac0796126509a,VEHICLE,0,100,101,101,0,101,100,1,0,1630505618300766,1630505623300376,43,0,58
229f7c1c62fa5439,2021.09.01.13.51.23_veh-40_00962_01574,traversing_crosswalk,090c24da991459bb,VEHICLE,0,1,2,2,0,2,1,1,0,1630505618300766,1630505618350774,0,0,2
229f7c1c62fa5439,2021.09.01.13.51.23_veh-40_00962_01574,traversing_crosswalk,eaa1a66821b95e89,VEHICLE,0,100,101,101,0,101,100,1,0,1630505618300766,1630505623300376,101,0,0
229f7c1c62fa5439,2021.09.01.13.51.23_veh-40_00962_01574,traversing_crosswalk,73918773990c572d,VEHICLE,0,100,101,101,0,101,100,1,0,1630505618300766,1630505623300376,0,0,0
229f7c1c62fa5439,2021.09.01.13.51.23_veh-40_00962_01574,traversing_crosswalk,2bbde32b1eca593e,VEHICLE,0,48,49,49,0,49,48,1,0,1630505618300766,1630505620700384,21,0,28
229f7c1c62fa5439,2021.09.01.13.51.23_veh-40_00962_01574,traversing_crosswalk,9d166f0d6c325b69,VEHICLE,0,42,43,43,0,43,42,1,0,1630505618300766,1630505620400442,0,0,43
229f7c1c62fa5439,2021.09.01.13.51.23_veh-40_00962_01574,traversing_crosswalk,7d3b90306bd750f5,VEHICLE,0,100,101,101,0,101,100,1,0,1630505618300766,1630505623300376,87,0,14
229f7c1c62fa5439,2021.09.01.13.51.23_veh-40_00962_01574,traversing_crosswalk,3a9271c1428555eb,VEHICLE,0,27,28,28,0,28,27,1,0,1630505618300766,1630505619650552,23,0,5
229f7c1c62fa5439,2021.09.01.13.51.23_veh-40_00962_01574,traversing_crosswalk,b0b2f7fe0df25a88,VEHICLE,0,43,44,44,0,44,43,1,0,1630505618300766,1630505620450432,40,0,4
229f7c1c62fa5439,2021.09.01.13.51.23_veh-40_00962_01574,traversing_crosswalk,a9f23b50bdf352eb,VEHICLE,0,100,101,101,0,101,100,1,0,1630505618300766,1630505623300376,0,0,0
229f7c1c62fa5439,2021.09.01.13.51.23_veh-40_00962_01574,traversing_crosswalk,55f77820aa155388,VEHICLE,0,100,101,101,0,101,100,1,0,1630505618300766,1630505623300376,0,0,0
229f7c1c62fa5439,2021.09.01.13.51.23_veh-40_00962_01574,traversing_crosswalk,31518e0585c4596d,VEHICLE,0,100,101,101,0,101,100,1,0,1630505618300766,1630505623300376,0,0,0
229f7c1c62fa5439,2021.09.01.13.51.23_veh-40_00962_01574,traversing_crosswalk,0a16dfb5a38c59ce,VEHICLE,0,100,101,101,0,101,100,1,0,1630505618300766,1630505623300376,0,0,0
229f7c1c62fa5439,2021.09.01.13.51.23_veh-40_00962_01574,traversing_crosswalk,67ff1d86811b5ffa,VEHICLE,0,100,101,101,0,101,100,1,0,1630505618300766,1630505623300376,0,0,101
229f7c1c62fa5439,2021.09.01.13.51.23_veh-40_00962_01574,traversing_crosswalk,6d4691ca7c04574a,VEHICLE,0,100,101,101,0,101,100,1,0,1630505618300766,1630505623300376,98,0,3
229f7c1c62fa5439,2021.09.01.13.51.23_veh-40_00962_01574,traversing_crosswalk,f47ad03a8ebc5756,VEHICLE,0,18,19,19,0,19,18,1,0,1630505618300766,1630505619200641,0,0,19
229f7c1c62fa5439,2021.09.01.13.51.23_veh-40_00962_01574,traversing_crosswalk,d542a925a240504a,VEHICLE,0,70,71,71,0,71,70,1,0,1630505618300766,1630505621800395,0,0,71
229f7c1c62fa5439,2021.09.01.13.51.23_veh-40_00962_01574,traversing_crosswalk,d493beab26f154d4,VEHICLE,0,23,24,24,0,24,23,1,0,1630505618300766,1630505619450596,0,0,24
229f7c1c62fa5439,2021.09.01.13.51.23_veh-40_00962_01574,traversing_crosswalk,250a7a6d12af5e6b,PEDESTRIAN,0,83,84,84,0,84,83,1,0,1630505618300766,1630505622450512,0,0,84
229f7c1c62fa5439,2021.09.01.13.51.23_veh-40_00962_01574,traversing_crosswalk,84cfc9e24bfc5c81,PEDESTRIAN,0,100,101,101,0,101,100,1,0,1630505618300766,1630505623300376,89,0,12
229f7c1c62fa5439,2021.09.01.13.51.23_veh-40_00962_01574,traversing_crosswalk,7011e53826a858c3,PEDESTRIAN,0,100,101,101,0,101,100,1,0,1630505618300766,1630505623300376,45,0,56
229f7c1c62fa5439,2021.09.01.13.51.23_veh-40_00962_01574,traversing_crosswalk,6a1e3a967a7d57b2,PEDESTRIAN,0,100,101,101,0,101,100,1,0,1630505618300766,1630505623300376,85,0,16
229f7c1c62fa5439,2021.09.01.13.51.23_veh-40_00962_01574,traversing_crosswalk,71cfb3191b505517,PEDESTRIAN,0,12,13,13,0,13,12,1,0,1630505618300766,1630505618900716,13,0,0
229f7c1c62fa5439,2021.09.01.13.51.23_veh-40_00962_01574,traversing_crosswalk,cf7206f847505706,PEDESTRIAN,0,6,7,7,0,7,6,1,0,1630505618300766,1630505618600777,0,0,7
229f7c1c62fa5439,2021.09.01.13.51.23_veh-40_00962_01574,traversing_crosswalk,4a74fcfd15f85bc5,TRAFFIC_CONE,0,15,16,16,0,16,15,1,0,1630505618300766,1630505619050682,0,0,16
229f7c1c62fa5439,2021.09.01.13.51.23_veh-40_00962_01574,traversing_crosswalk,4f0530bb38615ee3,GENERIC_OBJECT,0,100,101,101,0,101,100,1,0,1630505618300766,1630505623300376,101,0,0
229f7c1c62fa5439,2021.09.01.13.51.23_veh-40_00962_01574,traversing_crosswalk,d1ef27a8df35572c,VEHICLE,5,42,38,38,0,38,37,1,0,1630505618550781,1630505620400442,38,0,0
229f7c1c62fa5439,2021.09.01.13.51.23_veh-40_00962_01574,traversing_crosswalk,6e5a67a0a68959ee,BICYCLE,8,23,16,16,0,16,15,1,0,1630505618700759,1630505619450596,0,0,0
229f7c1c62fa5439,2021.09.01.13.51.23_veh-40_00962_01574,traversing_crosswalk,721effc4d9c25bba,BICYCLE,41,64,24,24,0,24,23,1,0,1630505620350448,1630505621500326,0,0,0
229f7c1c62fa5439,2021.09.01.13.51.23_veh-40_00962_01574,traversing_crosswalk,d6fee1b7e4215554,PEDESTRIAN,56,63,8,8,0,8,7,1,0,1630505621100306,1630505621450318,8,0,0
229f7c1c62fa5439,2021.09.01.13.51.23_veh-40_00962_01574,traversing_crosswalk,024f7852224e5107,GENERIC_OBJECT,57,100,44,44,0,44,43,1,0,1630505621150302,1630505623300376,29,0,15
229f7c1c62fa5439,2021.09.01.13.51.23_veh-40_00962_01574,traversing_crosswalk,b393ff2339ec5e5e,BARRIER,58,100,43,43,0,43,42,1,0,1630505621200300,1630505623300376,0,0,43
229f7c1c62fa5439,2021.09.01.13.51.23_veh-40_00962_01574,traversing_crosswalk,89ae92d776125b11,CZONE_SIGN,59,100,42,42,0,42,41,1,0,1630505621250300,1630505623300376,0,0,42
229f7c1c62fa5439,2021.09.01.13.51.23_veh-40_00962_01574,traversing_crosswalk,58dc0baeccf25049,VEHICLE,66,96,31,31,0,31,30,1,0,1630505621600346,1630505623100407,0,0,31
229f7c1c62fa5439,2021.09.01.13.51.23_veh-40_00962_01574,traversing_crosswalk,48158347180d5aea,PEDESTRIAN,67,100,34,34,0,34,33,1,0,1630505621650358,1630505623300376,14,0,20
229f7c1c62fa5439,2021.09.01.13.51.23_veh-40_00962_01574,traversing_crosswalk,b2ef98b13c4c53e7,BARRIER,76,100,25,25,0,25,24,1,0,1630505622100495,1630505623300376,0,0,25
229f7c1c62fa5439,2021.09.01.13.51.23_veh-40_00962_01574,traversing_crosswalk,9dbd665bab7f5dd7,PEDESTRIAN,78,100,23,23,0,23,22,1,0,1630505622200510,1630505623300376,23,0,0
229f7c1c62fa5439,2021.09.01.13.51.23_veh-40_00962_01574,traversing_crosswalk,f584be1630035b2c,PEDESTRIAN,80,100,21,21,0,21,20,1,0,1630505622300512,1630505623300376,0,0,21
229f7c1c62fa5439,2021.09.01.13.51.23_veh-40_00962_01574,traversing_crosswalk,99e2b2ab31155526,PEDESTRIAN,87,100,14,14,0,14,13,1,0,1630505622650503,1630505623300376,0,0,14
229f7c1c62fa5439,2021.09.01.13.51.23_veh-40_00962_01574,traversing_crosswalk,e553d5f4388e5c91,PEDESTRIAN,91,100,10,10,0,10,9,1,0,1630505622850473,1630505623300376,0,0,10
b1557245d0845fc0,2021.09.07.15.28.24_veh-40_00160_00361,traversing_crosswalk,900eaaae2c8c5a1c,VEHICLE,0,85,86,86,0,86,85,1,0,1631028838250432,1631028842500633,0,0,86
b1557245d0845fc0,2021.09.07.15.28.24_veh-40_00160_00361,traversing_crosswalk,403c86bed2265b85,VEHICLE,0,79,80,80,0,80,79,1,0,1631028838250432,1631028842200655,0,0,80
b1557245d0845fc0,2021.09.07.15.28.24_veh-40_00160_00361,traversing_crosswalk,c6bafb3c51d35852,VEHICLE,0,94,95,95,0,95,94,1,0,1631028838250432,1631028842950577,4,0,91
b1557245d0845fc0,2021.09.07.15.28.24_veh-40_00160_00361,traversing_crosswalk,1d6bc3a5167b5325,VEHICLE,0,99,100,100,0,100,99,1,0,1631028838250432,1631028843200497,0,0,0
b1557245d0845fc0,2021.09.07.15.28.24_veh-40_00160_00361,traversing_crosswalk,d132271af51c5e4d,VEHICLE,0,73,74,74,0,74,73,1,0,1631028838250432,1631028841900595,0,0,0
b1557245d0845fc0,2021.09.07.15.28.24_veh-40_00160_00361,traversing_crosswalk,fd72fdc653b15a2a,VEHICLE,0,99,100,100,0,100,99,1,0,1631028838250432,1631028843200497,0,0,0
b1557245d0845fc0,2021.09.07.15.28.24_veh-40_00160_00361,traversing_crosswalk,651da82864cd5e5a,VEHICLE,0,99,100,100,0,100,99,1,0,1631028838250432,1631028843200497,0,0,0
b1557245d0845fc0,2021.09.07.15.28.24_veh-40_00160_00361,traversing_crosswalk,9b29cce0505959fa,VEHICLE,0,91,92,92,0,92,91,1,0,1631028838250432,1631028842800602,0,0,0
b1557245d0845fc0,2021.09.07.15.28.24_veh-40_00160_00361,traversing_crosswalk,05ced9ce430c56a2,VEHICLE,0,99,100,100,0,100,99,1,0,1631028838250432,1631028843200497,0,0,0
b1557245d0845fc0,2021.09.07.15.28.24_veh-40_00160_00361,traversing_crosswalk,612359b93d21555f,VEHICLE,0,99,100,100,0,100,99,1,0,1631028838250432,1631028843200497,0,0,0
b1557245d0845fc0,2021.09.07.15.28.24_veh-40_00160_00361,traversing_crosswalk,5d3e9316059a5c1b,VEHICLE,0,99,100,100,0,100,99,1,0,1631028838250432,1631028843200497,0,0,0
b1557245d0845fc0,2021.09.07.15.28.24_veh-40_00160_00361,traversing_crosswalk,9c0bf85452f45ddd,VEHICLE,0,99,100,100,0,100,99,1,0,1631028838250432,1631028843200497,0,0,0
b1557245d0845fc0,2021.09.07.15.28.24_veh-40_00160_00361,traversing_crosswalk,8e04946ee96a5919,VEHICLE,0,99,100,100,0,100,99,1,0,1631028838250432,1631028843200497,0,0,0
b1557245d0845fc0,2021.09.07.15.28.24_veh-40_00160_00361,traversing_crosswalk,794cd47404165b0a,VEHICLE,0,99,100,100,0,100,99,1,0,1631028838250432,1631028843200497,0,0,0
b1557245d0845fc0,2021.09.07.15.28.24_veh-40_00160_00361,traversing_crosswalk,a9f21597072f5bd4,VEHICLE,0,99,100,100,0,100,99,1,0,1631028838250432,1631028843200497,0,0,0
b1557245d0845fc0,2021.09.07.15.28.24_veh-40_00160_00361,traversing_crosswalk,1a0cab0bca435514,VEHICLE,0,99,100,100,0,100,99,1,0,1631028838250432,1631028843200497,0,0,0
b1557245d0845fc0,2021.09.07.15.28.24_veh-40_00160_00361,traversing_crosswalk,0893d82543b75907,VEHICLE,0,99,100,100,0,100,99,1,0,1631028838250432,1631028843200497,0,0,0
b1557245d0845fc0,2021.09.07.15.28.24_veh-40_00160_00361,traversing_crosswalk,15c6fb52f8e85b3c,VEHICLE,0,99,100,100,0,100,99,1,0,1631028838250432,1631028843200497,0,0,0
b1557245d0845fc0,2021.09.07.15.28.24_veh-40_00160_00361,traversing_crosswalk,6016c0f159dc5385,VEHICLE,0,99,100,100,0,100,99,1,0,1631028838250432,1631028843200497,0,0,0
b1557245d0845fc0,2021.09.07.15.28.24_veh-40_00160_00361,traversing_crosswalk,6195a79a823852f5,VEHICLE,0,99,100,100,0,100,99,1,0,1631028838250432,1631028843200497,0,0,0
b1557245d0845fc0,2021.09.07.15.28.24_veh-40_00160_00361,traversing_crosswalk,e35f932cba575889,PEDESTRIAN,0,99,100,100,0,100,99,1,0,1631028838250432,1631028843200497,70,0,30
b1557245d0845fc0,2021.09.07.15.28.24_veh-40_00160_00361,traversing_crosswalk,e5cb8b6f2f115ed6,PEDESTRIAN,0,17,18,18,0,18,17,1,0,1631028838250432,1631028839100368,0,0,18
b1557245d0845fc0,2021.09.07.15.28.24_veh-40_00160_00361,traversing_crosswalk,3209173e48445875,BICYCLE,0,48,49,49,0,49,48,1,0,1631028838250432,1631028840650092,0,0,0
b1557245d0845fc0,2021.09.07.15.28.24_veh-40_00160_00361,traversing_crosswalk,e745e5bcd64b5fa0,TRAFFIC_CONE,0,50,51,51,0,51,50,1,0,1631028838250432,1631028840750124,34,0,17
b1557245d0845fc0,2021.09.07.15.28.24_veh-40_00160_00361,traversing_crosswalk,7d89b52b003158b4,TRAFFIC_CONE,0,19,20,20,0,20,19,1,0,1631028838250432,1631028839200359,20,0,0
b1557245d0845fc0,2021.09.07.15.28.24_veh-40_00160_00361,traversing_crosswalk,abc10b8f72ec5be0,TRAFFIC_CONE,4,99,96,96,0,96,95,1,0,1631028838450465,1631028843200497,1,0,95
b1557245d0845fc0,2021.09.07.15.28.24_veh-40_00160_00361,traversing_crosswalk,6d4e55397da1552e,CZONE_SIGN,8,30,23,23,0,23,22,1,0,1631028838650464,1631028839750220,0,0,23
b1557245d0845fc0,2021.09.07.15.28.24_veh-40_00160_00361,traversing_crosswalk,9d1e9db0ac5953b1,VEHICLE,9,14,6,6,0,6,5,1,0,1631028838700453,1631028838950387,0,0,0
b1557245d0845fc0,2021.09.07.15.28.24_veh-40_00160_00361,traversing_crosswalk,8218ded19b9a58c0,PEDESTRIAN,13,72,60,60,0,60,59,1,0,1631028838900396,1631028841850583,60,0,0
b1557245d0845fc0,2021.09.07.15.28.24_veh-40_00160_00361,traversing_crosswalk,07e40642fdba5b54,TRAFFIC_CONE,18,52,35,35,0,35,34,1,0,1631028839150363,1631028840850172,22,0,13
b1557245d0845fc0,2021.09.07.15.28.24_veh-40_00160_00361,traversing_crosswalk,ff9eb23cf45f5b79,TRAFFIC_CONE,19,92,74,74,0,74,73,1,0,1631028839200359,1631028842850597,0,0,74
b1557245d0845fc0,2021.09.07.15.28.24_veh-40_00160_00361,traversing_crosswalk,dc872552a1665c9e,TRAFFIC_CONE,22,94,73,73,0,73,72,1,0,1631028839350336,1631028842950577,0,0,73
b1557245d0845fc0,2021.09.07.15.28.24_veh-40_00160_00361,traversing_crosswalk,007ebd8268805b30,BARRIER,24,27,4,4,0,4,3,1,0,1631028839450313,1631028839600273,4,0,0
b1557245d0845fc0,2021.09.07.15.28.24_veh-40_00160_00361,traversing_crosswalk,64fabe1953d35218,TRAFFIC_CONE,25,32,8,8,0,8,7,1,0,1631028839500301,1631028839850184,8,0,0
b1557245d0845fc0,2021.09.07.15.28.24_veh-40_00160_00361,traversing_crosswalk,1a8d938e55dc5bae,TRAFFIC_CONE,25,92,68,68,0,68,67,1,0,1631028839500301,1631028842850597,0,0,68
b1557245d0845fc0,2021.09.07.15.28.24_veh-40_00160_00361,traversing_crosswalk,5d88842126145269,TRAFFIC_CONE,26,33,8,8,0,8,7,1,0,1631028839550288,1631028839900167,8,0,0
b1557245d0845fc0,2021.09.07.15.28.24_veh-40_00160_00361,traversing_crosswalk,60a695e7fbc85578,TRAFFIC_CONE,26,39,14,14,0,14,13,1,0,1631028839550288,1631028840200079,14,0,0
b1557245d0845fc0,2021.09.07.15.28.24_veh-40_00160_00361,traversing_crosswalk,d21416155ae35dad,TRAFFIC_CONE,28,32,5,5,0,5,4,1,0,1631028839650257,1631028839850184,5,0,0
b1557245d0845fc0,2021.09.07.15.28.24_veh-40_00160_00361,traversing_crosswalk,06b1c5d418e65431,VEHICLE,30,99,70,70,0,70,69,1,0,1631028839750220,1631028843200497,0,0,0
b1557245d0845fc0,2021.09.07.15.28.24_veh-40_00160_00361,traversing_crosswalk,b9b5a2aeb5595e31,TRAFFIC_CONE,30,41,12,12,0,12,11,1,0,1631028839750220,1631028840300068,12,0,0
b1557245d0845fc0,2021.09.07.15.28.24_veh-40_00160_00361,traversing_crosswalk,3a73a441c0f152f6,TRAFFIC_CONE,31,99,69,69,0,69,68,1,0,1631028839800201,1631028843200497,0,0,69
b1557245d0845fc0,2021.09.07.15.28.24_veh-40_00160_00361,traversing_crosswalk,7f95d9c4d1d85205,TRAFFIC_CONE,31,97,67,67,0,67,66,1,0,1631028839800201,1631028843100528,0,0,67
b1557245d0845fc0,2021.09.07.15.28.24_veh-40_00160_00361,traversing_crosswalk,7888db10c43d53d2,TRAFFIC_CONE,31,99,69,69,0,69,68,1,0,1631028839800201,1631028843200497,0,0,69
b1557245d0845fc0,2021.09.07.15.28.24_veh-40_00160_00361,traversing_crosswalk,6325221d877d5c1e,VEHICLE,32,68,37,37,0,37,36,1,0,1631028839850184,1631028841650510,0,0,37
b1557245d0845fc0,2021.09.07.15.28.24_veh-40_00160_00361,traversing_crosswalk,1dc220c9eced503b,VEHICLE,37,99,63,63,0,63,62,1,0,1631028840100107,1631028843200497,0,0,0
b1557245d0845fc0,2021.09.07.15.28.24_veh-40_00160_00361,traversing_crosswalk,fad084cab8445d61,VEHICLE,42,64,23,23,0,23,22,1,0,1631028840350068,1631028841450433,0,0,23
b1557245d0845fc0,2021.09.07.15.28.24_veh-40_00160_00361,traversing_crosswalk,a4e297a2bc1d540e,VEHICLE,45,99,55,55,0,55,54,1,0,1631028840500077,1631028843200497,0,0,0
b1557245d0845fc0,2021.09.07.15.28.24_veh-40_00160_00361,traversing_crosswalk,5b65f5c2040e5986,TRAFFIC_CONE,51,99,49,49,0,49,48,1,0,1631028840800147,1631028843200497,0,0,49
b1557245d0845fc0,2021.09.07.15.28.24_veh-40_00160_00361,traversing_crosswalk,24c1e85138ef57cd,TRAFFIC_CONE,53,97,45,45,0,45,44,1,0,1631028840900198,1631028843100528,0,0,45
b1557245d0845fc0,2021.09.07.15.28.24_veh-40_00160_00361,traversing_crosswalk,93233333eaf55c8f,VEHICLE,59,99,41,41,0,41,40,1,0,1631028841200327,1631028843200497,0,0,0
b1557245d0845fc0,2021.09.07.15.28.24_veh-40_00160_00361,traversing_crosswalk,3462ad3d9fff5472,TRAFFIC_CONE,59,97,39,39,0,39,38,1,0,1631028841200327,1631028843100528,0,0,39
b1557245d0845fc0,2021.09.07.15.28.24_veh-40_00160_00361,traversing_crosswalk,1ea8ba4aa59056f5,TRAFFIC_CONE,61,64,4,4,0,4,3,1,0,1631028841300360,1631028841450433,0,0,4
b1557245d0845fc0,2021.09.07.15.28.24_veh-40_00160_00361,traversing_crosswalk,ab18a4a334315266,TRAFFIC_CONE,61,99,39,39,0,39,38,1,0,1631028841300360,1631028843200497,0,0,39
b1557245d0845fc0,2021.09.07.15.28.24_veh-40_00160_00361,traversing_crosswalk,af5d150770985a2f,TRAFFIC_CONE,65,99,35,35,0,35,34,1,0,1631028841500455,1631028843200497,0,0,35
b1557245d0845fc0,2021.09.07.15.28.24_veh-40_00160_00361,traversing_crosswalk,12e72d872bd25641,TRAFFIC_CONE,66,99,34,34,0,34,33,1,0,1631028841550472,1631028843200497,0,0,34
b1557245d0845fc0,2021.09.07.15.28.24_veh-40_00160_00361,traversing_crosswalk,87da6f793e575b2e,TRAFFIC_CONE,68,76,9,9,0,9,8,1,0,1631028841650510,1631028842050627,0,0,9
b1557245d0845fc0,2021.09.07.15.28.24_veh-40_00160_00361,traversing_crosswalk,dd75e747d3f3505a,VEHICLE,70,99,30,30,0,30,29,1,0,1631028841750553,1631028843200497,0,0,0
b1557245d0845fc0,2021.09.07.15.28.24_veh-40_00160_00361,traversing_crosswalk,a2ddc9797eb15cf7,TRAFFIC_CONE,70,99,30,30,0,30,29,1,0,1631028841750553,1631028843200497,0,0,30
b1557245d0845fc0,2021.09.07.15.28.24_veh-40_00160_00361,traversing_crosswalk,582a383c01e15651,VEHICLE,74,99,26,26,0,26,25,1,0,1631028841950606,1631028843200497,0,0,0
b1557245d0845fc0,2021.09.07.15.28.24_veh-40_00160_00361,traversing_crosswalk,633e2201a01d51db,TRAFFIC_CONE,76,99,24,24,0,24,23,1,0,1631028842050627,1631028843200497,0,0,24
b1557245d0845fc0,2021.09.07.15.28.24_veh-40_00160_00361,traversing_crosswalk,7663c2fc9865542f,TRAFFIC_CONE,76,85,10,10,0,10,9,1,0,1631028842050627,1631028842500633,0,0,10
b1557245d0845fc0,2021.09.07.15.28.24_veh-40_00160_00361,traversing_crosswalk,c33bbce40761554c,VEHICLE,93,99,7,7,0,7,6,1,0,1631028842900589,1631028843200497,0,0,0
b1557245d0845fc0,2021.09.07.15.28.24_veh-40_00160_00361,traversing_crosswalk,6333cbc7baf15e3d,GENERIC_OBJECT,99,99,1,1,0,1,0,1,0,1631028843200497,1631028843200497,0,0,1
6798fafcd78858cb,2021.09.13.14.16.34_veh-28_00363_00529,traversing_crosswalk,2d2cc290e92a5ce1,VEHICLE,0,99,100,100,0,100,99,1,0,1631543151149600,1631543156099921,20,0,80
6798fafcd78858cb,2021.09.13.14.16.34_veh-28_00363_00529,traversing_crosswalk,1428aad78d9851db,VEHICLE,0,91,92,92,0,92,91,1,0,1631543151149600,1631543155699827,0,0,0
6798fafcd78858cb,2021.09.13.14.16.34_veh-28_00363_00529,traversing_crosswalk,de3b26cc462b5b43,VEHICLE,0,83,84,84,0,84,83,1,0,1631543151149600,1631543155299607,0,0,0
6798fafcd78858cb,2021.09.13.14.16.34_veh-28_00363_00529,traversing_crosswalk,61cbf3f199315279,VEHICLE,0,99,100,100,0,100,99,1,0,1631543151149600,1631543156099921,0,0,0
6798fafcd78858cb,2021.09.13.14.16.34_veh-28_00363_00529,traversing_crosswalk,bc2fa134932f524a,VEHICLE,0,99,100,100,0,100,99,1,0,1631543151149600,1631543156099921,0,0,0
6798fafcd78858cb,2021.09.13.14.16.34_veh-28_00363_00529,traversing_crosswalk,c1cbf290d0df5147,VEHICLE,0,99,100,100,0,100,99,1,0,1631543151149600,1631543156099921,0,0,0
6798fafcd78858cb,2021.09.13.14.16.34_veh-28_00363_00529,traversing_crosswalk,2fb3c01e581953dd,VEHICLE,0,99,100,100,0,100,99,1,0,1631543151149600,1631543156099921,0,0,0
6798fafcd78858cb,2021.09.13.14.16.34_veh-28_00363_00529,traversing_crosswalk,569b99421bc15ffa,VEHICLE,0,99,100,100,0,100,99,1,0,1631543151149600,1631543156099921,0,0,0
6798fafcd78858cb,2021.09.13.14.16.34_veh-28_00363_00529,traversing_crosswalk,243b9ab70cb750f2,VEHICLE,0,86,87,87,0,87,86,1,0,1631543151149600,1631543155449692,0,0,0
6798fafcd78858cb,2021.09.13.14.16.34_veh-28_00363_00529,traversing_crosswalk,a43baa96147853f1,VEHICLE,0,59,60,60,0,60,59,1,0,1631543151149600,1631543154100071,0,0,60
6798fafcd78858cb,2021.09.13.14.16.34_veh-28_00363_00529,traversing_crosswalk,356b92832a755797,VEHICLE,0,99,100,100,0,100,99,1,0,1631543151149600,1631543156099921,0,0,0
6798fafcd78858cb,2021.09.13.14.16.34_veh-28_00363_00529,traversing_crosswalk,995b483bb2215be5,PEDESTRIAN,0,99,100,100,0,100,99,1,0,1631543151149600,1631543156099921,100,0,0
6798fafcd78858cb,2021.09.13.14.16.34_veh-28_00363_00529,traversing_crosswalk,be3efcbf363e52e6,PEDESTRIAN,0,13,14,14,0,14,13,1,0,1631543151149600,1631543151799932,0,0,14
6798fafcd78858cb,2021.09.13.14.16.34_veh-28_00363_00529,traversing_crosswalk,3451932f15eb56c6,PEDESTRIAN,0,77,78,78,0,78,77,1,0,1631543151149600,1631543154999505,0,0,78
6798fafcd78858cb,2021.09.13.14.16.34_veh-28_00363_00529,traversing_crosswalk,e78569af25ad5c8f,PEDESTRIAN,0,99,100,100,0,100,99,1,0,1631543151149600,1631543156099921,100,0,0
6798fafcd78858cb,2021.09.13.14.16.34_veh-28_00363_00529,traversing_crosswalk,7c92e502ad2b5c19,PEDESTRIAN,0,99,100,100,0,100,99,1,0,1631543151149600,1631543156099921,100,0,0
6798fafcd78858cb,2021.09.13.14.16.34_veh-28_00363_00529,traversing_crosswalk,cb07f800d9655963,TRAFFIC_CONE,0,99,100,100,0,100,99,1,0,1631543151149600,1631543156099921,76,0,24
6798fafcd78858cb,2021.09.13.14.16.34_veh-28_00363_00529,traversing_crosswalk,f0a786f28dbe58be,TRAFFIC_CONE,0,99,100,100,0,100,99,1,0,1631543151149600,1631543156099921,79,0,21
6798fafcd78858cb,2021.09.13.14.16.34_veh-28_00363_00529,traversing_crosswalk,5ac2308f480f5cdb,TRAFFIC_CONE,0,99,100,100,0,100,99,1,0,1631543151149600,1631543156099921,100,0,0
6798fafcd78858cb,2021.09.13.14.16.34_veh-28_00363_00529,traversing_crosswalk,6335b83d9e2959af,TRAFFIC_CONE,0,80,81,81,0,81,80,1,0,1631543151149600,1631543155149537,81,0,0
6798fafcd78858cb,2021.09.13.14.16.34_veh-28_00363_00529,traversing_crosswalk,3511bf44e13e534c,TRAFFIC_CONE,0,99,100,100,0,100,99,1,0,1631543151149600,1631543156099921,89,0,11
6798fafcd78858cb,2021.09.13.14.16.34_veh-28_00363_00529,traversing_crosswalk,1fcbfc35a07d5667,TRAFFIC_CONE,0,99,100,100,0,100,99,1,0,1631543151149600,1631543156099921,0,0,100
6798fafcd78858cb,2021.09.13.14.16.34_veh-28_00363_00529,traversing_crosswalk,35aa01c1ea955482,TRAFFIC_CONE,0,99,100,100,0,100,99,1,0,1631543151149600,1631543156099921,0,0,100
6798fafcd78858cb,2021.09.13.14.16.34_veh-28_00363_00529,traversing_crosswalk,c004d8c0d3005d10,GENERIC_OBJECT,0,99,100,100,0,100,99,1,0,1631543151149600,1631543156099921,100,0,0
6798fafcd78858cb,2021.09.13.14.16.34_veh-28_00363_00529,traversing_crosswalk,41dfaad09e36568a,GENERIC_OBJECT,0,13,14,14,0,14,13,1,0,1631543151149600,1631543151799932,14,0,0
6798fafcd78858cb,2021.09.13.14.16.34_veh-28_00363_00529,traversing_crosswalk,f8aa9b8e357e5d87,GENERIC_OBJECT,0,59,60,60,0,60,59,1,0,1631543151149600,1631543154100071,60,0,0
6798fafcd78858cb,2021.09.13.14.16.34_veh-28_00363_00529,traversing_crosswalk,2ac227cc5a145524,GENERIC_OBJECT,0,8,9,9,0,9,8,1,0,1631543151149600,1631543151549865,9,0,0
6798fafcd78858cb,2021.09.13.14.16.34_veh-28_00363_00529,traversing_crosswalk,8bbf8d49bc7e54e8,GENERIC_OBJECT,0,14,15,15,0,15,14,1,0,1631543151149600,1631543151849932,15,0,0
6798fafcd78858cb,2021.09.13.14.16.34_veh-28_00363_00529,traversing_crosswalk,266e61cc45195584,TRAFFIC_CONE,1,95,95,95,0,95,94,1,0,1631543151199625,1631543155899909,0,0,95
6798fafcd78858cb,2021.09.13.14.16.34_veh-28_00363_00529,traversing_crosswalk,634055cd5fbc5ddb,TRAFFIC_CONE,1,67,67,67,0,67,66,1,0,1631543151199625,1631543154499772,0,0,67
6798fafcd78858cb,2021.09.13.14.16.34_veh-28_00363_00529,traversing_crosswalk,cee6c77c980152f4,TRAFFIC_CONE,5,96,92,92,0,92,91,1,0,1631543151399756,1631543155949921,0,0,92
6798fafcd78858cb,2021.09.13.14.16.34_veh-28_00363_00529,traversing_crosswalk,911ae448f97257e0,VEHICLE,8,99,92,92,0,92,91,1,0,1631543151549865,1631543156099921,0,0,92
6798fafcd78858cb,2021.09.13.14.16.34_veh-28_00363_00529,traversing_crosswalk,56e7c1a4d12158d9,PEDESTRIAN,12,99,88,88,0,88,87,1,0,1631543151749930,1631543156099921,1,0,87
6798fafcd78858cb,2021.09.13.14.16.34_veh-28_00363_00529,traversing_crosswalk,a31bacb85e0d5ee0,TRAFFIC_CONE,15,37,23,23,0,23,22,1,0,1631543151899927,1631543152999623,0,0,23
6798fafcd78858cb,2021.09.13.14.16.34_veh-28_00363_00529,traversing_crosswalk,fc47d7877d9e5950,TRAFFIC_CONE,21,25,5,5,0,5,4,1,0,1631543152199857,1631543152399777,5,0,0
6798fafcd78858cb,2021.09.13.14.16.34_veh-28_00363_00529,traversing_crosswalk,0e7d3cbba27a5e8f,TRAFFIC_CONE,30,99,70,70,0,70,69,1,0,1631543152649727,1631543156099921,0,0,70
6798fafcd78858cb,2021.09.13.14.16.34_veh-28_00363_00529,traversing_crosswalk,6ea7e9805ca55a70,TRAFFIC_CONE,33,45,13,13,0,13,12,1,0,1631543152799672,1631543153399719,0,0,13
6798fafcd78858cb,2021.09.13.14.16.34_veh-28_00363_00529,traversing_crosswalk,fde798868f295ace,TRAFFIC_CONE,40,90,51,51,0,51,50,1,0,1631543153149648,1631543155649801,0,0,51
6798fafcd78858cb,2021.09.13.14.16.34_veh-28_00363_00529,traversing_crosswalk,bab90e453bb55f7c,BARRIER,40,99,60,60,0,60,59,1,0,1631543153149648,1631543156099921,0,0,60
6798fafcd78858cb,2021.09.13.14.16.34_veh-28_00363_00529,traversing_crosswalk,c83330cbfe9e5983,BARRIER,41,99,59,59,0,59,58,1,0,1631543153199655,1631543156099921,0,0,59
6798fafcd78858cb,2021.09.13.14.16.34_veh-28_00363_00529,traversing_crosswalk,a64681431c1f5cc9,TRAFFIC_CONE,43,99,57,57,0,57,56,1,0,1631543153299682,1631543156099921,2,0,55
6798fafcd78858cb,2021.09.13.14.16.34_veh-28_00363_00529,traversing_crosswalk,81c95aaf936959d5,VEHICLE,60,99,40,40,0,40,39,1,0,1631543154150054,1631543156099921,0,0,40
6798fafcd78858cb,2021.09.13.14.16.34_veh-28_00363_00529,traversing_crosswalk,8f90e6b1e21558c5,GENERIC_OBJECT,67,99,33,33,0,33,32,1,0,1631543154499772,1631543156099921,33,0,0
6798fafcd78858cb,2021.09.13.14.16.34_veh-28_00363_00529,traversing_crosswalk,3ac65240ed9953fb,GENERIC_OBJECT,68,99,32,32,0,32,31,1,0,1631543154549726,1631543156099921,32,0,0
6798fafcd78858cb,2021.09.13.14.16.34_veh-28_00363_00529,traversing_crosswalk,c70b7a4294725850,BARRIER,77,99,23,23,0,23,22,1,0,1631543154999505,1631543156099921,0,0,23
6798fafcd78858cb,2021.09.13.14.16.34_veh-28_00363_00529,traversing_crosswalk,39ad1c37ef2e5450,GENERIC_OBJECT,84,99,16,16,0,16,15,1,0,1631543155349636,1631543156099921,16,0,0
6798fafcd78858cb,2021.09.13.14.16.34_veh-28_00363_00529,traversing_crosswalk,a40305d05e835743,GENERIC_OBJECT,92,94,3,3,0,3,2,1,0,1631543155749853,1631543155849896,3,0,0
6798fafcd78858cb,2021.09.13.14.16.34_veh-28_00363_00529,traversing_crosswalk,2f72f4d9625150e4,VEHICLE,96,99,4,4,0,4,3,1,0,1631543155949921,1631543156099921,0,0,0
6798fafcd78858cb,2021.09.13.14.16.34_veh-28_00363_00529,traversing_crosswalk,7b5ed4969d565036,VEHICLE,98,99,2,2,0,2,1,1,0,1631543156049928,1631543156099921,0,0,0
007ec6e152325bf4,2021.07.24.23.59.52_veh-12_04767_05924,on_pickup_dropoff,7416f5be41e75de8,VEHICLE,0,99,100,100,0,100,99,1,0,1627176764399980,1627176769350114,100,0,0
007ec6e152325bf4,2021.07.24.23.59.52_veh-12_04767_05924,on_pickup_dropoff,acf4530de2255f8e,VEHICLE,0,99,100,100,0,100,99,1,0,1627176764399980,1627176769350114,100,0,0
007ec6e152325bf4,2021.07.24.23.59.52_veh-12_04767_05924,on_pickup_dropoff,a43d1369168b5963,VEHICLE,0,99,100,100,0,100,99,1,0,1627176764399980,1627176769350114,100,0,0
007ec6e152325bf4,2021.07.24.23.59.52_veh-12_04767_05924,on_pickup_dropoff,146a636881a05ee6,VEHICLE,0,99,100,100,0,100,99,1,0,1627176764399980,1627176769350114,100,0,0
007ec6e152325bf4,2021.07.24.23.59.52_veh-12_04767_05924,on_pickup_dropoff,72082f894db75fa9,VEHICLE,0,99,100,100,0,100,99,1,0,1627176764399980,1627176769350114,100,0,0
007ec6e152325bf4,2021.07.24.23.59.52_veh-12_04767_05924,on_pickup_dropoff,b6cc6f20671f533d,VEHICLE,0,99,100,100,0,100,99,1,0,1627176764399980,1627176769350114,100,0,0
007ec6e152325bf4,2021.07.24.23.59.52_veh-12_04767_05924,on_pickup_dropoff,aa510fcdd97b52d4,VEHICLE,0,99,100,100,0,100,99,1,0,1627176764399980,1627176769350114,100,0,0
007ec6e152325bf4,2021.07.24.23.59.52_veh-12_04767_05924,on_pickup_dropoff,473bc63b5399576e,VEHICLE,0,99,100,100,0,100,99,1,0,1627176764399980,1627176769350114,100,0,0
007ec6e152325bf4,2021.07.24.23.59.52_veh-12_04767_05924,on_pickup_dropoff,21fddc665efb567f,VEHICLE,0,99,100,100,0,100,99,1,0,1627176764399980,1627176769350114,100,0,0
007ec6e152325bf4,2021.07.24.23.59.52_veh-12_04767_05924,on_pickup_dropoff,b03dbffe4a255c5d,VEHICLE,0,99,100,100,0,100,99,1,0,1627176764399980,1627176769350114,100,0,0
007ec6e152325bf4,2021.07.24.23.59.52_veh-12_04767_05924,on_pickup_dropoff,45ef7092ea6f55bb,VEHICLE,0,99,100,100,0,100,99,1,0,1627176764399980,1627176769350114,100,0,0
007ec6e152325bf4,2021.07.24.23.59.52_veh-12_04767_05924,on_pickup_dropoff,ace27bf089ff539f,VEHICLE,0,99,100,100,0,100,99,1,0,1627176764399980,1627176769350114,100,0,0
007ec6e152325bf4,2021.07.24.23.59.52_veh-12_04767_05924,on_pickup_dropoff,05f9fff3d085538c,VEHICLE,0,99,100,100,0,100,99,1,0,1627176764399980,1627176769350114,100,0,0
007ec6e152325bf4,2021.07.24.23.59.52_veh-12_04767_05924,on_pickup_dropoff,99433db1289557ee,VEHICLE,0,96,97,97,0,97,96,1,0,1627176764399980,1627176769200173,0,0,97
007ec6e152325bf4,2021.07.24.23.59.52_veh-12_04767_05924,on_pickup_dropoff,379f6cd11bb659dc,VEHICLE,0,99,100,100,0,100,99,1,0,1627176764399980,1627176769350114,100,0,0
007ec6e152325bf4,2021.07.24.23.59.52_veh-12_04767_05924,on_pickup_dropoff,16c345b6dcc55ee9,VEHICLE,0,99,100,100,0,100,99,1,0,1627176764399980,1627176769350114,0,0,100
007ec6e152325bf4,2021.07.24.23.59.52_veh-12_04767_05924,on_pickup_dropoff,dfd0682d4cec5f26,VEHICLE,0,99,100,100,0,100,99,1,0,1627176764399980,1627176769350114,0,0,100
007ec6e152325bf4,2021.07.24.23.59.52_veh-12_04767_05924,on_pickup_dropoff,2aa0af0f28f85694,VEHICLE,0,99,100,100,0,100,99,1,0,1627176764399980,1627176769350114,0,0,100
007ec6e152325bf4,2021.07.24.23.59.52_veh-12_04767_05924,on_pickup_dropoff,bb2f58d804cb59c5,VEHICLE,0,99,100,100,0,100,99,1,0,1627176764399980,1627176769350114,100,0,0
007ec6e152325bf4,2021.07.24.23.59.52_veh-12_04767_05924,on_pickup_dropoff,405707610d425272,VEHICLE,0,99,100,100,0,100,99,1,0,1627176764399980,1627176769350114,100,0,0
007ec6e152325bf4,2021.07.24.23.59.52_veh-12_04767_05924,on_pickup_dropoff,792c831ebd7a5324,VEHICLE,0,99,100,100,0,100,99,1,0,1627176764399980,1627176769350114,0,0,100
007ec6e152325bf4,2021.07.24.23.59.52_veh-12_04767_05924,on_pickup_dropoff,f70f762d357d5f99,VEHICLE,0,99,100,100,0,100,99,1,0,1627176764399980,1627176769350114,0,0,100
007ec6e152325bf4,2021.07.24.23.59.52_veh-12_04767_05924,on_pickup_dropoff,ea5c217ed51a5cd1,VEHICLE,0,99,100,100,0,100,99,1,0,1627176764399980,1627176769350114,100,0,0
007ec6e152325bf4,2021.07.24.23.59.52_veh-12_04767_05924,on_pickup_dropoff,dc45ed97326d597e,VEHICLE,0,99,100,100,0,100,99,1,0,1627176764399980,1627176769350114,0,0,0
007ec6e152325bf4,2021.07.24.23.59.52_veh-12_04767_05924,on_pickup_dropoff,27a99e588a785161,VEHICLE,0,99,100,100,0,100,99,1,0,1627176764399980,1627176769350114,0,0,0
007ec6e152325bf4,2021.07.24.23.59.52_veh-12_04767_05924,on_pickup_dropoff,73d02a51f64950d3,VEHICLE,0,50,51,51,0,51,50,1,0,1627176764399980,1627176766900506,41,0,10
007ec6e152325bf4,2021.07.24.23.59.52_veh-12_04767_05924,on_pickup_dropoff,0b204d0a5b125cb6,VEHICLE,0,99,100,100,0,100,99,1,0,1627176764399980,1627176769350114,0,0,100
007ec6e152325bf4,2021.07.24.23.59.52_veh-12_04767_05924,on_pickup_dropoff,ee4ec13b50b7571d,PEDESTRIAN,0,99,100,100,0,100,99,1,0,1627176764399980,1627176769350114,0,88,12
007ec6e152325bf4,2021.07.24.23.59.52_veh-12_04767_05924,on_pickup_dropoff,0b746f84198452b8,PEDESTRIAN,0,84,85,85,0,85,84,1,0,1627176764399980,1627176768600401,0,0,85
007ec6e152325bf4,2021.07.24.23.59.52_veh-12_04767_05924,on_pickup_dropoff,43e2cf12e05b5865,PEDESTRIAN,0,99,100,100,0,100,99,1,0,1627176764399980,1627176769350114,0,100,0
007ec6e152325bf4,2021.07.24.23.59.52_veh-12_04767_05924,on_pickup_dropoff,befadf206ca1595a,PEDESTRIAN,0,99,100,100,0,100,99,1,0,1627176764399980,1627176769350114,0,100,0
007ec6e152325bf4,2021.07.24.23.59.52_veh-12_04767_05924,on_pickup_dropoff,4f2c965ac73253a0,PEDESTRIAN,0,99,100,100,0,100,99,1,0,1627176764399980,1627176769350114,0,100,0
007ec6e152325bf4,2021.07.24.23.59.52_veh-12_04767_05924,on_pickup_dropoff,2042c1d66822589d,PEDESTRIAN,0,99,100,100,0,100,99,1,0,1627176764399980,1627176769350114,0,100,0
007ec6e152325bf4,2021.07.24.23.59.52_veh-12_04767_05924,on_pickup_dropoff,180b545223e2506d,PEDESTRIAN,0,99,100,100,0,100,99,1,0,1627176764399980,1627176769350114,0,0,100
007ec6e152325bf4,2021.07.24.23.59.52_veh-12_04767_05924,on_pickup_dropoff,9822dd8987545f70,PEDESTRIAN,0,99,100,100,0,100,99,1,0,1627176764399980,1627176769350114,0,100,0
007ec6e152325bf4,2021.07.24.23.59.52_veh-12_04767_05924,on_pickup_dropoff,9340e169448b5e6e,PEDESTRIAN,0,99,100,100,0,100,99,1,0,1627176764399980,1627176769350114,0,100,0
007ec6e152325bf4,2021.07.24.23.59.52_veh-12_04767_05924,on_pickup_dropoff,b6b437572e335b37,PEDESTRIAN,0,99,100,100,0,100,99,1,0,1627176764399980,1627176769350114,0,100,0
007ec6e152325bf4,2021.07.24.23.59.52_veh-12_04767_05924,on_pickup_dropoff,8fce391bdf5158df,PEDESTRIAN,0,99,100,100,0,100,99,1,0,1627176764399980,1627176769350114,10,90,0
007ec6e152325bf4,2021.07.24.23.59.52_veh-12_04767_05924,on_pickup_dropoff,1d568884cbad5432,PEDESTRIAN,0,99,100,100,0,100,99,1,0,1627176764399980,1627176769350114,0,100,0
007ec6e152325bf4,2021.07.24.23.59.52_veh-12_04767_05924,on_pickup_dropoff,b3aba873eede5799,PEDESTRIAN,0,99,100,100,0,100,99,1,0,1627176764399980,1627176769350114,100,0,0
007ec6e152325bf4,2021.07.24.23.59.52_veh-12_04767_05924,on_pickup_dropoff,fd29edd0e4365dc3,PEDESTRIAN,0,99,100,100,0,100,99,1,0,1627176764399980,1627176769350114,0,100,0
007ec6e152325bf4,2021.07.24.23.59.52_veh-12_04767_05924,on_pickup_dropoff,198307717abe51f7,PEDESTRIAN,0,99,100,100,0,100,99,1,0,1627176764399980,1627176769350114,0,100,0
007ec6e152325bf4,2021.07.24.23.59.52_veh-12_04767_05924,on_pickup_dropoff,1ea7988a0e3a5f13,PEDESTRIAN,0,99,100,100,0,100,99,1,0,1627176764399980,1627176769350114,0,100,0
007ec6e152325bf4,2021.07.24.23.59.52_veh-12_04767_05924,on_pickup_dropoff,076aa5365dec55bd,PEDESTRIAN,0,99,100,100,0,100,99,1,0,1627176764399980,1627176769350114,51,49,0
007ec6e152325bf4,2021.07.24.23.59.52_veh-12_04767_05924,on_pickup_dropoff,21248f3d74085db2,PEDESTRIAN,0,99,100,100,0,100,99,1,0,1627176764399980,1627176769350114,0,100,0
007ec6e152325bf4,2021.07.24.23.59.52_veh-12_04767_05924,on_pickup_dropoff,222ae994eece555c,PEDESTRIAN,0,99,100,100,0,100,99,1,0,1627176764399980,1627176769350114,100,0,0
007ec6e152325bf4,2021.07.24.23.59.52_veh-12_04767_05924,on_pickup_dropoff,5ef5009ed9605d18,PEDESTRIAN,0,99,100,100,0,100,99,1,0,1627176764399980,1627176769350114,100,0,0
007ec6e152325bf4,2021.07.24.23.59.52_veh-12_04767_05924,on_pickup_dropoff,873cf8e16def5823,PEDESTRIAN,0,99,100,100,0,100,99,1,0,1627176764399980,1627176769350114,54,46,0
007ec6e152325bf4,2021.07.24.23.59.52_veh-12_04767_05924,on_pickup_dropoff,de17629c132c5449,PEDESTRIAN,0,99,100,100,0,100,99,1,0,1627176764399980,1627176769350114,12,88,0
007ec6e152325bf4,2021.07.24.23.59.52_veh-12_04767_05924,on_pickup_dropoff,acbb44eab2385c1e,PEDESTRIAN,0,99,100,100,0,100,99,1,0,1627176764399980,1627176769350114,0,100,0
007ec6e152325bf4,2021.07.24.23.59.52_veh-12_04767_05924,on_pickup_dropoff,1b2ebb8b188d5f65,PEDESTRIAN,0,99,100,100,0,100,99,1,0,1627176764399980,1627176769350114,100,0,0
007ec6e152325bf4,2021.07.24.23.59.52_veh-12_04767_05924,on_pickup_dropoff,313c9fe6f78d5bf5,PEDESTRIAN,0,99,100,100,0,100,99,1,0,1627176764399980,1627176769350114,100,0,0
007ec6e152325bf4,2021.07.24.23.59.52_veh-12_04767_05924,on_pickup_dropoff,194df0cdffde5264,PEDESTRIAN,0,99,100,100,0,100,99,1,0,1627176764399980,1627176769350114,93,7,0
007ec6e152325bf4,2021.07.24.23.59.52_veh-12_04767_05924,on_pickup_dropoff,5e60adc1296b5ece,PEDESTRIAN,0,99,100,100,0,100,99,1,0,1627176764399980,1627176769350114,78,22,0
007ec6e152325bf4,2021.07.24.23.59.52_veh-12_04767_05924,on_pickup_dropoff,e3d1ace112af5c1b,PEDESTRIAN,0,99,100,100,0,100,99,1,0,1627176764399980,1627176769350114,0,100,0
007ec6e152325bf4,2021.07.24.23.59.52_veh-12_04767_05924,on_pickup_dropoff,78228cf7b5d5577d,PEDESTRIAN,0,92,93,93,0,93,92,1,0,1627176764399980,1627176769000271,0,93,0
007ec6e152325bf4,2021.07.24.23.59.52_veh-12_04767_05924,on_pickup_dropoff,b4634bf5d3885d07,PEDESTRIAN,0,99,100,100,0,100,99,1,0,1627176764399980,1627176769350114,100,0,0
007ec6e152325bf4,2021.07.24.23.59.52_veh-12_04767_05924,on_pickup_dropoff,46daf86db4e05acc,PEDESTRIAN,0,99,100,100,0,100,99,1,0,1627176764399980,1627176769350114,100,0,0
007ec6e152325bf4,2021.07.24.23.59.52_veh-12_04767_05924,on_pickup_dropoff,913c5b3b188e5489,PEDESTRIAN,0,99,100,100,0,100,99,1,0,1627176764399980,1627176769350114,100,0,0
007ec6e152325bf4,2021.07.24.23.59.52_veh-12_04767_05924,on_pickup_dropoff,d0580186c2b55d41,PEDESTRIAN,0,99,100,100,0,100,99,1,0,1627176764399980,1627176769350114,0,100,0
007ec6e152325bf4,2021.07.24.23.59.52_veh-12_04767_05924,on_pickup_dropoff,bfc084b77e985e3c,PEDESTRIAN,0,99,100,100,0,100,99,1,0,1627176764399980,1627176769350114,100,0,0
007ec6e152325bf4,2021.07.24.23.59.52_veh-12_04767_05924,on_pickup_dropoff,60744ae0779b5042,PEDESTRIAN,0,99,100,100,0,100,99,1,0,1627176764399980,1627176769350114,0,100,0
007ec6e152325bf4,2021.07.24.23.59.52_veh-12_04767_05924,on_pickup_dropoff,c97e16ff4ee25da6,PEDESTRIAN,0,99,100,100,0,100,99,1,0,1627176764399980,1627176769350114,100,0,0
007ec6e152325bf4,2021.07.24.23.59.52_veh-12_04767_05924,on_pickup_dropoff,97184367fcf75a5d,PEDESTRIAN,0,99,100,100,0,100,99,1,0,1627176764399980,1627176769350114,100,0,0
007ec6e152325bf4,2021.07.24.23.59.52_veh-12_04767_05924,on_pickup_dropoff,bdbcd90319ad5c9c,PEDESTRIAN,0,99,100,100,0,100,99,1,0,1627176764399980,1627176769350114,100,0,0
007ec6e152325bf4,2021.07.24.23.59.52_veh-12_04767_05924,on_pickup_dropoff,2c8eaa54212458c1,PEDESTRIAN,0,39,40,40,0,40,39,1,0,1627176764399980,1627176766350118,0,0,40
007ec6e152325bf4,2021.07.24.23.59.52_veh-12_04767_05924,on_pickup_dropoff,d3a6278e8cf0597e,PEDESTRIAN,0,99,100,100,0,100,99,1,0,1627176764399980,1627176769350114,0,100,0
007ec6e152325bf4,2021.07.24.23.59.52_veh-12_04767_05924,on_pickup_dropoff,39fcd3e0b03e5a50,PEDESTRIAN,0,99,100,100,0,100,99,1,0,1627176764399980,1627176769350114,77,23,0
007ec6e152325bf4,2021.07.24.23.59.52_veh-12_04767_05924,on_pickup_dropoff,d8fbb2d2738e52ca,PEDESTRIAN,0,10,11,11,0,11,10,1,0,1627176764399980,1627176764899701,0,11,0
007ec6e152325bf4,2021.07.24.23.59.52_veh-12_04767_05924,on_pickup_dropoff,84ea2b0efa33572d,PEDESTRIAN,0,99,100,100,0,100,99,1,0,1627176764399980,1627176769350114,0,100,0
007ec6e152325bf4,2021.07.24.23.59.52_veh-12_04767_05924,on_pickup_dropoff,d38119e2f7a251c6,PEDESTRIAN,0,99,100,100,0,100,99,1,0,1627176764399980,1627176769350114,0,100,0
007ec6e152325bf4,2021.07.24.23.59.52_veh-12_04767_05924,on_pickup_dropoff,5f8aa1614649584c,PEDESTRIAN,0,99,100,100,0,100,99,1,0,1627176764399980,1627176769350114,0,100,0
007ec6e152325bf4,2021.07.24.23.59.52_veh-12_04767_05924,on_pickup_dropoff,2eb1a30321585754,PEDESTRIAN,0,99,100,100,0,100,99,1,0,1627176764399980,1627176769350114,0,60,40
007ec6e152325bf4,2021.07.24.23.59.52_veh-12_04767_05924,on_pickup_dropoff,a65a63fa20d551b9,PEDESTRIAN,0,24,25,25,0,25,24,1,0,1627176764399980,1627176765599645,0,25,0
007ec6e152325bf4,2021.07.24.23.59.52_veh-12_04767_05924,on_pickup_dropoff,624db4faee1d5b85,PEDESTRIAN,0,99,100,100,0,100,99,1,0,1627176764399980,1627176769350114,0,100,0
007ec6e152325bf4,2021.07.24.23.59.52_veh-12_04767_05924,on_pickup_dropoff,ee4423ac4ef552be,PEDESTRIAN,0,99,100,100,0,100,99,1,0,1627176764399980,1627176769350114,100,0,0
007ec6e152325bf4,2021.07.24.23.59.52_veh-12_04767_05924,on_pickup_dropoff,030e0976fa9f51de,PEDESTRIAN,0,99,100,100,0,100,99,1,0,1627176764399980,1627176769350114,0,100,0
007ec6e152325bf4,2021.07.24.23.59.52_veh-12_04767_05924,on_pickup_dropoff,eb889bde4bc65b08,PEDESTRIAN,0,99,100,100,0,100,99,1,0,1627176764399980,1627176769350114,0,0,100
007ec6e152325bf4,2021.07.24.23.59.52_veh-12_04767_05924,on_pickup_dropoff,6811adbe1fe5519e,PEDESTRIAN,0,99,100,100,0,100,99,1,0,1627176764399980,1627176769350114,0,100,0
007ec6e152325bf4,2021.07.24.23.59.52_veh-12_04767_05924,on_pickup_dropoff,f56e927e611e53a8,PEDESTRIAN,0,99,100,100,0,100,99,1,0,1627176764399980,1627176769350114,0,100,0
007ec6e152325bf4,2021.07.24.23.59.52_veh-12_04767_05924,on_pickup_dropoff,64e75eadf9185ebc,PEDESTRIAN,0,99,100,100,0,100,99,1,0,1627176764399980,1627176769350114,0,100,0
007ec6e152325bf4,2021.07.24.23.59.52_veh-12_04767_05924,on_pickup_dropoff,10dd43af1dce58ce,PEDESTRIAN,0,99,100,100,0,100,99,1,0,1627176764399980,1627176769350114,0,0,100
007ec6e152325bf4,2021.07.24.23.59.52_veh-12_04767_05924,on_pickup_dropoff,6eb1ca10c4eb5cbe,PEDESTRIAN,0,99,100,100,0,100,99,1,0,1627176764399980,1627176769350114,0,100,0
007ec6e152325bf4,2021.07.24.23.59.52_veh-12_04767_05924,on_pickup_dropoff,b1fe5064d3755159,PEDESTRIAN,0,99,100,100,0,100,99,1,0,1627176764399980,1627176769350114,0,0,100
007ec6e152325bf4,2021.07.24.23.59.52_veh-12_04767_05924,on_pickup_dropoff,5c3ee03d5b5454be,PEDESTRIAN,0,99,100,100,0,100,99,1,0,1627176764399980,1627176769350114,0,100,0
007ec6e152325bf4,2021.07.24.23.59.52_veh-12_04767_05924,on_pickup_dropoff,280eae59ff135dde,PEDESTRIAN,0,99,100,100,0,100,99,1,0,1627176764399980,1627176769350114,0,0,100
007ec6e152325bf4,2021.07.24.23.59.52_veh-12_04767_05924,on_pickup_dropoff,d05dfb000d115e25,PEDESTRIAN,0,99,100,100,0,100,99,1,0,1627176764399980,1627176769350114,100,0,0
007ec6e152325bf4,2021.07.24.23.59.52_veh-12_04767_05924,on_pickup_dropoff,908ca20fc040558a,PEDESTRIAN,0,99,100,100,0,100,99,1,0,1627176764399980,1627176769350114,0,0,100
007ec6e152325bf4,2021.07.24.23.59.52_veh-12_04767_05924,on_pickup_dropoff,3dd2ea8b93b95698,PEDESTRIAN,0,99,100,100,0,100,99,1,0,1627176764399980,1627176769350114,0,0,100
007ec6e152325bf4,2021.07.24.23.59.52_veh-12_04767_05924,on_pickup_dropoff,014209f88c5c5f01,PEDESTRIAN,0,9,10,10,0,10,9,1,0,1627176764399980,1627176764849720,10,0,0
007ec6e152325bf4,2021.07.24.23.59.52_veh-12_04767_05924,on_pickup_dropoff,7d0b88d4df595c7a,PEDESTRIAN,0,99,100,100,0,100,99,1,0,1627176764399980,1627176769350114,0,0,100
007ec6e152325bf4,2021.07.24.23.59.52_veh-12_04767_05924,on_pickup_dropoff,30776e7e5c4a5040,PEDESTRIAN,0,65,66,66,0,66,65,1,0,1627176764399980,1627176767650748,2,64,0
007ec6e152325bf4,2021.07.24.23.59.52_veh-12_04767_05924,on_pickup_dropoff,ea4e5a8da9be5e23,PEDESTRIAN,0,99,100,100,0,100,99,1,0,1627176764399980,1627176769350114,0,0,100
007ec6e152325bf4,2021.07.24.23.59.52_veh-12_04767_05924,on_pickup_dropoff,45feb8d085625a36,TRAFFIC_CONE,0,94,95,95,0,95,94,1,0,1627176764399980,1627176769100219,0,0,95
007ec6e152325bf4,2021.07.24.23.59.52_veh-12_04767_05924,on_pickup_dropoff,2bc026e6ef325371,TRAFFIC_CONE,0,99,100,100,0,100,99,1,0,1627176764399980,1627176769350114,100,0,0
007ec6e152325bf4,2021.07.24.23.59.52_veh-12_04767_05924,on_pickup_dropoff,b817cf21b53d5e25,TRAFFIC_CONE,0,99,100,100,0,100,99,1,0,1627176764399980,1627176769350114,100,0,0
007ec6e152325bf4,2021.07.24.23.59.52_veh-12_04767_05924,on_pickup_dropoff,aabab7ec83b05593,TRAFFIC_CONE,0,99,100,100,0,100,99,1,0,1627176764399980,1627176769350114,100,0,0
007ec6e152325bf4,2021.07.24.23.59.52_veh-12_04767_05924,on_pickup_dropoff,8644bc6b40835495,TRAFFIC_CONE,0,99,100,100,0,100,99,1,0,1627176764399980,1627176769350114,100,0,0
007ec6e152325bf4,2021.07.24.23.59.52_veh-12_04767_05924,on_pickup_dropoff,de4728832c4a54a4,TRAFFIC_CONE,0,4,5,5,0,5,4,1,0,1627176764399980,1627176764599847,5,0,0
007ec6e152325bf4,2021.07.24.23.59.52_veh-12_04767_05924,on_pickup_dropoff,13dbd6decc785cb9,GENERIC_OBJECT,0,68,69,69,0,69,68,1,0,1627176764399980,1627176767800710,0,0,69
007ec6e152325bf4,2021.07.24.23.59.52_veh-12_04767_05924,on_pickup_dropoff,d69ee1cf722a5c85,PEDESTRIAN,2,30,29,29,0,29,28,1,0,1627176764499913,1627176765899783,27,2,0
007ec6e152325bf4,2021.07.24.23.59.52_veh-12_04767_05924,on_pickup_dropoff,73ed95bfd82d54f8,PEDESTRIAN,6,48,43,43,0,43,42,1,0,1627176764699790,1627176766800439,0,0,43
007ec6e152325bf4,2021.07.24.23.59.52_veh-12_04767_05924,on_pickup_dropoff,754849774b6f512d,VEHICLE,8,16,9,9,0,9,8,1,0,1627176764799741,1627176765199604,0,0,9
007ec6e152325bf4,2021.07.24.23.59.52_veh-12_04767_05924,on_pickup_dropoff,903458f69c9f5fa7,PEDESTRIAN,9,75,67,67,0,67,66,1,0,1627176764849720,1627176768150595,31,36,0
007ec6e152325bf4,2021.07.24.23.59.52_veh-12_04767_05924,on_pickup_dropoff,6cbcbf713d665b7a,PEDESTRIAN,13,18,6,6,0,6,5,1,0,1627176765049649,1627176765299584,6,0,0
007ec6e152325bf4,2021.07.24.23.59.52_veh-12_04767_05924,on_pickup_dropoff,27c36e07319d5c4b,PEDESTRIAN,22,99,78,78,0,78,77,1,0,1627176765499615,1627176769350114,0,78,0
007ec6e152325bf4,2021.07.24.23.59.52_veh-12_04767_05924,on_pickup_dropoff,ab180f5fa6a85c7c,PEDESTRIAN,24,99,76,76,0,76,75,1,0,1627176765599645,1627176769350114,14,62,0
007ec6e152325bf4,2021.07.24.23.59.52_veh-12_04767_05924,on_pickup_dropoff,50bce360902c5fd8,PEDESTRIAN,25,99,75,75,0,75,74,1,0,1627176765649661,1627176769350114,75,0,0
007ec6e152325bf4,2021.07.24.23.59.52_veh-12_04767_05924,on_pickup_dropoff,53e16059bfc75ce5,PEDESTRIAN,26,30,5,5,0,5,4,1,0,1627176765699680,1627176765899783,0,5,0
007ec6e152325bf4,2021.07.24.23.59.52_veh-12_04767_05924,on_pickup_dropoff,bbdbc9e85b495fd8,VEHICLE,30,99,70,70,0,70,69,1,0,1627176765899783,1627176769350114,0,0,70
007ec6e152325bf4,2021.07.24.23.59.52_veh-12_04767_05924,on_pickup_dropoff,9d180eb388aa5773,VEHICLE,35,99,65,65,0,65,64,1,0,1627176766149973,1627176769350114,65,0,0
007ec6e152325bf4,2021.07.24.23.59.52_veh-12_04767_05924,on_pickup_dropoff,c602401b8f0b5b64,PEDESTRIAN,43,46,4,4,0,4,3,1,0,1627176766550262,1627176766700369,4,0,0
007ec6e152325bf4,2021.07.24.23.59.52_veh-12_04767_05924,on_pickup_dropoff,b4f58ee2e30e508b,VEHICLE,44,96,53,53,0,53,52,1,0,1627176766600299,1627176769200173,0,0,53
007ec6e152325bf4,2021.07.24.23.59.52_veh-12_04767_05924,on_pickup_dropoff,09d432282b5e5add,PEDESTRIAN,44,99,56,56,0,56,55,1,0,1627176766600299,1627176769350114,0,56,0
007ec6e152325bf4,2021.07.24.23.59.52_veh-12_04767_05924,on_pickup_dropoff,5e5b5405fb7953e9,PEDESTRIAN,44,99,56,56,0,56,55,1,0,1627176766600299,1627176769350114,0,56,0
007ec6e152325bf4,2021.07.24.23.59.52_veh-12_04767_05924,on_pickup_dropoff,96ac2fcaf3f557e4,PEDESTRIAN,47,99,53,53,0,53,52,1,0,1627176766750403,1627176769350114,53,0,0
007ec6e152325bf4,2021.07.24.23.59.52_veh-12_04767_05924,on_pickup_dropoff,de187c0fb53052e7,TRAFFIC_CONE,49,99,51,51,0,51,50,1,0,1627176766850473,1627176769350114,51,0,0
007ec6e152325bf4,2021.07.24.23.59.52_veh-12_04767_05924,on_pickup_dropoff,00e727a563c75a59,VEHICLE,50,60,11,11,0,11,10,1,0,1627176766900506,1627176767400745,0,0,11
007ec6e152325bf4,2021.07.24.23.59.52_veh-12_04767_05924,on_pickup_dropoff,a68a0fee38e25ce0,PEDESTRIAN,58,61,4,4,0,4,3,1,0,1627176767300725,1627176767450752,0,0,4
007ec6e152325bf4,2021.07.24.23.59.52_veh-12_04767_05924,on_pickup_dropoff,4fa0dee396c85314,PEDESTRIAN,60,76,17,17,0,17,16,1,0,1627176767400745,1627176768200572,0,17,0
007ec6e152325bf4,2021.07.24.23.59.52_veh-12_04767_05924,on_pickup_dropoff,94277ec2e087523a,PEDESTRIAN,63,99,37,37,0,37,36,1,0,1627176767550758,1627176769350114,0,0,37
007ec6e152325bf4,2021.07.24.23.59.52_veh-12_04767_05924,on_pickup_dropoff,83c1c0d049b05599,PEDESTRIAN,64,66,3,3,0,3,2,1,0,1627176767600757,1627176767700736,3,0,0
007ec6e152325bf4,2021.07.24.23.59.52_veh-12_04767_05924,on_pickup_dropoff,965e98f24ae85741,PEDESTRIAN,72,89,18,18,0,18,17,1,0,1627176768000660,1627176768850336,0,0,18
007ec6e152325bf4,2021.07.24.23.59.52_veh-12_04767_05924,on_pickup_dropoff,c1512bc0af9f5d2f,VEHICLE,73,86,14,14,0,14,13,1,0,1627176768050642,1627176768700376,14,0,0
007ec6e152325bf4,2021.07.24.23.59.52_veh-12_04767_05924,on_pickup_dropoff,4bc18a1d726452e8,PEDESTRIAN,77,99,23,23,0,23,22,1,0,1627176768250548,1627176769350114,0,0,23
007ec6e152325bf4,2021.07.24.23.59.52_veh-12_04767_05924,on_pickup_dropoff,adcf4dfea47f5197,VEHICLE,80,91,12,12,0,12,11,1,0,1627176768400474,1627176768950295,0,0,12
007ec6e152325bf4,2021.07.24.23.59.52_veh-12_04767_05924,on_pickup_dropoff,2f4fed388d6d5143,PEDESTRIAN,81,99,19,19,0,19,18,1,0,1627176768450452,1627176769350114,0,19,0
007ec6e152325bf4,2021.07.24.23.59.52_veh-12_04767_05924,on_pickup_dropoff,f693faa1a2e958ed,PEDESTRIAN,84,99,16,16,0,16,15,1,0,1627176768600401,1627176769350114,0,16,0
007ec6e152325bf4,2021.07.24.23.59.52_veh-12_04767_05924,on_pickup_dropoff,a6088b51571d558a,PEDESTRIAN,85,99,15,15,0,15,14,1,0,1627176768650388,1627176769350114,0,15,0
007ec6e152325bf4,2021.07.24.23.59.52_veh-12_04767_05924,on_pickup_dropoff,73c241482fe25dc7,VEHICLE,89,99,11,11,0,11,10,1,0,1627176768850336,1627176769350114,1,0,10
007ec6e152325bf4,2021.07.24.23.59.52_veh-12_04767_05924,on_pickup_dropoff,d99336b7473e543e,PEDESTRIAN,90,99,10,10,0,10,9,1,0,1627176768900318,1627176769350114,0,10,0
007ec6e152325bf4,2021.07.24.23.59.52_veh-12_04767_05924,on_pickup_dropoff,3ee2f5d8ce675032,PEDESTRIAN,91,93,3,3,0,3,2,1,0,1627176768950295,1627176769050245,0,0,3
007ec6e152325bf4,2021.07.24.23.59.52_veh-12_04767_05924,on_pickup_dropoff,28eb944f39d7541b,VEHICLE,94,99,6,6,0,6,5,1,0,1627176769100219,1627176769350114,0,0,6
007ec6e152325bf4,2021.07.24.23.59.52_veh-12_04767_05924,on_pickup_dropoff,1542ece0b922520e,PEDESTRIAN,95,99,5,5,0,5,4,1,0,1627176769150195,1627176769350114,0,5,0
007ec6e152325bf4,2021.07.24.23.59.52_veh-12_04767_05924,on_pickup_dropoff,8f7b3b0ac5605afa,PEDESTRIAN,97,99,3,3,0,3,2,1,0,1627176769250151,1627176769350114,0,3,0
79fe250ef7905803,2021.07.24.23.59.52_veh-12_01025_01526,on_pickup_dropoff,b65b5f57238d5d44,VEHICLE,0,99,100,100,0,100,99,1,0,1627172626149949,1627172631100685,100,0,0
79fe250ef7905803,2021.07.24.23.59.52_veh-12_01025_01526,on_pickup_dropoff,0f22e8fdd8ad5057,VEHICLE,0,99,100,100,0,100,99,1,0,1627172626149949,1627172631100685,100,0,0
79fe250ef7905803,2021.07.24.23.59.52_veh-12_01025_01526,on_pickup_dropoff,1aedc5d27e855a8e,VEHICLE,0,99,100,100,0,100,99,1,0,1627172626149949,1627172631100685,100,0,0
79fe250ef7905803,2021.07.24.23.59.52_veh-12_01025_01526,on_pickup_dropoff,53519ba3b3795f2a,VEHICLE,0,99,100,100,0,100,99,1,0,1627172626149949,1627172631100685,100,0,0
79fe250ef7905803,2021.07.24.23.59.52_veh-12_01025_01526,on_pickup_dropoff,20725301f85d51b5,VEHICLE,0,99,100,100,0,100,99,1,0,1627172626149949,1627172631100685,2,0,98
79fe250ef7905803,2021.07.24.23.59.52_veh-12_01025_01526,on_pickup_dropoff,9ae19f1cc771573f,VEHICLE,0,99,100,100,0,100,99,1,0,1627172626149949,1627172631100685,100,0,0
79fe250ef7905803,2021.07.24.23.59.52_veh-12_01025_01526,on_pickup_dropoff,22d23955d9235afd,VEHICLE,0,99,100,100,0,100,99,1,0,1627172626149949,1627172631100685,36,0,64
79fe250ef7905803,2021.07.24.23.59.52_veh-12_01025_01526,on_pickup_dropoff,6ae200a677365154,VEHICLE,0,99,100,100,0,100,99,1,0,1627172626149949,1627172631100685,100,0,0
79fe250ef7905803,2021.07.24.23.59.52_veh-12_01025_01526,on_pickup_dropoff,b3d4a742da3f5603,VEHICLE,0,99,100,100,0,100,99,1,0,1627172626149949,1627172631100685,48,0,52
79fe250ef7905803,2021.07.24.23.59.52_veh-12_01025_01526,on_pickup_dropoff,4cccaf230d665be1,VEHICLE,0,99,100,100,0,100,99,1,0,1627172626149949,1627172631100685,100,0,0
79fe250ef7905803,2021.07.24.23.59.52_veh-12_01025_01526,on_pickup_dropoff,dd65caf88c675942,VEHICLE,0,60,61,61,0,61,60,1,0,1627172626149949,1627172629149446,0,0,61
79fe250ef7905803,2021.07.24.23.59.52_veh-12_01025_01526,on_pickup_dropoff,dc5666bf86c65bc5,VEHICLE,0,99,100,100,0,100,99,1,0,1627172626149949,1627172631100685,100,0,0
79fe250ef7905803,2021.07.24.23.59.52_veh-12_01025_01526,on_pickup_dropoff,20212425385050e9,VEHICLE,0,99,100,100,0,100,99,1,0,1627172626149949,1627172631100685,100,0,0
79fe250ef7905803,2021.07.24.23.59.52_veh-12_01025_01526,on_pickup_dropoff,8b4b21dec2985ab7,VEHICLE,0,99,100,100,0,100,99,1,0,1627172626149949,1627172631100685,100,0,0
79fe250ef7905803,2021.07.24.23.59.52_veh-12_01025_01526,on_pickup_dropoff,20bb4e4db7fa569f,VEHICLE,0,99,100,100,0,100,99,1,0,1627172626149949,1627172631100685,100,0,0
79fe250ef7905803,2021.07.24.23.59.52_veh-12_01025_01526,on_pickup_dropoff,0021ace2f47b5680,VEHICLE,0,99,100,100,0,100,99,1,0,1627172626149949,1627172631100685,100,0,0
79fe250ef7905803,2021.07.24.23.59.52_veh-12_01025_01526,on_pickup_dropoff,886cbee645195b3c,VEHICLE,0,99,100,100,0,100,99,1,0,1627172626149949,1627172631100685,100,0,0
79fe250ef7905803,2021.07.24.23.59.52_veh-12_01025_01526,on_pickup_dropoff,1b07a3d9d31f5933,VEHICLE,0,99,100,100,0,100,99,1,0,1627172626149949,1627172631100685,100,0,0
79fe250ef7905803,2021.07.24.23.59.52_veh-12_01025_01526,on_pickup_dropoff,c5f1ee1a5f7c5fd2,VEHICLE,0,99,100,100,0,100,99,1,0,1627172626149949,1627172631100685,100,0,0
79fe250ef7905803,2021.07.24.23.59.52_veh-12_01025_01526,on_pickup_dropoff,1891df48bf7051a4,VEHICLE,0,99,100,100,0,100,99,1,0,1627172626149949,1627172631100685,100,0,0
79fe250ef7905803,2021.07.24.23.59.52_veh-12_01025_01526,on_pickup_dropoff,e7d74563f65d5b0c,VEHICLE,0,99,100,100,0,100,99,1,0,1627172626149949,1627172631100685,100,0,0
79fe250ef7905803,2021.07.24.23.59.52_veh-12_01025_01526,on_pickup_dropoff,3194107b16c550d2,VEHICLE,0,99,100,100,0,100,99,1,0,1627172626149949,1627172631100685,100,0,0
79fe250ef7905803,2021.07.24.23.59.52_veh-12_01025_01526,on_pickup_dropoff,ecf3858e4d165785,VEHICLE,0,99,100,100,0,100,99,1,0,1627172626149949,1627172631100685,100,0,0
79fe250ef7905803,2021.07.24.23.59.52_veh-12_01025_01526,on_pickup_dropoff,efc74b91b7bb545e,VEHICLE,0,99,100,100,0,100,99,1,0,1627172626149949,1627172631100685,0,0,100
79fe250ef7905803,2021.07.24.23.59.52_veh-12_01025_01526,on_pickup_dropoff,8b33d58e559a5932,VEHICLE,0,99,100,100,0,100,99,1,0,1627172626149949,1627172631100685,0,0,100
79fe250ef7905803,2021.07.24.23.59.52_veh-12_01025_01526,on_pickup_dropoff,eab663451d04511d,VEHICLE,0,99,100,100,0,100,99,1,0,1627172626149949,1627172631100685,0,0,100
79fe250ef7905803,2021.07.24.23.59.52_veh-12_01025_01526,on_pickup_dropoff,f843db7a59285f1a,VEHICLE,0,99,100,100,0,100,99,1,0,1627172626149949,1627172631100685,100,0,0
79fe250ef7905803,2021.07.24.23.59.52_veh-12_01025_01526,on_pickup_dropoff,2a883aee7f965de4,VEHICLE,0,99,100,100,0,100,99,1,0,1627172626149949,1627172631100685,100,0,0
79fe250ef7905803,2021.07.24.23.59.52_veh-12_01025_01526,on_pickup_dropoff,144ca3895ffc5c91,VEHICLE,0,99,100,100,0,100,99,1,0,1627172626149949,1627172631100685,0,0,100
79fe250ef7905803,2021.07.24.23.59.52_veh-12_01025_01526,on_pickup_dropoff,86ed9c2f0f1f550a,VEHICLE,0,99,100,100,0,100,99,1,0,1627172626149949,1627172631100685,100,0,0
79fe250ef7905803,2021.07.24.23.59.52_veh-12_01025_01526,on_pickup_dropoff,994beea80b395d70,VEHICLE,0,99,100,100,0,100,99,1,0,1627172626149949,1627172631100685,100,0,0
79fe250ef7905803,2021.07.24.23.59.52_veh-12_01025_01526,on_pickup_dropoff,cddb864c225c5e46,VEHICLE,0,99,100,100,0,100,99,1,0,1627172626149949,1627172631100685,100,0,0
79fe250ef7905803,2021.07.24.23.59.52_veh-12_01025_01526,on_pickup_dropoff,f2344c3422c25606,VEHICLE,0,66,67,67,0,67,66,1,0,1627172626149949,1627172629449410,0,0,67
79fe250ef7905803,2021.07.24.23.59.52_veh-12_01025_01526,on_pickup_dropoff,55eb3d9b0f7e5227,VEHICLE,0,99,100,100,0,100,99,1,0,1627172626149949,1627172631100685,100,0,0
79fe250ef7905803,2021.07.24.23.59.52_veh-12_01025_01526,on_pickup_dropoff,bd0e63bdda1a512d,VEHICLE,0,99,100,100,0,100,99,1,0,1627172626149949,1627172631100685,100,0,0
79fe250ef7905803,2021.07.24.23.59.52_veh-12_01025_01526,on_pickup_dropoff,285d81b3b4185978,VEHICLE,0,45,46,46,0,46,45,1,0,1627172626149949,1627172628399926,0,0,46
79fe250ef7905803,2021.07.24.23.59.52_veh-12_01025_01526,on_pickup_dropoff,cb329d9def345bdb,VEHICLE,0,99,100,100,0,100,99,1,0,1627172626149949,1627172631100685,100,0,0
79fe250ef7905803,2021.07.24.23.59.52_veh-12_01025_01526,on_pickup_dropoff,06072bf0b7d55eff,VEHICLE,0,99,100,100,0,100,99,1,0,1627172626149949,1627172631100685,100,0,0
79fe250ef7905803,2021.07.24.23.59.52_veh-12_01025_01526,on_pickup_dropoff,f507861fc0285d2b,VEHICLE,0,99,100,100,0,100,99,1,0,1627172626149949,1627172631100685,100,0,0
79fe250ef7905803,2021.07.24.23.59.52_veh-12_01025_01526,on_pickup_dropoff,23ac69a84ade5e3e,VEHICLE,0,28,29,29,0,29,28,1,0,1627172626149949,1627172627550225,4,0,25
79fe250ef7905803,2021.07.24.23.59.52_veh-12_01025_01526,on_pickup_dropoff,053cf39fe09c569f,VEHICLE,0,1,2,2,0,2,1,1,0,1627172626149949,1627172626199965,2,0,0
79fe250ef7905803,2021.07.24.23.59.52_veh-12_01025_01526,on_pickup_dropoff,20135125d6cd5be4,VEHICLE,0,11,12,12,0,12,11,1,0,1627172626149949,1627172626700083,12,0,0
79fe250ef7905803,2021.07.24.23.59.52_veh-12_01025_01526,on_pickup_dropoff,e311923af234560a,VEHICLE,0,38,39,39,0,39,38,1,0,1627172626149949,1627172628050121,0,0,39
79fe250ef7905803,2021.07.24.23.59.52_veh-12_01025_01526,on_pickup_dropoff,7bab54783a50556f,VEHICLE,0,21,22,22,0,22,21,1,0,1627172626149949,1627172627200198,0,0,22
79fe250ef7905803,2021.07.24.23.59.52_veh-12_01025_01526,on_pickup_dropoff,572977d43ab154fc,VEHICLE,0,50,51,51,0,51,50,1,0,1627172626149949,1627172628649762,42,0,9
79fe250ef7905803,2021.07.24.23.59.52_veh-12_01025_01526,on_pickup_dropoff,9bc97919efa75b0c,VEHICLE,0,88,89,89,0,89,88,1,0,1627172626149949,1627172630550174,0,0,89
79fe250ef7905803,2021.07.24.23.59.52_veh-12_01025_01526,on_pickup_dropoff,048d418a1070586a,VEHICLE,0,2,3,3,0,3,2,1,0,1627172626149949,1627172626249979,0,0,3
79fe250ef7905803,2021.07.24.23.59.52_veh-12_01025_01526,on_pickup_dropoff,e2c287772e035a20,VEHICLE,0,90,91,91,0,91,90,1,0,1627172626149949,1627172630650258,50,0,41
79fe250ef7905803,2021.07.24.23.59.52_veh-12_01025_01526,on_pickup_dropoff,a2a11820e68954a4,PEDESTRIAN,0,99,100,100,0,100,99,1,0,1627172626149949,1627172631100685,100,0,0
79fe250ef7905803,2021.07.24.23.59.52_veh-12_01025_01526,on_pickup_dropoff,eabe9b9f748654d8,PEDESTRIAN,0,99,100,100,0,100,99,1,0,1627172626149949,1627172631100685,100,0,0
79fe250ef7905803,2021.07.24.23.59.52_veh-12_01025_01526,on_pickup_dropoff,28eb27c801bd5213,PEDESTRIAN,0,99,100,100,0,100,99,1,0,1627172626149949,1627172631100685,100,0,0
79fe250ef7905803,2021.07.24.23.59.52_veh-12_01025_01526,on_pickup_dropoff,0261cb959c965afd,PEDESTRIAN,0,30,31,31,0,31,30,1,0,1627172626149949,1627172627650217,0,0,31
79fe250ef7905803,2021.07.24.23.59.52_veh-12_01025_01526,on_pickup_dropoff,fa6d19fa32595184,PEDESTRIAN,0,16,17,17,0,17,16,1,0,1627172626149949,1627172626950154,0,0,17
79fe250ef7905803,2021.07.24.23.59.52_veh-12_01025_01526,on_pickup_dropoff,fb3e6f71c27a56d2,PEDESTRIAN,0,99,100,100,0,100,99,1,0,1627172626149949,1627172631100685,100,0,0
79fe250ef7905803,2021.07.24.23.59.52_veh-12_01025_01526,on_pickup_dropoff,7567d3be191d5158,PEDESTRIAN,0,91,92,92,0,92,91,1,0,1627172626149949,1627172630700299,92,0,0
79fe250ef7905803,2021.07.24.23.59.52_veh-12_01025_01526,on_pickup_dropoff,8ee299a918cd5347,PEDESTRIAN,0,3,4,4,0,4,3,1,0,1627172626149949,1627172626299992,0,0,4
79fe250ef7905803,2021.07.24.23.59.52_veh-12_01025_01526,on_pickup_dropoff,4c355b49ca305a4c,PEDESTRIAN,0,6,7,7,0,7,6,1,0,1627172626149949,1627172626450032,0,0,7
79fe250ef7905803,2021.07.24.23.59.52_veh-12_01025_01526,on_pickup_dropoff,8bdca6acb9d25a50,PEDESTRIAN,0,48,49,49,0,49,48,1,0,1627172626149949,1627172628549826,49,0,0
79fe250ef7905803,2021.07.24.23.59.52_veh-12_01025_01526,on_pickup_dropoff,27afbdf218775ef7,PEDESTRIAN,0,79,80,80,0,80,79,1,0,1627172626149949,1627172630099798,80,0,0
79fe250ef7905803,2021.07.24.23.59.52_veh-12_01025_01526,on_pickup_dropoff,26e34dc58fdf5cac,PEDESTRIAN,0,99,100,100,0,100,99,1,0,1627172626149949,1627172631100685,0,0,100
79fe250ef7905803,2021.07.24.23.59.52_veh-12_01025_01526,on_pickup_dropoff,87de9e88fce75b76,PEDESTRIAN,0,37,38,38,0,38,37,1,0,1627172626149949,1627172628000144,38,0,0
79fe250ef7905803,2021.07.24.23.59.52_veh-12_01025_01526,on_pickup_dropoff,40873217fad45021,PEDESTRIAN,0,90,91,91,0,91,90,1,0,1627172626149949,1627172630650258,0,0,91
79fe250ef7905803,2021.07.24.23.59.52_veh-12_01025_01526,on_pickup_dropoff,ea819f44631a5b09,PEDESTRIAN,0,99,100,100,0,100,99,1,0,1627172626149949,1627172631100685,100,0,0
79fe250ef7905803,2021.07.24.23.59.52_veh-12_01025_01526,on_pickup_dropoff,8904348c50375ba2,PEDESTRIAN,0,54,55,55,0,55,54,1,0,1627172626149949,1627172628849629,0,0,55
79fe250ef7905803,2021.07.24.23.59.52_veh-12_01025_01526,on_pickup_dropoff,96d2cdea7db25a29,PEDESTRIAN,0,5,6,6,0,6,5,1,0,1627172626149949,1627172626400018,0,0,6
79fe250ef7905803,2021.07.24.23.59.52_veh-12_01025_01526,on_pickup_dropoff,70136a9258e752a5,PEDESTRIAN,0,5,6,6,0,6,5,1,0,1627172626149949,1627172626400018,0,0,6
79fe250ef7905803,2021.07.24.23.59.52_veh-12_01025_01526,on_pickup_dropoff,779df88b2f1353de,PEDESTRIAN,0,7,8,8,0,8,7,1,0,1627172626149949,1627172626500046,0,0,8
79fe250ef7905803,2021.07.24.23.59.52_veh-12_01025_01526,on_pickup_dropoff,bfa72eb931b8593c,PEDESTRIAN,0,23,24,24,0,24,23,1,0,1627172626149949,1627172627300208,0,0,24
79fe250ef7905803,2021.07.24.23.59.52_veh-12_01025_01526,on_pickup_dropoff,8f4567ba387c5ed2,PEDESTRIAN,0,88,89,89,0,89,88,1,0,1627172626149949,1627172630550174,13,0,76
79fe250ef7905803,2021.07.24.23.59.52_veh-12_01025_01526,on_pickup_dropoff,760eeebcf7e153f9,PEDESTRIAN,0,82,83,83,0,83,82,1,0,1627172626149949,1627172630249929,8,0,75
79fe250ef7905803,2021.07.24.23.59.52_veh-12_01025_01526,on_pickup_dropoff,d6fc00e8360c58b6,PEDESTRIAN,0,39,40,40,0,40,39,1,0,1627172626149949,1627172628100095,0,0,40
79fe250ef7905803,2021.07.24.23.59.52_veh-12_01025_01526,on_pickup_dropoff,0111058c979752ba,PEDESTRIAN,0,1,2,2,0,2,1,1,0,1627172626149949,1627172626199965,0,0,2
79fe250ef7905803,2021.07.24.23.59.52_veh-12_01025_01526,on_pickup_dropoff,8d91ed3311325f54,PEDESTRIAN,0,2,3,3,0,3,2,1,0,1627172626149949,1627172626249979,0,0,3
79fe250ef7905803,2021.07.24.23.59.52_veh-12_01025_01526,on_pickup_dropoff,650310dcac7e57ea,PEDESTRIAN,0,96,97,97,0,97,96,1,0,1627172626149949,1627172630950540,97,0,0
79fe250ef7905803,2021.07.24.23.59.52_veh-12_01025_01526,on_pickup_dropoff,d7f5368dcd745a2a,PEDESTRIAN,0,85,86,86,0,86,85,1,0,1627172626149949,1627172630400049,0,0,86
79fe250ef7905803,2021.07.24.23.59.52_veh-12_01025_01526,on_pickup_dropoff,0fb5aba3b3dc5b11,GENERIC_OBJECT,0,23,24,24,0,24,23,1,0,1627172626149949,1627172627300208,0,0,24
79fe250ef7905803,2021.07.24.23.59.52_veh-12_01025_01526,on_pickup_dropoff,6fbd12f3d02b50b8,GENERIC_OBJECT,0,99,100,100,0,100,99,1,0,1627172626149949,1627172631100685,0,0,100
79fe250ef7905803,2021.07.24.23.59.52_veh-12_01025_01526,on_pickup_dropoff,381616d9c5965544,GENERIC_OBJECT,0,90,91,91,0,91,90,1,0,1627172626149949,1627172630650258,0,0,91
79fe250ef7905803,2021.07.24.23.59.52_veh-12_01025_01526,on_pickup_dropoff,089510beb17a511e,GENERIC_OBJECT,0,93,94,94,0,94,93,1,0,1627172626149949,1627172630800388,0,0,94
79fe250ef7905803,2021.07.24.23.59.52_veh-12_01025_01526,on_pickup_dropoff,db59ab920f095c20,GENERIC_OBJECT,0,13,14,14,0,14,13,1,0,1627172626149949,1627172626800110,0,0,14
79fe250ef7905803,2021.07.24.23.59.52_veh-12_01025_01526,on_pickup_dropoff,03bf86be735e530c,TRAFFIC_CONE,2,99,98,98,0,98,97,1,0,1627172626249979,1627172631100685,98,0,0
79fe250ef7905803,2021.07.24.23.59.52_veh-12_01025_01526,on_pickup_dropoff,1363bc9415fa5b47,PEDESTRIAN,3,99,97,97,0,97,96,1,0,1627172626299992,1627172631100685,0,0,97
79fe250ef7905803,2021.07.24.23.59.52_veh-12_01025_01526,on_pickup_dropoff,225de75e82125f5e,PEDESTRIAN,6,27,22,22,0,22,21,1,0,1627172626450032,1627172627500223,0,0,22
79fe250ef7905803,2021.07.24.23.59.52_veh-12_01025_01526,on_pickup_dropoff,33b34cfd8995553f,PEDESTRIAN,6,99,94,94,0,94,93,1,0,1627172626450032,1627172631100685,0,0,94
79fe250ef7905803,2021.07.24.23.59.52_veh-12_01025_01526,on_pickup_dropoff,09f553772ed55831,GENERIC_OBJECT,7,99,93,93,0,93,92,1,0,1627172626500046,1627172631100685,93,0,0
79fe250ef7905803,2021.07.24.23.59.52_veh-12_01025_01526,on_pickup_dropoff,9c14206fbf725940,VEHICLE,11,13,3,3,0,3,2,1,0,1627172626700083,1627172626800110,0,0,3
79fe250ef7905803,2021.07.24.23.59.52_veh-12_01025_01526,on_pickup_dropoff,4002bcb44e06563d,PEDESTRIAN,12,99,88,88,0,88,87,1,0,1627172626750094,1627172631100685,88,0,0
79fe250ef7905803,2021.07.24.23.59.52_veh-12_01025_01526,on_pickup_dropoff,ef309ed8f3195888,TRAFFIC_CONE,13,93,81,81,0,81,80,1,0,1627172626800110,1627172630800388,0,0,81
79fe250ef7905803,2021.07.24.23.59.52_veh-12_01025_01526,on_pickup_dropoff,bd3c8b337d90557f,GENERIC_OBJECT,16,21,6,6,0,6,5,1,0,1627172626950154,1627172627200198,0,0,6
79fe250ef7905803,2021.07.24.23.59.52_veh-12_01025_01526,on_pickup_dropoff,a9f320ee762a568b,TRAFFIC_CONE,17,28,12,12,0,12,11,1,0,1627172627000165,1627172627550225,0,0,12
79fe250ef7905803,2021.07.24.23.59.52_veh-12_01025_01526,on_pickup_dropoff,47fad85713b15831,PEDESTRIAN,21,30,10,10,0,10,9,1,0,1627172627200198,1627172627650217,0,0,10
79fe250ef7905803,2021.07.24.23.59.52_veh-12_01025_01526,on_pickup_dropoff,511f54d5d7d35174,PEDESTRIAN,25,56,32,32,0,32,31,1,0,1627172627400215,1627172628949560,0,0,32
79fe250ef7905803,2021.07.24.23.59.52_veh-12_01025_01526,on_pickup_dropoff,cb12401c589f5803,PEDESTRIAN,27,94,68,68,0,68,67,1,0,1627172627500223,1627172630850438,68,0,0
79fe250ef7905803,2021.07.24.23.59.52_veh-12_01025_01526,on_pickup_dropoff,ea9a544d4bf650ee,VEHICLE,31,43,13,13,0,13,12,1,0,1627172627700212,1627172628299988,0,0,13
79fe250ef7905803,2021.07.24.23.59.52_veh-12_01025_01526,on_pickup_dropoff,a1923db91ce05ee1,VEHICLE,31,99,69,69,0,69,68,1,0,1627172627700212,1627172631100685,0,0,69
79fe250ef7905803,2021.07.24.23.59.52_veh-12_01025_01526,on_pickup_dropoff,5a5e56dfbbdf5cc9,PEDESTRIAN,38,88,51,51,0,51,50,1,0,1627172628050121,1627172630550174,0,0,51
79fe250ef7905803,2021.07.24.23.59.52_veh-12_01025_01526,on_pickup_dropoff,5d6afa920e0559c2,PEDESTRIAN,39,93,55,55,0,55,54,1,0,1627172628100095,1627172630800388,55,0,0
79fe250ef7905803,2021.07.24.23.59.52_veh-12_01025_01526,on_pickup_dropoff,00f480cf265d5cd4,VEHICLE,43,62,20,20,0,20,19,1,0,1627172628299988,1627172629249420,0,0,20
79fe250ef7905803,2021.07.24.23.59.52_veh-12_01025_01526,on_pickup_dropoff,d39220f27bb05395,VEHICLE,44,99,56,56,0,56,55,1,0,1627172628349957,1627172631100685,45,0,11
79fe250ef7905803,2021.07.24.23.59.52_veh-12_01025_01526,on_pickup_dropoff,6f2c8081fce35599,PEDESTRIAN,48,99,52,52,0,52,51,1,0,1627172628549826,1627172631100685,0,0,52
79fe250ef7905803,2021.07.24.23.59.52_veh-12_01025_01526,on_pickup_dropoff,ac94a725805d5858,VEHICLE,49,99,51,51,0,51,50,1,0,1627172628599794,1627172631100685,0,0,51
79fe250ef7905803,2021.07.24.23.59.52_veh-12_01025_01526,on_pickup_dropoff,2992727d867b56e1,PEDESTRIAN,51,90,40,40,0,40,39,1,0,1627172628699729,1627172630650258,0,0,40
79fe250ef7905803,2021.07.24.23.59.52_veh-12_01025_01526,on_pickup_dropoff,59898f70ed3d560c,PEDESTRIAN,54,78,25,25,0,25,24,1,0,1627172628849629,1627172630049750,25,0,0
79fe250ef7905803,2021.07.24.23.59.52_veh-12_01025_01526,on_pickup_dropoff,cd975636ba8b5685,VEHICLE,59,99,41,41,0,41,40,1,0,1627172629099468,1627172631100685,0,0,41
79fe250ef7905803,2021.07.24.23.59.52_veh-12_01025_01526,on_pickup_dropoff,e2777928a8045306,VEHICLE,62,75,14,14,0,14,13,1,0,1627172629249420,1627172629899605,0,0,14
79fe250ef7905803,2021.07.24.23.59.52_veh-12_01025_01526,on_pickup_dropoff,2da37106845a582c,PEDESTRIAN,65,79,15,15,0,15,14,1,0,1627172629399408,1627172630099798,0,0,15
79fe250ef7905803,2021.07.24.23.59.52_veh-12_01025_01526,on_pickup_dropoff,ab69b853072851e1,PEDESTRIAN,67,99,33,33,0,33,32,1,0,1627172629499414,1627172631100685,33,0,0
79fe250ef7905803,2021.07.24.23.59.52_veh-12_01025_01526,on_pickup_dropoff,462cda3f27f25652,TRAFFIC_CONE,72,91,20,20,0,20,19,1,0,1627172629749495,1627172630700299,0,0,20
79fe250ef7905803,2021.07.24.23.59.52_veh-12_01025_01526,on_pickup_dropoff,3e62d619205f5de4,GENERIC_OBJECT,72,78,7,7,0,7,6,1,0,1627172629749495,1627172630049750,7,0,0
79fe250ef7905803,2021.07.24.23.59.52_veh-12_01025_01526,on_pickup_dropoff,c6c7062eded05735,PEDESTRIAN,77,99,23,23,0,23,22,1,0,1627172629999701,1627172631100685,0,0,23
79fe250ef7905803,2021.07.24.23.59.52_veh-12_01025_01526,on_pickup_dropoff,3e60c37be17556f5,GENERIC_OBJECT,79,83,5,5,0,5,4,1,0,1627172630099798,1627172630299970,0,0,5
79fe250ef7905803,2021.07.24.23.59.52_veh-12_01025_01526,on_pickup_dropoff,a4f87e15eab2510e,PEDESTRIAN,80,97,18,18,0,18,17,1,0,1627172630149843,1627172631000589,0,0,18
79fe250ef7905803,2021.07.24.23.59.52_veh-12_01025_01526,on_pickup_dropoff,54d11e0d43b656f4,GENERIC_OBJECT,82,89,8,8,0,8,7,1,0,1627172630249929,1627172630600216,0,0,8
79fe250ef7905803,2021.07.24.23.59.52_veh-12_01025_01526,on_pickup_dropoff,a5eeaef782d7572d,PEDESTRIAN,83,88,6,6,0,6,5,1,0,1627172630299970,1627172630550174,0,0,6
79fe250ef7905803,2021.07.24.23.59.52_veh-12_01025_01526,on_pickup_dropoff,bc585813a385520c,VEHICLE,84,99,16,16,0,16,15,1,0,1627172630350009,1627172631100685,0,0,16
79fe250ef7905803,2021.07.24.23.59.52_veh-12_01025_01526,on_pickup_dropoff,cfb6816bbc285965,GENERIC_OBJECT,84,87,4,4,0,4,3,1,0,1627172630350009,1627172630500132,0,0,4
79fe250ef7905803,2021.07.24.23.59.52_veh-12_01025_01526,on_pickup_dropoff,10e57660a29c5951,PEDESTRIAN,87,99,13,13,0,13,12,1,0,1627172630500132,1627172631100685,0,0,13
79fe250ef7905803,2021.07.24.23.59.52_veh-12_01025_01526,on_pickup_dropoff,6346650eda005ca2,PEDESTRIAN,88,99,12,12,0,12,11,1,0,1627172630550174,1627172631100685,0,0,12
79fe250ef7905803,2021.07.24.23.59.52_veh-12_01025_01526,on_pickup_dropoff,42b1fe4357be5ed5,GENERIC_OBJECT,89,99,11,11,0,11,10,1,0,1627172630600216,1627172631100685,0,0,11
79fe250ef7905803,2021.07.24.23.59.52_veh-12_01025_01526,on_pickup_dropoff,d032dd9eb44f52a9,VEHICLE,91,99,9,9,0,9,8,1,0,1627172630700299,1627172631100685,0,0,9
79fe250ef7905803,2021.07.24.23.59.52_veh-12_01025_01526,on_pickup_dropoff,8f7f24a1cb6658bd,VEHICLE,94,99,6,6,0,6,5,1,0,1627172630850438,1627172631100685,0,0,6
79fe250ef7905803,2021.07.24.23.59.52_veh-12_01025_01526,on_pickup_dropoff,f6183036cb84581b,VEHICLE,96,99,4,4,0,4,3,1,0,1627172630950540,1627172631100685,0,0,4
79fe250ef7905803,2021.07.24.23.59.52_veh-12_01025_01526,on_pickup_dropoff,491185c5a53d54eb,PEDESTRIAN,96,99,4,4,0,4,3,1,0,1627172630950540,1627172631100685,0,0,4
79fe250ef7905803,2021.07.24.23.59.52_veh-12_01025_01526,on_pickup_dropoff,e26d7f4aa3d25e7c,VEHICLE,97,99,3,3,0,3,2,1,0,1627172631000589,1627172631100685,0,0,3
79fe250ef7905803,2021.07.24.23.59.52_veh-12_01025_01526,on_pickup_dropoff,bc4013807c365659,VEHICLE,98,99,2,2,0,2,1,1,0,1627172631050638,1627172631100685,0,0,2
52b9316d85095da7,2021.06.08.16.31.33_veh-38_01589_02072,on_pickup_dropoff,d4e596b18ba55eab,VEHICLE,0,99,100,100,0,100,99,1,0,1623185996599894,1623186001550043,100,0,0
52b9316d85095da7,2021.06.08.16.31.33_veh-38_01589_02072,on_pickup_dropoff,35ac55e3689050b9,VEHICLE,0,99,100,100,0,100,99,1,0,1623185996599894,1623186001550043,100,0,0
52b9316d85095da7,2021.06.08.16.31.33_veh-38_01589_02072,on_pickup_dropoff,82f659466f63554b,VEHICLE,0,99,100,100,0,100,99,1,0,1623185996599894,1623186001550043,100,0,0
52b9316d85095da7,2021.06.08.16.31.33_veh-38_01589_02072,on_pickup_dropoff,ccb7ed81193059b6,VEHICLE,0,99,100,100,0,100,99,1,0,1623185996599894,1623186001550043,100,0,0
52b9316d85095da7,2021.06.08.16.31.33_veh-38_01589_02072,on_pickup_dropoff,6ecaea79fdc6508e,VEHICLE,0,99,100,100,0,100,99,1,0,1623185996599894,1623186001550043,100,0,0
52b9316d85095da7,2021.06.08.16.31.33_veh-38_01589_02072,on_pickup_dropoff,3495e49ea7225765,VEHICLE,0,99,100,100,0,100,99,1,0,1623185996599894,1623186001550043,100,0,0
52b9316d85095da7,2021.06.08.16.31.33_veh-38_01589_02072,on_pickup_dropoff,af4e4f3188b55516,VEHICLE,0,99,100,100,0,100,99,1,0,1623185996599894,1623186001550043,100,0,0
52b9316d85095da7,2021.06.08.16.31.33_veh-38_01589_02072,on_pickup_dropoff,c3da218ee99b55a8,VEHICLE,0,99,100,100,0,100,99,1,0,1623185996599894,1623186001550043,100,0,0
52b9316d85095da7,2021.06.08.16.31.33_veh-38_01589_02072,on_pickup_dropoff,ed9108d7146357ac,VEHICLE,0,99,100,100,0,100,99,1,0,1623185996599894,1623186001550043,100,0,0
52b9316d85095da7,2021.06.08.16.31.33_veh-38_01589_02072,on_pickup_dropoff,3ea324be6d395579,VEHICLE,0,99,100,100,0,100,99,1,0,1623185996599894,1623186001550043,100,0,0
52b9316d85095da7,2021.06.08.16.31.33_veh-38_01589_02072,on_pickup_dropoff,bcb5faf0158f5397,VEHICLE,0,99,100,100,0,100,99,1,0,1623185996599894,1623186001550043,100,0,0
52b9316d85095da7,2021.06.08.16.31.33_veh-38_01589_02072,on_pickup_dropoff,39309b94a6f35780,VEHICLE,0,99,100,100,0,100,99,1,0,1623185996599894,1623186001550043,100,0,0
52b9316d85095da7,2021.06.08.16.31.33_veh-38_01589_02072,on_pickup_dropoff,63a6536225235ee8,VEHICLE,0,99,100,100,0,100,99,1,0,1623185996599894,1623186001550043,100,0,0
52b9316d85095da7,2021.06.08.16.31.33_veh-38_01589_02072,on_pickup_dropoff,5daa0915719f58dc,VEHICLE,0,99,100,100,0,100,99,1,0,1623185996599894,1623186001550043,100,0,0
52b9316d85095da7,2021.06.08.16.31.33_veh-38_01589_02072,on_pickup_dropoff,9e0bfbaeae615f04,VEHICLE,0,99,100,100,0,100,99,1,0,1623185996599894,1623186001550043,63,0,37
52b9316d85095da7,2021.06.08.16.31.33_veh-38_01589_02072,on_pickup_dropoff,db1033dd4a4b5f4b,VEHICLE,0,99,100,100,0,100,99,1,0,1623185996599894,1623186001550043,0,0,100
52b9316d85095da7,2021.06.08.16.31.33_veh-38_01589_02072,on_pickup_dropoff,cc86945b07575823,VEHICLE,0,99,100,100,0,100,99,1,0,1623185996599894,1623186001550043,0,0,100
52b9316d85095da7,2021.06.08.16.31.33_veh-38_01589_02072,on_pickup_dropoff,aa7412376e385c59,VEHICLE,0,99,100,100,0,100,99,1,0,1623185996599894,1623186001550043,100,0,0
52b9316d85095da7,2021.06.08.16.31.33_veh-38_01589_02072,on_pickup_dropoff,dc85c6c65a315467,VEHICLE,0,99,100,100,0,100,99,1,0,1623185996599894,1623186001550043,100,0,0
52b9316d85095da7,2021.06.08.16.31.33_veh-38_01589_02072,on_pickup_dropoff,8e1eef0ba1b051ce,VEHICLE,0,99,100,100,0,100,99,1,0,1623185996599894,1623186001550043,69,0,31
52b9316d85095da7,2021.06.08.16.31.33_veh-38_01589_02072,on_pickup_dropoff,8f40400027dc5fc3,VEHICLE,0,99,100,100,0,100,99,1,0,1623185996599894,1623186001550043,0,0,100
52b9316d85095da7,2021.06.08.16.31.33_veh-38_01589_02072,on_pickup_dropoff,c8bff51955175c2b,VEHICLE,0,99,100,100,0,100,99,1,0,1623185996599894,1623186001550043,51,0,49
52b9316d85095da7,2021.06.08.16.31.33_veh-38_01589_02072,on_pickup_dropoff,0c808cce69985417,PEDESTRIAN,0,99,100,100,0,100,99,1,0,1623185996599894,1623186001550043,100,0,0
52b9316d85095da7,2021.06.08.16.31.33_veh-38_01589_02072,on_pickup_dropoff,b008039832e15687,PEDESTRIAN,0,99,100,100,0,100,99,1,0,1623185996599894,1623186001550043,100,0,0
52b9316d85095da7,2021.06.08.16.31.33_veh-38_01589_02072,on_pickup_dropoff,6240160a38cb5b82,PEDESTRIAN,0,99,100,100,0,100,99,1,0,1623185996599894,1623186001550043,69,31,0
52b9316d85095da7,2021.06.08.16.31.33_veh-38_01589_02072,on_pickup_dropoff,6703a05302fa5286,PEDESTRIAN,0,99,100,100,0,100,99,1,0,1623185996599894,1623186001550043,0,100,0
52b9316d85095da7,2021.06.08.16.31.33_veh-38_01589_02072,on_pickup_dropoff,2bbe150efcd05505,PEDESTRIAN,0,99,100,100,0,100,99,1,0,1623185996599894,1623186001550043,0,100,0
52b9316d85095da7,2021.06.08.16.31.33_veh-38_01589_02072,on_pickup_dropoff,d1442f852f96505d,PEDESTRIAN,0,99,100,100,0,100,99,1,0,1623185996599894,1623186001550043,43,57,0
52b9316d85095da7,2021.06.08.16.31.33_veh-38_01589_02072,on_pickup_dropoff,094b97ba9bfb5b04,PEDESTRIAN,0,99,100,100,0,100,99,1,0,1623185996599894,1623186001550043,100,0,0
52b9316d85095da7,2021.06.08.16.31.33_veh-38_01589_02072,on_pickup_dropoff,b1d0607be39d5729,PEDESTRIAN,0,92,93,93,0,93,92,1,0,1623185996599894,1623186001200149,83,10,0
52b9316d85095da7,2021.06.08.16.31.33_veh-38_01589_02072,on_pickup_dropoff,5d2f6b63f0715cd2,PEDESTRIAN,0,99,100,100,0,100,99,1,0,1623185996599894,1623186001550043,0,100,0
52b9316d85095da7,2021.06.08.16.31.33_veh-38_01589_02072,on_pickup_dropoff,1ea6de0d3bec5aec,PEDESTRIAN,0,99,100,100,0,100,99,1,0,1623185996599894,1623186001550043,20,80,0
52b9316d85095da7,2021.06.08.16.31.33_veh-38_01589_02072,on_pickup_dropoff,4c305856c68a5786,PEDESTRIAN,0,99,100,100,0,100,99,1,0,1623185996599894,1623186001550043,34,66,0
52b9316d85095da7,2021.06.08.16.31.33_veh-38_01589_02072,on_pickup_dropoff,537e29e80e7351c6,PEDESTRIAN,0,84,85,85,0,85,84,1,0,1623185996599894,1623186000800022,24,61,0
52b9316d85095da7,2021.06.08.16.31.33_veh-38_01589_02072,on_pickup_dropoff,8c5e2104763a5d7e,PEDESTRIAN,0,99,100,100,0,100,99,1,0,1623185996599894,1623186001550043,70,30,0
52b9316d85095da7,2021.06.08.16.31.33_veh-38_01589_02072,on_pickup_dropoff,16f2cf1780685056,PEDESTRIAN,0,99,100,100,0,100,99,1,0,1623185996599894,1623186001550043,0,100,0
52b9316d85095da7,2021.06.08.16.31.33_veh-38_01589_02072,on_pickup_dropoff,a03898678b9b57a2,PEDESTRIAN,0,32,33,33,0,33,32,1,0,1623185996599894,1623185998199709,33,0,0
52b9316d85095da7,2021.06.08.16.31.33_veh-38_01589_02072,on_pickup_dropoff,73f653fb619d5ef4,PEDESTRIAN,0,99,100,100,0,100,99,1,0,1623185996599894,1623186001550043,0,100,0
52b9316d85095da7,2021.06.08.16.31.33_veh-38_01589_02072,on_pickup_dropoff,b3adf654335c53ef,PEDESTRIAN,0,99,100,100,0,100,99,1,0,1623185996599894,1623186001550043,100,0,0
52b9316d85095da7,2021.06.08.16.31.33_veh-38_01589_02072,on_pickup_dropoff,495ecbf7be365fd7,PEDESTRIAN,0,99,100,100,0,100,99,1,0,1623185996599894,1623186001550043,100,0,0
52b9316d85095da7,2021.06.08.16.31.33_veh-38_01589_02072,on_pickup_dropoff,23b699d1f36a5154,PEDESTRIAN,0,99,100,100,0,100,99,1,0,1623185996599894,1623186001550043,0,100,0
52b9316d85095da7,2021.06.08.16.31.33_veh-38_01589_02072,on_pickup_dropoff,6553bfa9559956f4,PEDESTRIAN,0,99,100,100,0,100,99,1,0,1623185996599894,1623186001550043,0,100,0
52b9316d85095da7,2021.06.08.16.31.33_veh-38_01589_02072,on_pickup_dropoff,88f89afa569a5ebd,PEDESTRIAN,0,99,100,100,0,100,99,1,0,1623185996599894,1623186001550043,100,0,0
52b9316d85095da7,2021.06.08.16.31.33_veh-38_01589_02072,on_pickup_dropoff,f88ac9e8f7795f95,PEDESTRIAN,0,99,100,100,0,100,99,1,0,1623185996599894,1623186001550043,0,100,0
52b9316d85095da7,2021.06.08.16.31.33_veh-38_01589_02072,on_pickup_dropoff,2875a44b2ad95e3d,PEDESTRIAN,0,99,100,100,0,100,99,1,0,1623185996599894,1623186001550043,0,100,0
52b9316d85095da7,2021.06.08.16.31.33_veh-38_01589_02072,on_pickup_dropoff,84845ffe9c655298,PEDESTRIAN,0,99,100,100,0,100,99,1,0,1623185996599894,1623186001550043,72,28,0
52b9316d85095da7,2021.06.08.16.31.33_veh-38_01589_02072,on_pickup_dropoff,84a5d26635815eee,PEDESTRIAN,0,99,100,100,0,100,99,1,0,1623185996599894,1623186001550043,0,100,0
52b9316d85095da7,2021.06.08.16.31.33_veh-38_01589_02072,on_pickup_dropoff,32b8376e836756de,PEDESTRIAN,0,99,100,100,0,100,99,1,0,1623185996599894,1623186001550043,0,100,0
52b9316d85095da7,2021.06.08.16.31.33_veh-38_01589_02072,on_pickup_dropoff,0cfefcb4d4c65fb4,PEDESTRIAN,0,99,100,100,0,100,99,1,0,1623185996599894,1623186001550043,0,100,0
52b9316d85095da7,2021.06.08.16.31.33_veh-38_01589_02072,on_pickup_dropoff,f1cc70325c845be7,PEDESTRIAN,0,16,17,17,0,17,16,1,0,1623185996599894,1623185997400179,17,0,0
52b9316d85095da7,2021.06.08.16.31.33_veh-38_01589_02072,on_pickup_dropoff,969820b5c6f05719,PEDESTRIAN,0,99,100,100,0,100,99,1,0,1623185996599894,1623186001550043,0,100,0
52b9316d85095da7,2021.06.08.16.31.33_veh-38_01589_02072,on_pickup_dropoff,ffc0a83dd83b5097,PEDESTRIAN,0,99,100,100,0,100,99,1,0,1623185996599894,1623186001550043,0,100,0
52b9316d85095da7,2021.06.08.16.31.33_veh-38_01589_02072,on_pickup_dropoff,7f25122a519953f5,PEDESTRIAN,0,99,100,100,0,100,99,1,0,1623185996599894,1623186001550043,0,100,0
52b9316d85095da7,2021.06.08.16.31.33_veh-38_01589_02072,on_pickup_dropoff,a8aa161125d55c81,PEDESTRIAN,0,99,100,100,0,100,99,1,0,1623185996599894,1623186001550043,0,100,0
52b9316d85095da7,2021.06.08.16.31.33_veh-38_01589_02072,on_pickup_dropoff,51d180c369995d30,PEDESTRIAN,0,99,100,100,0,100,99,1,0,1623185996599894,1623186001550043,0,100,0
52b9316d85095da7,2021.06.08.16.31.33_veh-38_01589_02072,on_pickup_dropoff,0839e3ad2efe5ca8,PEDESTRIAN,0,99,100,100,0,100,99,1,0,1623185996599894,1623186001550043,50,50,0
52b9316d85095da7,2021.06.08.16.31.33_veh-38_01589_02072,on_pickup_dropoff,676d3cc6f5f05433,PEDESTRIAN,0,99,100,100,0,100,99,1,0,1623185996599894,1623186001550043,0,100,0
52b9316d85095da7,2021.06.08.16.31.33_veh-38_01589_02072,on_pickup_dropoff,4775a3141f865a67,PEDESTRIAN,0,99,100,100,0,100,99,1,0,1623185996599894,1623186001550043,100,0,0
52b9316d85095da7,2021.06.08.16.31.33_veh-38_01589_02072,on_pickup_dropoff,46a4245b680851ca,PEDESTRIAN,0,99,100,100,0,100,99,1,0,1623185996599894,1623186001550043,42,58,0
52b9316d85095da7,2021.06.08.16.31.33_veh-38_01589_02072,on_pickup_dropoff,5cf22e47fed558cf,PEDESTRIAN,0,99,100,100,0,100,99,1,0,1623185996599894,1623186001550043,0,100,0
52b9316d85095da7,2021.06.08.16.31.33_veh-38_01589_02072,on_pickup_dropoff,8408c8fc6d315ea9,PEDESTRIAN,0,99,100,100,0,100,99,1,0,1623185996599894,1623186001550043,57,43,0
52b9316d85095da7,2021.06.08.16.31.33_veh-38_01589_02072,on_pickup_dropoff,c43a1dd063305fe1,PEDESTRIAN,0,99,100,100,0,100,99,1,0,1623185996599894,1623186001550043,7,93,0
52b9316d85095da7,2021.06.08.16.31.33_veh-38_01589_02072,on_pickup_dropoff,a8060ec4d0a45110,PEDESTRIAN,0,99,100,100,0,100,99,1,0,1623185996599894,1623186001550043,0,100,0
52b9316d85095da7,2021.06.08.16.31.33_veh-38_01589_02072,on_pickup_dropoff,c5683f5ad9405d11,PEDESTRIAN,0,99,100,100,0,100,99,1,0,1623185996599894,1623186001550043,100,0,0
52b9316d85095da7,2021.06.08.16.31.33_veh-38_01589_02072,on_pickup_dropoff,b0cbf272d19a5953,PEDESTRIAN,0,99,100,100,0,100,99,1,0,1623185996599894,1623186001550043,0,100,0
52b9316d85095da7,2021.06.08.16.31.33_veh-38_01589_02072,on_pickup_dropoff,69a2f4c687f2550d,PEDESTRIAN,0,69,70,70,0,70,69,1,0,1623185996599894,1623186000049686,50,20,0
52b9316d85095da7,2021.06.08.16.31.33_veh-38_01589_02072,on_pickup_dropoff,0afd152c0a895f5f,PEDESTRIAN,0,99,100,100,0,100,99,1,0,1623185996599894,1623186001550043,0,100,0
52b9316d85095da7,2021.06.08.16.31.33_veh-38_01589_02072,on_pickup_dropoff,483f3f3c38df555d,PEDESTRIAN,0,99,100,100,0,100,99,1,0,1623185996599894,1623186001550043,0,100,0
52b9316d85095da7,2021.06.08.16.31.33_veh-38_01589_02072,on_pickup_dropoff,6e553f30d7095bca,PEDESTRIAN,0,99,100,100,0,100,99,1,0,1623185996599894,1623186001550043,100,0,0
52b9316d85095da7,2021.06.08.16.31.33_veh-38_01589_02072,on_pickup_dropoff,1904fe9a3ed655dc,PEDESTRIAN,0,99,100,100,0,100,99,1,0,1623185996599894,1623186001550043,0,100,0
52b9316d85095da7,2021.06.08.16.31.33_veh-38_01589_02072,on_pickup_dropoff,bc69a10a23fa52ad,PEDESTRIAN,0,99,100,100,0,100,99,1,0,1623185996599894,1623186001550043,0,100,0
52b9316d85095da7,2021.06.08.16.31.33_veh-38_01589_02072,on_pickup_dropoff,cdeada98fe4a5b1b,PEDESTRIAN,0,99,100,100,0,100,99,1,0,1623185996599894,1623186001550043,0,100,0
52b9316d85095da7,2021.06.08.16.31.33_veh-38_01589_02072,on_pickup_dropoff,f39635a8b71c5f31,PEDESTRIAN,0,0,1,1,0,1,0,1,0,1623185996599894,1623185996599894,1,0,0
52b9316d85095da7,2021.06.08.16.31.33_veh-38_01589_02072,on_pickup_dropoff,a2c641fb1e11553e,PEDESTRIAN,0,99,100,100,0,100,99,1,0,1623185996599894,1623186001550043,0,100,0
52b9316d85095da7,2021.06.08.16.31.33_veh-38_01589_02072,on_pickup_dropoff,e31b0bb4486152f1,PEDESTRIAN,0,19,20,20,0,20,19,1,0,1623185996599894,1623185997550118,0,20,0
52b9316d85095da7,2021.06.08.16.31.33_veh-38_01589_02072,on_pickup_dropoff,7a67624a20db5587,PEDESTRIAN,0,99,100,100,0,100,99,1,0,1623185996599894,1623186001550043,0,100,0
52b9316d85095da7,2021.06.08.16.31.33_veh-38_01589_02072,on_pickup_dropoff,f11fc96523a552b9,PEDESTRIAN,0,99,100,100,0,100,99,1,0,1623185996599894,1623186001550043,0,100,0
52b9316d85095da7,2021.06.08.16.31.33_veh-38_01589_02072,on_pickup_dropoff,e8b949c7469a5b5d,PEDESTRIAN,0,99,100,100,0,100,99,1,0,1623185996599894,1623186001550043,0,100,0
52b9316d85095da7,2021.06.08.16.31.33_veh-38_01589_02072,on_pickup_dropoff,e50e315d5e645789,PEDESTRIAN,0,99,100,100,0,100,99,1,0,1623185996599894,1623186001550043,0,100,0
52b9316d85095da7,2021.06.08.16.31.33_veh-38_01589_02072,on_pickup_dropoff,f06634ca40eb58cb,PEDESTRIAN,0,99,100,100,0,100,99,1,0,1623185996599894,1623186001550043,0,100,0
52b9316d85095da7,2021.06.08.16.31.33_veh-38_01589_02072,on_pickup_dropoff,69c74f5df292584a,PEDESTRIAN,0,99,100,100,0,100,99,1,0,1623185996599894,1623186001550043,79,21,0
52b9316d85095da7,2021.06.08.16.31.33_veh-38_01589_02072,on_pickup_dropoff,b0071db5ed7a594f,PEDESTRIAN,0,3,4,4,0,4,3,1,0,1623185996599894,1623185996749974,0,4,0
52b9316d85095da7,2021.06.08.16.31.33_veh-38_01589_02072,on_pickup_dropoff,a834d9ec16015823,PEDESTRIAN,0,99,100,100,0,100,99,1,0,1623185996599894,1623186001550043,0,100,0
52b9316d85095da7,2021.06.08.16.31.33_veh-38_01589_02072,on_pickup_dropoff,410766bfc4e454d4,PEDESTRIAN,0,99,100,100,0,100,99,1,0,1623185996599894,1623186001550043,0,100,0
52b9316d85095da7,2021.06.08.16.31.33_veh-38_01589_02072,on_pickup_dropoff,62a24f3a08355850,PEDESTRIAN,0,99,100,100,0,100,99,1,0,1623185996599894,1623186001550043,0,100,0
52b9316d85095da7,2021.06.08.16.31.33_veh-38_01589_02072,on_pickup_dropoff,4c4236597bb15f6e,PEDESTRIAN,0,96,97,97,0,97,96,1,0,1623185996599894,1623186001400115,0,97,0
52b9316d85095da7,2021.06.08.16.31.33_veh-38_01589_02072,on_pickup_dropoff,acb00acc31c15224,PEDESTRIAN,0,99,100,100,0,100,99,1,0,1623185996599894,1623186001550043,97,3,0
52b9316d85095da7,2021.06.08.16.31.33_veh-38_01589_02072,on_pickup_dropoff,671dace8e4815105,PEDESTRIAN,0,99,100,100,0,100,99,1,0,1623185996599894,1623186001550043,93,7,0
52b9316d85095da7,2021.06.08.16.31.33_veh-38_01589_02072,on_pickup_dropoff,bcc39f4e315554df,PEDESTRIAN,0,99,100,100,0,100,99,1,0,1623185996599894,1623186001550043,0,100,0
52b9316d85095da7,2021.06.08.16.31.33_veh-38_01589_02072,on_pickup_dropoff,c09f394a01d55540,PEDESTRIAN,0,99,100,100,0,100,99,1,0,1623185996599894,1623186001550043,0,100,0
52b9316d85095da7,2021.06.08.16.31.33_veh-38_01589_02072,on_pickup_dropoff,aefc02fd354b58a0,PEDESTRIAN,0,99,100,100,0,100,99,1,0,1623185996599894,1623186001550043,0,100,0
52b9316d85095da7,2021.06.08.16.31.33_veh-38_01589_02072,on_pickup_dropoff,a22e5cb3a98a5f16,PEDESTRIAN,0,99,100,100,0,100,99,1,0,1623185996599894,1623186001550043,43,57,0
52b9316d85095da7,2021.06.08.16.31.33_veh-38_01589_02072,on_pickup_dropoff,a5816ee6eeec5d92,PEDESTRIAN,0,99,100,100,0,100,99,1,0,1623185996599894,1623186001550043,0,100,0
52b9316d85095da7,2021.06.08.16.31.33_veh-38_01589_02072,on_pickup_dropoff,40626c0d86de5fb2,PEDESTRIAN,0,99,100,100,0,100,99,1,0,1623185996599894,1623186001550043,0,100,0
52b9316d85095da7,2021.06.08.16.31.33_veh-38_01589_02072,on_pickup_dropoff,746e18dd15e3570a,PEDESTRIAN,0,99,100,100,0,100,99,1,0,1623185996599894,1623186001550043,0,100,0
52b9316d85095da7,2021.06.08.16.31.33_veh-38_01589_02072,on_pickup_dropoff,44113bdceb705a4f,PEDESTRIAN,0,88,89,89,0,89,88,1,0,1623185996599894,1623186001000104,0,89,0
52b9316d85095da7,2021.06.08.16.31.33_veh-38_01589_02072,on_pickup_dropoff,967ee70e81155cf2,PEDESTRIAN,0,99,100,100,0,100,99,1,0,1623185996599894,1623186001550043,0,100,0
52b9316d85095da7,2021.06.08.16.31.33_veh-38_01589_02072,on_pickup_dropoff,8aecc242bb985c6c,PEDESTRIAN,0,99,100,100,0,100,99,1,0,1623185996599894,1623186001550043,0,100,0
52b9316d85095da7,2021.06.08.16.31.33_veh-38_01589_02072,on_pickup_dropoff,cc4bde78af605356,PEDESTRIAN,0,99,100,100,0,100,99,1,0,1623185996599894,1623186001550043,0,100,0
52b9316d85095da7,2021.06.08.16.31.33_veh-38_01589_02072,on_pickup_dropoff,40a4d3ead59c5f52,PEDESTRIAN,0,99,100,100,0,100,99,1,0,1623185996599894,1623186001550043,0,100,0
52b9316d85095da7,2021.06.08.16.31.33_veh-38_01589_02072,on_pickup_dropoff,96419c590b4a5ca8,PEDESTRIAN,0,99,100,100,0,100,99,1,0,1623185996599894,1623186001550043,0,100,0
52b9316d85095da7,2021.06.08.16.31.33_veh-38_01589_02072,on_pickup_dropoff,5ed1fa16378a5e1a,PEDESTRIAN,0,99,100,100,0,100,99,1,0,1623185996599894,1623186001550043,0,100,0
52b9316d85095da7,2021.06.08.16.31.33_veh-38_01589_02072,on_pickup_dropoff,da241d0e9fcb5597,PEDESTRIAN,0,99,100,100,0,100,99,1,0,1623185996599894,1623186001550043,0,100,0
52b9316d85095da7,2021.06.08.16.31.33_veh-38_01589_02072,on_pickup_dropoff,6b8ab357734757dc,PEDESTRIAN,0,99,100,100,0,100,99,1,0,1623185996599894,1623186001550043,0,100,0
52b9316d85095da7,2021.06.08.16.31.33_veh-38_01589_02072,on_pickup_dropoff,5c3c68c88db65603,PEDESTRIAN,0,29,30,30,0,30,29,1,0,1623185996599894,1623185998049795,30,0,0
52b9316d85095da7,2021.06.08.16.31.33_veh-38_01589_02072,on_pickup_dropoff,b299c13debfe51ce,PEDESTRIAN,0,22,23,23,0,23,22,1,0,1623185996599894,1623185997700027,0,23,0
52b9316d85095da7,2021.06.08.16.31.33_veh-38_01589_02072,on_pickup_dropoff,7393682cdbf85b05,PEDESTRIAN,0,99,100,100,0,100,99,1,0,1623185996599894,1623186001550043,0,0,100
52b9316d85095da7,2021.06.08.16.31.33_veh-38_01589_02072,on_pickup_dropoff,1d58dc4978f05cd4,PEDESTRIAN,0,99,100,100,0,100,99,1,0,1623185996599894,1623186001550043,0,100,0
52b9316d85095da7,2021.06.08.16.31.33_veh-38_01589_02072,on_pickup_dropoff,87e7b5dad5085839,PEDESTRIAN,0,17,18,18,0,18,17,1,0,1623185996599894,1623185997450164,0,0,18
52b9316d85095da7,2021.06.08.16.31.33_veh-38_01589_02072,on_pickup_dropoff,fae3ee6c229a546e,PEDESTRIAN,0,46,47,47,0,47,46,1,0,1623185996599894,1623185998899370,0,0,47
52b9316d85095da7,2021.06.08.16.31.33_veh-38_01589_02072,on_pickup_dropoff,4cfb1a4110355ca6,PEDESTRIAN,0,23,24,24,0,24,23,1,0,1623185996599894,1623185997749994,0,24,0
52b9316d85095da7,2021.06.08.16.31.33_veh-38_01589_02072,on_pickup_dropoff,da3fecde59f354cd,PEDESTRIAN,0,99,100,100,0,100,99,1,0,1623185996599894,1623186001550043,0,100,0
52b9316d85095da7,2021.06.08.16.31.33_veh-38_01589_02072,on_pickup_dropoff,19066987ab7052a7,PEDESTRIAN,0,50,51,51,0,51,50,1,0,1623185996599894,1623185999099295,0,50,1
52b9316d85095da7,2021.06.08.16.31.33_veh-38_01589_02072,on_pickup_dropoff,d0fd52608c5f5f18,PEDESTRIAN,0,32,33,33,0,33,32,1,0,1623185996599894,1623185998199709,0,0,33
52b9316d85095da7,2021.06.08.16.31.33_veh-38_01589_02072,on_pickup_dropoff,b897c6a5567558ec,TRAFFIC_CONE,0,99,100,100,0,100,99,1,0,1623185996599894,1623186001550043,0,0,100
52b9316d85095da7,2021.06.08.16.31.33_veh-38_01589_02072,on_pickup_dropoff,9a68b37cb1f25669,TRAFFIC_CONE,0,99,100,100,0,100,99,1,0,1623185996599894,1623186001550043,0,0,100
52b9316d85095da7,2021.06.08.16.31.33_veh-38_01589_02072,on_pickup_dropoff,a26ca17e8f3354c9,TRAFFIC_CONE,0,99,100,100,0,100,99,1,0,1623185996599894,1623186001550043,0,0,100
52b9316d85095da7,2021.06.08.16.31.33_veh-38_01589_02072,on_pickup_dropoff,f6a7b9f066005153,TRAFFIC_CONE,0,32,33,33,0,33,32,1,0,1623185996599894,1623185998199709,0,0,33
52b9316d85095da7,2021.06.08.16.31.33_veh-38_01589_02072,on_pickup_dropoff,d1aa4c7d054a582a,GENERIC_OBJECT,0,99,100,100,0,100,99,1,0,1623185996599894,1623186001550043,100,0,0
52b9316d85095da7,2021.06.08.16.31.33_veh-38_01589_02072,on_pickup_dropoff,38ebf05125f15ccd,GENERIC_OBJECT,0,99,100,100,0,100,99,1,0,1623185996599894,1623186001550043,100,0,0
52b9316d85095da7,2021.06.08.16.31.33_veh-38_01589_02072,on_pickup_dropoff,c9f5e57defc655a1,GENERIC_OBJECT,0,99,100,100,0,100,99,1,0,1623185996599894,1623186001550043,100,0,0
52b9316d85095da7,2021.06.08.16.31.33_veh-38_01589_02072,on_pickup_dropoff,76ec7aef2f74557d,GENERIC_OBJECT,0,99,100,100,0,100,99,1,0,1623185996599894,1623186001550043,100,0,0
52b9316d85095da7,2021.06.08.16.31.33_veh-38_01589_02072,on_pickup_dropoff,ffe7de1069775c94,GENERIC_OBJECT,0,99,100,100,0,100,99,1,0,1623185996599894,1623186001550043,100,0,0
52b9316d85095da7,2021.06.08.16.31.33_veh-38_01589_02072,on_pickup_dropoff,158294a7f3e95848,GENERIC_OBJECT,0,99,100,100,0,100,99,1,0,1623185996599894,1623186001550043,100,0,0
52b9316d85095da7,2021.06.08.16.31.33_veh-38_01589_02072,on_pickup_dropoff,cfc649e164dc5fb9,GENERIC_OBJECT,0,99,100,100,0,100,99,1,0,1623185996599894,1623186001550043,100,0,0
52b9316d85095da7,2021.06.08.16.31.33_veh-38_01589_02072,on_pickup_dropoff,9c62f425c9db5648,GENERIC_OBJECT,0,99,100,100,0,100,99,1,0,1623185996599894,1623186001550043,100,0,0
52b9316d85095da7,2021.06.08.16.31.33_veh-38_01589_02072,on_pickup_dropoff,44b8ed58295558d7,GENERIC_OBJECT,0,99,100,100,0,100,99,1,0,1623185996599894,1623186001550043,100,0,0
52b9316d85095da7,2021.06.08.16.31.33_veh-38_01589_02072,on_pickup_dropoff,e68c15896b145234,GENERIC_OBJECT,0,99,100,100,0,100,99,1,0,1623185996599894,1623186001550043,100,0,0
52b9316d85095da7,2021.06.08.16.31.33_veh-38_01589_02072,on_pickup_dropoff,a0b8c33f01d75172,GENERIC_OBJECT,0,99,100,100,0,100,99,1,0,1623185996599894,1623186001550043,100,0,0
52b9316d85095da7,2021.06.08.16.31.33_veh-38_01589_02072,on_pickup_dropoff,d19b87cbf442557a,GENERIC_OBJECT,0,99,100,100,0,100,99,1,0,1623185996599894,1623186001550043,100,0,0
52b9316d85095da7,2021.06.08.16.31.33_veh-38_01589_02072,on_pickup_dropoff,1ee8714a42785a72,GENERIC_OBJECT,0,99,100,100,0,100,99,1,0,1623185996599894,1623186001550043,100,0,0
52b9316d85095da7,2021.06.08.16.31.33_veh-38_01589_02072,on_pickup_dropoff,3e4b970dc7bc59b4,GENERIC_OBJECT,0,99,100,100,0,100,99,1,0,1623185996599894,1623186001550043,100,0,0
52b9316d85095da7,2021.06.08.16.31.33_veh-38_01589_02072,on_pickup_dropoff,ef30c94e7dbb57bc,GENERIC_OBJECT,0,89,90,90,0,90,89,1,0,1623185996599894,1623186001050121,73,17,0
52b9316d85095da7,2021.06.08.16.31.33_veh-38_01589_02072,on_pickup_dropoff,c1f26ae9f4225441,GENERIC_OBJECT,0,99,100,100,0,100,99,1,0,1623185996599894,1623186001550043,100,0,0
52b9316d85095da7,2021.06.08.16.31.33_veh-38_01589_02072,on_pickup_dropoff,3bce5edf57415ddb,GENERIC_OBJECT,0,99,100,100,0,100,99,1,0,1623185996599894,1623186001550043,100,0,0
52b9316d85095da7,2021.06.08.16.31.33_veh-38_01589_02072,on_pickup_dropoff,a7c394dc963950e1,GENERIC_OBJECT,0,33,34,34,0,34,33,1,0,1623185996599894,1623185998249682,34,0,0
52b9316d85095da7,2021.06.08.16.31.33_veh-38_01589_02072,on_pickup_dropoff,d96f493abf2e5467,GENERIC_OBJECT,0,99,100,100,0,100,99,1,0,1623185996599894,1623186001550043,44,56,0
52b9316d85095da7,2021.06.08.16.31.33_veh-38_01589_02072,on_pickup_dropoff,b3d292697b655e39,GENERIC_OBJECT,0,13,14,14,0,14,13,1,0,1623185996599894,1623185997250191,0,14,0
52b9316d85095da7,2021.06.08.16.31.33_veh-38_01589_02072,on_pickup_dropoff,c34ce87e4f475a7d,GENERIC_OBJECT,0,58,59,59,0,59,58,1,0,1623185996599894,1623185999499324,2,57,0
52b9316d85095da7,2021.06.08.16.31.33_veh-38_01589_02072,on_pickup_dropoff,8b5e93bfeaf25765,GENERIC_OBJECT,0,83,84,84,0,84,83,1,0,1623185996599894,1623186000750002,0,84,0
52b9316d85095da7,2021.06.08.16.31.33_veh-38_01589_02072,on_pickup_dropoff,c1f0a08675de5111,GENERIC_OBJECT,0,22,23,23,0,23,22,1,0,1623185996599894,1623185997700027,23,0,0
52b9316d85095da7,2021.06.08.16.31.33_veh-38_01589_02072,on_pickup_dropoff,ad95dc3add465ee7,GENERIC_OBJECT,0,17,18,18,0,18,17,1,0,1623185996599894,1623185997450164,18,0,0
52b9316d85095da7,2021.06.08.16.31.33_veh-38_01589_02072,on_pickup_dropoff,9e976467af025037,GENERIC_OBJECT,0,99,100,100,0,100,99,1,0,1623185996599894,1623186001550043,100,0,0
52b9316d85095da7,2021.06.08.16.31.33_veh-38_01589_02072,on_pickup_dropoff,dee9090d30ad52c6,GENERIC_OBJECT,0,99,100,100,0,100,99,1,0,1623185996599894,1623186001550043,100,0,0
52b9316d85095da7,2021.06.08.16.31.33_veh-38_01589_02072,on_pickup_dropoff,40d4e599535e599e,GENERIC_OBJECT,0,99,100,100,0,100,99,1,0,1623185996599894,1623186001550043,8,92,0
52b9316d85095da7,2021.06.08.16.31.33_veh-38_01589_02072,on_pickup_dropoff,b0b93f71f6255849,GENERIC_OBJECT,0,93,94,94,0,94,93,1,0,1623185996599894,1623186001250150,0,0,94
52b9316d85095da7,2021.06.08.16.31.33_veh-38_01589_02072,on_pickup_dropoff,f4255574e94c5f39,GENERIC_OBJECT,0,99,100,100,0,100,99,1,0,1623185996599894,1623186001550043,100,0,0
52b9316d85095da7,2021.06.08.16.31.33_veh-38_01589_02072,on_pickup_dropoff,24116fd6b06c57a5,GENERIC_OBJECT,0,99,100,100,0,100,99,1,0,1623185996599894,1623186001550043,0,0,100
52b9316d85095da7,2021.06.08.16.31.33_veh-38_01589_02072,on_pickup_dropoff,d4ba7b3b2c8b53f2,GENERIC_OBJECT,0,99,100,100,0,100,99,1,0,1623185996599894,1623186001550043,0,0,100
52b9316d85095da7,2021.06.08.16.31.33_veh-38_01589_02072,on_pickup_dropoff,bcc3b098f4295409,GENERIC_OBJECT,0,99,100,100,0,100,99,1,0,1623185996599894,1623186001550043,0,0,100
52b9316d85095da7,2021.06.08.16.31.33_veh-38_01589_02072,on_pickup_dropoff,7e8fc12a9e8a5816,GENERIC_OBJECT,0,99,100,100,0,100,99,1,0,1623185996599894,1623186001550043,0,0,100
52b9316d85095da7,2021.06.08.16.31.33_veh-38_01589_02072,on_pickup_dropoff,94e1fa8e08b55c08,GENERIC_OBJECT,0,99,100,100,0,100,99,1,0,1623185996599894,1623186001550043,0,0,100
52b9316d85095da7,2021.06.08.16.31.33_veh-38_01589_02072,on_pickup_dropoff,c0de041be7645568,GENERIC_OBJECT,0,99,100,100,0,100,99,1,0,1623185996599894,1623186001550043,0,0,100
52b9316d85095da7,2021.06.08.16.31.33_veh-38_01589_02072,on_pickup_dropoff,011a90fe81b750c2,GENERIC_OBJECT,0,99,100,100,0,100,99,1,0,1623185996599894,1623186001550043,0,0,100
52b9316d85095da7,2021.06.08.16.31.33_veh-38_01589_02072,on_pickup_dropoff,73b7f92d60ba5148,GENERIC_OBJECT,0,99,100,100,0,100,99,1,0,1623185996599894,1623186001550043,0,0,100
52b9316d85095da7,2021.06.08.16.31.33_veh-38_01589_02072,on_pickup_dropoff,f11ee95ebd425cef,GENERIC_OBJECT,0,99,100,100,0,100,99,1,0,1623185996599894,1623186001550043,0,0,100
52b9316d85095da7,2021.06.08.16.31.33_veh-38_01589_02072,on_pickup_dropoff,fb02b74abb4d519c,GENERIC_OBJECT,0,99,100,100,0,100,99,1,0,1623185996599894,1623186001550043,0,0,100
52b9316d85095da7,2021.06.08.16.31.33_veh-38_01589_02072,on_pickup_dropoff,c4ed5ffe798359d4,GENERIC_OBJECT,0,99,100,100,0,100,99,1,0,1623185996599894,1623186001550043,0,0,100
52b9316d85095da7,2021.06.08.16.31.33_veh-38_01589_02072,on_pickup_dropoff,8343a11241205be5,GENERIC_OBJECT,0,6,7,7,0,7,6,1,0,1623185996599894,1623185996900058,0,0,7
52b9316d85095da7,2021.06.08.16.31.33_veh-38_01589_02072,on_pickup_dropoff,44f75bf3c7875c08,GENERIC_OBJECT,0,99,100,100,0,100,99,1,0,1623185996599894,1623186001550043,0,0,100
52b9316d85095da7,2021.06.08.16.31.33_veh-38_01589_02072,on_pickup_dropoff,054ad1e63c5e5c51,GENERIC_OBJECT,0,99,100,100,0,100,99,1,0,1623185996599894,1623186001550043,0,0,100
52b9316d85095da7,2021.06.08.16.31.33_veh-38_01589_02072,on_pickup_dropoff,2a6bfb6d143f55ae,GENERIC_OBJECT,0,99,100,100,0,100,99,1,0,1623185996599894,1623186001550043,0,0,100
52b9316d85095da7,2021.06.08.16.31.33_veh-38_01589_02072,on_pickup_dropoff,2bfa5d51e36e5f1f,GENERIC_OBJECT,0,55,56,56,0,56,55,1,0,1623185996599894,1623185999349270,0,0,56
52b9316d85095da7,2021.06.08.16.31.33_veh-38_01589_02072,on_pickup_dropoff,e3e27a0e82b85d0d,GENERIC_OBJECT,0,99,100,100,0,100,99,1,0,1623185996599894,1623186001550043,0,0,100
52b9316d85095da7,2021.06.08.16.31.33_veh-38_01589_02072,on_pickup_dropoff,317e5d8421745c6f,GENERIC_OBJECT,0,8,9,9,0,9,8,1,0,1623185996599894,1623185997000113,0,0,9
52b9316d85095da7,2021.06.08.16.31.33_veh-38_01589_02072,on_pickup_dropoff,b8f93132302b535f,GENERIC_OBJECT,0,2,3,3,0,3,2,1,0,1623185996599894,1623185996699946,0,0,3
52b9316d85095da7,2021.06.08.16.31.33_veh-38_01589_02072,on_pickup_dropoff,cb079e4b6d465a0d,GENERIC_OBJECT,0,99,100,100,0,100,99,1,0,1623185996599894,1623186001550043,0,0,100
52b9316d85095da7,2021.06.08.16.31.33_veh-38_01589_02072,on_pickup_dropoff,8bf3b220cba8523f,GENERIC_OBJECT,0,99,100,100,0,100,99,1,0,1623185996599894,1623186001550043,0,0,100
52b9316d85095da7,2021.06.08.16.31.33_veh-38_01589_02072,on_pickup_dropoff,3adfe711994c5502,GENERIC_OBJECT,0,99,100,100,0,100,99,1,0,1623185996599894,1623186001550043,0,0,100
52b9316d85095da7,2021.06.08.16.31.33_veh-38_01589_02072,on_pickup_dropoff,74a63317f26052c6,GENERIC_OBJECT,0,99,100,100,0,100,99,1,0,1623185996599894,1623186001550043,0,0,100
52b9316d85095da7,2021.06.08.16.31.33_veh-38_01589_02072,on_pickup_dropoff,78ec2fbca1c05bcd,GENERIC_OBJECT,0,99,100,100,0,100,99,1,0,1623185996599894,1623186001550043,0,0,100
52b9316d85095da7,2021.06.08.16.31.33_veh-38_01589_02072,on_pickup_dropoff,b4fdff05dac65917,GENERIC_OBJECT,0,99,100,100,0,100,99,1,0,1623185996599894,1623186001550043,0,0,100
52b9316d85095da7,2021.06.08.16.31.33_veh-38_01589_02072,on_pickup_dropoff,ee1f38580a9e5f19,GENERIC_OBJECT,0,30,31,31,0,31,30,1,0,1623185996599894,1623185998099765,0,0,31
52b9316d85095da7,2021.06.08.16.31.33_veh-38_01589_02072,on_pickup_dropoff,d095c03011495983,GENERIC_OBJECT,0,99,100,100,0,100,99,1,0,1623185996599894,1623186001550043,0,0,100
52b9316d85095da7,2021.06.08.16.31.33_veh-38_01589_02072,on_pickup_dropoff,32b3154e3e19543b,GENERIC_OBJECT,0,25,26,26,0,26,25,1,0,1623185996599894,1623185997849928,0,0,26
52b9316d85095da7,2021.06.08.16.31.33_veh-38_01589_02072,on_pickup_dropoff,4effea53d850588a,GENERIC_OBJECT,0,88,89,89,0,89,88,1,0,1623185996599894,1623186001000104,0,0,89
52b9316d85095da7,2021.06.08.16.31.33_veh-38_01589_02072,on_pickup_dropoff,0827abb69b475b2f,GENERIC_OBJECT,0,57,58,58,0,58,57,1,0,1623185996599894,1623185999449302,0,0,58
52b9316d85095da7,2021.06.08.16.31.33_veh-38_01589_02072,on_pickup_dropoff,91d782e7a8115031,GENERIC_OBJECT,0,99,100,100,0,100,99,1,0,1623185996599894,1623186001550043,0,0,100
52b9316d85095da7,2021.06.08.16.31.33_veh-38_01589_02072,on_pickup_dropoff,687bc1be4b5b5f93,GENERIC_OBJECT,0,99,100,100,0,100,99,1,0,1623185996599894,1623186001550043,0,0,100
52b9316d85095da7,2021.06.08.16.31.33_veh-38_01589_02072,on_pickup_dropoff,40cbf84783425c9f,GENERIC_OBJECT,0,99,100,100,0,100,99,1,0,1623185996599894,1623186001550043,0,0,100
52b9316d85095da7,2021.06.08.16.31.33_veh-38_01589_02072,on_pickup_dropoff,cd782710f7c556b3,GENERIC_OBJECT,0,99,100,100,0,100,99,1,0,1623185996599894,1623186001550043,100,0,0
52b9316d85095da7,2021.06.08.16.31.33_veh-38_01589_02072,on_pickup_dropoff,1aaf7576889f5c18,GENERIC_OBJECT,0,99,100,100,0,100,99,1,0,1623185996599894,1623186001550043,0,100,0
52b9316d85095da7,2021.06.08.16.31.33_veh-38_01589_02072,on_pickup_dropoff,1326a00bb5e15f95,GENERIC_OBJECT,0,99,100,100,0,100,99,1,0,1623185996599894,1623186001550043,0,0,100
52b9316d85095da7,2021.06.08.16.31.33_veh-38_01589_02072,on_pickup_dropoff,b8e586d9787e5713,GENERIC_OBJECT,0,39,40,40,0,40,39,1,0,1623185996599894,1623185998549526,40,0,0
52b9316d85095da7,2021.06.08.16.31.33_veh-38_01589_02072,on_pickup_dropoff,54081270cb4b5b6f,GENERIC_OBJECT,0,99,100,100,0,100,99,1,0,1623185996599894,1623186001550043,0,0,100
52b9316d85095da7,2021.06.08.16.31.33_veh-38_01589_02072,on_pickup_dropoff,a7c21761ef535c4f,GENERIC_OBJECT,0,99,100,100,0,100,99,1,0,1623185996599894,1623186001550043,93,7,0
52b9316d85095da7,2021.06.08.16.31.33_veh-38_01589_02072,on_pickup_dropoff,f4f3caef51b75742,GENERIC_OBJECT,0,99,100,100,0,100,99,1,0,1623185996599894,1623186001550043,100,0,0
52b9316d85095da7,2021.06.08.16.31.33_veh-38_01589_02072,on_pickup_dropoff,56ed4247a5e654d0,GENERIC_OBJECT,0,99,100,100,0,100,99,1,0,1623185996599894,1623186001550043,100,0,0
52b9316d85095da7,2021.06.08.16.31.33_veh-38_01589_02072,on_pickup_dropoff,6d1651609956518c,GENERIC_OBJECT,0,99,100,100,0,100,99,1,0,1623185996599894,1623186001550043,0,0,100
52b9316d85095da7,2021.06.08.16.31.33_veh-38_01589_02072,on_pickup_dropoff,c43c0bda4cca5838,GENERIC_OBJECT,0,99,100,100,0,100,99,1,0,1623185996599894,1623186001550043,0,0,100
52b9316d85095da7,2021.06.08.16.31.33_veh-38_01589_02072,on_pickup_dropoff,e54469504cf455a2,GENERIC_OBJECT,0,99,100,100,0,100,99,1,0,1623185996599894,1623186001550043,0,0,100
52b9316d85095da7,2021.06.08.16.31.33_veh-38_01589_02072,on_pickup_dropoff,51ddfa1baa0851fd,GENERIC_OBJECT,0,99,100,100,0,100,99,1,0,1623185996599894,1623186001550043,0,0,100
52b9316d85095da7,2021.06.08.16.31.33_veh-38_01589_02072,on_pickup_dropoff,27b15cfa66c452bd,GENERIC_OBJECT,0,99,100,100,0,100,99,1,0,1623185996599894,1623186001550043,0,0,100
52b9316d85095da7,2021.06.08.16.31.33_veh-38_01589_02072,on_pickup_dropoff,bc06525802805385,GENERIC_OBJECT,0,99,100,100,0,100,99,1,0,1623185996599894,1623186001550043,0,0,100
52b9316d85095da7,2021.06.08.16.31.33_veh-38_01589_02072,on_pickup_dropoff,371b328123df517f,GENERIC_OBJECT,0,99,100,100,0,100,99,1,0,1623185996599894,1623186001550043,0,0,100
52b9316d85095da7,2021.06.08.16.31.33_veh-38_01589_02072,on_pickup_dropoff,5c2f0402c2aa5a31,GENERIC_OBJECT,0,99,100,100,0,100,99,1,0,1623185996599894,1623186001550043,0,0,100
52b9316d85095da7,2021.06.08.16.31.33_veh-38_01589_02072,on_pickup_dropoff,5ae207d5bbc45bb5,GENERIC_OBJECT,0,99,100,100,0,100,99,1,0,1623185996599894,1623186001550043,0,0,100
52b9316d85095da7,2021.06.08.16.31.33_veh-38_01589_02072,on_pickup_dropoff,c58d448e30275cf0,GENERIC_OBJECT,0,99,100,100,0,100,99,1,0,1623185996599894,1623186001550043,0,0,100
52b9316d85095da7,2021.06.08.16.31.33_veh-38_01589_02072,on_pickup_dropoff,1fc645fbaa905852,GENERIC_OBJECT,0,99,100,100,0,100,99,1,0,1623185996599894,1623186001550043,0,0,100
52b9316d85095da7,2021.06.08.16.31.33_veh-38_01589_02072,on_pickup_dropoff,7432d2c744565123,GENERIC_OBJECT,0,99,100,100,0,100,99,1,0,1623185996599894,1623186001550043,0,0,100
52b9316d85095da7,2021.06.08.16.31.33_veh-38_01589_02072,on_pickup_dropoff,3d5de182d80d5349,GENERIC_OBJECT,0,99,100,100,0,100,99,1,0,1623185996599894,1623186001550043,0,0,100
52b9316d85095da7,2021.06.08.16.31.33_veh-38_01589_02072,on_pickup_dropoff,4ede0ea70d605158,GENERIC_OBJECT,0,99,100,100,0,100,99,1,0,1623185996599894,1623186001550043,0,0,100
52b9316d85095da7,2021.06.08.16.31.33_veh-38_01589_02072,on_pickup_dropoff,1f903df83a2d5453,GENERIC_OBJECT,0,99,100,100,0,100,99,1,0,1623185996599894,1623186001550043,0,0,100
52b9316d85095da7,2021.06.08.16.31.33_veh-38_01589_02072,on_pickup_dropoff,c62a3fc6538a5502,GENERIC_OBJECT,0,99,100,100,0,100,99,1,0,1623185996599894,1623186001550043,0,0,100
52b9316d85095da7,2021.06.08.16.31.33_veh-38_01589_02072,on_pickup_dropoff,9b3ebba5b64f5fca,GENERIC_OBJECT,0,99,100,100,0,100,99,1,0,1623185996599894,1623186001550043,0,0,100
52b9316d85095da7,2021.06.08.16.31.33_veh-38_01589_02072,on_pickup_dropoff,2e60f3e385ae58be,GENERIC_OBJECT,0,99,100,100,0,100,99,1,0,1623185996599894,1623186001550043,0,0,100
52b9316d85095da7,2021.06.08.16.31.33_veh-38_01589_02072,on_pickup_dropoff,43f1976686a45def,GENERIC_OBJECT,0,99,100,100,0,100,99,1,0,1623185996599894,1623186001550043,0,0,100
52b9316d85095da7,2021.06.08.16.31.33_veh-38_01589_02072,on_pickup_dropoff,10edbd0ca9f05adc,GENERIC_OBJECT,0,99,100,100,0,100,99,1,0,1623185996599894,1623186001550043,0,0,100
52b9316d85095da7,2021.06.08.16.31.33_veh-38_01589_02072,on_pickup_dropoff,895d1d520f5957f3,GENERIC_OBJECT,0,99,100,100,0,100,99,1,0,1623185996599894,1623186001550043,0,0,100
52b9316d85095da7,2021.06.08.16.31.33_veh-38_01589_02072,on_pickup_dropoff,5f987abb51b15997,GENERIC_OBJECT,0,13,14,14,0,14,13,1,0,1623185996599894,1623185997250191,14,0,0
52b9316d85095da7,2021.06.08.16.31.33_veh-38_01589_02072,on_pickup_dropoff,35a18235e93b5cf6,GENERIC_OBJECT,0,99,100,100,0,100,99,1,0,1623185996599894,1623186001550043,0,0,100
52b9316d85095da7,2021.06.08.16.31.33_veh-38_01589_02072,on_pickup_dropoff,02f1d3e1d8785f04,GENERIC_OBJECT,0,13,14,14,0,14,13,1,0,1623185996599894,1623185997250191,0,0,14
52b9316d85095da7,2021.06.08.16.31.33_veh-38_01589_02072,on_pickup_dropoff,da0cfd22202a59e3,GENERIC_OBJECT,0,99,100,100,0,100,99,1,0,1623185996599894,1623186001550043,0,0,100
52b9316d85095da7,2021.06.08.16.31.33_veh-38_01589_02072,on_pickup_dropoff,da89f64ea37357db,GENERIC_OBJECT,0,0,1,1,0,1,0,1,0,1623185996599894,1623185996599894,0,0,1
52b9316d85095da7,2021.06.08.16.31.33_veh-38_01589_02072,on_pickup_dropoff,d12168d6bc8b536f,GENERIC_OBJECT,0,99,100,100,0,100,99,1,0,1623185996599894,1623186001550043,0,0,100
52b9316d85095da7,2021.06.08.16.31.33_veh-38_01589_02072,on_pickup_dropoff,4e9423d0de405ef8,GENERIC_OBJECT,0,99,100,100,0,100,99,1,0,1623185996599894,1623186001550043,0,0,100
52b9316d85095da7,2021.06.08.16.31.33_veh-38_01589_02072,on_pickup_dropoff,f11aec8b7f2253b7,GENERIC_OBJECT,0,67,68,68,0,68,67,1,0,1623185996599894,1623185999949618,0,0,68
52b9316d85095da7,2021.06.08.16.31.33_veh-38_01589_02072,on_pickup_dropoff,eb20fe6a8cb75d2d,GENERIC_OBJECT,0,56,57,57,0,57,56,1,0,1623185996599894,1623185999399283,0,0,57
52b9316d85095da7,2021.06.08.16.31.33_veh-38_01589_02072,on_pickup_dropoff,55848fbe5e8d58c7,GENERIC_OBJECT,0,99,100,100,0,100,99,1,0,1623185996599894,1623186001550043,0,0,100
52b9316d85095da7,2021.06.08.16.31.33_veh-38_01589_02072,on_pickup_dropoff,0a9202cb0bf95c98,GENERIC_OBJECT,0,99,100,100,0,100,99,1,0,1623185996599894,1623186001550043,0,0,100
52b9316d85095da7,2021.06.08.16.31.33_veh-38_01589_02072,on_pickup_dropoff,3e79861303dc55d6,GENERIC_OBJECT,0,99,100,100,0,100,99,1,0,1623185996599894,1623186001550043,0,0,100
52b9316d85095da7,2021.06.08.16.31.33_veh-38_01589_02072,on_pickup_dropoff,33ac1c6a22db59b7,GENERIC_OBJECT,0,99,100,100,0,100,99,1,0,1623185996599894,1623186001550043,0,0,100
52b9316d85095da7,2021.06.08.16.31.33_veh-38_01589_02072,on_pickup_dropoff,b260990893f9537c,GENERIC_OBJECT,0,21,22,22,0,22,21,1,0,1623185996599894,1623185997650058,0,0,22
52b9316d85095da7,2021.06.08.16.31.33_veh-38_01589_02072,on_pickup_dropoff,62cd1017ec245042,GENERIC_OBJECT,0,99,100,100,0,100,99,1,0,1623185996599894,1623186001550043,0,0,100
52b9316d85095da7,2021.06.08.16.31.33_veh-38_01589_02072,on_pickup_dropoff,27243b78c0955d47,GENERIC_OBJECT,0,99,100,100,0,100,99,1,0,1623185996599894,1623186001550043,0,0,100
52b9316d85095da7,2021.06.08.16.31.33_veh-38_01589_02072,on_pickup_dropoff,72f8f403562a52b4,GENERIC_OBJECT,0,99,100,100,0,100,99,1,0,1623185996599894,1623186001550043,0,0,100
52b9316d85095da7,2021.06.08.16.31.33_veh-38_01589_02072,on_pickup_dropoff,9bb2d1ef970e580e,GENERIC_OBJECT,0,99,100,100,0,100,99,1,0,1623185996599894,1623186001550043,0,0,100
52b9316d85095da7,2021.06.08.16.31.33_veh-38_01589_02072,on_pickup_dropoff,62d943c43c52519a,GENERIC_OBJECT,0,99,100,100,0,100,99,1,0,1623185996599894,1623186001550043,0,0,100
52b9316d85095da7,2021.06.08.16.31.33_veh-38_01589_02072,on_pickup_dropoff,1f62f67459d55746,GENERIC_OBJECT,0,99,100,100,0,100,99,1,0,1623185996599894,1623186001550043,0,0,100
52b9316d85095da7,2021.06.08.16.31.33_veh-38_01589_02072,on_pickup_dropoff,e2da38b7b6fa5555,GENERIC_OBJECT,0,99,100,100,0,100,99,1,0,1623185996599894,1623186001550043,0,0,100
52b9316d85095da7,2021.06.08.16.31.33_veh-38_01589_02072,on_pickup_dropoff,132b70ee0a675b7a,GENERIC_OBJECT,0,99,100,100,0,100,99,1,0,1623185996599894,1623186001550043,0,0,100
52b9316d85095da7,2021.06.08.16.31.33_veh-38_01589_02072,on_pickup_dropoff,73f9f3a4638d5eef,GENERIC_OBJECT,0,99,100,100,0,100,99,1,0,1623185996599894,1623186001550043,0,0,100
52b9316d85095da7,2021.06.08.16.31.33_veh-38_01589_02072,on_pickup_dropoff,a8609c750916514c,GENERIC_OBJECT,0,29,30,30,0,30,29,1,0,1623185996599894,1623185998049795,30,0,0
52b9316d85095da7,2021.06.08.16.31.33_veh-38_01589_02072,on_pickup_dropoff,6546cc2e41795d3b,GENERIC_OBJECT,0,99,100,100,0,100,99,1,0,1623185996599894,1623186001550043,0,0,100
52b9316d85095da7,2021.06.08.16.31.33_veh-38_01589_02072,on_pickup_dropoff,5e38c1dcd7e55dc2,GENERIC_OBJECT,0,1,2,2,0,2,1,1,0,1623185996599894,1623185996649919,2,0,0
52b9316d85095da7,2021.06.08.16.31.33_veh-38_01589_02072,on_pickup_dropoff,8a13a377dd8d5b2e,GENERIC_OBJECT,0,99,100,100,0,100,99,1,0,1623185996599894,1623186001550043,0,0,100
52b9316d85095da7,2021.06.08.16.31.33_veh-38_01589_02072,on_pickup_dropoff,b651c66ee9ce5b1e,GENERIC_OBJECT,0,99,100,100,0,100,99,1,0,1623185996599894,1623186001550043,0,0,100
52b9316d85095da7,2021.06.08.16.31.33_veh-38_01589_02072,on_pickup_dropoff,21bbeb43641e5927,GENERIC_OBJECT,0,99,100,100,0,100,99,1,0,1623185996599894,1623186001550043,0,0,100
52b9316d85095da7,2021.06.08.16.31.33_veh-38_01589_02072,on_pickup_dropoff,e100e2411f0a531d,GENERIC_OBJECT,0,99,100,100,0,100,99,1,0,1623185996599894,1623186001550043,0,0,100
52b9316d85095da7,2021.06.08.16.31.33_veh-38_01589_02072,on_pickup_dropoff,45704eef415c5d58,GENERIC_OBJECT,1,97,97,97,0,97,96,1,0,1623185996649919,1623186001450093,65,32,0
52b9316d85095da7,2021.06.08.16.31.33_veh-38_01589_02072,on_pickup_dropoff,813a9f90e5445e42,GENERIC_OBJECT,2,99,98,98,0,98,97,1,0,1623185996699946,1623186001550043,0,0,98
52b9316d85095da7,2021.06.08.16.31.33_veh-38_01589_02072,on_pickup_dropoff,1db65ad11dba5e3d,GENERIC_OBJECT,3,99,97,97,0,97,96,1,0,1623185996749974,1623186001550043,0,0,97
52b9316d85095da7,2021.06.08.16.31.33_veh-38_01589_02072,on_pickup_dropoff,36e4a532dd705843,GENERIC_OBJECT,5,99,95,95,0,95,94,1,0,1623185996850031,1623186001550043,95,0,0
52b9316d85095da7,2021.06.08.16.31.33_veh-38_01589_02072,on_pickup_dropoff,d66343b5ce53559e,GENERIC_OBJECT,5,55,51,51,0,51,50,1,0,1623185996850031,1623185999349270,0,0,51
52b9316d85095da7,2021.06.08.16.31.33_veh-38_01589_02072,on_pickup_dropoff,b7be0c693c595314,VEHICLE,9,55,47,47,0,47,46,1,0,1623185997050139,1623185999349270,0,0,47
52b9316d85095da7,2021.06.08.16.31.33_veh-38_01589_02072,on_pickup_dropoff,a457c561597258d7,PEDESTRIAN,9,85,77,77,0,77,76,1,0,1623185997050139,1623186000850043,0,0,77
52b9316d85095da7,2021.06.08.16.31.33_veh-38_01589_02072,on_pickup_dropoff,817085d199ad5fd4,PEDESTRIAN,9,99,91,91,0,91,90,1,0,1623185997050139,1623186001550043,0,91,0
52b9316d85095da7,2021.06.08.16.31.33_veh-38_01589_02072,on_pickup_dropoff,66192720eae35bde,PEDESTRIAN,10,33,24,24,0,24,23,1,0,1623185997100162,1623185998249682,0,0,24
52b9316d85095da7,2021.06.08.16.31.33_veh-38_01589_02072,on_pickup_dropoff,9416beac17df59d8,GENERIC_OBJECT,10,99,90,90,0,90,89,1,0,1623185997100162,1623186001550043,0,0,90
52b9316d85095da7,2021.06.08.16.31.33_veh-38_01589_02072,on_pickup_dropoff,48c209376bda59a7,GENERIC_OBJECT,10,99,90,90,0,90,89,1,0,1623185997100162,1623186001550043,0,0,90
52b9316d85095da7,2021.06.08.16.31.33_veh-38_01589_02072,on_pickup_dropoff,77331a7027da5baa,GENERIC_OBJECT,11,16,6,6,0,6,5,1,0,1623185997150178,1623185997400179,0,0,6
52b9316d85095da7,2021.06.08.16.31.33_veh-38_01589_02072,on_pickup_dropoff,6da02aea18c158dc,GENERIC_OBJECT,12,19,8,8,0,8,7,1,0,1623185997200187,1623185997550118,8,0,0
52b9316d85095da7,2021.06.08.16.31.33_veh-38_01589_02072,on_pickup_dropoff,bda449da0b7e5bb7,GENERIC_OBJECT,13,99,87,87,0,87,86,1,0,1623185997250191,1623186001550043,0,0,87
52b9316d85095da7,2021.06.08.16.31.33_veh-38_01589_02072,on_pickup_dropoff,afd639de1f0c5088,PEDESTRIAN,15,67,53,53,0,53,52,1,0,1623185997350188,1623185999949618,0,53,0
52b9316d85095da7,2021.06.08.16.31.33_veh-38_01589_02072,on_pickup_dropoff,9a39b73d85345dd6,VEHICLE,18,99,82,82,0,82,81,1,0,1623185997500142,1623186001550043,0,0,82
52b9316d85095da7,2021.06.08.16.31.33_veh-38_01589_02072,on_pickup_dropoff,a1fceb6d27825f99,PEDESTRIAN,19,99,81,81,0,81,80,1,0,1623185997550118,1623186001550043,0,81,0
52b9316d85095da7,2021.06.08.16.31.33_veh-38_01589_02072,on_pickup_dropoff,8f1398b641815b7e,GENERIC_OBJECT,20,99,80,80,0,80,79,1,0,1623185997600089,1623186001550043,0,0,80
52b9316d85095da7,2021.06.08.16.31.33_veh-38_01589_02072,on_pickup_dropoff,4edbd079b0015245,PEDESTRIAN,21,99,79,79,0,79,78,1,0,1623185997650058,1623186001550043,79,0,0
52b9316d85095da7,2021.06.08.16.31.33_veh-38_01589_02072,on_pickup_dropoff,dd722b4a00635e55,PEDESTRIAN,21,99,79,79,0,79,78,1,0,1623185997650058,1623186001550043,0,79,0
52b9316d85095da7,2021.06.08.16.31.33_veh-38_01589_02072,on_pickup_dropoff,d215b565d061542b,PEDESTRIAN,21,23,3,3,0,3,2,1,0,1623185997650058,1623185997749994,0,3,0
52b9316d85095da7,2021.06.08.16.31.33_veh-38_01589_02072,on_pickup_dropoff,76702f022af05158,TRAFFIC_CONE,21,23,3,3,0,3,2,1,0,1623185997650058,1623185997749994,0,0,3
52b9316d85095da7,2021.06.08.16.31.33_veh-38_01589_02072,on_pickup_dropoff,fa58beaf39b15c34,TRAFFIC_CONE,24,77,54,54,0,54,53,1,0,1623185997799961,1623186000449881,0,0,54
52b9316d85095da7,2021.06.08.16.31.33_veh-38_01589_02072,on_pickup_dropoff,1e3157cd009550fc,GENERIC_OBJECT,29,95,67,67,0,67,66,1,0,1623185998049795,1623186001350133,67,0,0
52b9316d85095da7,2021.06.08.16.31.33_veh-38_01589_02072,on_pickup_dropoff,d2ce041592a35a3d,PEDESTRIAN,31,99,69,69,0,69,68,1,0,1623185998149736,1623186001550043,0,19,50
52b9316d85095da7,2021.06.08.16.31.33_veh-38_01589_02072,on_pickup_dropoff,e97c1bc3e74f580f,PEDESTRIAN,37,99,63,63,0,63,62,1,0,1623185998449578,1623186001550043,0,63,0
52b9316d85095da7,2021.06.08.16.31.33_veh-38_01589_02072,on_pickup_dropoff,ef1e13cf4c355ece,PEDESTRIAN,40,99,60,60,0,60,59,1,0,1623185998599501,1623186001550043,0,60,0
52b9316d85095da7,2021.06.08.16.31.33_veh-38_01589_02072,on_pickup_dropoff,e2418a22c6615a78,GENERIC_OBJECT,40,78,39,39,0,39,38,1,0,1623185998599501,1623186000499901,0,0,39
52b9316d85095da7,2021.06.08.16.31.33_veh-38_01589_02072,on_pickup_dropoff,d27c2092463c5f1b,PEDESTRIAN,41,99,59,59,0,59,58,1,0,1623185998649477,1623186001550043,0,59,0
52b9316d85095da7,2021.06.08.16.31.33_veh-38_01589_02072,on_pickup_dropoff,c8110e414eaa59da,GENERIC_OBJECT,42,99,58,58,0,58,57,1,0,1623185998699454,1623186001550043,58,0,0
52b9316d85095da7,2021.06.08.16.31.33_veh-38_01589_02072,on_pickup_dropoff,e38fc03245c556c4,GENERIC_OBJECT,42,99,58,58,0,58,57,1,0,1623185998699454,1623186001550043,58,0,0
52b9316d85095da7,2021.06.08.16.31.33_veh-38_01589_02072,on_pickup_dropoff,787b5f11fdd750c8,PEDESTRIAN,44,50,7,7,0,7,6,1,0,1623185998799412,1623185999099295,0,0,7
52b9316d85095da7,2021.06.08.16.31.33_veh-38_01589_02072,on_pickup_dropoff,a50f7db59dda5533,TRAFFIC_CONE,44,99,56,56,0,56,55,1,0,1623185998799412,1623186001550043,0,0,56
52b9316d85095da7,2021.06.08.16.31.33_veh-38_01589_02072,on_pickup_dropoff,a1a42f6f9eae54ff,GENERIC_OBJECT,45,99,55,55,0,55,54,1,0,1623185998849391,1623186001550043,0,0,55
52b9316d85095da7,2021.06.08.16.31.33_veh-38_01589_02072,on_pickup_dropoff,775cf5baab795493,GENERIC_OBJECT,48,58,11,11,0,11,10,1,0,1623185998999330,1623185999499324,0,0,11
52b9316d85095da7,2021.06.08.16.31.33_veh-38_01589_02072,on_pickup_dropoff,3babd6dc67df5732,PEDESTRIAN,51,99,49,49,0,49,48,1,0,1623185999149281,1623186001550043,0,49,0
52b9316d85095da7,2021.06.08.16.31.33_veh-38_01589_02072,on_pickup_dropoff,6a0ad24e14085ce1,PEDESTRIAN,52,99,48,48,0,48,47,1,0,1623185999199270,1623186001550043,0,48,0
52b9316d85095da7,2021.06.08.16.31.33_veh-38_01589_02072,on_pickup_dropoff,e5994b94f2145339,PEDESTRIAN,53,58,6,6,0,6,5,1,0,1623185999249263,1623185999499324,0,0,6
52b9316d85095da7,2021.06.08.16.31.33_veh-38_01589_02072,on_pickup_dropoff,b649ea519c4b5f78,BICYCLE,53,55,3,3,0,3,2,1,0,1623185999249263,1623185999349270,0,0,0
52b9316d85095da7,2021.06.08.16.31.33_veh-38_01589_02072,on_pickup_dropoff,dce3db35cd9d5f16,PEDESTRIAN,54,99,46,46,0,46,45,1,0,1623185999299263,1623186001550043,0,46,0
52b9316d85095da7,2021.06.08.16.31.33_veh-38_01589_02072,on_pickup_dropoff,332979532e045d61,GENERIC_OBJECT,54,59,6,6,0,6,5,1,0,1623185999299263,1623185999549350,0,0,6
52b9316d85095da7,2021.06.08.16.31.33_veh-38_01589_02072,on_pickup_dropoff,20a5413b3e2e57d2,GENERIC_OBJECT,55,99,45,45,0,45,44,1,0,1623185999349270,1623186001550043,0,0,45
52b9316d85095da7,2021.06.08.16.31.33_veh-38_01589_02072,on_pickup_dropoff,c2909a6029705342,VEHICLE,56,99,44,44,0,44,43,1,0,1623185999399283,1623186001550043,0,0,44
52b9316d85095da7,2021.06.08.16.31.33_veh-38_01589_02072,on_pickup_dropoff,b6ba95c4b8ae5cd5,PEDESTRIAN,56,99,44,44,0,44,43,1,0,1623185999399283,1623186001550043,0,44,0
52b9316d85095da7,2021.06.08.16.31.33_veh-38_01589_02072,on_pickup_dropoff,f6614c7352835a69,PEDESTRIAN,56,99,44,44,0,44,43,1,0,1623185999399283,1623186001550043,0,0,44
52b9316d85095da7,2021.06.08.16.31.33_veh-38_01589_02072,on_pickup_dropoff,e0796bfa6f4c530d,PEDESTRIAN,56,99,44,44,0,44,43,1,0,1623185999399283,1623186001550043,0,18,26
52b9316d85095da7,2021.06.08.16.31.33_veh-38_01589_02072,on_pickup_dropoff,650be5f873505865,VEHICLE,58,99,42,42,0,42,41,1,0,1623185999499324,1623186001550043,0,0,42
52b9316d85095da7,2021.06.08.16.31.33_veh-38_01589_02072,on_pickup_dropoff,20e2d0b1b48154c3,VEHICLE,64,99,36,36,0,36,35,1,0,1623185999799508,1623186001550043,0,0,36
52b9316d85095da7,2021.06.08.16.31.33_veh-38_01589_02072,on_pickup_dropoff,1c41e662a7965e48,PEDESTRIAN,67,85,19,19,0,19,18,1,0,1623185999949618,1623186000850043,7,12,0
52b9316d85095da7,2021.06.08.16.31.33_veh-38_01589_02072,on_pickup_dropoff,a3202c990d5a5f2f,GENERIC_OBJECT,68,83,16,16,0,16,15,1,0,1623185999999654,1623186000750002,16,0,0
52b9316d85095da7,2021.06.08.16.31.33_veh-38_01589_02072,on_pickup_dropoff,081fa18e237b56aa,GENERIC_OBJECT,68,97,30,30,0,30,29,1,0,1623185999999654,1623186001450093,0,0,30
52b9316d85095da7,2021.06.08.16.31.33_veh-38_01589_02072,on_pickup_dropoff,782314d6a5c65b2a,PEDESTRIAN,70,79,10,10,0,10,9,1,0,1623186000099714,1623186000549921,0,0,10
52b9316d85095da7,2021.06.08.16.31.33_veh-38_01589_02072,on_pickup_dropoff,da6447635cbc5a47,PEDESTRIAN,74,99,26,26,0,26,25,1,0,1623186000299814,1623186001550043,0,26,0
52b9316d85095da7,2021.06.08.16.31.33_veh-38_01589_02072,on_pickup_dropoff,7eea8e1d8d0c5b14,PEDESTRIAN,75,99,25,25,0,25,24,1,0,1623186000349837,1623186001550043,0,25,0
52b9316d85095da7,2021.06.08.16.31.33_veh-38_01589_02072,on_pickup_dropoff,b37852e7d8265ad9,GENERIC_OBJECT,76,83,8,8,0,8,7,1,0,1623186000399860,1623186000750002,0,8,0
52b9316d85095da7,2021.06.08.16.31.33_veh-38_01589_02072,on_pickup_dropoff,515cc1dfdb655182,PEDESTRIAN,79,99,21,21,0,21,20,1,0,1623186000549921,1623186001550043,0,21,0
52b9316d85095da7,2021.06.08.16.31.33_veh-38_01589_02072,on_pickup_dropoff,767e0c0899a65990,PEDESTRIAN,82,99,18,18,0,18,17,1,0,1623186000699981,1623186001550043,0,0,18
52b9316d85095da7,2021.06.08.16.31.33_veh-38_01589_02072,on_pickup_dropoff,11d8f83d3335557d,GENERIC_OBJECT,82,99,18,18,0,18,17,1,0,1623186000699981,1623186001550043,18,0,0
52b9316d85095da7,2021.06.08.16.31.33_veh-38_01589_02072,on_pickup_dropoff,bc0461a87ad95095,GENERIC_OBJECT,87,99,13,13,0,13,12,1,0,1623186000950084,1623186001550043,13,0,0
52b9316d85095da7,2021.06.08.16.31.33_veh-38_01589_02072,on_pickup_dropoff,5666bd613e805aa3,GENERIC_OBJECT,88,99,12,12,0,12,11,1,0,1623186001000104,1623186001550043,12,0,0
52b9316d85095da7,2021.06.08.16.31.33_veh-38_01589_02072,on_pickup_dropoff,203bb95604a150a1,GENERIC_OBJECT,91,99,9,9,0,9,8,1,0,1623186001150143,1623186001550043,9,0,0
52b9316d85095da7,2021.06.08.16.31.33_veh-38_01589_02072,on_pickup_dropoff,d8260d0fd7855a4c,VEHICLE,92,94,3,3,0,3,2,1,0,1623186001200149,1623186001300145,0,0,3
52b9316d85095da7,2021.06.08.16.31.33_veh-38_01589_02072,on_pickup_dropoff,33613b7475e2502a,GENERIC_OBJECT,96,99,4,4,0,4,3,1,0,1623186001400115,1623186001550043,0,0,4
52b9316d85095da7,2021.06.08.16.31.33_veh-38_01589_02072,on_pickup_dropoff,85be83bd36065bd0,PEDESTRIAN,97,99,3,3,0,3,2,1,0,1623186001450093,1623186001550043,0,3,0
8a12232c4bb4511e,2021.06.08.14.36.49_veh-38_01567_02014,traversing_pickup_dropoff,39b996ad79265c53,VEHICLE,0,100,101,101,0,101,100,1,0,1623179319199854,1623179324199564,101,0,0
8a12232c4bb4511e,2021.06.08.14.36.49_veh-38_01567_02014,traversing_pickup_dropoff,1431c60e951e5c4a,VEHICLE,0,100,101,101,0,101,100,1,0,1623179319199854,1623179324199564,96,0,5
8a12232c4bb4511e,2021.06.08.14.36.49_veh-38_01567_02014,traversing_pickup_dropoff,730333dffed450fa,VEHICLE,0,100,101,101,0,101,100,1,0,1623179319199854,1623179324199564,8,0,93
8a12232c4bb4511e,2021.06.08.14.36.49_veh-38_01567_02014,traversing_pickup_dropoff,6ac620b691a8592a,VEHICLE,0,100,101,101,0,101,100,1,0,1623179319199854,1623179324199564,101,0,0
8a12232c4bb4511e,2021.06.08.14.36.49_veh-38_01567_02014,traversing_pickup_dropoff,b04e099c6dfd5315,VEHICLE,0,100,101,101,0,101,100,1,0,1623179319199854,1623179324199564,71,0,30
8a12232c4bb4511e,2021.06.08.14.36.49_veh-38_01567_02014,traversing_pickup_dropoff,e3c8746a8ce35dcc,VEHICLE,0,100,101,101,0,101,100,1,0,1623179319199854,1623179324199564,101,0,0
8a12232c4bb4511e,2021.06.08.14.36.49_veh-38_01567_02014,traversing_pickup_dropoff,3ad5272dcd995be8,VEHICLE,0,100,101,101,0,101,100,1,0,1623179319199854,1623179324199564,57,0,44
8a12232c4bb4511e,2021.06.08.14.36.49_veh-38_01567_02014,traversing_pickup_dropoff,34203f6adac658b4,VEHICLE,0,100,101,101,0,101,100,1,0,1623179319199854,1623179324199564,101,0,0
8a12232c4bb4511e,2021.06.08.14.36.49_veh-38_01567_02014,traversing_pickup_dropoff,c4a30eb0718a5205,VEHICLE,0,100,101,101,0,101,100,1,0,1623179319199854,1623179324199564,96,0,5
8a12232c4bb4511e,2021.06.08.14.36.49_veh-38_01567_02014,traversing_pickup_dropoff,3f8efc344a2f5537,VEHICLE,0,100,101,101,0,101,100,1,0,1623179319199854,1623179324199564,26,0,75
8a12232c4bb4511e,2021.06.08.14.36.49_veh-38_01567_02014,traversing_pickup_dropoff,e57308d19fc25119,VEHICLE,0,100,101,101,0,101,100,1,0,1623179319199854,1623179324199564,101,0,0
8a12232c4bb4511e,2021.06.08.14.36.49_veh-38_01567_02014,traversing_pickup_dropoff,81c422fe587f5829,VEHICLE,0,100,101,101,0,101,100,1,0,1623179319199854,1623179324199564,101,0,0
8a12232c4bb4511e,2021.06.08.14.36.49_veh-38_01567_02014,traversing_pickup_dropoff,9668c9acbe715c5b,VEHICLE,0,100,101,101,0,101,100,1,0,1623179319199854,1623179324199564,101,0,0
8a12232c4bb4511e,2021.06.08.14.36.49_veh-38_01567_02014,traversing_pickup_dropoff,261ed45ff977526d,VEHICLE,0,100,101,101,0,101,100,1,0,1623179319199854,1623179324199564,101,0,0
8a12232c4bb4511e,2021.06.08.14.36.49_veh-38_01567_02014,traversing_pickup_dropoff,3d905168477b573f,VEHICLE,0,100,101,101,0,101,100,1,0,1623179319199854,1623179324199564,101,0,0
8a12232c4bb4511e,2021.06.08.14.36.49_veh-38_01567_02014,traversing_pickup_dropoff,c3b0e7617b9c5373,VEHICLE,0,100,101,101,0,101,100,1,0,1623179319199854,1623179324199564,0,0,101
8a12232c4bb4511e,2021.06.08.14.36.49_veh-38_01567_02014,traversing_pickup_dropoff,58d31073ac5c580f,VEHICLE,0,100,101,101,0,101,100,1,0,1623179319199854,1623179324199564,101,0,0
8a12232c4bb4511e,2021.06.08.14.36.49_veh-38_01567_02014,traversing_pickup_dropoff,65b4ddf8bcd15029,VEHICLE,0,100,101,101,0,101,100,1,0,1623179319199854,1623179324199564,0,0,101
8a12232c4bb4511e,2021.06.08.14.36.49_veh-38_01567_02014,traversing_pickup_dropoff,929804bfd1395689,VEHICLE,0,100,101,101,0,101,100,1,0,1623179319199854,1623179324199564,101,0,0
8a12232c4bb4511e,2021.06.08.14.36.49_veh-38_01567_02014,traversing_pickup_dropoff,9b8b4484bb73512b,VEHICLE,0,100,101,101,0,101,100,1,0,1623179319199854,1623179324199564,0,0,101
8a12232c4bb4511e,2021.06.08.14.36.49_veh-38_01567_02014,traversing_pickup_dropoff,b4b8f0d8889b548b,VEHICLE,0,100,101,101,0,101,100,1,0,1623179319199854,1623179324199564,54,0,47
8a12232c4bb4511e,2021.06.08.14.36.49_veh-38_01567_02014,traversing_pickup_dropoff,cc0620516ead5cf3,VEHICLE,0,51,52,52,0,52,51,1,0,1623179319199854,1623179321750303,13,0,39
8a12232c4bb4511e,2021.06.08.14.36.49_veh-38_01567_02014,traversing_pickup_dropoff,379d8bdcb1275228,VEHICLE,0,100,101,101,0,101,100,1,0,1623179319199854,1623179324199564,0,0,101
8a12232c4bb4511e,2021.06.08.14.36.49_veh-38_01567_02014,traversing_pickup_dropoff,e4365240070c56b9,VEHICLE,0,67,68,68,0,68,67,1,0,1623179319199854,1623179322550522,0,0,68
8a12232c4bb4511e,2021.06.08.14.36.49_veh-38_01567_02014,traversing_pickup_dropoff,1cbdbb7397895725,VEHICLE,0,100,101,101,0,101,100,1,0,1623179319199854,1623179324199564,0,0,101
8a12232c4bb4511e,2021.06.08.14.36.49_veh-38_01567_02014,traversing_pickup_dropoff,c7758aed0ba65a58,VEHICLE,0,100,101,101,0,101,100,1,0,1623179319199854,1623179324199564,0,0,101
8a12232c4bb4511e,2021.06.08.14.36.49_veh-38_01567_02014,traversing_pickup_dropoff,9936586457275533,VEHICLE,0,73,74,74,0,74,73,1,0,1623179319199854,1623179322850348,52,0,22
8a12232c4bb4511e,2021.06.08.14.36.49_veh-38_01567_02014,traversing_pickup_dropoff,ec2b782cb84d5c22,VEHICLE,0,100,101,101,0,101,100,1,0,1623179319199854,1623179324199564,101,0,0
8a12232c4bb4511e,2021.06.08.14.36.49_veh-38_01567_02014,traversing_pickup_dropoff,2ae502c29c47563a,VEHICLE,0,100,101,101,0,101,100,1,0,1623179319199854,1623179324199564,12,0,89
8a12232c4bb4511e,2021.06.08.14.36.49_veh-38_01567_02014,traversing_pickup_dropoff,6709d9de00c156f8,VEHICLE,0,100,101,101,0,101,100,1,0,1623179319199854,1623179324199564,0,0,101
8a12232c4bb4511e,2021.06.08.14.36.49_veh-38_01567_02014,traversing_pickup_dropoff,daccf9fb7c4a55a8,VEHICLE,0,100,101,101,0,101,100,1,0,1623179319199854,1623179324199564,41,0,60
8a12232c4bb4511e,2021.06.08.14.36.49_veh-38_01567_02014,traversing_pickup_dropoff,a1c1292de3d55091,VEHICLE,0,100,101,101,0,101,100,1,0,1623179319199854,1623179324199564,0,0,101
8a12232c4bb4511e,2021.06.08.14.36.49_veh-38_01567_02014,traversing_pickup_dropoff,1d5e13e0be9259bd,VEHICLE,0,98,99,99,0,99,98,1,0,1623179319199854,1623179324099615,0,0,99
8a12232c4bb4511e,2021.06.08.14.36.49_veh-38_01567_02014,traversing_pickup_dropoff,009ab47768d95480,VEHICLE,0,100,101,101,0,101,100,1,0,1623179319199854,1623179324199564,0,0,101
8a12232c4bb4511e,2021.06.08.14.36.49_veh-38_01567_02014,traversing_pickup_dropoff,2c344fa57ee05dcd,VEHICLE,0,57,58,58,0,58,57,1,0,1623179319199854,1623179322050509,18,0,40
8a12232c4bb4511e,2021.06.08.14.36.49_veh-38_01567_02014,traversing_pickup_dropoff,c6c05d0cce725041,VEHICLE,0,100,101,101,0,101,100,1,0,1623179319199854,1623179324199564,0,0,101
8a12232c4bb4511e,2021.06.08.14.36.49_veh-38_01567_02014,traversing_pickup_dropoff,0986cedeb7cd5596,VEHICLE,0,100,101,101,0,101,100,1,0,1623179319199854,1623179324199564,0,0,101
8a12232c4bb4511e,2021.06.08.14.36.49_veh-38_01567_02014,traversing_pickup_dropoff,d07d6be73dd556ed,VEHICLE,0,5,6,6,0,6,5,1,0,1623179319199854,1623179319449750,0,0,6
8a12232c4bb4511e,2021.06.08.14.36.49_veh-38_01567_02014,traversing_pickup_dropoff,5dd566ed6aa45aa6,PEDESTRIAN,0,100,101,101,0,101,100,1,0,1623179319199854,1623179324199564,101,0,0
8a12232c4bb4511e,2021.06.08.14.36.49_veh-38_01567_02014,traversing_pickup_dropoff,e0222b611b495518,PEDESTRIAN,0,100,101,101,0,101,100,1,0,1623179319199854,1623179324199564,101,0,0
8a12232c4bb4511e,2021.06.08.14.36.49_veh-38_01567_02014,traversing_pickup_dropoff,8883c0b8bcb75ba1,PEDESTRIAN,0,100,101,101,0,101,100,1,0,1623179319199854,1623179324199564,101,0,0
8a12232c4bb4511e,2021.06.08.14.36.49_veh-38_01567_02014,traversing_pickup_dropoff,16787d40072654e4,PEDESTRIAN,0,100,101,101,0,101,100,1,0,1623179319199854,1623179324199564,101,0,0
8a12232c4bb4511e,2021.06.08.14.36.49_veh-38_01567_02014,traversing_pickup_dropoff,24caf524fadb5401,PEDESTRIAN,0,100,101,101,0,101,100,1,0,1623179319199854,1623179324199564,101,0,0
8a12232c4bb4511e,2021.06.08.14.36.49_veh-38_01567_02014,traversing_pickup_dropoff,a318052fda4b576b,PEDESTRIAN,0,100,101,101,0,101,100,1,0,1623179319199854,1623179324199564,101,0,0
8a12232c4bb4511e,2021.06.08.14.36.49_veh-38_01567_02014,traversing_pickup_dropoff,e8027b0e00e85d17,PEDESTRIAN,0,100,101,101,0,101,100,1,0,1623179319199854,1623179324199564,0,0,101
8a12232c4bb4511e,2021.06.08.14.36.49_veh-38_01567_02014,traversing_pickup_dropoff,208d606bd7315872,PEDESTRIAN,0,100,101,101,0,101,100,1,0,1623179319199854,1623179324199564,101,0,0
8a12232c4bb4511e,2021.06.08.14.36.49_veh-38_01567_02014,traversing_pickup_dropoff,0ee423f9f62958b1,PEDESTRIAN,0,100,101,101,0,101,100,1,0,1623179319199854,1623179324199564,101,0,0
8a12232c4bb4511e,2021.06.08.14.36.49_veh-38_01567_02014,traversing_pickup_dropoff,01a4352e7801507b,PEDESTRIAN,0,100,101,101,0,101,100,1,0,1623179319199854,1623179324199564,0,0,101
8a12232c4bb4511e,2021.06.08.14.36.49_veh-38_01567_02014,traversing_pickup_dropoff,12bc63147f295567,PEDESTRIAN,0,100,101,101,0,101,100,1,0,1623179319199854,1623179324199564,101,0,0
8a12232c4bb4511e,2021.06.08.14.36.49_veh-38_01567_02014,traversing_pickup_dropoff,46e454515789550d,PEDESTRIAN,0,100,101,101,0,101,100,1,0,1623179319199854,1623179324199564,101,0,0
8a12232c4bb4511e,2021.06.08.14.36.49_veh-38_01567_02014,traversing_pickup_dropoff,5ce01e1409f95f9f,PEDESTRIAN,0,100,101,101,0,101,100,1,0,1623179319199854,1623179324199564,101,0,0
8a12232c4bb4511e,2021.06.08.14.36.49_veh-38_01567_02014,traversing_pickup_dropoff,85e2af7a39605ce1,PEDESTRIAN,0,100,101,101,0,101,100,1,0,1623179319199854,1623179324199564,101,0,0
8a12232c4bb4511e,2021.06.08.14.36.49_veh-38_01567_02014,traversing_pickup_dropoff,55bf06f5c58d536f,PEDESTRIAN,0,100,101,101,0,101,100,1,0,1623179319199854,1623179324199564,95,6,0
8a12232c4bb4511e,2021.06.08.14.36.49_veh-38_01567_02014,traversing_pickup_dropoff,d9b9db7779e05ee1,PEDESTRIAN,0,100,101,101,0,101,100,1,0,1623179319199854,1623179324199564,0,5,96
8a12232c4bb4511e,2021.06.08.14.36.49_veh-38_01567_02014,traversing_pickup_dropoff,deabcb9dec3d549c,PEDESTRIAN,0,49,50,50,0,50,49,1,0,1623179319199854,1623179321650228,20,30,0
8a12232c4bb4511e,2021.06.08.14.36.49_veh-38_01567_02014,traversing_pickup_dropoff,e5707ce8550d5fe2,PEDESTRIAN,0,100,101,101,0,101,100,1,0,1623179319199854,1623179324199564,24,71,6
8a12232c4bb4511e,2021.06.08.14.36.49_veh-38_01567_02014,traversing_pickup_dropoff,3602f3e23f685cfb,PEDESTRIAN,0,100,101,101,0,101,100,1,0,1623179319199854,1623179324199564,18,69,14
8a12232c4bb4511e,2021.06.08.14.36.49_veh-38_01567_02014,traversing_pickup_dropoff,baa0d604a3535b6e,PEDESTRIAN,0,56,57,57,0,57,56,1,0,1623179319199854,1623179322000475,10,47,0
8a12232c4bb4511e,2021.06.08.14.36.49_veh-38_01567_02014,traversing_pickup_dropoff,aec3fb75590f5b80,PEDESTRIAN,0,100,101,101,0,101,100,1,0,1623179319199854,1623179324199564,0,68,33
8a12232c4bb4511e,2021.06.08.14.36.49_veh-38_01567_02014,traversing_pickup_dropoff,a194d9a353af5897,PEDESTRIAN,0,63,64,64,0,64,63,1,0,1623179319199854,1623179322350588,0,64,0
8a12232c4bb4511e,2021.06.08.14.36.49_veh-38_01567_02014,traversing_pickup_dropoff,134e2f403a2152a4,PEDESTRIAN,0,100,101,101,0,101,100,1,0,1623179319199854,1623179324199564,101,0,0
8a12232c4bb4511e,2021.06.08.14.36.49_veh-38_01567_02014,traversing_pickup_dropoff,786be85f39d95735,PEDESTRIAN,0,53,54,54,0,54,53,1,0,1623179319199854,1623179321850375,0,54,0
8a12232c4bb4511e,2021.06.08.14.36.49_veh-38_01567_02014,traversing_pickup_dropoff,d446a6bc82c0526e,PEDESTRIAN,0,64,65,65,0,65,64,1,0,1623179319199854,1623179322400576,0,65,0
8a12232c4bb4511e,2021.06.08.14.36.49_veh-38_01567_02014,traversing_pickup_dropoff,330502d1845358bd,PEDESTRIAN,0,100,101,101,0,101,100,1,0,1623179319199854,1623179324199564,101,0,0
8a12232c4bb4511e,2021.06.08.14.36.49_veh-38_01567_02014,traversing_pickup_dropoff,683eaeba681654d5,PEDESTRIAN,0,100,101,101,0,101,100,1,0,1623179319199854,1623179324199564,0,101,0
8a12232c4bb4511e,2021.06.08.14.36.49_veh-38_01567_02014,traversing_pickup_dropoff,29a4f989fd615fd8,PEDESTRIAN,0,100,101,101,0,101,100,1,0,1623179319199854,1623179324199564,0,101,0
8a12232c4bb4511e,2021.06.08.14.36.49_veh-38_01567_02014,traversing_pickup_dropoff,a33e209b31b1520c,PEDESTRIAN,0,100,101,101,0,101,100,1,0,1623179319199854,1623179324199564,101,0,0
8a12232c4bb4511e,2021.06.08.14.36.49_veh-38_01567_02014,traversing_pickup_dropoff,a13059bcf43d57a5,PEDESTRIAN,0,100,101,101,0,101,100,1,0,1623179319199854,1623179324199564,0,96,5
8a12232c4bb4511e,2021.06.08.14.36.49_veh-38_01567_02014,traversing_pickup_dropoff,55e3589eb1b75b05,PEDESTRIAN,0,100,101,101,0,101,100,1,0,1623179319199854,1623179324199564,0,0,101
8a12232c4bb4511e,2021.06.08.14.36.49_veh-38_01567_02014,traversing_pickup_dropoff,8da8102db8145fdd,PEDESTRIAN,0,100,101,101,0,101,100,1,0,1623179319199854,1623179324199564,0,97,4
8a12232c4bb4511e,2021.06.08.14.36.49_veh-38_01567_02014,traversing_pickup_dropoff,f5ed0025de3b5c0d,PEDESTRIAN,0,100,101,101,0,101,100,1,0,1623179319199854,1623179324199564,0,27,74
8a12232c4bb4511e,2021.06.08.14.36.49_veh-38_01567_02014,traversing_pickup_dropoff,ee30f5e7042754d6,PEDESTRIAN,0,100,101,101,0,101,100,1,0,1623179319199854,1623179324199564,0,0,101
8a12232c4bb4511e,2021.06.08.14.36.49_veh-38_01567_02014,traversing_pickup_dropoff,8166fcd1988b5e8f,PEDESTRIAN,0,100,101,101,0,101,100,1,0,1623179319199854,1623179324199564,0,101,0
8a12232c4bb4511e,2021.06.08.14.36.49_veh-38_01567_02014,traversing_pickup_dropoff,fcade15af8355610,PEDESTRIAN,0,100,101,101,0,101,100,1,0,1623179319199854,1623179324199564,0,0,101
8a12232c4bb4511e,2021.06.08.14.36.49_veh-38_01567_02014,traversing_pickup_dropoff,aceebe748d8958ed,PEDESTRIAN,0,100,101,101,0,101,100,1,0,1623179319199854,1623179324199564,27,74,0
8a12232c4bb4511e,2021.06.08.14.36.49_veh-38_01567_02014,traversing_pickup_dropoff,33ecf2837eb35fbd,PEDESTRIAN,0,100,101,101,0,101,100,1,0,1623179319199854,1623179324199564,0,101,0
8a12232c4bb4511e,2021.06.08.14.36.49_veh-38_01567_02014,traversing_pickup_dropoff,0af97e47740a5a9f,TRAFFIC_CONE,0,100,101,101,0,101,100,1,0,1623179319199854,1623179324199564,0,0,101
8a12232c4bb4511e,2021.06.08.14.36.49_veh-38_01567_02014,traversing_pickup_dropoff,55be267d260e5de7,TRAFFIC_CONE,0,100,101,101,0,101,100,1,0,1623179319199854,1623179324199564,0,0,101
8a12232c4bb4511e,2021.06.08.14.36.49_veh-38_01567_02014,traversing_pickup_dropoff,f1ee7b4a44375a26,TRAFFIC_CONE,0,49,50,50,0,50,49,1,0,1623179319199854,1623179321650228,0,0,50
8a12232c4bb4511e,2021.06.08.14.36.49_veh-38_01567_02014,traversing_pickup_dropoff,66f85273b3045fa1,BARRIER,0,9,10,10,0,10,9,1,0,1623179319199854,1623179319649642,0,10,0
8a12232c4bb4511e,2021.06.08.14.36.49_veh-38_01567_02014,traversing_pickup_dropoff,034a197f377950ad,GENERIC_OBJECT,0,100,101,101,0,101,100,1,0,1623179319199854,1623179324199564,101,0,0
8a12232c4bb4511e,2021.06.08.14.36.49_veh-38_01567_02014,traversing_pickup_dropoff,d6de9cb35cbf5aed,GENERIC_OBJECT,0,100,101,101,0,101,100,1,0,1623179319199854,1623179324199564,101,0,0
8a12232c4bb4511e,2021.06.08.14.36.49_veh-38_01567_02014,traversing_pickup_dropoff,8cf39be826cb57b1,GENERIC_OBJECT,0,100,101,101,0,101,100,1,0,1623179319199854,1623179324199564,101,0,0
8a12232c4bb4511e,2021.06.08.14.36.49_veh-38_01567_02014,traversing_pickup_dropoff,288c2b553df8562f,GENERIC_OBJECT,0,100,101,101,0,101,100,1,0,1623179319199854,1623179324199564,101,0,0
8a12232c4bb4511e,2021.06.08.14.36.49_veh-38_01567_02014,traversing_pickup_dropoff,fddedb840f7d5aea,GENERIC_OBJECT,0,100,101,101,0,101,100,1,0,1623179319199854,1623179324199564,101,0,0
8a12232c4bb4511e,2021.06.08.14.36.49_veh-38_01567_02014,traversing_pickup_dropoff,01791bc369355b4b,GENERIC_OBJECT,0,100,101,101,0,101,100,1,0,1623179319199854,1623179324199564,101,0,0
8a12232c4bb4511e,2021.06.08.14.36.49_veh-38_01567_02014,traversing_pickup_dropoff,13bcc5c317db5ed2,GENERIC_OBJECT,0,100,101,101,0,101,100,1,0,1623179319199854,1623179324199564,101,0,0
8a12232c4bb4511e,2021.06.08.14.36.49_veh-38_01567_02014,traversing_pickup_dropoff,d6b2e942819c5b0f,GENERIC_OBJECT,0,100,101,101,0,101,100,1,0,1623179319199854,1623179324199564,101,0,0
8a12232c4bb4511e,2021.06.08.14.36.49_veh-38_01567_02014,traversing_pickup_dropoff,e97925aa9acb5753,GENERIC_OBJECT,0,85,86,86,0,86,85,1,0,1623179319199854,1623179323450015,0,42,44
8a12232c4bb4511e,2021.06.08.14.36.49_veh-38_01567_02014,traversing_pickup_dropoff,2aa0cd42ec135b76,GENERIC_OBJECT,0,100,101,101,0,101,100,1,0,1623179319199854,1623179324199564,67,34,0
8a12232c4bb4511e,2021.06.08.14.36.49_veh-38_01567_02014,traversing_pickup_dropoff,54e5e1889f945de8,GENERIC_OBJECT,0,100,101,101,0,101,100,1,0,1623179319199854,1623179324199564,101,0,0
8a12232c4bb4511e,2021.06.08.14.36.49_veh-38_01567_02014,traversing_pickup_dropoff,3b6750ecfa53573f,GENERIC_OBJECT,0,100,101,101,0,101,100,1,0,1623179319199854,1623179324199564,45,56,0
8a12232c4bb4511e,2021.06.08.14.36.49_veh-38_01567_02014,traversing_pickup_dropoff,bb3c9adf4c7c5f4a,GENERIC_OBJECT,0,100,101,101,0,101,100,1,0,1623179319199854,1623179324199564,101,0,0
8a12232c4bb4511e,2021.06.08.14.36.49_veh-38_01567_02014,traversing_pickup_dropoff,a9f883ca0855566d,GENERIC_OBJECT,0,100,101,101,0,101,100,1,0,1623179319199854,1623179324199564,101,0,0
8a12232c4bb4511e,2021.06.08.14.36.49_veh-38_01567_02014,traversing_pickup_dropoff,9e1b271b61af5e3a,GENERIC_OBJECT,0,100,101,101,0,101,100,1,0,1623179319199854,1623179324199564,101,0,0
8a12232c4bb4511e,2021.06.08.14.36.49_veh-38_01567_02014,traversing_pickup_dropoff,929f6ce560945585,GENERIC_OBJECT,0,100,101,101,0,101,100,1,0,1623179319199854,1623179324199564,31,70,0
8a12232c4bb4511e,2021.06.08.14.36.49_veh-38_01567_02014,traversing_pickup_dropoff,645f1cad10d058d4,GENERIC_OBJECT,0,100,101,101,0,101,100,1,0,1623179319199854,1623179324199564,0,101,0
8a12232c4bb4511e,2021.06.08.14.36.49_veh-38_01567_02014,traversing_pickup_dropoff,3ac4bfb0af7a52c8,GENERIC_OBJECT,0,100,101,101,0,101,100,1,0,1623179319199854,1623179324199564,101,0,0
8a12232c4bb4511e,2021.06.08.14.36.49_veh-38_01567_02014,traversing_pickup_dropoff,ae7cb72b7df352c7,GENERIC_OBJECT,0,100,101,101,0,101,100,1,0,1623179319199854,1623179324199564,101,0,0
8a12232c4bb4511e,2021.06.08.14.36.49_veh-38_01567_02014,traversing_pickup_dropoff,520a9aeba08256ea,GENERIC_OBJECT,0,100,101,101,0,101,100,1,0,1623179319199854,1623179324199564,101,0,0
8a12232c4bb4511e,2021.06.08.14.36.49_veh-38_01567_02014,traversing_pickup_dropoff,f2f4ac777f7a59fa,GENERIC_OBJECT,0,100,101,101,0,101,100,1,0,1623179319199854,1623179324199564,101,0,0
8a12232c4bb4511e,2021.06.08.14.36.49_veh-38_01567_02014,traversing_pickup_dropoff,21bc2e627f2a5228,GENERIC_OBJECT,0,100,101,101,0,101,100,1,0,1623179319199854,1623179324199564,101,0,0
8a12232c4bb4511e,2021.06.08.14.36.49_veh-38_01567_02014,traversing_pickup_dropoff,adb077c033325b2a,GENERIC_OBJECT,0,100,101,101,0,101,100,1,0,1623179319199854,1623179324199564,0,101,0
8a12232c4bb4511e,2021.06.08.14.36.49_veh-38_01567_02014,traversing_pickup_dropoff,0199ac1394255dce,GENERIC_OBJECT,0,100,101,101,0,101,100,1,0,1623179319199854,1623179324199564,0,101,0
8a12232c4bb4511e,2021.06.08.14.36.49_veh-38_01567_02014,traversing_pickup_dropoff,19850efff8675eff,GENERIC_OBJECT,0,100,101,101,0,101,100,1,0,1623179319199854,1623179324199564,0,0,101
8a12232c4bb4511e,2021.06.08.14.36.49_veh-38_01567_02014,traversing_pickup_dropoff,856b8c7346535794,GENERIC_OBJECT,0,100,101,101,0,101,100,1,0,1623179319199854,1623179324199564,0,0,101
8a12232c4bb4511e,2021.06.08.14.36.49_veh-38_01567_02014,traversing_pickup_dropoff,84df0aecf2b6557e,GENERIC_OBJECT,0,100,101,101,0,101,100,1,0,1623179319199854,1623179324199564,0,0,101
8a12232c4bb4511e,2021.06.08.14.36.49_veh-38_01567_02014,traversing_pickup_dropoff,cd38e2fc7b205c6d,GENERIC_OBJECT,0,100,101,101,0,101,100,1,0,1623179319199854,1623179324199564,0,0,101
8a12232c4bb4511e,2021.06.08.14.36.49_veh-38_01567_02014,traversing_pickup_dropoff,5d40caaa75e95167,GENERIC_OBJECT,0,100,101,101,0,101,100,1,0,1623179319199854,1623179324199564,0,0,101
8a12232c4bb4511e,2021.06.08.14.36.49_veh-38_01567_02014,traversing_pickup_dropoff,a352a164a86d5316,GENERIC_OBJECT,0,100,101,101,0,101,100,1,0,1623179319199854,1623179324199564,0,0,101
8a12232c4bb4511e,2021.06.08.14.36.49_veh-38_01567_02014,traversing_pickup_dropoff,78ca0648007e54a0,GENERIC_OBJECT,0,100,101,101,0,101,100,1,0,1623179319199854,1623179324199564,0,0,101
8a12232c4bb4511e,2021.06.08.14.36.49_veh-38_01567_02014,traversing_pickup_dropoff,f3367b3caacc5db2,GENERIC_OBJECT,0,100,101,101,0,101,100,1,0,1623179319199854,1623179324199564,0,0,101
8a12232c4bb4511e,2021.06.08.14.36.49_veh-38_01567_02014,traversing_pickup_dropoff,da712a3e3d2c5eed,GENERIC_OBJECT,0,100,101,101,0,101,100,1,0,1623179319199854,1623179324199564,0,0,101
8a12232c4bb4511e,2021.06.08.14.36.49_veh-38_01567_02014,traversing_pickup_dropoff,549378622e6053ec,GENERIC_OBJECT,0,100,101,101,0,101,100,1,0,1623179319199854,1623179324199564,0,0,101
8a12232c4bb4511e,2021.06.08.14.36.49_veh-38_01567_02014,traversing_pickup_dropoff,f332fa66573e5bb3,GENERIC_OBJECT,0,100,101,101,0,101,100,1,0,1623179319199854,1623179324199564,0,0,101
8a12232c4bb4511e,2021.06.08.14.36.49_veh-38_01567_02014,traversing_pickup_dropoff,33e318ba786e5ea3,GENERIC_OBJECT,0,100,101,101,0,101,100,1,0,1623179319199854,1623179324199564,0,0,101
8a12232c4bb4511e,2021.06.08.14.36.49_veh-38_01567_02014,traversing_pickup_dropoff,a74d75e9cc995a9b,GENERIC_OBJECT,0,100,101,101,0,101,100,1,0,1623179319199854,1623179324199564,0,0,101
8a12232c4bb4511e,2021.06.08.14.36.49_veh-38_01567_02014,traversing_pickup_dropoff,824807163fb15288,GENERIC_OBJECT,0,67,68,68,0,68,67,1,0,1623179319199854,1623179322550522,0,0,68
8a12232c4bb4511e,2021.06.08.14.36.49_veh-38_01567_02014,traversing_pickup_dropoff,b032d899fb665f75,GENERIC_OBJECT,0,100,101,101,0,101,100,1,0,1623179319199854,1623179324199564,101,0,0
8a12232c4bb4511e,2021.06.08.14.36.49_veh-38_01567_02014,traversing_pickup_dropoff,e5e92fe0daa35bd5,GENERIC_OBJECT,0,100,101,101,0,101,100,1,0,1623179319199854,1623179324199564,0,0,101
8a12232c4bb4511e,2021.06.08.14.36.49_veh-38_01567_02014,traversing_pickup_dropoff,2f953e657c2854df,GENERIC_OBJECT,0,100,101,101,0,101,100,1,0,1623179319199854,1623179324199564,0,0,101
8a12232c4bb4511e,2021.06.08.14.36.49_veh-38_01567_02014,traversing_pickup_dropoff,853b44b836f9557d,GENERIC_OBJECT,0,100,101,101,0,101,100,1,0,1623179319199854,1623179324199564,0,0,101
8a12232c4bb4511e,2021.06.08.14.36.49_veh-38_01567_02014,traversing_pickup_dropoff,2a77dd1bb7fd54fc,GENERIC_OBJECT,0,100,101,101,0,101,100,1,0,1623179319199854,1623179324199564,0,0,101
8a12232c4bb4511e,2021.06.08.14.36.49_veh-38_01567_02014,traversing_pickup_dropoff,ac59657b58a75cb6,GENERIC_OBJECT,0,100,101,101,0,101,100,1,0,1623179319199854,1623179324199564,0,0,101
8a12232c4bb4511e,2021.06.08.14.36.49_veh-38_01567_02014,traversing_pickup_dropoff,6470a106f8b553ad,GENERIC_OBJECT,0,100,101,101,0,101,100,1,0,1623179319199854,1623179324199564,0,0,101
8a12232c4bb4511e,2021.06.08.14.36.49_veh-38_01567_02014,traversing_pickup_dropoff,553d4815015256a0,GENERIC_OBJECT,0,12,13,13,0,13,12,1,0,1623179319199854,1623179319799563,0,0,13
8a12232c4bb4511e,2021.06.08.14.36.49_veh-38_01567_02014,traversing_pickup_dropoff,507a401c9c7d5527,GENERIC_OBJECT,0,100,101,101,0,101,100,1,0,1623179319199854,1623179324199564,0,0,101
8a12232c4bb4511e,2021.06.08.14.36.49_veh-38_01567_02014,traversing_pickup_dropoff,a2ec5bdcaf5b51e9,GENERIC_OBJECT,0,100,101,101,0,101,100,1,0,1623179319199854,1623179324199564,0,0,101
8a12232c4bb4511e,2021.06.08.14.36.49_veh-38_01567_02014,traversing_pickup_dropoff,66f347b75cdb5322,GENERIC_OBJECT,0,4,5,5,0,5,4,1,0,1623179319199854,1623179319399774,0,0,5
8a12232c4bb4511e,2021.06.08.14.36.49_veh-38_01567_02014,traversing_pickup_dropoff,2803a6c38fd05752,GENERIC_OBJECT,0,100,101,101,0,101,100,1,0,1623179319199854,1623179324199564,101,0,0
8a12232c4bb4511e,2021.06.08.14.36.49_veh-38_01567_02014,traversing_pickup_dropoff,6fdab396eaaa5594,GENERIC_OBJECT,0,100,101,101,0,101,100,1,0,1623179319199854,1623179324199564,0,0,101
8a12232c4bb4511e,2021.06.08.14.36.49_veh-38_01567_02014,traversing_pickup_dropoff,497b1ab191de593e,GENERIC_OBJECT,0,100,101,101,0,101,100,1,0,1623179319199854,1623179324199564,0,0,101
8a12232c4bb4511e,2021.06.08.14.36.49_veh-38_01567_02014,traversing_pickup_dropoff,3ec760e9d6cf5758,GENERIC_OBJECT,0,100,101,101,0,101,100,1,0,1623179319199854,1623179324199564,0,0,101
8a12232c4bb4511e,2021.06.08.14.36.49_veh-38_01567_02014,traversing_pickup_dropoff,ba81cbd31331500c,GENERIC_OBJECT,0,100,101,101,0,101,100,1,0,1623179319199854,1623179324199564,0,0,101
8a12232c4bb4511e,2021.06.08.14.36.49_veh-38_01567_02014,traversing_pickup_dropoff,398dd6a8e6915fde,GENERIC_OBJECT,0,100,101,101,0,101,100,1,0,1623179319199854,1623179324199564,0,0,101
8a12232c4bb4511e,2021.06.08.14.36.49_veh-38_01567_02014,traversing_pickup_dropoff,7814654d1a175582,GENERIC_OBJECT,0,100,101,101,0,101,100,1,0,1623179319199854,1623179324199564,0,0,101
8a12232c4bb4511e,2021.06.08.14.36.49_veh-38_01567_02014,traversing_pickup_dropoff,91ad382ad159507b,GENERIC_OBJECT,0,100,101,101,0,101,100,1,0,1623179319199854,1623179324199564,0,0,101
8a12232c4bb4511e,2021.06.08.14.36.49_veh-38_01567_02014,traversing_pickup_dropoff,a084cb754cde534e,GENERIC_OBJECT,0,100,101,101,0,101,100,1,0,1623179319199854,1623179324199564,0,0,101
8a12232c4bb4511e,2021.06.08.14.36.49_veh-38_01567_02014,traversing_pickup_dropoff,9c1759012f235dea,GENERIC_OBJECT,0,100,101,101,0,101,100,1,0,1623179319199854,1623179324199564,0,0,101
8a12232c4bb4511e,2021.06.08.14.36.49_veh-38_01567_02014,traversing_pickup_dropoff,05a063d96ccf53dd,GENERIC_OBJECT,0,100,101,101,0,101,100,1,0,1623179319199854,1623179324199564,0,0,101
8a12232c4bb4511e,2021.06.08.14.36.49_veh-38_01567_02014,traversing_pickup_dropoff,a12b6077fec652e9,GENERIC_OBJECT,0,100,101,101,0,101,100,1,0,1623179319199854,1623179324199564,0,0,101
8a12232c4bb4511e,2021.06.08.14.36.49_veh-38_01567_02014,traversing_pickup_dropoff,4bd53686beb35f82,GENERIC_OBJECT,0,100,101,101,0,101,100,1,0,1623179319199854,1623179324199564,0,0,101
8a12232c4bb4511e,2021.06.08.14.36.49_veh-38_01567_02014,traversing_pickup_dropoff,d2e0a97b025c5c4e,GENERIC_OBJECT,0,100,101,101,0,101,100,1,0,1623179319199854,1623179324199564,0,0,101
8a12232c4bb4511e,2021.06.08.14.36.49_veh-38_01567_02014,traversing_pickup_dropoff,fc9ceea0c3d153bc,GENERIC_OBJECT,0,100,101,101,0,101,100,1,0,1623179319199854,1623179324199564,101,0,0
8a12232c4bb4511e,2021.06.08.14.36.49_veh-38_01567_02014,traversing_pickup_dropoff,e256b69a2d1f5460,GENERIC_OBJECT,0,100,101,101,0,101,100,1,0,1623179319199854,1623179324199564,0,0,101
8a12232c4bb4511e,2021.06.08.14.36.49_veh-38_01567_02014,traversing_pickup_dropoff,6daf1a51790157d1,GENERIC_OBJECT,0,100,101,101,0,101,100,1,0,1623179319199854,1623179324199564,101,0,0
8a12232c4bb4511e,2021.06.08.14.36.49_veh-38_01567_02014,traversing_pickup_dropoff,d076bf6e0c445b3a,GENERIC_OBJECT,0,100,101,101,0,101,100,1,0,1623179319199854,1623179324199564,101,0,0
8a12232c4bb4511e,2021.06.08.14.36.49_veh-38_01567_02014,traversing_pickup_dropoff,df7754dc4a825991,GENERIC_OBJECT,0,0,1,1,0,1,0,1,0,1623179319199854,1623179319199854,0,0,1
8a12232c4bb4511e,2021.06.08.14.36.49_veh-38_01567_02014,traversing_pickup_dropoff,ecbfe5b33150558a,GENERIC_OBJECT,0,100,101,101,0,101,100,1,0,1623179319199854,1623179324199564,0,0,101
8a12232c4bb4511e,2021.06.08.14.36.49_veh-38_01567_02014,traversing_pickup_dropoff,1edbeb79514955cf,GENERIC_OBJECT,0,100,101,101,0,101,100,1,0,1623179319199854,1623179324199564,0,0,101
8a12232c4bb4511e,2021.06.08.14.36.49_veh-38_01567_02014,traversing_pickup_dropoff,9499488b5eb65803,GENERIC_OBJECT,0,100,101,101,0,101,100,1,0,1623179319199854,1623179324199564,0,0,101
8a12232c4bb4511e,2021.06.08.14.36.49_veh-38_01567_02014,traversing_pickup_dropoff,a8001274f3285367,GENERIC_OBJECT,0,100,101,101,0,101,100,1,0,1623179319199854,1623179324199564,0,0,101
8a12232c4bb4511e,2021.06.08.14.36.49_veh-38_01567_02014,traversing_pickup_dropoff,bff23a4c63305538,GENERIC_OBJECT,0,100,101,101,0,101,100,1,0,1623179319199854,1623179324199564,0,0,101
8a12232c4bb4511e,2021.06.08.14.36.49_veh-38_01567_02014,traversing_pickup_dropoff,c9430980cfa85066,GENERIC_OBJECT,0,100,101,101,0,101,100,1,0,1623179319199854,1623179324199564,101,0,0
8a12232c4bb4511e,2021.06.08.14.36.49_veh-38_01567_02014,traversing_pickup_dropoff,19cee66478ed53ca,GENERIC_OBJECT,0,100,101,101,0,101,100,1,0,1623179319199854,1623179324199564,0,0,101
8a12232c4bb4511e,2021.06.08.14.36.49_veh-38_01567_02014,traversing_pickup_dropoff,b9365fcfde925b9f,GENERIC_OBJECT,0,100,101,101,0,101,100,1,0,1623179319199854,1623179324199564,0,101,0
8a12232c4bb4511e,2021.06.08.14.36.49_veh-38_01567_02014,traversing_pickup_dropoff,61a647ac1e8751f3,GENERIC_OBJECT,0,100,101,101,0,101,100,1,0,1623179319199854,1623179324199564,0,101,0
8a12232c4bb4511e,2021.06.08.14.36.49_veh-38_01567_02014,traversing_pickup_dropoff,1c33d2c86069573a,GENERIC_OBJECT,0,100,101,101,0,101,100,1,0,1623179319199854,1623179324199564,0,101,0
8a12232c4bb4511e,2021.06.08.14.36.49_veh-38_01567_02014,traversing_pickup_dropoff,56f425f2568d5fb8,GENERIC_OBJECT,0,100,101,101,0,101,100,1,0,1623179319199854,1623179324199564,0,101,0
8a12232c4bb4511e,2021.06.08.14.36.49_veh-38_01567_02014,traversing_pickup_dropoff,95897624dec15566,GENERIC_OBJECT,0,100,101,101,0,101,100,1,0,1623179319199854,1623179324199564,101,0,0
8a12232c4bb4511e,2021.06.08.14.36.49_veh-38_01567_02014,traversing_pickup_dropoff,f706d773dc2d5af6,GENERIC_OBJECT,0,100,101,101,0,101,100,1,0,1623179319199854,1623179324199564,0,101,0
8a12232c4bb4511e,2021.06.08.14.36.49_veh-38_01567_02014,traversing_pickup_dropoff,3af4b1b331815df8,GENERIC_OBJECT,0,100,101,101,0,101,100,1,0,1623179319199854,1623179324199564,0,0,101
8a12232c4bb4511e,2021.06.08.14.36.49_veh-38_01567_02014,traversing_pickup_dropoff,75e8ecdfeb475084,GENERIC_OBJECT,0,100,101,101,0,101,100,1,0,1623179319199854,1623179324199564,0,0,101
8a12232c4bb4511e,2021.06.08.14.36.49_veh-38_01567_02014,traversing_pickup_dropoff,63bd66752e10581c,GENERIC_OBJECT,0,13,14,14,0,14,13,1,0,1623179319199854,1623179319849536,0,0,14
8a12232c4bb4511e,2021.06.08.14.36.49_veh-38_01567_02014,traversing_pickup_dropoff,cb2d105472e0541d,GENERIC_OBJECT,0,100,101,101,0,101,100,1,0,1623179319199854,1623179324199564,0,0,101
8a12232c4bb4511e,2021.06.08.14.36.49_veh-38_01567_02014,traversing_pickup_dropoff,831dd2ad303859a2,GENERIC_OBJECT,0,100,101,101,0,101,100,1,0,1623179319199854,1623179324199564,0,0,101
8a12232c4bb4511e,2021.06.08.14.36.49_veh-38_01567_02014,traversing_pickup_dropoff,ea5b8a38ddee5de4,GENERIC_OBJECT,0,59,60,60,0,60,59,1,0,1623179319199854,1623179322150561,0,0,60
8a12232c4bb4511e,2021.06.08.14.36.49_veh-38_01567_02014,traversing_pickup_dropoff,5891d76087a35c01,GENERIC_OBJECT,0,100,101,101,0,101,100,1,0,1623179319199854,1623179324199564,0,0,101
8a12232c4bb4511e,2021.06.08.14.36.49_veh-38_01567_02014,traversing_pickup_dropoff,fb8036efee355782,GENERIC_OBJECT,0,100,101,101,0,101,100,1,0,1623179319199854,1623179324199564,0,0,101
8a12232c4bb4511e,2021.06.08.14.36.49_veh-38_01567_02014,traversing_pickup_dropoff,13940368d3135ec7,GENERIC_OBJECT,0,100,101,101,0,101,100,1,0,1623179319199854,1623179324199564,0,0,101
8a12232c4bb4511e,2021.06.08.14.36.49_veh-38_01567_02014,traversing_pickup_dropoff,2abfc1f894b1596b,GENERIC_OBJECT,0,100,101,101,0,101,100,1,0,1623179319199854,1623179324199564,0,0,101
8a12232c4bb4511e,2021.06.08.14.36.49_veh-38_01567_02014,traversing_pickup_dropoff,6f48534a29215cb8,GENERIC_OBJECT,0,100,101,101,0,101,100,1,0,1623179319199854,1623179324199564,0,101,0
8a12232c4bb4511e,2021.06.08.14.36.49_veh-38_01567_02014,traversing_pickup_dropoff,07db680067fd5143,GENERIC_OBJECT,0,100,101,101,0,101,100,1,0,1623179319199854,1623179324199564,0,0,101
8a12232c4bb4511e,2021.06.08.14.36.49_veh-38_01567_02014,traversing_pickup_dropoff,4286035b495b5f13,GENERIC_OBJECT,0,100,101,101,0,101,100,1,0,1623179319199854,1623179324199564,0,0,101
8a12232c4bb4511e,2021.06.08.14.36.49_veh-38_01567_02014,traversing_pickup_dropoff,25a422c18869552e,GENERIC_OBJECT,0,100,101,101,0,101,100,1,0,1623179319199854,1623179324199564,0,0,101
8a12232c4bb4511e,2021.06.08.14.36.49_veh-38_01567_02014,traversing_pickup_dropoff,c4b0e6b3d2f857a6,GENERIC_OBJECT,0,100,101,101,0,101,100,1,0,1623179319199854,1623179324199564,0,0,101
8a12232c4bb4511e,2021.06.08.14.36.49_veh-38_01567_02014,traversing_pickup_dropoff,1cb0d1070c8a5450,GENERIC_OBJECT,0,100,101,101,0,101,100,1,0,1623179319199854,1623179324199564,0,0,101
8a12232c4bb4511e,2021.06.08.14.36.49_veh-38_01567_02014,traversing_pickup_dropoff,30eb4ace1c655912,GENERIC_OBJECT,0,100,101,101,0,101,100,1,0,1623179319199854,1623179324199564,0,0,101
8a12232c4bb4511e,2021.06.08.14.36.49_veh-38_01567_02014,traversing_pickup_dropoff,92abed9130c5558b,GENERIC_OBJECT,0,100,101,101,0,101,100,1,0,1623179319199854,1623179324199564,0,101,0
8a12232c4bb4511e,2021.06.08.14.36.49_veh-38_01567_02014,traversing_pickup_dropoff,b4b53d17d2355a0e,GENERIC_OBJECT,0,100,101,101,0,101,100,1,0,1623179319199854,1623179324199564,0,0,101
8a12232c4bb4511e,2021.06.08.14.36.49_veh-38_01567_02014,traversing_pickup_dropoff,83ae4bf77e225ddd,GENERIC_OBJECT,0,100,101,101,0,101,100,1,0,1623179319199854,1623179324199564,0,0,101
8a12232c4bb4511e,2021.06.08.14.36.49_veh-38_01567_02014,traversing_pickup_dropoff,c649368e21815da8,GENERIC_OBJECT,0,100,101,101,0,101,100,1,0,1623179319199854,1623179324199564,0,0,101
8a12232c4bb4511e,2021.06.08.14.36.49_veh-38_01567_02014,traversing_pickup_dropoff,041f1c26420c55eb,GENERIC_OBJECT,0,100,101,101,0,101,100,1,0,1623179319199854,1623179324199564,0,0,101
8a12232c4bb4511e,2021.06.08.14.36.49_veh-38_01567_02014,traversing_pickup_dropoff,554174626f0452e4,GENERIC_OBJECT,0,100,101,101,0,101,100,1,0,1623179319199854,1623179324199564,0,0,101
8a12232c4bb4511e,2021.06.08.14.36.49_veh-38_01567_02014,traversing_pickup_dropoff,0161df678463541c,GENERIC_OBJECT,0,100,101,101,0,101,100,1,0,1623179319199854,1623179324199564,0,0,101
8a12232c4bb4511e,2021.06.08.14.36.49_veh-38_01567_02014,traversing_pickup_dropoff,b71a7508b0865303,GENERIC_OBJECT,0,100,101,101,0,101,100,1,0,1623179319199854,1623179324199564,0,0,101
8a12232c4bb4511e,2021.06.08.14.36.49_veh-38_01567_02014,traversing_pickup_dropoff,4f587d53293059f4,GENERIC_OBJECT,0,100,101,101,0,101,100,1,0,1623179319199854,1623179324199564,0,0,101
8a12232c4bb4511e,2021.06.08.14.36.49_veh-38_01567_02014,traversing_pickup_dropoff,3bdfc0474b385abc,GENERIC_OBJECT,0,100,101,101,0,101,100,1,0,1623179319199854,1623179324199564,0,0,101
8a12232c4bb4511e,2021.06.08.14.36.49_veh-38_01567_02014,traversing_pickup_dropoff,22c26e332e7a5d99,GENERIC_OBJECT,0,100,101,101,0,101,100,1,0,1623179319199854,1623179324199564,0,0,101
8a12232c4bb4511e,2021.06.08.14.36.49_veh-38_01567_02014,traversing_pickup_dropoff,355cad6c399d5feb,GENERIC_OBJECT,0,100,101,101,0,101,100,1,0,1623179319199854,1623179324199564,0,0,101
8a12232c4bb4511e,2021.06.08.14.36.49_veh-38_01567_02014,traversing_pickup_dropoff,6deba89468765965,GENERIC_OBJECT,0,100,101,101,0,101,100,1,0,1623179319199854,1623179324199564,0,0,101
8a12232c4bb4511e,2021.06.08.14.36.49_veh-38_01567_02014,traversing_pickup_dropoff,9edb1b0de2ec535f,GENERIC_OBJECT,0,100,101,101,0,101,100,1,0,1623179319199854,1623179324199564,42,59,0
8a12232c4bb4511e,2021.06.08.14.36.49_veh-38_01567_02014,traversing_pickup_dropoff,435955bac28153d7,GENERIC_OBJECT,0,100,101,101,0,101,100,1,0,1623179319199854,1623179324199564,0,0,101
8a12232c4bb4511e,2021.06.08.14.36.49_veh-38_01567_02014,traversing_pickup_dropoff,6ceb4455c9eb552b,GENERIC_OBJECT,0,100,101,101,0,101,100,1,0,1623179319199854,1623179324199564,0,101,0
8a12232c4bb4511e,2021.06.08.14.36.49_veh-38_01567_02014,traversing_pickup_dropoff,b154724540b350f9,GENERIC_OBJECT,0,100,101,101,0,101,100,1,0,1623179319199854,1623179324199564,0,101,0
8a12232c4bb4511e,2021.06.08.14.36.49_veh-38_01567_02014,traversing_pickup_dropoff,79803b261b74572f,GENERIC_OBJECT,0,100,101,101,0,101,100,1,0,1623179319199854,1623179324199564,0,101,0
8a12232c4bb4511e,2021.06.08.14.36.49_veh-38_01567_02014,traversing_pickup_dropoff,0e8690a2ac9e5ebd,GENERIC_OBJECT,0,37,38,38,0,38,37,1,0,1623179319199854,1623179321049834,38,0,0
8a12232c4bb4511e,2021.06.08.14.36.49_veh-38_01567_02014,traversing_pickup_dropoff,276c0a05d73f5f4b,GENERIC_OBJECT,0,60,61,61,0,61,60,1,0,1623179319199854,1623179322200578,0,0,61
8a12232c4bb4511e,2021.06.08.14.36.49_veh-38_01567_02014,traversing_pickup_dropoff,5a765aa9dd9554e0,GENERIC_OBJECT,0,100,101,101,0,101,100,1,0,1623179319199854,1623179324199564,101,0,0
8a12232c4bb4511e,2021.06.08.14.36.49_veh-38_01567_02014,traversing_pickup_dropoff,a69a9e1171a95b3c,GENERIC_OBJECT,0,100,101,101,0,101,100,1,0,1623179319199854,1623179324199564,0,101,0
8a12232c4bb4511e,2021.06.08.14.36.49_veh-38_01567_02014,traversing_pickup_dropoff,09799367a6d55902,GENERIC_OBJECT,0,100,101,101,0,101,100,1,0,1623179319199854,1623179324199564,0,0,101
8a12232c4bb4511e,2021.06.08.14.36.49_veh-38_01567_02014,traversing_pickup_dropoff,1bfa356bbb655bc0,GENERIC_OBJECT,0,100,101,101,0,101,100,1,0,1623179319199854,1623179324199564,0,101,0
8a12232c4bb4511e,2021.06.08.14.36.49_veh-38_01567_02014,traversing_pickup_dropoff,dd1177d91c465112,GENERIC_OBJECT,0,100,101,101,0,101,100,1,0,1623179319199854,1623179324199564,0,0,101
8a12232c4bb4511e,2021.06.08.14.36.49_veh-38_01567_02014,traversing_pickup_dropoff,3e4f80cfb7345993,GENERIC_OBJECT,0,100,101,101,0,101,100,1,0,1623179319199854,1623179324199564,4,97,0
8a12232c4bb4511e,2021.06.08.14.36.49_veh-38_01567_02014,traversing_pickup_dropoff,df421a9433a453d8,GENERIC_OBJECT,0,100,101,101,0,101,100,1,0,1623179319199854,1623179324199564,0,101,0
8a12232c4bb4511e,2021.06.08.14.36.49_veh-38_01567_02014,traversing_pickup_dropoff,fb8462b3d15e54ec,GENERIC_OBJECT,0,60,61,61,0,61,60,1,0,1623179319199854,1623179322200578,0,0,61
8a12232c4bb4511e,2021.06.08.14.36.49_veh-38_01567_02014,traversing_pickup_dropoff,6a249939b97b5047,GENERIC_OBJECT,0,100,101,101,0,101,100,1,0,1623179319199854,1623179324199564,0,101,0
8a12232c4bb4511e,2021.06.08.14.36.49_veh-38_01567_02014,traversing_pickup_dropoff,ca069bc6c7315991,GENERIC_OBJECT,0,100,101,101,0,101,100,1,0,1623179319199854,1623179324199564,0,101,0
8a12232c4bb4511e,2021.06.08.14.36.49_veh-38_01567_02014,traversing_pickup_dropoff,9c6a103f2a355454,GENERIC_OBJECT,0,17,18,18,0,18,17,1,0,1623179319199854,1623179320049439,0,0,18
8a12232c4bb4511e,2021.06.08.14.36.49_veh-38_01567_02014,traversing_pickup_dropoff,a48535d119645641,GENERIC_OBJECT,0,40,41,41,0,41,40,1,0,1623179319199854,1623179321199930,0,0,41
8a12232c4bb4511e,2021.06.08.14.36.49_veh-38_01567_02014,traversing_pickup_dropoff,e985685dc8e05e26,GENERIC_OBJECT,0,100,101,101,0,101,100,1,0,1623179319199854,1623179324199564,0,0,101
8a12232c4bb4511e,2021.06.08.14.36.49_veh-38_01567_02014,traversing_pickup_dropoff,a7e164cc13d75c52,GENERIC_OBJECT,0,100,101,101,0,101,100,1,0,1623179319199854,1623179324199564,101,0,0
8a12232c4bb4511e,2021.06.08.14.36.49_veh-38_01567_02014,traversing_pickup_dropoff,860327afc2a15e28,GENERIC_OBJECT,0,100,101,101,0,101,100,1,0,1623179319199854,1623179324199564,0,0,101
8a12232c4bb4511e,2021.06.08.14.36.49_veh-38_01567_02014,traversing_pickup_dropoff,b52b7bacc3eb57e9,GENERIC_OBJECT,0,9,10,10,0,10,9,1,0,1623179319199854,1623179319649642,0,10,0
8a12232c4bb4511e,2021.06.08.14.36.49_veh-38_01567_02014,traversing_pickup_dropoff,2ba8d1b33ddc56d4,GENERIC_OBJECT,0,19,20,20,0,20,19,1,0,1623179319199854,1623179320149404,20,0,0
8a12232c4bb4511e,2021.06.08.14.36.49_veh-38_01567_02014,traversing_pickup_dropoff,5a0185cfc1f15f5a,GENERIC_OBJECT,0,100,101,101,0,101,100,1,0,1623179319199854,1623179324199564,0,0,101
8a12232c4bb4511e,2021.06.08.14.36.49_veh-38_01567_02014,traversing_pickup_dropoff,8af2e53853875e89,GENERIC_OBJECT,0,100,101,101,0,101,100,1,0,1623179319199854,1623179324199564,0,0,101
8a12232c4bb4511e,2021.06.08.14.36.49_veh-38_01567_02014,traversing_pickup_dropoff,1bfc3642cb2654c8,GENERIC_OBJECT,0,100,101,101,0,101,100,1,0,1623179319199854,1623179324199564,34,67,0
8a12232c4bb4511e,2021.06.08.14.36.49_veh-38_01567_02014,traversing_pickup_dropoff,8855fa5b03525162,PEDESTRIAN,2,100,99,99,0,99,98,1,0,1623179319299815,1623179324199564,0,0,99
8a12232c4bb4511e,2021.06.08.14.36.49_veh-38_01567_02014,traversing_pickup_dropoff,c0583022e275542c,BICYCLE,3,6,4,4,0,4,3,1,0,1623179319349795,1623179319499724,0,0,0
8a12232c4bb4511e,2021.06.08.14.36.49_veh-38_01567_02014,traversing_pickup_dropoff,6215f724b1cb54ec,GENERIC_OBJECT,3,100,98,98,0,98,97,1,0,1623179319349795,1623179324199564,0,0,98
8a12232c4bb4511e,2021.06.08.14.36.49_veh-38_01567_02014,traversing_pickup_dropoff,a008ca0309d25e75,GENERIC_OBJECT,6,100,95,95,0,95,94,1,0,1623179319499724,1623179324199564,0,0,95
8a12232c4bb4511e,2021.06.08.14.36.49_veh-38_01567_02014,traversing_pickup_dropoff,23c3257808d759c5,GENERIC_OBJECT,6,100,95,95,0,95,94,1,0,1623179319499724,1623179324199564,58,37,0
8a12232c4bb4511e,2021.06.08.14.36.49_veh-38_01567_02014,traversing_pickup_dropoff,c3d9284bcf995c42,PEDESTRIAN,8,100,93,93,0,93,92,1,0,1623179319599668,1623179324199564,93,0,0
8a12232c4bb4511e,2021.06.08.14.36.49_veh-38_01567_02014,traversing_pickup_dropoff,24a62d371cc15f3f,PEDESTRIAN,10,31,22,22,0,22,21,1,0,1623179319699615,1623179320749635,0,22,0
8a12232c4bb4511e,2021.06.08.14.36.49_veh-38_01567_02014,traversing_pickup_dropoff,6582688137755798,PEDESTRIAN,10,68,59,59,0,59,58,1,0,1623179319699615,1623179322600500,0,0,59
8a12232c4bb4511e,2021.06.08.14.36.49_veh-38_01567_02014,traversing_pickup_dropoff,7636287504c5573c,PEDESTRIAN,11,88,78,78,0,78,77,1,0,1623179319749590,1623179323599924,0,11,67
8a12232c4bb4511e,2021.06.08.14.36.49_veh-38_01567_02014,traversing_pickup_dropoff,7104666e23ad5fbc,PEDESTRIAN,11,100,90,90,0,90,89,1,0,1623179319749590,1623179324199564,0,0,90
8a12232c4bb4511e,2021.06.08.14.36.49_veh-38_01567_02014,traversing_pickup_dropoff,ab937df02c9a561a,PEDESTRIAN,15,100,86,86,0,86,85,1,0,1623179319949486,1623179324199564,0,0,86
8a12232c4bb4511e,2021.06.08.14.36.49_veh-38_01567_02014,traversing_pickup_dropoff,bc58acb147b85868,PEDESTRIAN,16,100,85,85,0,85,84,1,0,1623179319999462,1623179324199564,81,4,0
8a12232c4bb4511e,2021.06.08.14.36.49_veh-38_01567_02014,traversing_pickup_dropoff,36148dc085fc5bef,PEDESTRIAN,18,100,83,83,0,83,82,1,0,1623179320099418,1623179324199564,83,0,0
8a12232c4bb4511e,2021.06.08.14.36.49_veh-38_01567_02014,traversing_pickup_dropoff,b3b0197c5ad2572c,PEDESTRIAN,19,64,46,46,0,46,45,1,0,1623179320149404,1623179322400576,0,0,46
8a12232c4bb4511e,2021.06.08.14.36.49_veh-38_01567_02014,traversing_pickup_dropoff,fc402f4a4fd45f10,PEDESTRIAN,20,100,81,81,0,81,80,1,0,1623179320199397,1623179324199564,0,0,81
8a12232c4bb4511e,2021.06.08.14.36.49_veh-38_01567_02014,traversing_pickup_dropoff,4229382d74ad55c6,GENERIC_OBJECT,21,100,80,80,0,80,79,1,0,1623179320249396,1623179324199564,0,0,80
8a12232c4bb4511e,2021.06.08.14.36.49_veh-38_01567_02014,traversing_pickup_dropoff,69d014ac65aa5ba7,PEDESTRIAN,22,100,79,79,0,79,78,1,0,1623179320299400,1623179324199564,0,48,31
8a12232c4bb4511e,2021.06.08.14.36.49_veh-38_01567_02014,traversing_pickup_dropoff,132355f05a1357e6,GENERIC_OBJECT,22,100,79,79,0,79,78,1,0,1623179320299400,1623179324199564,31,48,0
8a12232c4bb4511e,2021.06.08.14.36.49_veh-38_01567_02014,traversing_pickup_dropoff,065c766ebf525007,VEHICLE,26,100,75,75,0,75,74,1,0,1623179320499465,1623179324199564,0,0,75
8a12232c4bb4511e,2021.06.08.14.36.49_veh-38_01567_02014,traversing_pickup_dropoff,49e9223938135841,PEDESTRIAN,27,100,74,74,0,74,73,1,0,1623179320549490,1623179324199564,0,74,0
8a12232c4bb4511e,2021.06.08.14.36.49_veh-38_01567_02014,traversing_pickup_dropoff,a69155aef9f45c17,GENERIC_OBJECT,28,37,10,10,0,10,9,1,0,1623179320599519,1623179321049834,10,0,0
8a12232c4bb4511e,2021.06.08.14.36.49_veh-38_01567_02014,traversing_pickup_dropoff,0258b77e502958dd,PEDESTRIAN,30,100,71,71,0,71,70,1,0,1623179320699595,1623179324199564,0,71,0
8a12232c4bb4511e,2021.06.08.14.36.49_veh-38_01567_02014,traversing_pickup_dropoff,468594149ae75f97,PEDESTRIAN,31,100,70,70,0,70,69,1,0,1623179320749635,1623179324199564,0,0,70
8a12232c4bb4511e,2021.06.08.14.36.49_veh-38_01567_02014,traversing_pickup_dropoff,e177457f5d885cd6,PEDESTRIAN,31,100,70,70,0,70,69,1,0,1623179320749635,1623179324199564,0,0,70
8a12232c4bb4511e,2021.06.08.14.36.49_veh-38_01567_02014,traversing_pickup_dropoff,3b628b8318185a8a,GENERIC_OBJECT,35,58,24,24,0,24,23,1,0,1623179320949771,1623179322100538,24,0,0
8a12232c4bb4511e,2021.06.08.14.36.49_veh-38_01567_02014,traversing_pickup_dropoff,15b24e00d42f593b,PEDESTRIAN,37,100,64,64,0,64,63,1,0,1623179321049834,1623179324199564,0,0,64
8a12232c4bb4511e,2021.06.08.14.36.49_veh-38_01567_02014,traversing_pickup_dropoff,df13427acced594b,BARRIER,37,75,39,39,0,39,38,1,0,1623179321049834,1623179322950288,0,0,39
8a12232c4bb4511e,2021.06.08.14.36.49_veh-38_01567_02014,traversing_pickup_dropoff,8700d0bb8884584c,GENERIC_OBJECT,37,100,64,64,0,64,63,1,0,1623179321049834,1623179324199564,0,0,64
8a12232c4bb4511e,2021.06.08.14.36.49_veh-38_01567_02014,traversing_pickup_dropoff,61ce917c19ec5b42,BARRIER,39,55,17,17,0,17,16,1,0,1623179321149898,1623179321950441,0,17,0
8a12232c4bb4511e,2021.06.08.14.36.49_veh-38_01567_02014,traversing_pickup_dropoff,15206dc363995f6d,PEDESTRIAN,40,100,61,61,0,61,60,1,0,1623179321199930,1623179324199564,0,0,61
8a12232c4bb4511e,2021.06.08.14.36.49_veh-38_01567_02014,traversing_pickup_dropoff,3e7351a7a710562b,GENERIC_OBJECT,41,100,60,60,0,60,59,1,0,1623179321249961,1623179324199564,0,60,0
8a12232c4bb4511e,2021.06.08.14.36.49_veh-38_01567_02014,traversing_pickup_dropoff,5610239241eb5759,VEHICLE,42,46,5,5,0,5,4,1,0,1623179321299992,1623179321500120,0,0,5
8a12232c4bb4511e,2021.06.08.14.36.49_veh-38_01567_02014,traversing_pickup_dropoff,20220b5e1aec5015,VEHICLE,42,78,37,37,0,37,36,1,0,1623179321299992,1623179323100206,0,0,37
8a12232c4bb4511e,2021.06.08.14.36.49_veh-38_01567_02014,traversing_pickup_dropoff,187526d30ca851da,PEDESTRIAN,42,58,17,17,0,17,16,1,0,1623179321299992,1623179322100538,0,0,17
8a12232c4bb4511e,2021.06.08.14.36.49_veh-38_01567_02014,traversing_pickup_dropoff,e1b89b93a54f59fb,GENERIC_OBJECT,42,100,59,59,0,59,58,1,0,1623179321299992,1623179324199564,0,0,59
8a12232c4bb4511e,2021.06.08.14.36.49_veh-38_01567_02014,traversing_pickup_dropoff,7ae36d22da0f5aa4,PEDESTRIAN,44,100,57,57,0,57,56,1,0,1623179321400053,1623179324199564,0,0,57
8a12232c4bb4511e,2021.06.08.14.36.49_veh-38_01567_02014,traversing_pickup_dropoff,b3d746f484625e52,PEDESTRIAN,45,100,56,56,0,56,55,1,0,1623179321450086,1623179324199564,0,0,56
8a12232c4bb4511e,2021.06.08.14.36.49_veh-38_01567_02014,traversing_pickup_dropoff,d6335c5f72c25f2b,GENERIC_OBJECT,45,100,56,56,0,56,55,1,0,1623179321450086,1623179324199564,0,0,56
8a12232c4bb4511e,2021.06.08.14.36.49_veh-38_01567_02014,traversing_pickup_dropoff,d9499a80b47a51ec,GENERIC_OBJECT,45,100,56,56,0,56,55,1,0,1623179321450086,1623179324199564,0,0,56
8a12232c4bb4511e,2021.06.08.14.36.49_veh-38_01567_02014,traversing_pickup_dropoff,e2afc26dbd9356de,PEDESTRIAN,46,100,55,55,0,55,54,1,0,1623179321500120,1623179324199564,0,0,55
8a12232c4bb4511e,2021.06.08.14.36.49_veh-38_01567_02014,traversing_pickup_dropoff,7b3bec4e1e835006,PEDESTRIAN,46,100,55,55,0,55,54,1,0,1623179321500120,1623179324199564,0,0,55
8a12232c4bb4511e,2021.06.08.14.36.49_veh-38_01567_02014,traversing_pickup_dropoff,9bfd2aef2cba5777,PEDESTRIAN,47,100,54,54,0,54,53,1,0,1623179321550155,1623179324199564,54,0,0
8a12232c4bb4511e,2021.06.08.14.36.49_veh-38_01567_02014,traversing_pickup_dropoff,c551a72a0eb65ce7,PEDESTRIAN,48,100,53,53,0,53,52,1,0,1623179321600191,1623179324199564,0,0,53
8a12232c4bb4511e,2021.06.08.14.36.49_veh-38_01567_02014,traversing_pickup_dropoff,5f0d59e74a775eca,PEDESTRIAN,48,100,53,53,0,53,52,1,0,1623179321600191,1623179324199564,0,0,53
8a12232c4bb4511e,2021.06.08.14.36.49_veh-38_01567_02014,traversing_pickup_dropoff,6d8159fb0bc85435,PEDESTRIAN,49,100,52,52,0,52,51,1,0,1623179321650228,1623179324199564,0,0,52
8a12232c4bb4511e,2021.06.08.14.36.49_veh-38_01567_02014,traversing_pickup_dropoff,a3ba7e18c7b05c16,PEDESTRIAN,49,100,52,52,0,52,51,1,0,1623179321650228,1623179324199564,0,0,52
8a12232c4bb4511e,2021.06.08.14.36.49_veh-38_01567_02014,traversing_pickup_dropoff,fb0351324ae0583f,PEDESTRIAN,50,100,51,51,0,51,50,1,0,1623179321700266,1623179324199564,0,0,51
8a12232c4bb4511e,2021.06.08.14.36.49_veh-38_01567_02014,traversing_pickup_dropoff,87f0fb8b42d75de4,PEDESTRIAN,50,100,51,51,0,51,50,1,0,1623179321700266,1623179324199564,0,0,51
8a12232c4bb4511e,2021.06.08.14.36.49_veh-38_01567_02014,traversing_pickup_dropoff,dd1d8b4313345eb4,GENERIC_OBJECT,50,100,51,51,0,51,50,1,0,1623179321700266,1623179324199564,0,0,51
8a12232c4bb4511e,2021.06.08.14.36.49_veh-38_01567_02014,traversing_pickup_dropoff,73930c288cb5527a,GENERIC_OBJECT,50,100,51,51,0,51,50,1,0,1623179321700266,1623179324199564,0,51,0
8a12232c4bb4511e,2021.06.08.14.36.49_veh-38_01567_02014,traversing_pickup_dropoff,d02d525e3aa550c3,BARRIER,51,79,29,29,0,29,28,1,0,1623179321750303,1623179323150180,0,0,29
8a12232c4bb4511e,2021.06.08.14.36.49_veh-38_01567_02014,traversing_pickup_dropoff,f58603df1ce35a6c,GENERIC_OBJECT,51,100,50,50,0,50,49,1,0,1623179321750303,1623179324199564,0,0,50
8a12232c4bb4511e,2021.06.08.14.36.49_veh-38_01567_02014,traversing_pickup_dropoff,d86de2eec5d8581a,GENERIC_OBJECT,51,94,44,44,0,44,43,1,0,1623179321750303,1623179323899747,0,0,44
8a12232c4bb4511e,2021.06.08.14.36.49_veh-38_01567_02014,traversing_pickup_dropoff,ffd76d0ed0325ab8,PEDESTRIAN,52,100,49,49,0,49,48,1,0,1623179321800339,1623179324199564,0,0,49
8a12232c4bb4511e,2021.06.08.14.36.49_veh-38_01567_02014,traversing_pickup_dropoff,db8c2fb18b095426,PEDESTRIAN,52,100,49,49,0,49,48,1,0,1623179321800339,1623179324199564,0,0,49
8a12232c4bb4511e,2021.06.08.14.36.49_veh-38_01567_02014,traversing_pickup_dropoff,4d29aacb6df25acf,PEDESTRIAN,53,100,48,48,0,48,47,1,0,1623179321850375,1623179324199564,0,0,48
8a12232c4bb4511e,2021.06.08.14.36.49_veh-38_01567_02014,traversing_pickup_dropoff,e6523a635a1a50c4,PEDESTRIAN,53,100,48,48,0,48,47,1,0,1623179321850375,1623179324199564,0,0,48
8a12232c4bb4511e,2021.06.08.14.36.49_veh-38_01567_02014,traversing_pickup_dropoff,b217d775a2e05d45,GENERIC_OBJECT,53,100,48,48,0,48,47,1,0,1623179321850375,1623179324199564,0,0,48
8a12232c4bb4511e,2021.06.08.14.36.49_veh-38_01567_02014,traversing_pickup_dropoff,f9bdf71d69985d25,GENERIC_OBJECT,54,100,47,47,0,47,46,1,0,1623179321900408,1623179324199564,0,0,47
8a12232c4bb4511e,2021.06.08.14.36.49_veh-38_01567_02014,traversing_pickup_dropoff,e9b88c9dd52c5fdf,GENERIC_OBJECT,54,100,47,47,0,47,46,1,0,1623179321900408,1623179324199564,0,0,47
8a12232c4bb4511e,2021.06.08.14.36.49_veh-38_01567_02014,traversing_pickup_dropoff,7eae666e6d87538d,GENERIC_OBJECT,54,94,41,41,0,41,40,1,0,1623179321900408,1623179323899747,0,0,41
8a12232c4bb4511e,2021.06.08.14.36.49_veh-38_01567_02014,traversing_pickup_dropoff,1752a5c93de45a07,PEDESTRIAN,56,88,33,33,0,33,32,1,0,1623179322000475,1623179323599924,0,0,33
8a12232c4bb4511e,2021.06.08.14.36.49_veh-38_01567_02014,traversing_pickup_dropoff,22b835b042fd5653,GENERIC_OBJECT,56,100,45,45,0,45,44,1,0,1623179322000475,1623179324199564,0,0,45
8a12232c4bb4511e,2021.06.08.14.36.49_veh-38_01567_02014,traversing_pickup_dropoff,375a24952e8f5118,PEDESTRIAN,58,100,43,43,0,43,42,1,0,1623179322100538,1623179324199564,0,0,43
8a12232c4bb4511e,2021.06.08.14.36.49_veh-38_01567_02014,traversing_pickup_dropoff,858533fc628a574f,GENERIC_OBJECT,58,100,43,43,0,43,42,1,0,1623179322100538,1623179324199564,0,0,43
8a12232c4bb4511e,2021.06.08.14.36.49_veh-38_01567_02014,traversing_pickup_dropoff,158831e8907d58e8,VEHICLE,59,100,42,42,0,42,41,1,0,1623179322150561,1623179324199564,0,0,42
8a12232c4bb4511e,2021.06.08.14.36.49_veh-38_01567_02014,traversing_pickup_dropoff,d7a307a301da57b5,PEDESTRIAN,59,100,42,42,0,42,41,1,0,1623179322150561,1623179324199564,0,0,42
8a12232c4bb4511e,2021.06.08.14.36.49_veh-38_01567_02014,traversing_pickup_dropoff,c2f0e277f49854e8,GENERIC_OBJECT,59,100,42,42,0,42,41,1,0,1623179322150561,1623179324199564,0,0,42
8a12232c4bb4511e,2021.06.08.14.36.49_veh-38_01567_02014,traversing_pickup_dropoff,3939e2ea73da522a,GENERIC_OBJECT,59,100,42,42,0,42,41,1,0,1623179322150561,1623179324199564,0,0,42
8a12232c4bb4511e,2021.06.08.14.36.49_veh-38_01567_02014,traversing_pickup_dropoff,7b57cc898cb45078,GENERIC_OBJECT,59,100,42,42,0,42,41,1,0,1623179322150561,1623179324199564,0,0,42
8a12232c4bb4511e,2021.06.08.14.36.49_veh-38_01567_02014,traversing_pickup_dropoff,ca2b0507ece450f0,PEDESTRIAN,60,100,41,41,0,41,40,1,0,1623179322200578,1623179324199564,0,0,41
8a12232c4bb4511e,2021.06.08.14.36.49_veh-38_01567_02014,traversing_pickup_dropoff,3785cacded3b5894,PEDESTRIAN,60,100,41,41,0,41,40,1,0,1623179322200578,1623179324199564,0,0,41
8a12232c4bb4511e,2021.06.08.14.36.49_veh-38_01567_02014,traversing_pickup_dropoff,9c827bbfc1a95d6b,PEDESTRIAN,60,100,41,41,0,41,40,1,0,1623179322200578,1623179324199564,0,0,41
8a12232c4bb4511e,2021.06.08.14.36.49_veh-38_01567_02014,traversing_pickup_dropoff,92e63a154b095308,PEDESTRIAN,61,100,40,40,0,40,39,1,0,1623179322250589,1623179324199564,0,0,40
8a12232c4bb4511e,2021.06.08.14.36.49_veh-38_01567_02014,traversing_pickup_dropoff,ff3c627cefbc56c3,PEDESTRIAN,61,100,40,40,0,40,39,1,0,1623179322250589,1623179324199564,0,0,40
8a12232c4bb4511e,2021.06.08.14.36.49_veh-38_01567_02014,traversing_pickup_dropoff,cea5f24327f653d2,PEDESTRIAN,61,92,32,32,0,32,31,1,0,1623179322250589,1623179323799814,0,0,32
8a12232c4bb4511e,2021.06.08.14.36.49_veh-38_01567_02014,traversing_pickup_dropoff,75a3a03964375157,PEDESTRIAN,62,100,39,39,0,39,38,1,0,1623179322300592,1623179324199564,0,0,39
8a12232c4bb4511e,2021.06.08.14.36.49_veh-38_01567_02014,traversing_pickup_dropoff,e1d3a82f367d54e7,GENERIC_OBJECT,62,100,39,39,0,39,38,1,0,1623179322300592,1623179324199564,0,0,39
8a12232c4bb4511e,2021.06.08.14.36.49_veh-38_01567_02014,traversing_pickup_dropoff,9f72f3f63d1a5189,GENERIC_OBJECT,62,100,39,39,0,39,38,1,0,1623179322300592,1623179324199564,0,0,39
8a12232c4bb4511e,2021.06.08.14.36.49_veh-38_01567_02014,traversing_pickup_dropoff,d0a658fee90e58e8,GENERIC_OBJECT,62,100,39,39,0,39,38,1,0,1623179322300592,1623179324199564,0,0,39
8a12232c4bb4511e,2021.06.08.14.36.49_veh-38_01567_02014,traversing_pickup_dropoff,c6abc80d85fb5d59,VEHICLE,64,100,37,37,0,37,36,1,0,1623179322400576,1623179324199564,0,0,37
8a12232c4bb4511e,2021.06.08.14.36.49_veh-38_01567_02014,traversing_pickup_dropoff,045b3b6f3ecd53a5,GENERIC_OBJECT,64,100,37,37,0,37,36,1,0,1623179322400576,1623179324199564,0,0,37
8a12232c4bb4511e,2021.06.08.14.36.49_veh-38_01567_02014,traversing_pickup_dropoff,ca9fb4f87e035734,PEDESTRIAN,67,100,34,34,0,34,33,1,0,1623179322550522,1623179324199564,0,0,34
8a12232c4bb4511e,2021.06.08.14.36.49_veh-38_01567_02014,traversing_pickup_dropoff,65dcdd7aa51d53e1,PEDESTRIAN,69,78,10,10,0,10,9,1,0,1623179322650475,1623179323100206,0,0,10
8a12232c4bb4511e,2021.06.08.14.36.49_veh-38_01567_02014,traversing_pickup_dropoff,8068c68e9709559a,PEDESTRIAN,70,100,31,31,0,31,30,1,0,1623179322700446,1623179324199564,0,0,31
8a12232c4bb4511e,2021.06.08.14.36.49_veh-38_01567_02014,traversing_pickup_dropoff,c2b1f251a6fb509f,PEDESTRIAN,71,74,4,4,0,4,3,1,0,1623179322750413,1623179322900317,0,0,4
8a12232c4bb4511e,2021.06.08.14.36.49_veh-38_01567_02014,traversing_pickup_dropoff,a421587e44a05d75,PEDESTRIAN,71,100,30,30,0,30,29,1,0,1623179322750413,1623179324199564,0,0,30
8a12232c4bb4511e,2021.06.08.14.36.49_veh-38_01567_02014,traversing_pickup_dropoff,dd998488dcf05ad1,PEDESTRIAN,72,100,29,29,0,29,28,1,0,1623179322800381,1623179324199564,0,0,29
8a12232c4bb4511e,2021.06.08.14.36.49_veh-38_01567_02014,traversing_pickup_dropoff,5d791bb53c56580f,GENERIC_OBJECT,72,100,29,29,0,29,28,1,0,1623179322800381,1623179324199564,0,0,29
8a12232c4bb4511e,2021.06.08.14.36.49_veh-38_01567_02014,traversing_pickup_dropoff,432bacf7ab895776,GENERIC_OBJECT,72,100,29,29,0,29,28,1,0,1623179322800381,1623179324199564,0,0,29
8a12232c4bb4511e,2021.06.08.14.36.49_veh-38_01567_02014,traversing_pickup_dropoff,ff5c9e0bd7005e93,PEDESTRIAN,73,100,28,28,0,28,27,1,0,1623179322850348,1623179324199564,0,0,28
8a12232c4bb4511e,2021.06.08.14.36.49_veh-38_01567_02014,traversing_pickup_dropoff,4c3b74da9bb05252,GENERIC_OBJECT,74,100,27,27,0,27,26,1,0,1623179322900317,1623179324199564,0,0,27
8a12232c4bb4511e,2021.06.08.14.36.49_veh-38_01567_02014,traversing_pickup_dropoff,9497e5b26df05f8e,GENERIC_OBJECT,74,100,27,27,0,27,26,1,0,1623179322900317,1623179324199564,0,0,27
8a12232c4bb4511e,2021.06.08.14.36.49_veh-38_01567_02014,traversing_pickup_dropoff,9aaef9e766d95a17,PEDESTRIAN,75,100,26,26,0,26,25,1,0,1623179322950288,1623179324199564,0,0,26
8a12232c4bb4511e,2021.06.08.14.36.49_veh-38_01567_02014,traversing_pickup_dropoff,a54f81cee27c5bc3,GENERIC_OBJECT,75,100,26,26,0,26,25,1,0,1623179322950288,1623179324199564,0,0,26
8a12232c4bb4511e,2021.06.08.14.36.49_veh-38_01567_02014,traversing_pickup_dropoff,38af6b2c657e5901,PEDESTRIAN,76,100,25,25,0,25,24,1,0,1623179323000260,1623179324199564,0,0,25
8a12232c4bb4511e,2021.06.08.14.36.49_veh-38_01567_02014,traversing_pickup_dropoff,f451c4d16f175030,PEDESTRIAN,77,100,24,24,0,24,23,1,0,1623179323050233,1623179324199564,0,0,24
8a12232c4bb4511e,2021.06.08.14.36.49_veh-38_01567_02014,traversing_pickup_dropoff,ac51f8548d085026,GENERIC_OBJECT,77,100,24,24,0,24,23,1,0,1623179323050233,1623179324199564,0,0,24
8a12232c4bb4511e,2021.06.08.14.36.49_veh-38_01567_02014,traversing_pickup_dropoff,fb996acc128b5d73,PEDESTRIAN,78,100,23,23,0,23,22,1,0,1623179323100206,1623179324199564,0,0,23
8a12232c4bb4511e,2021.06.08.14.36.49_veh-38_01567_02014,traversing_pickup_dropoff,0dbade5329c95afb,PEDESTRIAN,79,100,22,22,0,22,21,1,0,1623179323150180,1623179324199564,0,0,22
8a12232c4bb4511e,2021.06.08.14.36.49_veh-38_01567_02014,traversing_pickup_dropoff,ab97301b6b3a59a4,PEDESTRIAN,79,100,22,22,0,22,21,1,0,1623179323150180,1623179324199564,0,0,22
8a12232c4bb4511e,2021.06.08.14.36.49_veh-38_01567_02014,traversing_pickup_dropoff,a4ecdb857ab9549b,PEDESTRIAN,80,100,21,21,0,21,20,1,0,1623179323200155,1623179324199564,0,0,21
8a12232c4bb4511e,2021.06.08.14.36.49_veh-38_01567_02014,traversing_pickup_dropoff,da242bb5f1585170,PEDESTRIAN,80,100,21,21,0,21,20,1,0,1623179323200155,1623179324199564,0,0,21
8a12232c4bb4511e,2021.06.08.14.36.49_veh-38_01567_02014,traversing_pickup_dropoff,2cb8067bf22058f7,GENERIC_OBJECT,80,100,21,21,0,21,20,1,0,1623179323200155,1623179324199564,0,0,21
8a12232c4bb4511e,2021.06.08.14.36.49_veh-38_01567_02014,traversing_pickup_dropoff,fca25828815352f5,PEDESTRIAN,81,97,17,17,0,17,16,1,0,1623179323250128,1623179324049641,0,0,17
8a12232c4bb4511e,2021.06.08.14.36.49_veh-38_01567_02014,traversing_pickup_dropoff,e309f327aa145d3c,GENERIC_OBJECT,81,90,10,10,0,10,9,1,0,1623179323250128,1623179323699870,0,3,7
8a12232c4bb4511e,2021.06.08.14.36.49_veh-38_01567_02014,traversing_pickup_dropoff,9703ac5de20a5be8,GENERIC_OBJECT,82,100,19,19,0,19,18,1,0,1623179323300101,1623179324199564,0,0,19
8a12232c4bb4511e,2021.06.08.14.36.49_veh-38_01567_02014,traversing_pickup_dropoff,8feccdea7b595e06,PEDESTRIAN,83,100,18,18,0,18,17,1,0,1623179323350074,1623179324199564,0,0,18
8a12232c4bb4511e,2021.06.08.14.36.49_veh-38_01567_02014,traversing_pickup_dropoff,880f3c1c11055e5a,GENERIC_OBJECT,83,100,18,18,0,18,17,1,0,1623179323350074,1623179324199564,0,0,18
8a12232c4bb4511e,2021.06.08.14.36.49_veh-38_01567_02014,traversing_pickup_dropoff,f06a37eb6fa250b2,GENERIC_OBJECT,85,100,16,16,0,16,15,1,0,1623179323450015,1623179324199564,0,0,16
8a12232c4bb4511e,2021.06.08.14.36.49_veh-38_01567_02014,traversing_pickup_dropoff,08404456f246501d,PEDESTRIAN,87,100,14,14,0,14,13,1,0,1623179323549953,1623179324199564,0,0,14
8a12232c4bb4511e,2021.06.08.14.36.49_veh-38_01567_02014,traversing_pickup_dropoff,22dd8917e6875f9d,PEDESTRIAN,88,100,13,13,0,13,12,1,0,1623179323599924,1623179324199564,0,0,13
8a12232c4bb4511e,2021.06.08.14.36.49_veh-38_01567_02014,traversing_pickup_dropoff,02db43d37bea5404,GENERIC_OBJECT,88,100,13,13,0,13,12,1,0,1623179323599924,1623179324199564,0,0,13
8a12232c4bb4511e,2021.06.08.14.36.49_veh-38_01567_02014,traversing_pickup_dropoff,6158f4c7406956b3,PEDESTRIAN,91,100,10,10,0,10,9,1,0,1623179323749843,1623179324199564,0,0,10
8a12232c4bb4511e,2021.06.08.14.36.49_veh-38_01567_02014,traversing_pickup_dropoff,5f8495c4d3d459cc,VEHICLE,92,100,9,9,0,9,8,1,0,1623179323799814,1623179324199564,0,0,9
8a12232c4bb4511e,2021.06.08.14.36.49_veh-38_01567_02014,traversing_pickup_dropoff,a5de47208a775b09,GENERIC_OBJECT,94,100,7,7,0,7,6,1,0,1623179323899747,1623179324199564,0,0,7
8a12232c4bb4511e,2021.06.08.14.36.49_veh-38_01567_02014,traversing_pickup_dropoff,0b47b7ae75e05588,GENERIC_OBJECT,94,100,7,7,0,7,6,1,0,1623179323899747,1623179324199564,0,0,7
8a12232c4bb4511e,2021.06.08.14.36.49_veh-38_01567_02014,traversing_pickup_dropoff,64b138941c7f518c,GENERIC_OBJECT,94,100,7,7,0,7,6,1,0,1623179323899747,1623179324199564,0,0,7
8a12232c4bb4511e,2021.06.08.14.36.49_veh-38_01567_02014,traversing_pickup_dropoff,c40cfe5bcf6e5a46,PEDESTRIAN,96,100,5,5,0,5,4,1,0,1623179323999672,1623179324199564,0,0,5
8a12232c4bb4511e,2021.06.08.14.36.49_veh-38_01567_02014,traversing_pickup_dropoff,70da5fd0813357f6,PEDESTRIAN,96,100,5,5,0,5,4,1,0,1623179323999672,1623179324199564,0,0,5
8a12232c4bb4511e,2021.06.08.14.36.49_veh-38_01567_02014,traversing_pickup_dropoff,3492e55fb19f5809,PEDESTRIAN,97,100,4,4,0,4,3,1,0,1623179324049641,1623179324199564,0,0,4
8a12232c4bb4511e,2021.06.08.14.36.49_veh-38_01567_02014,traversing_pickup_dropoff,3ac4eb1654865770,GENERIC_OBJECT,99,100,2,2,0,2,1,1,0,1623179324149589,1623179324199564,0,0,2
8a12232c4bb4511e,2021.06.08.14.36.49_veh-38_01567_02014,traversing_pickup_dropoff,89d1db4e728451a6,PEDESTRIAN,100,100,1,1,0,1,0,1,0,1623179324199564,1623179324199564,0,0,1
acf27d96887b53c2,2021.06.07.13.42.27_veh-47_00299_00588,traversing_pickup_dropoff,0a546407849f5b8f,VEHICLE,0,49,50,50,0,50,49,1,0,1623088317000031,1623088319449981,0,0,0
acf27d96887b53c2,2021.06.07.13.42.27_veh-47_00299_00588,traversing_pickup_dropoff,ac9ccac992985c0f,VEHICLE,0,100,101,101,0,101,100,1,0,1623088317000031,1623088321999670,0,0,0
acf27d96887b53c2,2021.06.07.13.42.27_veh-47_00299_00588,traversing_pickup_dropoff,5f11475ce0875941,VEHICLE,0,100,101,101,0,101,100,1,0,1623088317000031,1623088321999670,101,0,0
acf27d96887b53c2,2021.06.07.13.42.27_veh-47_00299_00588,traversing_pickup_dropoff,be592fbcbb2b5753,VEHICLE,0,100,101,101,0,101,100,1,0,1623088317000031,1623088321999670,0,0,0
acf27d96887b53c2,2021.06.07.13.42.27_veh-47_00299_00588,traversing_pickup_dropoff,0e420b77cec9521f,VEHICLE,0,100,101,101,0,101,100,1,0,1623088317000031,1623088321999670,101,0,0
acf27d96887b53c2,2021.06.07.13.42.27_veh-47_00299_00588,traversing_pickup_dropoff,8335838a7a7452ae,VEHICLE,0,100,101,101,0,101,100,1,0,1623088317000031,1623088321999670,101,0,0
acf27d96887b53c2,2021.06.07.13.42.27_veh-47_00299_00588,traversing_pickup_dropoff,5ebf4dea8db558de,VEHICLE,0,100,101,101,0,101,100,1,0,1623088317000031,1623088321999670,101,0,0
acf27d96887b53c2,2021.06.07.13.42.27_veh-47_00299_00588,traversing_pickup_dropoff,a21e2346237c5c39,VEHICLE,0,100,101,101,0,101,100,1,0,1623088317000031,1623088321999670,0,0,0
acf27d96887b53c2,2021.06.07.13.42.27_veh-47_00299_00588,traversing_pickup_dropoff,8c11d9b7d2be5a38,VEHICLE,0,28,29,29,0,29,28,1,0,1623088317000031,1623088318400502,0,0,29
acf27d96887b53c2,2021.06.07.13.42.27_veh-47_00299_00588,traversing_pickup_dropoff,8519859c0f7e5013,VEHICLE,0,100,101,101,0,101,100,1,0,1623088317000031,1623088321999670,0,0,101
acf27d96887b53c2,2021.06.07.13.42.27_veh-47_00299_00588,traversing_pickup_dropoff,a826006647d85dd8,VEHICLE,0,100,101,101,0,101,100,1,0,1623088317000031,1623088321999670,0,0,0
acf27d96887b53c2,2021.06.07.13.42.27_veh-47_00299_00588,traversing_pickup_dropoff,bf8564cb1ee55909,VEHICLE,0,5,6,6,0,6,5,1,0,1623088317000031,1623088317250123,0,0,6
acf27d96887b53c2,2021.06.07.13.42.27_veh-47_00299_00588,traversing_pickup_dropoff,03cf7bad1ca656b3,VEHICLE,0,3,4,4,0,4,3,1,0,1623088317000031,1623088317150085,0,0,0
acf27d96887b53c2,2021.06.07.13.42.27_veh-47_00299_00588,traversing_pickup_dropoff,ee51b6f057e25008,VEHICLE,0,100,101,101,0,101,100,1,0,1623088317000031,1623088321999670,0,0,0
acf27d96887b53c2,2021.06.07.13.42.27_veh-47_00299_00588,traversing_pickup_dropoff,cb8775d82baa5ad1,VEHICLE,0,100,101,101,0,101,100,1,0,1623088317000031,1623088321999670,78,0,23
acf27d96887b53c2,2021.06.07.13.42.27_veh-47_00299_00588,traversing_pickup_dropoff,ba482bdbcbaf5670,VEHICLE,0,100,101,101,0,101,100,1,0,1623088317000031,1623088321999670,0,0,0
acf27d96887b53c2,2021.06.07.13.42.27_veh-47_00299_00588,traversing_pickup_dropoff,8227dcf8bb5e5e64,VEHICLE,0,100,101,101,0,101,100,1,0,1623088317000031,1623088321999670,0,0,0
acf27d96887b53c2,2021.06.07.13.42.27_veh-47_00299_00588,traversing_pickup_dropoff,eb072ce6751f5d73,VEHICLE,0,49,50,50,0,50,49,1,0,1623088317000031,1623088319449981,0,0,50
acf27d96887b53c2,2021.06.07.13.42.27_veh-47_00299_00588,traversing_pickup_dropoff,e5b76060367b5887,VEHICLE,0,34,35,35,0,35,34,1,0,1623088317000031,1623088318700305,0,0,0
acf27d96887b53c2,2021.06.07.13.42.27_veh-47_00299_00588,traversing_pickup_dropoff,22cd0a9693975706,PEDESTRIAN,0,46,47,47,0,47,46,1,0,1623088317000031,1623088319300015,0,0,47
acf27d96887b53c2,2021.06.07.13.42.27_veh-47_00299_00588,traversing_pickup_dropoff,25ac087d69f456a4,PEDESTRIAN,0,100,101,101,0,101,100,1,0,1623088317000031,1623088321999670,24,0,77
acf27d96887b53c2,2021.06.07.13.42.27_veh-47_00299_00588,traversing_pickup_dropoff,9bd2c04f2aea5c80,PEDESTRIAN,0,5,6,6,0,6,5,1,0,1623088317000031,1623088317250123,6,0,0
acf27d96887b53c2,2021.06.07.13.42.27_veh-47_00299_00588,traversing_pickup_dropoff,5764dd00abb55d74,PEDESTRIAN,0,4,5,5,0,5,4,1,0,1623088317000031,1623088317200104,5,0,0
acf27d96887b53c2,2021.06.07.13.42.27_veh-47_00299_00588,traversing_pickup_dropoff,9eea2c8b38db5802,PEDESTRIAN,0,100,101,101,0,101,100,1,0,1623088317000031,1623088321999670,100,0,1
acf27d96887b53c2,2021.06.07.13.42.27_veh-47_00299_00588,traversing_pickup_dropoff,24e1ef4c6f915157,PEDESTRIAN,0,100,101,101,0,101,100,1,0,1623088317000031,1623088321999670,32,0,69
acf27d96887b53c2,2021.06.07.13.42.27_veh-47_00299_00588,traversing_pickup_dropoff,146325146f3058cd,PEDESTRIAN,0,100,101,101,0,101,100,1,0,1623088317000031,1623088321999670,27,0,74
acf27d96887b53c2,2021.06.07.13.42.27_veh-47_00299_00588,traversing_pickup_dropoff,29c1b495ffea5948,PEDESTRIAN,0,7,8,8,0,8,7,1,0,1623088317000031,1623088317350164,8,0,0
acf27d96887b53c2,2021.06.07.13.42.27_veh-47_00299_00588,traversing_pickup_dropoff,baed640430c153b1,PEDESTRIAN,0,100,101,101,0,101,100,1,0,1623088317000031,1623088321999670,8,0,93
acf27d96887b53c2,2021.06.07.13.42.27_veh-47_00299_00588,traversing_pickup_dropoff,c4b07946395e53f0,PEDESTRIAN,0,100,101,101,0,101,100,1,0,1623088317000031,1623088321999670,94,0,7
acf27d96887b53c2,2021.06.07.13.42.27_veh-47_00299_00588,traversing_pickup_dropoff,fa674f0ca8e35130,BICYCLE,0,54,55,55,0,55,54,1,0,1623088317000031,1623088319699903,0,0,0
acf27d96887b53c2,2021.06.07.13.42.27_veh-47_00299_00588,traversing_pickup_dropoff,311049150e94572c,TRAFFIC_CONE,0,11,12,12,0,12,11,1,0,1623088317000031,1623088317550263,0,0,12
acf27d96887b53c2,2021.06.07.13.42.27_veh-47_00299_00588,traversing_pickup_dropoff,df06512616ab5717,TRAFFIC_CONE,0,100,101,101,0,101,100,1,0,1623088317000031,1623088321999670,101,0,0
acf27d96887b53c2,2021.06.07.13.42.27_veh-47_00299_00588,traversing_pickup_dropoff,adf36ad1a5365481,TRAFFIC_CONE,0,57,58,58,0,58,57,1,0,1623088317000031,1623088319849850,0,0,58
acf27d96887b53c2,2021.06.07.13.42.27_veh-47_00299_00588,traversing_pickup_dropoff,fb7b5713cd0a5d3a,TRAFFIC_CONE,0,100,101,101,0,101,100,1,0,1623088317000031,1623088321999670,101,0,0
acf27d96887b53c2,2021.06.07.13.42.27_veh-47_00299_00588,traversing_pickup_dropoff,1be0ce0b6f64525d,TRAFFIC_CONE,0,100,101,101,0,101,100,1,0,1623088317000031,1623088321999670,78,23,0
acf27d96887b53c2,2021.06.07.13.42.27_veh-47_00299_00588,traversing_pickup_dropoff,0e3c115dddee5acc,TRAFFIC_CONE,0,100,101,101,0,101,100,1,0,1623088317000031,1623088321999670,101,0,0
acf27d96887b53c2,2021.06.07.13.42.27_veh-47_00299_00588,traversing_pickup_dropoff,101f50b37da85bf1,TRAFFIC_CONE,0,100,101,101,0,101,100,1,0,1623088317000031,1623088321999670,101,0,0
acf27d96887b53c2,2021.06.07.13.42.27_veh-47_00299_00588,traversing_pickup_dropoff,1b229083cb3a5c15,TRAFFIC_CONE,0,100,101,101,0,101,100,1,0,1623088317000031,1623088321999670,0,0,101
acf27d96887b53c2,2021.06.07.13.42.27_veh-47_00299_00588,traversing_pickup_dropoff,349483678f235087,TRAFFIC_CONE,0,100,101,101,0,101,100,1,0,1623088317000031,1623088321999670,101,0,0
acf27d96887b53c2,2021.06.07.13.42.27_veh-47_00299_00588,traversing_pickup_dropoff,0ef9cbcc29955c8c,TRAFFIC_CONE,0,100,101,101,0,101,100,1,0,1623088317000031,1623088321999670,101,0,0
acf27d96887b53c2,2021.06.07.13.42.27_veh-47_00299_00588,traversing_pickup_dropoff,f822d00844d75587,TRAFFIC_CONE,0,100,101,101,0,101,100,1,0,1623088317000031,1623088321999670,62,39,0
acf27d96887b53c2,2021.06.07.13.42.27_veh-47_00299_00588,traversing_pickup_dropoff,6a6183e4ebbf57f8,TRAFFIC_CONE,0,100,101,101,0,101,100,1,0,1623088317000031,1623088321999670,54,47,0
acf27d96887b53c2,2021.06.07.13.42.27_veh-47_00299_00588,traversing_pickup_dropoff,c7803b59d139583f,TRAFFIC_CONE,0,100,101,101,0,101,100,1,0,1623088317000031,1623088321999670,0,101,0
acf27d96887b53c2,2021.06.07.13.42.27_veh-47_00299_00588,traversing_pickup_dropoff,33555c6d704b5884,TRAFFIC_CONE,0,100,101,101,0,101,100,1,0,1623088317000031,1623088321999670,0,99,2
acf27d96887b53c2,2021.06.07.13.42.27_veh-47_00299_00588,traversing_pickup_dropoff,7a814969a3eb5933,TRAFFIC_CONE,0,100,101,101,0,101,100,1,0,1623088317000031,1623088321999670,101,0,0
acf27d96887b53c2,2021.06.07.13.42.27_veh-47_00299_00588,traversing_pickup_dropoff,0d3a72c05b835abe,TRAFFIC_CONE,0,100,101,101,0,101,100,1,0,1623088317000031,1623088321999670,0,81,20
acf27d96887b53c2,2021.06.07.13.42.27_veh-47_00299_00588,traversing_pickup_dropoff,7961babd625f5dba,TRAFFIC_CONE,0,100,101,101,0,101,100,1,0,1623088317000031,1623088321999670,0,76,25
acf27d96887b53c2,2021.06.07.13.42.27_veh-47_00299_00588,traversing_pickup_dropoff,85042fea42b352c5,TRAFFIC_CONE,0,100,101,101,0,101,100,1,0,1623088317000031,1623088321999670,0,0,101
acf27d96887b53c2,2021.06.07.13.42.27_veh-47_00299_00588,traversing_pickup_dropoff,6708314edd4d5d74,TRAFFIC_CONE,0,8,9,9,0,9,8,1,0,1623088317000031,1623088317400187,9,0,0
acf27d96887b53c2,2021.06.07.13.42.27_veh-47_00299_00588,traversing_pickup_dropoff,f975fd41523256e4,GENERIC_OBJECT,0,42,43,43,0,43,42,1,0,1623088317000031,1623088319100082,0,0,43
acf27d96887b53c2,2021.06.07.13.42.27_veh-47_00299_00588,traversing_pickup_dropoff,6527655dac40510f,GENERIC_OBJECT,0,50,51,51,0,51,50,1,0,1623088317000031,1623088319499968,0,0,51
acf27d96887b53c2,2021.06.07.13.42.27_veh-47_00299_00588,traversing_pickup_dropoff,d80ad8b6eeb35ae8,GENERIC_OBJECT,0,36,37,37,0,37,36,1,0,1623088317000031,1623088318800235,0,0,37
acf27d96887b53c2,2021.06.07.13.42.27_veh-47_00299_00588,traversing_pickup_dropoff,03f5f118ce345276,GENERIC_OBJECT,0,36,37,37,0,37,36,1,0,1623088317000031,1623088318800235,0,0,37
acf27d96887b53c2,2021.06.07.13.42.27_veh-47_00299_00588,traversing_pickup_dropoff,85e758457b925326,GENERIC_OBJECT,0,12,13,13,0,13,12,1,0,1623088317000031,1623088317600288,0,0,13
acf27d96887b53c2,2021.06.07.13.42.27_veh-47_00299_00588,traversing_pickup_dropoff,3dc578cc513e51a6,GENERIC_OBJECT,0,29,30,30,0,30,29,1,0,1623088317000031,1623088318450477,0,0,30
acf27d96887b53c2,2021.06.07.13.42.27_veh-47_00299_00588,traversing_pickup_dropoff,4ea9c8f4a0f851a7,GENERIC_OBJECT,0,100,101,101,0,101,100,1,0,1623088317000031,1623088321999670,0,0,101
acf27d96887b53c2,2021.06.07.13.42.27_veh-47_00299_00588,traversing_pickup_dropoff,3565254007fd5c0a,GENERIC_OBJECT,0,100,101,101,0,101,100,1,0,1623088317000031,1623088321999670,0,0,101
acf27d96887b53c2,2021.06.07.13.42.27_veh-47_00299_00588,traversing_pickup_dropoff,6bab6b6041a15463,GENERIC_OBJECT,0,61,62,62,0,62,61,1,0,1623088317000031,1623088320049781,0,0,62
acf27d96887b53c2,2021.06.07.13.42.27_veh-47_00299_00588,traversing_pickup_dropoff,148718f1c45d5746,GENERIC_OBJECT,0,100,101,101,0,101,100,1,0,1623088317000031,1623088321999670,0,16,85
acf27d96887b53c2,2021.06.07.13.42.27_veh-47_00299_00588,traversing_pickup_dropoff,0156a94ac5b75137,GENERIC_OBJECT,0,100,101,101,0,101,100,1,0,1623088317000031,1623088321999670,1,50,50
acf27d96887b53c2,2021.06.07.13.42.27_veh-47_00299_00588,traversing_pickup_dropoff,b5a78e2996185175,GENERIC_OBJECT,0,100,101,101,0,101,100,1,0,1623088317000031,1623088321999670,0,42,59
acf27d96887b53c2,2021.06.07.13.42.27_veh-47_00299_00588,traversing_pickup_dropoff,2f7f4ef228ee534c,GENERIC_OBJECT,0,100,101,101,0,101,100,1,0,1623088317000031,1623088321999670,0,59,42
acf27d96887b53c2,2021.06.07.13.42.27_veh-47_00299_00588,traversing_pickup_dropoff,8b025b49b98c5bf2,GENERIC_OBJECT,0,100,101,101,0,101,100,1,0,1623088317000031,1623088321999670,24,63,14
acf27d96887b53c2,2021.06.07.13.42.27_veh-47_00299_00588,traversing_pickup_dropoff,b1600f3d78c45fbe,GENERIC_OBJECT,0,100,101,101,0,101,100,1,0,1623088317000031,1623088321999670,0,50,51
acf27d96887b53c2,2021.06.07.13.42.27_veh-47_00299_00588,traversing_pickup_dropoff,1935d25240e157ef,GENERIC_OBJECT,0,100,101,101,0,101,100,1,0,1623088317000031,1623088321999670,0,0,101
acf27d96887b53c2,2021.06.07.13.42.27_veh-47_00299_00588,traversing_pickup_dropoff,8a500ac69da35e66,GENERIC_OBJECT,0,100,101,101,0,101,100,1,0,1623088317000031,1623088321999670,0,79,22
acf27d96887b53c2,2021.06.07.13.42.27_veh-47_00299_00588,traversing_pickup_dropoff,724cca20da435a86,GENERIC_OBJECT,0,100,101,101,0,101,100,1,0,1623088317000031,1623088321999670,0,101,0
acf27d96887b53c2,2021.06.07.13.42.27_veh-47_00299_00588,traversing_pickup_dropoff,bd63dd0faf5551b9,GENERIC_OBJECT,0,100,101,101,0,101,100,1,0,1623088317000031,1623088321999670,0,0,101
acf27d96887b53c2,2021.06.07.13.42.27_veh-47_00299_00588,traversing_pickup_dropoff,1765e0c51e205b74,GENERIC_OBJECT,0,100,101,101,0,101,100,1,0,1623088317000031,1623088321999670,101,0,0
acf27d96887b53c2,2021.06.07.13.42.27_veh-47_00299_00588,traversing_pickup_dropoff,ff3e90416d3c50a6,GENERIC_OBJECT,0,100,101,101,0,101,100,1,0,1623088317000031,1623088321999670,101,0,0
acf27d96887b53c2,2021.06.07.13.42.27_veh-47_00299_00588,traversing_pickup_dropoff,ed2f05ac4deb56e0,GENERIC_OBJECT,0,100,101,101,0,101,100,1,0,1623088317000031,1623088321999670,0,0,101
acf27d96887b53c2,2021.06.07.13.42.27_veh-47_00299_00588,traversing_pickup_dropoff,6ee4433628495246,GENERIC_OBJECT,0,9,10,10,0,10,9,1,0,1623088317000031,1623088317450213,0,0,10
acf27d96887b53c2,2021.06.07.13.42.27_veh-47_00299_00588,traversing_pickup_dropoff,b4cf28c0bd15586d,GENERIC_OBJECT,0,100,101,101,0,101,100,1,0,1623088317000031,1623088321999670,101,0,0
acf27d96887b53c2,2021.06.07.13.42.27_veh-47_00299_00588,traversing_pickup_dropoff,af9fb9174b3c5835,GENERIC_OBJECT,0,100,101,101,0,101,100,1,0,1623088317000031,1623088321999670,101,0,0
acf27d96887b53c2,2021.06.07.13.42.27_veh-47_00299_00588,traversing_pickup_dropoff,af763c28f08f5d49,GENERIC_OBJECT,0,7,8,8,0,8,7,1,0,1623088317000031,1623088317350164,8,0,0
acf27d96887b53c2,2021.06.07.13.42.27_veh-47_00299_00588,traversing_pickup_dropoff,57ed3a56a5df5bc3,GENERIC_OBJECT,0,100,101,101,0,101,100,1,0,1623088317000031,1623088321999670,72,29,0
acf27d96887b53c2,2021.06.07.13.42.27_veh-47_00299_00588,traversing_pickup_dropoff,9ad67b2c253b546a,GENERIC_OBJECT,0,100,101,101,0,101,100,1,0,1623088317000031,1623088321999670,57,44,0
acf27d96887b53c2,2021.06.07.13.42.27_veh-47_00299_00588,traversing_pickup_dropoff,b1d0ba468f5759de,GENERIC_OBJECT,0,100,101,101,0,101,100,1,0,1623088317000031,1623088321999670,13,88,0
acf27d96887b53c2,2021.06.07.13.42.27_veh-47_00299_00588,traversing_pickup_dropoff,10bbf592f7d95c39,GENERIC_OBJECT,0,100,101,101,0,101,100,1,0,1623088317000031,1623088321999670,65,36,0
acf27d96887b53c2,2021.06.07.13.42.27_veh-47_00299_00588,traversing_pickup_dropoff,b9db08005fb65dd0,GENERIC_OBJECT,0,100,101,101,0,101,100,1,0,1623088317000031,1623088321999670,101,0,0
acf27d96887b53c2,2021.06.07.13.42.27_veh-47_00299_00588,traversing_pickup_dropoff,de293375e1a05b6e,GENERIC_OBJECT,0,100,101,101,0,101,100,1,0,1623088317000031,1623088321999670,101,0,0
acf27d96887b53c2,2021.06.07.13.42.27_veh-47_00299_00588,traversing_pickup_dropoff,212526654c4c5f41,GENERIC_OBJECT,0,100,101,101,0,101,100,1,0,1623088317000031,1623088321999670,87,14,0
acf27d96887b53c2,2021.06.07.13.42.27_veh-47_00299_00588,traversing_pickup_dropoff,4f7c8b81982358c9,GENERIC_OBJECT,0,100,101,101,0,101,100,1,0,1623088317000031,1623088321999670,91,10,0
acf27d96887b53c2,2021.06.07.13.42.27_veh-47_00299_00588,traversing_pickup_dropoff,a0bc318e401756ad,GENERIC_OBJECT,0,100,101,101,0,101,100,1,0,1623088317000031,1623088321999670,68,33,0
acf27d96887b53c2,2021.06.07.13.42.27_veh-47_00299_00588,traversing_pickup_dropoff,301d35c539ae5cf6,GENERIC_OBJECT,0,100,101,101,0,101,100,1,0,1623088317000031,1623088321999670,67,34,0
acf27d96887b53c2,2021.06.07.13.42.27_veh-47_00299_00588,traversing_pickup_dropoff,ecb43ac51f4358e1,GENERIC_OBJECT,0,100,101,101,0,101,100,1,0,1623088317000031,1623088321999670,45,56,0
acf27d96887b53c2,2021.06.07.13.42.27_veh-47_00299_00588,traversing_pickup_dropoff,dd1a441d20905aef,GENERIC_OBJECT,0,100,101,101,0,101,100,1,0,1623088317000031,1623088321999670,0,0,101
acf27d96887b53c2,2021.06.07.13.42.27_veh-47_00299_00588,traversing_pickup_dropoff,52904518827952d9,GENERIC_OBJECT,0,100,101,101,0,101,100,1,0,1623088317000031,1623088321999670,78,23,0
acf27d96887b53c2,2021.06.07.13.42.27_veh-47_00299_00588,traversing_pickup_dropoff,dbb3ca08379f57c3,GENERIC_OBJECT,0,63,64,64,0,64,63,1,0,1623088317000031,1623088320149757,0,0,64
acf27d96887b53c2,2021.06.07.13.42.27_veh-47_00299_00588,traversing_pickup_dropoff,cb118bfe8f745afd,GENERIC_OBJECT,0,16,17,17,0,17,16,1,0,1623088317000031,1623088317800384,0,0,17
acf27d96887b53c2,2021.06.07.13.42.27_veh-47_00299_00588,traversing_pickup_dropoff,6febf660cb485dbb,GENERIC_OBJECT,0,100,101,101,0,101,100,1,0,1623088317000031,1623088321999670,0,0,101
acf27d96887b53c2,2021.06.07.13.42.27_veh-47_00299_00588,traversing_pickup_dropoff,28a5a09475a4594f,GENERIC_OBJECT,0,100,101,101,0,101,100,1,0,1623088317000031,1623088321999670,101,0,0
acf27d96887b53c2,2021.06.07.13.42.27_veh-47_00299_00588,traversing_pickup_dropoff,b662ed6f979f509a,GENERIC_OBJECT,0,8,9,9,0,9,8,1,0,1623088317000031,1623088317400187,9,0,0
acf27d96887b53c2,2021.06.07.13.42.27_veh-47_00299_00588,traversing_pickup_dropoff,cbf9154d8639553b,GENERIC_OBJECT,0,11,12,12,0,12,11,1,0,1623088317000031,1623088317550263,12,0,0
acf27d96887b53c2,2021.06.07.13.42.27_veh-47_00299_00588,traversing_pickup_dropoff,b3d3d4e6fdad5fca,GENERIC_OBJECT,0,16,17,17,0,17,16,1,0,1623088317000031,1623088317800384,17,0,0
acf27d96887b53c2,2021.06.07.13.42.27_veh-47_00299_00588,traversing_pickup_dropoff,24f0580285a455a8,GENERIC_OBJECT,0,100,101,101,0,101,100,1,0,1623088317000031,1623088321999670,0,0,101
acf27d96887b53c2,2021.06.07.13.42.27_veh-47_00299_00588,traversing_pickup_dropoff,aa63c7af430f533d,GENERIC_OBJECT,0,42,43,43,0,43,42,1,0,1623088317000031,1623088319100082,31,12,0
acf27d96887b53c2,2021.06.07.13.42.27_veh-47_00299_00588,traversing_pickup_dropoff,ca370f4412465966,GENERIC_OBJECT,1,46,46,46,0,46,45,1,0,1623088317050047,1623088319300015,0,21,25
acf27d96887b53c2,2021.06.07.13.42.27_veh-47_00299_00588,traversing_pickup_dropoff,790bfedc91fa5924,GENERIC_OBJECT,8,100,93,93,0,93,92,1,0,1623088317400187,1623088321999670,92,1,0
acf27d96887b53c2,2021.06.07.13.42.27_veh-47_00299_00588,traversing_pickup_dropoff,337bfdd644c6583a,VEHICLE,9,100,92,92,0,92,91,1,0,1623088317450213,1623088321999670,0,0,0
acf27d96887b53c2,2021.06.07.13.42.27_veh-47_00299_00588,traversing_pickup_dropoff,5f50a20558e852b5,TRAFFIC_CONE,14,100,87,87,0,87,86,1,0,1623088317700337,1623088321999670,0,0,87
acf27d96887b53c2,2021.06.07.13.42.27_veh-47_00299_00588,traversing_pickup_dropoff,d02640ae204e5989,TRAFFIC_CONE,16,100,85,85,0,85,84,1,0,1623088317800384,1623088321999670,0,5,80
acf27d96887b53c2,2021.06.07.13.42.27_veh-47_00299_00588,traversing_pickup_dropoff,5a12bb195e1852cc,TRAFFIC_CONE,16,100,85,85,0,85,84,1,0,1623088317800384,1623088321999670,0,0,85
acf27d96887b53c2,2021.06.07.13.42.27_veh-47_00299_00588,traversing_pickup_dropoff,db82470744415620,GENERIC_OBJECT,18,49,32,32,0,32,31,1,0,1623088317900432,1623088319449981,32,0,0
acf27d96887b53c2,2021.06.07.13.42.27_veh-47_00299_00588,traversing_pickup_dropoff,1cb7e6e00d3c509a,GENERIC_OBJECT,19,100,82,82,0,82,81,1,0,1623088317950458,1623088321999670,0,1,81
acf27d96887b53c2,2021.06.07.13.42.27_veh-47_00299_00588,traversing_pickup_dropoff,3634e48ecb28567c,GENERIC_OBJECT,24,28,5,5,0,5,4,1,0,1623088318200543,1623088318400502,0,5,0
acf27d96887b53c2,2021.06.07.13.42.27_veh-47_00299_00588,traversing_pickup_dropoff,b55a539ecb065614,PEDESTRIAN,26,100,75,75,0,75,74,1,0,1623088318300535,1623088321999670,75,0,0
acf27d96887b53c2,2021.06.07.13.42.27_veh-47_00299_00588,traversing_pickup_dropoff,cabd44c472e15bdd,GENERIC_OBJECT,26,100,75,75,0,75,74,1,0,1623088318300535,1623088321999670,0,2,73
acf27d96887b53c2,2021.06.07.13.42.27_veh-47_00299_00588,traversing_pickup_dropoff,09e5b62221a154a4,BARRIER,32,100,69,69,0,69,68,1,0,1623088318600378,1623088321999670,69,0,0
acf27d96887b53c2,2021.06.07.13.42.27_veh-47_00299_00588,traversing_pickup_dropoff,d3f5be6deae95c37,PEDESTRIAN,41,100,60,60,0,60,59,1,0,1623088319050104,1623088321999670,0,0,60
acf27d96887b53c2,2021.06.07.13.42.27_veh-47_00299_00588,traversing_pickup_dropoff,c480cd908f755144,GENERIC_OBJECT,47,100,54,54,0,54,53,1,0,1623088319350004,1623088321999670,54,0,0
acf27d96887b53c2,2021.06.07.13.42.27_veh-47_00299_00588,traversing_pickup_dropoff,6e17dd6e4e7757db,GENERIC_OBJECT,54,100,47,47,0,47,46,1,0,1623088319699903,1623088321999670,47,0,0
acf27d96887b53c2,2021.06.07.13.42.27_veh-47_00299_00588,traversing_pickup_dropoff,9bbc77b13e105016,GENERIC_OBJECT,54,100,47,47,0,47,46,1,0,1623088319699903,1623088321999670,47,0,0
acf27d96887b53c2,2021.06.07.13.42.27_veh-47_00299_00588,traversing_pickup_dropoff,d890ae6852455888,GENERIC_OBJECT,54,100,47,47,0,47,46,1,0,1623088319699903,1623088321999670,47,0,0
acf27d96887b53c2,2021.06.07.13.42.27_veh-47_00299_00588,traversing_pickup_dropoff,302c2c033a9654ec,VEHICLE,55,100,46,46,0,46,45,1,0,1623088319749885,1623088321999670,0,0,0
acf27d96887b53c2,2021.06.07.13.42.27_veh-47_00299_00588,traversing_pickup_dropoff,2c1c8572e8eb568c,PEDESTRIAN,55,100,46,46,0,46,45,1,0,1623088319749885,1623088321999670,0,0,46
acf27d96887b53c2,2021.06.07.13.42.27_veh-47_00299_00588,traversing_pickup_dropoff,57bdaf167c755464,TRAFFIC_CONE,56,100,45,45,0,45,44,1,0,1623088319799867,1623088321999670,0,5,40
acf27d96887b53c2,2021.06.07.13.42.27_veh-47_00299_00588,traversing_pickup_dropoff,b4901193af945836,GENERIC_OBJECT,56,100,45,45,0,45,44,1,0,1623088319799867,1623088321999670,0,0,45
acf27d96887b53c2,2021.06.07.13.42.27_veh-47_00299_00588,traversing_pickup_dropoff,f90edae29e2c5c47,GENERIC_OBJECT,60,100,41,41,0,41,40,1,0,1623088319999799,1623088321999670,41,0,0
acf27d96887b53c2,2021.06.07.13.42.27_veh-47_00299_00588,traversing_pickup_dropoff,aa759c30341153f7,GENERIC_OBJECT,62,100,39,39,0,39,38,1,0,1623088320099767,1623088321999670,39,0,0
acf27d96887b53c2,2021.06.07.13.42.27_veh-47_00299_00588,traversing_pickup_dropoff,3ed1423f91105df8,GENERIC_OBJECT,66,100,35,35,0,35,34,1,0,1623088320299752,1623088321999670,35,0,0
acf27d96887b53c2,2021.06.07.13.42.27_veh-47_00299_00588,traversing_pickup_dropoff,4f8aad4247fa54b9,GENERIC_OBJECT,68,100,33,33,0,33,32,1,0,1623088320399784,1623088321999670,33,0,0
acf27d96887b53c2,2021.06.07.13.42.27_veh-47_00299_00588,traversing_pickup_dropoff,e020974607db523e,GENERIC_OBJECT,68,100,33,33,0,33,32,1,0,1623088320399784,1623088321999670,33,0,0
acf27d96887b53c2,2021.06.07.13.42.27_veh-47_00299_00588,traversing_pickup_dropoff,6d091e336ca055c2,GENERIC_OBJECT,69,100,32,32,0,32,31,1,0,1623088320449806,1623088321999670,0,0,32
acf27d96887b53c2,2021.06.07.13.42.27_veh-47_00299_00588,traversing_pickup_dropoff,e31427e7c0075906,GENERIC_OBJECT,72,100,29,29,0,29,28,1,0,1623088320599894,1623088321999670,29,0,0
acf27d96887b53c2,2021.06.07.13.42.27_veh-47_00299_00588,traversing_pickup_dropoff,0cd34d2a66005712,BICYCLE,73,100,28,28,0,28,27,1,0,1623088320649931,1623088321999670,0,0,0
acf27d96887b53c2,2021.06.07.13.42.27_veh-47_00299_00588,traversing_pickup_dropoff,7702e6ca606b5580,GENERIC_OBJECT,73,100,28,28,0,28,27,1,0,1623088320649931,1623088321999670,28,0,0
acf27d96887b53c2,2021.06.07.13.42.27_veh-47_00299_00588,traversing_pickup_dropoff,2ade7541269d53ba,TRAFFIC_CONE,75,100,26,26,0,26,25,1,0,1623088320750007,1623088321999670,0,0,26
acf27d96887b53c2,2021.06.07.13.42.27_veh-47_00299_00588,traversing_pickup_dropoff,ad9515666b6e51bc,PEDESTRIAN,76,100,25,25,0,25,24,1,0,1623088320800042,1623088321999670,0,0,25
acf27d96887b53c2,2021.06.07.13.42.27_veh-47_00299_00588,traversing_pickup_dropoff,115e86b6971551f2,GENERIC_OBJECT,79,100,22,22,0,22,21,1,0,1623088320950098,1623088321999670,0,0,22
acf27d96887b53c2,2021.06.07.13.42.27_veh-47_00299_00588,traversing_pickup_dropoff,4164cbea3a215260,GENERIC_OBJECT,80,100,21,21,0,21,20,1,0,1623088321000103,1623088321999670,0,0,21
acf27d96887b53c2,2021.06.07.13.42.27_veh-47_00299_00588,traversing_pickup_dropoff,d5a76de07a99577e,GENERIC_OBJECT,83,100,18,18,0,18,17,1,0,1623088321150088,1623088321999670,18,0,0
acf27d96887b53c2,2021.06.07.13.42.27_veh-47_00299_00588,traversing_pickup_dropoff,e927fbc158c454cc,GENERIC_OBJECT,87,100,14,14,0,14,13,1,0,1623088321350016,1623088321999670,14,0,0
acf27d96887b53c2,2021.06.07.13.42.27_veh-47_00299_00588,traversing_pickup_dropoff,954c69425ddf57b6,GENERIC_OBJECT,91,100,10,10,0,10,9,1,0,1623088321549912,1623088321999670,10,0,0
acf27d96887b53c2,2021.06.07.13.42.27_veh-47_00299_00588,traversing_pickup_dropoff,f0bbb490da8d54ed,PEDESTRIAN,93,100,8,8,0,8,7,1,0,1623088321649852,1623088321999670,0,0,8
acf27d96887b53c2,2021.06.07.13.42.27_veh-47_00299_00588,traversing_pickup_dropoff,b3fd18a63d325922,PEDESTRIAN,95,100,6,6,0,6,5,1,0,1623088321749794,1623088321999670,0,0,6
acf27d96887b53c2,2021.06.07.13.42.27_veh-47_00299_00588,traversing_pickup_dropoff,5ff7599519e65dad,BICYCLE,96,100,5,5,0,5,4,1,0,1623088321799766,1623088321999670,0,0,0
12ce910d76e65082,2021.06.07.11.59.52_veh-35_00765_01072,traversing_pickup_dropoff,992b87347fbf5bc5,VEHICLE,0,100,101,101,0,101,100,1,0,1623082454050193,1623082459050155,101,0,0
12ce910d76e65082,2021.06.07.11.59.52_veh-35_00765_01072,traversing_pickup_dropoff,9d39c9df2f2b5cf3,VEHICLE,0,100,101,101,0,101,100,1,0,1623082454050193,1623082459050155,41,0,60
12ce910d76e65082,2021.06.07.11.59.52_veh-35_00765_01072,traversing_pickup_dropoff,a7c77d958e085deb,VEHICLE,0,100,101,101,0,101,100,1,0,1623082454050193,1623082459050155,56,0,45
12ce910d76e65082,2021.06.07.11.59.52_veh-35_00765_01072,traversing_pickup_dropoff,852d28ca657b5c28,VEHICLE,0,100,101,101,0,101,100,1,0,1623082454050193,1623082459050155,0,0,0
12ce910d76e65082,2021.06.07.11.59.52_veh-35_00765_01072,traversing_pickup_dropoff,384db604b3695db6,VEHICLE,0,100,101,101,0,101,100,1,0,1623082454050193,1623082459050155,0,0,0
12ce910d76e65082,2021.06.07.11.59.52_veh-35_00765_01072,traversing_pickup_dropoff,d84a662508985855,VEHICLE,0,100,101,101,0,101,100,1,0,1623082454050193,1623082459050155,101,0,0
12ce910d76e65082,2021.06.07.11.59.52_veh-35_00765_01072,traversing_pickup_dropoff,86b9fa85fd20540b,VEHICLE,0,100,101,101,0,101,100,1,0,1623082454050193,1623082459050155,101,0,0
12ce910d76e65082,2021.06.07.11.59.52_veh-35_00765_01072,traversing_pickup_dropoff,ada1c3f697585985,VEHICLE,0,100,101,101,0,101,100,1,0,1623082454050193,1623082459050155,101,0,0
12ce910d76e65082,2021.06.07.11.59.52_veh-35_00765_01072,traversing_pickup_dropoff,6218c001add05e78,VEHICLE,0,100,101,101,0,101,100,1,0,1623082454050193,1623082459050155,0,0,101
12ce910d76e65082,2021.06.07.11.59.52_veh-35_00765_01072,traversing_pickup_dropoff,25ae19fb0c2f5e16,VEHICLE,0,100,101,101,0,101,100,1,0,1623082454050193,1623082459050155,0,0,101
12ce910d76e65082,2021.06.07.11.59.52_veh-35_00765_01072,traversing_pickup_dropoff,10c7c690782b557c,VEHICLE,0,100,101,101,0,101,100,1,0,1623082454050193,1623082459050155,101,0,0
12ce910d76e65082,2021.06.07.11.59.52_veh-35_00765_01072,traversing_pickup_dropoff,ff4d8ea72a6d52c0,VEHICLE,0,100,101,101,0,101,100,1,0,1623082454050193,1623082459050155,28,0,73
12ce910d76e65082,2021.06.07.11.59.52_veh-35_00765_01072,traversing_pickup_dropoff,990806ef250d58b4,VEHICLE,0,100,101,101,0,101,100,1,0,1623082454050193,1623082459050155,101,0,0
12ce910d76e65082,2021.06.07.11.59.52_veh-35_00765_01072,traversing_pickup_dropoff,d7133bd6d87c5ac1,VEHICLE,0,100,101,101,0,101,100,1,0,1623082454050193,1623082459050155,0,0,101
12ce910d76e65082,2021.06.07.11.59.52_veh-35_00765_01072,traversing_pickup_dropoff,2f83f64134e35cae,VEHICLE,0,100,101,101,0,101,100,1,0,1623082454050193,1623082459050155,101,0,0
12ce910d76e65082,2021.06.07.11.59.52_veh-35_00765_01072,traversing_pickup_dropoff,bfbebb122da2546d,PEDESTRIAN,0,100,101,101,0,101,100,1,0,1623082454050193,1623082459050155,99,0,2
12ce910d76e65082,2021.06.07.11.59.52_veh-35_00765_01072,traversing_pickup_dropoff,e62627b6bb64536f,PEDESTRIAN,0,100,101,101,0,101,100,1,0,1623082454050193,1623082459050155,0,0,101
12ce910d76e65082,2021.06.07.11.59.52_veh-35_00765_01072,traversing_pickup_dropoff,20021f90070e5746,PEDESTRIAN,0,100,101,101,0,101,100,1,0,1623082454050193,1623082459050155,101,0,0
12ce910d76e65082,2021.06.07.11.59.52_veh-35_00765_01072,traversing_pickup_dropoff,7db9b3e8ee405e74,PEDESTRIAN,0,100,101,101,0,101,100,1,0,1623082454050193,1623082459050155,0,0,101
12ce910d76e65082,2021.06.07.11.59.52_veh-35_00765_01072,traversing_pickup_dropoff,aa4492ed27725100,PEDESTRIAN,0,25,26,26,0,26,25,1,0,1623082454050193,1623082455300635,26,0,0
12ce910d76e65082,2021.06.07.11.59.52_veh-35_00765_01072,traversing_pickup_dropoff,02e1567ba0d5564f,PEDESTRIAN,0,45,46,46,0,46,45,1,0,1623082454050193,1623082456300921,33,0,13
12ce910d76e65082,2021.06.07.11.59.52_veh-35_00765_01072,traversing_pickup_dropoff,8ed12318ba755b77,PEDESTRIAN,0,79,80,80,0,80,79,1,0,1623082454050193,1623082458001131,80,0,0
12ce910d76e65082,2021.06.07.11.59.52_veh-35_00765_01072,traversing_pickup_dropoff,b58fdf08322e51ec,PEDESTRIAN,0,53,54,54,0,54,53,1,0,1623082454050193,1623082456701089,54,0,0
12ce910d76e65082,2021.06.07.11.59.52_veh-35_00765_01072,traversing_pickup_dropoff,8103db577f58557f,PEDESTRIAN,0,2,3,3,0,3,2,1,0,1623082454050193,1623082454150231,0,0,3
12ce910d76e65082,2021.06.07.11.59.52_veh-35_00765_01072,traversing_pickup_dropoff,15b9ce25bf91515c,TRAFFIC_CONE,0,100,101,101,0,101,100,1,0,1623082454050193,1623082459050155,56,0,45
12ce910d76e65082,2021.06.07.11.59.52_veh-35_00765_01072,traversing_pickup_dropoff,d409cba60d665e5b,TRAFFIC_CONE,0,72,73,73,0,73,72,1,0,1623082454050193,1623082457651352,28,4,41
12ce910d76e65082,2021.06.07.11.59.52_veh-35_00765_01072,traversing_pickup_dropoff,be4f8c580c8b5053,TRAFFIC_CONE,0,100,101,101,0,101,100,1,0,1623082454050193,1623082459050155,28,0,73
12ce910d76e65082,2021.06.07.11.59.52_veh-35_00765_01072,traversing_pickup_dropoff,15fc93a17c2d520a,TRAFFIC_CONE,0,90,91,91,0,91,90,1,0,1623082454050193,1623082458550611,2,15,74
12ce910d76e65082,2021.06.07.11.59.52_veh-35_00765_01072,traversing_pickup_dropoff,9bae8521960f58a2,TRAFFIC_CONE,0,16,17,17,0,17,16,1,0,1623082454050193,1623082454850487,0,0,17
12ce910d76e65082,2021.06.07.11.59.52_veh-35_00765_01072,traversing_pickup_dropoff,54d0924dada25477,TRAFFIC_CONE,0,35,36,36,0,36,35,1,0,1623082454050193,1623082455800748,0,0,36
12ce910d76e65082,2021.06.07.11.59.52_veh-35_00765_01072,traversing_pickup_dropoff,8b53a5bb74a959a5,TRAFFIC_CONE,0,100,101,101,0,101,100,1,0,1623082454050193,1623082459050155,0,0,101
12ce910d76e65082,2021.06.07.11.59.52_veh-35_00765_01072,traversing_pickup_dropoff,fa9d90a4aaa859d9,TRAFFIC_CONE,0,100,101,101,0,101,100,1,0,1623082454050193,1623082459050155,101,0,0
12ce910d76e65082,2021.06.07.11.59.52_veh-35_00765_01072,traversing_pickup_dropoff,67dca8692a7d588f,GENERIC_OBJECT,0,100,101,101,0,101,100,1,0,1623082454050193,1623082459050155,0,0,101
12ce910d76e65082,2021.06.07.11.59.52_veh-35_00765_01072,traversing_pickup_dropoff,594eb666c7445db9,GENERIC_OBJECT,0,100,101,101,0,101,100,1,0,1623082454050193,1623082459050155,0,0,101
12ce910d76e65082,2021.06.07.11.59.52_veh-35_00765_01072,traversing_pickup_dropoff,fbc2c87eaeda5bd7,GENERIC_OBJECT,0,100,101,101,0,101,100,1,0,1623082454050193,1623082459050155,0,32,69
12ce910d76e65082,2021.06.07.11.59.52_veh-35_00765_01072,traversing_pickup_dropoff,7b2bca3cfc5a5966,GENERIC_OBJECT,0,100,101,101,0,101,100,1,0,1623082454050193,1623082459050155,62,4,35
12ce910d76e65082,2021.06.07.11.59.52_veh-35_00765_01072,traversing_pickup_dropoff,26a47e580bcd5476,GENERIC_OBJECT,0,100,101,101,0,101,100,1,0,1623082454050193,1623082459050155,101,0,0
12ce910d76e65082,2021.06.07.11.59.52_veh-35_00765_01072,traversing_pickup_dropoff,975dd83be0a75d29,GENERIC_OBJECT,0,100,101,101,0,101,100,1,0,1623082454050193,1623082459050155,86,0,15
12ce910d76e65082,2021.06.07.11.59.52_veh-35_00765_01072,traversing_pickup_dropoff,5b90da50a74056d1,GENERIC_OBJECT,0,100,101,101,0,101,100,1,0,1623082454050193,1623082459050155,60,0,41
12ce910d76e65082,2021.06.07.11.59.52_veh-35_00765_01072,traversing_pickup_dropoff,ce9afa683a775978,GENERIC_OBJECT,0,100,101,101,0,101,100,1,0,1623082454050193,1623082459050155,101,0,0
12ce910d76e65082,2021.06.07.11.59.52_veh-35_00765_01072,traversing_pickup_dropoff,bf86a2b20bd4564c,GENERIC_OBJECT,0,100,101,101,0,101,100,1,0,1623082454050193,1623082459050155,101,0,0
12ce910d76e65082,2021.06.07.11.59.52_veh-35_00765_01072,traversing_pickup_dropoff,085db3958acd5c56,GENERIC_OBJECT,0,100,101,101,0,101,100,1,0,1623082454050193,1623082459050155,101,0,0
12ce910d76e65082,2021.06.07.11.59.52_veh-35_00765_01072,traversing_pickup_dropoff,0a1c312795685836,GENERIC_OBJECT,0,96,97,97,0,97,96,1,0,1623082454050193,1623082458850364,69,0,28
12ce910d76e65082,2021.06.07.11.59.52_veh-35_00765_01072,traversing_pickup_dropoff,8141f1e1f3095276,GENERIC_OBJECT,0,100,101,101,0,101,100,1,0,1623082454050193,1623082459050155,69,0,32
12ce910d76e65082,2021.06.07.11.59.52_veh-35_00765_01072,traversing_pickup_dropoff,4917a07672be56b3,GENERIC_OBJECT,0,100,101,101,0,101,100,1,0,1623082454050193,1623082459050155,101,0,0
12ce910d76e65082,2021.06.07.11.59.52_veh-35_00765_01072,traversing_pickup_dropoff,465080cf74335558,GENERIC_OBJECT,0,100,101,101,0,101,100,1,0,1623082454050193,1623082459050155,77,0,24
12ce910d76e65082,2021.06.07.11.59.52_veh-35_00765_01072,traversing_pickup_dropoff,8747b59265205ead,GENERIC_OBJECT,0,100,101,101,0,101,100,1,0,1623082454050193,1623082459050155,101,0,0
12ce910d76e65082,2021.06.07.11.59.52_veh-35_00765_01072,traversing_pickup_dropoff,9563110b6ab7535d,GENERIC_OBJECT,0,100,101,101,0,101,100,1,0,1623082454050193,1623082459050155,101,0,0
12ce910d76e65082,2021.06.07.11.59.52_veh-35_00765_01072,traversing_pickup_dropoff,6a610b811fd35dbc,GENERIC_OBJECT,0,100,101,101,0,101,100,1,0,1623082454050193,1623082459050155,101,0,0
12ce910d76e65082,2021.06.07.11.59.52_veh-35_00765_01072,traversing_pickup_dropoff,4fb320f8e0be527a,GENERIC_OBJECT,0,100,101,101,0,101,100,1,0,1623082454050193,1623082459050155,101,0,0
12ce910d76e65082,2021.06.07.11.59.52_veh-35_00765_01072,traversing_pickup_dropoff,55d78c707ab35983,GENERIC_OBJECT,0,100,101,101,0,101,100,1,0,1623082454050193,1623082459050155,101,0,0
12ce910d76e65082,2021.06.07.11.59.52_veh-35_00765_01072,traversing_pickup_dropoff,7b4f5b4a66945548,GENERIC_OBJECT,0,100,101,101,0,101,100,1,0,1623082454050193,1623082459050155,101,0,0
12ce910d76e65082,2021.06.07.11.59.52_veh-35_00765_01072,traversing_pickup_dropoff,5128762f6e04515d,GENERIC_OBJECT,0,100,101,101,0,101,100,1,0,1623082454050193,1623082459050155,94,0,7
12ce910d76e65082,2021.06.07.11.59.52_veh-35_00765_01072,traversing_pickup_dropoff,96e14d8a77da5849,GENERIC_OBJECT,0,100,101,101,0,101,100,1,0,1623082454050193,1623082459050155,101,0,0
12ce910d76e65082,2021.06.07.11.59.52_veh-35_00765_01072,traversing_pickup_dropoff,0faa28d1d44a5f59,GENERIC_OBJECT,0,100,101,101,0,101,100,1,0,1623082454050193,1623082459050155,52,0,49
12ce910d76e65082,2021.06.07.11.59.52_veh-35_00765_01072,traversing_pickup_dropoff,abb7fb489b4e59e8,GENERIC_OBJECT,0,100,101,101,0,101,100,1,0,1623082454050193,1623082459050155,101,0,0
12ce910d76e65082,2021.06.07.11.59.52_veh-35_00765_01072,traversing_pickup_dropoff,ff8440f3b48755c8,GENERIC_OBJECT,0,77,78,78,0,78,77,1,0,1623082454050193,1623082457901207,1,0,77
12ce910d76e65082,2021.06.07.11.59.52_veh-35_00765_01072,traversing_pickup_dropoff,0dcd4222fcd054ad,GENERIC_OBJECT,0,100,101,101,0,101,100,1,0,1623082454050193,1623082459050155,101,0,0
12ce910d76e65082,2021.06.07.11.59.52_veh-35_00765_01072,traversing_pickup_dropoff,cd1832177e7653ee,GENERIC_OBJECT,0,94,95,95,0,95,94,1,0,1623082454050193,1623082458750447,95,0,0
12ce910d76e65082,2021.06.07.11.59.52_veh-35_00765_01072,traversing_pickup_dropoff,ed2e8a0bab5758cc,GENERIC_OBJECT,0,100,101,101,0,101,100,1,0,1623082454050193,1623082459050155,101,0,0
12ce910d76e65082,2021.06.07.11.59.52_veh-35_00765_01072,traversing_pickup_dropoff,e1e2e88301925cee,GENERIC_OBJECT,0,44,45,45,0,45,44,1,0,1623082454050193,1623082456250899,45,0,0
12ce910d76e65082,2021.06.07.11.59.52_veh-35_00765_01072,traversing_pickup_dropoff,907246278a315567,GENERIC_OBJECT,0,100,101,101,0,101,100,1,0,1623082454050193,1623082459050155,101,0,0
12ce910d76e65082,2021.06.07.11.59.52_veh-35_00765_01072,traversing_pickup_dropoff,024ab18dd7995b17,GENERIC_OBJECT,0,100,101,101,0,101,100,1,0,1623082454050193,1623082459050155,101,0,0
12ce910d76e65082,2021.06.07.11.59.52_veh-35_00765_01072,traversing_pickup_dropoff,ce81cdc767775fd4,GENERIC_OBJECT,0,4,5,5,0,5,4,1,0,1623082454050193,1623082454250275,0,0,5
12ce910d76e65082,2021.06.07.11.59.52_veh-35_00765_01072,traversing_pickup_dropoff,1f6f57aa70cd5fc7,GENERIC_OBJECT,0,100,101,101,0,101,100,1,0,1623082454050193,1623082459050155,74,22,5
12ce910d76e65082,2021.06.07.11.59.52_veh-35_00765_01072,traversing_pickup_dropoff,e0ff0473182a5d3e,GENERIC_OBJECT,0,100,101,101,0,101,100,1,0,1623082454050193,1623082459050155,49,0,52
12ce910d76e65082,2021.06.07.11.59.52_veh-35_00765_01072,traversing_pickup_dropoff,77c95632416d52c2,GENERIC_OBJECT,0,67,68,68,0,68,67,1,0,1623082454050193,1623082457401408,0,0,68
12ce910d76e65082,2021.06.07.11.59.52_veh-35_00765_01072,traversing_pickup_dropoff,21f5ad12891b5f26,GENERIC_OBJECT,0,72,73,73,0,73,72,1,0,1623082454050193,1623082457651352,0,0,73
12ce910d76e65082,2021.06.07.11.59.52_veh-35_00765_01072,traversing_pickup_dropoff,f37aae741f3a57ba,PEDESTRIAN,1,100,100,100,0,100,99,1,0,1623082454100211,1623082459050155,100,0,0
12ce910d76e65082,2021.06.07.11.59.52_veh-35_00765_01072,traversing_pickup_dropoff,84a0a921cb5751f6,PEDESTRIAN,9,41,33,33,0,33,32,1,0,1623082454500378,1623082456100837,0,0,33
12ce910d76e65082,2021.06.07.11.59.52_veh-35_00765_01072,traversing_pickup_dropoff,1d58a70d62675783,PEDESTRIAN,15,100,86,86,0,86,85,1,0,1623082454800471,1623082459050155,0,0,86
12ce910d76e65082,2021.06.07.11.59.52_veh-35_00765_01072,traversing_pickup_dropoff,8df041e871035d72,PEDESTRIAN,16,100,85,85,0,85,84,1,0,1623082454850487,1623082459050155,0,0,85
12ce910d76e65082,2021.06.07.11.59.52_veh-35_00765_01072,traversing_pickup_dropoff,a2619e71b2465203,VEHICLE,20,100,81,81,0,81,80,1,0,1623082455050556,1623082459050155,0,0,81
12ce910d76e65082,2021.06.07.11.59.52_veh-35_00765_01072,traversing_pickup_dropoff,869ea4c2cd6459aa,PEDESTRIAN,27,100,74,74,0,74,73,1,0,1623082455400654,1623082459050155,0,0,74
12ce910d76e65082,2021.06.07.11.59.52_veh-35_00765_01072,traversing_pickup_dropoff,d859bb163c1a5bdd,PEDESTRIAN,33,100,68,68,0,68,67,1,0,1623082455700718,1623082459050155,0,0,68
12ce910d76e65082,2021.06.07.11.59.52_veh-35_00765_01072,traversing_pickup_dropoff,81ddd4d877e3561e,TRAFFIC_CONE,40,42,3,3,0,3,2,1,0,1623082456050820,1623082456150857,0,0,3
12ce910d76e65082,2021.06.07.11.59.52_veh-35_00765_01072,traversing_pickup_dropoff,b6b0b525ec3150b9,GENERIC_OBJECT,40,100,61,61,0,61,60,1,0,1623082456050820,1623082459050155,0,0,61
12ce910d76e65082,2021.06.07.11.59.52_veh-35_00765_01072,traversing_pickup_dropoff,7571918e2f385e06,GENERIC_OBJECT,46,100,55,55,0,55,54,1,0,1623082456350944,1623082459050155,0,0,55
12ce910d76e65082,2021.06.07.11.59.52_veh-35_00765_01072,traversing_pickup_dropoff,b765508d3b2e57c5,PEDESTRIAN,47,100,54,54,0,54,53,1,0,1623082456400966,1623082459050155,0,0,54
12ce910d76e65082,2021.06.07.11.59.52_veh-35_00765_01072,traversing_pickup_dropoff,9c02b67effc650b7,GENERIC_OBJECT,47,50,4,4,0,4,3,1,0,1623082456400966,1623082456551028,0,0,4
12ce910d76e65082,2021.06.07.11.59.52_veh-35_00765_01072,traversing_pickup_dropoff,5deb84d172af5ec0,PEDESTRIAN,49,100,52,52,0,52,51,1,0,1623082456501008,1623082459050155,0,0,52
12ce910d76e65082,2021.06.07.11.59.52_veh-35_00765_01072,traversing_pickup_dropoff,5d92cb477ef458b0,GENERIC_OBJECT,49,74,26,26,0,26,25,1,0,1623082456501008,1623082457751305,26,0,0
12ce910d76e65082,2021.06.07.11.59.52_veh-35_00765_01072,traversing_pickup_dropoff,f2f51c9dd0035c27,TRAFFIC_CONE,51,100,50,50,0,50,49,1,0,1623082456601047,1623082459050155,0,0,50
12ce910d76e65082,2021.06.07.11.59.52_veh-35_00765_01072,traversing_pickup_dropoff,637bf5a6229e546a,GENERIC_OBJECT,51,100,50,50,0,50,49,1,0,1623082456601047,1623082459050155,0,0,50
12ce910d76e65082,2021.06.07.11.59.52_veh-35_00765_01072,traversing_pickup_dropoff,3f3f6cbdc0385e00,TRAFFIC_CONE,53,100,48,48,0,48,47,1,0,1623082456701089,1623082459050155,0,0,48
12ce910d76e65082,2021.06.07.11.59.52_veh-35_00765_01072,traversing_pickup_dropoff,62fa5b7e1fa85325,GENERIC_OBJECT,53,81,29,29,0,29,28,1,0,1623082456701089,1623082458101035,0,0,29
12ce910d76e65082,2021.06.07.11.59.52_veh-35_00765_01072,traversing_pickup_dropoff,2890808585715f1c,PEDESTRIAN,54,100,47,47,0,47,46,1,0,1623082456751115,1623082459050155,0,0,47
12ce910d76e65082,2021.06.07.11.59.52_veh-35_00765_01072,traversing_pickup_dropoff,4617992562d65efc,PEDESTRIAN,60,100,41,41,0,41,40,1,0,1623082457051306,1623082459050155,0,0,41
12ce910d76e65082,2021.06.07.11.59.52_veh-35_00765_01072,traversing_pickup_dropoff,8b82016740bc54fe,PEDESTRIAN,66,100,35,35,0,35,34,1,0,1623082457351406,1623082459050155,35,0,0
12ce910d76e65082,2021.06.07.11.59.52_veh-35_00765_01072,traversing_pickup_dropoff,b146861cc9655c2c,VEHICLE,68,100,33,33,0,33,32,1,0,1623082457451405,1623082459050155,33,0,0
12ce910d76e65082,2021.06.07.11.59.52_veh-35_00765_01072,traversing_pickup_dropoff,c01b3129e8a65173,PEDESTRIAN,69,100,32,32,0,32,31,1,0,1623082457501398,1623082459050155,0,0,32
12ce910d76e65082,2021.06.07.11.59.52_veh-35_00765_01072,traversing_pickup_dropoff,463c61fb19915a71,PEDESTRIAN,76,100,25,25,0,25,24,1,0,1623082457851241,1623082459050155,0,0,25
12ce910d76e65082,2021.06.07.11.59.52_veh-35_00765_01072,traversing_pickup_dropoff,52cb7d7a1d9e5437,TRAFFIC_CONE,76,100,25,25,0,25,24,1,0,1623082457851241,1623082459050155,0,0,25
12ce910d76e65082,2021.06.07.11.59.52_veh-35_00765_01072,traversing_pickup_dropoff,dfcd96389e0b5637,GENERIC_OBJECT,78,100,23,23,0,23,22,1,0,1623082457951172,1623082459050155,0,0,23
12ce910d76e65082,2021.06.07.11.59.52_veh-35_00765_01072,traversing_pickup_dropoff,26f06237772e5020,GENERIC_OBJECT,82,100,19,19,0,19,18,1,0,1623082458150986,1623082459050155,11,0,8
12ce910d76e65082,2021.06.07.11.59.52_veh-35_00765_01072,traversing_pickup_dropoff,729042772e9d5628,GENERIC_OBJECT,82,100,19,19,0,19,18,1,0,1623082458150986,1623082459050155,0,0,19
12ce910d76e65082,2021.06.07.11.59.52_veh-35_00765_01072,traversing_pickup_dropoff,2c334e7dd710583d,GENERIC_OBJECT,91,100,10,10,0,10,9,1,0,1623082458600569,1623082459050155,10,0,0
12ce910d76e65082,2021.06.07.11.59.52_veh-35_00765_01072,traversing_pickup_dropoff,633538d9216f53b9,GENERIC_OBJECT,92,100,9,9,0,9,8,1,0,1623082458650527,1623082459050155,0,0,9
12ce910d76e65082,2021.06.07.11.59.52_veh-35_00765_01072,traversing_pickup_dropoff,f61812228915545a,TRAFFIC_CONE,94,98,5,5,0,5,4,1,0,1623082458750447,1623082458950266,0,0,5
12ce910d76e65082,2021.06.07.11.59.52_veh-35_00765_01072,traversing_pickup_dropoff,4e601ff937f7523d,GENERIC_OBJECT,97,100,4,4,0,4,3,1,0,1623082458900318,1623082459050155,0,0,4
f94b8f85441350ae,2021.06.08.12.54.54_veh-26_02994_03970,on_traffic_light_intersection,3e3027bb458e5857,VEHICLE,0,100,101,101,0,101,100,1,0,1623174531623835,1623174536616008,101,0,0
f94b8f85441350ae,2021.06.08.12.54.54_veh-26_02994_03970,on_traffic_light_intersection,3706626b2bf35132,VEHICLE,0,100,101,101,0,101,100,1,0,1623174531623835,1623174536616008,101,0,0
f94b8f85441350ae,2021.06.08.12.54.54_veh-26_02994_03970,on_traffic_light_intersection,f7499d99af265831,VEHICLE,0,100,101,101,0,101,100,1,0,1623174531623835,1623174536616008,101,0,0
f94b8f85441350ae,2021.06.08.12.54.54_veh-26_02994_03970,on_traffic_light_intersection,66032e83bf8658e2,VEHICLE,0,100,101,101,0,101,100,1,0,1623174531623835,1623174536616008,29,0,72
f94b8f85441350ae,2021.06.08.12.54.54_veh-26_02994_03970,on_traffic_light_intersection,a815550a5c8859e2,VEHICLE,0,100,101,101,0,101,100,1,0,1623174531623835,1623174536616008,0,0,101
f94b8f85441350ae,2021.06.08.12.54.54_veh-26_02994_03970,on_traffic_light_intersection,77c3dc661610530a,VEHICLE,0,100,101,101,0,101,100,1,0,1623174531623835,1623174536616008,101,0,0
f94b8f85441350ae,2021.06.08.12.54.54_veh-26_02994_03970,on_traffic_light_intersection,6578caa560d05296,VEHICLE,0,100,101,101,0,101,100,1,0,1623174531623835,1623174536616008,0,0,101
f94b8f85441350ae,2021.06.08.12.54.54_veh-26_02994_03970,on_traffic_light_intersection,4f4cf7501ad05968,VEHICLE,0,100,101,101,0,101,100,1,0,1623174531623835,1623174536616008,0,0,101
f94b8f85441350ae,2021.06.08.12.54.54_veh-26_02994_03970,on_traffic_light_intersection,f62fb522cfb7590b,VEHICLE,0,100,101,101,0,101,100,1,0,1623174531623835,1623174536616008,0,0,101
f94b8f85441350ae,2021.06.08.12.54.54_veh-26_02994_03970,on_traffic_light_intersection,8fe2622d5a3d5b3c,VEHICLE,0,100,101,101,0,101,100,1,0,1623174531623835,1623174536616008,101,0,0
f94b8f85441350ae,2021.06.08.12.54.54_veh-26_02994_03970,on_traffic_light_intersection,d27b5817279f54d3,VEHICLE,0,100,101,101,0,101,100,1,0,1623174531623835,1623174536616008,101,0,0
f94b8f85441350ae,2021.06.08.12.54.54_veh-26_02994_03970,on_traffic_light_intersection,22fa18ba34155264,VEHICLE,0,100,101,101,0,101,100,1,0,1623174531623835,1623174536616008,101,0,0
f94b8f85441350ae,2021.06.08.12.54.54_veh-26_02994_03970,on_traffic_light_intersection,e84fd430a5805521,VEHICLE,0,100,101,101,0,101,100,1,0,1623174531623835,1623174536616008,101,0,0
f94b8f85441350ae,2021.06.08.12.54.54_veh-26_02994_03970,on_traffic_light_intersection,4e8456e0691b5f0f,VEHICLE,0,100,101,101,0,101,100,1,0,1623174531623835,1623174536616008,101,0,0
f94b8f85441350ae,2021.06.08.12.54.54_veh-26_02994_03970,on_traffic_light_intersection,4b8c91cec71a517e,VEHICLE,0,21,22,22,0,22,21,1,0,1623174531623835,1623174532672534,0,0,22
f94b8f85441350ae,2021.06.08.12.54.54_veh-26_02994_03970,on_traffic_light_intersection,909e17cd27115ce4,VEHICLE,0,100,101,101,0,101,100,1,0,1623174531623835,1623174536616008,0,0,101
f94b8f85441350ae,2021.06.08.12.54.54_veh-26_02994_03970,on_traffic_light_intersection,405bc4137b675f13,VEHICLE,0,100,101,101,0,101,100,1,0,1623174531623835,1623174536616008,0,0,101
f94b8f85441350ae,2021.06.08.12.54.54_veh-26_02994_03970,on_traffic_light_intersection,ae6338bd2bce5cc0,VEHICLE,0,100,101,101,0,101,100,1,0,1623174531623835,1623174536616008,0,0,101
f94b8f85441350ae,2021.06.08.12.54.54_veh-26_02994_03970,on_traffic_light_intersection,1754741d0b8555fd,VEHICLE,0,100,101,101,0,101,100,1,0,1623174531623835,1623174536616008,0,0,101
f94b8f85441350ae,2021.06.08.12.54.54_veh-26_02994_03970,on_traffic_light_intersection,fa0e5dabe1f05d11,VEHICLE,0,100,101,101,0,101,100,1,0,1623174531623835,1623174536616008,0,0,101
f94b8f85441350ae,2021.06.08.12.54.54_veh-26_02994_03970,on_traffic_light_intersection,280960fda622571d,VEHICLE,0,100,101,101,0,101,100,1,0,1623174531623835,1623174536616008,0,0,101
f94b8f85441350ae,2021.06.08.12.54.54_veh-26_02994_03970,on_traffic_light_intersection,3b8edba8df5a55e6,VEHICLE,0,100,101,101,0,101,100,1,0,1623174531623835,1623174536616008,101,0,0
f94b8f85441350ae,2021.06.08.12.54.54_veh-26_02994_03970,on_traffic_light_intersection,447da4c3c118592c,VEHICLE,0,100,101,101,0,101,100,1,0,1623174531623835,1623174536616008,101,0,0
f94b8f85441350ae,2021.06.08.12.54.54_veh-26_02994_03970,on_traffic_light_intersection,2664b75043c85679,VEHICLE,0,100,101,101,0,101,100,1,0,1623174531623835,1623174536616008,101,0,0
f94b8f85441350ae,2021.06.08.12.54.54_veh-26_02994_03970,on_traffic_light_intersection,baebb123bdf35d2c,VEHICLE,0,63,64,64,0,64,63,1,0,1623174531623835,1623174534769780,0,0,64
f94b8f85441350ae,2021.06.08.12.54.54_veh-26_02994_03970,on_traffic_light_intersection,3c0d36263cab5d91,VEHICLE,0,100,101,101,0,101,100,1,0,1623174531623835,1623174536616008,101,0,0
f94b8f85441350ae,2021.06.08.12.54.54_veh-26_02994_03970,on_traffic_light_intersection,0f680d2ad8645060,VEHICLE,0,100,101,101,0,101,100,1,0,1623174531623835,1623174536616008,0,0,101
f94b8f85441350ae,2021.06.08.12.54.54_veh-26_02994_03970,on_traffic_light_intersection,4ca3940a1a1a5a2d,VEHICLE,0,100,101,101,0,101,100,1,0,1623174531623835,1623174536616008,0,0,101
f94b8f85441350ae,2021.06.08.12.54.54_veh-26_02994_03970,on_traffic_light_intersection,d51e12e1896f50f5,VEHICLE,0,100,101,101,0,101,100,1,0,1623174531623835,1623174536616008,101,0,0
f94b8f85441350ae,2021.06.08.12.54.54_veh-26_02994_03970,on_traffic_light_intersection,1978b2ce01fe5b54,VEHICLE,0,100,101,101,0,101,100,1,0,1623174531623835,1623174536616008,101,0,0
f94b8f85441350ae,2021.06.08.12.54.54_veh-26_02994_03970,on_traffic_light_intersection,e96699a7e882578e,VEHICLE,0,100,101,101,0,101,100,1,0,1623174531623835,1623174536616008,101,0,0
f94b8f85441350ae,2021.06.08.12.54.54_veh-26_02994_03970,on_traffic_light_intersection,107c5c8240f55337,VEHICLE,0,100,101,101,0,101,100,1,0,1623174531623835,1623174536616008,101,0,0
f94b8f85441350ae,2021.06.08.12.54.54_veh-26_02994_03970,on_traffic_light_intersection,b37b704325a85d4e,VEHICLE,0,100,101,101,0,101,100,1,0,1623174531623835,1623174536616008,0,0,101
f94b8f85441350ae,2021.06.08.12.54.54_veh-26_02994_03970,on_traffic_light_intersection,b95984381fc15e87,VEHICLE,0,100,101,101,0,101,100,1,0,1623174531623835,1623174536616008,101,0,0
f94b8f85441350ae,2021.06.08.12.54.54_veh-26_02994_03970,on_traffic_light_intersection,5c77dac8218d57e4,VEHICLE,0,100,101,101,0,101,100,1,0,1623174531623835,1623174536616008,101,0,0
f94b8f85441350ae,2021.06.08.12.54.54_veh-26_02994_03970,on_traffic_light_intersection,185aa7677bc45532,VEHICLE,0,100,101,101,0,101,100,1,0,1623174531623835,1623174536616008,0,0,101
f94b8f85441350ae,2021.06.08.12.54.54_veh-26_02994_03970,on_traffic_light_intersection,e01dfd9a819b5fc9,VEHICLE,0,100,101,101,0,101,100,1,0,1623174531623835,1623174536616008,101,0,0
f94b8f85441350ae,2021.06.08.12.54.54_veh-26_02994_03970,on_traffic_light_intersection,b85393e819ad55b4,VEHICLE,0,100,101,101,0,101,100,1,0,1623174531623835,1623174536616008,101,0,0
f94b8f85441350ae,2021.06.08.12.54.54_veh-26_02994_03970,on_traffic_light_intersection,0a73e51e08815468,VEHICLE,0,1,2,2,0,2,1,1,0,1623174531623835,1623174531673774,2,0,0
f94b8f85441350ae,2021.06.08.12.54.54_veh-26_02994_03970,on_traffic_light_intersection,86b7d2d0c84e54e3,VEHICLE,0,91,92,92,0,92,91,1,0,1623174531623835,1623174536167204,92,0,0
f94b8f85441350ae,2021.06.08.12.54.54_veh-26_02994_03970,on_traffic_light_intersection,b8c9f03cdc895b0e,VEHICLE,0,100,101,101,0,101,100,1,0,1623174531623835,1623174536616008,0,0,101
f94b8f85441350ae,2021.06.08.12.54.54_veh-26_02994_03970,on_traffic_light_intersection,7da9891cb66154e9,VEHICLE,0,93,94,94,0,94,93,1,0,1623174531623835,1623174536266951,0,0,94
f94b8f85441350ae,2021.06.08.12.54.54_veh-26_02994_03970,on_traffic_light_intersection,6b40c1ed9aa75586,VEHICLE,0,100,101,101,0,101,100,1,0,1623174531623835,1623174536616008,101,0,0
f94b8f85441350ae,2021.06.08.12.54.54_veh-26_02994_03970,on_traffic_light_intersection,a988ded5d2a35c03,VEHICLE,0,100,101,101,0,101,100,1,0,1623174531623835,1623174536616008,101,0,0
f94b8f85441350ae,2021.06.08.12.54.54_veh-26_02994_03970,on_traffic_light_intersection,72402bd5f1e65f1b,VEHICLE,0,29,30,30,0,30,29,1,0,1623174531623835,1623174533071913,0,0,30
f94b8f85441350ae,2021.06.08.12.54.54_veh-26_02994_03970,on_traffic_light_intersection,881e57c6a9d055e0,VEHICLE,0,96,97,97,0,97,96,1,0,1623174531623835,1623174536416575,0,0,97
f94b8f85441350ae,2021.06.08.12.54.54_veh-26_02994_03970,on_traffic_light_intersection,27ded807ed025c4e,VEHICLE,0,39,40,40,0,40,39,1,0,1623174531623835,1623174533571203,0,0,40
f94b8f85441350ae,2021.06.08.12.54.54_veh-26_02994_03970,on_traffic_light_intersection,f2a69bab737a595f,VEHICLE,0,1,2,2,0,2,1,1,0,1623174531623835,1623174531673774,0,0,2
f94b8f85441350ae,2021.06.08.12.54.54_veh-26_02994_03970,on_traffic_light_intersection,b50fe59bd88e5973,VEHICLE,0,100,101,101,0,101,100,1,0,1623174531623835,1623174536616008,101,0,0
f94b8f85441350ae,2021.06.08.12.54.54_veh-26_02994_03970,on_traffic_light_intersection,d6cba57618d65ea7,VEHICLE,0,82,83,83,0,83,82,1,0,1623174531623835,1623174535718278,41,0,42
f94b8f85441350ae,2021.06.08.12.54.54_veh-26_02994_03970,on_traffic_light_intersection,c1a03ad48bde5a0f,VEHICLE,0,73,74,74,0,74,73,1,0,1623174531623835,1623174535269052,0,0,74
f94b8f85441350ae,2021.06.08.12.54.54_veh-26_02994_03970,on_traffic_light_intersection,4f42c88c7d62537c,VEHICLE,0,100,101,101,0,101,100,1,0,1623174531623835,1623174536616008,0,0,101
f94b8f85441350ae,2021.06.08.12.54.54_veh-26_02994_03970,on_traffic_light_intersection,47fb5a3acc715a14,VEHICLE,0,67,68,68,0,68,67,1,0,1623174531623835,1623174534969498,0,0,68
f94b8f85441350ae,2021.06.08.12.54.54_veh-26_02994_03970,on_traffic_light_intersection,d9536c892b985078,VEHICLE,0,58,59,59,0,59,58,1,0,1623174531623835,1623174534520064,0,0,59
f94b8f85441350ae,2021.06.08.12.54.54_veh-26_02994_03970,on_traffic_light_intersection,f36763bb42f85f6b,VEHICLE,0,100,101,101,0,101,100,1,0,1623174531623835,1623174536616008,101,0,0
f94b8f85441350ae,2021.06.08.12.54.54_veh-26_02994_03970,on_traffic_light_intersection,aa0bf8b2e1955418,VEHICLE,0,100,101,101,0,101,100,1,0,1623174531623835,1623174536616008,101,0,0
f94b8f85441350ae,2021.06.08.12.54.54_veh-26_02994_03970,on_traffic_light_intersection,3ec699bab1895e9e,VEHICLE,0,78,79,79,0,79,78,1,0,1623174531623835,1623174535518670,0,0,79
f94b8f85441350ae,2021.06.08.12.54.54_veh-26_02994_03970,on_traffic_light_intersection,a43250c0d3a45f78,VEHICLE,0,52,53,53,0,53,52,1,0,1623174531623835,1623174534220435,53,0,0
f94b8f85441350ae,2021.06.08.12.54.54_veh-26_02994_03970,on_traffic_light_intersection,ef40ebd6f38f524f,PEDESTRIAN,0,100,101,101,0,101,100,1,0,1623174531623835,1623174536616008,26,0,75
f94b8f85441350ae,2021.06.08.12.54.54_veh-26_02994_03970,on_traffic_light_intersection,f257ce65c6d3578a,PEDESTRIAN,0,100,101,101,0,101,100,1,0,1623174531623835,1623174536616008,26,0,75
f94b8f85441350ae,2021.06.08.12.54.54_veh-26_02994_03970,on_traffic_light_intersection,0dcff48c86e85dec,PEDESTRIAN,0,100,101,101,0,101,100,1,0,1623174531623835,1623174536616008,0,0,101
f94b8f85441350ae,2021.06.08.12.54.54_veh-26_02994_03970,on_traffic_light_intersection,eb9a97ed592d5a42,PEDESTRIAN,0,24,25,25,0,25,24,1,0,1623174531623835,1623174532822273,0,0,25
f94b8f85441350ae,2021.06.08.12.54.54_veh-26_02994_03970,on_traffic_light_intersection,9807ece86dc05344,PEDESTRIAN,0,100,101,101,0,101,100,1,0,1623174531623835,1623174536616008,0,0,101
f94b8f85441350ae,2021.06.08.12.54.54_veh-26_02994_03970,on_traffic_light_intersection,4ddee9d2008656dd,BICYCLE,0,56,57,57,0,57,56,1,0,1623174531623835,1623174534420205,0,0,0
f94b8f85441350ae,2021.06.08.12.54.54_veh-26_02994_03970,on_traffic_light_intersection,e6422e2609dc5726,TRAFFIC_CONE,0,95,96,96,0,96,95,1,0,1623174531623835,1623174536366701,0,0,96
f94b8f85441350ae,2021.06.08.12.54.54_veh-26_02994_03970,on_traffic_light_intersection,6821446098655118,TRAFFIC_CONE,0,100,101,101,0,101,100,1,0,1623174531623835,1623174536616008,0,0,101
f94b8f85441350ae,2021.06.08.12.54.54_veh-26_02994_03970,on_traffic_light_intersection,e723e81017275d46,TRAFFIC_CONE,0,100,101,101,0,101,100,1,0,1623174531623835,1623174536616008,0,0,101
f94b8f85441350ae,2021.06.08.12.54.54_veh-26_02994_03970,on_traffic_light_intersection,c0cc52fe991e55ec,TRAFFIC_CONE,0,100,101,101,0,101,100,1,0,1623174531623835,1623174536616008,0,0,101
f94b8f85441350ae,2021.06.08.12.54.54_veh-26_02994_03970,on_traffic_light_intersection,26f742e2603c57f8,TRAFFIC_CONE,0,100,101,101,0,101,100,1,0,1623174531623835,1623174536616008,0,0,101
f94b8f85441350ae,2021.06.08.12.54.54_veh-26_02994_03970,on_traffic_light_intersection,705e294f9f9659c9,TRAFFIC_CONE,0,100,101,101,0,101,100,1,0,1623174531623835,1623174536616008,101,0,0
f94b8f85441350ae,2021.06.08.12.54.54_veh-26_02994_03970,on_traffic_light_intersection,e587752067c75e5d,TRAFFIC_CONE,0,100,101,101,0,101,100,1,0,1623174531623835,1623174536616008,101,0,0
f94b8f85441350ae,2021.06.08.12.54.54_veh-26_02994_03970,on_traffic_light_intersection,b5284f170ccd5fe8,TRAFFIC_CONE,0,100,101,101,0,101,100,1,0,1623174531623835,1623174536616008,101,0,0
f94b8f85441350ae,2021.06.08.12.54.54_veh-26_02994_03970,on_traffic_light_intersection,f8566f60a9e3500f,TRAFFIC_CONE,0,100,101,101,0,101,100,1,0,1623174531623835,1623174536616008,101,0,0
f94b8f85441350ae,2021.06.08.12.54.54_veh-26_02994_03970,on_traffic_light_intersection,8353bc2d57af5b5e,TRAFFIC_CONE,0,100,101,101,0,101,100,1,0,1623174531623835,1623174536616008,101,0,0
f94b8f85441350ae,2021.06.08.12.54.54_veh-26_02994_03970,on_traffic_light_intersection,65caf2c094255e28,TRAFFIC_CONE,0,100,101,101,0,101,100,1,0,1623174531623835,1623174536616008,80,0,21
f94b8f85441350ae,2021.06.08.12.54.54_veh-26_02994_03970,on_traffic_light_intersection,38fecca152ab5ae4,TRAFFIC_CONE,0,100,101,101,0,101,100,1,0,1623174531623835,1623174536616008,67,0,34
f94b8f85441350ae,2021.06.08.12.54.54_veh-26_02994_03970,on_traffic_light_intersection,ff2622d11b2c507e,TRAFFIC_CONE,0,100,101,101,0,101,100,1,0,1623174531623835,1623174536616008,69,0,32
f94b8f85441350ae,2021.06.08.12.54.54_veh-26_02994_03970,on_traffic_light_intersection,9e867c359bc75f82,TRAFFIC_CONE,0,100,101,101,0,101,100,1,0,1623174531623835,1623174536616008,59,18,24
f94b8f85441350ae,2021.06.08.12.54.54_veh-26_02994_03970,on_traffic_light_intersection,c6681eeada71569f,TRAFFIC_CONE,0,100,101,101,0,101,100,1,0,1623174531623835,1623174536616008,0,0,101
f94b8f85441350ae,2021.06.08.12.54.54_veh-26_02994_03970,on_traffic_light_intersection,8e8571244d9d51e0,TRAFFIC_CONE,0,100,101,101,0,101,100,1,0,1623174531623835,1623174536616008,43,48,10
f94b8f85441350ae,2021.06.08.12.54.54_veh-26_02994_03970,on_traffic_light_intersection,5fe4b787d8c25e69,TRAFFIC_CONE,0,100,101,101,0,101,100,1,0,1623174531623835,1623174536616008,0,0,101
f94b8f85441350ae,2021.06.08.12.54.54_veh-26_02994_03970,on_traffic_light_intersection,5781bdb9631d525d,TRAFFIC_CONE,0,100,101,101,0,101,100,1,0,1623174531623835,1623174536616008,0,0,101
f94b8f85441350ae,2021.06.08.12.54.54_veh-26_02994_03970,on_traffic_light_intersection,ff7abc91e5ef5288,TRAFFIC_CONE,0,100,101,101,0,101,100,1,0,1623174531623835,1623174536616008,0,0,101
f94b8f85441350ae,2021.06.08.12.54.54_veh-26_02994_03970,on_traffic_light_intersection,7803007a3cff5f6a,TRAFFIC_CONE,0,100,101,101,0,101,100,1,0,1623174531623835,1623174536616008,0,0,101
f94b8f85441350ae,2021.06.08.12.54.54_veh-26_02994_03970,on_traffic_light_intersection,199d770212c55375,TRAFFIC_CONE,0,78,79,79,0,79,78,1,0,1623174531623835,1623174535518670,0,0,79
f94b8f85441350ae,2021.06.08.12.54.54_veh-26_02994_03970,on_traffic_light_intersection,ac1038aebd46502e,TRAFFIC_CONE,0,100,101,101,0,101,100,1,0,1623174531623835,1623174536616008,101,0,0
f94b8f85441350ae,2021.06.08.12.54.54_veh-26_02994_03970,on_traffic_light_intersection,609eef31e53b5f59,TRAFFIC_CONE,0,61,62,62,0,62,61,1,0,1623174531623835,1623174534669895,0,0,62
f94b8f85441350ae,2021.06.08.12.54.54_veh-26_02994_03970,on_traffic_light_intersection,1bf0a60cf0da502d,TRAFFIC_CONE,0,100,101,101,0,101,100,1,0,1623174531623835,1623174536616008,0,0,101
f94b8f85441350ae,2021.06.08.12.54.54_veh-26_02994_03970,on_traffic_light_intersection,84bfd5dc4d6a5da4,TRAFFIC_CONE,0,10,11,11,0,11,10,1,0,1623174531623835,1623174532123264,0,0,11
f94b8f85441350ae,2021.06.08.12.54.54_veh-26_02994_03970,on_traffic_light_intersection,b370fe78c2fe5d47,TRAFFIC_CONE,0,14,15,15,0,15,14,1,0,1623174531623835,1623174532323045,15,0,0
f94b8f85441350ae,2021.06.08.12.54.54_veh-26_02994_03970,on_traffic_light_intersection,866babb8c9b953f6,TRAFFIC_CONE,0,100,101,101,0,101,100,1,0,1623174531623835,1623174536616008,101,0,0
f94b8f85441350ae,2021.06.08.12.54.54_veh-26_02994_03970,on_traffic_light_intersection,7fd8cd4ed928502c,TRAFFIC_CONE,0,4,5,5,0,5,4,1,0,1623174531623835,1623174531823598,0,0,5
f94b8f85441350ae,2021.06.08.12.54.54_veh-26_02994_03970,on_traffic_light_intersection,dba7c6ccd35d5a63,BARRIER,0,33,34,34,0,34,33,1,0,1623174531623835,1623174533271638,0,0,34
f94b8f85441350ae,2021.06.08.12.54.54_veh-26_02994_03970,on_traffic_light_intersection,12758e5f2caf5fc8,BARRIER,0,1,2,2,0,2,1,1,0,1623174531623835,1623174531673774,0,0,2
f94b8f85441350ae,2021.06.08.12.54.54_veh-26_02994_03970,on_traffic_light_intersection,a75f5602ab7d5db5,CZONE_SIGN,0,56,57,57,0,57,56,1,0,1623174531623835,1623174534420205,0,0,57
f94b8f85441350ae,2021.06.08.12.54.54_veh-26_02994_03970,on_traffic_light_intersection,4e9ffa5e2caa585d,CZONE_SIGN,0,100,101,101,0,101,100,1,0,1623174531623835,1623174536616008,0,0,101
f94b8f85441350ae,2021.06.08.12.54.54_veh-26_02994_03970,on_traffic_light_intersection,093681a23bf955ef,CZONE_SIGN,0,21,22,22,0,22,21,1,0,1623174531623835,1623174532672534,0,0,22
f94b8f85441350ae,2021.06.08.12.54.54_veh-26_02994_03970,on_traffic_light_intersection,d301b8a513ae54fe,GENERIC_OBJECT,0,100,101,101,0,101,100,1,0,1623174531623835,1623174536616008,96,5,0
f94b8f85441350ae,2021.06.08.12.54.54_veh-26_02994_03970,on_traffic_light_intersection,30597aef93b35342,GENERIC_OBJECT,0,100,101,101,0,101,100,1,0,1623174531623835,1623174536616008,76,25,0
f94b8f85441350ae,2021.06.08.12.54.54_veh-26_02994_03970,on_traffic_light_intersection,ad452358cfdf547f,GENERIC_OBJECT,0,27,28,28,0,28,27,1,0,1623174531623835,1623174532972033,24,4,0
f94b8f85441350ae,2021.06.08.12.54.54_veh-26_02994_03970,on_traffic_light_intersection,1b41a4f9a7985632,GENERIC_OBJECT,0,23,24,24,0,24,23,1,0,1623174531623835,1623174532772364,6,18,0
f94b8f85441350ae,2021.06.08.12.54.54_veh-26_02994_03970,on_traffic_light_intersection,4496a41924bc5f36,GENERIC_OBJECT,0,100,101,101,0,101,100,1,0,1623174531623835,1623174536616008,0,0,101
f94b8f85441350ae,2021.06.08.12.54.54_veh-26_02994_03970,on_traffic_light_intersection,8be4c05a2ec7529a,GENERIC_OBJECT,0,100,101,101,0,101,100,1,0,1623174531623835,1623174536616008,0,0,101
f94b8f85441350ae,2021.06.08.12.54.54_veh-26_02994_03970,on_traffic_light_intersection,af1cb8f468725a5f,GENERIC_OBJECT,0,100,101,101,0,101,100,1,0,1623174531623835,1623174536616008,0,0,101
f94b8f85441350ae,2021.06.08.12.54.54_veh-26_02994_03970,on_traffic_light_intersection,cac14c565dc95fea,GENERIC_OBJECT,0,100,101,101,0,101,100,1,0,1623174531623835,1623174536616008,0,0,101
f94b8f85441350ae,2021.06.08.12.54.54_veh-26_02994_03970,on_traffic_light_intersection,94e9f611af155f4b,GENERIC_OBJECT,0,100,101,101,0,101,100,1,0,1623174531623835,1623174536616008,0,0,101
f94b8f85441350ae,2021.06.08.12.54.54_veh-26_02994_03970,on_traffic_light_intersection,c8586f6f94745039,GENERIC_OBJECT,0,100,101,101,0,101,100,1,0,1623174531623835,1623174536616008,0,0,101
f94b8f85441350ae,2021.06.08.12.54.54_veh-26_02994_03970,on_traffic_light_intersection,f51d70b5d35f5bf2,GENERIC_OBJECT,0,100,101,101,0,101,100,1,0,1623174531623835,1623174536616008,0,0,101
f94b8f85441350ae,2021.06.08.12.54.54_veh-26_02994_03970,on_traffic_light_intersection,e70491a5c1de501c,GENERIC_OBJECT,0,100,101,101,0,101,100,1,0,1623174531623835,1623174536616008,101,0,0
f94b8f85441350ae,2021.06.08.12.54.54_veh-26_02994_03970,on_traffic_light_intersection,61ae886dd3f65fa6,GENERIC_OBJECT,0,100,101,101,0,101,100,1,0,1623174531623835,1623174536616008,101,0,0
f94b8f85441350ae,2021.06.08.12.54.54_veh-26_02994_03970,on_traffic_light_intersection,b576ddf6df325dc7,GENERIC_OBJECT,0,100,101,101,0,101,100,1,0,1623174531623835,1623174536616008,101,0,0
f94b8f85441350ae,2021.06.08.12.54.54_veh-26_02994_03970,on_traffic_light_intersection,e354484b4c525a0d,GENERIC_OBJECT,0,100,101,101,0,101,100,1,0,1623174531623835,1623174536616008,101,0,0
f94b8f85441350ae,2021.06.08.12.54.54_veh-26_02994_03970,on_traffic_light_intersection,a7cc69f774a254a6,GENERIC_OBJECT,0,100,101,101,0,101,100,1,0,1623174531623835,1623174536616008,101,0,0
f94b8f85441350ae,2021.06.08.12.54.54_veh-26_02994_03970,on_traffic_light_intersection,202c07c832e7575d,GENERIC_OBJECT,0,100,101,101,0,101,100,1,0,1623174531623835,1623174536616008,0,0,101
f94b8f85441350ae,2021.06.08.12.54.54_veh-26_02994_03970,on_traffic_light_intersection,49438fba0dbd5b67,GENERIC_OBJECT,0,100,101,101,0,101,100,1,0,1623174531623835,1623174536616008,101,0,0
f94b8f85441350ae,2021.06.08.12.54.54_veh-26_02994_03970,on_traffic_light_intersection,f58826c43df651fb,GENERIC_OBJECT,0,100,101,101,0,101,100,1,0,1623174531623835,1623174536616008,0,0,101
f94b8f85441350ae,2021.06.08.12.54.54_veh-26_02994_03970,on_traffic_light_intersection,b0e13dd0ae9b5830,GENERIC_OBJECT,0,100,101,101,0,101,100,1,0,1623174531623835,1623174536616008,0,0,101
f94b8f85441350ae,2021.06.08.12.54.54_veh-26_02994_03970,on_traffic_light_intersection,578efaa0e2595e72,GENERIC_OBJECT,0,100,101,101,0,101,100,1,0,1623174531623835,1623174536616008,101,0,0
f94b8f85441350ae,2021.06.08.12.54.54_veh-26_02994_03970,on_traffic_light_intersection,6fced2b26e6f5335,GENERIC_OBJECT,0,92,93,93,0,93,92,1,0,1623174531623835,1623174536217077,0,0,93
f94b8f85441350ae,2021.06.08.12.54.54_veh-26_02994_03970,on_traffic_light_intersection,b1670dff3eaa54ca,GENERIC_OBJECT,0,94,95,95,0,95,94,1,0,1623174531623835,1623174536316826,0,0,95
f94b8f85441350ae,2021.06.08.12.54.54_veh-26_02994_03970,on_traffic_light_intersection,b10efb1c61b0523e,GENERIC_OBJECT,0,100,101,101,0,101,100,1,0,1623174531623835,1623174536616008,0,0,101
f94b8f85441350ae,2021.06.08.12.54.54_veh-26_02994_03970,on_traffic_light_intersection,2978e7bba6e854cf,GENERIC_OBJECT,0,100,101,101,0,101,100,1,0,1623174531623835,1623174536616008,0,0,101
f94b8f85441350ae,2021.06.08.12.54.54_veh-26_02994_03970,on_traffic_light_intersection,244f503636375682,GENERIC_OBJECT,0,100,101,101,0,101,100,1,0,1623174531623835,1623174536616008,0,0,101
f94b8f85441350ae,2021.06.08.12.54.54_veh-26_02994_03970,on_traffic_light_intersection,3f2fe19c38f0545c,GENERIC_OBJECT,0,99,100,100,0,100,99,1,0,1623174531623835,1623174536566159,0,0,100
f94b8f85441350ae,2021.06.08.12.54.54_veh-26_02994_03970,on_traffic_light_intersection,12a2937a34325ae1,GENERIC_OBJECT,0,100,101,101,0,101,100,1,0,1623174531623835,1623174536616008,3,98,0
f94b8f85441350ae,2021.06.08.12.54.54_veh-26_02994_03970,on_traffic_light_intersection,e029af1f9bde5e0b,GENERIC_OBJECT,0,100,101,101,0,101,100,1,0,1623174531623835,1623174536616008,0,101,0
f94b8f85441350ae,2021.06.08.12.54.54_veh-26_02994_03970,on_traffic_light_intersection,182ee514e0385086,GENERIC_OBJECT,0,100,101,101,0,101,100,1,0,1623174531623835,1623174536616008,0,101,0
f94b8f85441350ae,2021.06.08.12.54.54_veh-26_02994_03970,on_traffic_light_intersection,289d98a90e46574f,GENERIC_OBJECT,0,100,101,101,0,101,100,1,0,1623174531623835,1623174536616008,0,0,101
f94b8f85441350ae,2021.06.08.12.54.54_veh-26_02994_03970,on_traffic_light_intersection,11b1c9a1689c5dca,GENERIC_OBJECT,0,100,101,101,0,101,100,1,0,1623174531623835,1623174536616008,101,0,0
f94b8f85441350ae,2021.06.08.12.54.54_veh-26_02994_03970,on_traffic_light_intersection,9f5a8cbd85a75334,GENERIC_OBJECT,0,100,101,101,0,101,100,1,0,1623174531623835,1623174536616008,0,0,101
f94b8f85441350ae,2021.06.08.12.54.54_veh-26_02994_03970,on_traffic_light_intersection,271fa5c702855084,GENERIC_OBJECT,0,100,101,101,0,101,100,1,0,1623174531623835,1623174536616008,101,0,0
f94b8f85441350ae,2021.06.08.12.54.54_veh-26_02994_03970,on_traffic_light_intersection,e12d980f3a1c5253,GENERIC_OBJECT,0,100,101,101,0,101,100,1,0,1623174531623835,1623174536616008,101,0,0
f94b8f85441350ae,2021.06.08.12.54.54_veh-26_02994_03970,on_traffic_light_intersection,5ef920ab7d91514c,GENERIC_OBJECT,0,100,101,101,0,101,100,1,0,1623174531623835,1623174536616008,101,0,0
f94b8f85441350ae,2021.06.08.12.54.54_veh-26_02994_03970,on_traffic_light_intersection,4482c4406c935e75,GENERIC_OBJECT,0,87,88,88,0,88,87,1,0,1623174531623835,1623174535967709,0,0,88
f94b8f85441350ae,2021.06.08.12.54.54_veh-26_02994_03970,on_traffic_light_intersection,10de359543945048,GENERIC_OBJECT,0,93,94,94,0,94,93,1,0,1623174531623835,1623174536266951,0,0,94
f94b8f85441350ae,2021.06.08.12.54.54_veh-26_02994_03970,on_traffic_light_intersection,ef444ca661d05d30,GENERIC_OBJECT,0,100,101,101,0,101,100,1,0,1623174531623835,1623174536616008,0,62,39
f94b8f85441350ae,2021.06.08.12.54.54_veh-26_02994_03970,on_traffic_light_intersection,2ba2616cf35d571a,GENERIC_OBJECT,0,100,101,101,0,101,100,1,0,1623174531623835,1623174536616008,0,0,101
f94b8f85441350ae,2021.06.08.12.54.54_veh-26_02994_03970,on_traffic_light_intersection,1759b3b1387c51d4,GENERIC_OBJECT,0,100,101,101,0,101,100,1,0,1623174531623835,1623174536616008,0,0,101
f94b8f85441350ae,2021.06.08.12.54.54_veh-26_02994_03970,on_traffic_light_intersection,384471401b5352cc,GENERIC_OBJECT,0,100,101,101,0,101,100,1,0,1623174531623835,1623174536616008,19,82,0
f94b8f85441350ae,2021.06.08.12.54.54_veh-26_02994_03970,on_traffic_light_intersection,c5fa2f54d7de5a94,GENERIC_OBJECT,0,100,101,101,0,101,100,1,0,1623174531623835,1623174536616008,0,0,101
f94b8f85441350ae,2021.06.08.12.54.54_veh-26_02994_03970,on_traffic_light_intersection,7a4ff85827785a2b,GENERIC_OBJECT,0,6,7,7,0,7,6,1,0,1623174531623835,1623174531923479,0,7,0
f94b8f85441350ae,2021.06.08.12.54.54_veh-26_02994_03970,on_traffic_light_intersection,a077c55dbc0b5b05,GENERIC_OBJECT,0,100,101,101,0,101,100,1,0,1623174531623835,1623174536616008,0,13,88
f94b8f85441350ae,2021.06.08.12.54.54_veh-26_02994_03970,on_traffic_light_intersection,f7410b4c683b5e9d,GENERIC_OBJECT,0,100,101,101,0,101,100,1,0,1623174531623835,1623174536616008,0,21,80
f94b8f85441350ae,2021.06.08.12.54.54_veh-26_02994_03970,on_traffic_light_intersection,09e4b47859935757,GENERIC_OBJECT,0,100,101,101,0,101,100,1,0,1623174531623835,1623174536616008,0,0,101
f94b8f85441350ae,2021.06.08.12.54.54_veh-26_02994_03970,on_traffic_light_intersection,71436cffa4df5938,GENERIC_OBJECT,0,100,101,101,0,101,100,1,0,1623174531623835,1623174536616008,0,0,101
f94b8f85441350ae,2021.06.08.12.54.54_veh-26_02994_03970,on_traffic_light_intersection,76694db9835e5c55,GENERIC_OBJECT,0,40,41,41,0,41,40,1,0,1623174531623835,1623174533621130,0,0,41
f94b8f85441350ae,2021.06.08.12.54.54_veh-26_02994_03970,on_traffic_light_intersection,3f0dd37242a45bee,GENERIC_OBJECT,0,100,101,101,0,101,100,1,0,1623174531623835,1623174536616008,101,0,0
f94b8f85441350ae,2021.06.08.12.54.54_veh-26_02994_03970,on_traffic_light_intersection,3253ca500d4b51e8,GENERIC_OBJECT,0,100,101,101,0,101,100,1,0,1623174531623835,1623174536616008,101,0,0
f94b8f85441350ae,2021.06.08.12.54.54_veh-26_02994_03970,on_traffic_light_intersection,8f856c439b3859d1,GENERIC_OBJECT,0,100,101,101,0,101,100,1,0,1623174531623835,1623174536616008,0,0,101
f94b8f85441350ae,2021.06.08.12.54.54_veh-26_02994_03970,on_traffic_light_intersection,065787a94c2e50aa,GENERIC_OBJECT,0,100,101,101,0,101,100,1,0,1623174531623835,1623174536616008,0,0,101
f94b8f85441350ae,2021.06.08.12.54.54_veh-26_02994_03970,on_traffic_light_intersection,41f9488874e65aa9,GENERIC_OBJECT,0,100,101,101,0,101,100,1,0,1623174531623835,1623174536616008,0,0,101
f94b8f85441350ae,2021.06.08.12.54.54_veh-26_02994_03970,on_traffic_light_intersection,1221cc43791a5c5a,GENERIC_OBJECT,0,80,81,81,0,81,80,1,0,1623174531623835,1623174535618486,81,0,0
f94b8f85441350ae,2021.06.08.12.54.54_veh-26_02994_03970,on_traffic_light_intersection,452b2fb036cd539a,GENERIC_OBJECT,0,100,101,101,0,101,100,1,0,1623174531623835,1623174536616008,0,0,101
f94b8f85441350ae,2021.06.08.12.54.54_veh-26_02994_03970,on_traffic_light_intersection,d1332c5117795b60,GENERIC_OBJECT,0,100,101,101,0,101,100,1,0,1623174531623835,1623174536616008,0,0,101
f94b8f85441350ae,2021.06.08.12.54.54_veh-26_02994_03970,on_traffic_light_intersection,d03c0712f80b5393,GENERIC_OBJECT,0,100,101,101,0,101,100,1,0,1623174531623835,1623174536616008,0,0,101
f94b8f85441350ae,2021.06.08.12.54.54_veh-26_02994_03970,on_traffic_light_intersection,4aa76d85271d590a,GENERIC_OBJECT,0,100,101,101,0,101,100,1,0,1623174531623835,1623174536616008,0,0,101
f94b8f85441350ae,2021.06.08.12.54.54_veh-26_02994_03970,on_traffic_light_intersection,b62e42d082765b90,GENERIC_OBJECT,0,100,101,101,0,101,100,1,0,1623174531623835,1623174536616008,0,0,101
f94b8f85441350ae,2021.06.08.12.54.54_veh-26_02994_03970,on_traffic_light_intersection,343d890a2da454c8,GENERIC_OBJECT,0,100,101,101,0,101,100,1,0,1623174531623835,1623174536616008,0,0,101
f94b8f85441350ae,2021.06.08.12.54.54_veh-26_02994_03970,on_traffic_light_intersection,ec1fa030e868587c,GENERIC_OBJECT,0,100,101,101,0,101,100,1,0,1623174531623835,1623174536616008,0,0,101
f94b8f85441350ae,2021.06.08.12.54.54_veh-26_02994_03970,on_traffic_light_intersection,be7f0f4b4bfd5767,GENERIC_OBJECT,0,100,101,101,0,101,100,1,0,1623174531623835,1623174536616008,0,0,101
f94b8f85441350ae,2021.06.08.12.54.54_veh-26_02994_03970,on_traffic_light_intersection,16f8c50eebfb5f33,GENERIC_OBJECT,0,100,101,101,0,101,100,1,0,1623174531623835,1623174536616008,0,0,101
f94b8f85441350ae,2021.06.08.12.54.54_veh-26_02994_03970,on_traffic_light_intersection,d068734d24dc544e,GENERIC_OBJECT,0,100,101,101,0,101,100,1,0,1623174531623835,1623174536616008,0,32,69
f94b8f85441350ae,2021.06.08.12.54.54_veh-26_02994_03970,on_traffic_light_intersection,fbb332931ac5552b,GENERIC_OBJECT,0,100,101,101,0,101,100,1,0,1623174531623835,1623174536616008,0,0,101
f94b8f85441350ae,2021.06.08.12.54.54_veh-26_02994_03970,on_traffic_light_intersection,7f010865450058cd,GENERIC_OBJECT,0,100,101,101,0,101,100,1,0,1623174531623835,1623174536616008,0,0,101
f94b8f85441350ae,2021.06.08.12.54.54_veh-26_02994_03970,on_traffic_light_intersection,880e6942deb55892,GENERIC_OBJECT,0,100,101,101,0,101,100,1,0,1623174531623835,1623174536616008,0,0,101
f94b8f85441350ae,2021.06.08.12.54.54_veh-26_02994_03970,on_traffic_light_intersection,daa6a5dc27a8573e,GENERIC_OBJECT,0,100,101,101,0,101,100,1,0,1623174531623835,1623174536616008,0,0,101
f94b8f85441350ae,2021.06.08.12.54.54_veh-26_02994_03970,on_traffic_light_intersection,2382b01740da5881,GENERIC_OBJECT,0,100,101,101,0,101,100,1,0,1623174531623835,1623174536616008,0,81,20
f94b8f85441350ae,2021.06.08.12.54.54_veh-26_02994_03970,on_traffic_light_intersection,526e904290895a04,GENERIC_OBJECT,0,100,101,101,0,101,100,1,0,1623174531623835,1623174536616008,0,0,101
f94b8f85441350ae,2021.06.08.12.54.54_veh-26_02994_03970,on_traffic_light_intersection,eaf3af955e345bf1,GENERIC_OBJECT,0,100,101,101,0,101,100,1,0,1623174531623835,1623174536616008,0,0,101
f94b8f85441350ae,2021.06.08.12.54.54_veh-26_02994_03970,on_traffic_light_intersection,19535565ee185582,GENERIC_OBJECT,0,100,101,101,0,101,100,1,0,1623174531623835,1623174536616008,101,0,0
f94b8f85441350ae,2021.06.08.12.54.54_veh-26_02994_03970,on_traffic_light_intersection,579cee6429105951,GENERIC_OBJECT,0,100,101,101,0,101,100,1,0,1623174531623835,1623174536616008,0,0,101
f94b8f85441350ae,2021.06.08.12.54.54_veh-26_02994_03970,on_traffic_light_intersection,2867d87f86c652d6,GENERIC_OBJECT,0,100,101,101,0,101,100,1,0,1623174531623835,1623174536616008,0,0,101
f94b8f85441350ae,2021.06.08.12.54.54_veh-26_02994_03970,on_traffic_light_intersection,d8866578f9445d89,GENERIC_OBJECT,0,100,101,101,0,101,100,1,0,1623174531623835,1623174536616008,0,13,88
f94b8f85441350ae,2021.06.08.12.54.54_veh-26_02994_03970,on_traffic_light_intersection,a0ca6759b9c4525a,GENERIC_OBJECT,0,7,8,8,0,8,7,1,0,1623174531623835,1623174531973419,0,0,8
f94b8f85441350ae,2021.06.08.12.54.54_veh-26_02994_03970,on_traffic_light_intersection,b58ed9befdf55d19,VEHICLE,2,37,36,36,0,36,35,1,0,1623174531723715,1623174533471343,0,0,36
f94b8f85441350ae,2021.06.08.12.54.54_veh-26_02994_03970,on_traffic_light_intersection,0ff830444fda5a8a,PEDESTRIAN,2,33,32,32,0,32,31,1,0,1623174531723715,1623174533271638,0,0,32
f94b8f85441350ae,2021.06.08.12.54.54_veh-26_02994_03970,on_traffic_light_intersection,b067a303a20a5b70,GENERIC_OBJECT,4,100,97,97,0,97,96,1,0,1623174531823598,1623174536616008,0,45,52
f94b8f85441350ae,2021.06.08.12.54.54_veh-26_02994_03970,on_traffic_light_intersection,e7e9fb0883935d37,GENERIC_OBJECT,4,13,10,10,0,10,9,1,0,1623174531823598,1623174532273109,0,0,10
f94b8f85441350ae,2021.06.08.12.54.54_veh-26_02994_03970,on_traffic_light_intersection,aff911e6515053fb,VEHICLE,5,31,27,27,0,27,26,1,0,1623174531873538,1623174533171786,0,0,0
f94b8f85441350ae,2021.06.08.12.54.54_veh-26_02994_03970,on_traffic_light_intersection,124ab9bbd15a5fcf,GENERIC_OBJECT,5,100,96,96,0,96,95,1,0,1623174531873538,1623174536616008,0,0,96
f94b8f85441350ae,2021.06.08.12.54.54_veh-26_02994_03970,on_traffic_light_intersection,820abcceee5556da,GENERIC_OBJECT,8,100,93,93,0,93,92,1,0,1623174532023363,1623174536616008,0,0,93
f94b8f85441350ae,2021.06.08.12.54.54_veh-26_02994_03970,on_traffic_light_intersection,462fbd0161ee5f16,TRAFFIC_CONE,11,16,6,6,0,6,5,1,0,1623174532173217,1623174532422902,0,0,6
f94b8f85441350ae,2021.06.08.12.54.54_veh-26_02994_03970,on_traffic_light_intersection,ab2ff564ea0a5fe6,BARRIER,12,15,4,4,0,4,3,1,0,1623174532223165,1623174532372976,0,0,4
f94b8f85441350ae,2021.06.08.12.54.54_veh-26_02994_03970,on_traffic_light_intersection,b340840bcaeb547c,GENERIC_OBJECT,15,100,86,86,0,86,85,1,0,1623174532372976,1623174536616008,0,0,86
f94b8f85441350ae,2021.06.08.12.54.54_veh-26_02994_03970,on_traffic_light_intersection,f6113ff219835fab,TRAFFIC_CONE,16,28,13,13,0,13,12,1,0,1623174532422902,1623174533021972,0,0,13
f94b8f85441350ae,2021.06.08.12.54.54_veh-26_02994_03970,on_traffic_light_intersection,03252c5055ce5a27,GENERIC_OBJECT,18,100,83,83,0,83,82,1,0,1623174532522755,1623174536616008,0,0,83
f94b8f85441350ae,2021.06.08.12.54.54_veh-26_02994_03970,on_traffic_light_intersection,0591683f319f51fd,VEHICLE,19,100,82,82,0,82,81,1,0,1623174532572683,1623174536616008,62,0,20
f94b8f85441350ae,2021.06.08.12.54.54_veh-26_02994_03970,on_traffic_light_intersection,cec85bed3dae5dd4,GENERIC_OBJECT,21,100,80,80,0,80,79,1,0,1623174532672534,1623174536616008,0,0,80
f94b8f85441350ae,2021.06.08.12.54.54_veh-26_02994_03970,on_traffic_light_intersection,53960034ea7e5e76,TRAFFIC_CONE,24,97,74,74,0,74,73,1,0,1623174532822273,1623174536466444,74,0,0
f94b8f85441350ae,2021.06.08.12.54.54_veh-26_02994_03970,on_traffic_light_intersection,ecb3f7fd6e0a5ec7,GENERIC_OBJECT,24,100,77,77,0,77,76,1,0,1623174532822273,1623174536616008,0,0,77
f94b8f85441350ae,2021.06.08.12.54.54_veh-26_02994_03970,on_traffic_light_intersection,31f6a7b1100655e4,TRAFFIC_CONE,25,31,7,7,0,7,6,1,0,1623174532872186,1623174533171786,4,0,3
f94b8f85441350ae,2021.06.08.12.54.54_veh-26_02994_03970,on_traffic_light_intersection,5de78b984d0452f1,GENERIC_OBJECT,29,100,72,72,0,72,71,1,0,1623174533071913,1623174536616008,0,0,72
f94b8f85441350ae,2021.06.08.12.54.54_veh-26_02994_03970,on_traffic_light_intersection,76cbe7670e6158a8,GENERIC_OBJECT,33,100,68,68,0,68,67,1,0,1623174533271638,1623174536616008,31,37,0
f94b8f85441350ae,2021.06.08.12.54.54_veh-26_02994_03970,on_traffic_light_intersection,c6e171a823565557,VEHICLE,34,81,48,48,0,48,47,1,0,1623174533321561,1623174535668383,0,0,48
f94b8f85441350ae,2021.06.08.12.54.54_veh-26_02994_03970,on_traffic_light_intersection,1012761f587d500e,VEHICLE,34,100,67,67,0,67,66,1,0,1623174533321561,1623174536616008,0,0,67
f94b8f85441350ae,2021.06.08.12.54.54_veh-26_02994_03970,on_traffic_light_intersection,86c68a2d853a5349,TRAFFIC_CONE,36,81,46,46,0,46,45,1,0,1623174533421413,1623174535668383,46,0,0
f94b8f85441350ae,2021.06.08.12.54.54_veh-26_02994_03970,on_traffic_light_intersection,e758dc0032af595c,TRAFFIC_CONE,36,100,65,65,0,65,64,1,0,1623174533421413,1623174536616008,2,0,63
f94b8f85441350ae,2021.06.08.12.54.54_veh-26_02994_03970,on_traffic_light_intersection,e488e56de4fa5ccf,GENERIC_OBJECT,38,100,63,63,0,63,62,1,0,1623174533521274,1623174536616008,0,0,63
f94b8f85441350ae,2021.06.08.12.54.54_veh-26_02994_03970,on_traffic_light_intersection,419b05ebe6985f7c,GENERIC_OBJECT,41,100,60,60,0,60,59,1,0,1623174533671060,1623174536616008,0,0,60
f94b8f85441350ae,2021.06.08.12.54.54_veh-26_02994_03970,on_traffic_light_intersection,88ca99d39c905c89,VEHICLE,44,50,7,7,0,7,6,1,0,1623174533820867,1623174534120536,7,0,0
f94b8f85441350ae,2021.06.08.12.54.54_veh-26_02994_03970,on_traffic_light_intersection,49a2bd7e71e95c1a,VEHICLE,46,100,55,55,0,55,54,1,0,1623174533920755,1623174536616008,0,0,55
f94b8f85441350ae,2021.06.08.12.54.54_veh-26_02994_03970,on_traffic_light_intersection,8218ec3c11855dc4,CZONE_SIGN,46,78,33,33,0,33,32,1,0,1623174533920755,1623174535518670,14,0,19
f94b8f85441350ae,2021.06.08.12.54.54_veh-26_02994_03970,on_traffic_light_intersection,66673aed115e5ee9,GENERIC_OBJECT,46,100,55,55,0,55,54,1,0,1623174533920755,1623174536616008,0,0,55
f94b8f85441350ae,2021.06.08.12.54.54_veh-26_02994_03970,on_traffic_light_intersection,a0f8e10948f75534,PEDESTRIAN,48,62,15,15,0,15,14,1,0,1623174534020645,1623174534719840,0,0,15
f94b8f85441350ae,2021.06.08.12.54.54_veh-26_02994_03970,on_traffic_light_intersection,9f68d7c9cbeb5ce3,TRAFFIC_CONE,49,100,52,52,0,52,51,1,0,1623174534070590,1623174536616008,52,0,0
f94b8f85441350ae,2021.06.08.12.54.54_veh-26_02994_03970,on_traffic_light_intersection,d81e5d1bd4825f45,GENERIC_OBJECT,51,100,50,50,0,50,49,1,0,1623174534170485,1623174536616008,0,8,42
f94b8f85441350ae,2021.06.08.12.54.54_veh-26_02994_03970,on_traffic_light_intersection,2ffa110047d65051,VEHICLE,52,100,49,49,0,49,48,1,0,1623174534220435,1623174536616008,0,0,49
f94b8f85441350ae,2021.06.08.12.54.54_veh-26_02994_03970,on_traffic_light_intersection,18dcd7484b255ed1,VEHICLE,53,100,48,48,0,48,47,1,0,1623174534270388,1623174536616008,0,0,48
f94b8f85441350ae,2021.06.08.12.54.54_veh-26_02994_03970,on_traffic_light_intersection,d9863ac30a235de2,GENERIC_OBJECT,53,100,48,48,0,48,47,1,0,1623174534270388,1623174536616008,0,0,48
f94b8f85441350ae,2021.06.08.12.54.54_veh-26_02994_03970,on_traffic_light_intersection,15ff66e55c4b5b11,GENERIC_OBJECT,55,94,40,40,0,40,39,1,0,1623174534370274,1623174536316826,0,0,40
f94b8f85441350ae,2021.06.08.12.54.54_veh-26_02994_03970,on_traffic_light_intersection,df6ebe6da8e4536f,VEHICLE,56,100,45,45,0,45,44,1,0,1623174534420205,1623174536616008,0,0,45
f94b8f85441350ae,2021.06.08.12.54.54_veh-26_02994_03970,on_traffic_light_intersection,d980f50a9b915f65,TRAFFIC_CONE,57,88,32,32,0,32,31,1,0,1623174534470132,1623174536017584,0,0,32
f94b8f85441350ae,2021.06.08.12.54.54_veh-26_02994_03970,on_traffic_light_intersection,bd3a5818bab452cf,GENERIC_OBJECT,58,100,43,43,0,43,42,1,0,1623174534520064,1623174536616008,0,0,43
f94b8f85441350ae,2021.06.08.12.54.54_veh-26_02994_03970,on_traffic_light_intersection,8c8e68b666c8567d,PEDESTRIAN,63,100,38,38,0,38,37,1,0,1623174534769780,1623174536616008,0,0,38
f94b8f85441350ae,2021.06.08.12.54.54_veh-26_02994_03970,on_traffic_light_intersection,113bc35b74b252d7,VEHICLE,65,100,36,36,0,36,35,1,0,1623174534869644,1623174536616008,0,0,36
f94b8f85441350ae,2021.06.08.12.54.54_veh-26_02994_03970,on_traffic_light_intersection,a718ac5ec27e5383,GENERIC_OBJECT,66,100,35,35,0,35,34,1,0,1623174534919571,1623174536616008,0,0,35
f94b8f85441350ae,2021.06.08.12.54.54_veh-26_02994_03970,on_traffic_light_intersection,182387159f665013,VEHICLE,69,100,32,32,0,32,31,1,0,1623174535069358,1623174536616008,0,0,32
f94b8f85441350ae,2021.06.08.12.54.54_veh-26_02994_03970,on_traffic_light_intersection,1c1a00bd8e8d58da,GENERIC_OBJECT,71,100,30,30,0,30,29,1,0,1623174535169211,1623174536616008,30,0,0
f94b8f85441350ae,2021.06.08.12.54.54_veh-26_02994_03970,on_traffic_light_intersection,c930381c43d35c94,VEHICLE,73,84,12,12,0,12,11,1,0,1623174535269052,1623174535818060,0,0,12
f94b8f85441350ae,2021.06.08.12.54.54_veh-26_02994_03970,on_traffic_light_intersection,0fc8f3fc92775f70,VEHICLE,79,83,5,5,0,5,4,1,0,1623174535568583,1623174535768170,0,0,5
f94b8f85441350ae,2021.06.08.12.54.54_veh-26_02994_03970,on_traffic_light_intersection,916a339438955bfe,BICYCLE,79,100,22,22,0,22,21,1,0,1623174535568583,1623174536616008,0,0,0
f94b8f85441350ae,2021.06.08.12.54.54_veh-26_02994_03970,on_traffic_light_intersection,c9eab6f259b45b1a,VEHICLE,80,100,21,21,0,21,20,1,0,1623174535618486,1623174536616008,0,0,21
f94b8f85441350ae,2021.06.08.12.54.54_veh-26_02994_03970,on_traffic_light_intersection,c4853aeda6f95da3,VEHICLE,82,86,5,5,0,5,4,1,0,1623174535718278,1623174535917830,0,0,5
f94b8f85441350ae,2021.06.08.12.54.54_veh-26_02994_03970,on_traffic_light_intersection,ff219380d4b85038,GENERIC_OBJECT,82,100,19,19,0,19,18,1,0,1623174535718278,1623174536616008,0,0,19
f94b8f85441350ae,2021.06.08.12.54.54_veh-26_02994_03970,on_traffic_light_intersection,00b0de5eb9af5728,TRAFFIC_CONE,84,90,7,7,0,7,6,1,0,1623174535818060,1623174536117332,7,0,0
f94b8f85441350ae,2021.06.08.12.54.54_veh-26_02994_03970,on_traffic_light_intersection,12f8c492e5245fff,GENERIC_OBJECT,85,100,16,16,0,16,15,1,0,1623174535867947,1623174536616008,0,5,11
f94b8f85441350ae,2021.06.08.12.54.54_veh-26_02994_03970,on_traffic_light_intersection,65da394e8e005d08,TRAFFIC_CONE,90,100,11,11,0,11,10,1,0,1623174536117332,1623174536616008,0,0,11
f94b8f85441350ae,2021.06.08.12.54.54_veh-26_02994_03970,on_traffic_light_intersection,5059966561f15e88,GENERIC_OBJECT,90,100,11,11,0,11,10,1,0,1623174536117332,1623174536616008,11,0,0
f94b8f85441350ae,2021.06.08.12.54.54_veh-26_02994_03970,on_traffic_light_intersection,a249c41f9fbf5997,BARRIER,91,96,6,6,0,6,5,1,0,1623174536167204,1623174536416575,0,0,6
f94b8f85441350ae,2021.06.08.12.54.54_veh-26_02994_03970,on_traffic_light_intersection,f14ca1d62e3e590e,VEHICLE,92,100,9,9,0,9,8,1,0,1623174536217077,1623174536616008,0,0,9
f94b8f85441350ae,2021.06.08.12.54.54_veh-26_02994_03970,on_traffic_light_intersection,20723d582f1257d2,TRAFFIC_CONE,92,100,9,9,0,9,8,1,0,1623174536217077,1623174536616008,0,0,9
f94b8f85441350ae,2021.06.08.12.54.54_veh-26_02994_03970,on_traffic_light_intersection,372b0cd25ce859ec,GENERIC_OBJECT,92,100,9,9,0,9,8,1,0,1623174536217077,1623174536616008,0,0,9
f94b8f85441350ae,2021.06.08.12.54.54_veh-26_02994_03970,on_traffic_light_intersection,368ee5c218f256bc,VEHICLE,93,100,8,8,0,8,7,1,0,1623174536266951,1623174536616008,0,0,8
f94b8f85441350ae,2021.06.08.12.54.54_veh-26_02994_03970,on_traffic_light_intersection,8bb5c5ba761c5bc2,GENERIC_OBJECT,94,100,7,7,0,7,6,1,0,1623174536316826,1623174536616008,0,0,7
f94b8f85441350ae,2021.06.08.12.54.54_veh-26_02994_03970,on_traffic_light_intersection,6dc0ff3c193f5557,TRAFFIC_CONE,95,100,6,6,0,6,5,1,0,1623174536366701,1623174536616008,0,0,6
196e1a478cc956a9,2021.08.24.18.56.54_veh-45_00801_01587,on_traffic_light_intersection,6a9a40091ea0567a,VEHICLE,0,99,100,100,0,100,99,1,0,1629832659849523,1629832664800258,100,0,0
196e1a478cc956a9,2021.08.24.18.56.54_veh-45_00801_01587,on_traffic_light_intersection,cb85f85cfdea57cb,VEHICLE,0,99,100,100,0,100,99,1,0,1629832659849523,1629832664800258,100,0,0
196e1a478cc956a9,2021.08.24.18.56.54_veh-45_00801_01587,on_traffic_light_intersection,c3c0b463aaac539a,VEHICLE,0,99,100,100,0,100,99,1,0,1629832659849523,1629832664800258,100,0,0
196e1a478cc956a9,2021.08.24.18.56.54_veh-45_00801_01587,on_traffic_light_intersection,f96a079d3b4d5398,VEHICLE,0,99,100,100,0,100,99,1,0,1629832659849523,1629832664800258,0,0,100
196e1a478cc956a9,2021.08.24.18.56.54_veh-45_00801_01587,on_traffic_light_intersection,5e9abc2a162b5448,VEHICLE,0,99,100,100,0,100,99,1,0,1629832659849523,1629832664800258,0,0,0
196e1a478cc956a9,2021.08.24.18.56.54_veh-45_00801_01587,on_traffic_light_intersection,039a0f53883a5472,VEHICLE,0,73,74,74,0,74,73,1,0,1629832659849523,1629832663499265,0,0,0
196e1a478cc956a9,2021.08.24.18.56.54_veh-45_00801_01587,on_traffic_light_intersection,fda2dc177892572d,VEHICLE,0,57,58,58,0,58,57,1,0,1629832659849523,1629832662699525,0,0,0
196e1a478cc956a9,2021.08.24.18.56.54_veh-45_00801_01587,on_traffic_light_intersection,2e3482a2fbfa5947,VEHICLE,0,84,85,85,0,85,84,1,0,1629832659849523,1629832664049691,0,0,85
196e1a478cc956a9,2021.08.24.18.56.54_veh-45_00801_01587,on_traffic_light_intersection,e95ec522dc0f5c87,VEHICLE,0,99,100,100,0,100,99,1,0,1629832659849523,1629832664800258,0,0,0
196e1a478cc956a9,2021.08.24.18.56.54_veh-45_00801_01587,on_traffic_light_intersection,8fb1cc68e458571c,VEHICLE,0,99,100,100,0,100,99,1,0,1629832659849523,1629832664800258,0,0,0
196e1a478cc956a9,2021.08.24.18.56.54_veh-45_00801_01587,on_traffic_light_intersection,b910a51a4b365494,VEHICLE,0,99,100,100,0,100,99,1,0,1629832659849523,1629832664800258,0,0,100
196e1a478cc956a9,2021.08.24.18.56.54_veh-45_00801_01587,on_traffic_light_intersection,4766a4f8f14f56cd,VEHICLE,0,99,100,100,0,100,99,1,0,1629832659849523,1629832664800258,0,0,0
196e1a478cc956a9,2021.08.24.18.56.54_veh-45_00801_01587,on_traffic_light_intersection,c41acc60a9315932,VEHICLE,0,99,100,100,0,100,99,1,0,1629832659849523,1629832664800258,0,0,100
196e1a478cc956a9,2021.08.24.18.56.54_veh-45_00801_01587,on_traffic_light_intersection,333568dc26fe5d37,VEHICLE,0,99,100,100,0,100,99,1,0,1629832659849523,1629832664800258,0,0,0
196e1a478cc956a9,2021.08.24.18.56.54_veh-45_00801_01587,on_traffic_light_intersection,4915a2b0e2e0537b,VEHICLE,0,99,100,100,0,100,99,1,0,1629832659849523,1629832664800258,0,0,100
196e1a478cc956a9,2021.08.24.18.56.54_veh-45_00801_01587,on_traffic_light_intersection,24ba1f342bfa534a,VEHICLE,0,99,100,100,0,100,99,1,0,1629832659849523,1629832664800258,0,0,100
196e1a478cc956a9,2021.08.24.18.56.54_veh-45_00801_01587,on_traffic_light_intersection,8db79d54122b592b,VEHICLE,0,99,100,100,0,100,99,1,0,1629832659849523,1629832664800258,0,0,100
196e1a478cc956a9,2021.08.24.18.56.54_veh-45_00801_01587,on_traffic_light_intersection,1503dcbeb7165f2f,VEHICLE,0,99,100,100,0,100,99,1,0,1629832659849523,1629832664800258,64,0,36
196e1a478cc956a9,2021.08.24.18.56.54_veh-45_00801_01587,on_traffic_light_intersection,fb3bda7d8ea95baf,VEHICLE,0,99,100,100,0,100,99,1,0,1629832659849523,1629832664800258,0,0,0
196e1a478cc956a9,2021.08.24.18.56.54_veh-45_00801_01587,on_traffic_light_intersection,bfba46ee65815f12,VEHICLE,0,99,100,100,0,100,99,1,0,1629832659849523,1629832664800258,100,0,0
196e1a478cc956a9,2021.08.24.18.56.54_veh-45_00801_01587,on_traffic_light_intersection,92229dd4dd3a52dc,VEHICLE,0,99,100,100,0,100,99,1,0,1629832659849523,1629832664800258,100,0,0
196e1a478cc956a9,2021.08.24.18.56.54_veh-45_00801_01587,on_traffic_light_intersection,8004b68e6b565737,VEHICLE,0,99,100,100,0,100,99,1,0,1629832659849523,1629832664800258,0,0,0
196e1a478cc956a9,2021.08.24.18.56.54_veh-45_00801_01587,on_traffic_light_intersection,6063e211521a5095,VEHICLE,0,99,100,100,0,100,99,1,0,1629832659849523,1629832664800258,100,0,0
196e1a478cc956a9,2021.08.24.18.56.54_veh-45_00801_01587,on_traffic_light_intersection,32bd1390c7f252dd,VEHICLE,0,99,100,100,0,100,99,1,0,1629832659849523,1629832664800258,100,0,0
196e1a478cc956a9,2021.08.24.18.56.54_veh-45_00801_01587,on_traffic_light_intersection,453831e00219519b,VEHICLE,0,99,100,100,0,100,99,1,0,1629832659849523,1629832664800258,100,0,0
196e1a478cc956a9,2021.08.24.18.56.54_veh-45_00801_01587,on_traffic_light_intersection,ea11768bcbcf5e0a,VEHICLE,0,99,100,100,0,100,99,1,0,1629832659849523,1629832664800258,73,0,27
196e1a478cc956a9,2021.08.24.18.56.54_veh-45_00801_01587,on_traffic_light_intersection,c9a3887c3dd55a79,VEHICLE,0,99,100,100,0,100,99,1,0,1629832659849523,1629832664800258,0,0,100
196e1a478cc956a9,2021.08.24.18.56.54_veh-45_00801_01587,on_traffic_light_intersection,5e39e5c335105fd4,VEHICLE,0,99,100,100,0,100,99,1,0,1629832659849523,1629832664800258,0,0,100
196e1a478cc956a9,2021.08.24.18.56.54_veh-45_00801_01587,on_traffic_light_intersection,86ac444711475d3d,VEHICLE,0,99,100,100,0,100,99,1,0,1629832659849523,1629832664800258,0,0,0
196e1a478cc956a9,2021.08.24.18.56.54_veh-45_00801_01587,on_traffic_light_intersection,af69a0b0fa1a5cb8,VEHICLE,0,99,100,100,0,100,99,1,0,1629832659849523,1629832664800258,0,0,100
196e1a478cc956a9,2021.08.24.18.56.54_veh-45_00801_01587,on_traffic_light_intersection,1eea5874437d5c21,VEHICLE,0,99,100,100,0,100,99,1,0,1629832659849523,1629832664800258,0,0,100
196e1a478cc956a9,2021.08.24.18.56.54_veh-45_00801_01587,on_traffic_light_intersection,03ba6fec8d2f5faa,VEHICLE,0,99,100,100,0,100,99,1,0,1629832659849523,1629832664800258,0,0,0
196e1a478cc956a9,2021.08.24.18.56.54_veh-45_00801_01587,on_traffic_light_intersection,acaf352762535f30,VEHICLE,0,99,100,100,0,100,99,1,0,1629832659849523,1629832664800258,23,0,77
196e1a478cc956a9,2021.08.24.18.56.54_veh-45_00801_01587,on_traffic_light_intersection,32dd4f4c28e65fdb,PEDESTRIAN,0,99,100,100,0,100,99,1,0,1629832659849523,1629832664800258,100,0,0
196e1a478cc956a9,2021.08.24.18.56.54_veh-45_00801_01587,on_traffic_light_intersection,daafbe7a89685884,TRAFFIC_CONE,0,3,4,4,0,4,3,1,0,1629832659849523,1629832659999632,0,0,4
196e1a478cc956a9,2021.08.24.18.56.54_veh-45_00801_01587,on_traffic_light_intersection,26838c0c411158e5,CZONE_SIGN,0,99,100,100,0,100,99,1,0,1629832659849523,1629832664800258,100,0,0
196e1a478cc956a9,2021.08.24.18.56.54_veh-45_00801_01587,on_traffic_light_intersection,6b10e27b30dc5469,GENERIC_OBJECT,0,99,100,100,0,100,99,1,0,1629832659849523,1629832664800258,100,0,0
196e1a478cc956a9,2021.08.24.18.56.54_veh-45_00801_01587,on_traffic_light_intersection,cfbe07c6d4885c2f,GENERIC_OBJECT,0,22,23,23,0,23,22,1,0,1629832659849523,1629832660950174,23,0,0
196e1a478cc956a9,2021.08.24.18.56.54_veh-45_00801_01587,on_traffic_light_intersection,64da491d2ffd5da5,GENERIC_OBJECT,0,4,5,5,0,5,4,1,0,1629832659849523,1629832660049667,5,0,0
196e1a478cc956a9,2021.08.24.18.56.54_veh-45_00801_01587,on_traffic_light_intersection,d7636e9a7efa5674,GENERIC_OBJECT,0,99,100,100,0,100,99,1,0,1629832659849523,1629832664800258,100,0,0
196e1a478cc956a9,2021.08.24.18.56.54_veh-45_00801_01587,on_traffic_light_intersection,6dd2f02613a15a05,GENERIC_OBJECT,0,11,12,12,0,12,11,1,0,1629832659849523,1629832660399858,0,0,12
196e1a478cc956a9,2021.08.24.18.56.54_veh-45_00801_01587,on_traffic_light_intersection,0749dd895d5e5410,GENERIC_OBJECT,0,26,27,27,0,27,26,1,0,1629832659849523,1629832661150284,0,0,27
196e1a478cc956a9,2021.08.24.18.56.54_veh-45_00801_01587,on_traffic_light_intersection,376b72a6c119554a,GENERIC_OBJECT,0,47,48,48,0,48,47,1,0,1629832659849523,1629832662199852,48,0,0
196e1a478cc956a9,2021.08.24.18.56.54_veh-45_00801_01587,on_traffic_light_intersection,63687df016a35dba,GENERIC_OBJECT,0,25,26,26,0,26,25,1,0,1629832659849523,1629832661100261,26,0,0
196e1a478cc956a9,2021.08.24.18.56.54_veh-45_00801_01587,on_traffic_light_intersection,0903a23616e25028,PEDESTRIAN,2,57,56,56,0,56,55,1,0,1629832659949597,1629832662699525,56,0,0
196e1a478cc956a9,2021.08.24.18.56.54_veh-45_00801_01587,on_traffic_light_intersection,a628819a8e8a542d,GENERIC_OBJECT,3,5,3,3,0,3,2,1,0,1629832659999632,1629832660099699,0,0,3
196e1a478cc956a9,2021.08.24.18.56.54_veh-45_00801_01587,on_traffic_light_intersection,b3b08753b4ff5ed1,CZONE_SIGN,9,27,19,19,0,19,18,1,0,1629832660299810,1629832661200302,19,0,0
196e1a478cc956a9,2021.08.24.18.56.54_veh-45_00801_01587,on_traffic_light_intersection,f543a17c1ac95905,TRAFFIC_CONE,12,24,13,13,0,13,12,1,0,1629832660449883,1629832661050232,13,0,0
196e1a478cc956a9,2021.08.24.18.56.54_veh-45_00801_01587,on_traffic_light_intersection,81750248467653f8,VEHICLE,23,99,77,77,0,77,76,1,0,1629832661000203,1629832664800258,0,0,0
196e1a478cc956a9,2021.08.24.18.56.54_veh-45_00801_01587,on_traffic_light_intersection,4a5bb507a31254aa,BICYCLE,30,32,3,3,0,3,2,1,0,1629832661350310,1629832661450289,0,0,0
196e1a478cc956a9,2021.08.24.18.56.54_veh-45_00801_01587,on_traffic_light_intersection,4deb1c3082e05c5d,VEHICLE,46,99,54,54,0,54,53,1,0,1629832662149882,1629832664800258,0,0,0
196e1a478cc956a9,2021.08.24.18.56.54_veh-45_00801_01587,on_traffic_light_intersection,648013afbd3d50b4,GENERIC_OBJECT,47,53,7,7,0,7,6,1,0,1629832662199852,1629832662499657,7,0,0
196e1a478cc956a9,2021.08.24.18.56.54_veh-45_00801_01587,on_traffic_light_intersection,7128bfb068835d60,TRAFFIC_CONE,50,62,13,13,0,13,12,1,0,1629832662349761,1629832662949367,0,0,13
196e1a478cc956a9,2021.08.24.18.56.54_veh-45_00801_01587,on_traffic_light_intersection,2b0714c2bf4d55d5,GENERIC_OBJECT,54,59,6,6,0,6,5,1,0,1629832662549622,1629832662799460,0,0,6
196e1a478cc956a9,2021.08.24.18.56.54_veh-45_00801_01587,on_traffic_light_intersection,90ba0cc8305a56c2,TRAFFIC_CONE,56,99,44,44,0,44,43,1,0,1629832662649557,1629832664800258,0,0,44
196e1a478cc956a9,2021.08.24.18.56.54_veh-45_00801_01587,on_traffic_light_intersection,cdf966dca7165f17,TRAFFIC_CONE,58,99,42,42,0,42,41,1,0,1629832662749493,1629832664800258,0,0,42
196e1a478cc956a9,2021.08.24.18.56.54_veh-45_00801_01587,on_traffic_light_intersection,36a188a262445e61,TRAFFIC_CONE,58,99,42,42,0,42,41,1,0,1629832662749493,1629832664800258,0,0,42
196e1a478cc956a9,2021.08.24.18.56.54_veh-45_00801_01587,on_traffic_light_intersection,961f8bd3baf65d2b,VEHICLE,60,62,3,3,0,3,2,1,0,1629832662849430,1629832662949367,3,0,0
196e1a478cc956a9,2021.08.24.18.56.54_veh-45_00801_01587,on_traffic_light_intersection,414cd33cdb325009,VEHICLE,61,99,39,39,0,39,38,1,0,1629832662899399,1629832664800258,0,0,39
196e1a478cc956a9,2021.08.24.18.56.54_veh-45_00801_01587,on_traffic_light_intersection,0c958dfee9d452ff,TRAFFIC_CONE,64,99,36,36,0,36,35,1,0,1629832663049306,1629832664800258,0,0,36
196e1a478cc956a9,2021.08.24.18.56.54_veh-45_00801_01587,on_traffic_light_intersection,112c3983da4f54e0,TRAFFIC_CONE,69,75,7,7,0,7,6,1,0,1629832663299220,1629832663599325,7,0,0
196e1a478cc956a9,2021.08.24.18.56.54_veh-45_00801_01587,on_traffic_light_intersection,8be8784bee6251f4,CZONE_SIGN,69,82,14,14,0,14,13,1,0,1629832663299220,1629832663949604,14,0,0
196e1a478cc956a9,2021.08.24.18.56.54_veh-45_00801_01587,on_traffic_light_intersection,0929083557355edb,PEDESTRIAN,71,99,29,29,0,29,28,1,0,1629832663399227,1629832664800258,0,0,29
196e1a478cc956a9,2021.08.24.18.56.54_veh-45_00801_01587,on_traffic_light_intersection,adb8223172ab5e41,TRAFFIC_CONE,85,99,15,15,0,15,14,1,0,1629832664099735,1629832664800258,0,0,15
196e1a478cc956a9,2021.08.24.18.56.54_veh-45_00801_01587,on_traffic_light_intersection,82e173552e775ebf,GENERIC_OBJECT,87,99,13,13,0,13,12,1,0,1629832664199814,1629832664800258,13,0,0
196e1a478cc956a9,2021.08.24.18.56.54_veh-45_00801_01587,on_traffic_light_intersection,38985811519f5b95,GENERIC_OBJECT,93,99,7,7,0,7,6,1,0,1629832664500030,1629832664800258,7,0,0
196e1a478cc956a9,2021.08.24.18.56.54_veh-45_00801_01587,on_traffic_light_intersection,790244a984a85d25,PEDESTRIAN,95,99,5,5,0,5,4,1,0,1629832664600106,1629832664800258,0,0,5
196e1a478cc956a9,2021.08.24.18.56.54_veh-45_00801_01587,on_traffic_light_intersection,6965c9a7e5155bb3,GENERIC_OBJECT,98,99,2,2,0,2,1,1,0,1629832664750222,1629832664800258,2,0,0
abce4c58896057ca,2021.07.24.19.10.14_veh-37_02937_03698,on_traffic_light_intersection,ac02093e64765589,VEHICLE,0,100,101,101,0,101,100,1,0,1627157350200020,1627157355199982,101,0,0
abce4c58896057ca,2021.07.24.19.10.14_veh-37_02937_03698,on_traffic_light_intersection,cd1db2809cd95b21,VEHICLE,0,100,101,101,0,101,100,1,0,1627157350200020,1627157355199982,0,0,101
abce4c58896057ca,2021.07.24.19.10.14_veh-37_02937_03698,on_traffic_light_intersection,3a43deb58de45409,VEHICLE,0,100,101,101,0,101,100,1,0,1627157350200020,1627157355199982,0,0,101
abce4c58896057ca,2021.07.24.19.10.14_veh-37_02937_03698,on_traffic_light_intersection,117343b1b1dd5765,VEHICLE,0,100,101,101,0,101,100,1,0,1627157350200020,1627157355199982,95,0,6
abce4c58896057ca,2021.07.24.19.10.14_veh-37_02937_03698,on_traffic_light_intersection,40a4efc1f84451bf,VEHICLE,0,100,101,101,0,101,100,1,0,1627157350200020,1627157355199982,32,0,69
abce4c58896057ca,2021.07.24.19.10.14_veh-37_02937_03698,on_traffic_light_intersection,bf8de48b631c5e96,VEHICLE,0,100,101,101,0,101,100,1,0,1627157350200020,1627157355199982,101,0,0
abce4c58896057ca,2021.07.24.19.10.14_veh-37_02937_03698,on_traffic_light_intersection,1a414606aa235180,VEHICLE,0,100,101,101,0,101,100,1,0,1627157350200020,1627157355199982,101,0,0
abce4c58896057ca,2021.07.24.19.10.14_veh-37_02937_03698,on_traffic_light_intersection,e061eb70ffb555ae,VEHICLE,0,100,101,101,0,101,100,1,0,1627157350200020,1627157355199982,0,0,101
abce4c58896057ca,2021.07.24.19.10.14_veh-37_02937_03698,on_traffic_light_intersection,231f0aebf0765dd2,VEHICLE,0,20,21,21,0,21,20,1,0,1627157350200020,1627157351199916,0,0,21
abce4c58896057ca,2021.07.24.19.10.14_veh-37_02937_03698,on_traffic_light_intersection,1690118ff7255a34,VEHICLE,0,100,101,101,0,101,100,1,0,1627157350200020,1627157355199982,95,0,6
abce4c58896057ca,2021.07.24.19.10.14_veh-37_02937_03698,on_traffic_light_intersection,696d8a6aeb725639,VEHICLE,0,100,101,101,0,101,100,1,0,1627157350200020,1627157355199982,101,0,0
abce4c58896057ca,2021.07.24.19.10.14_veh-37_02937_03698,on_traffic_light_intersection,1f53c35c2bb95698,VEHICLE,0,100,101,101,0,101,100,1,0,1627157350200020,1627157355199982,0,0,101
abce4c58896057ca,2021.07.24.19.10.14_veh-37_02937_03698,on_traffic_light_intersection,963a124e9ee25461,VEHICLE,0,100,101,101,0,101,100,1,0,1627157350200020,1627157355199982,0,0,101
abce4c58896057ca,2021.07.24.19.10.14_veh-37_02937_03698,on_traffic_light_intersection,804a31a728b4529b,VEHICLE,0,100,101,101,0,101,100,1,0,1627157350200020,1627157355199982,17,0,84
abce4c58896057ca,2021.07.24.19.10.14_veh-37_02937_03698,on_traffic_light_intersection,c164efa835485556,VEHICLE,0,100,101,101,0,101,100,1,0,1627157350200020,1627157355199982,0,0,101
abce4c58896057ca,2021.07.24.19.10.14_veh-37_02937_03698,on_traffic_light_intersection,f4ee31acc6f55330,VEHICLE,0,74,75,75,0,75,74,1,0,1627157350200020,1627157353900012,0,0,75
abce4c58896057ca,2021.07.24.19.10.14_veh-37_02937_03698,on_traffic_light_intersection,9961e77ec2b75e36,VEHICLE,0,100,101,101,0,101,100,1,0,1627157350200020,1627157355199982,101,0,0
abce4c58896057ca,2021.07.24.19.10.14_veh-37_02937_03698,on_traffic_light_intersection,50f2deac3a23543c,VEHICLE,0,100,101,101,0,101,100,1,0,1627157350200020,1627157355199982,101,0,0
abce4c58896057ca,2021.07.24.19.10.14_veh-37_02937_03698,on_traffic_light_intersection,4a8f74e81f7b5807,VEHICLE,0,22,23,23,0,23,22,1,0,1627157350200020,1627157351299922,0,0,23
abce4c58896057ca,2021.07.24.19.10.14_veh-37_02937_03698,on_traffic_light_intersection,39826a4b42f6585b,VEHICLE,0,25,26,26,0,26,25,1,0,1627157350200020,1627157351449927,0,0,26
abce4c58896057ca,2021.07.24.19.10.14_veh-37_02937_03698,on_traffic_light_intersection,d0a5291f25c758e1,VEHICLE,0,100,101,101,0,101,100,1,0,1627157350200020,1627157355199982,0,0,101
abce4c58896057ca,2021.07.24.19.10.14_veh-37_02937_03698,on_traffic_light_intersection,237eb82cba355ca8,VEHICLE,0,16,17,17,0,17,16,1,0,1627157350200020,1627157350999908,0,0,17
abce4c58896057ca,2021.07.24.19.10.14_veh-37_02937_03698,on_traffic_light_intersection,4eaedff211bc5d29,VEHICLE,0,100,101,101,0,101,100,1,0,1627157350200020,1627157355199982,18,0,83
abce4c58896057ca,2021.07.24.19.10.14_veh-37_02937_03698,on_traffic_light_intersection,61aafebbfb815871,VEHICLE,0,14,15,15,0,15,14,1,0,1627157350200020,1627157350899922,0,0,15
abce4c58896057ca,2021.07.24.19.10.14_veh-37_02937_03698,on_traffic_light_intersection,b0b21e3d9fc65e33,VEHICLE,0,100,101,101,0,101,100,1,0,1627157350200020,1627157355199982,72,0,29
abce4c58896057ca,2021.07.24.19.10.14_veh-37_02937_03698,on_traffic_light_intersection,f2d0805c92e25d67,VEHICLE,0,100,101,101,0,101,100,1,0,1627157350200020,1627157355199982,101,0,0
abce4c58896057ca,2021.07.24.19.10.14_veh-37_02937_03698,on_traffic_light_intersection,a181df1d42c955e4,VEHICLE,0,100,101,101,0,101,100,1,0,1627157350200020,1627157355199982,101,0,0
abce4c58896057ca,2021.07.24.19.10.14_veh-37_02937_03698,on_traffic_light_intersection,7ed183823a025f1c,VEHICLE,0,59,60,60,0,60,59,1,0,1627157350200020,1627157353149954,0,0,60
abce4c58896057ca,2021.07.24.19.10.14_veh-37_02937_03698,on_traffic_light_intersection,9fa5186560f45f7e,VEHICLE,0,100,101,101,0,101,100,1,0,1627157350200020,1627157355199982,101,0,0
abce4c58896057ca,2021.07.24.19.10.14_veh-37_02937_03698,on_traffic_light_intersection,60124e9550a855fc,VEHICLE,0,100,101,101,0,101,100,1,0,1627157350200020,1627157355199982,56,0,45
abce4c58896057ca,2021.07.24.19.10.14_veh-37_02937_03698,on_traffic_light_intersection,f2645953ffc55372,VEHICLE,0,100,101,101,0,101,100,1,0,1627157350200020,1627157355199982,101,0,0
abce4c58896057ca,2021.07.24.19.10.14_veh-37_02937_03698,on_traffic_light_intersection,92d8a4d5eacc50b2,VEHICLE,0,100,101,101,0,101,100,1,0,1627157350200020,1627157355199982,95,0,6
abce4c58896057ca,2021.07.24.19.10.14_veh-37_02937_03698,on_traffic_light_intersection,cdc85cd1688c562e,VEHICLE,0,100,101,101,0,101,100,1,0,1627157350200020,1627157355199982,101,0,0
abce4c58896057ca,2021.07.24.19.10.14_veh-37_02937_03698,on_traffic_light_intersection,950cc7541d2b51a4,VEHICLE,0,100,101,101,0,101,100,1,0,1627157350200020,1627157355199982,35,0,66
abce4c58896057ca,2021.07.24.19.10.14_veh-37_02937_03698,on_traffic_light_intersection,efb891c1e5ee5b43,VEHICLE,0,100,101,101,0,101,100,1,0,1627157350200020,1627157355199982,101,0,0
abce4c58896057ca,2021.07.24.19.10.14_veh-37_02937_03698,on_traffic_light_intersection,e4557447fe3f5d58,VEHICLE,0,100,101,101,0,101,100,1,0,1627157350200020,1627157355199982,0,0,101
abce4c58896057ca,2021.07.24.19.10.14_veh-37_02937_03698,on_traffic_light_intersection,b8502bb052af5e36,VEHICLE,0,100,101,101,0,101,100,1,0,1627157350200020,1627157355199982,0,0,101
abce4c58896057ca,2021.07.24.19.10.14_veh-37_02937_03698,on_traffic_light_intersection,3cdf4c35f6c954c9,VEHICLE,0,100,101,101,0,101,100,1,0,1627157350200020,1627157355199982,1,0,100
abce4c58896057ca,2021.07.24.19.10.14_veh-37_02937_03698,on_traffic_light_intersection,3e54f1ac8bd05efc,VEHICLE,0,100,101,101,0,101,100,1,0,1627157350200020,1627157355199982,78,0,23
abce4c58896057ca,2021.07.24.19.10.14_veh-37_02937_03698,on_traffic_light_intersection,14e38d50c72451bb,VEHICLE,0,28,29,29,0,29,28,1,0,1627157350200020,1627157351599922,0,0,29
abce4c58896057ca,2021.07.24.19.10.14_veh-37_02937_03698,on_traffic_light_intersection,983ea0c42c2c52e8,VEHICLE,0,100,101,101,0,101,100,1,0,1627157350200020,1627157355199982,101,0,0
abce4c58896057ca,2021.07.24.19.10.14_veh-37_02937_03698,on_traffic_light_intersection,00ab3738fa345af8,VEHICLE,0,87,88,88,0,88,87,1,0,1627157350200020,1627157354549838,0,0,88
abce4c58896057ca,2021.07.24.19.10.14_veh-37_02937_03698,on_traffic_light_intersection,1d77542f373a5756,VEHICLE,0,100,101,101,0,101,100,1,0,1627157350200020,1627157355199982,101,0,0
abce4c58896057ca,2021.07.24.19.10.14_veh-37_02937_03698,on_traffic_light_intersection,a857e0f23c0f52d9,VEHICLE,0,51,52,52,0,52,51,1,0,1627157350200020,1627157352749917,0,0,52
abce4c58896057ca,2021.07.24.19.10.14_veh-37_02937_03698,on_traffic_light_intersection,add5089c494f558a,VEHICLE,0,100,101,101,0,101,100,1,0,1627157350200020,1627157355199982,40,0,61
abce4c58896057ca,2021.07.24.19.10.14_veh-37_02937_03698,on_traffic_light_intersection,77a84018abea5bf8,VEHICLE,0,33,34,34,0,34,33,1,0,1627157350200020,1627157351849917,0,0,34
abce4c58896057ca,2021.07.24.19.10.14_veh-37_02937_03698,on_traffic_light_intersection,dae785b1954053dc,VEHICLE,0,100,101,101,0,101,100,1,0,1627157350200020,1627157355199982,0,0,101
abce4c58896057ca,2021.07.24.19.10.14_veh-37_02937_03698,on_traffic_light_intersection,9cfcf58e377b5274,VEHICLE,0,100,101,101,0,101,100,1,0,1627157350200020,1627157355199982,52,0,49
abce4c58896057ca,2021.07.24.19.10.14_veh-37_02937_03698,on_traffic_light_intersection,567290d76ea858f5,VEHICLE,0,100,101,101,0,101,100,1,0,1627157350200020,1627157355199982,2,0,99
abce4c58896057ca,2021.07.24.19.10.14_veh-37_02937_03698,on_traffic_light_intersection,1284eadb8cce5993,VEHICLE,0,100,101,101,0,101,100,1,0,1627157350200020,1627157355199982,60,0,41
abce4c58896057ca,2021.07.24.19.10.14_veh-37_02937_03698,on_traffic_light_intersection,76121a8f93905661,VEHICLE,0,100,101,101,0,101,100,1,0,1627157350200020,1627157355199982,1,0,100
abce4c58896057ca,2021.07.24.19.10.14_veh-37_02937_03698,on_traffic_light_intersection,85bed0096e185b98,PEDESTRIAN,0,58,59,59,0,59,58,1,0,1627157350200020,1627157353099944,0,0,59
abce4c58896057ca,2021.07.24.19.10.14_veh-37_02937_03698,on_traffic_light_intersection,774acd77168c51c9,PEDESTRIAN,0,100,101,101,0,101,100,1,0,1627157350200020,1627157355199982,0,0,101
abce4c58896057ca,2021.07.24.19.10.14_veh-37_02937_03698,on_traffic_light_intersection,5b53cc8b06225501,PEDESTRIAN,0,100,101,101,0,101,100,1,0,1627157350200020,1627157355199982,0,0,101
abce4c58896057ca,2021.07.24.19.10.14_veh-37_02937_03698,on_traffic_light_intersection,a2fea9b9794c5d53,PEDESTRIAN,0,100,101,101,0,101,100,1,0,1627157350200020,1627157355199982,0,0,101
abce4c58896057ca,2021.07.24.19.10.14_veh-37_02937_03698,on_traffic_light_intersection,15703312b771579c,PEDESTRIAN,0,100,101,101,0,101,100,1,0,1627157350200020,1627157355199982,0,0,101
abce4c58896057ca,2021.07.24.19.10.14_veh-37_02937_03698,on_traffic_light_intersection,bc6adb521a015f21,PEDESTRIAN,0,100,101,101,0,101,100,1,0,1627157350200020,1627157355199982,0,0,101
abce4c58896057ca,2021.07.24.19.10.14_veh-37_02937_03698,on_traffic_light_intersection,aebffa12841e5a5c,PEDESTRIAN,0,100,101,101,0,101,100,1,0,1627157350200020,1627157355199982,0,101,0
abce4c58896057ca,2021.07.24.19.10.14_veh-37_02937_03698,on_traffic_light_intersection,8237c4292a07503e,PEDESTRIAN,0,100,101,101,0,101,100,1,0,1627157350200020,1627157355199982,0,101,0
abce4c58896057ca,2021.07.24.19.10.14_veh-37_02937_03698,on_traffic_light_intersection,414294105da256d3,PEDESTRIAN,0,100,101,101,0,101,100,1,0,1627157350200020,1627157355199982,0,0,101
abce4c58896057ca,2021.07.24.19.10.14_veh-37_02937_03698,on_traffic_light_intersection,77512891538d5b18,PEDESTRIAN,0,100,101,101,0,101,100,1,0,1627157350200020,1627157355199982,0,101,0
abce4c58896057ca,2021.07.24.19.10.14_veh-37_02937_03698,on_traffic_light_intersection,5115a17d31f75ebd,PEDESTRIAN,0,100,101,101,0,101,100,1,0,1627157350200020,1627157355199982,0,0,101
abce4c58896057ca,2021.07.24.19.10.14_veh-37_02937_03698,on_traffic_light_intersection,5f53c90a93d35aeb,PEDESTRIAN,0,100,101,101,0,101,100,1,0,1627157350200020,1627157355199982,49,52,0
abce4c58896057ca,2021.07.24.19.10.14_veh-37_02937_03698,on_traffic_light_intersection,198230bab0bf5b9c,PEDESTRIAN,0,100,101,101,0,101,100,1,0,1627157350200020,1627157355199982,0,101,0
abce4c58896057ca,2021.07.24.19.10.14_veh-37_02937_03698,on_traffic_light_intersection,2eae6945a6e35526,PEDESTRIAN,0,100,101,101,0,101,100,1,0,1627157350200020,1627157355199982,32,69,0
abce4c58896057ca,2021.07.24.19.10.14_veh-37_02937_03698,on_traffic_light_intersection,826d490aebb25d3f,PEDESTRIAN,0,100,101,101,0,101,100,1,0,1627157350200020,1627157355199982,0,0,101
abce4c58896057ca,2021.07.24.19.10.14_veh-37_02937_03698,on_traffic_light_intersection,25709f75eba65f9b,PEDESTRIAN,0,100,101,101,0,101,100,1,0,1627157350200020,1627157355199982,0,0,101
abce4c58896057ca,2021.07.24.19.10.14_veh-37_02937_03698,on_traffic_light_intersection,60b22341395a50b3,PEDESTRIAN,0,100,101,101,0,101,100,1,0,1627157350200020,1627157355199982,76,25,0
abce4c58896057ca,2021.07.24.19.10.14_veh-37_02937_03698,on_traffic_light_intersection,b8655172226f59b4,PEDESTRIAN,0,100,101,101,0,101,100,1,0,1627157350200020,1627157355199982,0,0,101
abce4c58896057ca,2021.07.24.19.10.14_veh-37_02937_03698,on_traffic_light_intersection,f11eafcd9af95e3c,PEDESTRIAN,0,100,101,101,0,101,100,1,0,1627157350200020,1627157355199982,0,0,101
abce4c58896057ca,2021.07.24.19.10.14_veh-37_02937_03698,on_traffic_light_intersection,fe45b2dfd38b55af,PEDESTRIAN,0,100,101,101,0,101,100,1,0,1627157350200020,1627157355199982,0,0,101
abce4c58896057ca,2021.07.24.19.10.14_veh-37_02937_03698,on_traffic_light_intersection,c4ccc485ae3d5f5a,PEDESTRIAN,0,100,101,101,0,101,100,1,0,1627157350200020,1627157355199982,0,0,101
abce4c58896057ca,2021.07.24.19.10.14_veh-37_02937_03698,on_traffic_light_intersection,e9a2b02335de5095,PEDESTRIAN,0,100,101,101,0,101,100,1,0,1627157350200020,1627157355199982,0,0,101
abce4c58896057ca,2021.07.24.19.10.14_veh-37_02937_03698,on_traffic_light_intersection,119bbcfb72cb5cf3,PEDESTRIAN,0,100,101,101,0,101,100,1,0,1627157350200020,1627157355199982,0,0,101
abce4c58896057ca,2021.07.24.19.10.14_veh-37_02937_03698,on_traffic_light_intersection,1f8cfdf14d5f53d6,PEDESTRIAN,0,100,101,101,0,101,100,1,0,1627157350200020,1627157355199982,0,0,101
abce4c58896057ca,2021.07.24.19.10.14_veh-37_02937_03698,on_traffic_light_intersection,dc46eeddfea85ee7,PEDESTRIAN,0,100,101,101,0,101,100,1,0,1627157350200020,1627157355199982,49,52,0
abce4c58896057ca,2021.07.24.19.10.14_veh-37_02937_03698,on_traffic_light_intersection,77b3abf820c551f0,PEDESTRIAN,0,100,101,101,0,101,100,1,0,1627157350200020,1627157355199982,0,0,101
abce4c58896057ca,2021.07.24.19.10.14_veh-37_02937_03698,on_traffic_light_intersection,c0c776cfdebb500f,PEDESTRIAN,0,100,101,101,0,101,100,1,0,1627157350200020,1627157355199982,101,0,0
abce4c58896057ca,2021.07.24.19.10.14_veh-37_02937_03698,on_traffic_light_intersection,eb632bf5b1b159b6,PEDESTRIAN,0,100,101,101,0,101,100,1,0,1627157350200020,1627157355199982,101,0,0
abce4c58896057ca,2021.07.24.19.10.14_veh-37_02937_03698,on_traffic_light_intersection,f1034b55cd535fd9,PEDESTRIAN,0,100,101,101,0,101,100,1,0,1627157350200020,1627157355199982,0,0,101
abce4c58896057ca,2021.07.24.19.10.14_veh-37_02937_03698,on_traffic_light_intersection,5ed2f2f426555990,PEDESTRIAN,0,100,101,101,0,101,100,1,0,1627157350200020,1627157355199982,0,0,101
abce4c58896057ca,2021.07.24.19.10.14_veh-37_02937_03698,on_traffic_light_intersection,5e0a1e4c4f3a5012,PEDESTRIAN,0,100,101,101,0,101,100,1,0,1627157350200020,1627157355199982,101,0,0
abce4c58896057ca,2021.07.24.19.10.14_veh-37_02937_03698,on_traffic_light_intersection,e90ca9ca168f5e7d,PEDESTRIAN,0,100,101,101,0,101,100,1,0,1627157350200020,1627157355199982,2,99,0
abce4c58896057ca,2021.07.24.19.10.14_veh-37_02937_03698,on_traffic_light_intersection,04d54631d8345be3,PEDESTRIAN,0,27,28,28,0,28,27,1,0,1627157350200020,1627157351549922,0,28,0
abce4c58896057ca,2021.07.24.19.10.14_veh-37_02937_03698,on_traffic_light_intersection,29a5d3fe86da5439,PEDESTRIAN,0,31,32,32,0,32,31,1,0,1627157350200020,1627157351749919,0,0,32
abce4c58896057ca,2021.07.24.19.10.14_veh-37_02937_03698,on_traffic_light_intersection,2cca5617d8035328,PEDESTRIAN,0,100,101,101,0,101,100,1,0,1627157350200020,1627157355199982,0,0,101
abce4c58896057ca,2021.07.24.19.10.14_veh-37_02937_03698,on_traffic_light_intersection,269538f062615a3c,PEDESTRIAN,0,60,61,61,0,61,60,1,0,1627157350200020,1627157353199963,0,61,0
abce4c58896057ca,2021.07.24.19.10.14_veh-37_02937_03698,on_traffic_light_intersection,14fb73640a6b5a38,PEDESTRIAN,0,100,101,101,0,101,100,1,0,1627157350200020,1627157355199982,0,101,0
abce4c58896057ca,2021.07.24.19.10.14_veh-37_02937_03698,on_traffic_light_intersection,f21ead8edc5c559e,PEDESTRIAN,0,11,12,12,0,12,11,1,0,1627157350200020,1627157350749962,0,0,12
abce4c58896057ca,2021.07.24.19.10.14_veh-37_02937_03698,on_traffic_light_intersection,ed8dce5689ff53e0,PEDESTRIAN,0,100,101,101,0,101,100,1,0,1627157350200020,1627157355199982,0,101,0
abce4c58896057ca,2021.07.24.19.10.14_veh-37_02937_03698,on_traffic_light_intersection,0619a0cbc60b553c,PEDESTRIAN,0,100,101,101,0,101,100,1,0,1627157350200020,1627157355199982,0,101,0
abce4c58896057ca,2021.07.24.19.10.14_veh-37_02937_03698,on_traffic_light_intersection,3fad8f54717950ff,PEDESTRIAN,0,100,101,101,0,101,100,1,0,1627157350200020,1627157355199982,0,101,0
abce4c58896057ca,2021.07.24.19.10.14_veh-37_02937_03698,on_traffic_light_intersection,051bee7b03405947,PEDESTRIAN,0,100,101,101,0,101,100,1,0,1627157350200020,1627157355199982,0,101,0
abce4c58896057ca,2021.07.24.19.10.14_veh-37_02937_03698,on_traffic_light_intersection,37eae63bb0595028,PEDESTRIAN,0,100,101,101,0,101,100,1,0,1627157350200020,1627157355199982,101,0,0
abce4c58896057ca,2021.07.24.19.10.14_veh-37_02937_03698,on_traffic_light_intersection,53dc3764f6b95c83,PEDESTRIAN,0,99,100,100,0,100,99,1,0,1627157350200020,1627157355149966,0,100,0
abce4c58896057ca,2021.07.24.19.10.14_veh-37_02937_03698,on_traffic_light_intersection,04dba3119b4f5b0a,PEDESTRIAN,0,100,101,101,0,101,100,1,0,1627157350200020,1627157355199982,101,0,0
abce4c58896057ca,2021.07.24.19.10.14_veh-37_02937_03698,on_traffic_light_intersection,50a4e71846cc51c2,PEDESTRIAN,0,100,101,101,0,101,100,1,0,1627157350200020,1627157355199982,0,0,101
abce4c58896057ca,2021.07.24.19.10.14_veh-37_02937_03698,on_traffic_light_intersection,b877c2353b0552ac,PEDESTRIAN,0,100,101,101,0,101,100,1,0,1627157350200020,1627157355199982,101,0,0
abce4c58896057ca,2021.07.24.19.10.14_veh-37_02937_03698,on_traffic_light_intersection,1708c07d2b89565b,PEDESTRIAN,0,100,101,101,0,101,100,1,0,1627157350200020,1627157355199982,101,0,0
abce4c58896057ca,2021.07.24.19.10.14_veh-37_02937_03698,on_traffic_light_intersection,b3e235585a9a50a4,PEDESTRIAN,0,100,101,101,0,101,100,1,0,1627157350200020,1627157355199982,0,101,0
abce4c58896057ca,2021.07.24.19.10.14_veh-37_02937_03698,on_traffic_light_intersection,7edf1da0a4785fcb,PEDESTRIAN,0,100,101,101,0,101,100,1,0,1627157350200020,1627157355199982,101,0,0
abce4c58896057ca,2021.07.24.19.10.14_veh-37_02937_03698,on_traffic_light_intersection,fed761b6780658c4,PEDESTRIAN,0,100,101,101,0,101,100,1,0,1627157350200020,1627157355199982,74,27,0
abce4c58896057ca,2021.07.24.19.10.14_veh-37_02937_03698,on_traffic_light_intersection,b7bd6b2c795f5888,PEDESTRIAN,0,100,101,101,0,101,100,1,0,1627157350200020,1627157355199982,101,0,0
abce4c58896057ca,2021.07.24.19.10.14_veh-37_02937_03698,on_traffic_light_intersection,c858bf1e96475890,PEDESTRIAN,0,62,63,63,0,63,62,1,0,1627157350200020,1627157353299976,0,0,63
abce4c58896057ca,2021.07.24.19.10.14_veh-37_02937_03698,on_traffic_light_intersection,208cbcabbbab5980,PEDESTRIAN,0,100,101,101,0,101,100,1,0,1627157350200020,1627157355199982,0,0,101
abce4c58896057ca,2021.07.24.19.10.14_veh-37_02937_03698,on_traffic_light_intersection,e7723b9cf2675438,PEDESTRIAN,0,100,101,101,0,101,100,1,0,1627157350200020,1627157355199982,7,94,0
abce4c58896057ca,2021.07.24.19.10.14_veh-37_02937_03698,on_traffic_light_intersection,56745b02b47b56b4,PEDESTRIAN,0,100,101,101,0,101,100,1,0,1627157350200020,1627157355199982,101,0,0
abce4c58896057ca,2021.07.24.19.10.14_veh-37_02937_03698,on_traffic_light_intersection,31e0f7619bd75dc3,PEDESTRIAN,0,25,26,26,0,26,25,1,0,1627157350200020,1627157351449927,0,0,26
abce4c58896057ca,2021.07.24.19.10.14_veh-37_02937_03698,on_traffic_light_intersection,a8c14b7912eb58e1,PEDESTRIAN,0,100,101,101,0,101,100,1,0,1627157350200020,1627157355199982,101,0,0
abce4c58896057ca,2021.07.24.19.10.14_veh-37_02937_03698,on_traffic_light_intersection,5d038e708e825bf6,PEDESTRIAN,0,100,101,101,0,101,100,1,0,1627157350200020,1627157355199982,0,101,0
abce4c58896057ca,2021.07.24.19.10.14_veh-37_02937_03698,on_traffic_light_intersection,3858a59a2d035255,PEDESTRIAN,0,100,101,101,0,101,100,1,0,1627157350200020,1627157355199982,0,0,101
abce4c58896057ca,2021.07.24.19.10.14_veh-37_02937_03698,on_traffic_light_intersection,8d5619064c6b5fb5,PEDESTRIAN,0,47,48,48,0,48,47,1,0,1627157350200020,1627157352549961,0,0,48
abce4c58896057ca,2021.07.24.19.10.14_veh-37_02937_03698,on_traffic_light_intersection,4ca2b140bc9b572a,PEDESTRIAN,0,100,101,101,0,101,100,1,0,1627157350200020,1627157355199982,93,8,0
abce4c58896057ca,2021.07.24.19.10.14_veh-37_02937_03698,on_traffic_light_intersection,4f7a4daf3b465ab7,PEDESTRIAN,0,100,101,101,0,101,100,1,0,1627157350200020,1627157355199982,101,0,0
abce4c58896057ca,2021.07.24.19.10.14_veh-37_02937_03698,on_traffic_light_intersection,9e77bcfc62045fbe,PEDESTRIAN,0,100,101,101,0,101,100,1,0,1627157350200020,1627157355199982,29,72,0
abce4c58896057ca,2021.07.24.19.10.14_veh-37_02937_03698,on_traffic_light_intersection,0be10e0b8e695122,PEDESTRIAN,0,100,101,101,0,101,100,1,0,1627157350200020,1627157355199982,17,84,0
abce4c58896057ca,2021.07.24.19.10.14_veh-37_02937_03698,on_traffic_light_intersection,85e0b56771ad5053,PEDESTRIAN,0,100,101,101,0,101,100,1,0,1627157350200020,1627157355199982,101,0,0
abce4c58896057ca,2021.07.24.19.10.14_veh-37_02937_03698,on_traffic_light_intersection,1da05cdf6aff5a4e,PEDESTRIAN,0,62,63,63,0,63,62,1,0,1627157350200020,1627157353299976,0,0,63
abce4c58896057ca,2021.07.24.19.10.14_veh-37_02937_03698,on_traffic_light_intersection,f2447ff658125e6c,PEDESTRIAN,0,100,101,101,0,101,100,1,0,1627157350200020,1627157355199982,101,0,0
abce4c58896057ca,2021.07.24.19.10.14_veh-37_02937_03698,on_traffic_light_intersection,6ed9f3c0693858a4,PEDESTRIAN,0,69,70,70,0,70,69,1,0,1627157350200020,1627157353650020,0,70,0
abce4c58896057ca,2021.07.24.19.10.14_veh-37_02937_03698,on_traffic_light_intersection,cf442ad190515825,PEDESTRIAN,0,100,101,101,0,101,100,1,0,1627157350200020,1627157355199982,0,0,101
abce4c58896057ca,2021.07.24.19.10.14_veh-37_02937_03698,on_traffic_light_intersection,018c966e23285429,PEDESTRIAN,0,13,14,14,0,14,13,1,0,1627157350200020,1627157350849934,0,0,14
abce4c58896057ca,2021.07.24.19.10.14_veh-37_02937_03698,on_traffic_light_intersection,c8f22f571d3552f7,PEDESTRIAN,0,100,101,101,0,101,100,1,0,1627157350200020,1627157355199982,0,101,0
abce4c58896057ca,2021.07.24.19.10.14_veh-37_02937_03698,on_traffic_light_intersection,f5af8f4867855796,PEDESTRIAN,0,100,101,101,0,101,100,1,0,1627157350200020,1627157355199982,0,101,0
abce4c58896057ca,2021.07.24.19.10.14_veh-37_02937_03698,on_traffic_light_intersection,6012c12cbbb455d5,PEDESTRIAN,0,47,48,48,0,48,47,1,0,1627157350200020,1627157352549961,3,45,0
abce4c58896057ca,2021.07.24.19.10.14_veh-37_02937_03698,on_traffic_light_intersection,1b9f79f2cb0454cf,PEDESTRIAN,0,15,16,16,0,16,15,1,0,1627157350200020,1627157350949912,0,16,0
abce4c58896057ca,2021.07.24.19.10.14_veh-37_02937_03698,on_traffic_light_intersection,5e15bc7074175177,PEDESTRIAN,0,100,101,101,0,101,100,1,0,1627157350200020,1627157355199982,0,101,0
abce4c58896057ca,2021.07.24.19.10.14_veh-37_02937_03698,on_traffic_light_intersection,7a66a1bb7a79582b,PEDESTRIAN,0,100,101,101,0,101,100,1,0,1627157350200020,1627157355199982,0,0,101
abce4c58896057ca,2021.07.24.19.10.14_veh-37_02937_03698,on_traffic_light_intersection,963ba52a506b5fa6,PEDESTRIAN,0,100,101,101,0,101,100,1,0,1627157350200020,1627157355199982,0,0,101
abce4c58896057ca,2021.07.24.19.10.14_veh-37_02937_03698,on_traffic_light_intersection,6d71791ca49b5b88,PEDESTRIAN,0,100,101,101,0,101,100,1,0,1627157350200020,1627157355199982,0,0,101
abce4c58896057ca,2021.07.24.19.10.14_veh-37_02937_03698,on_traffic_light_intersection,2acb3790935d5476,PEDESTRIAN,0,100,101,101,0,101,100,1,0,1627157350200020,1627157355199982,0,0,101
abce4c58896057ca,2021.07.24.19.10.14_veh-37_02937_03698,on_traffic_light_intersection,05d33df9206f57c4,PEDESTRIAN,0,100,101,101,0,101,100,1,0,1627157350200020,1627157355199982,0,0,101
abce4c58896057ca,2021.07.24.19.10.14_veh-37_02937_03698,on_traffic_light_intersection,578f3fe8a1e45af5,PEDESTRIAN,0,100,101,101,0,101,100,1,0,1627157350200020,1627157355199982,0,0,101
abce4c58896057ca,2021.07.24.19.10.14_veh-37_02937_03698,on_traffic_light_intersection,f50b480229b759e5,PEDESTRIAN,0,51,52,52,0,52,51,1,0,1627157350200020,1627157352749917,0,0,52
abce4c58896057ca,2021.07.24.19.10.14_veh-37_02937_03698,on_traffic_light_intersection,47d746668e5f54b0,PEDESTRIAN,0,100,101,101,0,101,100,1,0,1627157350200020,1627157355199982,0,0,101
abce4c58896057ca,2021.07.24.19.10.14_veh-37_02937_03698,on_traffic_light_intersection,2b0fdd18880158fa,PEDESTRIAN,0,100,101,101,0,101,100,1,0,1627157350200020,1627157355199982,0,0,101
abce4c58896057ca,2021.07.24.19.10.14_veh-37_02937_03698,on_traffic_light_intersection,d8972459ddd05f2b,PEDESTRIAN,0,100,101,101,0,101,100,1,0,1627157350200020,1627157355199982,0,101,0
abce4c58896057ca,2021.07.24.19.10.14_veh-37_02937_03698,on_traffic_light_intersection,8ceed138cd095ca0,PEDESTRIAN,0,100,101,101,0,101,100,1,0,1627157350200020,1627157355199982,0,0,101
abce4c58896057ca,2021.07.24.19.10.14_veh-37_02937_03698,on_traffic_light_intersection,e2dfac7621ba567a,PEDESTRIAN,0,100,101,101,0,101,100,1,0,1627157350200020,1627157355199982,0,32,69
abce4c58896057ca,2021.07.24.19.10.14_veh-37_02937_03698,on_traffic_light_intersection,e829fdc013105beb,PEDESTRIAN,0,100,101,101,0,101,100,1,0,1627157350200020,1627157355199982,0,101,0
abce4c58896057ca,2021.07.24.19.10.14_veh-37_02937_03698,on_traffic_light_intersection,492452b8f1465448,PEDESTRIAN,0,100,101,101,0,101,100,1,0,1627157350200020,1627157355199982,0,101,0
abce4c58896057ca,2021.07.24.19.10.14_veh-37_02937_03698,on_traffic_light_intersection,78410763b72b506e,PEDESTRIAN,0,100,101,101,0,101,100,1,0,1627157350200020,1627157355199982,0,0,101
abce4c58896057ca,2021.07.24.19.10.14_veh-37_02937_03698,on_traffic_light_intersection,cbe3512306a857fe,PEDESTRIAN,0,100,101,101,0,101,100,1,0,1627157350200020,1627157355199982,0,0,101
abce4c58896057ca,2021.07.24.19.10.14_veh-37_02937_03698,on_traffic_light_intersection,47045792a33153a8,PEDESTRIAN,0,100,101,101,0,101,100,1,0,1627157350200020,1627157355199982,0,101,0
abce4c58896057ca,2021.07.24.19.10.14_veh-37_02937_03698,on_traffic_light_intersection,937d4e0914bb53bd,PEDESTRIAN,0,100,101,101,0,101,100,1,0,1627157350200020,1627157355199982,0,36,65
abce4c58896057ca,2021.07.24.19.10.14_veh-37_02937_03698,on_traffic_light_intersection,e8919b05d8995743,PEDESTRIAN,0,100,101,101,0,101,100,1,0,1627157350200020,1627157355199982,0,0,101
abce4c58896057ca,2021.07.24.19.10.14_veh-37_02937_03698,on_traffic_light_intersection,aa40d85f4ee85367,PEDESTRIAN,0,15,16,16,0,16,15,1,0,1627157350200020,1627157350949912,0,0,16
abce4c58896057ca,2021.07.24.19.10.14_veh-37_02937_03698,on_traffic_light_intersection,b57076f73c0f576a,PEDESTRIAN,0,100,101,101,0,101,100,1,0,1627157350200020,1627157355199982,101,0,0
abce4c58896057ca,2021.07.24.19.10.14_veh-37_02937_03698,on_traffic_light_intersection,fc72e0022946557b,PEDESTRIAN,0,100,101,101,0,101,100,1,0,1627157350200020,1627157355199982,0,101,0
abce4c58896057ca,2021.07.24.19.10.14_veh-37_02937_03698,on_traffic_light_intersection,b4defc0e34f25c83,PEDESTRIAN,0,13,14,14,0,14,13,1,0,1627157350200020,1627157350849934,0,0,14
abce4c58896057ca,2021.07.24.19.10.14_veh-37_02937_03698,on_traffic_light_intersection,3d46fa802845584f,PEDESTRIAN,0,100,101,101,0,101,100,1,0,1627157350200020,1627157355199982,0,101,0
abce4c58896057ca,2021.07.24.19.10.14_veh-37_02937_03698,on_traffic_light_intersection,58b60ee466175dfc,PEDESTRIAN,0,100,101,101,0,101,100,1,0,1627157350200020,1627157355199982,0,101,0
abce4c58896057ca,2021.07.24.19.10.14_veh-37_02937_03698,on_traffic_light_intersection,620e8ae1549c59db,PEDESTRIAN,0,57,58,58,0,58,57,1,0,1627157350200020,1627157353049935,0,0,58
abce4c58896057ca,2021.07.24.19.10.14_veh-37_02937_03698,on_traffic_light_intersection,e7a0b48f6b025fdc,PEDESTRIAN,0,100,101,101,0,101,100,1,0,1627157350200020,1627157355199982,0,0,101
abce4c58896057ca,2021.07.24.19.10.14_veh-37_02937_03698,on_traffic_light_intersection,456ffdf069b15bf1,PEDESTRIAN,0,100,101,101,0,101,100,1,0,1627157350200020,1627157355199982,0,101,0
abce4c58896057ca,2021.07.24.19.10.14_veh-37_02937_03698,on_traffic_light_intersection,55d567193b105026,PEDESTRIAN,0,8,9,9,0,9,8,1,0,1627157350200020,1627157350599996,0,9,0
abce4c58896057ca,2021.07.24.19.10.14_veh-37_02937_03698,on_traffic_light_intersection,efedd9e42dcf5873,PEDESTRIAN,0,54,55,55,0,55,54,1,0,1627157350200020,1627157352899915,0,55,0
abce4c58896057ca,2021.07.24.19.10.14_veh-37_02937_03698,on_traffic_light_intersection,1d44049dda8b583c,TRAFFIC_CONE,0,6,7,7,0,7,6,1,0,1627157350200020,1627157350500015,0,0,7
abce4c58896057ca,2021.07.24.19.10.14_veh-37_02937_03698,on_traffic_light_intersection,cdbf94cbc92859ce,TRAFFIC_CONE,0,8,9,9,0,9,8,1,0,1627157350200020,1627157350599996,0,0,9
abce4c58896057ca,2021.07.24.19.10.14_veh-37_02937_03698,on_traffic_light_intersection,c49ebd42db985e89,TRAFFIC_CONE,0,4,5,5,0,5,4,1,0,1627157350200020,1627157350400033,0,0,5
abce4c58896057ca,2021.07.24.19.10.14_veh-37_02937_03698,on_traffic_light_intersection,e25cd6e5ed745550,TRAFFIC_CONE,0,3,4,4,0,4,3,1,0,1627157350200020,1627157350350040,0,0,4
abce4c58896057ca,2021.07.24.19.10.14_veh-37_02937_03698,on_traffic_light_intersection,d64d581eaa165ebc,TRAFFIC_CONE,0,100,101,101,0,101,100,1,0,1627157350200020,1627157355199982,0,0,101
abce4c58896057ca,2021.07.24.19.10.14_veh-37_02937_03698,on_traffic_light_intersection,97d67e9efa9f52d2,TRAFFIC_CONE,0,6,7,7,0,7,6,1,0,1627157350200020,1627157350500015,0,0,7
abce4c58896057ca,2021.07.24.19.10.14_veh-37_02937_03698,on_traffic_light_intersection,19c6c04619fa5b3a,TRAFFIC_CONE,0,100,101,101,0,101,100,1,0,1627157350200020,1627157355199982,101,0,0
abce4c58896057ca,2021.07.24.19.10.14_veh-37_02937_03698,on_traffic_light_intersection,dbacdff1f0115ba1,TRAFFIC_CONE,0,100,101,101,0,101,100,1,0,1627157350200020,1627157355199982,101,0,0
abce4c58896057ca,2021.07.24.19.10.14_veh-37_02937_03698,on_traffic_light_intersection,b5c946050e3f5ed6,TRAFFIC_CONE,0,100,101,101,0,101,100,1,0,1627157350200020,1627157355199982,101,0,0
abce4c58896057ca,2021.07.24.19.10.14_veh-37_02937_03698,on_traffic_light_intersection,24b1dc3c76c95533,TRAFFIC_CONE,0,100,101,101,0,101,100,1,0,1627157350200020,1627157355199982,101,0,0
abce4c58896057ca,2021.07.24.19.10.14_veh-37_02937_03698,on_traffic_light_intersection,572661f488045cd6,TRAFFIC_CONE,0,100,101,101,0,101,100,1,0,1627157350200020,1627157355199982,101,0,0
abce4c58896057ca,2021.07.24.19.10.14_veh-37_02937_03698,on_traffic_light_intersection,88961d84698b5d8d,TRAFFIC_CONE,0,100,101,101,0,101,100,1,0,1627157350200020,1627157355199982,0,0,101
abce4c58896057ca,2021.07.24.19.10.14_veh-37_02937_03698,on_traffic_light_intersection,1e23068d3ae25ac9,TRAFFIC_CONE,0,100,101,101,0,101,100,1,0,1627157350200020,1627157355199982,101,0,0
abce4c58896057ca,2021.07.24.19.10.14_veh-37_02937_03698,on_traffic_light_intersection,1979c96c14f159ea,TRAFFIC_CONE,0,0,1,1,0,1,0,1,0,1627157350200020,1627157350200020,0,0,1
abce4c58896057ca,2021.07.24.19.10.14_veh-37_02937_03698,on_traffic_light_intersection,992f418e33915449,TRAFFIC_CONE,0,100,101,101,0,101,100,1,0,1627157350200020,1627157355199982,58,43,0
abce4c58896057ca,2021.07.24.19.10.14_veh-37_02937_03698,on_traffic_light_intersection,46574d0c3a3f51b3,TRAFFIC_CONE,0,100,101,101,0,101,100,1,0,1627157350200020,1627157355199982,101,0,0
abce4c58896057ca,2021.07.24.19.10.14_veh-37_02937_03698,on_traffic_light_intersection,21ab3f563c7751f1,TRAFFIC_CONE,0,100,101,101,0,101,100,1,0,1627157350200020,1627157355199982,101,0,0
abce4c58896057ca,2021.07.24.19.10.14_veh-37_02937_03698,on_traffic_light_intersection,f62e8186be845bba,TRAFFIC_CONE,0,46,47,47,0,47,46,1,0,1627157350200020,1627157352499966,0,0,47
abce4c58896057ca,2021.07.24.19.10.14_veh-37_02937_03698,on_traffic_light_intersection,2fea443ba0c25f77,TRAFFIC_CONE,0,77,78,78,0,78,77,1,0,1627157350200020,1627157354049984,55,23,0
abce4c58896057ca,2021.07.24.19.10.14_veh-37_02937_03698,on_traffic_light_intersection,350d788340d85deb,CZONE_SIGN,0,100,101,101,0,101,100,1,0,1627157350200020,1627157355199982,0,0,101
abce4c58896057ca,2021.07.24.19.10.14_veh-37_02937_03698,on_traffic_light_intersection,e7a366e288c256f1,CZONE_SIGN,0,56,57,57,0,57,56,1,0,1627157350200020,1627157352999928,0,0,57
abce4c58896057ca,2021.07.24.19.10.14_veh-37_02937_03698,on_traffic_light_intersection,1e1139f26f2e5153,GENERIC_OBJECT,0,35,36,36,0,36,35,1,0,1627157350200020,1627157351949927,0,0,36
abce4c58896057ca,2021.07.24.19.10.14_veh-37_02937_03698,on_traffic_light_intersection,34cf939437a35d5d,GENERIC_OBJECT,0,72,73,73,0,73,72,1,0,1627157350200020,1627157353800025,0,0,73
abce4c58896057ca,2021.07.24.19.10.14_veh-37_02937_03698,on_traffic_light_intersection,95762a9b2bd3599a,GENERIC_OBJECT,0,100,101,101,0,101,100,1,0,1627157350200020,1627157355199982,0,0,101
abce4c58896057ca,2021.07.24.19.10.14_veh-37_02937_03698,on_traffic_light_intersection,e4f32c6873fa5d15,GENERIC_OBJECT,0,100,101,101,0,101,100,1,0,1627157350200020,1627157355199982,0,0,101
abce4c58896057ca,2021.07.24.19.10.14_veh-37_02937_03698,on_traffic_light_intersection,06f625f11ebd5246,GENERIC_OBJECT,0,100,101,101,0,101,100,1,0,1627157350200020,1627157355199982,0,0,101
abce4c58896057ca,2021.07.24.19.10.14_veh-37_02937_03698,on_traffic_light_intersection,16945fcbb86155ce,GENERIC_OBJECT,0,100,101,101,0,101,100,1,0,1627157350200020,1627157355199982,0,0,101
abce4c58896057ca,2021.07.24.19.10.14_veh-37_02937_03698,on_traffic_light_intersection,b7605dced9f450a5,GENERIC_OBJECT,0,100,101,101,0,101,100,1,0,1627157350200020,1627157355199982,0,0,101
abce4c58896057ca,2021.07.24.19.10.14_veh-37_02937_03698,on_traffic_light_intersection,743c15f16cf25972,GENERIC_OBJECT,0,100,101,101,0,101,100,1,0,1627157350200020,1627157355199982,0,0,101
abce4c58896057ca,2021.07.24.19.10.14_veh-37_02937_03698,on_traffic_light_intersection,8f56103b504b5311,GENERIC_OBJECT,0,100,101,101,0,101,100,1,0,1627157350200020,1627157355199982,0,0,101
abce4c58896057ca,2021.07.24.19.10.14_veh-37_02937_03698,on_traffic_light_intersection,9a23ab8e5a4759dd,GENERIC_OBJECT,0,100,101,101,0,101,100,1,0,1627157350200020,1627157355199982,0,0,101
abce4c58896057ca,2021.07.24.19.10.14_veh-37_02937_03698,on_traffic_light_intersection,426f98fd7cb45ad9,GENERIC_OBJECT,0,100,101,101,0,101,100,1,0,1627157350200020,1627157355199982,0,0,101
abce4c58896057ca,2021.07.24.19.10.14_veh-37_02937_03698,on_traffic_light_intersection,cd6973d7f6b35724,GENERIC_OBJECT,0,100,101,101,0,101,100,1,0,1627157350200020,1627157355199982,0,0,101
abce4c58896057ca,2021.07.24.19.10.14_veh-37_02937_03698,on_traffic_light_intersection,19d14a6262f45b6c,GENERIC_OBJECT,0,100,101,101,0,101,100,1,0,1627157350200020,1627157355199982,0,0,101
abce4c58896057ca,2021.07.24.19.10.14_veh-37_02937_03698,on_traffic_light_intersection,83a6f1acbb95566f,GENERIC_OBJECT,0,100,101,101,0,101,100,1,0,1627157350200020,1627157355199982,0,0,101
abce4c58896057ca,2021.07.24.19.10.14_veh-37_02937_03698,on_traffic_light_intersection,5c5bacd2e08f54fc,GENERIC_OBJECT,0,100,101,101,0,101,100,1,0,1627157350200020,1627157355199982,0,0,101
abce4c58896057ca,2021.07.24.19.10.14_veh-37_02937_03698,on_traffic_light_intersection,2de1d3798d8a5958,GENERIC_OBJECT,0,100,101,101,0,101,100,1,0,1627157350200020,1627157355199982,0,0,101
abce4c58896057ca,2021.07.24.19.10.14_veh-37_02937_03698,on_traffic_light_intersection,337f897cf9f85b5d,GENERIC_OBJECT,0,100,101,101,0,101,100,1,0,1627157350200020,1627157355199982,0,0,101
abce4c58896057ca,2021.07.24.19.10.14_veh-37_02937_03698,on_traffic_light_intersection,84fc7a66078b59ab,GENERIC_OBJECT,0,100,101,101,0,101,100,1,0,1627157350200020,1627157355199982,101,0,0
abce4c58896057ca,2021.07.24.19.10.14_veh-37_02937_03698,on_traffic_light_intersection,dc3337e24fb554d2,GENERIC_OBJECT,0,100,101,101,0,101,100,1,0,1627157350200020,1627157355199982,101,0,0
abce4c58896057ca,2021.07.24.19.10.14_veh-37_02937_03698,on_traffic_light_intersection,12577f383b7e57a8,GENERIC_OBJECT,0,100,101,101,0,101,100,1,0,1627157350200020,1627157355199982,101,0,0
abce4c58896057ca,2021.07.24.19.10.14_veh-37_02937_03698,on_traffic_light_intersection,58bc2847c9b05821,GENERIC_OBJECT,0,100,101,101,0,101,100,1,0,1627157350200020,1627157355199982,101,0,0
abce4c58896057ca,2021.07.24.19.10.14_veh-37_02937_03698,on_traffic_light_intersection,64b126223c2059be,GENERIC_OBJECT,0,100,101,101,0,101,100,1,0,1627157350200020,1627157355199982,101,0,0
abce4c58896057ca,2021.07.24.19.10.14_veh-37_02937_03698,on_traffic_light_intersection,0f4c551eb6c15e49,GENERIC_OBJECT,0,100,101,101,0,101,100,1,0,1627157350200020,1627157355199982,101,0,0
abce4c58896057ca,2021.07.24.19.10.14_veh-37_02937_03698,on_traffic_light_intersection,6ace9c82f75651ee,GENERIC_OBJECT,0,100,101,101,0,101,100,1,0,1627157350200020,1627157355199982,101,0,0
abce4c58896057ca,2021.07.24.19.10.14_veh-37_02937_03698,on_traffic_light_intersection,3ae7a732893d5c0e,GENERIC_OBJECT,0,100,101,101,0,101,100,1,0,1627157350200020,1627157355199982,101,0,0
abce4c58896057ca,2021.07.24.19.10.14_veh-37_02937_03698,on_traffic_light_intersection,2b7ddbb1f7ff5d57,GENERIC_OBJECT,0,100,101,101,0,101,100,1,0,1627157350200020,1627157355199982,101,0,0
abce4c58896057ca,2021.07.24.19.10.14_veh-37_02937_03698,on_traffic_light_intersection,824685160cbf5030,GENERIC_OBJECT,0,100,101,101,0,101,100,1,0,1627157350200020,1627157355199982,101,0,0
abce4c58896057ca,2021.07.24.19.10.14_veh-37_02937_03698,on_traffic_light_intersection,edc3aa634897510e,GENERIC_OBJECT,0,100,101,101,0,101,100,1,0,1627157350200020,1627157355199982,101,0,0
abce4c58896057ca,2021.07.24.19.10.14_veh-37_02937_03698,on_traffic_light_intersection,d21afe7f1c905c18,GENERIC_OBJECT,0,100,101,101,0,101,100,1,0,1627157350200020,1627157355199982,101,0,0
abce4c58896057ca,2021.07.24.19.10.14_veh-37_02937_03698,on_traffic_light_intersection,cce16604db085b6c,GENERIC_OBJECT,0,100,101,101,0,101,100,1,0,1627157350200020,1627157355199982,101,0,0
abce4c58896057ca,2021.07.24.19.10.14_veh-37_02937_03698,on_traffic_light_intersection,d2d7665c58a759ec,GENERIC_OBJECT,0,100,101,101,0,101,100,1,0,1627157350200020,1627157355199982,0,0,101
abce4c58896057ca,2021.07.24.19.10.14_veh-37_02937_03698,on_traffic_light_intersection,2e063b3f223c5284,GENERIC_OBJECT,0,100,101,101,0,101,100,1,0,1627157350200020,1627157355199982,0,0,101
abce4c58896057ca,2021.07.24.19.10.14_veh-37_02937_03698,on_traffic_light_intersection,cfa4ebc1726b519a,GENERIC_OBJECT,0,100,101,101,0,101,100,1,0,1627157350200020,1627157355199982,0,0,101
abce4c58896057ca,2021.07.24.19.10.14_veh-37_02937_03698,on_traffic_light_intersection,d6e334ece8885971,GENERIC_OBJECT,0,100,101,101,0,101,100,1,0,1627157350200020,1627157355199982,0,0,101
abce4c58896057ca,2021.07.24.19.10.14_veh-37_02937_03698,on_traffic_light_intersection,2890cb4563285999,GENERIC_OBJECT,0,65,66,66,0,66,65,1,0,1627157350200020,1627157353449993,0,0,66
abce4c58896057ca,2021.07.24.19.10.14_veh-37_02937_03698,on_traffic_light_intersection,1ea04da4b9b85775,GENERIC_OBJECT,0,100,101,101,0,101,100,1,0,1627157350200020,1627157355199982,0,0,101
abce4c58896057ca,2021.07.24.19.10.14_veh-37_02937_03698,on_traffic_light_intersection,cd04b656711a5c31,GENERIC_OBJECT,0,67,68,68,0,68,67,1,0,1627157350200020,1627157353550009,0,0,68
abce4c58896057ca,2021.07.24.19.10.14_veh-37_02937_03698,on_traffic_light_intersection,377032aa731052f7,GENERIC_OBJECT,0,100,101,101,0,101,100,1,0,1627157350200020,1627157355199982,0,0,101
abce4c58896057ca,2021.07.24.19.10.14_veh-37_02937_03698,on_traffic_light_intersection,5897c041f02f5b25,GENERIC_OBJECT,0,100,101,101,0,101,100,1,0,1627157350200020,1627157355199982,0,0,101
abce4c58896057ca,2021.07.24.19.10.14_veh-37_02937_03698,on_traffic_light_intersection,d6a01a3ef9735b59,GENERIC_OBJECT,0,0,1,1,0,1,0,1,0,1627157350200020,1627157350200020,0,0,1
abce4c58896057ca,2021.07.24.19.10.14_veh-37_02937_03698,on_traffic_light_intersection,98e6dad5b3855a1f,GENERIC_OBJECT,0,100,101,101,0,101,100,1,0,1627157350200020,1627157355199982,0,0,101
abce4c58896057ca,2021.07.24.19.10.14_veh-37_02937_03698,on_traffic_light_intersection,8d4f24a2b3e759c0,GENERIC_OBJECT,0,100,101,101,0,101,100,1,0,1627157350200020,1627157355199982,0,0,101
abce4c58896057ca,2021.07.24.19.10.14_veh-37_02937_03698,on_traffic_light_intersection,40aff48b59c750ef,GENERIC_OBJECT,0,100,101,101,0,101,100,1,0,1627157350200020,1627157355199982,0,0,101
abce4c58896057ca,2021.07.24.19.10.14_veh-37_02937_03698,on_traffic_light_intersection,3a295a942e7f52b2,GENERIC_OBJECT,0,100,101,101,0,101,100,1,0,1627157350200020,1627157355199982,0,0,101
abce4c58896057ca,2021.07.24.19.10.14_veh-37_02937_03698,on_traffic_light_intersection,2f726960f0e65159,GENERIC_OBJECT,0,100,101,101,0,101,100,1,0,1627157350200020,1627157355199982,0,0,101
abce4c58896057ca,2021.07.24.19.10.14_veh-37_02937_03698,on_traffic_light_intersection,d1c078bf81415fdb,GENERIC_OBJECT,0,100,101,101,0,101,100,1,0,1627157350200020,1627157355199982,0,101,0
abce4c58896057ca,2021.07.24.19.10.14_veh-37_02937_03698,on_traffic_light_intersection,a8504d2db7535fec,GENERIC_OBJECT,0,100,101,101,0,101,100,1,0,1627157350200020,1627157355199982,0,0,101
abce4c58896057ca,2021.07.24.19.10.14_veh-37_02937_03698,on_traffic_light_intersection,b1f87b300dd35388,GENERIC_OBJECT,0,100,101,101,0,101,100,1,0,1627157350200020,1627157355199982,101,0,0
abce4c58896057ca,2021.07.24.19.10.14_veh-37_02937_03698,on_traffic_light_intersection,61ff71129e3e5703,GENERIC_OBJECT,0,100,101,101,0,101,100,1,0,1627157350200020,1627157355199982,101,0,0
abce4c58896057ca,2021.07.24.19.10.14_veh-37_02937_03698,on_traffic_light_intersection,c09e907857365e42,GENERIC_OBJECT,0,100,101,101,0,101,100,1,0,1627157350200020,1627157355199982,1,100,0
abce4c58896057ca,2021.07.24.19.10.14_veh-37_02937_03698,on_traffic_light_intersection,e3d2a05a0c915770,GENERIC_OBJECT,0,100,101,101,0,101,100,1,0,1627157350200020,1627157355199982,60,41,0
abce4c58896057ca,2021.07.24.19.10.14_veh-37_02937_03698,on_traffic_light_intersection,949c7ad9be6b56ab,GENERIC_OBJECT,0,17,18,18,0,18,17,1,0,1627157350200020,1627157351049909,0,0,18
abce4c58896057ca,2021.07.24.19.10.14_veh-37_02937_03698,on_traffic_light_intersection,ff371f1ece0d5416,GENERIC_OBJECT,0,100,101,101,0,101,100,1,0,1627157350200020,1627157355199982,0,15,86
abce4c58896057ca,2021.07.24.19.10.14_veh-37_02937_03698,on_traffic_light_intersection,0f46eabf90815c10,GENERIC_OBJECT,0,100,101,101,0,101,100,1,0,1627157350200020,1627157355199982,0,0,101
abce4c58896057ca,2021.07.24.19.10.14_veh-37_02937_03698,on_traffic_light_intersection,7ace984c68ec55a2,GENERIC_OBJECT,0,24,25,25,0,25,24,1,0,1627157350200020,1627157351399926,0,0,25
abce4c58896057ca,2021.07.24.19.10.14_veh-37_02937_03698,on_traffic_light_intersection,818215a2d8485165,GENERIC_OBJECT,0,100,101,101,0,101,100,1,0,1627157350200020,1627157355199982,0,0,101
abce4c58896057ca,2021.07.24.19.10.14_veh-37_02937_03698,on_traffic_light_intersection,7494f4b8a1205cb1,GENERIC_OBJECT,0,17,18,18,0,18,17,1,0,1627157350200020,1627157351049909,0,0,18
abce4c58896057ca,2021.07.24.19.10.14_veh-37_02937_03698,on_traffic_light_intersection,b2bdcb94a9665a67,GENERIC_OBJECT,0,100,101,101,0,101,100,1,0,1627157350200020,1627157355199982,0,59,42
abce4c58896057ca,2021.07.24.19.10.14_veh-37_02937_03698,on_traffic_light_intersection,abd85c53aae05559,GENERIC_OBJECT,0,100,101,101,0,101,100,1,0,1627157350200020,1627157355199982,0,0,101
abce4c58896057ca,2021.07.24.19.10.14_veh-37_02937_03698,on_traffic_light_intersection,68d040405e4d55d4,GENERIC_OBJECT,0,100,101,101,0,101,100,1,0,1627157350200020,1627157355199982,0,0,101
abce4c58896057ca,2021.07.24.19.10.14_veh-37_02937_03698,on_traffic_light_intersection,ec48749073ba5529,GENERIC_OBJECT,0,28,29,29,0,29,28,1,0,1627157350200020,1627157351599922,0,0,29
abce4c58896057ca,2021.07.24.19.10.14_veh-37_02937_03698,on_traffic_light_intersection,4a1ed6292c715e79,GENERIC_OBJECT,0,100,101,101,0,101,100,1,0,1627157350200020,1627157355199982,0,0,101
abce4c58896057ca,2021.07.24.19.10.14_veh-37_02937_03698,on_traffic_light_intersection,9ee4837277465c1f,GENERIC_OBJECT,0,100,101,101,0,101,100,1,0,1627157350200020,1627157355199982,0,0,101
abce4c58896057ca,2021.07.24.19.10.14_veh-37_02937_03698,on_traffic_light_intersection,49c564c286ee537b,GENERIC_OBJECT,0,79,80,80,0,80,79,1,0,1627157350200020,1627157354149960,73,7,0
abce4c58896057ca,2021.07.24.19.10.14_veh-37_02937_03698,on_traffic_light_intersection,bae7c228945e5941,GENERIC_OBJECT,0,100,101,101,0,101,100,1,0,1627157350200020,1627157355199982,101,0,0
abce4c58896057ca,2021.07.24.19.10.14_veh-37_02937_03698,on_traffic_light_intersection,a434c740aa775357,GENERIC_OBJECT,0,15,16,16,0,16,15,1,0,1627157350200020,1627157350949912,0,0,16
abce4c58896057ca,2021.07.24.19.10.14_veh-37_02937_03698,on_traffic_light_intersection,fac34ef17045554c,GENERIC_OBJECT,0,100,101,101,0,101,100,1,0,1627157350200020,1627157355199982,0,101,0
abce4c58896057ca,2021.07.24.19.10.14_veh-37_02937_03698,on_traffic_light_intersection,d49dac5e32f15114,GENERIC_OBJECT,0,7,8,8,0,8,7,1,0,1627157350200020,1627157350550005,0,0,8
abce4c58896057ca,2021.07.24.19.10.14_veh-37_02937_03698,on_traffic_light_intersection,f166cae812525707,GENERIC_OBJECT,0,100,101,101,0,101,100,1,0,1627157350200020,1627157355199982,0,0,101
abce4c58896057ca,2021.07.24.19.10.14_veh-37_02937_03698,on_traffic_light_intersection,4aa29e729c495171,GENERIC_OBJECT,0,100,101,101,0,101,100,1,0,1627157350200020,1627157355199982,0,101,0
abce4c58896057ca,2021.07.24.19.10.14_veh-37_02937_03698,on_traffic_light_intersection,c59c88a3ba1a5f7c,GENERIC_OBJECT,0,100,101,101,0,101,100,1,0,1627157350200020,1627157355199982,101,0,0
abce4c58896057ca,2021.07.24.19.10.14_veh-37_02937_03698,on_traffic_light_intersection,15a8e793acc555ea,GENERIC_OBJECT,0,100,101,101,0,101,100,1,0,1627157350200020,1627157355199982,0,0,101
abce4c58896057ca,2021.07.24.19.10.14_veh-37_02937_03698,on_traffic_light_intersection,fe3fd67b921e5568,GENERIC_OBJECT,0,100,101,101,0,101,100,1,0,1627157350200020,1627157355199982,0,101,0
abce4c58896057ca,2021.07.24.19.10.14_veh-37_02937_03698,on_traffic_light_intersection,8a8afe85ecea5c2e,GENERIC_OBJECT,0,100,101,101,0,101,100,1,0,1627157350200020,1627157355199982,0,101,0
abce4c58896057ca,2021.07.24.19.10.14_veh-37_02937_03698,on_traffic_light_intersection,eb2f19f3e6805cc2,GENERIC_OBJECT,1,80,80,80,0,80,79,1,0,1627157350250034,1627157354199944,80,0,0
abce4c58896057ca,2021.07.24.19.10.14_veh-37_02937_03698,on_traffic_light_intersection,d0162c0543155e66,VEHICLE,2,100,99,99,0,99,98,1,0,1627157350300040,1627157355199982,0,0,99
abce4c58896057ca,2021.07.24.19.10.14_veh-37_02937_03698,on_traffic_light_intersection,e4f3b075a0f55a4c,PEDESTRIAN,5,23,19,19,0,19,18,1,0,1627157350450024,1627157351349925,0,19,0
abce4c58896057ca,2021.07.24.19.10.14_veh-37_02937_03698,on_traffic_light_intersection,7e7bfc0160d35442,VEHICLE,14,72,59,59,0,59,58,1,0,1627157350899922,1627157353800025,0,0,59
abce4c58896057ca,2021.07.24.19.10.14_veh-37_02937_03698,on_traffic_light_intersection,304c2bd36a9856ac,TRAFFIC_CONE,14,100,87,87,0,87,86,1,0,1627157350899922,1627157355199982,87,0,0
abce4c58896057ca,2021.07.24.19.10.14_veh-37_02937_03698,on_traffic_light_intersection,d1548d649ded5df3,PEDESTRIAN,15,20,6,6,0,6,5,1,0,1627157350949912,1627157351199916,0,0,6
abce4c58896057ca,2021.07.24.19.10.14_veh-37_02937_03698,on_traffic_light_intersection,d4afd790fbbe5fa0,PEDESTRIAN,15,20,6,6,0,6,5,1,0,1627157350949912,1627157351199916,6,0,0
abce4c58896057ca,2021.07.24.19.10.14_veh-37_02937_03698,on_traffic_light_intersection,75712e4193095db9,PEDESTRIAN,21,55,35,35,0,35,34,1,0,1627157351249919,1627157352949921,0,0,35
abce4c58896057ca,2021.07.24.19.10.14_veh-37_02937_03698,on_traffic_light_intersection,0b7913d610745610,GENERIC_OBJECT,22,91,70,70,0,70,69,1,0,1627157351299922,1627157354749829,0,0,70
abce4c58896057ca,2021.07.24.19.10.14_veh-37_02937_03698,on_traffic_light_intersection,c8fa3d8273b35fe0,PEDESTRIAN,23,47,25,25,0,25,24,1,0,1627157351349925,1627157352549961,0,0,25
abce4c58896057ca,2021.07.24.19.10.14_veh-37_02937_03698,on_traffic_light_intersection,9f896d43db1b5205,GENERIC_OBJECT,27,99,73,73,0,73,72,1,0,1627157351549922,1627157355149966,0,0,73
abce4c58896057ca,2021.07.24.19.10.14_veh-37_02937_03698,on_traffic_light_intersection,d4c45200256753ee,PEDESTRIAN,31,100,70,70,0,70,69,1,0,1627157351749919,1627157355199982,0,0,70
abce4c58896057ca,2021.07.24.19.10.14_veh-37_02937_03698,on_traffic_light_intersection,a3db8999c5ea553f,GENERIC_OBJECT,32,95,64,64,0,64,63,1,0,1627157351799917,1627157354949878,0,0,64
abce4c58896057ca,2021.07.24.19.10.14_veh-37_02937_03698,on_traffic_light_intersection,b3faf7216ad65c34,PEDESTRIAN,34,100,67,67,0,67,66,1,0,1627157351899921,1627157355199982,67,0,0
abce4c58896057ca,2021.07.24.19.10.14_veh-37_02937_03698,on_traffic_light_intersection,4905e0a3e90859f4,PEDESTRIAN,38,59,22,22,0,22,21,1,0,1627157352099941,1627157353149954,0,0,22
abce4c58896057ca,2021.07.24.19.10.14_veh-37_02937_03698,on_traffic_light_intersection,f5d460adcb1657ed,TRAFFIC_CONE,38,40,3,3,0,3,2,1,0,1627157352099941,1627157352199946,0,3,0
abce4c58896057ca,2021.07.24.19.10.14_veh-37_02937_03698,on_traffic_light_intersection,281ec4016dc85b3f,GENERIC_OBJECT,38,100,63,63,0,63,62,1,0,1627157352099941,1627157355199982,0,0,63
abce4c58896057ca,2021.07.24.19.10.14_veh-37_02937_03698,on_traffic_light_intersection,708c3084d2f052df,PEDESTRIAN,39,70,32,32,0,32,31,1,0,1627157352149943,1627157353700025,0,0,32
abce4c58896057ca,2021.07.24.19.10.14_veh-37_02937_03698,on_traffic_light_intersection,0fc317cd094d584c,GENERIC_OBJECT,39,92,54,54,0,54,53,1,0,1627157352149943,1627157354799835,7,47,0
abce4c58896057ca,2021.07.24.19.10.14_veh-37_02937_03698,on_traffic_light_intersection,ea81412230925ae8,TRAFFIC_CONE,40,59,20,20,0,20,19,1,0,1627157352199946,1627157353149954,0,20,0
abce4c58896057ca,2021.07.24.19.10.14_veh-37_02937_03698,on_traffic_light_intersection,f6e8818b8c495f38,GENERIC_OBJECT,40,100,61,61,0,61,60,1,0,1627157352199946,1627157355199982,61,0,0
abce4c58896057ca,2021.07.24.19.10.14_veh-37_02937_03698,on_traffic_light_intersection,94bf404e5f1d5abc,VEHICLE,42,100,59,59,0,59,58,1,0,1627157352299957,1627157355199982,45,0,14
abce4c58896057ca,2021.07.24.19.10.14_veh-37_02937_03698,on_traffic_light_intersection,b9582e74ded15355,GENERIC_OBJECT,42,72,31,31,0,31,30,1,0,1627157352299957,1627157353800025,0,0,31
abce4c58896057ca,2021.07.24.19.10.14_veh-37_02937_03698,on_traffic_light_intersection,b18c706f57175627,PEDESTRIAN,43,100,58,58,0,58,57,1,0,1627157352349962,1627157355199982,0,0,58
abce4c58896057ca,2021.07.24.19.10.14_veh-37_02937_03698,on_traffic_light_intersection,587c79ef9ddb52b3,GENERIC_OBJECT,44,67,24,24,0,24,23,1,0,1627157352399967,1627157353550009,0,0,24
abce4c58896057ca,2021.07.24.19.10.14_veh-37_02937_03698,on_traffic_light_intersection,a628961b6cc65265,GENERIC_OBJECT,47,100,54,54,0,54,53,1,0,1627157352549961,1627157355199982,0,54,0
abce4c58896057ca,2021.07.24.19.10.14_veh-37_02937_03698,on_traffic_light_intersection,109183c8b5945436,PEDESTRIAN,48,94,47,47,0,47,46,1,0,1627157352599953,1627157354899860,0,0,47
abce4c58896057ca,2021.07.24.19.10.14_veh-37_02937_03698,on_traffic_light_intersection,5e361120207652e0,GENERIC_OBJECT,48,61,14,14,0,14,13,1,0,1627157352599953,1627157353249970,0,0,14
abce4c58896057ca,2021.07.24.19.10.14_veh-37_02937_03698,on_traffic_light_intersection,2b848c611c525eb9,BARRIER,50,53,4,4,0,4,3,1,0,1627157352699927,1627157352849912,0,0,4
abce4c58896057ca,2021.07.24.19.10.14_veh-37_02937_03698,on_traffic_light_intersection,c464fd411e765953,GENERIC_OBJECT,54,100,47,47,0,47,46,1,0,1627157352899915,1627157355199982,0,0,47
abce4c58896057ca,2021.07.24.19.10.14_veh-37_02937_03698,on_traffic_light_intersection,48ee53030349574f,GENERIC_OBJECT,54,61,8,8,0,8,7,1,0,1627157352899915,1627157353249970,0,0,8
abce4c58896057ca,2021.07.24.19.10.14_veh-37_02937_03698,on_traffic_light_intersection,83ab3c21bde05984,VEHICLE,55,100,46,46,0,46,45,1,0,1627157352949921,1627157355199982,0,0,46
abce4c58896057ca,2021.07.24.19.10.14_veh-37_02937_03698,on_traffic_light_intersection,8bfb0add58ca59d8,VEHICLE,59,100,42,42,0,42,41,1,0,1627157353149954,1627157355199982,0,0,42
abce4c58896057ca,2021.07.24.19.10.14_veh-37_02937_03698,on_traffic_light_intersection,0c9c49a8900852cf,GENERIC_OBJECT,60,100,41,41,0,41,40,1,0,1627157353199963,1627157355199982,0,0,41
abce4c58896057ca,2021.07.24.19.10.14_veh-37_02937_03698,on_traffic_light_intersection,0cfeaac2a8a85f5f,VEHICLE,61,100,40,40,0,40,39,1,0,1627157353249970,1627157355199982,0,0,40
abce4c58896057ca,2021.07.24.19.10.14_veh-37_02937_03698,on_traffic_light_intersection,3eae74f03b8a5a40,VEHICLE,62,100,39,39,0,39,38,1,0,1627157353299976,1627157355199982,0,0,39
abce4c58896057ca,2021.07.24.19.10.14_veh-37_02937_03698,on_traffic_light_intersection,04c6a090c4335437,PEDESTRIAN,62,64,3,3,0,3,2,1,0,1627157353299976,1627157353399987,0,0,3
abce4c58896057ca,2021.07.24.19.10.14_veh-37_02937_03698,on_traffic_light_intersection,0500ffc2118a5cdf,PEDESTRIAN,62,100,39,39,0,39,38,1,0,1627157353299976,1627157355199982,0,0,39
abce4c58896057ca,2021.07.24.19.10.14_veh-37_02937_03698,on_traffic_light_intersection,0f44e068b69755ac,GENERIC_OBJECT,62,100,39,39,0,39,38,1,0,1627157353299976,1627157355199982,0,0,39
abce4c58896057ca,2021.07.24.19.10.14_veh-37_02937_03698,on_traffic_light_intersection,4219482ba39b59ab,GENERIC_OBJECT,63,83,21,21,0,21,20,1,0,1627157353349981,1627157354349886,0,0,21
abce4c58896057ca,2021.07.24.19.10.14_veh-37_02937_03698,on_traffic_light_intersection,cb646868c0fb5be5,GENERIC_OBJECT,63,100,38,38,0,38,37,1,0,1627157353349981,1627157355199982,0,0,38
abce4c58896057ca,2021.07.24.19.10.14_veh-37_02937_03698,on_traffic_light_intersection,a86c5cb28ba85d36,PEDESTRIAN,64,66,3,3,0,3,2,1,0,1627157353399987,1627157353500001,0,3,0
abce4c58896057ca,2021.07.24.19.10.14_veh-37_02937_03698,on_traffic_light_intersection,8078350302015fc7,PEDESTRIAN,65,87,23,23,0,23,22,1,0,1627157353449993,1627157354549838,0,0,23
abce4c58896057ca,2021.07.24.19.10.14_veh-37_02937_03698,on_traffic_light_intersection,bea2e04151fb5337,TRAFFIC_CONE,65,83,19,19,0,19,18,1,0,1627157353449993,1627157354349886,0,0,19
abce4c58896057ca,2021.07.24.19.10.14_veh-37_02937_03698,on_traffic_light_intersection,89d1d42e9ebd564b,TRAFFIC_CONE,66,88,23,23,0,23,22,1,0,1627157353500001,1627157354599833,0,0,23
abce4c58896057ca,2021.07.24.19.10.14_veh-37_02937_03698,on_traffic_light_intersection,3a53fa8e6c1d575c,GENERIC_OBJECT,66,100,35,35,0,35,34,1,0,1627157353500001,1627157355199982,0,0,35
abce4c58896057ca,2021.07.24.19.10.14_veh-37_02937_03698,on_traffic_light_intersection,14bfc3d35f845414,GENERIC_OBJECT,67,100,34,34,0,34,33,1,0,1627157353550009,1627157355199982,0,0,34
abce4c58896057ca,2021.07.24.19.10.14_veh-37_02937_03698,on_traffic_light_intersection,ca23bb6bc1d751d9,VEHICLE,68,100,33,33,0,33,32,1,0,1627157353600015,1627157355199982,0,0,33
abce4c58896057ca,2021.07.24.19.10.14_veh-37_02937_03698,on_traffic_light_intersection,60c73cd9e41b5eed,PEDESTRIAN,68,100,33,33,0,33,32,1,0,1627157353600015,1627157355199982,0,0,33
abce4c58896057ca,2021.07.24.19.10.14_veh-37_02937_03698,on_traffic_light_intersection,0bd7a5933f0a5652,TRAFFIC_CONE,68,100,33,33,0,33,32,1,0,1627157353600015,1627157355199982,0,0,33
abce4c58896057ca,2021.07.24.19.10.14_veh-37_02937_03698,on_traffic_light_intersection,a63f79b746ef57d5,GENERIC_OBJECT,68,100,33,33,0,33,32,1,0,1627157353600015,1627157355199982,0,33,0
abce4c58896057ca,2021.07.24.19.10.14_veh-37_02937_03698,on_traffic_light_intersection,0cb343d049db516e,VEHICLE,69,98,30,30,0,30,29,1,0,1627157353650020,1627157355099945,0,0,30
abce4c58896057ca,2021.07.24.19.10.14_veh-37_02937_03698,on_traffic_light_intersection,5072ccd29ad45e13,BARRIER,69,72,4,4,0,4,3,1,0,1627157353650020,1627157353800025,0,0,4
abce4c58896057ca,2021.07.24.19.10.14_veh-37_02937_03698,on_traffic_light_intersection,9c3f8f741b8d5a6a,CZONE_SIGN,69,81,13,13,0,13,12,1,0,1627157353650020,1627157354249924,0,0,13
abce4c58896057ca,2021.07.24.19.10.14_veh-37_02937_03698,on_traffic_light_intersection,9f378e50b6f65b1e,PEDESTRIAN,70,77,8,8,0,8,7,1,0,1627157353700025,1627157354049984,0,0,8
abce4c58896057ca,2021.07.24.19.10.14_veh-37_02937_03698,on_traffic_light_intersection,7d2b12594f8853e8,PEDESTRIAN,72,100,29,29,0,29,28,1,0,1627157353800025,1627157355199982,0,29,0
abce4c58896057ca,2021.07.24.19.10.14_veh-37_02937_03698,on_traffic_light_intersection,eaea5bd634bf5680,PEDESTRIAN,72,100,29,29,0,29,28,1,0,1627157353800025,1627157355199982,0,0,29
abce4c58896057ca,2021.07.24.19.10.14_veh-37_02937_03698,on_traffic_light_intersection,d55b928c7a135594,GENERIC_OBJECT,72,86,15,15,0,15,14,1,0,1627157353800025,1627157354499845,0,0,15
abce4c58896057ca,2021.07.24.19.10.14_veh-37_02937_03698,on_traffic_light_intersection,8654afdfda9658c9,GENERIC_OBJECT,72,100,29,29,0,29,28,1,0,1627157353800025,1627157355199982,0,0,29
abce4c58896057ca,2021.07.24.19.10.14_veh-37_02937_03698,on_traffic_light_intersection,7d844cad114a567b,PEDESTRIAN,75,100,26,26,0,26,25,1,0,1627157353950002,1627157355199982,0,0,26
abce4c58896057ca,2021.07.24.19.10.14_veh-37_02937_03698,on_traffic_light_intersection,358eb9ea6c125920,GENERIC_OBJECT,75,100,26,26,0,26,25,1,0,1627157353950002,1627157355199982,0,0,26
abce4c58896057ca,2021.07.24.19.10.14_veh-37_02937_03698,on_traffic_light_intersection,e49aaaf2271f50ae,PEDESTRIAN,76,100,25,25,0,25,24,1,0,1627157353999993,1627157355199982,0,0,25
abce4c58896057ca,2021.07.24.19.10.14_veh-37_02937_03698,on_traffic_light_intersection,225fcee4def85e9a,TRAFFIC_CONE,76,97,22,22,0,22,21,1,0,1627157353999993,1627157355049922,0,0,22
abce4c58896057ca,2021.07.24.19.10.14_veh-37_02937_03698,on_traffic_light_intersection,47aaf72ff0ad5b2a,TRAFFIC_CONE,76,94,19,19,0,19,18,1,0,1627157353999993,1627157354899860,0,0,19
abce4c58896057ca,2021.07.24.19.10.14_veh-37_02937_03698,on_traffic_light_intersection,06192aa6660c5e47,GENERIC_OBJECT,76,100,25,25,0,25,24,1,0,1627157353999993,1627157355199982,0,0,25
abce4c58896057ca,2021.07.24.19.10.14_veh-37_02937_03698,on_traffic_light_intersection,61308f17bbcd56c4,VEHICLE,78,100,23,23,0,23,22,1,0,1627157354099973,1627157355199982,23,0,0
abce4c58896057ca,2021.07.24.19.10.14_veh-37_02937_03698,on_traffic_light_intersection,7b250faa97fe5bee,TRAFFIC_CONE,78,100,23,23,0,23,22,1,0,1627157354099973,1627157355199982,0,0,23
abce4c58896057ca,2021.07.24.19.10.14_veh-37_02937_03698,on_traffic_light_intersection,4b0571d5779c5474,GENERIC_OBJECT,80,100,21,21,0,21,20,1,0,1627157354199944,1627157355199982,0,0,21
abce4c58896057ca,2021.07.24.19.10.14_veh-37_02937_03698,on_traffic_light_intersection,4e2a6b4e34705832,VEHICLE,85,100,16,16,0,16,15,1,0,1627157354449854,1627157355199982,0,0,16
abce4c58896057ca,2021.07.24.19.10.14_veh-37_02937_03698,on_traffic_light_intersection,65534653b7575f21,PEDESTRIAN,86,91,6,6,0,6,5,1,0,1627157354499845,1627157354749829,0,0,6
abce4c58896057ca,2021.07.24.19.10.14_veh-37_02937_03698,on_traffic_light_intersection,d0364e79ee975d57,VEHICLE,87,100,14,14,0,14,13,1,0,1627157354549838,1627157355199982,0,0,14
abce4c58896057ca,2021.07.24.19.10.14_veh-37_02937_03698,on_traffic_light_intersection,623158b7124b58c5,GENERIC_OBJECT,88,100,13,13,0,13,12,1,0,1627157354599833,1627157355199982,13,0,0
abce4c58896057ca,2021.07.24.19.10.14_veh-37_02937_03698,on_traffic_light_intersection,60e67f12bdcf5ccc,GENERIC_OBJECT,89,100,12,12,0,12,11,1,0,1627157354649828,1627157355199982,0,0,12
abce4c58896057ca,2021.07.24.19.10.14_veh-37_02937_03698,on_traffic_light_intersection,19b764cffe2a5503,TRAFFIC_CONE,91,100,10,10,0,10,9,1,0,1627157354749829,1627157355199982,0,10,0
abce4c58896057ca,2021.07.24.19.10.14_veh-37_02937_03698,on_traffic_light_intersection,f9dd904505905d85,GENERIC_OBJECT,91,100,10,10,0,10,9,1,0,1627157354749829,1627157355199982,0,0,10
abce4c58896057ca,2021.07.24.19.10.14_veh-37_02937_03698,on_traffic_light_intersection,82d02f88efa1571f,GENERIC_OBJECT,91,100,10,10,0,10,9,1,0,1627157354749829,1627157355199982,10,0,0
abce4c58896057ca,2021.07.24.19.10.14_veh-37_02937_03698,on_traffic_light_intersection,553623180f0d54ca,GENERIC_OBJECT,92,100,9,9,0,9,8,1,0,1627157354799835,1627157355199982,0,0,9
abce4c58896057ca,2021.07.24.19.10.14_veh-37_02937_03698,on_traffic_light_intersection,a3e1e7ffd1ba5a85,PEDESTRIAN,94,100,7,7,0,7,6,1,0,1627157354899860,1627157355199982,0,0,7
abce4c58896057ca,2021.07.24.19.10.14_veh-37_02937_03698,on_traffic_light_intersection,f1d124086cbb56a4,VEHICLE,95,100,6,6,0,6,5,1,0,1627157354949878,1627157355199982,0,0,6
abce4c58896057ca,2021.07.24.19.10.14_veh-37_02937_03698,on_traffic_light_intersection,83253abac2af5350,GENERIC_OBJECT,96,100,5,5,0,5,4,1,0,1627157354999898,1627157355199982,0,0,5
abce4c58896057ca,2021.07.24.19.10.14_veh-37_02937_03698,on_traffic_light_intersection,1b0fc0856e7057bd,PEDESTRIAN,97,100,4,4,0,4,3,1,0,1627157355049922,1627157355199982,0,0,4
abce4c58896057ca,2021.07.24.19.10.14_veh-37_02937_03698,on_traffic_light_intersection,0d150d5f1e1957c8,GENERIC_OBJECT,98,100,3,3,0,3,2,1,0,1627157355099945,1627157355199982,0,3,0
abce4c58896057ca,2021.07.24.19.10.14_veh-37_02937_03698,on_traffic_light_intersection,dd377dae2cd75cf6,VEHICLE,99,100,2,2,0,2,1,1,0,1627157355149966,1627157355199982,0,0,2
abce4c58896057ca,2021.07.24.19.10.14_veh-37_02937_03698,on_traffic_light_intersection,7f0758b929bb5acd,VEHICLE,99,100,2,2,0,2,1,1,0,1627157355149966,1627157355199982,0,0,2
abce4c58896057ca,2021.07.24.19.10.14_veh-37_02937_03698,on_traffic_light_intersection,ef0dc2e670085682,PEDESTRIAN,100,100,1,1,0,1,0,1,0,1627157355199982,1627157355199982,1,0,0
2a36b4bcb7c45686,2021.07.24.15.54.20_veh-47_03573_05252,traversing_intersection,334fc984aa59571e,VEHICLE,0,100,101,101,0,101,100,1,0,1627146591250215,1627146596249777,101,0,0
2a36b4bcb7c45686,2021.07.24.15.54.20_veh-47_03573_05252,traversing_intersection,f763c6abb02b5113,VEHICLE,0,51,52,52,0,52,51,1,0,1627146591250215,1627146593799007,0,0,52
2a36b4bcb7c45686,2021.07.24.15.54.20_veh-47_03573_05252,traversing_intersection,dce0c8dd591d5618,VEHICLE,0,50,51,51,0,51,50,1,0,1627146591250215,1627146593748951,0,0,51
2a36b4bcb7c45686,2021.07.24.15.54.20_veh-47_03573_05252,traversing_intersection,774313c1b0365b3e,VEHICLE,0,53,54,54,0,54,53,1,0,1627146591250215,1627146593899117,0,0,54
2a36b4bcb7c45686,2021.07.24.15.54.20_veh-47_03573_05252,traversing_intersection,86c1893ab8fe597d,VEHICLE,0,86,87,87,0,87,86,1,0,1627146591250215,1627146595550150,0,0,87
2a36b4bcb7c45686,2021.07.24.15.54.20_veh-47_03573_05252,traversing_intersection,93d0ac4114b45031,VEHICLE,0,100,101,101,0,101,100,1,0,1627146591250215,1627146596249777,0,0,0
2a36b4bcb7c45686,2021.07.24.15.54.20_veh-47_03573_05252,traversing_intersection,270ce3ae9b105c35,VEHICLE,0,33,34,34,0,34,33,1,0,1627146591250215,1627146592899009,0,0,34
2a36b4bcb7c45686,2021.07.24.15.54.20_veh-47_03573_05252,traversing_intersection,ba4973a1575d5ff7,VEHICLE,0,43,44,44,0,44,43,1,0,1627146591250215,1627146593398647,0,0,0
2a36b4bcb7c45686,2021.07.24.15.54.20_veh-47_03573_05252,traversing_intersection,0110a3c7ed865050,VEHICLE,0,100,101,101,0,101,100,1,0,1627146591250215,1627146596249777,101,0,0
2a36b4bcb7c45686,2021.07.24.15.54.20_veh-47_03573_05252,traversing_intersection,ca8dcf7d63f259cd,VEHICLE,0,100,101,101,0,101,100,1,0,1627146591250215,1627146596249777,0,0,0
2a36b4bcb7c45686,2021.07.24.15.54.20_veh-47_03573_05252,traversing_intersection,ae6fb3d0dbe35a33,VEHICLE,0,100,101,101,0,101,100,1,0,1627146591250215,1627146596249777,92,0,9
2a36b4bcb7c45686,2021.07.24.15.54.20_veh-47_03573_05252,traversing_intersection,95b6c8bd64735de8,VEHICLE,0,100,101,101,0,101,100,1,0,1627146591250215,1627146596249777,0,0,0
2a36b4bcb7c45686,2021.07.24.15.54.20_veh-47_03573_05252,traversing_intersection,b294e58f200b5632,VEHICLE,0,100,101,101,0,101,100,1,0,1627146591250215,1627146596249777,66,0,35
2a36b4bcb7c45686,2021.07.24.15.54.20_veh-47_03573_05252,traversing_intersection,9b6c6640d8965417,VEHICLE,0,100,101,101,0,101,100,1,0,1627146591250215,1627146596249777,0,0,0
2a36b4bcb7c45686,2021.07.24.15.54.20_veh-47_03573_05252,traversing_intersection,17d4e84b546e5f52,VEHICLE,0,100,101,101,0,101,100,1,0,1627146591250215,1627146596249777,0,0,0
2a36b4bcb7c45686,2021.07.24.15.54.20_veh-47_03573_05252,traversing_intersection,fb0daa1cdae6557b,VEHICLE,0,100,101,101,0,101,100,1,0,1627146591250215,1627146596249777,101,0,0
2a36b4bcb7c45686,2021.07.24.15.54.20_veh-47_03573_05252,traversing_intersection,6c894df7c9ba5506,VEHICLE,0,100,101,101,0,101,100,1,0,1627146591250215,1627146596249777,101,0,0
2a36b4bcb7c45686,2021.07.24.15.54.20_veh-47_03573_05252,traversing_intersection,82b39d7b92bb5603,VEHICLE,0,41,42,42,0,42,41,1,0,1627146591250215,1627146593298659,0,0,0
2a36b4bcb7c45686,2021.07.24.15.54.20_veh-47_03573_05252,traversing_intersection,146909cc897b571e,VEHICLE,0,100,101,101,0,101,100,1,0,1627146591250215,1627146596249777,0,0,0
2a36b4bcb7c45686,2021.07.24.15.54.20_veh-47_03573_05252,traversing_intersection,77a71eb686ea5f90,VEHICLE,0,100,101,101,0,101,100,1,0,1627146591250215,1627146596249777,0,0,0
2a36b4bcb7c45686,2021.07.24.15.54.20_veh-47_03573_05252,traversing_intersection,dc7a67ef698b5c58,VEHICLE,0,100,101,101,0,101,100,1,0,1627146591250215,1627146596249777,0,0,0
2a36b4bcb7c45686,2021.07.24.15.54.20_veh-47_03573_05252,traversing_intersection,7438d7901767593f,VEHICLE,0,54,55,55,0,55,54,1,0,1627146591250215,1627146593949172,0,0,0
2a36b4bcb7c45686,2021.07.24.15.54.20_veh-47_03573_05252,traversing_intersection,c0d343ef26ef50dd,VEHICLE,0,100,101,101,0,101,100,1,0,1627146591250215,1627146596249777,0,0,0
2a36b4bcb7c45686,2021.07.24.15.54.20_veh-47_03573_05252,traversing_intersection,dad6fbc4926e5ab3,VEHICLE,0,100,101,101,0,101,100,1,0,1627146591250215,1627146596249777,0,0,0
2a36b4bcb7c45686,2021.07.24.15.54.20_veh-47_03573_05252,traversing_intersection,720faabec83e5db1,VEHICLE,0,100,101,101,0,101,100,1,0,1627146591250215,1627146596249777,0,0,0
2a36b4bcb7c45686,2021.07.24.15.54.20_veh-47_03573_05252,traversing_intersection,395a6b27c6a65621,VEHICLE,0,100,101,101,0,101,100,1,0,1627146591250215,1627146596249777,0,0,101
2a36b4bcb7c45686,2021.07.24.15.54.20_veh-47_03573_05252,traversing_intersection,939b6bb0193a5367,VEHICLE,0,100,101,101,0,101,100,1,0,1627146591250215,1627146596249777,0,0,0
2a36b4bcb7c45686,2021.07.24.15.54.20_veh-47_03573_05252,traversing_intersection,31b7ac8dfc0f543a,VEHICLE,0,100,101,101,0,101,100,1,0,1627146591250215,1627146596249777,0,0,0
2a36b4bcb7c45686,2021.07.24.15.54.20_veh-47_03573_05252,traversing_intersection,eff57100476d5295,VEHICLE,0,45,46,46,0,46,45,1,0,1627146591250215,1627146593498685,0,0,0
2a36b4bcb7c45686,2021.07.24.15.54.20_veh-47_03573_05252,traversing_intersection,85618f1130f952aa,VEHICLE,0,39,40,40,0,40,39,1,0,1627146591250215,1627146593198709,0,0,40
2a36b4bcb7c45686,2021.07.24.15.54.20_veh-47_03573_05252,traversing_intersection,be6e5c909a095cf5,VEHICLE,0,100,101,101,0,101,100,1,0,1627146591250215,1627146596249777,0,0,0
2a36b4bcb7c45686,2021.07.24.15.54.20_veh-47_03573_05252,traversing_intersection,55bdd028b5325cd1,VEHICLE,0,41,42,42,0,42,41,1,0,1627146591250215,1627146593298659,0,0,0
2a36b4bcb7c45686,2021.07.24.15.54.20_veh-47_03573_05252,traversing_intersection,a444ed4ac3c55894,PEDESTRIAN,0,41,42,42,0,42,41,1,0,1627146591250215,1627146593298659,0,0,42
2a36b4bcb7c45686,2021.07.24.15.54.20_veh-47_03573_05252,traversing_intersection,64d707d202ea56b5,PEDESTRIAN,0,34,35,35,0,35,34,1,0,1627146591250215,1627146592948956,0,0,35
2a36b4bcb7c45686,2021.07.24.15.54.20_veh-47_03573_05252,traversing_intersection,25aa6b0a2c2e50b5,PEDESTRIAN,0,38,39,39,0,39,38,1,0,1627146591250215,1627146593148747,0,0,39
2a36b4bcb7c45686,2021.07.24.15.54.20_veh-47_03573_05252,traversing_intersection,0e39dbe5548559c7,PEDESTRIAN,0,41,42,42,0,42,41,1,0,1627146591250215,1627146593298659,0,0,42
2a36b4bcb7c45686,2021.07.24.15.54.20_veh-47_03573_05252,traversing_intersection,ecdf1ae5bd115c55,PEDESTRIAN,0,41,42,42,0,42,41,1,0,1627146591250215,1627146593298659,0,0,42
2a36b4bcb7c45686,2021.07.24.15.54.20_veh-47_03573_05252,traversing_intersection,a01e64a99dfa5d99,PEDESTRIAN,0,41,42,42,0,42,41,1,0,1627146591250215,1627146593298659,0,0,42
2a36b4bcb7c45686,2021.07.24.15.54.20_veh-47_03573_05252,traversing_intersection,807cfa39aebb551c,PEDESTRIAN,0,41,42,42,0,42,41,1,0,1627146591250215,1627146593298659,0,0,42
2a36b4bcb7c45686,2021.07.24.15.54.20_veh-47_03573_05252,traversing_intersection,1de730b64e7e5820,PEDESTRIAN,0,43,44,44,0,44,43,1,0,1627146591250215,1627146593398647,0,0,44
2a36b4bcb7c45686,2021.07.24.15.54.20_veh-47_03573_05252,traversing_intersection,b1783ba2761a587b,PEDESTRIAN,0,38,39,39,0,39,38,1,0,1627146591250215,1627146593148747,0,0,39
2a36b4bcb7c45686,2021.07.24.15.54.20_veh-47_03573_05252,traversing_intersection,0504c6dfc8fc5d19,PEDESTRIAN,0,12,13,13,0,13,12,1,0,1627146591250215,1627146591849906,0,0,13
2a36b4bcb7c45686,2021.07.24.15.54.20_veh-47_03573_05252,traversing_intersection,d9032b002d7553eb,PEDESTRIAN,0,100,101,101,0,101,100,1,0,1627146591250215,1627146596249777,67,0,34
2a36b4bcb7c45686,2021.07.24.15.54.20_veh-47_03573_05252,traversing_intersection,bd6263726bf85350,TRAFFIC_CONE,0,52,53,53,0,53,52,1,0,1627146591250215,1627146593849061,53,0,0
2a36b4bcb7c45686,2021.07.24.15.54.20_veh-47_03573_05252,traversing_intersection,eb1cd1f62ba45ff1,TRAFFIC_CONE,0,46,47,47,0,47,46,1,0,1627146591250215,1627146593548726,45,0,2
2a36b4bcb7c45686,2021.07.24.15.54.20_veh-47_03573_05252,traversing_intersection,1a17fda75ad35374,TRAFFIC_CONE,0,30,31,31,0,31,30,1,0,1627146591250215,1627146592749151,31,0,0
2a36b4bcb7c45686,2021.07.24.15.54.20_veh-47_03573_05252,traversing_intersection,4f24c8c23e2c5d61,TRAFFIC_CONE,0,26,27,27,0,27,26,1,0,1627146591250215,1627146592549340,27,0,0
2a36b4bcb7c45686,2021.07.24.15.54.20_veh-47_03573_05252,traversing_intersection,b3068af60c425bd1,TRAFFIC_CONE,0,49,50,50,0,50,49,1,0,1627146591250215,1627146593698895,5,0,45
2a36b4bcb7c45686,2021.07.24.15.54.20_veh-47_03573_05252,traversing_intersection,d7536dcc09c15934,TRAFFIC_CONE,0,51,52,52,0,52,51,1,0,1627146591250215,1627146593799007,0,0,52
2a36b4bcb7c45686,2021.07.24.15.54.20_veh-47_03573_05252,traversing_intersection,7ddbe0d843715ca9,TRAFFIC_CONE,0,23,24,24,0,24,23,1,0,1627146591250215,1627146592399484,0,0,24
2a36b4bcb7c45686,2021.07.24.15.54.20_veh-47_03573_05252,traversing_intersection,96ae475e91ad597f,TRAFFIC_CONE,0,52,53,53,0,53,52,1,0,1627146591250215,1627146593849061,53,0,0
2a36b4bcb7c45686,2021.07.24.15.54.20_veh-47_03573_05252,traversing_intersection,64a1b2954b725e5d,BARRIER,0,50,51,51,0,51,50,1,0,1627146591250215,1627146593748951,51,0,0
2a36b4bcb7c45686,2021.07.24.15.54.20_veh-47_03573_05252,traversing_intersection,0d50113a59cb5191,GENERIC_OBJECT,0,18,19,19,0,19,18,1,0,1627146591250215,1627146592149665,0,0,19
2a36b4bcb7c45686,2021.07.24.15.54.20_veh-47_03573_05252,traversing_intersection,96b2e03d092b59f6,GENERIC_OBJECT,0,12,13,13,0,13,12,1,0,1627146591250215,1627146591849906,13,0,0
2a36b4bcb7c45686,2021.07.24.15.54.20_veh-47_03573_05252,traversing_intersection,4c23ff72159c5466,GENERIC_OBJECT,0,43,44,44,0,44,43,1,0,1627146591250215,1627146593398647,0,0,44
2a36b4bcb7c45686,2021.07.24.15.54.20_veh-47_03573_05252,traversing_intersection,03fa79a641075b49,GENERIC_OBJECT,0,33,34,34,0,34,33,1,0,1627146591250215,1627146592899009,8,0,26
2a36b4bcb7c45686,2021.07.24.15.54.20_veh-47_03573_05252,traversing_intersection,650967b9be6b5ef5,GENERIC_OBJECT,0,0,1,1,0,1,0,1,0,1627146591250215,1627146591250215,0,0,1
2a36b4bcb7c45686,2021.07.24.15.54.20_veh-47_03573_05252,traversing_intersection,22ba78f11a97504f,GENERIC_OBJECT,0,39,40,40,0,40,39,1,0,1627146591250215,1627146593198709,0,0,40
2a36b4bcb7c45686,2021.07.24.15.54.20_veh-47_03573_05252,traversing_intersection,fe0686e463f35afa,GENERIC_OBJECT,0,16,17,17,0,17,16,1,0,1627146591250215,1627146592049733,0,0,17
2a36b4bcb7c45686,2021.07.24.15.54.20_veh-47_03573_05252,traversing_intersection,186f108204135b7f,GENERIC_OBJECT,0,100,101,101,0,101,100,1,0,1627146591250215,1627146596249777,101,0,0
2a36b4bcb7c45686,2021.07.24.15.54.20_veh-47_03573_05252,traversing_intersection,12dc53608e4a5d68,GENERIC_OBJECT,0,82,83,83,0,83,82,1,0,1627146591250215,1627146595350234,83,0,0
2a36b4bcb7c45686,2021.07.24.15.54.20_veh-47_03573_05252,traversing_intersection,322b7c7911fb5228,GENERIC_OBJECT,0,70,71,71,0,71,70,1,0,1627146591250215,1627146594749897,52,0,19
2a36b4bcb7c45686,2021.07.24.15.54.20_veh-47_03573_05252,traversing_intersection,0d26a65a33dc5132,GENERIC_OBJECT,0,40,41,41,0,41,40,1,0,1627146591250215,1627146593248679,0,0,41
2a36b4bcb7c45686,2021.07.24.15.54.20_veh-47_03573_05252,traversing_intersection,a418879f30f65389,GENERIC_OBJECT,0,17,18,18,0,18,17,1,0,1627146591250215,1627146592099696,18,0,0
2a36b4bcb7c45686,2021.07.24.15.54.20_veh-47_03573_05252,traversing_intersection,a2addeb48f0a5935,GENERIC_OBJECT,0,16,17,17,0,17,16,1,0,1627146591250215,1627146592049733,17,0,0
2a36b4bcb7c45686,2021.07.24.15.54.20_veh-47_03573_05252,traversing_intersection,a3543029df4d5662,GENERIC_OBJECT,0,17,18,18,0,18,17,1,0,1627146591250215,1627146592099696,18,0,0
2a36b4bcb7c45686,2021.07.24.15.54.20_veh-47_03573_05252,traversing_intersection,4b3dbe42490059ea,GENERIC_OBJECT,0,24,25,25,0,25,24,1,0,1627146591250215,1627146592449438,25,0,0
2a36b4bcb7c45686,2021.07.24.15.54.20_veh-47_03573_05252,traversing_intersection,ec6ed0d164fa5239,GENERIC_OBJECT,0,4,5,5,0,5,4,1,0,1627146591250215,1627146591450166,5,0,0
2a36b4bcb7c45686,2021.07.24.15.54.20_veh-47_03573_05252,traversing_intersection,821b0959207551d4,GENERIC_OBJECT,0,23,24,24,0,24,23,1,0,1627146591250215,1627146592399484,24,0,0
2a36b4bcb7c45686,2021.07.24.15.54.20_veh-47_03573_05252,traversing_intersection,e73515546f0f58ec,GENERIC_OBJECT,0,25,26,26,0,26,25,1,0,1627146591250215,1627146592499389,26,0,0
2a36b4bcb7c45686,2021.07.24.15.54.20_veh-47_03573_05252,traversing_intersection,0806927e4cb852df,GENERIC_OBJECT,0,40,41,41,0,41,40,1,0,1627146591250215,1627146593248679,0,0,41
2a36b4bcb7c45686,2021.07.24.15.54.20_veh-47_03573_05252,traversing_intersection,9ef10c9c13955895,GENERIC_OBJECT,0,46,47,47,0,47,46,1,0,1627146591250215,1627146593548726,0,0,47
2a36b4bcb7c45686,2021.07.24.15.54.20_veh-47_03573_05252,traversing_intersection,39af0259334a5724,GENERIC_OBJECT,0,0,1,1,0,1,0,1,0,1627146591250215,1627146591250215,1,0,0
2a36b4bcb7c45686,2021.07.24.15.54.20_veh-47_03573_05252,traversing_intersection,1a9e599926f85cca,GENERIC_OBJECT,0,6,7,7,0,7,6,1,0,1627146591250215,1627146591550118,7,0,0
2a36b4bcb7c45686,2021.07.24.15.54.20_veh-47_03573_05252,traversing_intersection,b164fe4dca4e5e1a,GENERIC_OBJECT,0,55,56,56,0,56,55,1,0,1627146591250215,1627146593999224,43,0,13
2a36b4bcb7c45686,2021.07.24.15.54.20_veh-47_03573_05252,traversing_intersection,dea436dd5d4e5455,GENERIC_OBJECT,0,28,29,29,0,29,28,1,0,1627146591250215,1627146592649243,29,0,0
2a36b4bcb7c45686,2021.07.24.15.54.20_veh-47_03573_05252,traversing_intersection,ddf6de6dd7485e13,GENERIC_OBJECT,0,9,10,10,0,10,9,1,0,1627146591250215,1627146591700022,10,0,0
2a36b4bcb7c45686,2021.07.24.15.54.20_veh-47_03573_05252,traversing_intersection,dd7a9201365d57f9,VEHICLE,2,100,99,99,0,99,98,1,0,1627146591350200,1627146596249777,0,0,0
2a36b4bcb7c45686,2021.07.24.15.54.20_veh-47_03573_05252,traversing_intersection,3ea23e8393ac5501,VEHICLE,6,15,10,10,0,10,9,1,0,1627146591550118,1627146591999774,0,0,0
2a36b4bcb7c45686,2021.07.24.15.54.20_veh-47_03573_05252,traversing_intersection,1bed8bc202495f2a,PEDESTRIAN,19,100,82,82,0,82,81,1,0,1627146592199633,1627146596249777,0,0,82
2a36b4bcb7c45686,2021.07.24.15.54.20_veh-47_03573_05252,traversing_intersection,77fdf71be6085022,PEDESTRIAN,19,100,82,82,0,82,81,1,0,1627146592199633,1627146596249777,0,0,82
2a36b4bcb7c45686,2021.07.24.15.54.20_veh-47_03573_05252,traversing_intersection,88a44fab6131538f,BARRIER,21,27,7,7,0,7,6,1,0,1627146592299565,1627146592599290,0,0,7
2a36b4bcb7c45686,2021.07.24.15.54.20_veh-47_03573_05252,traversing_intersection,8651ec0d58775149,VEHICLE,24,100,77,77,0,77,76,1,0,1627146592449438,1627146596249777,0,0,0
2a36b4bcb7c45686,2021.07.24.15.54.20_veh-47_03573_05252,traversing_intersection,ecd2739dc725593a,PEDESTRIAN,27,33,7,7,0,7,6,1,0,1627146592599290,1627146592899009,0,0,7
2a36b4bcb7c45686,2021.07.24.15.54.20_veh-47_03573_05252,traversing_intersection,ae0bb609941d54cf,PEDESTRIAN,27,100,74,74,0,74,73,1,0,1627146592599290,1627146596249777,68,0,6
2a36b4bcb7c45686,2021.07.24.15.54.20_veh-47_03573_05252,traversing_intersection,2f391e5c7202579d,TRAFFIC_CONE,30,37,8,8,0,8,7,1,0,1627146592749151,1627146593098792,8,0,0
2a36b4bcb7c45686,2021.07.24.15.54.20_veh-47_03573_05252,traversing_intersection,9f8004e4d50f5b50,TRAFFIC_CONE,31,53,23,23,0,23,22,1,0,1627146592799106,1627146593899117,0,0,23
2a36b4bcb7c45686,2021.07.24.15.54.20_veh-47_03573_05252,traversing_intersection,16dafd835e1152dc,PEDESTRIAN,73,76,4,4,0,4,3,1,0,1627146594900022,1627146595050148,0,0,4
2a36b4bcb7c45686,2021.07.24.15.54.20_veh-47_03573_05252,traversing_intersection,763941dcea46589e,VEHICLE,90,94,5,5,0,5,4,1,0,1627146595749995,1627146595949856,0,0,0
2a36b4bcb7c45686,2021.07.24.15.54.20_veh-47_03573_05252,traversing_intersection,209d49dcbb2c5fe2,VEHICLE,92,99,8,8,0,8,7,1,0,1627146595849918,1627146596199781,0,0,0
2a36b4bcb7c45686,2021.07.24.15.54.20_veh-47_03573_05252,traversing_intersection,e9ecca9d72b356f8,PEDESTRIAN,99,100,2,2,0,2,1,1,0,1627146596199781,1627146596249777,2,0,0
7ccc707ccf4f5dab,2021.10.13.14.40.14_veh-28_01119_01246,traversing_intersection,441d36bd31f550b7,VEHICLE,0,100,101,101,0,101,100,1,0,1634137278649914,1634137283649829,0,0,101
7ccc707ccf4f5dab,2021.10.13.14.40.14_veh-28_01119_01246,traversing_intersection,b1aa7a07b94b5720,VEHICLE,0,6,7,7,0,7,6,1,0,1634137278649914,1634137278950103,0,0,0
7ccc707ccf4f5dab,2021.10.13.14.40.14_veh-28_01119_01246,traversing_intersection,a8b69b46a3e35fee,VEHICLE,0,5,6,6,0,6,5,1,0,1634137278649914,1634137278900071,0,0,0
7ccc707ccf4f5dab,2021.10.13.14.40.14_veh-28_01119_01246,traversing_intersection,9222c8c10ac25273,VEHICLE,0,34,35,35,0,35,34,1,0,1634137278649914,1634137280349645,0,0,0
7ccc707ccf4f5dab,2021.10.13.14.40.14_veh-28_01119_01246,traversing_intersection,5ad7fe025ee2599b,VEHICLE,0,42,43,43,0,43,42,1,0,1634137278649914,1634137280749515,0,0,0
7ccc707ccf4f5dab,2021.10.13.14.40.14_veh-28_01119_01246,traversing_intersection,b52fbeb3ebf258e1,VEHICLE,0,58,59,59,0,59,58,1,0,1634137278649914,1634137281549458,0,0,0
7ccc707ccf4f5dab,2021.10.13.14.40.14_veh-28_01119_01246,traversing_intersection,6d9db64d7e485dd6,VEHICLE,0,59,60,60,0,60,59,1,0,1634137278649914,1634137281599477,0,0,0
7ccc707ccf4f5dab,2021.10.13.14.40.14_veh-28_01119_01246,traversing_intersection,000594a663e85e6c,VEHICLE,0,70,71,71,0,71,70,1,0,1634137278649914,1634137282149746,0,0,0
7ccc707ccf4f5dab,2021.10.13.14.40.14_veh-28_01119_01246,traversing_intersection,7f57f7d969dc5cab,VEHICLE,0,100,101,101,0,101,100,1,0,1634137278649914,1634137283649829,81,0,20
7ccc707ccf4f5dab,2021.10.13.14.40.14_veh-28_01119_01246,traversing_intersection,8a4cdb449e1c5270,VEHICLE,0,100,101,101,0,101,100,1,0,1634137278649914,1634137283649829,0,0,0
7ccc707ccf4f5dab,2021.10.13.14.40.14_veh-28_01119_01246,traversing_intersection,8074a28ac4af5c83,VEHICLE,0,100,101,101,0,101,100,1,0,1634137278649914,1634137283649829,0,0,0
7ccc707ccf4f5dab,2021.10.13.14.40.14_veh-28_01119_01246,traversing_intersection,ba9286156261572c,VEHICLE,0,100,101,101,0,101,100,1,0,1634137278649914,1634137283649829,0,0,0
7ccc707ccf4f5dab,2021.10.13.14.40.14_veh-28_01119_01246,traversing_intersection,0430bfc694d15dbe,VEHICLE,0,100,101,101,0,101,100,1,0,1634137278649914,1634137283649829,0,0,0
7ccc707ccf4f5dab,2021.10.13.14.40.14_veh-28_01119_01246,traversing_intersection,60b95f379f815e12,VEHICLE,0,100,101,101,0,101,100,1,0,1634137278649914,1634137283649829,0,0,0
7ccc707ccf4f5dab,2021.10.13.14.40.14_veh-28_01119_01246,traversing_intersection,60045e11f59553c6,VEHICLE,0,100,101,101,0,101,100,1,0,1634137278649914,1634137283649829,0,0,0
7ccc707ccf4f5dab,2021.10.13.14.40.14_veh-28_01119_01246,traversing_intersection,2ebe089766825810,VEHICLE,0,100,101,101,0,101,100,1,0,1634137278649914,1634137283649829,0,0,0
7ccc707ccf4f5dab,2021.10.13.14.40.14_veh-28_01119_01246,traversing_intersection,24c156e692865a33,VEHICLE,0,100,101,101,0,101,100,1,0,1634137278649914,1634137283649829,0,0,0
7ccc707ccf4f5dab,2021.10.13.14.40.14_veh-28_01119_01246,traversing_intersection,b82a9d3426075cf6,VEHICLE,0,100,101,101,0,101,100,1,0,1634137278649914,1634137283649829,0,0,0
7ccc707ccf4f5dab,2021.10.13.14.40.14_veh-28_01119_01246,traversing_intersection,082dfcac217e5974,VEHICLE,0,3,4,4,0,4,3,1,0,1634137278649914,1634137278800006,0,0,0
7ccc707ccf4f5dab,2021.10.13.14.40.14_veh-28_01119_01246,traversing_intersection,60fb61de6f225ce3,VEHICLE,0,50,51,51,0,51,50,1,0,1634137278649914,1634137281149430,0,0,0
7ccc707ccf4f5dab,2021.10.13.14.40.14_veh-28_01119_01246,traversing_intersection,77da3d833d055509,VEHICLE,0,100,101,101,0,101,100,1,0,1634137278649914,1634137283649829,0,0,0
7ccc707ccf4f5dab,2021.10.13.14.40.14_veh-28_01119_01246,traversing_intersection,876e6c66acbf5cde,VEHICLE,0,100,101,101,0,101,100,1,0,1634137278649914,1634137283649829,0,0,0
7ccc707ccf4f5dab,2021.10.13.14.40.14_veh-28_01119_01246,traversing_intersection,acfcab5a99445e8d,VEHICLE,0,100,101,101,0,101,100,1,0,1634137278649914,1634137283649829,0,0,0
7ccc707ccf4f5dab,2021.10.13.14.40.14_veh-28_01119_01246,traversing_intersection,4902d09098d75b0d,VEHICLE,0,100,101,101,0,101,100,1,0,1634137278649914,1634137283649829,0,0,0
7ccc707ccf4f5dab,2021.10.13.14.40.14_veh-28_01119_01246,traversing_intersection,01b2d8414db452e3,VEHICLE,0,100,101,101,0,101,100,1,0,1634137278649914,1634137283649829,0,0,0
7ccc707ccf4f5dab,2021.10.13.14.40.14_veh-28_01119_01246,traversing_intersection,01f8691de5b05891,VEHICLE,0,100,101,101,0,101,100,1,0,1634137278649914,1634137283649829,0,0,0
7ccc707ccf4f5dab,2021.10.13.14.40.14_veh-28_01119_01246,traversing_intersection,22ea925a95da5225,VEHICLE,0,65,66,66,0,66,65,1,0,1634137278649914,1634137281899630,23,0,43
7ccc707ccf4f5dab,2021.10.13.14.40.14_veh-28_01119_01246,traversing_intersection,e0eaac2258235036,VEHICLE,0,87,88,88,0,88,87,1,0,1634137278649914,1634137282999958,43,0,45
7ccc707ccf4f5dab,2021.10.13.14.40.14_veh-28_01119_01246,traversing_intersection,b2aea1704a3a5596,VEHICLE,0,100,101,101,0,101,100,1,0,1634137278649914,1634137283649829,0,0,0
7ccc707ccf4f5dab,2021.10.13.14.40.14_veh-28_01119_01246,traversing_intersection,e50e8b1232475071,VEHICLE,0,100,101,101,0,101,100,1,0,1634137278649914,1634137283649829,0,0,0
7ccc707ccf4f5dab,2021.10.13.14.40.14_veh-28_01119_01246,traversing_intersection,cbb7744475e553a8,VEHICLE,0,13,14,14,0,14,13,1,0,1634137278649914,1634137279300186,0,0,0
7ccc707ccf4f5dab,2021.10.13.14.40.14_veh-28_01119_01246,traversing_intersection,83698dc7d2815fd9,VEHICLE,0,100,101,101,0,101,100,1,0,1634137278649914,1634137283649829,0,0,0
7ccc707ccf4f5dab,2021.10.13.14.40.14_veh-28_01119_01246,traversing_intersection,4725fb02eab65e66,VEHICLE,0,100,101,101,0,101,100,1,0,1634137278649914,1634137283649829,67,0,34
7ccc707ccf4f5dab,2021.10.13.14.40.14_veh-28_01119_01246,traversing_intersection,c7361e7b639156ee,VEHICLE,0,100,101,101,0,101,100,1,0,1634137278649914,1634137283649829,0,0,0
7ccc707ccf4f5dab,2021.10.13.14.40.14_veh-28_01119_01246,traversing_intersection,dacfce341eee5915,PEDESTRIAN,0,51,52,52,0,52,51,1,0,1634137278649914,1634137281199421,0,0,52
7ccc707ccf4f5dab,2021.10.13.14.40.14_veh-28_01119_01246,traversing_intersection,0d9ddd096afb51af,PEDESTRIAN,0,100,101,101,0,101,100,1,0,1634137278649914,1634137283649829,55,0,46
7ccc707ccf4f5dab,2021.10.13.14.40.14_veh-28_01119_01246,traversing_intersection,707625a030655d59,PEDESTRIAN,0,100,101,101,0,101,100,1,0,1634137278649914,1634137283649829,54,0,47
7ccc707ccf4f5dab,2021.10.13.14.40.14_veh-28_01119_01246,traversing_intersection,a999fc3592715976,PEDESTRIAN,0,100,101,101,0,101,100,1,0,1634137278649914,1634137283649829,49,0,52
7ccc707ccf4f5dab,2021.10.13.14.40.14_veh-28_01119_01246,traversing_intersection,eeab9e6a8b845a51,PEDESTRIAN,0,15,16,16,0,16,15,1,0,1634137278649914,1634137279400140,0,0,16
7ccc707ccf4f5dab,2021.10.13.14.40.14_veh-28_01119_01246,traversing_intersection,9fb0e68f85ad51ad,PEDESTRIAN,0,8,9,9,0,9,8,1,0,1634137278649914,1634137279050159,0,0,9
7ccc707ccf4f5dab,2021.10.13.14.40.14_veh-28_01119_01246,traversing_intersection,3ff8fb76d8fa519e,PEDESTRIAN,0,4,5,5,0,5,4,1,0,1634137278649914,1634137278850038,0,0,5
7ccc707ccf4f5dab,2021.10.13.14.40.14_veh-28_01119_01246,traversing_intersection,6fc19ebc6d0f5f64,PEDESTRIAN,0,5,6,6,0,6,5,1,0,1634137278649914,1634137278900071,6,0,0
7ccc707ccf4f5dab,2021.10.13.14.40.14_veh-28_01119_01246,traversing_intersection,2a1d38d6fdab5871,TRAFFIC_CONE,0,24,25,25,0,25,24,1,0,1634137278649914,1634137279849882,0,0,25
7ccc707ccf4f5dab,2021.10.13.14.40.14_veh-28_01119_01246,traversing_intersection,754a8807e78b5f72,TRAFFIC_CONE,0,23,24,24,0,24,23,1,0,1634137278649914,1634137279799908,0,0,24
7ccc707ccf4f5dab,2021.10.13.14.40.14_veh-28_01119_01246,traversing_intersection,bfd3bd3e13425cbd,TRAFFIC_CONE,0,32,33,33,0,33,32,1,0,1634137278649914,1634137280249684,0,0,33
7ccc707ccf4f5dab,2021.10.13.14.40.14_veh-28_01119_01246,traversing_intersection,686f50ce92bc590c,TRAFFIC_CONE,0,14,15,15,0,15,14,1,0,1634137278649914,1634137279350166,0,0,15
7ccc707ccf4f5dab,2021.10.13.14.40.14_veh-28_01119_01246,traversing_intersection,2d4319830a375393,TRAFFIC_CONE,0,82,83,83,0,83,82,1,0,1634137278649914,1634137282749905,15,0,68
7ccc707ccf4f5dab,2021.10.13.14.40.14_veh-28_01119_01246,traversing_intersection,d1e2dcb60f4d5889,BARRIER,0,63,64,64,0,64,63,1,0,1634137278649914,1634137281799573,12,0,52
7ccc707ccf4f5dab,2021.10.13.14.40.14_veh-28_01119_01246,traversing_intersection,e66366838bc25661,BARRIER,0,55,56,56,0,56,55,1,0,1634137278649914,1634137281399418,4,0,52
7ccc707ccf4f5dab,2021.10.13.14.40.14_veh-28_01119_01246,traversing_intersection,6b48881210b258e2,BARRIER,0,82,83,83,0,83,82,1,0,1634137278649914,1634137282749905,26,0,57
7ccc707ccf4f5dab,2021.10.13.14.40.14_veh-28_01119_01246,traversing_intersection,a381e7c5e3a45bc6,BARRIER,0,82,83,83,0,83,82,1,0,1634137278649914,1634137282749905,33,0,50
7ccc707ccf4f5dab,2021.10.13.14.40.14_veh-28_01119_01246,traversing_intersection,a935f5f909e151ba,BARRIER,0,36,37,37,0,37,36,1,0,1634137278649914,1634137280449612,0,0,37
7ccc707ccf4f5dab,2021.10.13.14.40.14_veh-28_01119_01246,traversing_intersection,ac4d0ffb745e5f00,BARRIER,0,25,26,26,0,26,25,1,0,1634137278649914,1634137279899856,0,0,26
7ccc707ccf4f5dab,2021.10.13.14.40.14_veh-28_01119_01246,traversing_intersection,84ae1083833857ab,BARRIER,0,73,74,74,0,74,73,1,0,1634137278649914,1634137282299788,41,0,33
7ccc707ccf4f5dab,2021.10.13.14.40.14_veh-28_01119_01246,traversing_intersection,4fc69e0f376858bd,BARRIER,0,28,29,29,0,29,28,1,0,1634137278649914,1634137280049772,29,0,0
7ccc707ccf4f5dab,2021.10.13.14.40.14_veh-28_01119_01246,traversing_intersection,ab60a1ed32a85759,BARRIER,0,65,66,66,0,66,65,1,0,1634137278649914,1634137281899630,48,0,18
7ccc707ccf4f5dab,2021.10.13.14.40.14_veh-28_01119_01246,traversing_intersection,1d680bd2765c5e85,BARRIER,0,84,85,85,0,85,84,1,0,1634137278649914,1634137282849925,18,0,67
7ccc707ccf4f5dab,2021.10.13.14.40.14_veh-28_01119_01246,traversing_intersection,aa23ef4f4994504c,BARRIER,0,62,63,63,0,63,62,1,0,1634137278649914,1634137281749545,11,0,52
7ccc707ccf4f5dab,2021.10.13.14.40.14_veh-28_01119_01246,traversing_intersection,8a4eb83b324a5ef4,BARRIER,0,25,26,26,0,26,25,1,0,1634137278649914,1634137279899856,26,0,0
7ccc707ccf4f5dab,2021.10.13.14.40.14_veh-28_01119_01246,traversing_intersection,e37d9a4dac685239,CZONE_SIGN,0,64,65,65,0,65,64,1,0,1634137278649914,1634137281849601,22,0,43
7ccc707ccf4f5dab,2021.10.13.14.40.14_veh-28_01119_01246,traversing_intersection,7c0538a338fc5f90,GENERIC_OBJECT,0,100,101,101,0,101,100,1,0,1634137278649914,1634137283649829,69,0,32
7ccc707ccf4f5dab,2021.10.13.14.40.14_veh-28_01119_01246,traversing_intersection,a776ffd95fff5516,GENERIC_OBJECT,0,40,41,41,0,41,40,1,0,1634137278649914,1634137280649547,41,0,0
7ccc707ccf4f5dab,2021.10.13.14.40.14_veh-28_01119_01246,traversing_intersection,5f6a7b95326f5d7c,GENERIC_OBJECT,0,38,39,39,0,39,38,1,0,1634137278649914,1634137280549582,39,0,0
7ccc707ccf4f5dab,2021.10.13.14.40.14_veh-28_01119_01246,traversing_intersection,b15df450683a5d64,BARRIER,4,60,57,57,0,57,56,1,0,1634137278850038,1634137281649497,0,0,57
7ccc707ccf4f5dab,2021.10.13.14.40.14_veh-28_01119_01246,traversing_intersection,a1d233a3325852cd,VEHICLE,5,100,96,96,0,96,95,1,0,1634137278900071,1634137283649829,0,0,0
7ccc707ccf4f5dab,2021.10.13.14.40.14_veh-28_01119_01246,traversing_intersection,17d04f92243e50cc,TRAFFIC_CONE,27,32,6,6,0,6,5,1,0,1634137279999798,1634137280249684,0,0,6
7ccc707ccf4f5dab,2021.10.13.14.40.14_veh-28_01119_01246,traversing_intersection,bc6646a20315573c,BARRIER,29,46,18,18,0,18,17,1,0,1634137280099749,1634137280949473,0,0,18
7ccc707ccf4f5dab,2021.10.13.14.40.14_veh-28_01119_01246,traversing_intersection,81791e66dbd158af,GENERIC_OBJECT,29,100,72,72,0,72,71,1,0,1634137280099749,1634137283649829,72,0,0
7ccc707ccf4f5dab,2021.10.13.14.40.14_veh-28_01119_01246,traversing_intersection,35ad0d66614b53d9,VEHICLE,32,100,69,69,0,69,68,1,0,1634137280249684,1634137283649829,27,0,42
7ccc707ccf4f5dab,2021.10.13.14.40.14_veh-28_01119_01246,traversing_intersection,2e8aaae58a755199,CZONE_SIGN,33,92,60,60,0,60,59,1,0,1634137280299663,1634137283249974,0,0,60
7ccc707ccf4f5dab,2021.10.13.14.40.14_veh-28_01119_01246,traversing_intersection,370ab80cc4e357aa,PEDESTRIAN,40,65,26,26,0,26,25,1,0,1634137280649547,1634137281899630,14,0,12
7ccc707ccf4f5dab,2021.10.13.14.40.14_veh-28_01119_01246,traversing_intersection,b89d67f2966257b4,PEDESTRIAN,41,47,7,7,0,7,6,1,0,1634137280699529,1634137280999464,0,0,7
7ccc707ccf4f5dab,2021.10.13.14.40.14_veh-28_01119_01246,traversing_intersection,8c0082c6b9bb5176,PEDESTRIAN,42,100,59,59,0,59,58,1,0,1634137280749515,1634137283649829,0,0,59
7ccc707ccf4f5dab,2021.10.13.14.40.14_veh-28_01119_01246,traversing_intersection,13dfacd8e6c1578e,VEHICLE,44,100,57,57,0,57,56,1,0,1634137280849488,1634137283649829,0,0,57
7ccc707ccf4f5dab,2021.10.13.14.40.14_veh-28_01119_01246,traversing_intersection,957093f1dbf25f6e,GENERIC_OBJECT,51,100,50,50,0,50,49,1,0,1634137281199421,1634137283649829,0,0,50
7ccc707ccf4f5dab,2021.10.13.14.40.14_veh-28_01119_01246,traversing_intersection,ccd6f1e4392d55b2,TRAFFIC_CONE,53,59,7,7,0,7,6,1,0,1634137281299414,1634137281599477,7,0,0
7ccc707ccf4f5dab,2021.10.13.14.40.14_veh-28_01119_01246,traversing_intersection,a5a0abccc8ee5be2,VEHICLE,54,100,47,47,0,47,46,1,0,1634137281349415,1634137283649829,7,0,40
7ccc707ccf4f5dab,2021.10.13.14.40.14_veh-28_01119_01246,traversing_intersection,969e22eac13554c8,VEHICLE,58,100,43,43,0,43,42,1,0,1634137281549458,1634137283649829,0,0,43
7ccc707ccf4f5dab,2021.10.13.14.40.14_veh-28_01119_01246,traversing_intersection,3d30c0e845305c08,VEHICLE,59,100,42,42,0,42,41,1,0,1634137281599477,1634137283649829,0,0,42
7ccc707ccf4f5dab,2021.10.13.14.40.14_veh-28_01119_01246,traversing_intersection,21ef6a601fe652d1,PEDESTRIAN,62,100,39,39,0,39,38,1,0,1634137281749545,1634137283649829,0,0,39
7ccc707ccf4f5dab,2021.10.13.14.40.14_veh-28_01119_01246,traversing_intersection,95e4ddf976c05450,VEHICLE,74,100,27,27,0,27,26,1,0,1634137282349802,1634137283649829,0,0,27
7ccc707ccf4f5dab,2021.10.13.14.40.14_veh-28_01119_01246,traversing_intersection,fa002343c544528e,TRAFFIC_CONE,74,100,27,27,0,27,26,1,0,1634137282349802,1634137283649829,0,0,27
7ccc707ccf4f5dab,2021.10.13.14.40.14_veh-28_01119_01246,traversing_intersection,ef831e93098b57c1,PEDESTRIAN,79,82,4,4,0,4,3,1,0,1634137282599871,1634137282749905,0,0,4
7ccc707ccf4f5dab,2021.10.13.14.40.14_veh-28_01119_01246,traversing_intersection,d8eb1a7b60d95df8,TRAFFIC_CONE,84,93,10,10,0,10,9,1,0,1634137282849925,1634137283299966,0,0,10
7ccc707ccf4f5dab,2021.10.13.14.40.14_veh-28_01119_01246,traversing_intersection,a7305f706511559b,VEHICLE,89,100,12,12,0,12,11,1,0,1634137283099981,1634137283649829,0,0,0
7ccc707ccf4f5dab,2021.10.13.14.40.14_veh-28_01119_01246,traversing_intersection,c6678b2967d35565,PEDESTRIAN,89,100,12,12,0,12,11,1,0,1634137283099981,1634137283649829,0,0,12
7ccc707ccf4f5dab,2021.10.13.14.40.14_veh-28_01119_01246,traversing_intersection,a4b14ec237645231,TRAFFIC_CONE,98,100,3,3,0,3,2,1,0,1634137283549880,1634137283649829,0,0,3
7ccc707ccf4f5dab,2021.10.13.14.40.14_veh-28_01119_01246,traversing_intersection,4a5a1cebc5295c0b,PEDESTRIAN,99,100,2,2,0,2,1,1,0,1634137283599856,1634137283649829,0,0,2
ebbad237c3c05ded,2021.07.24.16.07.03_veh-35_03033_05899,traversing_intersection,f135b32b164d5f67,VEHICLE,0,100,101,101,0,101,100,1,0,1627146510751483,1627146515750635,0,0,101
ebbad237c3c05ded,2021.07.24.16.07.03_veh-35_03033_05899,traversing_intersection,9867260bbb1d5ede,VEHICLE,0,100,101,101,0,101,100,1,0,1627146510751483,1627146515750635,0,0,101
ebbad237c3c05ded,2021.07.24.16.07.03_veh-35_03033_05899,traversing_intersection,fe7fa6207e695cd6,VEHICLE,0,100,101,101,0,101,100,1,0,1627146510751483,1627146515750635,101,0,0
ebbad237c3c05ded,2021.07.24.16.07.03_veh-35_03033_05899,traversing_intersection,e8ee9d17d2665406,VEHICLE,0,100,101,101,0,101,100,1,0,1627146510751483,1627146515750635,101,0,0
ebbad237c3c05ded,2021.07.24.16.07.03_veh-35_03033_05899,traversing_intersection,2b501b68383d5da0,VEHICLE,0,100,101,101,0,101,100,1,0,1627146510751483,1627146515750635,0,0,101
ebbad237c3c05ded,2021.07.24.16.07.03_veh-35_03033_05899,traversing_intersection,c4f1db0efbdf5dfb,VEHICLE,0,100,101,101,0,101,100,1,0,1627146510751483,1627146515750635,0,0,101
ebbad237c3c05ded,2021.07.24.16.07.03_veh-35_03033_05899,traversing_intersection,26ee6c2c1b1f58cc,VEHICLE,0,100,101,101,0,101,100,1,0,1627146510751483,1627146515750635,101,0,0
ebbad237c3c05ded,2021.07.24.16.07.03_veh-35_03033_05899,traversing_intersection,1c1f582b15ca5eee,VEHICLE,0,100,101,101,0,101,100,1,0,1627146510751483,1627146515750635,87,0,14
ebbad237c3c05ded,2021.07.24.16.07.03_veh-35_03033_05899,traversing_intersection,749434b191925703,VEHICLE,0,30,31,31,0,31,30,1,0,1627146510751483,1627146512250998,0,0,31
ebbad237c3c05ded,2021.07.24.16.07.03_veh-35_03033_05899,traversing_intersection,933a06dfaa2a5774,VEHICLE,0,27,28,28,0,28,27,1,0,1627146510751483,1627146512101151,0,0,28
ebbad237c3c05ded,2021.07.24.16.07.03_veh-35_03033_05899,traversing_intersection,03bf78e164d75937,VEHICLE,0,11,12,12,0,12,11,1,0,1627146510751483,1627146511301651,0,0,12
ebbad237c3c05ded,2021.07.24.16.07.03_veh-35_03033_05899,traversing_intersection,fdb627b1fea056e7,VEHICLE,0,63,64,64,0,64,63,1,0,1627146510751483,1627146513899823,19,0,45
ebbad237c3c05ded,2021.07.24.16.07.03_veh-35_03033_05899,traversing_intersection,3a7bdf8dd82d5184,VEHICLE,0,75,76,76,0,76,75,1,0,1627146510751483,1627146514500024,32,0,44
ebbad237c3c05ded,2021.07.24.16.07.03_veh-35_03033_05899,traversing_intersection,a8c5fea76c2f59d0,VEHICLE,0,43,44,44,0,44,43,1,0,1627146510751483,1627146512900206,0,0,44
ebbad237c3c05ded,2021.07.24.16.07.03_veh-35_03033_05899,traversing_intersection,13bafdc4b07452e2,VEHICLE,0,15,16,16,0,16,15,1,0,1627146510751483,1627146511501578,0,0,16
ebbad237c3c05ded,2021.07.24.16.07.03_veh-35_03033_05899,traversing_intersection,1878a72f4fbd5f58,VEHICLE,0,5,6,6,0,6,5,1,0,1627146510751483,1627146511001584,0,0,0
ebbad237c3c05ded,2021.07.24.16.07.03_veh-35_03033_05899,traversing_intersection,8260f22cb63551f7,PEDESTRIAN,0,83,84,84,0,84,83,1,0,1627146510751483,1627146514900226,0,0,84
ebbad237c3c05ded,2021.07.24.16.07.03_veh-35_03033_05899,traversing_intersection,b57bb6c9cf415038,PEDESTRIAN,0,89,90,90,0,90,89,1,0,1627146510751483,1627146515200413,0,0,90
ebbad237c3c05ded,2021.07.24.16.07.03_veh-35_03033_05899,traversing_intersection,ee04558eb1c653e2,PEDESTRIAN,0,75,76,76,0,76,75,1,0,1627146510751483,1627146514500024,0,0,76
ebbad237c3c05ded,2021.07.24.16.07.03_veh-35_03033_05899,traversing_intersection,96dd9e2939d25f07,PEDESTRIAN,0,100,101,101,0,101,100,1,0,1627146510751483,1627146515750635,84,0,17
ebbad237c3c05ded,2021.07.24.16.07.03_veh-35_03033_05899,traversing_intersection,921a037bd9b4530a,PEDESTRIAN,0,1,2,2,0,2,1,1,0,1627146510751483,1627146510801508,2,0,0
ebbad237c3c05ded,2021.07.24.16.07.03_veh-35_03033_05899,traversing_intersection,3b32769800ef56bb,PEDESTRIAN,0,81,82,82,0,82,81,1,0,1627146510751483,1627146514800166,0,0,82
ebbad237c3c05ded,2021.07.24.16.07.03_veh-35_03033_05899,traversing_intersection,e50ea096baa551e7,PEDESTRIAN,0,84,85,85,0,85,84,1,0,1627146510751483,1627146514950259,0,0,85
ebbad237c3c05ded,2021.07.24.16.07.03_veh-35_03033_05899,traversing_intersection,b2716d41bdf95cc3,PEDESTRIAN,0,100,101,101,0,101,100,1,0,1627146510751483,1627146515750635,90,0,11
ebbad237c3c05ded,2021.07.24.16.07.03_veh-35_03033_05899,traversing_intersection,4c5a857129035cc2,PEDESTRIAN,0,100,101,101,0,101,100,1,0,1627146510751483,1627146515750635,89,0,12
ebbad237c3c05ded,2021.07.24.16.07.03_veh-35_03033_05899,traversing_intersection,87784dd55b685588,PEDESTRIAN,0,93,94,94,0,94,93,1,0,1627146510751483,1627146515400503,0,0,94
ebbad237c3c05ded,2021.07.24.16.07.03_veh-35_03033_05899,traversing_intersection,5b4d0f0bd11c5423,PEDESTRIAN,0,100,101,101,0,101,100,1,0,1627146510751483,1627146515750635,0,0,101
ebbad237c3c05ded,2021.07.24.16.07.03_veh-35_03033_05899,traversing_intersection,0b7683bf0c9c52ac,PEDESTRIAN,0,5,6,6,0,6,5,1,0,1627146510751483,1627146511001584,6,0,0
ebbad237c3c05ded,2021.07.24.16.07.03_veh-35_03033_05899,traversing_intersection,f65a3e26fc205353,PEDESTRIAN,0,100,101,101,0,101,100,1,0,1627146510751483,1627146515750635,91,0,10
ebbad237c3c05ded,2021.07.24.16.07.03_veh-35_03033_05899,traversing_intersection,d86d9c13d6b355ca,PEDESTRIAN,0,100,101,101,0,101,100,1,0,1627146510751483,1627146515750635,59,0,42
ebbad237c3c05ded,2021.07.24.16.07.03_veh-35_03033_05899,traversing_intersection,28b238ef6a1f5405,PEDESTRIAN,0,100,101,101,0,101,100,1,0,1627146510751483,1627146515750635,68,0,33
ebbad237c3c05ded,2021.07.24.16.07.03_veh-35_03033_05899,traversing_intersection,49f63049602b5e6d,PEDESTRIAN,0,100,101,101,0,101,100,1,0,1627146510751483,1627146515750635,66,0,35
ebbad237c3c05ded,2021.07.24.16.07.03_veh-35_03033_05899,traversing_intersection,ccf674ae01ee5652,PEDESTRIAN,0,62,63,63,0,63,62,1,0,1627146510751483,1627146513849816,0,0,63
ebbad237c3c05ded,2021.07.24.16.07.03_veh-35_03033_05899,traversing_intersection,3952d53cc06c5400,PEDESTRIAN,0,52,53,53,0,53,52,1,0,1627146510751483,1627146513349804,0,0,53
ebbad237c3c05ded,2021.07.24.16.07.03_veh-35_03033_05899,traversing_intersection,e075bea9b29353c5,PEDESTRIAN,0,100,101,101,0,101,100,1,0,1627146510751483,1627146515750635,39,0,62
ebbad237c3c05ded,2021.07.24.16.07.03_veh-35_03033_05899,traversing_intersection,2ad537db5bb15faf,PEDESTRIAN,0,26,27,27,0,27,26,1,0,1627146510751483,1627146512051201,0,0,27
ebbad237c3c05ded,2021.07.24.16.07.03_veh-35_03033_05899,traversing_intersection,439283ada3e05aa4,PEDESTRIAN,0,100,101,101,0,101,100,1,0,1627146510751483,1627146515750635,40,0,61
ebbad237c3c05ded,2021.07.24.16.07.03_veh-35_03033_05899,traversing_intersection,2a50294803a75429,PEDESTRIAN,0,78,79,79,0,79,78,1,0,1627146510751483,1627146514650095,0,0,79
ebbad237c3c05ded,2021.07.24.16.07.03_veh-35_03033_05899,traversing_intersection,92667b14282c515f,PEDESTRIAN,0,11,12,12,0,12,11,1,0,1627146510751483,1627146511301651,0,0,12
ebbad237c3c05ded,2021.07.24.16.07.03_veh-35_03033_05899,traversing_intersection,c6e5520629be5bc0,PEDESTRIAN,0,78,79,79,0,79,78,1,0,1627146510751483,1627146514650095,0,0,79
ebbad237c3c05ded,2021.07.24.16.07.03_veh-35_03033_05899,traversing_intersection,bd731de8f2aa5626,PEDESTRIAN,0,100,101,101,0,101,100,1,0,1627146510751483,1627146515750635,66,0,35
ebbad237c3c05ded,2021.07.24.16.07.03_veh-35_03033_05899,traversing_intersection,80195002c7e95b2a,PEDESTRIAN,0,0,1,1,0,1,0,1,0,1627146510751483,1627146510751483,0,0,1
ebbad237c3c05ded,2021.07.24.16.07.03_veh-35_03033_05899,traversing_intersection,858b745723095b4e,PEDESTRIAN,0,7,8,8,0,8,7,1,0,1627146510751483,1627146511101624,0,0,8
ebbad237c3c05ded,2021.07.24.16.07.03_veh-35_03033_05899,traversing_intersection,632dfcb4ebac5f60,BICYCLE,0,100,101,101,0,101,100,1,0,1627146510751483,1627146515750635,0,0,0
ebbad237c3c05ded,2021.07.24.16.07.03_veh-35_03033_05899,traversing_intersection,a1e57dcb9a005ce2,BICYCLE,0,100,101,101,0,101,100,1,0,1627146510751483,1627146515750635,0,0,0
ebbad237c3c05ded,2021.07.24.16.07.03_veh-35_03033_05899,traversing_intersection,e2a7db1da90d5c75,BICYCLE,0,100,101,101,0,101,100,1,0,1627146510751483,1627146515750635,0,0,0
ebbad237c3c05ded,2021.07.24.16.07.03_veh-35_03033_05899,traversing_intersection,ff5bfdf7d90a5fe2,GENERIC_OBJECT,0,45,46,46,0,46,45,1,0,1627146510751483,1627146513000086,0,0,46
ebbad237c3c05ded,2021.07.24.16.07.03_veh-35_03033_05899,traversing_intersection,33120abf0e3f5a78,GENERIC_OBJECT,0,85,86,86,0,86,85,1,0,1627146510751483,1627146515000291,0,0,86
ebbad237c3c05ded,2021.07.24.16.07.03_veh-35_03033_05899,traversing_intersection,859f4cac0ea25acb,GENERIC_OBJECT,0,49,50,50,0,50,49,1,0,1627146510751483,1627146513199894,0,0,50
ebbad237c3c05ded,2021.07.24.16.07.03_veh-35_03033_05899,traversing_intersection,fa38c057bc8e52e6,GENERIC_OBJECT,0,33,34,34,0,34,33,1,0,1627146510751483,1627146512400820,0,0,34
ebbad237c3c05ded,2021.07.24.16.07.03_veh-35_03033_05899,traversing_intersection,2af88f9a3dfe5a76,GENERIC_OBJECT,0,23,24,24,0,24,23,1,0,1627146510751483,1627146511901345,0,0,24
ebbad237c3c05ded,2021.07.24.16.07.03_veh-35_03033_05899,traversing_intersection,1e170478f7175273,GENERIC_OBJECT,0,82,83,83,0,83,82,1,0,1627146510751483,1627146514850195,0,0,83
ebbad237c3c05ded,2021.07.24.16.07.03_veh-35_03033_05899,traversing_intersection,09eb9fb12de15b37,GENERIC_OBJECT,0,82,83,83,0,83,82,1,0,1627146510751483,1627146514850195,0,0,83
ebbad237c3c05ded,2021.07.24.16.07.03_veh-35_03033_05899,traversing_intersection,9b50be900af557bb,GENERIC_OBJECT,0,84,85,85,0,85,84,1,0,1627146510751483,1627146514950259,0,0,85
ebbad237c3c05ded,2021.07.24.16.07.03_veh-35_03033_05899,traversing_intersection,0d668a18437359ea,GENERIC_OBJECT,0,68,69,69,0,69,68,1,0,1627146510751483,1627146514149893,0,0,69
ebbad237c3c05ded,2021.07.24.16.07.03_veh-35_03033_05899,traversing_intersection,786781fa5910560d,GENERIC_OBJECT,0,28,29,29,0,29,28,1,0,1627146510751483,1627146512151103,0,0,29
ebbad237c3c05ded,2021.07.24.16.07.03_veh-35_03033_05899,traversing_intersection,6e10406768155c4f,GENERIC_OBJECT,0,28,29,29,0,29,28,1,0,1627146510751483,1627146512151103,0,0,29
ebbad237c3c05ded,2021.07.24.16.07.03_veh-35_03033_05899,traversing_intersection,4412c08ee74c52e7,GENERIC_OBJECT,0,61,62,62,0,62,61,1,0,1627146510751483,1627146513799810,0,0,62
ebbad237c3c05ded,2021.07.24.16.07.03_veh-35_03033_05899,traversing_intersection,279d82da1f815b61,GENERIC_OBJECT,0,55,56,56,0,56,55,1,0,1627146510751483,1627146513499783,0,0,56
ebbad237c3c05ded,2021.07.24.16.07.03_veh-35_03033_05899,traversing_intersection,e2568e6f7a6f55a7,GENERIC_OBJECT,0,100,101,101,0,101,100,1,0,1627146510751483,1627146515750635,75,7,19
ebbad237c3c05ded,2021.07.24.16.07.03_veh-35_03033_05899,traversing_intersection,a8dc47ccd04b59d6,GENERIC_OBJECT,0,100,101,101,0,101,100,1,0,1627146510751483,1627146515750635,97,0,4
ebbad237c3c05ded,2021.07.24.16.07.03_veh-35_03033_05899,traversing_intersection,b613842301f457d2,GENERIC_OBJECT,0,100,101,101,0,101,100,1,0,1627146510751483,1627146515750635,95,0,6
ebbad237c3c05ded,2021.07.24.16.07.03_veh-35_03033_05899,traversing_intersection,7e695e9fcbc65b28,GENERIC_OBJECT,0,100,101,101,0,101,100,1,0,1627146510751483,1627146515750635,86,6,9
ebbad237c3c05ded,2021.07.24.16.07.03_veh-35_03033_05899,traversing_intersection,c1683c88e75a50ed,GENERIC_OBJECT,0,100,101,101,0,101,100,1,0,1627146510751483,1627146515750635,100,0,1
ebbad237c3c05ded,2021.07.24.16.07.03_veh-35_03033_05899,traversing_intersection,d5774865d9b35a30,GENERIC_OBJECT,0,100,101,101,0,101,100,1,0,1627146510751483,1627146515750635,101,0,0
ebbad237c3c05ded,2021.07.24.16.07.03_veh-35_03033_05899,traversing_intersection,597d889290a550e0,GENERIC_OBJECT,0,91,92,92,0,92,91,1,0,1627146510751483,1627146515300464,0,0,92
ebbad237c3c05ded,2021.07.24.16.07.03_veh-35_03033_05899,traversing_intersection,f7c4c83f04235724,GENERIC_OBJECT,0,14,15,15,0,15,14,1,0,1627146510751483,1627146511451603,0,0,15
ebbad237c3c05ded,2021.07.24.16.07.03_veh-35_03033_05899,traversing_intersection,0bd633ad65285958,GENERIC_OBJECT,0,100,101,101,0,101,100,1,0,1627146510751483,1627146515750635,99,0,2
ebbad237c3c05ded,2021.07.24.16.07.03_veh-35_03033_05899,traversing_intersection,f12b6920703750d2,GENERIC_OBJECT,0,100,101,101,0,101,100,1,0,1627146510751483,1627146515750635,96,0,5
ebbad237c3c05ded,2021.07.24.16.07.03_veh-35_03033_05899,traversing_intersection,4b39e2e03b9e59e7,GENERIC_OBJECT,0,100,101,101,0,101,100,1,0,1627146510751483,1627146515750635,66,16,19
ebbad237c3c05ded,2021.07.24.16.07.03_veh-35_03033_05899,traversing_intersection,7edf6815b2a65f7a,GENERIC_OBJECT,0,100,101,101,0,101,100,1,0,1627146510751483,1627146515750635,94,0,7
ebbad237c3c05ded,2021.07.24.16.07.03_veh-35_03033_05899,traversing_intersection,92cfefba8a7f5cfb,GENERIC_OBJECT,0,100,101,101,0,101,100,1,0,1627146510751483,1627146515750635,92,0,9
ebbad237c3c05ded,2021.07.24.16.07.03_veh-35_03033_05899,traversing_intersection,f8450fb59b6f5121,GENERIC_OBJECT,0,100,101,101,0,101,100,1,0,1627146510751483,1627146515750635,64,18,19
ebbad237c3c05ded,2021.07.24.16.07.03_veh-35_03033_05899,traversing_intersection,e2123a9e1e5e558f,GENERIC_OBJECT,0,100,101,101,0,101,100,1,0,1627146510751483,1627146515750635,89,0,12
ebbad237c3c05ded,2021.07.24.16.07.03_veh-35_03033_05899,traversing_intersection,7c27b338399d5d1f,GENERIC_OBJECT,0,99,100,100,0,100,99,1,0,1627146510751483,1627146515700617,0,0,100
ebbad237c3c05ded,2021.07.24.16.07.03_veh-35_03033_05899,traversing_intersection,230e9b0847345184,GENERIC_OBJECT,0,95,96,96,0,96,95,1,0,1627146510751483,1627146515500538,0,0,96
ebbad237c3c05ded,2021.07.24.16.07.03_veh-35_03033_05899,traversing_intersection,10dbb8cc77d5576e,GENERIC_OBJECT,0,100,101,101,0,101,100,1,0,1627146510751483,1627146515750635,87,0,14
ebbad237c3c05ded,2021.07.24.16.07.03_veh-35_03033_05899,traversing_intersection,c6e5a201347750fd,GENERIC_OBJECT,0,96,97,97,0,97,96,1,0,1627146510751483,1627146515550559,0,0,97
ebbad237c3c05ded,2021.07.24.16.07.03_veh-35_03033_05899,traversing_intersection,87ec2254b49557c0,GENERIC_OBJECT,0,100,101,101,0,101,100,1,0,1627146510751483,1627146515750635,0,0,101
ebbad237c3c05ded,2021.07.24.16.07.03_veh-35_03033_05899,traversing_intersection,3740609cd87d52cb,GENERIC_OBJECT,0,98,99,99,0,99,98,1,0,1627146510751483,1627146515650598,0,0,99
ebbad237c3c05ded,2021.07.24.16.07.03_veh-35_03033_05899,traversing_intersection,ad46e76a95ae5ff9,GENERIC_OBJECT,0,100,101,101,0,101,100,1,0,1627146510751483,1627146515750635,80,0,21
ebbad237c3c05ded,2021.07.24.16.07.03_veh-35_03033_05899,traversing_intersection,a34f429184cb579a,GENERIC_OBJECT,0,95,96,96,0,96,95,1,0,1627146510751483,1627146515500538,0,0,96
ebbad237c3c05ded,2021.07.24.16.07.03_veh-35_03033_05899,traversing_intersection,3a2d73bd92f35711,GENERIC_OBJECT,0,100,101,101,0,101,100,1,0,1627146510751483,1627146515750635,61,21,19
ebbad237c3c05ded,2021.07.24.16.07.03_veh-35_03033_05899,traversing_intersection,5d9db9df491350b5,GENERIC_OBJECT,0,100,101,101,0,101,100,1,0,1627146510751483,1627146515750635,85,0,16
ebbad237c3c05ded,2021.07.24.16.07.03_veh-35_03033_05899,traversing_intersection,878007b35a905db8,GENERIC_OBJECT,0,100,101,101,0,101,100,1,0,1627146510751483,1627146515750635,77,0,24
ebbad237c3c05ded,2021.07.24.16.07.03_veh-35_03033_05899,traversing_intersection,67e30bd4b14d5711,GENERIC_OBJECT,0,67,68,68,0,68,67,1,0,1627146510751483,1627146514099879,0,0,68
ebbad237c3c05ded,2021.07.24.16.07.03_veh-35_03033_05899,traversing_intersection,c05d8d9825775579,GENERIC_OBJECT,0,100,101,101,0,101,100,1,0,1627146510751483,1627146515750635,82,0,19
ebbad237c3c05ded,2021.07.24.16.07.03_veh-35_03033_05899,traversing_intersection,82cbb5b2e06554eb,GENERIC_OBJECT,0,43,44,44,0,44,43,1,0,1627146510751483,1627146512900206,37,7,0
ebbad237c3c05ded,2021.07.24.16.07.03_veh-35_03033_05899,traversing_intersection,5e4aaf16451b5da9,GENERIC_OBJECT,0,43,44,44,0,44,43,1,0,1627146510751483,1627146512900206,43,1,0
ebbad237c3c05ded,2021.07.24.16.07.03_veh-35_03033_05899,traversing_intersection,3af01afc142e55c6,GENERIC_OBJECT,0,100,101,101,0,101,100,1,0,1627146510751483,1627146515750635,72,0,29
ebbad237c3c05ded,2021.07.24.16.07.03_veh-35_03033_05899,traversing_intersection,8a35bedf1c3a51e9,GENERIC_OBJECT,0,11,12,12,0,12,11,1,0,1627146510751483,1627146511301651,0,0,12
ebbad237c3c05ded,2021.07.24.16.07.03_veh-35_03033_05899,traversing_intersection,6ed5e673df7f5248,GENERIC_OBJECT,0,100,101,101,0,101,100,1,0,1627146510751483,1627146515750635,75,0,26
ebbad237c3c05ded,2021.07.24.16.07.03_veh-35_03033_05899,traversing_intersection,b113d33fd3b7571b,GENERIC_OBJECT,0,100,101,101,0,101,100,1,0,1627146510751483,1627146515750635,69,0,32
ebbad237c3c05ded,2021.07.24.16.07.03_veh-35_03033_05899,traversing_intersection,36066175b8845886,GENERIC_OBJECT,0,100,101,101,0,101,100,1,0,1627146510751483,1627146515750635,67,0,34
ebbad237c3c05ded,2021.07.24.16.07.03_veh-35_03033_05899,traversing_intersection,492e891d41745cd5,GENERIC_OBJECT,0,88,89,89,0,89,88,1,0,1627146510751483,1627146515150384,0,0,89
ebbad237c3c05ded,2021.07.24.16.07.03_veh-35_03033_05899,traversing_intersection,44b741cc75645f85,GENERIC_OBJECT,0,100,101,101,0,101,100,1,0,1627146510751483,1627146515750635,0,0,101
ebbad237c3c05ded,2021.07.24.16.07.03_veh-35_03033_05899,traversing_intersection,f6154c0d8c345e2a,GENERIC_OBJECT,0,92,93,93,0,93,92,1,0,1627146510751483,1627146515350485,0,0,93
ebbad237c3c05ded,2021.07.24.16.07.03_veh-35_03033_05899,traversing_intersection,6cf8d932e62f5251,GENERIC_OBJECT,0,97,98,98,0,98,97,1,0,1627146510751483,1627146515600579,0,0,98
ebbad237c3c05ded,2021.07.24.16.07.03_veh-35_03033_05899,traversing_intersection,2e001cdba96f5880,GENERIC_OBJECT,0,87,88,88,0,88,87,1,0,1627146510751483,1627146515100353,0,0,88
ebbad237c3c05ded,2021.07.24.16.07.03_veh-35_03033_05899,traversing_intersection,b902c0204f08595b,GENERIC_OBJECT,0,100,101,101,0,101,100,1,0,1627146510751483,1627146515750635,64,0,37
ebbad237c3c05ded,2021.07.24.16.07.03_veh-35_03033_05899,traversing_intersection,bb1f256c785a52ae,GENERIC_OBJECT,0,100,101,101,0,101,100,1,0,1627146510751483,1627146515750635,0,0,101
ebbad237c3c05ded,2021.07.24.16.07.03_veh-35_03033_05899,traversing_intersection,0d85f8dd1ba85902,GENERIC_OBJECT,0,100,101,101,0,101,100,1,0,1627146510751483,1627146515750635,0,0,101
ebbad237c3c05ded,2021.07.24.16.07.03_veh-35_03033_05899,traversing_intersection,f17982cf02c95f9a,GENERIC_OBJECT,0,100,101,101,0,101,100,1,0,1627146510751483,1627146515750635,0,0,101
ebbad237c3c05ded,2021.07.24.16.07.03_veh-35_03033_05899,traversing_intersection,29576510454853c3,GENERIC_OBJECT,0,100,101,101,0,101,100,1,0,1627146510751483,1627146515750635,62,0,39
ebbad237c3c05ded,2021.07.24.16.07.03_veh-35_03033_05899,traversing_intersection,3f3ee72ceca357c8,GENERIC_OBJECT,0,91,92,92,0,92,91,1,0,1627146510751483,1627146515300464,0,0,92
ebbad237c3c05ded,2021.07.24.16.07.03_veh-35_03033_05899,traversing_intersection,65ff527677735347,GENERIC_OBJECT,0,47,48,48,0,48,47,1,0,1627146510751483,1627146513099981,32,8,8
ebbad237c3c05ded,2021.07.24.16.07.03_veh-35_03033_05899,traversing_intersection,20ceaea2908a58f9,GENERIC_OBJECT,0,100,101,101,0,101,100,1,0,1627146510751483,1627146515750635,56,1,44
ebbad237c3c05ded,2021.07.24.16.07.03_veh-35_03033_05899,traversing_intersection,50b0919161fd520c,GENERIC_OBJECT,0,100,101,101,0,101,100,1,0,1627146510751483,1627146515750635,0,0,101
ebbad237c3c05ded,2021.07.24.16.07.03_veh-35_03033_05899,traversing_intersection,d63fbb0594535cf9,GENERIC_OBJECT,0,100,101,101,0,101,100,1,0,1627146510751483,1627146515750635,0,0,101
ebbad237c3c05ded,2021.07.24.16.07.03_veh-35_03033_05899,traversing_intersection,aa06a6a3074d5885,GENERIC_OBJECT,0,100,101,101,0,101,100,1,0,1627146510751483,1627146515750635,0,0,101
ebbad237c3c05ded,2021.07.24.16.07.03_veh-35_03033_05899,traversing_intersection,c84bc9200efa59db,GENERIC_OBJECT,0,61,62,62,0,62,61,1,0,1627146510751483,1627146513799810,0,0,62
ebbad237c3c05ded,2021.07.24.16.07.03_veh-35_03033_05899,traversing_intersection,58ae227b1e6c5db7,GENERIC_OBJECT,0,100,101,101,0,101,100,1,0,1627146510751483,1627146515750635,0,0,101
ebbad237c3c05ded,2021.07.24.16.07.03_veh-35_03033_05899,traversing_intersection,4f9021e35aae5d5e,GENERIC_OBJECT,0,100,101,101,0,101,100,1,0,1627146510751483,1627146515750635,0,0,101
ebbad237c3c05ded,2021.07.24.16.07.03_veh-35_03033_05899,traversing_intersection,e5e38d5bacf95b15,GENERIC_OBJECT,0,100,101,101,0,101,100,1,0,1627146510751483,1627146515750635,52,3,46
ebbad237c3c05ded,2021.07.24.16.07.03_veh-35_03033_05899,traversing_intersection,0071b0a188495448,GENERIC_OBJECT,0,20,21,21,0,21,20,1,0,1627146510751483,1627146511751455,21,0,0
ebbad237c3c05ded,2021.07.24.16.07.03_veh-35_03033_05899,traversing_intersection,d32b76d523f45725,GENERIC_OBJECT,0,100,101,101,0,101,100,1,0,1627146510751483,1627146515750635,0,0,101
ebbad237c3c05ded,2021.07.24.16.07.03_veh-35_03033_05899,traversing_intersection,b06373097d995c1d,GENERIC_OBJECT,0,72,73,73,0,73,72,1,0,1627146510751483,1627146514349961,0,0,73
ebbad237c3c05ded,2021.07.24.16.07.03_veh-35_03033_05899,traversing_intersection,5db403d819855852,GENERIC_OBJECT,0,79,80,80,0,80,79,1,0,1627146510751483,1627146514700117,0,0,80
ebbad237c3c05ded,2021.07.24.16.07.03_veh-35_03033_05899,traversing_intersection,ef54a2c2f1155f24,GENERIC_OBJECT,0,74,75,75,0,75,74,1,0,1627146510751483,1627146514450003,0,0,75
ebbad237c3c05ded,2021.07.24.16.07.03_veh-35_03033_05899,traversing_intersection,101a94a720ea5d2a,GENERIC_OBJECT,0,100,101,101,0,101,100,1,0,1627146510751483,1627146515750635,0,0,101
ebbad237c3c05ded,2021.07.24.16.07.03_veh-35_03033_05899,traversing_intersection,03ec831993c15b2d,PEDESTRIAN,1,100,100,100,0,100,99,1,0,1627146510801508,1627146515750635,18,0,82
ebbad237c3c05ded,2021.07.24.16.07.03_veh-35_03033_05899,traversing_intersection,cca5f3d761575ff5,PEDESTRIAN,1,100,100,100,0,100,99,1,0,1627146510801508,1627146515750635,19,0,81
ebbad237c3c05ded,2021.07.24.16.07.03_veh-35_03033_05899,traversing_intersection,6b98694ef0d9568a,GENERIC_OBJECT,1,72,72,72,0,72,71,1,0,1627146510801508,1627146514349961,0,0,72
ebbad237c3c05ded,2021.07.24.16.07.03_veh-35_03033_05899,traversing_intersection,1d8812d4a020580d,PEDESTRIAN,3,51,49,49,0,49,48,1,0,1627146510901546,1627146513299828,0,0,49
ebbad237c3c05ded,2021.07.24.16.07.03_veh-35_03033_05899,traversing_intersection,22ea0c9b758850d5,GENERIC_OBJECT,3,61,59,59,0,59,58,1,0,1627146510901546,1627146513799810,0,0,59
ebbad237c3c05ded,2021.07.24.16.07.03_veh-35_03033_05899,traversing_intersection,eef12d947d90589b,GENERIC_OBJECT,5,65,61,61,0,61,60,1,0,1627146511001584,1627146513999847,0,0,61
ebbad237c3c05ded,2021.07.24.16.07.03_veh-35_03033_05899,traversing_intersection,650b9b504cb75ef4,GENERIC_OBJECT,7,100,94,94,0,94,93,1,0,1627146511101624,1627146515750635,44,12,38
ebbad237c3c05ded,2021.07.24.16.07.03_veh-35_03033_05899,traversing_intersection,8ac0b6354d5f5934,GENERIC_OBJECT,7,18,12,12,0,12,11,1,0,1627146511101624,1627146511651504,0,0,12
ebbad237c3c05ded,2021.07.24.16.07.03_veh-35_03033_05899,traversing_intersection,a427b0468b7e56ff,VEHICLE,8,88,81,81,0,81,80,1,0,1627146511151640,1627146515150384,0,0,81
ebbad237c3c05ded,2021.07.24.16.07.03_veh-35_03033_05899,traversing_intersection,52909ed43bd25278,GENERIC_OBJECT,8,100,93,93,0,93,92,1,0,1627146511151640,1627146515750635,39,16,38
ebbad237c3c05ded,2021.07.24.16.07.03_veh-35_03033_05899,traversing_intersection,09198dfe2eb05b7f,GENERIC_OBJECT,9,56,48,48,0,48,47,1,0,1627146511201650,1627146513549785,0,0,48
ebbad237c3c05ded,2021.07.24.16.07.03_veh-35_03033_05899,traversing_intersection,5b8cfbc7fc5d5977,PEDESTRIAN,10,66,57,57,0,57,56,1,0,1627146511251653,1627146514049863,0,0,57
ebbad237c3c05ded,2021.07.24.16.07.03_veh-35_03033_05899,traversing_intersection,bf51c395cb855ea8,PEDESTRIAN,10,66,57,57,0,57,56,1,0,1627146511251653,1627146514049863,0,0,57
ebbad237c3c05ded,2021.07.24.16.07.03_veh-35_03033_05899,traversing_intersection,620dadd51d3d58e5,VEHICLE,11,100,90,90,0,90,89,1,0,1627146511301651,1627146515750635,0,0,90
ebbad237c3c05ded,2021.07.24.16.07.03_veh-35_03033_05899,traversing_intersection,737f630cd87a5bfb,GENERIC_OBJECT,12,100,89,89,0,89,88,1,0,1627146511351642,1627146515750635,37,14,38
ebbad237c3c05ded,2021.07.24.16.07.03_veh-35_03033_05899,traversing_intersection,e96bc2a144d954fe,GENERIC_OBJECT,13,100,88,88,0,88,87,1,0,1627146511401626,1627146515750635,37,11,40
ebbad237c3c05ded,2021.07.24.16.07.03_veh-35_03033_05899,traversing_intersection,06eaade02e035e2e,PEDESTRIAN,16,100,85,85,0,85,84,1,0,1627146511551552,1627146515750635,60,0,25
ebbad237c3c05ded,2021.07.24.16.07.03_veh-35_03033_05899,traversing_intersection,e7d8035f805f5576,GENERIC_OBJECT,16,57,42,42,0,42,41,1,0,1627146511551552,1627146513599789,0,0,42
ebbad237c3c05ded,2021.07.24.16.07.03_veh-35_03033_05899,traversing_intersection,d6f3cc2e660d513a,GENERIC_OBJECT,16,100,85,85,0,85,84,1,0,1627146511551552,1627146515750635,0,0,85
ebbad237c3c05ded,2021.07.24.16.07.03_veh-35_03033_05899,traversing_intersection,559c86618c955302,PEDESTRIAN,17,70,54,54,0,54,53,1,0,1627146511601527,1627146514249922,0,0,54
ebbad237c3c05ded,2021.07.24.16.07.03_veh-35_03033_05899,traversing_intersection,cc7542bd17255ba1,PEDESTRIAN,17,53,37,37,0,37,36,1,0,1627146511601527,1627146513399790,0,0,37
ebbad237c3c05ded,2021.07.24.16.07.03_veh-35_03033_05899,traversing_intersection,9a38cc092a125724,VEHICLE,18,100,83,83,0,83,82,1,0,1627146511651504,1627146515750635,0,0,83
ebbad237c3c05ded,2021.07.24.16.07.03_veh-35_03033_05899,traversing_intersection,678c2356c1ef5b73,PEDESTRIAN,18,100,83,83,0,83,82,1,0,1627146511651504,1627146515750635,0,0,83
ebbad237c3c05ded,2021.07.24.16.07.03_veh-35_03033_05899,traversing_intersection,476156d38f335d43,GENERIC_OBJECT,18,100,83,83,0,83,82,1,0,1627146511651504,1627146515750635,40,10,33
ebbad237c3c05ded,2021.07.24.16.07.03_veh-35_03033_05899,traversing_intersection,6584a3127e585365,GENERIC_OBJECT,18,56,39,39,0,39,38,1,0,1627146511651504,1627146513549785,0,0,39
ebbad237c3c05ded,2021.07.24.16.07.03_veh-35_03033_05899,traversing_intersection,183ea71646605358,GENERIC_OBJECT,19,100,82,82,0,82,81,1,0,1627146511701482,1627146515750635,35,12,35
ebbad237c3c05ded,2021.07.24.16.07.03_veh-35_03033_05899,traversing_intersection,cde1faae4a31529d,GENERIC_OBJECT,19,100,82,82,0,82,81,1,0,1627146511701482,1627146515750635,34,12,36
ebbad237c3c05ded,2021.07.24.16.07.03_veh-35_03033_05899,traversing_intersection,2c00d4c043165a12,GENERIC_OBJECT,19,100,82,82,0,82,81,1,0,1627146511701482,1627146515750635,0,0,82
ebbad237c3c05ded,2021.07.24.16.07.03_veh-35_03033_05899,traversing_intersection,8dfe1f59adb65e57,VEHICLE,20,51,32,32,0,32,31,1,0,1627146511751455,1627146513299828,0,0,0
ebbad237c3c05ded,2021.07.24.16.07.03_veh-35_03033_05899,traversing_intersection,5b70afbfee11571c,GENERIC_OBJECT,21,100,80,80,0,80,79,1,0,1627146511801423,1627146515750635,27,18,35
ebbad237c3c05ded,2021.07.24.16.07.03_veh-35_03033_05899,traversing_intersection,39611282e4ab5bf6,GENERIC_OBJECT,22,55,34,34,0,34,33,1,0,1627146511851386,1627146513499783,0,0,34
ebbad237c3c05ded,2021.07.24.16.07.03_veh-35_03033_05899,traversing_intersection,488136fe810f528d,TRAFFIC_CONE,26,76,51,51,0,51,50,1,0,1627146512051201,1627146514550048,18,10,23
ebbad237c3c05ded,2021.07.24.16.07.03_veh-35_03033_05899,traversing_intersection,53de5b4c354b5bc3,TRAFFIC_CONE,26,58,33,33,0,33,32,1,0,1627146512051201,1627146513649794,13,10,10
ebbad237c3c05ded,2021.07.24.16.07.03_veh-35_03033_05899,traversing_intersection,2c47751d56d1594f,PEDESTRIAN,27,90,64,64,0,64,63,1,0,1627146512101151,1627146515250440,0,0,64
ebbad237c3c05ded,2021.07.24.16.07.03_veh-35_03033_05899,traversing_intersection,26f4db7fac585c62,GENERIC_OBJECT,27,100,74,74,0,74,73,1,0,1627146512101151,1627146515750635,2,0,72
ebbad237c3c05ded,2021.07.24.16.07.03_veh-35_03033_05899,traversing_intersection,c2f95eabb42c585c,GENERIC_OBJECT,27,29,3,3,0,3,2,1,0,1627146512101151,1627146512201053,3,0,0
ebbad237c3c05ded,2021.07.24.16.07.03_veh-35_03033_05899,traversing_intersection,80e008eda37254d6,GENERIC_OBJECT,27,100,74,74,0,74,73,1,0,1627146512101151,1627146515750635,4,0,70
ebbad237c3c05ded,2021.07.24.16.07.03_veh-35_03033_05899,traversing_intersection,972661533bb85f6e,GENERIC_OBJECT,27,50,24,24,0,24,23,1,0,1627146512101151,1627146513249857,0,0,24
ebbad237c3c05ded,2021.07.24.16.07.03_veh-35_03033_05899,traversing_intersection,3db95a9f8db15e2a,GENERIC_OBJECT,27,53,27,27,0,27,26,1,0,1627146512101151,1627146513399790,0,0,27
ebbad237c3c05ded,2021.07.24.16.07.03_veh-35_03033_05899,traversing_intersection,53e852c673325178,GENERIC_OBJECT,28,100,73,73,0,73,72,1,0,1627146512151103,1627146515750635,5,0,68
ebbad237c3c05ded,2021.07.24.16.07.03_veh-35_03033_05899,traversing_intersection,af3675406bf95cd6,PEDESTRIAN,29,64,36,36,0,36,35,1,0,1627146512201053,1627146513949833,0,0,36
ebbad237c3c05ded,2021.07.24.16.07.03_veh-35_03033_05899,traversing_intersection,64f1f643c84455cb,GENERIC_OBJECT,29,51,23,23,0,23,22,1,0,1627146512201053,1627146513299828,0,0,23
ebbad237c3c05ded,2021.07.24.16.07.03_veh-35_03033_05899,traversing_intersection,feeab4cdeed652ed,GENERIC_OBJECT,30,100,71,71,0,71,70,1,0,1627146512250998,1627146515750635,0,0,71
ebbad237c3c05ded,2021.07.24.16.07.03_veh-35_03033_05899,traversing_intersection,6538099a1ae752b0,GENERIC_OBJECT,30,100,71,71,0,71,70,1,0,1627146512250998,1627146515750635,0,0,71
ebbad237c3c05ded,2021.07.24.16.07.03_veh-35_03033_05899,traversing_intersection,3272df694c6754e7,GENERIC_OBJECT,30,80,51,51,0,51,50,1,0,1627146512250998,1627146514750140,0,0,51
ebbad237c3c05ded,2021.07.24.16.07.03_veh-35_03033_05899,traversing_intersection,7e7b5162386552d2,PEDESTRIAN,31,100,70,70,0,70,69,1,0,1627146512300941,1627146515750635,5,0,65
ebbad237c3c05ded,2021.07.24.16.07.03_veh-35_03033_05899,traversing_intersection,956f13effab858e6,TRAFFIC_CONE,31,39,9,9,0,9,8,1,0,1627146512300941,1627146512700455,3,6,0
ebbad237c3c05ded,2021.07.24.16.07.03_veh-35_03033_05899,traversing_intersection,bcfb5f76b1105914,TRAFFIC_CONE,33,47,15,15,0,15,14,1,0,1627146512400820,1627146513099981,0,7,8
ebbad237c3c05ded,2021.07.24.16.07.03_veh-35_03033_05899,traversing_intersection,aaf3a201b5285cc2,GENERIC_OBJECT,35,47,13,13,0,13,12,1,0,1627146512500696,1627146513099981,0,0,13
ebbad237c3c05ded,2021.07.24.16.07.03_veh-35_03033_05899,traversing_intersection,6a2df7d8c26157c8,GENERIC_OBJECT,36,100,65,65,0,65,64,1,0,1627146512550634,1627146515750635,0,0,65
ebbad237c3c05ded,2021.07.24.16.07.03_veh-35_03033_05899,traversing_intersection,443e9159e44c5f29,PEDESTRIAN,37,60,24,24,0,24,23,1,0,1627146512600575,1627146513749804,0,0,24
ebbad237c3c05ded,2021.07.24.16.07.03_veh-35_03033_05899,traversing_intersection,847f53e491d15282,PEDESTRIAN,37,100,64,64,0,64,63,1,0,1627146512600575,1627146515750635,48,0,16
ebbad237c3c05ded,2021.07.24.16.07.03_veh-35_03033_05899,traversing_intersection,24b30ff585bd52fa,GENERIC_OBJECT,37,100,64,64,0,64,63,1,0,1627146512600575,1627146515750635,0,0,64
ebbad237c3c05ded,2021.07.24.16.07.03_veh-35_03033_05899,traversing_intersection,e008c6d076a85d6f,GENERIC_OBJECT,37,49,13,13,0,13,12,1,0,1627146512600575,1627146513199894,0,0,13
ebbad237c3c05ded,2021.07.24.16.07.03_veh-35_03033_05899,traversing_intersection,f09f425bae6253f0,PEDESTRIAN,38,50,13,13,0,13,12,1,0,1627146512650516,1627146513249857,0,0,13
ebbad237c3c05ded,2021.07.24.16.07.03_veh-35_03033_05899,traversing_intersection,e2777fed7ab75d99,PEDESTRIAN,40,100,61,61,0,61,60,1,0,1627146512750394,1627146515750635,18,0,43
ebbad237c3c05ded,2021.07.24.16.07.03_veh-35_03033_05899,traversing_intersection,a4a05e43dc0657ec,PEDESTRIAN,40,68,29,29,0,29,28,1,0,1627146512750394,1627146514149893,0,0,29
ebbad237c3c05ded,2021.07.24.16.07.03_veh-35_03033_05899,traversing_intersection,04103cecb3d65497,PEDESTRIAN,41,100,60,60,0,60,59,1,0,1627146512800331,1627146515750635,53,0,7
ebbad237c3c05ded,2021.07.24.16.07.03_veh-35_03033_05899,traversing_intersection,fc9d5dd0c518550a,GENERIC_OBJECT,42,56,15,15,0,15,14,1,0,1627146512850269,1627146513549785,0,0,15
ebbad237c3c05ded,2021.07.24.16.07.03_veh-35_03033_05899,traversing_intersection,b48920f2d3e4517b,GENERIC_OBJECT,42,77,36,36,0,36,35,1,0,1627146512850269,1627146514600073,0,0,36
ebbad237c3c05ded,2021.07.24.16.07.03_veh-35_03033_05899,traversing_intersection,b9686cf8df4d5723,GENERIC_OBJECT,43,73,31,31,0,31,30,1,0,1627146512900206,1627146514399981,31,0,0
ebbad237c3c05ded,2021.07.24.16.07.03_veh-35_03033_05899,traversing_intersection,7c84ecb0a0b85902,GENERIC_OBJECT,44,67,24,24,0,24,23,1,0,1627146512950144,1627146514099879,0,0,24
ebbad237c3c05ded,2021.07.24.16.07.03_veh-35_03033_05899,traversing_intersection,7424cdb33a145a42,PEDESTRIAN,45,92,48,48,0,48,47,1,0,1627146513000086,1627146515350485,0,0,48
ebbad237c3c05ded,2021.07.24.16.07.03_veh-35_03033_05899,traversing_intersection,2f591bc41d8950d9,GENERIC_OBJECT,45,100,56,56,0,56,55,1,0,1627146513000086,1627146515750635,50,2,4
ebbad237c3c05ded,2021.07.24.16.07.03_veh-35_03033_05899,traversing_intersection,53bc7ef1a5e35513,GENERIC_OBJECT,45,100,56,56,0,56,55,1,0,1627146513000086,1627146515750635,0,0,56
ebbad237c3c05ded,2021.07.24.16.07.03_veh-35_03033_05899,traversing_intersection,dd66eeb179345349,PEDESTRIAN,46,100,55,55,0,55,54,1,0,1627146513050033,1627146515750635,11,0,44
ebbad237c3c05ded,2021.07.24.16.07.03_veh-35_03033_05899,traversing_intersection,cea04d84fe5b5a96,GENERIC_OBJECT,46,73,28,28,0,28,27,1,0,1627146513050033,1627146514399981,28,0,0
ebbad237c3c05ded,2021.07.24.16.07.03_veh-35_03033_05899,traversing_intersection,4ee83af4b60a5f86,VEHICLE,47,100,54,54,0,54,53,1,0,1627146513099981,1627146515750635,0,0,0
ebbad237c3c05ded,2021.07.24.16.07.03_veh-35_03033_05899,traversing_intersection,7febfa5e6fb75a3c,PEDESTRIAN,47,100,54,54,0,54,53,1,0,1627146513099981,1627146515750635,0,0,54
ebbad237c3c05ded,2021.07.24.16.07.03_veh-35_03033_05899,traversing_intersection,3f371ba6f51456a7,PEDESTRIAN,49,100,52,52,0,52,51,1,0,1627146513199894,1627146515750635,0,0,52
ebbad237c3c05ded,2021.07.24.16.07.03_veh-35_03033_05899,traversing_intersection,7b2649d07e7959b5,PEDESTRIAN,50,100,51,51,0,51,50,1,0,1627146513249857,1627146515750635,0,0,51
ebbad237c3c05ded,2021.07.24.16.07.03_veh-35_03033_05899,traversing_intersection,bcf19cea6a8c547f,PEDESTRIAN,50,100,51,51,0,51,50,1,0,1627146513249857,1627146515750635,0,0,51
ebbad237c3c05ded,2021.07.24.16.07.03_veh-35_03033_05899,traversing_intersection,352bdd36b7e25db4,GENERIC_OBJECT,50,55,6,6,0,6,5,1,0,1627146513249857,1627146513499783,0,0,6
ebbad237c3c05ded,2021.07.24.16.07.03_veh-35_03033_05899,traversing_intersection,aedd14cf846253bb,VEHICLE,53,100,48,48,0,48,47,1,0,1627146513399790,1627146515750635,0,0,0
ebbad237c3c05ded,2021.07.24.16.07.03_veh-35_03033_05899,traversing_intersection,65db5b01085357ba,GENERIC_OBJECT,53,100,48,48,0,48,47,1,0,1627146513399790,1627146515750635,0,0,48
ebbad237c3c05ded,2021.07.24.16.07.03_veh-35_03033_05899,traversing_intersection,5ec20eac7ec35dfe,PEDESTRIAN,55,100,46,46,0,46,45,1,0,1627146513499783,1627146515750635,1,0,45
ebbad237c3c05ded,2021.07.24.16.07.03_veh-35_03033_05899,traversing_intersection,1a84b12705345f2a,VEHICLE,60,74,15,15,0,15,14,1,0,1627146513749804,1627146514450003,0,0,0
ebbad237c3c05ded,2021.07.24.16.07.03_veh-35_03033_05899,traversing_intersection,43be915289aa548d,PEDESTRIAN,60,100,41,41,0,41,40,1,0,1627146513749804,1627146515750635,41,0,0
ebbad237c3c05ded,2021.07.24.16.07.03_veh-35_03033_05899,traversing_intersection,fb6b1fb493825e37,VEHICLE,64,100,37,37,0,37,36,1,0,1627146513949833,1627146515750635,20,0,17
ebbad237c3c05ded,2021.07.24.16.07.03_veh-35_03033_05899,traversing_intersection,67fcecf8c340507f,GENERIC_OBJECT,65,100,36,36,0,36,35,1,0,1627146513999847,1627146515750635,0,0,36
ebbad237c3c05ded,2021.07.24.16.07.03_veh-35_03033_05899,traversing_intersection,219c7bb461ea5b80,PEDESTRIAN,66,100,35,35,0,35,34,1,0,1627146514049863,1627146515750635,35,0,0
ebbad237c3c05ded,2021.07.24.16.07.03_veh-35_03033_05899,traversing_intersection,2c56f91012865c55,GENERIC_OBJECT,66,69,4,4,0,4,3,1,0,1627146514049863,1627146514199906,0,0,4
ebbad237c3c05ded,2021.07.24.16.07.03_veh-35_03033_05899,traversing_intersection,fd9e3ec1f6785ce1,GENERIC_OBJECT,68,100,33,33,0,33,32,1,0,1627146514149893,1627146515750635,0,0,33
ebbad237c3c05ded,2021.07.24.16.07.03_veh-35_03033_05899,traversing_intersection,62ee070b7e755adb,PEDESTRIAN,69,78,10,10,0,10,9,1,0,1627146514199906,1627146514650095,0,0,10
ebbad237c3c05ded,2021.07.24.16.07.03_veh-35_03033_05899,traversing_intersection,1f29a762b4065b1b,VEHICLE,75,100,26,26,0,26,25,1,0,1627146514500024,1627146515750635,0,0,0
ebbad237c3c05ded,2021.07.24.16.07.03_veh-35_03033_05899,traversing_intersection,38c4d65731085259,PEDESTRIAN,76,100,25,25,0,25,24,1,0,1627146514550048,1627146515750635,0,0,25
ebbad237c3c05ded,2021.07.24.16.07.03_veh-35_03033_05899,traversing_intersection,4cae0bd8fb1853f9,VEHICLE,79,100,22,22,0,22,21,1,0,1627146514700117,1627146515750635,0,0,0
ebbad237c3c05ded,2021.07.24.16.07.03_veh-35_03033_05899,traversing_intersection,b8ff648ee85554ed,GENERIC_OBJECT,82,100,19,19,0,19,18,1,0,1627146514850195,1627146515750635,19,0,0
ebbad237c3c05ded,2021.07.24.16.07.03_veh-35_03033_05899,traversing_intersection,2e8b30424f3759db,GENERIC_OBJECT,83,100,18,18,0,18,17,1,0,1627146514900226,1627146515750635,0,0,18
ebbad237c3c05ded,2021.07.24.16.07.03_veh-35_03033_05899,traversing_intersection,5071de50b71a5b9d,GENERIC_OBJECT,83,100,18,18,0,18,17,1,0,1627146514900226,1627146515750635,0,0,18
ebbad237c3c05ded,2021.07.24.16.07.03_veh-35_03033_05899,traversing_intersection,8ec207bca6bd5ab2,GENERIC_OBJECT,85,100,16,16,0,16,15,1,0,1627146515000291,1627146515750635,0,0,16
ebbad237c3c05ded,2021.07.24.16.07.03_veh-35_03033_05899,traversing_intersection,b91de44f67075c75,GENERIC_OBJECT,85,100,16,16,0,16,15,1,0,1627146515000291,1627146515750635,0,0,16
ebbad237c3c05ded,2021.07.24.16.07.03_veh-35_03033_05899,traversing_intersection,3d1872f3e04550c1,GENERIC_OBJECT,85,90,6,6,0,6,5,1,0,1627146515000291,1627146515250440,6,0,0
ebbad237c3c05ded,2021.07.24.16.07.03_veh-35_03033_05899,traversing_intersection,8066860f82a355fe,GENERIC_OBJECT,86,100,15,15,0,15,14,1,0,1627146515050322,1627146515750635,0,0,15
ebbad237c3c05ded,2021.07.24.16.07.03_veh-35_03033_05899,traversing_intersection,feef3a61d5d0531a,GENERIC_OBJECT,87,100,14,14,0,14,13,1,0,1627146515100353,1627146515750635,0,0,14
ebbad237c3c05ded,2021.07.24.16.07.03_veh-35_03033_05899,traversing_intersection,ce538f5a19b857f4,VEHICLE,88,100,13,13,0,13,12,1,0,1627146515150384,1627146515750635,0,0,0
ebbad237c3c05ded,2021.07.24.16.07.03_veh-35_03033_05899,traversing_intersection,c6f9b1e478f25f7f,PEDESTRIAN,88,95,8,8,0,8,7,1,0,1627146515150384,1627146515500538,8,0,0
ebbad237c3c05ded,2021.07.24.16.07.03_veh-35_03033_05899,traversing_intersection,4df253386ef15819,GENERIC_OBJECT,88,100,13,13,0,13,12,1,0,1627146515150384,1627146515750635,0,0,13
ebbad237c3c05ded,2021.07.24.16.07.03_veh-35_03033_05899,traversing_intersection,5a2c24870af052a5,GENERIC_OBJECT,88,100,13,13,0,13,12,1,0,1627146515150384,1627146515750635,0,0,13
ebbad237c3c05ded,2021.07.24.16.07.03_veh-35_03033_05899,traversing_intersection,d1c78079da9d527e,PEDESTRIAN,89,100,12,12,0,12,11,1,0,1627146515200413,1627146515750635,0,0,12
ebbad237c3c05ded,2021.07.24.16.07.03_veh-35_03033_05899,traversing_intersection,b0583ab726ed5479,PEDESTRIAN,89,99,11,11,0,11,10,1,0,1627146515200413,1627146515700617,0,0,11
ebbad237c3c05ded,2021.07.24.16.07.03_veh-35_03033_05899,traversing_intersection,fa24161eb5e75442,GENERIC_OBJECT,89,100,12,12,0,12,11,1,0,1627146515200413,1627146515750635,0,0,12
ebbad237c3c05ded,2021.07.24.16.07.03_veh-35_03033_05899,traversing_intersection,c7be1e55fe6b56bb,PEDESTRIAN,90,100,11,11,0,11,10,1,0,1627146515250440,1627146515750635,0,0,11
ebbad237c3c05ded,2021.07.24.16.07.03_veh-35_03033_05899,traversing_intersection,b303c0fb7b7c591b,GENERIC_OBJECT,90,100,11,11,0,11,10,1,0,1627146515250440,1627146515750635,0,0,11
ebbad237c3c05ded,2021.07.24.16.07.03_veh-35_03033_05899,traversing_intersection,1b4f0b7ac29c5ac1,PEDESTRIAN,91,100,10,10,0,10,9,1,0,1627146515300464,1627146515750635,0,0,10
ebbad237c3c05ded,2021.07.24.16.07.03_veh-35_03033_05899,traversing_intersection,379dbcd6db7350a8,TRAFFIC_CONE,92,94,3,3,0,3,2,1,0,1627146515350485,1627146515450520,0,0,3
ebbad237c3c05ded,2021.07.24.16.07.03_veh-35_03033_05899,traversing_intersection,11c494d2d11954aa,GENERIC_OBJECT,92,100,9,9,0,9,8,1,0,1627146515350485,1627146515750635,0,0,9
ebbad237c3c05ded,2021.07.24.16.07.03_veh-35_03033_05899,traversing_intersection,f185462049065a08,VEHICLE,93,100,8,8,0,8,7,1,0,1627146515400503,1627146515750635,0,0,8
ebbad237c3c05ded,2021.07.24.16.07.03_veh-35_03033_05899,traversing_intersection,05b77e10bcac5a52,PEDESTRIAN,93,100,8,8,0,8,7,1,0,1627146515400503,1627146515750635,0,0,8
ebbad237c3c05ded,2021.07.24.16.07.03_veh-35_03033_05899,traversing_intersection,b1890845c94a5fbc,GENERIC_OBJECT,93,100,8,8,0,8,7,1,0,1627146515400503,1627146515750635,0,0,8
ebbad237c3c05ded,2021.07.24.16.07.03_veh-35_03033_05899,traversing_intersection,bf77868f485b5b35,GENERIC_OBJECT,93,100,8,8,0,8,7,1,0,1627146515400503,1627146515750635,0,0,8
ebbad237c3c05ded,2021.07.24.16.07.03_veh-35_03033_05899,traversing_intersection,171ad75269b05323,GENERIC_OBJECT,94,100,7,7,0,7,6,1,0,1627146515450520,1627146515750635,0,0,7
ebbad237c3c05ded,2021.07.24.16.07.03_veh-35_03033_05899,traversing_intersection,949a087b51fb5f47,GENERIC_OBJECT,94,100,7,7,0,7,6,1,0,1627146515450520,1627146515750635,0,0,7
ebbad237c3c05ded,2021.07.24.16.07.03_veh-35_03033_05899,traversing_intersection,dd82ff6d029a5534,GENERIC_OBJECT,94,100,7,7,0,7,6,1,0,1627146515450520,1627146515750635,0,0,7
ebbad237c3c05ded,2021.07.24.16.07.03_veh-35_03033_05899,traversing_intersection,108afceda0ea58d0,PEDESTRIAN,95,100,6,6,0,6,5,1,0,1627146515500538,1627146515750635,0,0,6
ebbad237c3c05ded,2021.07.24.16.07.03_veh-35_03033_05899,traversing_intersection,4432836079655d93,GENERIC_OBJECT,95,100,6,6,0,6,5,1,0,1627146515500538,1627146515750635,0,0,6
ebbad237c3c05ded,2021.07.24.16.07.03_veh-35_03033_05899,traversing_intersection,230bff30ef725231,GENERIC_OBJECT,96,100,5,5,0,5,4,1,0,1627146515550559,1627146515750635,0,0,5
ebbad237c3c05ded,2021.07.24.16.07.03_veh-35_03033_05899,traversing_intersection,916b8cde6cd25600,GENERIC_OBJECT,97,100,4,4,0,4,3,1,0,1627146515600579,1627146515750635,0,0,4
ebbad237c3c05ded,2021.07.24.16.07.03_veh-35_03033_05899,traversing_intersection,c1d9d4f7dbaf5518,PEDESTRIAN,98,100,3,3,0,3,2,1,0,1627146515650598,1627146515750635,0,0,3
ebbad237c3c05ded,2021.07.24.16.07.03_veh-35_03033_05899,traversing_intersection,7472d928273f5f78,GENERIC_OBJECT,99,100,2,2,0,2,1,1,0,1627146515700617,1627146515750635,0,0,2
ebbad237c3c05ded,2021.07.24.16.07.03_veh-35_03033_05899,traversing_intersection,bdd5221284115ce4,PEDESTRIAN,100,100,1,1,0,1,0,1,0,1627146515750635,1627146515750635,0,0,1
ebbad237c3c05ded,2021.07.24.16.07.03_veh-35_03033_05899,traversing_intersection,eadda84a91695146,TRAFFIC_CONE,100,100,1,1,0,1,0,1,0,1627146515750635,1627146515750635,0,0,1
ebbad237c3c05ded,2021.07.24.16.07.03_veh-35_03033_05899,traversing_intersection,c60033ed499e5651,GENERIC_OBJECT,100,100,1,1,0,1,0,1,0,1627146515750635,1627146515750635,0,0,1
