token,log_name,scenario_type,frame_index,timestamp_us,track_token,event,previous_status,current_status
a8ba823407a357b2,2021.09.13.18.39.41_veh-39_00273_00761,traversing_intersection,3,1631558767850214,1ad5a72819835b1f,spatial_entry,outside_frame,kept
a8ba823407a357b2,2021.09.13.18.39.41_veh-39_00273_00761,traversing_intersection,3,1631558767850214,25929fb77d3952b3,spatial_exit,raw_drivable_area_exclusion,raw_drivable_area_exclusion
a8ba823407a357b2,2021.09.13.18.39.41_veh-39_00273_00761,traversing_intersection,3,1631558767850214,29199a3212515836,observation_disappearance_unknown_cause,outside_frame,
a8ba823407a357b2,2021.09.13.18.39.41_veh-39_00273_00761,traversing_intersection,6,1631558768000164,0d06613efcf15da8,spatial_entry,raw_drivable_area_exclusion,raw_drivable_area_exclusion
a8ba823407a357b2,2021.09.13.18.39.41_veh-39_00273_00761,traversing_intersection,6,1631558768000164,55d7f58d83c75d58,observation_appearance_censored,,raw_drivable_area_exclusion
a8ba823407a357b2,2021.09.13.18.39.41_veh-39_00273_00761,traversing_intersection,13,1631558768349974,0d89f622597a5341,observation_disappearance_unknown_cause,kept,
a8ba823407a357b2,2021.09.13.18.39.41_veh-39_00273_00761,traversing_intersection,13,1631558768349974,eae5c42d2c945dea,observation_appearance_censored,,kept
a8ba823407a357b2,2021.09.13.18.39.41_veh-39_00273_00761,traversing_intersection,15,1631558768449923,5f7de5068d6a55f4,observation_disappearance_unknown_cause,kept,
a8ba823407a357b2,2021.09.13.18.39.41_veh-39_00273_00761,traversing_intersection,16,1631558768499901,baf95a433b14533a,observation_disappearance_unknown_cause,outside_frame,
a8ba823407a357b2,2021.09.13.18.39.41_veh-39_00273_00761,traversing_intersection,19,1631558768649829,7a0faf9c703f57dd,spatial_entry,outside_frame,kept
a8ba823407a357b2,2021.09.13.18.39.41_veh-39_00273_00761,traversing_intersection,19,1631558768649829,aea1df4fdba95022,spatial_exit,raw_drivable_area_exclusion,raw_drivable_area_exclusion
a8ba823407a357b2,2021.09.13.18.39.41_veh-39_00273_00761,traversing_intersection,24,1631558768899673,41f8bda5df3a550e,observation_appearance_censored,,kept
a8ba823407a357b2,2021.09.13.18.39.41_veh-39_00273_00761,traversing_intersection,25,1631558768949640,b72a764bcee05f8f,observation_appearance_censored,,kept
a8ba823407a357b2,2021.09.13.18.39.41_veh-39_00273_00761,traversing_intersection,25,1631558768949640,eae5c42d2c945dea,observation_disappearance_unknown_cause,kept,
a8ba823407a357b2,2021.09.13.18.39.41_veh-39_00273_00761,traversing_intersection,28,1631558769099563,6adb90a27ce15a63,observation_disappearance_unknown_cause,kept,
a8ba823407a357b2,2021.09.13.18.39.41_veh-39_00273_00761,traversing_intersection,28,1631558769099563,83630cf3770d5d42,observation_appearance_censored,,kept
a8ba823407a357b2,2021.09.13.18.39.41_veh-39_00273_00761,traversing_intersection,28,1631558769099563,bc32ec41a23d5473,observation_disappearance_unknown_cause,kept,
a8ba823407a357b2,2021.09.13.18.39.41_veh-39_00273_00761,traversing_intersection,29,1631558769149546,53ecc85463735b74,observation_appearance_censored,,raw_drivable_area_exclusion
a8ba823407a357b2,2021.09.13.18.39.41_veh-39_00273_00761,traversing_intersection,29,1631558769149546,823f642e14215a86,observation_disappearance_unknown_cause,raw_drivable_area_exclusion,
a8ba823407a357b2,2021.09.13.18.39.41_veh-39_00273_00761,traversing_intersection,32,1631558769299502,6278c45c780c5880,observation_disappearance_unknown_cause,kept,
a8ba823407a357b2,2021.09.13.18.39.41_veh-39_00273_00761,traversing_intersection,32,1631558769299502,8578dcc5987756be,observation_disappearance_unknown_cause,kept,
a8ba823407a357b2,2021.09.13.18.39.41_veh-39_00273_00761,traversing_intersection,32,1631558769299502,908b8adc75bb5d8a,observation_disappearance_unknown_cause,kept,
a8ba823407a357b2,2021.09.13.18.39.41_veh-39_00273_00761,traversing_intersection,33,1631558769349488,1ba702d36592563c,spatial_entry,raw_drivable_area_exclusion,raw_drivable_area_exclusion
a8ba823407a357b2,2021.09.13.18.39.41_veh-39_00273_00761,traversing_intersection,33,1631558769349488,6748e8377bd85449,spatial_exit,raw_drivable_area_exclusion,raw_drivable_area_exclusion
a8ba823407a357b2,2021.09.13.18.39.41_veh-39_00273_00761,traversing_intersection,35,1631558769449453,41f8bda5df3a550e,observation_disappearance_unknown_cause,kept,
a8ba823407a357b2,2021.09.13.18.39.41_veh-39_00273_00761,traversing_intersection,38,1631558769599393,b72a764bcee05f8f,spatial_exit,kept,outside_frame
a8ba823407a357b2,2021.09.13.18.39.41_veh-39_00273_00761,traversing_intersection,38,1631558769599393,ece2bc23dd1c5b88,observation_appearance_censored,,kept
a8ba823407a357b2,2021.09.13.18.39.41_veh-39_00273_00761,traversing_intersection,39,1631558769649371,a98770e93db0543b,observation_disappearance_unknown_cause,kept,
a8ba823407a357b2,2021.09.13.18.39.41_veh-39_00273_00761,traversing_intersection,43,1631558769849330,58bb88b33d9f5613,spatial_entry,outside_frame,kept
a8ba823407a357b2,2021.09.13.18.39.41_veh-39_00273_00761,traversing_intersection,43,1631558769849330,83630cf3770d5d42,observation_disappearance_unknown_cause,kept,
a8ba823407a357b2,2021.09.13.18.39.41_veh-39_00273_00761,traversing_intersection,44,1631558769899328,8eca84f796535028,spatial_entry,raw_drivable_area_exclusion,raw_drivable_area_exclusion
a8ba823407a357b2,2021.09.13.18.39.41_veh-39_00273_00761,traversing_intersection,44,1631558769899328,ea98623cc56155d1,observation_disappearance_unknown_cause,kept,
a8ba823407a357b2,2021.09.13.18.39.41_veh-39_00273_00761,traversing_intersection,46,1631558769999329,f8206238a2e75d2a,observation_appearance_censored,,raw_drivable_area_exclusion
a8ba823407a357b2,2021.09.13.18.39.41_veh-39_00273_00761,traversing_intersection,47,1631558770049337,afeb4d0dd0555c33,observation_appearance_censored,,kept
a8ba823407a357b2,2021.09.13.18.39.41_veh-39_00273_00761,traversing_intersection,49,1631558770149369,80e601a289e059ae,spatial_entry,outside_frame,kept
a8ba823407a357b2,2021.09.13.18.39.41_veh-39_00273_00761,traversing_intersection,50,1631558770199388,3718f754436e5286,observation_disappearance_unknown_cause,outside_frame,
a8ba823407a357b2,2021.09.13.18.39.41_veh-39_00273_00761,traversing_intersection,55,1631558770449513,1725e5ee51ad5122,spatial_entry,raw_drivable_area_exclusion,raw_drivable_area_exclusion
a8ba823407a357b2,2021.09.13.18.39.41_veh-39_00273_00761,traversing_intersection,55,1631558770449513,ece2bc23dd1c5b88,observation_disappearance_unknown_cause,kept,
a8ba823407a357b2,2021.09.13.18.39.41_veh-39_00273_00761,traversing_intersection,57,1631558770549587,73df8f1832c25ce6,spatial_entry,outside_frame,kept
a8ba823407a357b2,2021.09.13.18.39.41_veh-39_00273_00761,traversing_intersection,58,1631558770599630,c433d1fe8ac250a3,observation_appearance_censored,,raw_drivable_area_exclusion
a8ba823407a357b2,2021.09.13.18.39.41_veh-39_00273_00761,traversing_intersection,60,1631558770699725,11b2fa4b21ef5aad,observation_appearance_censored,,outside_frame
a8ba823407a357b2,2021.09.13.18.39.41_veh-39_00273_00761,traversing_intersection,60,1631558770699725,2e58314fa3d65afb,observation_disappearance_unknown_cause,kept,
a8ba823407a357b2,2021.09.13.18.39.41_veh-39_00273_00761,traversing_intersection,62,1631558770799817,8c2c8e2771e55995,spatial_entry,outside_frame,kept
a8ba823407a357b2,2021.09.13.18.39.41_veh-39_00273_00761,traversing_intersection,62,1631558770799817,fb74e38abc8254a4,observation_appearance_censored,,outside_frame
a8ba823407a357b2,2021.09.13.18.39.41_veh-39_00273_00761,traversing_intersection,68,1631558771100060,7aee7178fb835f1b,spatial_entry,outside_frame,kept
a8ba823407a357b2,2021.09.13.18.39.41_veh-39_00273_00761,traversing_intersection,71,1631558771250111,11b2fa4b21ef5aad,observation_disappearance_unknown_cause,outside_frame,
a8ba823407a357b2,2021.09.13.18.39.41_veh-39_00273_00761,traversing_intersection,89,1631558772149810,d789521ce41a50e7,observation_appearance_censored,,kept
a8ba823407a357b2,2021.09.13.18.39.41_veh-39_00273_00761,traversing_intersection,93,1631558772349746,2073097594a45370,spatial_entry,raw_drivable_area_exclusion,raw_drivable_area_exclusion
a8ba823407a357b2,2021.09.13.18.39.41_veh-39_00273_00761,traversing_intersection,93,1631558772349746,fb74e38abc8254a4,observation_disappearance_unknown_cause,outside_frame,
a8ba823407a357b2,2021.09.13.18.39.41_veh-39_00273_00761,traversing_intersection,98,1631558772599656,55f91d6188715b68,spatial_exit,raw_drivable_area_exclusion,raw_drivable_area_exclusion
fe7e24ace398541f,2021.09.03.18.32.35_veh-39_00559_01142,traversing_crosswalk,2,1630694761050105,e19fe1b019195395,spatial_exit,raw_drivable_area_exclusion,raw_drivable_area_exclusion
fe7e24ace398541f,2021.09.03.18.32.35_veh-39_00559_01142,traversing_crosswalk,6,1630694761250161,881b8c5daee85ef9,observation_disappearance_unknown_cause,outside_frame,
fe7e24ace398541f,2021.09.03.18.32.35_veh-39_00559_01142,traversing_crosswalk,7,1630694761300170,ccd83f0d77d05043,spatial_entry,raw_drivable_area_exclusion,raw_drivable_area_exclusion
fe7e24ace398541f,2021.09.03.18.32.35_veh-39_00559_01142,traversing_crosswalk,8,1630694761350176,b9d4612baee45574,observation_appearance_censored,,outside_frame
fe7e24ace398541f,2021.09.03.18.32.35_veh-39_00559_01142,traversing_crosswalk,9,1630694761400178,4af7f07d453056f7,spatial_entry,outside_frame,kept
fe7e24ace398541f,2021.09.03.18.32.35_veh-39_00559_01142,traversing_crosswalk,9,1630694761400178,62177873ba775eb7,spatial_entry,raw_drivable_area_exclusion,raw_drivable_area_exclusion
fe7e24ace398541f,2021.09.03.18.32.35_veh-39_00559_01142,traversing_crosswalk,9,1630694761400178,c7462c96a8665c21,observation_disappearance_unknown_cause,outside_frame,
fe7e24ace398541f,2021.09.03.18.32.35_veh-39_00559_01142,traversing_crosswalk,11,1630694761500174,ba6a8fcf2076524b,observation_appearance_censored,,outside_frame
fe7e24ace398541f,2021.09.03.18.32.35_veh-39_00559_01142,traversing_crosswalk,12,1630694761550166,53557dfa8c9f57bd,observation_disappearance_unknown_cause,outside_frame,
fe7e24ace398541f,2021.09.03.18.32.35_veh-39_00559_01142,traversing_crosswalk,12,1630694761550166,f74b85a2aa395e27,observation_appearance_censored,,raw_drivable_area_exclusion
fe7e24ace398541f,2021.09.03.18.32.35_veh-39_00559_01142,traversing_crosswalk,13,1630694761600155,0edf2ac0970a5a84,observation_disappearance_unknown_cause,outside_frame,
fe7e24ace398541f,2021.09.03.18.32.35_veh-39_00559_01142,traversing_crosswalk,14,1630694761650144,e60e32ed6d1b5a3f,spatial_entry,outside_frame,kept
fe7e24ace398541f,2021.09.03.18.32.35_veh-39_00559_01142,traversing_crosswalk,17,1630694761800099,f4406eea909b524c,spatial_exit,raw_drivable_area_exclusion,raw_drivable_area_exclusion
fe7e24ace398541f,2021.09.03.18.32.35_veh-39_00559_01142,traversing_crosswalk,17,1630694761800099,f74b85a2aa395e27,observation_disappearance_unknown_cause,raw_drivable_area_exclusion,
fe7e24ace398541f,2021.09.03.18.32.35_veh-39_00559_01142,traversing_crosswalk,19,1630694761900049,76d8e40497705f56,spatial_entry,outside_frame,kept
fe7e24ace398541f,2021.09.03.18.32.35_veh-39_00559_01142,traversing_crosswalk,20,1630694761950020,bb3bd1a36d765605,spatial_entry,outside_frame,kept
fe7e24ace398541f,2021.09.03.18.32.35_veh-39_00559_01142,traversing_crosswalk,21,1630694761999988,0a0f6fd57b075c5f,spatial_exit,raw_drivable_area_exclusion,raw_drivable_area_exclusion
fe7e24ace398541f,2021.09.03.18.32.35_veh-39_00559_01142,traversing_crosswalk,21,1630694761999988,685a12fb1c785ad3,observation_appearance_censored,,outside_frame
fe7e24ace398541f,2021.09.03.18.32.35_veh-39_00559_01142,traversing_crosswalk,21,1630694761999988,982126be98105315,spatial_entry,outside_frame,kept
fe7e24ace398541f,2021.09.03.18.32.35_veh-39_00559_01142,traversing_crosswalk,21,1630694761999988,cad5d8db9b5c5438,spatial_entry,outside_frame,kept
fe7e24ace398541f,2021.09.03.18.32.35_veh-39_00559_01142,traversing_crosswalk,22,1630694762049955,102401da48e55d7b,observation_appearance_censored,,outside_frame
fe7e24ace398541f,2021.09.03.18.32.35_veh-39_00559_01142,traversing_crosswalk,22,1630694762049955,4338abe62ce55b88,observation_appearance_censored,,outside_frame
fe7e24ace398541f,2021.09.03.18.32.35_veh-39_00559_01142,traversing_crosswalk,23,1630694762099922,9560ab1065565f1e,observation_disappearance_unknown_cause,outside_frame,
fe7e24ace398541f,2021.09.03.18.32.35_veh-39_00559_01142,traversing_crosswalk,24,1630694762149895,70d3ede6b92257eb,observation_disappearance_unknown_cause,outside_frame,
fe7e24ace398541f,2021.09.03.18.32.35_veh-39_00559_01142,traversing_crosswalk,24,1630694762149895,877de2f1a95c50dd,observation_appearance_censored,,raw_drivable_area_exclusion
fe7e24ace398541f,2021.09.03.18.32.35_veh-39_00559_01142,traversing_crosswalk,25,1630694762199871,2272e09edc015025,observation_appearance_censored,,outside_frame
fe7e24ace398541f,2021.09.03.18.32.35_veh-39_00559_01142,traversing_crosswalk,25,1630694762199871,4da273f8c93452d3,spatial_entry,raw_drivable_area_exclusion,raw_drivable_area_exclusion
fe7e24ace398541f,2021.09.03.18.32.35_veh-39_00559_01142,traversing_crosswalk,26,1630694762249848,2fc597aaf3705164,observation_appearance_censored,,outside_frame
fe7e24ace398541f,2021.09.03.18.32.35_veh-39_00559_01142,traversing_crosswalk,26,1630694762249848,b9e75652065d5e91,spatial_entry,raw_drivable_area_exclusion,raw_drivable_area_exclusion
fe7e24ace398541f,2021.09.03.18.32.35_veh-39_00559_01142,traversing_crosswalk,27,1630694762299825,877de2f1a95c50dd,observation_disappearance_unknown_cause,raw_drivable_area_exclusion,
fe7e24ace398541f,2021.09.03.18.32.35_veh-39_00559_01142,traversing_crosswalk,28,1630694762349803,5417641dcf155e04,observation_appearance_censored,,outside_frame
fe7e24ace398541f,2021.09.03.18.32.35_veh-39_00559_01142,traversing_crosswalk,28,1630694762349803,f7d04dd721a552c2,observation_appearance_censored,,outside_frame
fe7e24ace398541f,2021.09.03.18.32.35_veh-39_00559_01142,traversing_crosswalk,28,1630694762349803,f7ea547be1a15fe6,observation_appearance_censored,,outside_frame
fe7e24ace398541f,2021.09.03.18.32.35_veh-39_00559_01142,traversing_crosswalk,29,1630694762399784,a0a2a8e7427e5028,spatial_exit,kept,outside_frame
fe7e24ace398541f,2021.09.03.18.32.35_veh-39_00559_01142,traversing_crosswalk,29,1630694762399784,d8382a4654375233,observation_appearance_censored,,outside_frame
fe7e24ace398541f,2021.09.03.18.32.35_veh-39_00559_01142,traversing_crosswalk,30,1630694762449766,2bf2acf900bd509e,observation_appearance_censored,,outside_frame
fe7e24ace398541f,2021.09.03.18.32.35_veh-39_00559_01142,traversing_crosswalk,31,1630694762499749,3b9161e47d665263,observation_appearance_censored,,outside_frame
fe7e24ace398541f,2021.09.03.18.32.35_veh-39_00559_01142,traversing_crosswalk,31,1630694762499749,e187d756fc6c5ff3,observation_disappearance_unknown_cause,kept,
fe7e24ace398541f,2021.09.03.18.32.35_veh-39_00559_01142,traversing_crosswalk,34,1630694762649710,0280bd942c445786,spatial_exit,raw_drivable_area_exclusion,raw_drivable_area_exclusion
fe7e24ace398541f,2021.09.03.18.32.35_veh-39_00559_01142,traversing_crosswalk,34,1630694762649710,24cdbc8c16815e79,observation_appearance_censored,,outside_frame
fe7e24ace398541f,2021.09.03.18.32.35_veh-39_00559_01142,traversing_crosswalk,34,1630694762649710,6269583179955238,observation_disappearance_unknown_cause,outside_frame,
fe7e24ace398541f,2021.09.03.18.32.35_veh-39_00559_01142,traversing_crosswalk,35,1630694762699695,e68805d5e28b5c16,observation_disappearance_unknown_cause,outside_frame,
fe7e24ace398541f,2021.09.03.18.32.35_veh-39_00559_01142,traversing_crosswalk,36,1630694762749680,21bcf16e2d085734,observation_disappearance_unknown_cause,outside_frame,
fe7e24ace398541f,2021.09.03.18.32.35_veh-39_00559_01142,traversing_crosswalk,37,1630694762799666,03a2d11291145afb,spatial_entry,outside_frame,kept
fe7e24ace398541f,2021.09.03.18.32.35_veh-39_00559_01142,traversing_crosswalk,37,1630694762799666,2bf2acf900bd509e,spatial_entry,outside_frame,kept
fe7e24ace398541f,2021.09.03.18.32.35_veh-39_00559_01142,traversing_crosswalk,38,1630694762849652,8d655a612f935d72,observation_disappearance_unknown_cause,outside_frame,
fe7e24ace398541f,2021.09.03.18.32.35_veh-39_00559_01142,traversing_crosswalk,38,1630694762849652,dc997ee8f54b5df7,observation_appearance_censored,,outside_frame
fe7e24ace398541f,2021.09.03.18.32.35_veh-39_00559_01142,traversing_crosswalk,39,1630694762899638,aea0cc9e4ae55046,observation_disappearance_unknown_cause,outside_frame,
fe7e24ace398541f,2021.09.03.18.32.35_veh-39_00559_01142,traversing_crosswalk,39,1630694762899638,b9d4612baee45574,observation_disappearance_unknown_cause,outside_frame,
fe7e24ace398541f,2021.09.03.18.32.35_veh-39_00559_01142,traversing_crosswalk,39,1630694762899638,e25619a440fb5522,observation_disappearance_unknown_cause,outside_frame,
fe7e24ace398541f,2021.09.03.18.32.35_veh-39_00559_01142,traversing_crosswalk,41,1630694762999613,87dc72b526ed5bd5,spatial_entry,raw_drivable_area_exclusion,raw_drivable_area_exclusion
fe7e24ace398541f,2021.09.03.18.32.35_veh-39_00559_01142,traversing_crosswalk,41,1630694762999613,8d20d8d7838b56c3,spatial_entry,raw_drivable_area_exclusion,raw_drivable_area_exclusion
fe7e24ace398541f,2021.09.03.18.32.35_veh-39_00559_01142,traversing_crosswalk,41,1630694762999613,d1d78b456a625659,observation_disappearance_unknown_cause,outside_frame,
fe7e24ace398541f,2021.09.03.18.32.35_veh-39_00559_01142,traversing_crosswalk,43,1630694763099586,90907c9b5d1f52f1,observation_appearance_censored,,outside_frame
fe7e24ace398541f,2021.09.03.18.32.35_veh-39_00559_01142,traversing_crosswalk,44,1630694763149572,f39a680a1f265b5b,observation_appearance_censored,,outside_frame
fe7e24ace398541f,2021.09.03.18.32.35_veh-39_00559_01142,traversing_crosswalk,46,1630694763249546,be51ec9515ae5508,observation_appearance_censored,,outside_frame
fe7e24ace398541f,2021.09.03.18.32.35_veh-39_00559_01142,traversing_crosswalk,47,1630694763299532,4cac674431a05fc4,observation_appearance_censored,,outside_frame
fe7e24ace398541f,2021.09.03.18.32.35_veh-39_00559_01142,traversing_crosswalk,49,1630694763399510,a21876c0ff065ca4,observation_appearance_censored,,outside_frame
fe7e24ace398541f,2021.09.03.18.32.35_veh-39_00559_01142,traversing_crosswalk,49,1630694763399510,fb1b3d1a284153e6,observation_appearance_censored,,outside_frame
fe7e24ace398541f,2021.09.03.18.32.35_veh-39_00559_01142,traversing_crosswalk,50,1630694763449502,3b9161e47d665263,spatial_entry,outside_frame,kept
fe7e24ace398541f,2021.09.03.18.32.35_veh-39_00559_01142,traversing_crosswalk,50,1630694763449502,5417641dcf155e04,observation_disappearance_unknown_cause,outside_frame,
fe7e24ace398541f,2021.09.03.18.32.35_veh-39_00559_01142,traversing_crosswalk,50,1630694763449502,fd1b659cdac05e4b,observation_appearance_censored,,outside_frame
fe7e24ace398541f,2021.09.03.18.32.35_veh-39_00559_01142,traversing_crosswalk,51,1630694763499494,a7b015cd9a675a18,observation_appearance_censored,,outside_frame
fe7e24ace398541f,2021.09.03.18.32.35_veh-39_00559_01142,traversing_crosswalk,52,1630694763549484,be51ec9515ae5508,spatial_entry,outside_frame,kept
fe7e24ace398541f,2021.09.03.18.32.35_veh-39_00559_01142,traversing_crosswalk,52,1630694763549484,e81bc2cf1e3850d7,observation_appearance_censored,,outside_frame
fe7e24ace398541f,2021.09.03.18.32.35_veh-39_00559_01142,traversing_crosswalk,53,1630694763599476,18822dc8f7675024,spatial_entry,outside_frame,kept
fe7e24ace398541f,2021.09.03.18.32.35_veh-39_00559_01142,traversing_crosswalk,53,1630694763599476,f3a3e466310c5f14,observation_disappearance_unknown_cause,outside_frame,
fe7e24ace398541f,2021.09.03.18.32.35_veh-39_00559_01142,traversing_crosswalk,53,1630694763599476,f7ea547be1a15fe6,spatial_entry,outside_frame,kept
fe7e24ace398541f,2021.09.03.18.32.35_veh-39_00559_01142,traversing_crosswalk,55,1630694763699467,7a41315d9e945ad2,spatial_entry,raw_drivable_area_exclusion,raw_drivable_area_exclusion
fe7e24ace398541f,2021.09.03.18.32.35_veh-39_00559_01142,traversing_crosswalk,56,1630694763749469,5ba40f6cf7095e31,observation_appearance_censored,,kept
fe7e24ace398541f,2021.09.03.18.32.35_veh-39_00559_01142,traversing_crosswalk,56,1630694763749469,5efb355ea26353f6,spatial_exit,kept,outside_frame
fe7e24ace398541f,2021.09.03.18.32.35_veh-39_00559_01142,traversing_crosswalk,56,1630694763749469,7d8e426480455823,spatial_entry,raw_drivable_area_exclusion,raw_drivable_area_exclusion
fe7e24ace398541f,2021.09.03.18.32.35_veh-39_00559_01142,traversing_crosswalk,58,1630694763849488,1e80e6c425ec5773,spatial_exit,kept,outside_frame
fe7e24ace398541f,2021.09.03.18.32.35_veh-39_00559_01142,traversing_crosswalk,58,1630694763849488,2236573297925bfc,observation_appearance_censored,,outside_frame
fe7e24ace398541f,2021.09.03.18.32.35_veh-39_00559_01142,traversing_crosswalk,58,1630694763849488,40a5a67f008c54db,spatial_exit,kept,outside_frame
fe7e24ace398541f,2021.09.03.18.32.35_veh-39_00559_01142,traversing_crosswalk,59,1630694763899502,7d969c040c8e59a5,observation_appearance_censored,,outside_frame
fe7e24ace398541f,2021.09.03.18.32.35_veh-39_00559_01142,traversing_crosswalk,59,1630694763899502,a7b015cd9a675a18,observation_disappearance_unknown_cause,outside_frame,
fe7e24ace398541f,2021.09.03.18.32.35_veh-39_00559_01142,traversing_crosswalk,59,1630694763899502,af3c2bb3b7285160,spatial_exit,kept,outside_frame
fe7e24ace398541f,2021.09.03.18.32.35_veh-39_00559_01142,traversing_crosswalk,60,1630694763949519,5ba40f6cf7095e31,spatial_exit,kept,outside_frame
fe7e24ace398541f,2021.09.03.18.32.35_veh-39_00559_01142,traversing_crosswalk,60,1630694763949519,722a2e27b02c5c83,spatial_exit,kept,outside_frame
fe7e24ace398541f,2021.09.03.18.32.35_veh-39_00559_01142,traversing_crosswalk,60,1630694763949519,c03f97b2dd575da3,observation_appearance_censored,,outside_frame
fe7e24ace398541f,2021.09.03.18.32.35_veh-39_00559_01142,traversing_crosswalk,60,1630694763949519,ed2546c638a854db,observation_appearance_censored,,outside_frame
fe7e24ace398541f,2021.09.03.18.32.35_veh-39_00559_01142,traversing_crosswalk,61,1630694763999538,ebacbf905a9552e6,observation_appearance_censored,,outside_frame
fe7e24ace398541f,2021.09.03.18.32.35_veh-39_00559_01142,traversing_crosswalk,62,1630694764049561,aa35e1fbb3c45db0,observation_appearance_censored,,outside_frame
fe7e24ace398541f,2021.09.03.18.32.35_veh-39_00559_01142,traversing_crosswalk,63,1630694764099589,da8e94ff644b5bf1,spatial_entry,outside_frame,kept
fe7e24ace398541f,2021.09.03.18.32.35_veh-39_00559_01142,traversing_crosswalk,63,1630694764099589,e20e462d48585c56,capacity_exclusion,kept,cap_excluded
fe7e24ace398541f,2021.09.03.18.32.35_veh-39_00559_01142,traversing_crosswalk,64,1630694764149618,02d456d04458513f,observation_appearance_censored,,outside_frame
fe7e24ace398541f,2021.09.03.18.32.35_veh-39_00559_01142,traversing_crosswalk,64,1630694764149618,5d2c867db7645403,observation_appearance_censored,,outside_frame
fe7e24ace398541f,2021.09.03.18.32.35_veh-39_00559_01142,traversing_crosswalk,64,1630694764149618,d57ba5bc9d735cc6,spatial_entry,outside_frame,cap_excluded
fe7e24ace398541f,2021.09.03.18.32.35_veh-39_00559_01142,traversing_crosswalk,65,1630694764199647,5e4555ba328d5e2e,observation_appearance_censored,,outside_frame
fe7e24ace398541f,2021.09.03.18.32.35_veh-39_00559_01142,traversing_crosswalk,65,1630694764199647,8a7530d9f9bb502b,capacity_exclusion,kept,cap_excluded
fe7e24ace398541f,2021.09.03.18.32.35_veh-39_00559_01142,traversing_crosswalk,65,1630694764199647,d57ba5bc9d735cc6,capacity_readmission,cap_excluded,kept
fe7e24ace398541f,2021.09.03.18.32.35_veh-39_00559_01142,traversing_crosswalk,66,1630694764249677,4aaf3070a8a65bf6,observation_appearance_censored,,outside_frame
fe7e24ace398541f,2021.09.03.18.32.35_veh-39_00559_01142,traversing_crosswalk,68,1630694764349740,615b10d9f36e5e6c,observation_appearance_censored,,outside_frame
fe7e24ace398541f,2021.09.03.18.32.35_veh-39_00559_01142,traversing_crosswalk,68,1630694764349740,ed1160ddd82a573d,observation_appearance_censored,,outside_frame
fe7e24ace398541f,2021.09.03.18.32.35_veh-39_00559_01142,traversing_crosswalk,69,1630694764399769,dc380fe2cb4a5f39,observation_appearance_censored,,outside_frame
fe7e24ace398541f,2021.09.03.18.32.35_veh-39_00559_01142,traversing_crosswalk,69,1630694764399769,e20e462d48585c56,spatial_exit,cap_excluded,outside_frame
fe7e24ace398541f,2021.09.03.18.32.35_veh-39_00559_01142,traversing_crosswalk,70,1630694764449797,d22f58223c84565f,spatial_entry,raw_drivable_area_exclusion,raw_drivable_area_exclusion
fe7e24ace398541f,2021.09.03.18.32.35_veh-39_00559_01142,traversing_crosswalk,71,1630694764499825,6b1dff67aa2f5631,observation_appearance_censored,,outside_frame
fe7e24ace398541f,2021.09.03.18.32.35_veh-39_00559_01142,traversing_crosswalk,71,1630694764499825,eb282a71346959f2,observation_disappearance_unknown_cause,kept,
fe7e24ace398541f,2021.09.03.18.32.35_veh-39_00559_01142,traversing_crosswalk,73,1630694764599888,88e49424231658f3,capacity_exclusion,kept,cap_excluded
fe7e24ace398541f,2021.09.03.18.32.35_veh-39_00559_01142,traversing_crosswalk,73,1630694764599888,943e4038fb8e5015,observation_appearance_censored,,kept
fe7e24ace398541f,2021.09.03.18.32.35_veh-39_00559_01142,traversing_crosswalk,73,1630694764599888,a9c514ee0783544b,spatial_entry,outside_frame,kept
fe7e24ace398541f,2021.09.03.18.32.35_veh-39_00559_01142,traversing_crosswalk,73,1630694764599888,ba6a8fcf2076524b,spatial_entry,outside_frame,kept
fe7e24ace398541f,2021.09.03.18.32.35_veh-39_00559_01142,traversing_crosswalk,73,1630694764599888,d19cd070bd5150c1,capacity_exclusion,kept,cap_excluded
fe7e24ace398541f,2021.09.03.18.32.35_veh-39_00559_01142,traversing_crosswalk,73,1630694764599888,f7d04dd721a552c2,spatial_entry,outside_frame,cap_excluded
fe7e24ace398541f,2021.09.03.18.32.35_veh-39_00559_01142,traversing_crosswalk,74,1630694764649920,316c819ce8b557a4,observation_appearance_censored,,outside_frame
fe7e24ace398541f,2021.09.03.18.32.35_veh-39_00559_01142,traversing_crosswalk,75,1630694764699951,b5f0f4bf735c5d57,observation_appearance_censored,,outside_frame
fe7e24ace398541f,2021.09.03.18.32.35_veh-39_00559_01142,traversing_crosswalk,75,1630694764699951,cd42a134080f5275,observation_appearance_censored,,outside_frame
fe7e24ace398541f,2021.09.03.18.32.35_veh-39_00559_01142,traversing_crosswalk,79,1630694764900081,7cf5e12381e05d97,observation_appearance_censored,,outside_frame
fe7e24ace398541f,2021.09.03.18.32.35_veh-39_00559_01142,traversing_crosswalk,80,1630694764950121,4d596850304d50cb,observation_appearance_censored,,outside_frame
fe7e24ace398541f,2021.09.03.18.32.35_veh-39_00559_01142,traversing_crosswalk,81,1630694765000162,8f0fabb76b105d61,observation_appearance_censored,,kept
fe7e24ace398541f,2021.09.03.18.32.35_veh-39_00559_01142,traversing_crosswalk,82,1630694765050202,316c819ce8b557a4,spatial_entry,outside_frame,kept
fe7e24ace398541f,2021.09.03.18.32.35_veh-39_00559_01142,traversing_crosswalk,82,1630694765050202,8a7530d9f9bb502b,spatial_exit,cap_excluded,outside_frame
fe7e24ace398541f,2021.09.03.18.32.35_veh-39_00559_01142,traversing_crosswalk,82,1630694765050202,d19cd070bd5150c1,spatial_exit,cap_excluded,outside_frame
fe7e24ace398541f,2021.09.03.18.32.35_veh-39_00559_01142,traversing_crosswalk,82,1630694765050202,ea7992a745655312,capacity_exclusion,kept,cap_excluded
fe7e24ace398541f,2021.09.03.18.32.35_veh-39_00559_01142,traversing_crosswalk,82,1630694765050202,f7d04dd721a552c2,capacity_readmission,cap_excluded,kept
fe7e24ace398541f,2021.09.03.18.32.35_veh-39_00559_01142,traversing_crosswalk,83,1630694765100237,d6eb83f2c9165558,observation_appearance_censored,,outside_frame
fe7e24ace398541f,2021.09.03.18.32.35_veh-39_00559_01142,traversing_crosswalk,83,1630694765100237,ea7992a745655312,spatial_exit,cap_excluded,outside_frame
fe7e24ace398541f,2021.09.03.18.32.35_veh-39_00559_01142,traversing_crosswalk,84,1630694765150266,88e49424231658f3,spatial_exit,cap_excluded,outside_frame
fe7e24ace398541f,2021.09.03.18.32.35_veh-39_00559_01142,traversing_crosswalk,84,1630694765150266,b9d4c43478d05923,observation_appearance_censored,,raw_drivable_area_exclusion
fe7e24ace398541f,2021.09.03.18.32.35_veh-39_00559_01142,traversing_crosswalk,85,1630694765200291,5e4555ba328d5e2e,spatial_entry,outside_frame,kept
fe7e24ace398541f,2021.09.03.18.32.35_veh-39_00559_01142,traversing_crosswalk,87,1630694765300322,0cd5ec885c015698,capacity_exclusion,kept,cap_excluded
fe7e24ace398541f,2021.09.03.18.32.35_veh-39_00559_01142,traversing_crosswalk,87,1630694765300322,1f6756d73ce75213,observation_appearance_censored,,kept
fe7e24ace398541f,2021.09.03.18.32.35_veh-39_00559_01142,traversing_crosswalk,87,1630694765300322,2161cf13274d5d87,observation_disappearance_unknown_cause,outside_frame,
fe7e24ace398541f,2021.09.03.18.32.35_veh-39_00559_01142,traversing_crosswalk,87,1630694765300322,45598310090a5c5e,observation_appearance_censored,,outside_frame
fe7e24ace398541f,2021.09.03.18.32.35_veh-39_00559_01142,traversing_crosswalk,89,1630694765400324,998e5a62f7d353bd,observation_appearance_censored,,outside_frame
fe7e24ace398541f,2021.09.03.18.32.35_veh-39_00559_01142,traversing_crosswalk,90,1630694765450320,3287d7b1f05753df,observation_disappearance_unknown_cause,outside_frame,
fe7e24ace398541f,2021.09.03.18.32.35_veh-39_00559_01142,traversing_crosswalk,90,1630694765450320,5d4572a148d454fd,observation_appearance_censored,,outside_frame
fe7e24ace398541f,2021.09.03.18.32.35_veh-39_00559_01142,traversing_crosswalk,91,1630694765500314,161491972d575feb,observation_disappearance_unknown_cause,outside_frame,
fe7e24ace398541f,2021.09.03.18.32.35_veh-39_00559_01142,traversing_crosswalk,91,1630694765500314,47a839c6711255c5,observation_appearance_censored,,outside_frame
fe7e24ace398541f,2021.09.03.18.32.35_veh-39_00559_01142,traversing_crosswalk,91,1630694765500314,6b1dff67aa2f5631,spatial_entry,outside_frame,kept
fe7e24ace398541f,2021.09.03.18.32.35_veh-39_00559_01142,traversing_crosswalk,92,1630694765550306,9c7e07bd7c3b5958,observation_appearance_censored,,outside_frame
fe7e24ace398541f,2021.09.03.18.32.35_veh-39_00559_01142,traversing_crosswalk,92,1630694765550306,cc78f20f8c1355b4,spatial_entry,outside_frame,cap_excluded
fe7e24ace398541f,2021.09.03.18.32.35_veh-39_00559_01142,traversing_crosswalk,94,1630694765650286,2ae274f20cac5a7e,capacity_exclusion,kept,cap_excluded
fe7e24ace398541f,2021.09.03.18.32.35_veh-39_00559_01142,traversing_crosswalk,94,1630694765650286,cc78f20f8c1355b4,capacity_readmission,cap_excluded,kept
fe7e24ace398541f,2021.09.03.18.32.35_veh-39_00559_01142,traversing_crosswalk,94,1630694765650286,e5757659566e552e,observation_appearance_censored,,kept
fe7e24ace398541f,2021.09.03.18.32.35_veh-39_00559_01142,traversing_crosswalk,96,1630694765750267,0cd5ec885c015698,spatial_exit,cap_excluded,outside_frame
fe7e24ace398541f,2021.09.03.18.32.35_veh-39_00559_01142,traversing_crosswalk,96,1630694765750267,2ae274f20cac5a7e,spatial_exit,cap_excluded,outside_frame
fe7e24ace398541f,2021.09.03.18.32.35_veh-39_00559_01142,traversing_crosswalk,97,1630694765800256,a6a703ac6bf05a5a,observation_appearance_censored,,outside_frame
fe7e24ace398541f,2021.09.03.18.32.35_veh-39_00559_01142,traversing_crosswalk,98,1630694765850241,b8d68e0f12f853a0,spatial_entry,outside_frame,kept
fe7e24ace398541f,2021.09.03.18.32.35_veh-39_00559_01142,traversing_crosswalk,98,1630694765850241,cc78f20f8c1355b4,capacity_exclusion,kept,cap_excluded
d9a22045f0bf52e1,2021.09.01.16.59.08_veh-39_01172_01721,traversing_intersection,1,1630517044849555,3ecbb86a168b5338,other_representation_transition,raw_drivable_area_exclusion,outside_frame
d9a22045f0bf52e1,2021.09.01.16.59.08_veh-39_01172_01721,traversing_intersection,3,1630517044949526,2aa3cce3a4545133,spatial_entry,raw_drivable_area_exclusion,raw_drivable_area_exclusion
d9a22045f0bf52e1,2021.09.01.16.59.08_veh-39_01172_01721,traversing_intersection,3,1630517044949526,6681b379c2475be1,spatial_entry,raw_drivable_area_exclusion,raw_drivable_area_exclusion
d9a22045f0bf52e1,2021.09.01.16.59.08_veh-39_01172_01721,traversing_intersection,3,1630517044949526,bca3e596cc6e57ae,spatial_exit,raw_drivable_area_exclusion,raw_drivable_area_exclusion
d9a22045f0bf52e1,2021.09.01.16.59.08_veh-39_01172_01721,traversing_intersection,3,1630517044949526,c44e555c53115f00,spatial_exit,raw_drivable_area_exclusion,raw_drivable_area_exclusion
d9a22045f0bf52e1,2021.09.01.16.59.08_veh-39_01172_01721,traversing_intersection,8,1630517045199460,3e65f0ebb21b53be,spatial_entry,raw_drivable_area_exclusion,raw_drivable_area_exclusion
d9a22045f0bf52e1,2021.09.01.16.59.08_veh-39_01172_01721,traversing_intersection,8,1630517045199460,572d0142863353e2,spatial_exit,raw_drivable_area_exclusion,raw_drivable_area_exclusion
d9a22045f0bf52e1,2021.09.01.16.59.08_veh-39_01172_01721,traversing_intersection,8,1630517045199460,af2d0351758d5992,spatial_exit,raw_drivable_area_exclusion,raw_drivable_area_exclusion
d9a22045f0bf52e1,2021.09.01.16.59.08_veh-39_01172_01721,traversing_intersection,9,1630517045249456,51050d9378275dc0,spatial_entry,raw_drivable_area_exclusion,raw_drivable_area_exclusion
d9a22045f0bf52e1,2021.09.01.16.59.08_veh-39_01172_01721,traversing_intersection,9,1630517045249456,de53b527f3415cc5,observation_appearance_censored,,raw_drivable_area_exclusion
d9a22045f0bf52e1,2021.09.01.16.59.08_veh-39_01172_01721,traversing_intersection,11,1630517045349453,3ecbb86a168b5338,observation_disappearance_unknown_cause,outside_frame,
d9a22045f0bf52e1,2021.09.01.16.59.08_veh-39_01172_01721,traversing_intersection,14,1630517045499435,26daf3a66f1957c6,spatial_exit,raw_drivable_area_exclusion,raw_drivable_area_exclusion
d9a22045f0bf52e1,2021.09.01.16.59.08_veh-39_01172_01721,traversing_intersection,14,1630517045499435,6867ef6dc1bb5b10,observation_disappearance_unknown_cause,kept,
d9a22045f0bf52e1,2021.09.01.16.59.08_veh-39_01172_01721,traversing_intersection,14,1630517045499435,6c6b8f88eb9252fc,spatial_entry,raw_drivable_area_exclusion,raw_drivable_area_exclusion
d9a22045f0bf52e1,2021.09.01.16.59.08_veh-39_01172_01721,traversing_intersection,14,1630517045499435,6d93e0a1bb9e5f03,spatial_entry,raw_drivable_area_exclusion,raw_drivable_area_exclusion
d9a22045f0bf52e1,2021.09.01.16.59.08_veh-39_01172_01721,traversing_intersection,14,1630517045499435,9e853ec61ba05bb9,spatial_exit,raw_drivable_area_exclusion,raw_drivable_area_exclusion
d9a22045f0bf52e1,2021.09.01.16.59.08_veh-39_01172_01721,traversing_intersection,14,1630517045499435,f5b9ce318c4a50e7,spatial_exit,kept,outside_frame
d9a22045f0bf52e1,2021.09.01.16.59.08_veh-39_01172_01721,traversing_intersection,15,1630517045549431,48affd1a11f15cf6,observation_appearance_censored,,outside_frame
d9a22045f0bf52e1,2021.09.01.16.59.08_veh-39_01172_01721,traversing_intersection,16,1630517045599433,459f8ccb48875b14,observation_appearance_censored,,outside_frame
d9a22045f0bf52e1,2021.09.01.16.59.08_veh-39_01172_01721,traversing_intersection,19,1630517045749480,54652badf4bb5ea4,spatial_exit,raw_drivable_area_exclusion,raw_drivable_area_exclusion
d9a22045f0bf52e1,2021.09.01.16.59.08_veh-39_01172_01721,traversing_intersection,20,1630517045799507,48affd1a11f15cf6,observation_disappearance_unknown_cause,outside_frame,
d9a22045f0bf52e1,2021.09.01.16.59.08_veh-39_01172_01721,traversing_intersection,20,1630517045799507,a1b7eaf94e8158ec,observation_appearance_censored,,kept
d9a22045f0bf52e1,2021.09.01.16.59.08_veh-39_01172_01721,traversing_intersection,20,1630517045799507,ac03ad4376145957,spatial_exit,raw_drivable_area_exclusion,raw_drivable_area_exclusion
d9a22045f0bf52e1,2021.09.01.16.59.08_veh-39_01172_01721,traversing_intersection,20,1630517045799507,c92c5e308f1055dc,spatial_entry,raw_drivable_area_exclusion,raw_drivable_area_exclusion
d9a22045f0bf52e1,2021.09.01.16.59.08_veh-39_01172_01721,traversing_intersection,22,1630517045899566,17ea440a49e55f2a,observation_appearance_censored,,kept
d9a22045f0bf52e1,2021.09.01.16.59.08_veh-39_01172_01721,traversing_intersection,23,1630517045949593,8cc53472d46d58cb,observation_appearance_censored,,raw_drivable_area_exclusion
d9a22045f0bf52e1,2021.09.01.16.59.08_veh-39_01172_01721,traversing_intersection,23,1630517045949593,af28d7d6e6d25e99,observation_appearance_censored,,raw_drivable_area_exclusion
d9a22045f0bf52e1,2021.09.01.16.59.08_veh-39_01172_01721,traversing_intersection,24,1630517045999615,572d0142863353e2,observation_disappearance_unknown_cause,raw_drivable_area_exclusion,
d9a22045f0bf52e1,2021.09.01.16.59.08_veh-39_01172_01721,traversing_intersection,24,1630517045999615,74990d4f12c458eb,spatial_exit,raw_drivable_area_exclusion,raw_drivable_area_exclusion
d9a22045f0bf52e1,2021.09.01.16.59.08_veh-39_01172_01721,traversing_intersection,25,1630517046049636,01ad38bf54075d01,spatial_entry,raw_drivable_area_exclusion,raw_drivable_area_exclusion
d9a22045f0bf52e1,2021.09.01.16.59.08_veh-39_01172_01721,traversing_intersection,25,1630517046049636,0c994d6cc21e5458,spatial_exit,raw_drivable_area_exclusion,raw_drivable_area_exclusion
d9a22045f0bf52e1,2021.09.01.16.59.08_veh-39_01172_01721,traversing_intersection,25,1630517046049636,13e218b6074559d3,observation_appearance_censored,,kept
d9a22045f0bf52e1,2021.09.01.16.59.08_veh-39_01172_01721,traversing_intersection,25,1630517046049636,dfbd181cec2a547f,observation_appearance_censored,,raw_drivable_area_exclusion
d9a22045f0bf52e1,2021.09.01.16.59.08_veh-39_01172_01721,traversing_intersection,27,1630517046149682,eb6b491b59c253d3,observation_disappearance_unknown_cause,kept,
d9a22045f0bf52e1,2021.09.01.16.59.08_veh-39_01172_01721,traversing_intersection,28,1630517046199709,4225ffca280554d4,observation_appearance_censored,,kept
d9a22045f0bf52e1,2021.09.01.16.59.08_veh-39_01172_01721,traversing_intersection,29,1630517046249740,3d51c47506d453ad,observation_disappearance_unknown_cause,raw_drivable_area_exclusion,
d9a22045f0bf52e1,2021.09.01.16.59.08_veh-39_01172_01721,traversing_intersection,30,1630517046299771,e170d5577fa157a3,spatial_exit,raw_drivable_area_exclusion,raw_drivable_area_exclusion
d9a22045f0bf52e1,2021.09.01.16.59.08_veh-39_01172_01721,traversing_intersection,30,1630517046299771,f45a7d47ce1251cf,spatial_exit,raw_drivable_area_exclusion,raw_drivable_area_exclusion
d9a22045f0bf52e1,2021.09.01.16.59.08_veh-39_01172_01721,traversing_intersection,31,1630517046349803,4a137aee45555c58,spatial_entry,raw_drivable_area_exclusion,raw_drivable_area_exclusion
d9a22045f0bf52e1,2021.09.01.16.59.08_veh-39_01172_01721,traversing_intersection,32,1630517046399838,9f93d9e560ad5d43,observation_appearance_censored,,kept
d9a22045f0bf52e1,2021.09.01.16.59.08_veh-39_01172_01721,traversing_intersection,33,1630517046449870,26daf3a66f1957c6,observation_disappearance_unknown_cause,raw_drivable_area_exclusion,
d9a22045f0bf52e1,2021.09.01.16.59.08_veh-39_01172_01721,traversing_intersection,34,1630517046499898,cef74c6d9b7a5b12,observation_appearance_censored,,outside_frame
d9a22045f0bf52e1,2021.09.01.16.59.08_veh-39_01172_01721,traversing_intersection,34,1630517046499898,d68137a1470054ad,observation_appearance_censored,,raw_drivable_area_exclusion
d9a22045f0bf52e1,2021.09.01.16.59.08_veh-39_01172_01721,traversing_intersection,34,1630517046499898,eda79deadd9454d4,observation_appearance_censored,,raw_drivable_area_exclusion
d9a22045f0bf52e1,2021.09.01.16.59.08_veh-39_01172_01721,traversing_intersection,35,1630517046549926,8cc53472d46d58cb,observation_disappearance_unknown_cause,raw_drivable_area_exclusion,
d9a22045f0bf52e1,2021.09.01.16.59.08_veh-39_01172_01721,traversing_intersection,36,1630517046599953,211a3875aa5f55ed,spatial_exit,raw_drivable_area_exclusion,raw_drivable_area_exclusion
d9a22045f0bf52e1,2021.09.01.16.59.08_veh-39_01172_01721,traversing_intersection,36,1630517046599953,5405459a202d5ea6,spatial_exit,raw_drivable_area_exclusion,raw_drivable_area_exclusion
d9a22045f0bf52e1,2021.09.01.16.59.08_veh-39_01172_01721,traversing_intersection,37,1630517046649978,9f93d9e560ad5d43,observation_disappearance_unknown_cause,kept,
d9a22045f0bf52e1,2021.09.01.16.59.08_veh-39_01172_01721,traversing_intersection,39,1630517046750021,a7b0faeaa62e583a,observation_disappearance_unknown_cause,kept,
d9a22045f0bf52e1,2021.09.01.16.59.08_veh-39_01172_01721,traversing_intersection,41,1630517046850071,809a607a214a54b0,observation_disappearance_unknown_cause,raw_drivable_area_exclusion,
d9a22045f0bf52e1,2021.09.01.16.59.08_veh-39_01172_01721,traversing_intersection,41,1630517046850071,88f9b47cb52258e4,spatial_entry,raw_drivable_area_exclusion,raw_drivable_area_exclusion
d9a22045f0bf52e1,2021.09.01.16.59.08_veh-39_01172_01721,traversing_intersection,43,1630517046950127,c9af766d79ea5cc2,observation_appearance_censored,,raw_drivable_area_exclusion
d9a22045f0bf52e1,2021.09.01.16.59.08_veh-39_01172_01721,traversing_intersection,44,1630517047000155,211a3875aa5f55ed,observation_disappearance_unknown_cause,raw_drivable_area_exclusion,
d9a22045f0bf52e1,2021.09.01.16.59.08_veh-39_01172_01721,traversing_intersection,44,1630517047000155,2b9538dac942531a,observation_appearance_censored,,outside_frame
d9a22045f0bf52e1,2021.09.01.16.59.08_veh-39_01172_01721,traversing_intersection,45,1630517047050180,adc6813338c25451,observation_appearance_censored,,raw_drivable_area_exclusion
d9a22045f0bf52e1,2021.09.01.16.59.08_veh-39_01172_01721,traversing_intersection,47,1630517047150211,086ef6fc45395d40,observation_appearance_censored,,kept
d9a22045f0bf52e1,2021.09.01.16.59.08_veh-39_01172_01721,traversing_intersection,47,1630517047150211,f5b9ce318c4a50e7,observation_disappearance_unknown_cause,outside_frame,
d9a22045f0bf52e1,2021.09.01.16.59.08_veh-39_01172_01721,traversing_intersection,48,1630517047200220,1405b1259e3a5106,observation_appearance_censored,,kept
d9a22045f0bf52e1,2021.09.01.16.59.08_veh-39_01172_01721,traversing_intersection,48,1630517047200220,72475525b7ea5644,observation_appearance_censored,,raw_drivable_area_exclusion
d9a22045f0bf52e1,2021.09.01.16.59.08_veh-39_01172_01721,traversing_intersection,51,1630517047350209,adc6813338c25451,observation_disappearance_unknown_cause,raw_drivable_area_exclusion,
d9a22045f0bf52e1,2021.09.01.16.59.08_veh-39_01172_01721,traversing_intersection,51,1630517047350209,bf6d7f37226a5584,observation_appearance_censored,,raw_drivable_area_exclusion
d9a22045f0bf52e1,2021.09.01.16.59.08_veh-39_01172_01721,traversing_intersection,51,1630517047350209,f45a7d47ce1251cf,observation_disappearance_unknown_cause,raw_drivable_area_exclusion,
d9a22045f0bf52e1,2021.09.01.16.59.08_veh-39_01172_01721,traversing_intersection,53,1630517047450188,1405b1259e3a5106,observation_disappearance_unknown_cause,kept,
d9a22045f0bf52e1,2021.09.01.16.59.08_veh-39_01172_01721,traversing_intersection,53,1630517047450188,bf6d7f37226a5584,spatial_entry,raw_drivable_area_exclusion,raw_drivable_area_exclusion
d9a22045f0bf52e1,2021.09.01.16.59.08_veh-39_01172_01721,traversing_intersection,55,1630517047550164,086ef6fc45395d40,observation_disappearance_unknown_cause,kept,
d9a22045f0bf52e1,2021.09.01.16.59.08_veh-39_01172_01721,traversing_intersection,56,1630517047600146,f60776d28bf85184,observation_disappearance_unknown_cause,raw_drivable_area_exclusion,
d9a22045f0bf52e1,2021.09.01.16.59.08_veh-39_01172_01721,traversing_intersection,57,1630517047650128,2d390663b95f542a,observation_appearance_censored,,kept
d9a22045f0bf52e1,2021.09.01.16.59.08_veh-39_01172_01721,traversing_intersection,57,1630517047650128,d1da72df77c250cd,observation_appearance_censored,,kept
d9a22045f0bf52e1,2021.09.01.16.59.08_veh-39_01172_01721,traversing_intersection,58,1630517047700107,0c994d6cc21e5458,observation_disappearance_unknown_cause,raw_drivable_area_exclusion,
d9a22045f0bf52e1,2021.09.01.16.59.08_veh-39_01172_01721,traversing_intersection,58,1630517047700107,5995222d744350be,observation_appearance_censored,,raw_drivable_area_exclusion
d9a22045f0bf52e1,2021.09.01.16.59.08_veh-39_01172_01721,traversing_intersection,58,1630517047700107,a079321121955f5f,spatial_entry,raw_drivable_area_exclusion,raw_drivable_area_exclusion
d9a22045f0bf52e1,2021.09.01.16.59.08_veh-39_01172_01721,traversing_intersection,58,1630517047700107,b8ac61f1761859b7,observation_appearance_censored,,outside_frame
d9a22045f0bf52e1,2021.09.01.16.59.08_veh-39_01172_01721,traversing_intersection,59,1630517047750083,72475525b7ea5644,spatial_entry,raw_drivable_area_exclusion,raw_drivable_area_exclusion
d9a22045f0bf52e1,2021.09.01.16.59.08_veh-39_01172_01721,traversing_intersection,60,1630517047800056,722e841c417e54b1,observation_appearance_censored,,kept
d9a22045f0bf52e1,2021.09.01.16.59.08_veh-39_01172_01721,traversing_intersection,61,1630517047850028,91030245c2a9532e,observation_appearance_censored,,raw_drivable_area_exclusion
d9a22045f0bf52e1,2021.09.01.16.59.08_veh-39_01172_01721,traversing_intersection,63,1630517047949965,394487924f185000,observation_appearance_censored,,outside_frame
d9a22045f0bf52e1,2021.09.01.16.59.08_veh-39_01172_01721,traversing_intersection,63,1630517047949965,a1b7eaf94e8158ec,observation_disappearance_unknown_cause,kept,
d9a22045f0bf52e1,2021.09.01.16.59.08_veh-39_01172_01721,traversing_intersection,63,1630517047949965,bd473db5e42b529b,observation_disappearance_unknown_cause,outside_frame,
d9a22045f0bf52e1,2021.09.01.16.59.08_veh-39_01172_01721,traversing_intersection,64,1630517047999935,6944c787f3415401,spatial_entry,raw_drivable_area_exclusion,raw_drivable_area_exclusion
d9a22045f0bf52e1,2021.09.01.16.59.08_veh-39_01172_01721,traversing_intersection,65,1630517048049907,9bda5892e9af5dd6,observation_appearance_censored,,kept
d9a22045f0bf52e1,2021.09.01.16.59.08_veh-39_01172_01721,traversing_intersection,70,1630517048299785,722e841c417e54b1,observation_disappearance_unknown_cause,kept,
d9a22045f0bf52e1,2021.09.01.16.59.08_veh-39_01172_01721,traversing_intersection,72,1630517048399746,b4b0495fdf5d5290,observation_appearance_censored,,raw_drivable_area_exclusion
d9a22045f0bf52e1,2021.09.01.16.59.08_veh-39_01172_01721,traversing_intersection,74,1630517048499714,de53b527f3415cc5,spatial_entry,raw_drivable_area_exclusion,raw_drivable_area_exclusion
d9a22045f0bf52e1,2021.09.01.16.59.08_veh-39_01172_01721,traversing_intersection,75,1630517048549699,ac03ad4376145957,observation_disappearance_unknown_cause,raw_drivable_area_exclusion,
d9a22045f0bf52e1,2021.09.01.16.59.08_veh-39_01172_01721,traversing_intersection,75,1630517048549699,d68137a1470054ad,spatial_entry,raw_drivable_area_exclusion,raw_drivable_area_exclusion
d9a22045f0bf52e1,2021.09.01.16.59.08_veh-39_01172_01721,traversing_intersection,76,1630517048599684,1d5ff8a56fb15911,observation_appearance_censored,,raw_drivable_area_exclusion
d9a22045f0bf52e1,2021.09.01.16.59.08_veh-39_01172_01721,traversing_intersection,77,1630517048649671,d1da72df77c250cd,observation_disappearance_unknown_cause,kept,
d9a22045f0bf52e1,2021.09.01.16.59.08_veh-39_01172_01721,traversing_intersection,78,1630517048699659,2d390663b95f542a,observation_disappearance_unknown_cause,kept,
d9a22045f0bf52e1,2021.09.01.16.59.08_veh-39_01172_01721,traversing_intersection,79,1630517048749648,60b68875c65f50c2,observation_appearance_censored,,raw_drivable_area_exclusion
d9a22045f0bf52e1,2021.09.01.16.59.08_veh-39_01172_01721,traversing_intersection,80,1630517048799636,eda79deadd9454d4,spatial_entry,raw_drivable_area_exclusion,raw_drivable_area_exclusion
d9a22045f0bf52e1,2021.09.01.16.59.08_veh-39_01172_01721,traversing_intersection,81,1630517048849626,ae6692ff93035a27,observation_appearance_censored,,raw_drivable_area_exclusion
d9a22045f0bf52e1,2021.09.01.16.59.08_veh-39_01172_01721,traversing_intersection,81,1630517048849626,af2d0351758d5992,observation_disappearance_unknown_cause,raw_drivable_area_exclusion,
d9a22045f0bf52e1,2021.09.01.16.59.08_veh-39_01172_01721,traversing_intersection,84,1630517048999584,8731d156fe895127,observation_disappearance_unknown_cause,raw_drivable_area_exclusion,
d9a22045f0bf52e1,2021.09.01.16.59.08_veh-39_01172_01721,traversing_intersection,85,1630517049049570,9bda5892e9af5dd6,observation_disappearance_unknown_cause,kept,
d9a22045f0bf52e1,2021.09.01.16.59.08_veh-39_01172_01721,traversing_intersection,86,1630517049099558,af28d7d6e6d25e99,spatial_entry,raw_drivable_area_exclusion,raw_drivable_area_exclusion
d9a22045f0bf52e1,2021.09.01.16.59.08_veh-39_01172_01721,traversing_intersection,88,1630517049199535,c44e555c53115f00,observation_disappearance_unknown_cause,raw_drivable_area_exclusion,
d9a22045f0bf52e1,2021.09.01.16.59.08_veh-39_01172_01721,traversing_intersection,100,1630517049799466,ae6692ff93035a27,observation_disappearance_unknown_cause,raw_drivable_area_exclusion,
b21da07870d2560b,2021.08.24.14.40.55_veh-28_01570_01776,near_pedestrian_on_crosswalk,2,1629817788149551,10e2eec4162d55b0,observation_appearance_censored,,raw_drivable_area_exclusion
b21da07870d2560b,2021.08.24.14.40.55_veh-28_01570_01776,near_pedestrian_on_crosswalk,4,1629817788249596,984912c838e15a14,spatial_entry,raw_drivable_area_exclusion,raw_drivable_area_exclusion
b21da07870d2560b,2021.08.24.14.40.55_veh-28_01570_01776,near_pedestrian_on_crosswalk,4,1629817788249596,a6b66c48e8f55914,spatial_exit,raw_drivable_area_exclusion,raw_drivable_area_exclusion
b21da07870d2560b,2021.08.24.14.40.55_veh-28_01570_01776,near_pedestrian_on_crosswalk,4,1629817788249596,d93e55339bc55062,spatial_exit,raw_drivable_area_exclusion,raw_drivable_area_exclusion
b21da07870d2560b,2021.08.24.14.40.55_veh-28_01570_01776,near_pedestrian_on_crosswalk,5,1629817788299622,09a558fdd0175c6c,observation_disappearance_unknown_cause,raw_drivable_area_exclusion,
b21da07870d2560b,2021.08.24.14.40.55_veh-28_01570_01776,near_pedestrian_on_crosswalk,5,1629817788299622,24762eff76cf5ed6,spatial_exit,kept,outside_frame
b21da07870d2560b,2021.08.24.14.40.55_veh-28_01570_01776,near_pedestrian_on_crosswalk,6,1629817788349650,180a96f67da25fb2,observation_appearance_censored,,raw_drivable_area_exclusion
b21da07870d2560b,2021.08.24.14.40.55_veh-28_01570_01776,near_pedestrian_on_crosswalk,10,1629817788549763,0dff04470d865137,spatial_exit,raw_drivable_area_exclusion,raw_drivable_area_exclusion
b21da07870d2560b,2021.08.24.14.40.55_veh-28_01570_01776,near_pedestrian_on_crosswalk,10,1629817788549763,ba47b1e4ed285d28,spatial_exit,raw_drivable_area_exclusion,raw_drivable_area_exclusion
b21da07870d2560b,2021.08.24.14.40.55_veh-28_01570_01776,near_pedestrian_on_crosswalk,11,1629817788599788,4e266e445ef15495,spatial_entry,raw_drivable_area_exclusion,raw_drivable_area_exclusion
b21da07870d2560b,2021.08.24.14.40.55_veh-28_01570_01776,near_pedestrian_on_crosswalk,12,1629817788649812,24762eff76cf5ed6,observation_disappearance_unknown_cause,outside_frame,
b21da07870d2560b,2021.08.24.14.40.55_veh-28_01570_01776,near_pedestrian_on_crosswalk,13,1629817788699833,382c3a95048259b0,observation_disappearance_unknown_cause,outside_frame,
b21da07870d2560b,2021.08.24.14.40.55_veh-28_01570_01776,near_pedestrian_on_crosswalk,15,1629817788799862,db04a9146fd75625,observation_appearance_censored,,outside_frame
b21da07870d2560b,2021.08.24.14.40.55_veh-28_01570_01776,near_pedestrian_on_crosswalk,16,1629817788849867,7c9a113e3dba5c00,spatial_exit,raw_drivable_area_exclusion,raw_drivable_area_exclusion
b21da07870d2560b,2021.08.24.14.40.55_veh-28_01570_01776,near_pedestrian_on_crosswalk,16,1629817788849867,c6baa5dd62be53b6,spatial_exit,raw_drivable_area_exclusion,raw_drivable_area_exclusion
b21da07870d2560b,2021.08.24.14.40.55_veh-28_01570_01776,near_pedestrian_on_crosswalk,17,1629817788899867,58741a41803a5220,observation_appearance_censored,,raw_drivable_area_exclusion
b21da07870d2560b,2021.08.24.14.40.55_veh-28_01570_01776,near_pedestrian_on_crosswalk,17,1629817788899867,840bccb757c559ec,spatial_entry,raw_drivable_area_exclusion,raw_drivable_area_exclusion
b21da07870d2560b,2021.08.24.14.40.55_veh-28_01570_01776,near_pedestrian_on_crosswalk,19,1629817788999854,e58772a90ffe57aa,observation_appearance_censored,,raw_drivable_area_exclusion
b21da07870d2560b,2021.08.24.14.40.55_veh-28_01570_01776,near_pedestrian_on_crosswalk,22,1629817789149813,e0ff684256915d41,observation_disappearance_unknown_cause,raw_drivable_area_exclusion,
b21da07870d2560b,2021.08.24.14.40.55_veh-28_01570_01776,near_pedestrian_on_crosswalk,23,1629817789199793,2bbacad255ea5c60,spatial_entry,raw_drivable_area_exclusion,raw_drivable_area_exclusion
b21da07870d2560b,2021.08.24.14.40.55_veh-28_01570_01776,near_pedestrian_on_crosswalk,25,1629817789299749,634e12ca0e0a587d,observation_disappearance_unknown_cause,kept,
b21da07870d2560b,2021.08.24.14.40.55_veh-28_01570_01776,near_pedestrian_on_crosswalk,25,1629817789299749,a6b66c48e8f55914,observation_disappearance_unknown_cause,raw_drivable_area_exclusion,
b21da07870d2560b,2021.08.24.14.40.55_veh-28_01570_01776,near_pedestrian_on_crosswalk,25,1629817789299749,c8289c4dda805f3e,observation_appearance_censored,,kept
b21da07870d2560b,2021.08.24.14.40.55_veh-28_01570_01776,near_pedestrian_on_crosswalk,28,1629817789449679,5b65a961abc15034,spatial_exit,raw_drivable_area_exclusion,raw_drivable_area_exclusion
b21da07870d2560b,2021.08.24.14.40.55_veh-28_01570_01776,near_pedestrian_on_crosswalk,28,1629817789449679,7a8dded892e853a6,spatial_exit,raw_drivable_area_exclusion,raw_drivable_area_exclusion
b21da07870d2560b,2021.08.24.14.40.55_veh-28_01570_01776,near_pedestrian_on_crosswalk,29,1629817789499658,74a6fadd6dc95281,spatial_entry,raw_drivable_area_exclusion,raw_drivable_area_exclusion
b21da07870d2560b,2021.08.24.14.40.55_veh-28_01570_01776,near_pedestrian_on_crosswalk,33,1629817789699574,200ed3b3797d5cf0,observation_appearance_censored,,raw_drivable_area_exclusion
b21da07870d2560b,2021.08.24.14.40.55_veh-28_01570_01776,near_pedestrian_on_crosswalk,33,1629817789699574,211a233655335ed6,observation_disappearance_unknown_cause,raw_drivable_area_exclusion,
b21da07870d2560b,2021.08.24.14.40.55_veh-28_01570_01776,near_pedestrian_on_crosswalk,33,1629817789699574,8988be57fa0f5672,observation_appearance_censored,,raw_drivable_area_exclusion
b21da07870d2560b,2021.08.24.14.40.55_veh-28_01570_01776,near_pedestrian_on_crosswalk,34,1629817789749556,0a6d39f7bfbf583f,spatial_exit,raw_drivable_area_exclusion,raw_drivable_area_exclusion
b21da07870d2560b,2021.08.24.14.40.55_veh-28_01570_01776,near_pedestrian_on_crosswalk,34,1629817789749556,b43b2ebbf6bc5dff,spatial_entry,raw_drivable_area_exclusion,raw_drivable_area_exclusion
b21da07870d2560b,2021.08.24.14.40.55_veh-28_01570_01776,near_pedestrian_on_crosswalk,35,1629817789799539,58e03c2986dc5670,observation_appearance_censored,,outside_frame
b21da07870d2560b,2021.08.24.14.40.55_veh-28_01570_01776,near_pedestrian_on_crosswalk,37,1629817789899508,0a6d39f7bfbf583f,observation_disappearance_unknown_cause,raw_drivable_area_exclusion,
b21da07870d2560b,2021.08.24.14.40.55_veh-28_01570_01776,near_pedestrian_on_crosswalk,40,1629817790049484,200ed3b3797d5cf0,observation_disappearance_unknown_cause,raw_drivable_area_exclusion,
b21da07870d2560b,2021.08.24.14.40.55_veh-28_01570_01776,near_pedestrian_on_crosswalk,40,1629817790049484,4757296b954659c4,spatial_entry,raw_drivable_area_exclusion,raw_drivable_area_exclusion
b21da07870d2560b,2021.08.24.14.40.55_veh-28_01570_01776,near_pedestrian_on_crosswalk,40,1629817790049484,58741a41803a5220,observation_disappearance_unknown_cause,raw_drivable_area_exclusion,
b21da07870d2560b,2021.08.24.14.40.55_veh-28_01570_01776,near_pedestrian_on_crosswalk,40,1629817790049484,60219897d03558e6,observation_disappearance_unknown_cause,raw_drivable_area_exclusion,
b21da07870d2560b,2021.08.24.14.40.55_veh-28_01570_01776,near_pedestrian_on_crosswalk,41,1629817790099490,b2909c282d725b59,observation_appearance_censored,,outside_frame
b21da07870d2560b,2021.08.24.14.40.55_veh-28_01570_01776,near_pedestrian_on_crosswalk,43,1629817790199524,5b65a961abc15034,observation_disappearance_unknown_cause,raw_drivable_area_exclusion,
b21da07870d2560b,2021.08.24.14.40.55_veh-28_01570_01776,near_pedestrian_on_crosswalk,43,1629817790199524,900610dee9f95c7a,observation_appearance_censored,,outside_frame
b21da07870d2560b,2021.08.24.14.40.55_veh-28_01570_01776,near_pedestrian_on_crosswalk,44,1629817790249546,180a96f67da25fb2,observation_disappearance_unknown_cause,raw_drivable_area_exclusion,
b21da07870d2560b,2021.08.24.14.40.55_veh-28_01570_01776,near_pedestrian_on_crosswalk,44,1629817790249546,4275847b7cbb54fb,observation_disappearance_unknown_cause,raw_drivable_area_exclusion,
b21da07870d2560b,2021.08.24.14.40.55_veh-28_01570_01776,near_pedestrian_on_crosswalk,45,1629817790299569,2b17c683424b5243,spatial_entry,raw_drivable_area_exclusion,raw_drivable_area_exclusion
b21da07870d2560b,2021.08.24.14.40.55_veh-28_01570_01776,near_pedestrian_on_crosswalk,45,1629817790299569,f31cd18dbdf65360,observation_disappearance_unknown_cause,outside_frame,
b21da07870d2560b,2021.08.24.14.40.55_veh-28_01570_01776,near_pedestrian_on_crosswalk,46,1629817790349591,486fce066d115c58,spatial_entry,raw_drivable_area_exclusion,raw_drivable_area_exclusion
b21da07870d2560b,2021.08.24.14.40.55_veh-28_01570_01776,near_pedestrian_on_crosswalk,48,1629817790449632,355bf3c8d3705a49,observation_appearance_censored,,kept
b21da07870d2560b,2021.08.24.14.40.55_veh-28_01570_01776,near_pedestrian_on_crosswalk,51,1629817790599695,de79309c24925f4c,spatial_entry,raw_drivable_area_exclusion,raw_drivable_area_exclusion
b21da07870d2560b,2021.08.24.14.40.55_veh-28_01570_01776,near_pedestrian_on_crosswalk,53,1629817790699740,9175caf4b6055c07,observation_appearance_censored,,raw_drivable_area_exclusion
b21da07870d2560b,2021.08.24.14.40.55_veh-28_01570_01776,near_pedestrian_on_crosswalk,54,1629817790749762,900610dee9f95c7a,observation_disappearance_unknown_cause,outside_frame,
b21da07870d2560b,2021.08.24.14.40.55_veh-28_01570_01776,near_pedestrian_on_crosswalk,57,1629817790899826,b195922c32c65d66,spatial_entry,raw_drivable_area_exclusion,raw_drivable_area_exclusion
b21da07870d2560b,2021.08.24.14.40.55_veh-28_01570_01776,near_pedestrian_on_crosswalk,58,1629817790949841,eb0fb1a8cf225f36,observation_appearance_censored,,outside_frame
b21da07870d2560b,2021.08.24.14.40.55_veh-28_01570_01776,near_pedestrian_on_crosswalk,59,1629817790999856,c6baa5dd62be53b6,observation_disappearance_unknown_cause,raw_drivable_area_exclusion,
b21da07870d2560b,2021.08.24.14.40.55_veh-28_01570_01776,near_pedestrian_on_crosswalk,63,1629817791199878,d2504b9df1d55833,spatial_entry,raw_drivable_area_exclusion,raw_drivable_area_exclusion
b21da07870d2560b,2021.08.24.14.40.55_veh-28_01570_01776,near_pedestrian_on_crosswalk,69,1629817791499768,10e2eec4162d55b0,spatial_entry,raw_drivable_area_exclusion,raw_drivable_area_exclusion
b21da07870d2560b,2021.08.24.14.40.55_veh-28_01570_01776,near_pedestrian_on_crosswalk,69,1629817791499768,7c9a113e3dba5c00,observation_disappearance_unknown_cause,raw_drivable_area_exclusion,
b21da07870d2560b,2021.08.24.14.40.55_veh-28_01570_01776,near_pedestrian_on_crosswalk,69,1629817791499768,ba47b1e4ed285d28,observation_disappearance_unknown_cause,raw_drivable_area_exclusion,
b21da07870d2560b,2021.08.24.14.40.55_veh-28_01570_01776,near_pedestrian_on_crosswalk,75,1629817791799606,355bf3c8d3705a49,observation_disappearance_unknown_cause,kept,
b21da07870d2560b,2021.08.24.14.40.55_veh-28_01570_01776,near_pedestrian_on_crosswalk,75,1629817791799606,9df12a8e64e85475,observation_appearance_censored,,raw_drivable_area_exclusion
b21da07870d2560b,2021.08.24.14.40.55_veh-28_01570_01776,near_pedestrian_on_crosswalk,76,1629817791849583,421b0fe34f5a508f,observation_appearance_censored,,raw_drivable_area_exclusion
b21da07870d2560b,2021.08.24.14.40.55_veh-28_01570_01776,near_pedestrian_on_crosswalk,77,1629817791899563,4879ffaee7e55dd9,observation_appearance_censored,,raw_drivable_area_exclusion
b21da07870d2560b,2021.08.24.14.40.55_veh-28_01570_01776,near_pedestrian_on_crosswalk,78,1629817791949547,14540d30ad43599d,observation_appearance_censored,,raw_drivable_area_exclusion
b21da07870d2560b,2021.08.24.14.40.55_veh-28_01570_01776,near_pedestrian_on_crosswalk,79,1629817791999533,104cce751fcb5baf,observation_appearance_censored,,raw_drivable_area_exclusion
b21da07870d2560b,2021.08.24.14.40.55_veh-28_01570_01776,near_pedestrian_on_crosswalk,79,1629817791999533,a638950aa965515f,observation_appearance_censored,,raw_drivable_area_exclusion
b21da07870d2560b,2021.08.24.14.40.55_veh-28_01570_01776,near_pedestrian_on_crosswalk,82,1629817792149516,b8795eee9b2e56a7,observation_appearance_censored,,raw_drivable_area_exclusion
b21da07870d2560b,2021.08.24.14.40.55_veh-28_01570_01776,near_pedestrian_on_crosswalk,83,1629817792199531,4879ffaee7e55dd9,observation_disappearance_unknown_cause,raw_drivable_area_exclusion,
b21da07870d2560b,2021.08.24.14.40.55_veh-28_01570_01776,near_pedestrian_on_crosswalk,83,1629817792199531,d572f5655f6858ad,spatial_exit,kept,outside_frame
b21da07870d2560b,2021.08.24.14.40.55_veh-28_01570_01776,near_pedestrian_on_crosswalk,85,1629817792299581,26d3d85d50d65fa4,observation_disappearance_unknown_cause,raw_drivable_area_exclusion,
b21da07870d2560b,2021.08.24.14.40.55_veh-28_01570_01776,near_pedestrian_on_crosswalk,86,1629817792349609,c8289c4dda805f3e,spatial_exit,kept,outside_frame
b21da07870d2560b,2021.08.24.14.40.55_veh-28_01570_01776,near_pedestrian_on_crosswalk,87,1629817792399639,796cf522060550a0,observation_appearance_censored,,raw_drivable_area_exclusion
b21da07870d2560b,2021.08.24.14.40.55_veh-28_01570_01776,near_pedestrian_on_crosswalk,90,1629817792549739,429b0f69aa2b54ef,observation_appearance_censored,,raw_drivable_area_exclusion
b21da07870d2560b,2021.08.24.14.40.55_veh-28_01570_01776,near_pedestrian_on_crosswalk,92,1629817792649806,4c548eb34230594a,observation_appearance_censored,,outside_frame
b21da07870d2560b,2021.08.24.14.40.55_veh-28_01570_01776,near_pedestrian_on_crosswalk,97,1629817792899914,2448141938e95f4e,observation_appearance_censored,,raw_drivable_area_exclusion
b21da07870d2560b,2021.08.24.14.40.55_veh-28_01570_01776,near_pedestrian_on_crosswalk,99,1629817792999913,f6cf8f003ace5964,observation_disappearance_unknown_cause,raw_drivable_area_exclusion,
a2257d7ec44a5fe4,2021.10.21.17.08.25_veh-28_00521_00992,traversing_intersection,1,1634837145999766,a21683de7c3254b8,spatial_entry,outside_frame,kept
a2257d7ec44a5fe4,2021.10.21.17.08.25_veh-28_00521_00992,traversing_intersection,8,1634837146349728,1bddf7f744625f34,spatial_exit,raw_drivable_area_exclusion,raw_drivable_area_exclusion
a2257d7ec44a5fe4,2021.10.21.17.08.25_veh-28_00521_00992,traversing_intersection,18,1634837146849916,4a27d901f2125204,observation_appearance_censored,,outside_frame
a2257d7ec44a5fe4,2021.10.21.17.08.25_veh-28_00521_00992,traversing_intersection,21,1634837147000008,d1ecc064b6145d2d,observation_disappearance_unknown_cause,outside_frame,
a2257d7ec44a5fe4,2021.10.21.17.08.25_veh-28_00521_00992,traversing_intersection,25,1634837147200121,2651c4759b875273,observation_disappearance_unknown_cause,raw_drivable_area_exclusion,
a2257d7ec44a5fe4,2021.10.21.17.08.25_veh-28_00521_00992,traversing_intersection,32,1634837147550290,83775c4a8b3f50b8,spatial_exit,kept,outside_frame
a2257d7ec44a5fe4,2021.10.21.17.08.25_veh-28_00521_00992,traversing_intersection,37,1634837147800413,b3d982796c025278,observation_disappearance_unknown_cause,raw_drivable_area_exclusion,
a2257d7ec44a5fe4,2021.10.21.17.08.25_veh-28_00521_00992,traversing_intersection,42,1634837148050535,41effc0abd265eb8,spatial_entry,outside_frame,kept
a2257d7ec44a5fe4,2021.10.21.17.08.25_veh-28_00521_00992,traversing_intersection,44,1634837148150572,4a27d901f2125204,observation_disappearance_unknown_cause,outside_frame,
a2257d7ec44a5fe4,2021.10.21.17.08.25_veh-28_00521_00992,traversing_intersection,62,1634837149050146,83531dc63b565497,observation_disappearance_unknown_cause,outside_frame,
a2257d7ec44a5fe4,2021.10.21.17.08.25_veh-28_00521_00992,traversing_intersection,63,1634837149100119,cca7a886b00453bb,observation_appearance_censored,,outside_frame
a2257d7ec44a5fe4,2021.10.21.17.08.25_veh-28_00521_00992,traversing_intersection,64,1634837149150093,2919a3f3a49551e6,observation_disappearance_unknown_cause,raw_drivable_area_exclusion,
a2257d7ec44a5fe4,2021.10.21.17.08.25_veh-28_00521_00992,traversing_intersection,65,1634837149200069,f3a89fca07e351fb,observation_disappearance_unknown_cause,raw_drivable_area_exclusion,
a2257d7ec44a5fe4,2021.10.21.17.08.25_veh-28_00521_00992,traversing_intersection,70,1634837149449986,c3895b5685fb59dd,observation_disappearance_unknown_cause,outside_frame,
a2257d7ec44a5fe4,2021.10.21.17.08.25_veh-28_00521_00992,traversing_intersection,74,1634837149649922,062982a8dd565d72,observation_appearance_censored,,outside_frame
a2257d7ec44a5fe4,2021.10.21.17.08.25_veh-28_00521_00992,traversing_intersection,78,1634837149849836,2768ab4b0bef54fd,observation_disappearance_unknown_cause,raw_drivable_area_exclusion,
a2257d7ec44a5fe4,2021.10.21.17.08.25_veh-28_00521_00992,traversing_intersection,83,1634837150099737,062982a8dd565d72,other_representation_transition,outside_frame,raw_drivable_area_exclusion
a2257d7ec44a5fe4,2021.10.21.17.08.25_veh-28_00521_00992,traversing_intersection,84,1634837150149720,65b4204926255b35,observation_disappearance_unknown_cause,raw_drivable_area_exclusion,
a2257d7ec44a5fe4,2021.10.21.17.08.25_veh-28_00521_00992,traversing_intersection,98,1634837150849871,ce85a333db9e5ec9,observation_appearance_censored,,outside_frame
86d2e80d5aee5d2d,2021.10.13.14.40.14_veh-28_00131_00430,high_lateral_acceleration,6,1634136336399681,dd24f6f7f3e752a0,spatial_entry,raw_drivable_area_exclusion,raw_drivable_area_exclusion
86d2e80d5aee5d2d,2021.10.13.14.40.14_veh-28_00131_00430,high_lateral_acceleration,8,1634136336499643,a881ee8f0c6d5045,observation_appearance_censored,,raw_drivable_area_exclusion
86d2e80d5aee5d2d,2021.10.13.14.40.14_veh-28_00131_00430,high_lateral_acceleration,9,1634136336549627,aa449ab8b8a25eee,observation_appearance_censored,,outside_frame
86d2e80d5aee5d2d,2021.10.13.14.40.14_veh-28_00131_00430,high_lateral_acceleration,11,1634136336649605,4bcabd3233585850,observation_disappearance_unknown_cause,raw_drivable_area_exclusion,
86d2e80d5aee5d2d,2021.10.13.14.40.14_veh-28_00131_00430,high_lateral_acceleration,12,1634136336699598,aa449ab8b8a25eee,observation_disappearance_unknown_cause,outside_frame,
86d2e80d5aee5d2d,2021.10.13.14.40.14_veh-28_00131_00430,high_lateral_acceleration,14,1634136336799584,01170f90f87056bf,spatial_entry,raw_drivable_area_exclusion,raw_drivable_area_exclusion
86d2e80d5aee5d2d,2021.10.13.14.40.14_veh-28_00131_00430,high_lateral_acceleration,14,1634136336799584,f9ed7805524154c2,observation_appearance_censored,,raw_drivable_area_exclusion
86d2e80d5aee5d2d,2021.10.13.14.40.14_veh-28_00131_00430,high_lateral_acceleration,15,1634136336849576,81ecc1fb27535e26,observation_appearance_censored,,raw_drivable_area_exclusion
86d2e80d5aee5d2d,2021.10.13.14.40.14_veh-28_00131_00430,high_lateral_acceleration,16,1634136336899564,7b66f09f3e3d5b1f,spatial_entry,raw_drivable_area_exclusion,raw_drivable_area_exclusion
86d2e80d5aee5d2d,2021.10.13.14.40.14_veh-28_00131_00430,high_lateral_acceleration,17,1634136336949553,f2a8d91019d850be,spatial_entry,outside_frame,kept
86d2e80d5aee5d2d,2021.10.13.14.40.14_veh-28_00131_00430,high_lateral_acceleration,20,1634136337099490,84bfb41fb40b518c,spatial_entry,raw_drivable_area_exclusion,raw_drivable_area_exclusion
86d2e80d5aee5d2d,2021.10.13.14.40.14_veh-28_00131_00430,high_lateral_acceleration,26,1634136337399389,085e650fa9695b2a,observation_appearance_censored,,raw_drivable_area_exclusion
86d2e80d5aee5d2d,2021.10.13.14.40.14_veh-28_00131_00430,high_lateral_acceleration,28,1634136337499369,c543cc6e387e5b25,spatial_entry,raw_drivable_area_exclusion,raw_drivable_area_exclusion
86d2e80d5aee5d2d,2021.10.13.14.40.14_veh-28_00131_00430,high_lateral_acceleration,36,1634136337899525,7bef968c635e58b9,spatial_entry,raw_drivable_area_exclusion,raw_drivable_area_exclusion
86d2e80d5aee5d2d,2021.10.13.14.40.14_veh-28_00131_00430,high_lateral_acceleration,39,1634136338049610,6c76cdea082756b6,spatial_entry,raw_drivable_area_exclusion,raw_drivable_area_exclusion
86d2e80d5aee5d2d,2021.10.13.14.40.14_veh-28_00131_00430,high_lateral_acceleration,41,1634136338149661,085e650fa9695b2a,spatial_entry,raw_drivable_area_exclusion,raw_drivable_area_exclusion
86d2e80d5aee5d2d,2021.10.13.14.40.14_veh-28_00131_00430,high_lateral_acceleration,42,1634136338199679,6d21f7c9576b561a,observation_disappearance_unknown_cause,kept,
86d2e80d5aee5d2d,2021.10.13.14.40.14_veh-28_00131_00430,high_lateral_acceleration,44,1634136338299705,c2d889490ca0501a,observation_appearance_censored,,outside_frame
86d2e80d5aee5d2d,2021.10.13.14.40.14_veh-28_00131_00430,high_lateral_acceleration,47,1634136338449723,c7f6b6c9ca35565b,spatial_entry,raw_drivable_area_exclusion,raw_drivable_area_exclusion
86d2e80d5aee5d2d,2021.10.13.14.40.14_veh-28_00131_00430,high_lateral_acceleration,54,1634136338799601,1e93d84ac20254da,spatial_entry,raw_drivable_area_exclusion,raw_drivable_area_exclusion
86d2e80d5aee5d2d,2021.10.13.14.40.14_veh-28_00131_00430,high_lateral_acceleration,70,1634136339599443,db83c8d0e4a75e38,spatial_entry,raw_drivable_area_exclusion,raw_drivable_area_exclusion
86d2e80d5aee5d2d,2021.10.13.14.40.14_veh-28_00131_00430,high_lateral_acceleration,73,1634136339749384,f97f72ab135754e4,observation_appearance_censored,,raw_drivable_area_exclusion
86d2e80d5aee5d2d,2021.10.13.14.40.14_veh-28_00131_00430,high_lateral_acceleration,77,1634136339949358,f3424b169d345630,observation_disappearance_unknown_cause,raw_drivable_area_exclusion,
86d2e80d5aee5d2d,2021.10.13.14.40.14_veh-28_00131_00430,high_lateral_acceleration,81,1634136340149442,3cdeefda49e151e5,observation_disappearance_unknown_cause,raw_drivable_area_exclusion,
86d2e80d5aee5d2d,2021.10.13.14.40.14_veh-28_00131_00430,high_lateral_acceleration,83,1634136340249510,8cc7d4557bee5c6c,spatial_exit,kept,outside_frame
86d2e80d5aee5d2d,2021.10.13.14.40.14_veh-28_00131_00430,high_lateral_acceleration,88,1634136340499682,c2d889490ca0501a,observation_disappearance_unknown_cause,outside_frame,
86d2e80d5aee5d2d,2021.10.13.14.40.14_veh-28_00131_00430,high_lateral_acceleration,89,1634136340549715,69186f7ab9aa5067,spatial_entry,outside_frame,kept
86d2e80d5aee5d2d,2021.10.13.14.40.14_veh-28_00131_00430,high_lateral_acceleration,91,1634136340649766,c545a46128fb5c05,observation_disappearance_unknown_cause,kept,
86d2e80d5aee5d2d,2021.10.13.14.40.14_veh-28_00131_00430,high_lateral_acceleration,92,1634136340699781,03e4bbf14c515f3e,observation_disappearance_unknown_cause,raw_drivable_area_exclusion,
7ac08b7c991e5b91,2021.07.24.00.36.59_veh-47_05600_06769,on_pickup_dropoff,1,1627092766300296,97fb7528c22d5073,spatial_exit,kept,outside_frame
7ac08b7c991e5b91,2021.07.24.00.36.59_veh-47_05600_06769,on_pickup_dropoff,1,1627092766300296,b7f236783a6b51da,observation_appearance_censored,,outside_frame
7ac08b7c991e5b91,2021.07.24.00.36.59_veh-47_05600_06769,on_pickup_dropoff,2,1627092766350275,00e9c74cc4855113,observation_appearance_censored,,outside_frame
7ac08b7c991e5b91,2021.07.24.00.36.59_veh-47_05600_06769,on_pickup_dropoff,2,1627092766350275,4e0eef3e5a645dfa,observation_disappearance_unknown_cause,cap_excluded,
7ac08b7c991e5b91,2021.07.24.00.36.59_veh-47_05600_06769,on_pickup_dropoff,2,1627092766350275,543e739178625ba7,observation_appearance_censored,,outside_frame
7ac08b7c991e5b91,2021.07.24.00.36.59_veh-47_05600_06769,on_pickup_dropoff,2,1627092766350275,6e737b5189e65c40,observation_appearance_censored,,outside_frame
7ac08b7c991e5b91,2021.07.24.00.36.59_veh-47_05600_06769,on_pickup_dropoff,2,1627092766350275,8374d4f3803453ca,observation_appearance_censored,,outside_frame
7ac08b7c991e5b91,2021.07.24.00.36.59_veh-47_05600_06769,on_pickup_dropoff,2,1627092766350275,c6fba7a7adc35921,observation_appearance_censored,,outside_frame
7ac08b7c991e5b91,2021.07.24.00.36.59_veh-47_05600_06769,on_pickup_dropoff,3,1627092766400247,b60cbb8e0a825846,spatial_exit,kept,outside_frame
7ac08b7c991e5b91,2021.07.24.00.36.59_veh-47_05600_06769,on_pickup_dropoff,4,1627092766450216,87dbbfb3d53b556b,observation_appearance_censored,,outside_frame
7ac08b7c991e5b91,2021.07.24.00.36.59_veh-47_05600_06769,on_pickup_dropoff,4,1627092766450216,b962d5b161ba5a3d,observation_appearance_censored,,outside_frame
7ac08b7c991e5b91,2021.07.24.00.36.59_veh-47_05600_06769,on_pickup_dropoff,4,1627092766450216,d96872ac84ec5190,observation_disappearance_unknown_cause,outside_frame,
7ac08b7c991e5b91,2021.07.24.00.36.59_veh-47_05600_06769,on_pickup_dropoff,5,1627092766500183,2cfe9791f09e584d,observation_appearance_censored,,outside_frame
7ac08b7c991e5b91,2021.07.24.00.36.59_veh-47_05600_06769,on_pickup_dropoff,5,1627092766500183,52c1f16507245e01,observation_disappearance_unknown_cause,outside_frame,
7ac08b7c991e5b91,2021.07.24.00.36.59_veh-47_05600_06769,on_pickup_dropoff,5,1627092766500183,881d05074a095240,observation_appearance_censored,,outside_frame
7ac08b7c991e5b91,2021.07.24.00.36.59_veh-47_05600_06769,on_pickup_dropoff,5,1627092766500183,a92f925fc6b55536,observation_appearance_censored,,outside_frame
7ac08b7c991e5b91,2021.07.24.00.36.59_veh-47_05600_06769,on_pickup_dropoff,5,1627092766500183,d1aea2be0a6a5a5f,observation_appearance_censored,,outside_frame
7ac08b7c991e5b91,2021.07.24.00.36.59_veh-47_05600_06769,on_pickup_dropoff,6,1627092766550152,ce41baf47f3452f4,spatial_exit,cap_excluded,outside_frame
7ac08b7c991e5b91,2021.07.24.00.36.59_veh-47_05600_06769,on_pickup_dropoff,7,1627092766600120,4f81752ec7ea5bcd,spatial_entry,outside_frame,kept
7ac08b7c991e5b91,2021.07.24.00.36.59_veh-47_05600_06769,on_pickup_dropoff,8,1627092766650088,4979f53c6dd85e74,spatial_entry,outside_frame,kept
7ac08b7c991e5b91,2021.07.24.00.36.59_veh-47_05600_06769,on_pickup_dropoff,8,1627092766650088,61ee3a7b463e5c80,capacity_readmission,cap_excluded,kept
7ac08b7c991e5b91,2021.07.24.00.36.59_veh-47_05600_06769,on_pickup_dropoff,8,1627092766650088,8bd6a0efb0b057cc,spatial_exit,cap_excluded,outside_frame
7ac08b7c991e5b91,2021.07.24.00.36.59_veh-47_05600_06769,on_pickup_dropoff,8,1627092766650088,bb7c1bd9fdb65be7,capacity_exclusion,kept,cap_excluded
7ac08b7c991e5b91,2021.07.24.00.36.59_veh-47_05600_06769,on_pickup_dropoff,8,1627092766650088,c6850aa4ab2e523a,observation_disappearance_unknown_cause,outside_frame,
7ac08b7c991e5b91,2021.07.24.00.36.59_veh-47_05600_06769,on_pickup_dropoff,8,1627092766650088,d715f72f9ef85bd8,observation_appearance_censored,,outside_frame
7ac08b7c991e5b91,2021.07.24.00.36.59_veh-47_05600_06769,on_pickup_dropoff,9,1627092766700055,336bb29351355aea,spatial_exit,kept,outside_frame
7ac08b7c991e5b91,2021.07.24.00.36.59_veh-47_05600_06769,on_pickup_dropoff,9,1627092766700055,e3f3d4b0a46158dd,observation_appearance_censored,,outside_frame
7ac08b7c991e5b91,2021.07.24.00.36.59_veh-47_05600_06769,on_pickup_dropoff,10,1627092766750022,874969f567895c06,observation_appearance_censored,,outside_frame
7ac08b7c991e5b91,2021.07.24.00.36.59_veh-47_05600_06769,on_pickup_dropoff,11,1627092766799990,00804a1ef24e5778,observation_appearance_censored,,outside_frame
7ac08b7c991e5b91,2021.07.24.00.36.59_veh-47_05600_06769,on_pickup_dropoff,11,1627092766799990,00d55f4cf6a75f99,observation_disappearance_unknown_cause,cap_excluded,
7ac08b7c991e5b91,2021.07.24.00.36.59_veh-47_05600_06769,on_pickup_dropoff,11,1627092766799990,57635cc159015ccf,observation_appearance_censored,,outside_frame
7ac08b7c991e5b91,2021.07.24.00.36.59_veh-47_05600_06769,on_pickup_dropoff,11,1627092766799990,af4dd8574d695d16,observation_appearance_censored,,cap_excluded
7ac08b7c991e5b91,2021.07.24.00.36.59_veh-47_05600_06769,on_pickup_dropoff,11,1627092766799990,e5fcbfbc97345b5b,observation_appearance_censored,,outside_frame
7ac08b7c991e5b91,2021.07.24.00.36.59_veh-47_05600_06769,on_pickup_dropoff,12,1627092766849956,2d9fcbf8c0e3505b,observation_appearance_censored,,outside_frame
7ac08b7c991e5b91,2021.07.24.00.36.59_veh-47_05600_06769,on_pickup_dropoff,12,1627092766849956,61dd812985de5b16,observation_disappearance_unknown_cause,outside_frame,
7ac08b7c991e5b91,2021.07.24.00.36.59_veh-47_05600_06769,on_pickup_dropoff,14,1627092766949893,0b620e77444850a3,observation_appearance_censored,,outside_frame
7ac08b7c991e5b91,2021.07.24.00.36.59_veh-47_05600_06769,on_pickup_dropoff,14,1627092766949893,837450f96e8b5584,observation_appearance_censored,,outside_frame
7ac08b7c991e5b91,2021.07.24.00.36.59_veh-47_05600_06769,on_pickup_dropoff,14,1627092766949893,af4dd8574d695d16,spatial_exit,cap_excluded,outside_frame
7ac08b7c991e5b91,2021.07.24.00.36.59_veh-47_05600_06769,on_pickup_dropoff,14,1627092766949893,c9077f47fec3579e,observation_appearance_censored,,outside_frame
7ac08b7c991e5b91,2021.07.24.00.36.59_veh-47_05600_06769,on_pickup_dropoff,14,1627092766949893,cabbbe480f91559b,spatial_exit,cap_excluded,outside_frame
7ac08b7c991e5b91,2021.07.24.00.36.59_veh-47_05600_06769,on_pickup_dropoff,14,1627092766949893,cbee8f2a0b0f5a2c,spatial_exit,kept,outside_frame
7ac08b7c991e5b91,2021.07.24.00.36.59_veh-47_05600_06769,on_pickup_dropoff,15,1627092766999869,459d2565a5ea5231,observation_appearance_censored,,outside_frame
7ac08b7c991e5b91,2021.07.24.00.36.59_veh-47_05600_06769,on_pickup_dropoff,15,1627092766999869,eb46f2aa810d5586,observation_appearance_censored,,outside_frame
7ac08b7c991e5b91,2021.07.24.00.36.59_veh-47_05600_06769,on_pickup_dropoff,16,1627092767049854,126833060ca05282,observation_disappearance_unknown_cause,outside_frame,
7ac08b7c991e5b91,2021.07.24.00.36.59_veh-47_05600_06769,on_pickup_dropoff,16,1627092767049854,a5f004d517a1536e,observation_appearance_censored,,outside_frame
7ac08b7c991e5b91,2021.07.24.00.36.59_veh-47_05600_06769,on_pickup_dropoff,17,1627092767099841,85d9608e926451b8,observation_appearance_censored,,outside_frame
7ac08b7c991e5b91,2021.07.24.00.36.59_veh-47_05600_06769,on_pickup_dropoff,17,1627092767099841,874969f567895c06,observation_disappearance_unknown_cause,outside_frame,
7ac08b7c991e5b91,2021.07.24.00.36.59_veh-47_05600_06769,on_pickup_dropoff,18,1627092767149831,174b0e56b1ba5fca,observation_appearance_censored,,outside_frame
7ac08b7c991e5b91,2021.07.24.00.36.59_veh-47_05600_06769,on_pickup_dropoff,18,1627092767149831,7f9b1cf22f785896,observation_appearance_censored,,outside_frame
7ac08b7c991e5b91,2021.07.24.00.36.59_veh-47_05600_06769,on_pickup_dropoff,18,1627092767149831,8d08850fb44756f9,observation_appearance_censored,,outside_frame
7ac08b7c991e5b91,2021.07.24.00.36.59_veh-47_05600_06769,on_pickup_dropoff,18,1627092767149831,8d85fc4a17325d7f,observation_appearance_censored,,outside_frame
7ac08b7c991e5b91,2021.07.24.00.36.59_veh-47_05600_06769,on_pickup_dropoff,19,1627092767199822,ea282987a9715ea0,spatial_entry,outside_frame,cap_excluded
7ac08b7c991e5b91,2021.07.24.00.36.59_veh-47_05600_06769,on_pickup_dropoff,20,1627092767249812,2cadd8d1c76952e4,observation_appearance_censored,,outside_frame
7ac08b7c991e5b91,2021.07.24.00.36.59_veh-47_05600_06769,on_pickup_dropoff,20,1627092767249812,ea282987a9715ea0,observation_disappearance_unknown_cause,cap_excluded,
7ac08b7c991e5b91,2021.07.24.00.36.59_veh-47_05600_06769,on_pickup_dropoff,21,1627092767299802,b014fa03a03b578d,observation_appearance_censored,,outside_frame
7ac08b7c991e5b91,2021.07.24.00.36.59_veh-47_05600_06769,on_pickup_dropoff,21,1627092767299802,b7f236783a6b51da,spatial_entry,outside_frame,kept
7ac08b7c991e5b91,2021.07.24.00.36.59_veh-47_05600_06769,on_pickup_dropoff,22,1627092767349790,239f6945b2c25fef,observation_disappearance_unknown_cause,cap_excluded,
7ac08b7c991e5b91,2021.07.24.00.36.59_veh-47_05600_06769,on_pickup_dropoff,22,1627092767349790,9b3aa709922d55d5,observation_appearance_censored,,outside_frame
7ac08b7c991e5b91,2021.07.24.00.36.59_veh-47_05600_06769,on_pickup_dropoff,22,1627092767349790,ae259c982cad5680,observation_disappearance_unknown_cause,cap_excluded,
7ac08b7c991e5b91,2021.07.24.00.36.59_veh-47_05600_06769,on_pickup_dropoff,23,1627092767399778,01450129adba580b,observation_appearance_censored,,outside_frame
7ac08b7c991e5b91,2021.07.24.00.36.59_veh-47_05600_06769,on_pickup_dropoff,23,1627092767399778,0b170e33b6665b9a,spatial_entry,outside_frame,cap_excluded
7ac08b7c991e5b91,2021.07.24.00.36.59_veh-47_05600_06769,on_pickup_dropoff,23,1627092767399778,284bc777f9d45c23,observation_appearance_censored,,outside_frame
7ac08b7c991e5b91,2021.07.24.00.36.59_veh-47_05600_06769,on_pickup_dropoff,23,1627092767399778,fc1b786ca37757e1,spatial_exit,kept,outside_frame
7ac08b7c991e5b91,2021.07.24.00.36.59_veh-47_05600_06769,on_pickup_dropoff,24,1627092767449767,175290ecb5785c7d,observation_appearance_censored,,outside_frame
7ac08b7c991e5b91,2021.07.24.00.36.59_veh-47_05600_06769,on_pickup_dropoff,24,1627092767449767,f62fdced17e25182,observation_appearance_censored,,outside_frame
7ac08b7c991e5b91,2021.07.24.00.36.59_veh-47_05600_06769,on_pickup_dropoff,26,1627092767549756,31d7b47040ca56ef,observation_appearance_censored,,outside_frame
7ac08b7c991e5b91,2021.07.24.00.36.59_veh-47_05600_06769,on_pickup_dropoff,26,1627092767549756,430213f1d5385476,spatial_exit,cap_excluded,outside_frame
7ac08b7c991e5b91,2021.07.24.00.36.59_veh-47_05600_06769,on_pickup_dropoff,26,1627092767549756,87dbbfb3d53b556b,observation_disappearance_unknown_cause,outside_frame,
7ac08b7c991e5b91,2021.07.24.00.36.59_veh-47_05600_06769,on_pickup_dropoff,27,1627092767599751,01450129adba580b,spatial_entry,outside_frame,cap_excluded
7ac08b7c991e5b91,2021.07.24.00.36.59_veh-47_05600_06769,on_pickup_dropoff,27,1627092767599751,321ea9bcd0a25ffb,observation_appearance_censored,,outside_frame
7ac08b7c991e5b91,2021.07.24.00.36.59_veh-47_05600_06769,on_pickup_dropoff,27,1627092767599751,38f7996476775911,spatial_exit,cap_excluded,outside_frame
7ac08b7c991e5b91,2021.07.24.00.36.59_veh-47_05600_06769,on_pickup_dropoff,27,1627092767599751,691e8f0f7f825c82,spatial_exit,cap_excluded,outside_frame
7ac08b7c991e5b91,2021.07.24.00.36.59_veh-47_05600_06769,on_pickup_dropoff,27,1627092767599751,b7e654c7dff157e1,observation_appearance_censored,,outside_frame
7ac08b7c991e5b91,2021.07.24.00.36.59_veh-47_05600_06769,on_pickup_dropoff,27,1627092767599751,d6210db472485f7a,observation_appearance_censored,,outside_frame
7ac08b7c991e5b91,2021.07.24.00.36.59_veh-47_05600_06769,on_pickup_dropoff,28,1627092767649746,98353f35e602543a,observation_appearance_censored,,outside_frame
7ac08b7c991e5b91,2021.07.24.00.36.59_veh-47_05600_06769,on_pickup_dropoff,28,1627092767649746,a22ad843b40e523d,observation_appearance_censored,,outside_frame
7ac08b7c991e5b91,2021.07.24.00.36.59_veh-47_05600_06769,on_pickup_dropoff,29,1627092767699742,0609576b837a58f5,observation_disappearance_unknown_cause,kept,
7ac08b7c991e5b91,2021.07.24.00.36.59_veh-47_05600_06769,on_pickup_dropoff,29,1627092767699742,09ec92ceec0253a3,observation_appearance_censored,,outside_frame
7ac08b7c991e5b91,2021.07.24.00.36.59_veh-47_05600_06769,on_pickup_dropoff,29,1627092767699742,2d5cf9f37cbd5b73,capacity_readmission,cap_excluded,kept
7ac08b7c991e5b91,2021.07.24.00.36.59_veh-47_05600_06769,on_pickup_dropoff,29,1627092767699742,46aa03c27fc75e96,observation_disappearance_unknown_cause,kept,
7ac08b7c991e5b91,2021.07.24.00.36.59_veh-47_05600_06769,on_pickup_dropoff,29,1627092767699742,96adb305fab15761,observation_appearance_censored,,outside_frame
7ac08b7c991e5b91,2021.07.24.00.36.59_veh-47_05600_06769,on_pickup_dropoff,30,1627092767749737,1983c7bcbbc45f21,observation_disappearance_unknown_cause,outside_frame,
7ac08b7c991e5b91,2021.07.24.00.36.59_veh-47_05600_06769,on_pickup_dropoff,30,1627092767749737,6ad6fc349a405fb1,observation_appearance_censored,,outside_frame
7ac08b7c991e5b91,2021.07.24.00.36.59_veh-47_05600_06769,on_pickup_dropoff,30,1627092767749737,bb0b86fbb0a65952,observation_appearance_censored,,outside_frame
7ac08b7c991e5b91,2021.07.24.00.36.59_veh-47_05600_06769,on_pickup_dropoff,30,1627092767749737,c89747f66e8f533e,observation_appearance_censored,,outside_frame
7ac08b7c991e5b91,2021.07.24.00.36.59_veh-47_05600_06769,on_pickup_dropoff,30,1627092767749737,f882d819ae0058a6,observation_appearance_censored,,outside_frame
7ac08b7c991e5b91,2021.07.24.00.36.59_veh-47_05600_06769,on_pickup_dropoff,31,1627092767799732,05d5032928c258c7,observation_disappearance_unknown_cause,cap_excluded,
7ac08b7c991e5b91,2021.07.24.00.36.59_veh-47_05600_06769,on_pickup_dropoff,31,1627092767799732,1c3d044b960b5372,spatial_entry,outside_frame,kept
7ac08b7c991e5b91,2021.07.24.00.36.59_veh-47_05600_06769,on_pickup_dropoff,31,1627092767799732,26060db836d35783,observation_appearance_censored,,outside_frame
7ac08b7c991e5b91,2021.07.24.00.36.59_veh-47_05600_06769,on_pickup_dropoff,31,1627092767799732,5d47c43e0d91545f,observation_appearance_censored,,outside_frame
7ac08b7c991e5b91,2021.07.24.00.36.59_veh-47_05600_06769,on_pickup_dropoff,31,1627092767799732,72244948c0115c2f,observation_appearance_censored,,outside_frame
7ac08b7c991e5b91,2021.07.24.00.36.59_veh-47_05600_06769,on_pickup_dropoff,32,1627092767849727,eb46f2aa810d5586,spatial_entry,outside_frame,cap_excluded
7ac08b7c991e5b91,2021.07.24.00.36.59_veh-47_05600_06769,on_pickup_dropoff,32,1627092767849727,f34a54faa68d5aa5,observation_disappearance_unknown_cause,cap_excluded,
7ac08b7c991e5b91,2021.07.24.00.36.59_veh-47_05600_06769,on_pickup_dropoff,32,1627092767849727,fc1b786ca37757e1,observation_disappearance_unknown_cause,outside_frame,
7ac08b7c991e5b91,2021.07.24.00.36.59_veh-47_05600_06769,on_pickup_dropoff,33,1627092767899720,1eef908f773f5547,observation_appearance_censored,,outside_frame
7ac08b7c991e5b91,2021.07.24.00.36.59_veh-47_05600_06769,on_pickup_dropoff,34,1627092767949712,2775a52708eb5cec,observation_appearance_censored,,outside_frame
7ac08b7c991e5b91,2021.07.24.00.36.59_veh-47_05600_06769,on_pickup_dropoff,34,1627092767949712,4799a7e33ffb54f2,capacity_exclusion,kept,cap_excluded
7ac08b7c991e5b91,2021.07.24.00.36.59_veh-47_05600_06769,on_pickup_dropoff,34,1627092767949712,cc42edd9678c5e7a,observation_appearance_censored,,outside_frame
7ac08b7c991e5b91,2021.07.24.00.36.59_veh-47_05600_06769,on_pickup_dropoff,34,1627092767949712,d261a8d642945b05,capacity_readmission,cap_excluded,kept
7ac08b7c991e5b91,2021.07.24.00.36.59_veh-47_05600_06769,on_pickup_dropoff,34,1627092767949712,f705d4abcf1c5865,observation_appearance_censored,,outside_frame
7ac08b7c991e5b91,2021.07.24.00.36.59_veh-47_05600_06769,on_pickup_dropoff,35,1627092767999705,6c8dfb8f7d4950c6,observation_appearance_censored,,outside_frame
7ac08b7c991e5b91,2021.07.24.00.36.59_veh-47_05600_06769,on_pickup_dropoff,35,1627092767999705,88372a0e8aed504e,spatial_entry,outside_frame,cap_excluded
7ac08b7c991e5b91,2021.07.24.00.36.59_veh-47_05600_06769,on_pickup_dropoff,36,1627092768049698,1aa07aa39bab5e1b,spatial_entry,outside_frame,kept
7ac08b7c991e5b91,2021.07.24.00.36.59_veh-47_05600_06769,on_pickup_dropoff,36,1627092768049698,405eea882292521d,observation_appearance_censored,,outside_frame
7ac08b7c991e5b91,2021.07.24.00.36.59_veh-47_05600_06769,on_pickup_dropoff,36,1627092768049698,933bc45d584b522c,observation_disappearance_unknown_cause,cap_excluded,
7ac08b7c991e5b91,2021.07.24.00.36.59_veh-47_05600_06769,on_pickup_dropoff,37,1627092768099692,315c111d44995474,observation_appearance_censored,,outside_frame
7ac08b7c991e5b91,2021.07.24.00.36.59_veh-47_05600_06769,on_pickup_dropoff,37,1627092768099692,fcb5a42483145430,observation_appearance_censored,,outside_frame
7ac08b7c991e5b91,2021.07.24.00.36.59_veh-47_05600_06769,on_pickup_dropoff,38,1627092768149687,7783fbf944015896,observation_appearance_censored,,outside_frame
7ac08b7c991e5b91,2021.07.24.00.36.59_veh-47_05600_06769,on_pickup_dropoff,38,1627092768149687,9c4ca74774225046,observation_appearance_censored,,outside_frame
7ac08b7c991e5b91,2021.07.24.00.36.59_veh-47_05600_06769,on_pickup_dropoff,38,1627092768149687,a22eea4ed6f3534e,observation_appearance_censored,,outside_frame
7ac08b7c991e5b91,2021.07.24.00.36.59_veh-47_05600_06769,on_pickup_dropoff,39,1627092768199682,6bf1e7e139cb5155,observation_appearance_censored,,outside_frame
7ac08b7c991e5b91,2021.07.24.00.36.59_veh-47_05600_06769,on_pickup_dropoff,39,1627092768199682,7e4f436f56aa5917,observation_appearance_censored,,outside_frame
7ac08b7c991e5b91,2021.07.24.00.36.59_veh-47_05600_06769,on_pickup_dropoff,39,1627092768199682,83fab1e7c2725a86,observation_appearance_censored,,outside_frame
7ac08b7c991e5b91,2021.07.24.00.36.59_veh-47_05600_06769,on_pickup_dropoff,39,1627092768199682,8bd6a0efb0b057cc,spatial_entry,outside_frame,cap_excluded
7ac08b7c991e5b91,2021.07.24.00.36.59_veh-47_05600_06769,on_pickup_dropoff,39,1627092768199682,a5e6903c65955eb5,observation_appearance_censored,,outside_frame
7ac08b7c991e5b91,2021.07.24.00.36.59_veh-47_05600_06769,on_pickup_dropoff,39,1627092768199682,a719dbf91a1857d7,observation_appearance_censored,,outside_frame
7ac08b7c991e5b91,2021.07.24.00.36.59_veh-47_05600_06769,on_pickup_dropoff,40,1627092768249678,0dcf39f891575a69,observation_appearance_censored,,outside_frame
7ac08b7c991e5b91,2021.07.24.00.36.59_veh-47_05600_06769,on_pickup_dropoff,40,1627092768249678,50d8558a656e58de,observation_appearance_censored,,outside_frame
7ac08b7c991e5b91,2021.07.24.00.36.59_veh-47_05600_06769,on_pickup_dropoff,40,1627092768249678,9ed69c2094415f54,observation_appearance_censored,,outside_frame
7ac08b7c991e5b91,2021.07.24.00.36.59_veh-47_05600_06769,on_pickup_dropoff,40,1627092768249678,efae46c2d816559c,observation_appearance_censored,,outside_frame
7ac08b7c991e5b91,2021.07.24.00.36.59_veh-47_05600_06769,on_pickup_dropoff,41,1627092768299672,38da4cf8bff35f8d,observation_appearance_censored,,outside_frame
7ac08b7c991e5b91,2021.07.24.00.36.59_veh-47_05600_06769,on_pickup_dropoff,41,1627092768299672,6fea425650b9592e,observation_appearance_censored,,outside_frame
7ac08b7c991e5b91,2021.07.24.00.36.59_veh-47_05600_06769,on_pickup_dropoff,41,1627092768299672,ae16fb2ef4aa5b59,observation_appearance_censored,,outside_frame
7ac08b7c991e5b91,2021.07.24.00.36.59_veh-47_05600_06769,on_pickup_dropoff,41,1627092768299672,c78db22bfc02569d,observation_appearance_censored,,outside_frame
7ac08b7c991e5b91,2021.07.24.00.36.59_veh-47_05600_06769,on_pickup_dropoff,42,1627092768349662,468fe24a0ca25983,observation_appearance_censored,,outside_frame
7ac08b7c991e5b91,2021.07.24.00.36.59_veh-47_05600_06769,on_pickup_dropoff,42,1627092768349662,4901bdfe8d6059a0,observation_disappearance_unknown_cause,outside_frame,
7ac08b7c991e5b91,2021.07.24.00.36.59_veh-47_05600_06769,on_pickup_dropoff,42,1627092768349662,5ff0d8bc9cc850f1,capacity_readmission,cap_excluded,kept
7ac08b7c991e5b91,2021.07.24.00.36.59_veh-47_05600_06769,on_pickup_dropoff,42,1627092768349662,99e99458b6f35ce4,observation_appearance_censored,,outside_frame
7ac08b7c991e5b91,2021.07.24.00.36.59_veh-47_05600_06769,on_pickup_dropoff,42,1627092768349662,c37af4544cc557b6,observation_disappearance_unknown_cause,kept,
7ac08b7c991e5b91,2021.07.24.00.36.59_veh-47_05600_06769,on_pickup_dropoff,42,1627092768349662,f8e02513a5c458ed,observation_appearance_censored,,outside_frame
7ac08b7c991e5b91,2021.07.24.00.36.59_veh-47_05600_06769,on_pickup_dropoff,43,1627092768399652,6417b9892f395ec1,observation_appearance_censored,,outside_frame
7ac08b7c991e5b91,2021.07.24.00.36.59_veh-47_05600_06769,on_pickup_dropoff,43,1627092768399652,87a4976252905cd4,observation_appearance_censored,,outside_frame
7ac08b7c991e5b91,2021.07.24.00.36.59_veh-47_05600_06769,on_pickup_dropoff,43,1627092768399652,eaf0447e0afb5807,observation_appearance_censored,,outside_frame
7ac08b7c991e5b91,2021.07.24.00.36.59_veh-47_05600_06769,on_pickup_dropoff,44,1627092768449640,035f128bb19d579b,observation_appearance_censored,,outside_frame
7ac08b7c991e5b91,2021.07.24.00.36.59_veh-47_05600_06769,on_pickup_dropoff,44,1627092768449640,843e1a1ff3f45623,observation_appearance_censored,,outside_frame
7ac08b7c991e5b91,2021.07.24.00.36.59_veh-47_05600_06769,on_pickup_dropoff,45,1627092768499632,273f2d0d14545299,observation_appearance_censored,,outside_frame
7ac08b7c991e5b91,2021.07.24.00.36.59_veh-47_05600_06769,on_pickup_dropoff,45,1627092768499632,313e93cdaff35fa8,observation_appearance_censored,,outside_frame
7ac08b7c991e5b91,2021.07.24.00.36.59_veh-47_05600_06769,on_pickup_dropoff,45,1627092768499632,771ef981aa7f5fe3,observation_appearance_censored,,outside_frame
7ac08b7c991e5b91,2021.07.24.00.36.59_veh-47_05600_06769,on_pickup_dropoff,45,1627092768499632,9d6df1c854fc5217,observation_appearance_censored,,outside_frame
7ac08b7c991e5b91,2021.07.24.00.36.59_veh-47_05600_06769,on_pickup_dropoff,45,1627092768499632,a017edac368456a2,spatial_entry,outside_frame,cap_excluded
7ac08b7c991e5b91,2021.07.24.00.36.59_veh-47_05600_06769,on_pickup_dropoff,45,1627092768499632,b9c9af810a5e5ef6,observation_appearance_censored,,outside_frame
7ac08b7c991e5b91,2021.07.24.00.36.59_veh-47_05600_06769,on_pickup_dropoff,45,1627092768499632,d789ad3982af56b1,spatial_exit,cap_excluded,outside_frame
7ac08b7c991e5b91,2021.07.24.00.36.59_veh-47_05600_06769,on_pickup_dropoff,46,1627092768549627,3bc2999b0fe25130,capacity_exclusion,kept,cap_excluded
7ac08b7c991e5b91,2021.07.24.00.36.59_veh-47_05600_06769,on_pickup_dropoff,46,1627092768549627,7d7474e5e9d45ab6,capacity_readmission,cap_excluded,kept
7ac08b7c991e5b91,2021.07.24.00.36.59_veh-47_05600_06769,on_pickup_dropoff,46,1627092768549627,9a0eec565d165820,observation_disappearance_unknown_cause,cap_excluded,
7ac08b7c991e5b91,2021.07.24.00.36.59_veh-47_05600_06769,on_pickup_dropoff,46,1627092768549627,b5f90297785c576e,observation_appearance_censored,,outside_frame
7ac08b7c991e5b91,2021.07.24.00.36.59_veh-47_05600_06769,on_pickup_dropoff,46,1627092768549627,fad6337287915bc8,observation_appearance_censored,,outside_frame
7ac08b7c991e5b91,2021.07.24.00.36.59_veh-47_05600_06769,on_pickup_dropoff,47,1627092768599630,92e9d24c1ef255fa,observation_appearance_censored,,outside_frame
7ac08b7c991e5b91,2021.07.24.00.36.59_veh-47_05600_06769,on_pickup_dropoff,47,1627092768599630,99e99458b6f35ce4,observation_disappearance_unknown_cause,outside_frame,
7ac08b7c991e5b91,2021.07.24.00.36.59_veh-47_05600_06769,on_pickup_dropoff,47,1627092768599630,cb316228ddb65ca7,spatial_entry,outside_frame,cap_excluded
7ac08b7c991e5b91,2021.07.24.00.36.59_veh-47_05600_06769,on_pickup_dropoff,47,1627092768599630,d35a63d677d8538e,observation_appearance_censored,,outside_frame
7ac08b7c991e5b91,2021.07.24.00.36.59_veh-47_05600_06769,on_pickup_dropoff,49,1627092768699660,4748c6b0b69c54df,observation_appearance_censored,,outside_frame
7ac08b7c991e5b91,2021.07.24.00.36.59_veh-47_05600_06769,on_pickup_dropoff,49,1627092768699660,fc62e9d21e1e5b06,spatial_entry,outside_frame,kept
7ac08b7c991e5b91,2021.07.24.00.36.59_veh-47_05600_06769,on_pickup_dropoff,50,1627092768749684,10d95ce2ec3553e2,observation_appearance_censored,,outside_frame
7ac08b7c991e5b91,2021.07.24.00.36.59_veh-47_05600_06769,on_pickup_dropoff,50,1627092768749684,6417b9892f395ec1,observation_disappearance_unknown_cause,outside_frame,
7ac08b7c991e5b91,2021.07.24.00.36.59_veh-47_05600_06769,on_pickup_dropoff,50,1627092768749684,881d05074a095240,observation_disappearance_unknown_cause,outside_frame,
7ac08b7c991e5b91,2021.07.24.00.36.59_veh-47_05600_06769,on_pickup_dropoff,50,1627092768749684,a22ad843b40e523d,observation_disappearance_unknown_cause,outside_frame,
7ac08b7c991e5b91,2021.07.24.00.36.59_veh-47_05600_06769,on_pickup_dropoff,50,1627092768749684,bac7ba87363d59c2,observation_appearance_censored,,outside_frame
7ac08b7c991e5b91,2021.07.24.00.36.59_veh-47_05600_06769,on_pickup_dropoff,50,1627092768749684,dfc16929167451fc,observation_appearance_censored,,outside_frame
7ac08b7c991e5b91,2021.07.24.00.36.59_veh-47_05600_06769,on_pickup_dropoff,50,1627092768749684,e816e3a3b94c57f9,observation_appearance_censored,,outside_frame
7ac08b7c991e5b91,2021.07.24.00.36.59_veh-47_05600_06769,on_pickup_dropoff,50,1627092768749684,f27abd5e2daa5254,observation_appearance_censored,,outside_frame
7ac08b7c991e5b91,2021.07.24.00.36.59_veh-47_05600_06769,on_pickup_dropoff,51,1627092768799710,02005b03c2375e40,capacity_readmission,cap_excluded,kept
7ac08b7c991e5b91,2021.07.24.00.36.59_veh-47_05600_06769,on_pickup_dropoff,51,1627092768799710,1eef908f773f5547,spatial_entry,outside_frame,cap_excluded
7ac08b7c991e5b91,2021.07.24.00.36.59_veh-47_05600_06769,on_pickup_dropoff,51,1627092768799710,4241c860eaf751af,spatial_entry,outside_frame,cap_excluded
7ac08b7c991e5b91,2021.07.24.00.36.59_veh-47_05600_06769,on_pickup_dropoff,51,1627092768799710,48a67a910bb95249,observation_appearance_censored,,kept
7ac08b7c991e5b91,2021.07.24.00.36.59_veh-47_05600_06769,on_pickup_dropoff,51,1627092768799710,a5e6903c65955eb5,observation_disappearance_unknown_cause,outside_frame,
7ac08b7c991e5b91,2021.07.24.00.36.59_veh-47_05600_06769,on_pickup_dropoff,51,1627092768799710,f8e02513a5c458ed,observation_disappearance_unknown_cause,outside_frame,
7ac08b7c991e5b91,2021.07.24.00.36.59_veh-47_05600_06769,on_pickup_dropoff,51,1627092768799710,f9274c8599d75ce9,capacity_exclusion,kept,cap_excluded
7ac08b7c991e5b91,2021.07.24.00.36.59_veh-47_05600_06769,on_pickup_dropoff,52,1627092768849739,2775a52708eb5cec,observation_disappearance_unknown_cause,outside_frame,
7ac08b7c991e5b91,2021.07.24.00.36.59_veh-47_05600_06769,on_pickup_dropoff,52,1627092768849739,7e4f436f56aa5917,observation_disappearance_unknown_cause,outside_frame,
7ac08b7c991e5b91,2021.07.24.00.36.59_veh-47_05600_06769,on_pickup_dropoff,52,1627092768849739,7f9b1cf22f785896,observation_disappearance_unknown_cause,outside_frame,
7ac08b7c991e5b91,2021.07.24.00.36.59_veh-47_05600_06769,on_pickup_dropoff,52,1627092768849739,9a2486090f5b58cd,observation_appearance_censored,,outside_frame
7ac08b7c991e5b91,2021.07.24.00.36.59_veh-47_05600_06769,on_pickup_dropoff,52,1627092768849739,ac19b85955355d7b,observation_appearance_censored,,outside_frame
7ac08b7c991e5b91,2021.07.24.00.36.59_veh-47_05600_06769,on_pickup_dropoff,52,1627092768849739,c8d2e0cd36d554b1,observation_disappearance_unknown_cause,outside_frame,
7ac08b7c991e5b91,2021.07.24.00.36.59_veh-47_05600_06769,on_pickup_dropoff,52,1627092768849739,f2fa181b5dc95c00,spatial_entry,outside_frame,cap_excluded
7ac08b7c991e5b91,2021.07.24.00.36.59_veh-47_05600_06769,on_pickup_dropoff,53,1627092768899765,100ed788553757e0,observation_appearance_censored,,outside_frame
7ac08b7c991e5b91,2021.07.24.00.36.59_veh-47_05600_06769,on_pickup_dropoff,53,1627092768899765,272f6107bee75cd2,observation_appearance_censored,,outside_frame
7ac08b7c991e5b91,2021.07.24.00.36.59_veh-47_05600_06769,on_pickup_dropoff,53,1627092768899765,2f2ef8ac485d500d,observation_appearance_censored,,outside_frame
7ac08b7c991e5b91,2021.07.24.00.36.59_veh-47_05600_06769,on_pickup_dropoff,53,1627092768899765,93da8e6c8b05563e,spatial_entry,outside_frame,cap_excluded
7ac08b7c991e5b91,2021.07.24.00.36.59_veh-47_05600_06769,on_pickup_dropoff,53,1627092768899765,d879099436f35cfc,spatial_entry,outside_frame,cap_excluded
7ac08b7c991e5b91,2021.07.24.00.36.59_veh-47_05600_06769,on_pickup_dropoff,53,1627092768899765,efae46c2d816559c,observation_disappearance_unknown_cause,outside_frame,
7ac08b7c991e5b91,2021.07.24.00.36.59_veh-47_05600_06769,on_pickup_dropoff,54,1627092768949793,0f9537a4b0e05593,spatial_exit,cap_excluded,outside_frame
7ac08b7c991e5b91,2021.07.24.00.36.59_veh-47_05600_06769,on_pickup_dropoff,54,1627092768949793,199ef6f816f55014,observation_disappearance_unknown_cause,outside_frame,
7ac08b7c991e5b91,2021.07.24.00.36.59_veh-47_05600_06769,on_pickup_dropoff,54,1627092768949793,2b59ea323878520c,observation_appearance_censored,,outside_frame
7ac08b7c991e5b91,2021.07.24.00.36.59_veh-47_05600_06769,on_pickup_dropoff,54,1627092768949793,459d2565a5ea5231,spatial_entry,outside_frame,cap_excluded
7ac08b7c991e5b91,2021.07.24.00.36.59_veh-47_05600_06769,on_pickup_dropoff,54,1627092768949793,5078ff4e401b5c7f,spatial_entry,outside_frame,cap_excluded
7ac08b7c991e5b91,2021.07.24.00.36.59_veh-47_05600_06769,on_pickup_dropoff,54,1627092768949793,6e2119b579a25a2d,observation_appearance_censored,,outside_frame
7ac08b7c991e5b91,2021.07.24.00.36.59_veh-47_05600_06769,on_pickup_dropoff,54,1627092768949793,940e8f13961656ea,observation_appearance_censored,,outside_frame
7ac08b7c991e5b91,2021.07.24.00.36.59_veh-47_05600_06769,on_pickup_dropoff,54,1627092768949793,95eaa02bf0795587,spatial_entry,outside_frame,cap_excluded
7ac08b7c991e5b91,2021.07.24.00.36.59_veh-47_05600_06769,on_pickup_dropoff,54,1627092768949793,e4918bdd24335bd2,observation_appearance_censored,,outside_frame
7ac08b7c991e5b91,2021.07.24.00.36.59_veh-47_05600_06769,on_pickup_dropoff,55,1627092768999821,111aa304564d5dad,capacity_exclusion,kept,cap_excluded
7ac08b7c991e5b91,2021.07.24.00.36.59_veh-47_05600_06769,on_pickup_dropoff,55,1627092768999821,483bcb8fe2d65758,capacity_readmission,cap_excluded,kept
7ac08b7c991e5b91,2021.07.24.00.36.59_veh-47_05600_06769,on_pickup_dropoff,55,1627092768999821,6fea425650b9592e,observation_disappearance_unknown_cause,outside_frame,
7ac08b7c991e5b91,2021.07.24.00.36.59_veh-47_05600_06769,on_pickup_dropoff,55,1627092768999821,79a4750930fa52b6,observation_appearance_censored,,outside_frame
7ac08b7c991e5b91,2021.07.24.00.36.59_veh-47_05600_06769,on_pickup_dropoff,55,1627092768999821,821780316ffb5aa5,observation_appearance_censored,,kept
7ac08b7c991e5b91,2021.07.24.00.36.59_veh-47_05600_06769,on_pickup_dropoff,55,1627092768999821,b89c7c25f721544a,spatial_entry,outside_frame,cap_excluded
7ac08b7c991e5b91,2021.07.24.00.36.59_veh-47_05600_06769,on_pickup_dropoff,55,1627092768999821,d07894bb1b255428,observation_appearance_censored,,outside_frame
7ac08b7c991e5b91,2021.07.24.00.36.59_veh-47_05600_06769,on_pickup_dropoff,55,1627092768999821,f6eea145c5835b4d,spatial_exit,cap_excluded,outside_frame
7ac08b7c991e5b91,2021.07.24.00.36.59_veh-47_05600_06769,on_pickup_dropoff,56,1627092769049848,148952eec5d95e68,spatial_entry,outside_frame,cap_excluded
7ac08b7c991e5b91,2021.07.24.00.36.59_veh-47_05600_06769,on_pickup_dropoff,56,1627092769049848,821780316ffb5aa5,spatial_exit,kept,outside_frame
7ac08b7c991e5b91,2021.07.24.00.36.59_veh-47_05600_06769,on_pickup_dropoff,56,1627092769049848,9526e1f6402d5bc4,spatial_entry,outside_frame,cap_excluded
7ac08b7c991e5b91,2021.07.24.00.36.59_veh-47_05600_06769,on_pickup_dropoff,57,1627092769099876,1b56b0aec3c95414,observation_appearance_censored,,outside_frame
7ac08b7c991e5b91,2021.07.24.00.36.59_veh-47_05600_06769,on_pickup_dropoff,57,1627092769099876,b9c4b730ce555d23,spatial_entry,outside_frame,cap_excluded
7ac08b7c991e5b91,2021.07.24.00.36.59_veh-47_05600_06769,on_pickup_dropoff,57,1627092769099876,ff438ce8c5a05110,observation_appearance_censored,,outside_frame
7ac08b7c991e5b91,2021.07.24.00.36.59_veh-47_05600_06769,on_pickup_dropoff,58,1627092769149903,01a72fde2d0758a2,observation_appearance_censored,,outside_frame
7ac08b7c991e5b91,2021.07.24.00.36.59_veh-47_05600_06769,on_pickup_dropoff,58,1627092769149903,09ec92ceec0253a3,observation_disappearance_unknown_cause,outside_frame,
7ac08b7c991e5b91,2021.07.24.00.36.59_veh-47_05600_06769,on_pickup_dropoff,58,1627092769149903,20496977f3dd54fd,spatial_entry,outside_frame,cap_excluded
7ac08b7c991e5b91,2021.07.24.00.36.59_veh-47_05600_06769,on_pickup_dropoff,58,1627092769149903,c8d99c25b9535501,observation_appearance_censored,,outside_frame
7ac08b7c991e5b91,2021.07.24.00.36.59_veh-47_05600_06769,on_pickup_dropoff,58,1627092769149903,eec54fe429b65a2b,spatial_entry,outside_frame,cap_excluded
7ac08b7c991e5b91,2021.07.24.00.36.59_veh-47_05600_06769,on_pickup_dropoff,59,1627092769199930,1aa07aa39bab5e1b,spatial_exit,kept,outside_frame
7ac08b7c991e5b91,2021.07.24.00.36.59_veh-47_05600_06769,on_pickup_dropoff,59,1627092769199930,2f2ef8ac485d500d,spatial_entry,outside_frame,cap_excluded
7ac08b7c991e5b91,2021.07.24.00.36.59_veh-47_05600_06769,on_pickup_dropoff,59,1627092769199930,465a81706fb753e1,spatial_entry,outside_frame,cap_excluded
7ac08b7c991e5b91,2021.07.24.00.36.59_veh-47_05600_06769,on_pickup_dropoff,59,1627092769199930,68e486ea87d75777,observation_appearance_censored,,outside_frame
7ac08b7c991e5b91,2021.07.24.00.36.59_veh-47_05600_06769,on_pickup_dropoff,59,1627092769199930,8a5ff9ae29c15b9f,capacity_exclusion,kept,cap_excluded
7ac08b7c991e5b91,2021.07.24.00.36.59_veh-47_05600_06769,on_pickup_dropoff,59,1627092769199930,f9274c8599d75ce9,capacity_readmission,cap_excluded,kept
7ac08b7c991e5b91,2021.07.24.00.36.59_veh-47_05600_06769,on_pickup_dropoff,60,1627092769249954,0d98305f80415cd7,spatial_exit,cap_excluded,outside_frame
7ac08b7c991e5b91,2021.07.24.00.36.59_veh-47_05600_06769,on_pickup_dropoff,60,1627092769249954,26060db836d35783,spatial_entry,outside_frame,cap_excluded
7ac08b7c991e5b91,2021.07.24.00.36.59_veh-47_05600_06769,on_pickup_dropoff,60,1627092769249954,5211540ea3e252ee,spatial_entry,outside_frame,cap_excluded
7ac08b7c991e5b91,2021.07.24.00.36.59_veh-47_05600_06769,on_pickup_dropoff,60,1627092769249954,d6c38f0ae8fb5739,spatial_entry,outside_frame,cap_excluded
7ac08b7c991e5b91,2021.07.24.00.36.59_veh-47_05600_06769,on_pickup_dropoff,60,1627092769249954,f1d1bc06f2a05ef2,observation_appearance_censored,,outside_frame
7ac08b7c991e5b91,2021.07.24.00.36.59_veh-47_05600_06769,on_pickup_dropoff,61,1627092769299980,15eb6861911e51c6,spatial_entry,outside_frame,cap_excluded
7ac08b7c991e5b91,2021.07.24.00.36.59_veh-47_05600_06769,on_pickup_dropoff,61,1627092769299980,2af0b91945625896,observation_appearance_censored,,outside_frame
7ac08b7c991e5b91,2021.07.24.00.36.59_veh-47_05600_06769,on_pickup_dropoff,61,1627092769299980,6b2c6c8f873650d4,observation_appearance_censored,,outside_frame
7ac08b7c991e5b91,2021.07.24.00.36.59_veh-47_05600_06769,on_pickup_dropoff,61,1627092769299980,baade75b45bf58f5,spatial_entry,outside_frame,cap_excluded
7ac08b7c991e5b91,2021.07.24.00.36.59_veh-47_05600_06769,on_pickup_dropoff,61,1627092769299980,c0ba57f78dbc502a,spatial_exit,cap_excluded,outside_frame
7ac08b7c991e5b91,2021.07.24.00.36.59_veh-47_05600_06769,on_pickup_dropoff,61,1627092769299980,c8fd1c3e153151f0,observation_appearance_censored,,outside_frame
7ac08b7c991e5b91,2021.07.24.00.36.59_veh-47_05600_06769,on_pickup_dropoff,61,1627092769299980,d5311f2462d55191,spatial_entry,outside_frame,cap_excluded
7ac08b7c991e5b91,2021.07.24.00.36.59_veh-47_05600_06769,on_pickup_dropoff,62,1627092769350007,1017550077705054,spatial_entry,outside_frame,cap_excluded
7ac08b7c991e5b91,2021.07.24.00.36.59_veh-47_05600_06769,on_pickup_dropoff,62,1627092769350007,185b4860bdae5a94,observation_appearance_censored,,outside_frame
7ac08b7c991e5b91,2021.07.24.00.36.59_veh-47_05600_06769,on_pickup_dropoff,62,1627092769350007,3c836d2c012f59e3,observation_disappearance_unknown_cause,outside_frame,
7ac08b7c991e5b91,2021.07.24.00.36.59_veh-47_05600_06769,on_pickup_dropoff,62,1627092769350007,5ac5d9b883cc5657,spatial_entry,outside_frame,cap_excluded
7ac08b7c991e5b91,2021.07.24.00.36.59_veh-47_05600_06769,on_pickup_dropoff,62,1627092769350007,bb7c1bd9fdb65be7,capacity_readmission,cap_excluded,kept
7ac08b7c991e5b91,2021.07.24.00.36.59_veh-47_05600_06769,on_pickup_dropoff,62,1627092769350007,e65a19f51a275168,capacity_readmission,cap_excluded,kept
7ac08b7c991e5b91,2021.07.24.00.36.59_veh-47_05600_06769,on_pickup_dropoff,62,1627092769350007,e9269de7e3ae533d,capacity_exclusion,kept,cap_excluded
7ac08b7c991e5b91,2021.07.24.00.36.59_veh-47_05600_06769,on_pickup_dropoff,62,1627092769350007,ec6aa8d7fc8e5f29,observation_disappearance_unknown_cause,kept,
7ac08b7c991e5b91,2021.07.24.00.36.59_veh-47_05600_06769,on_pickup_dropoff,62,1627092769350007,f868da73aabe564c,observation_appearance_censored,,cap_excluded
7ac08b7c991e5b91,2021.07.24.00.36.59_veh-47_05600_06769,on_pickup_dropoff,63,1627092769400035,2121224090515681,observation_appearance_censored,,outside_frame
7ac08b7c991e5b91,2021.07.24.00.36.59_veh-47_05600_06769,on_pickup_dropoff,63,1627092769400035,57aa8aed22ad5890,spatial_entry,outside_frame,cap_excluded
7ac08b7c991e5b91,2021.07.24.00.36.59_veh-47_05600_06769,on_pickup_dropoff,63,1627092769400035,a2cfd36d98d75d5e,spatial_entry,outside_frame,cap_excluded
7ac08b7c991e5b91,2021.07.24.00.36.59_veh-47_05600_06769,on_pickup_dropoff,64,1627092769450063,1b5548f9fe855e07,observation_appearance_censored,,outside_frame
7ac08b7c991e5b91,2021.07.24.00.36.59_veh-47_05600_06769,on_pickup_dropoff,64,1627092769450063,42626c6be7d255d6,observation_disappearance_unknown_cause,cap_excluded,
7ac08b7c991e5b91,2021.07.24.00.36.59_veh-47_05600_06769,on_pickup_dropoff,64,1627092769450063,5f8ad2bd6f445c54,spatial_entry,outside_frame,cap_excluded
7ac08b7c991e5b91,2021.07.24.00.36.59_veh-47_05600_06769,on_pickup_dropoff,64,1627092769450063,d92ffc28c39b592e,spatial_entry,outside_frame,cap_excluded
7ac08b7c991e5b91,2021.07.24.00.36.59_veh-47_05600_06769,on_pickup_dropoff,65,1627092769500091,bd5bfdbde42e546e,spatial_entry,outside_frame,cap_excluded
7ac08b7c991e5b91,2021.07.24.00.36.59_veh-47_05600_06769,on_pickup_dropoff,65,1627092769500091,e7b11e59d28f5386,spatial_entry,outside_frame,cap_excluded
7ac08b7c991e5b91,2021.07.24.00.36.59_veh-47_05600_06769,on_pickup_dropoff,66,1627092769550114,0e5193e495605cca,spatial_exit,kept,outside_frame
7ac08b7c991e5b91,2021.07.24.00.36.59_veh-47_05600_06769,on_pickup_dropoff,66,1627092769550114,1ddc6719e95e5412,spatial_entry,outside_frame,cap_excluded
7ac08b7c991e5b91,2021.07.24.00.36.59_veh-47_05600_06769,on_pickup_dropoff,66,1627092769550114,49d33b1593db5155,capacity_exclusion,kept,cap_excluded
7ac08b7c991e5b91,2021.07.24.00.36.59_veh-47_05600_06769,on_pickup_dropoff,66,1627092769550114,4c0c76e706e7531d,observation_appearance_censored,,kept
7ac08b7c991e5b91,2021.07.24.00.36.59_veh-47_05600_06769,on_pickup_dropoff,66,1627092769550114,5da0d59de3fe5c2d,observation_appearance_censored,,outside_frame
7ac08b7c991e5b91,2021.07.24.00.36.59_veh-47_05600_06769,on_pickup_dropoff,66,1627092769550114,6f455200392a5f54,capacity_exclusion,kept,cap_excluded
7ac08b7c991e5b91,2021.07.24.00.36.59_veh-47_05600_06769,on_pickup_dropoff,66,1627092769550114,7565aed33191519f,observation_disappearance_unknown_cause,cap_excluded,
7ac08b7c991e5b91,2021.07.24.00.36.59_veh-47_05600_06769,on_pickup_dropoff,66,1627092769550114,840e9c82db7c529c,capacity_readmission,cap_excluded,kept
7ac08b7c991e5b91,2021.07.24.00.36.59_veh-47_05600_06769,on_pickup_dropoff,66,1627092769550114,97ac3d4904e65024,observation_appearance_censored,,outside_frame
7ac08b7c991e5b91,2021.07.24.00.36.59_veh-47_05600_06769,on_pickup_dropoff,66,1627092769550114,9f20ad6298fc5301,spatial_entry,outside_frame,cap_excluded
7ac08b7c991e5b91,2021.07.24.00.36.59_veh-47_05600_06769,on_pickup_dropoff,66,1627092769550114,ee99949c71535d8d,observation_appearance_censored,,outside_frame
7ac08b7c991e5b91,2021.07.24.00.36.59_veh-47_05600_06769,on_pickup_dropoff,66,1627092769550114,f3e3acb93fa155e9,spatial_entry,outside_frame,cap_excluded
7ac08b7c991e5b91,2021.07.24.00.36.59_veh-47_05600_06769,on_pickup_dropoff,67,1627092769600137,1ad738d102bb5710,capacity_readmission,cap_excluded,kept
7ac08b7c991e5b91,2021.07.24.00.36.59_veh-47_05600_06769,on_pickup_dropoff,67,1627092769600137,1b56b0aec3c95414,observation_disappearance_unknown_cause,outside_frame,
7ac08b7c991e5b91,2021.07.24.00.36.59_veh-47_05600_06769,on_pickup_dropoff,67,1627092769600137,3e4a887ee69e530a,spatial_entry,outside_frame,kept
7ac08b7c991e5b91,2021.07.24.00.36.59_veh-47_05600_06769,on_pickup_dropoff,67,1627092769600137,5d0820b4f81f53d6,observation_appearance_censored,,outside_frame
7ac08b7c991e5b91,2021.07.24.00.36.59_veh-47_05600_06769,on_pickup_dropoff,67,1627092769600137,6980337e27fa53da,spatial_entry,outside_frame,cap_excluded
7ac08b7c991e5b91,2021.07.24.00.36.59_veh-47_05600_06769,on_pickup_dropoff,67,1627092769600137,76780e253662561f,observation_disappearance_unknown_cause,kept,
7ac08b7c991e5b91,2021.07.24.00.36.59_veh-47_05600_06769,on_pickup_dropoff,67,1627092769600137,a23cf8933db75a33,capacity_readmission,cap_excluded,kept
7ac08b7c991e5b91,2021.07.24.00.36.59_veh-47_05600_06769,on_pickup_dropoff,67,1627092769600137,a24211fa3618552e,observation_disappearance_unknown_cause,kept,
7ac08b7c991e5b91,2021.07.24.00.36.59_veh-47_05600_06769,on_pickup_dropoff,67,1627092769600137,ce41baf47f3452f4,observation_disappearance_unknown_cause,outside_frame,
7ac08b7c991e5b91,2021.07.24.00.36.59_veh-47_05600_06769,on_pickup_dropoff,67,1627092769600137,e17b0fcf99ba507d,spatial_entry,outside_frame,cap_excluded
7ac08b7c991e5b91,2021.07.24.00.36.59_veh-47_05600_06769,on_pickup_dropoff,67,1627092769600137,fbaac8ebc3f5591f,observation_disappearance_unknown_cause,cap_excluded,
7ac08b7c991e5b91,2021.07.24.00.36.59_veh-47_05600_06769,on_pickup_dropoff,68,1627092769650159,771ef981aa7f5fe3,observation_disappearance_unknown_cause,outside_frame,
7ac08b7c991e5b91,2021.07.24.00.36.59_veh-47_05600_06769,on_pickup_dropoff,68,1627092769650159,a54396f12e8b580b,spatial_entry,outside_frame,cap_excluded
7ac08b7c991e5b91,2021.07.24.00.36.59_veh-47_05600_06769,on_pickup_dropoff,68,1627092769650159,d40c5713d5ec506a,observation_appearance_censored,,kept
7ac08b7c991e5b91,2021.07.24.00.36.59_veh-47_05600_06769,on_pickup_dropoff,69,1627092769700183,01cc724267c851bc,spatial_entry,outside_frame,cap_excluded
7ac08b7c991e5b91,2021.07.24.00.36.59_veh-47_05600_06769,on_pickup_dropoff,69,1627092769700183,18173c971d6552d9,observation_appearance_censored,,outside_frame
7ac08b7c991e5b91,2021.07.24.00.36.59_veh-47_05600_06769,on_pickup_dropoff,69,1627092769700183,49d33b1593db5155,capacity_readmission,cap_excluded,kept
7ac08b7c991e5b91,2021.07.24.00.36.59_veh-47_05600_06769,on_pickup_dropoff,69,1627092769700183,bf2c1c70efbe5f65,spatial_entry,outside_frame,cap_excluded
7ac08b7c991e5b91,2021.07.24.00.36.59_veh-47_05600_06769,on_pickup_dropoff,69,1627092769700183,cd404231fefa55a0,observation_disappearance_unknown_cause,kept,
7ac08b7c991e5b91,2021.07.24.00.36.59_veh-47_05600_06769,on_pickup_dropoff,70,1627092769750209,2b5da9e29adf5c8f,spatial_entry,outside_frame,cap_excluded
7ac08b7c991e5b91,2021.07.24.00.36.59_veh-47_05600_06769,on_pickup_dropoff,70,1627092769750209,82dccf4a6ecb5d72,observation_appearance_censored,,cap_excluded
7ac08b7c991e5b91,2021.07.24.00.36.59_veh-47_05600_06769,on_pickup_dropoff,70,1627092769750209,b0c400b371375297,capacity_exclusion,kept,cap_excluded
7ac08b7c991e5b91,2021.07.24.00.36.59_veh-47_05600_06769,on_pickup_dropoff,70,1627092769750209,be3d0b243c7d524d,observation_appearance_censored,,outside_frame
7ac08b7c991e5b91,2021.07.24.00.36.59_veh-47_05600_06769,on_pickup_dropoff,70,1627092769750209,c4e88b054ce25316,capacity_readmission,cap_excluded,kept
7ac08b7c991e5b91,2021.07.24.00.36.59_veh-47_05600_06769,on_pickup_dropoff,70,1627092769750209,d177a4c4bb3755bc,observation_appearance_censored,,outside_frame
7ac08b7c991e5b91,2021.07.24.00.36.59_veh-47_05600_06769,on_pickup_dropoff,70,1627092769750209,df71a198796a51a7,spatial_entry,outside_frame,cap_excluded
7ac08b7c991e5b91,2021.07.24.00.36.59_veh-47_05600_06769,on_pickup_dropoff,70,1627092769750209,e668703d75175a5c,observation_appearance_censored,,outside_frame
7ac08b7c991e5b91,2021.07.24.00.36.59_veh-47_05600_06769,on_pickup_dropoff,71,1627092769800237,1060ab359d0a592b,observation_appearance_censored,,outside_frame
7ac08b7c991e5b91,2021.07.24.00.36.59_veh-47_05600_06769,on_pickup_dropoff,71,1627092769800237,2f2ef8ac485d500d,spatial_exit,cap_excluded,outside_frame
7ac08b7c991e5b91,2021.07.24.00.36.59_veh-47_05600_06769,on_pickup_dropoff,71,1627092769800237,32fd76cbe2315e97,observation_disappearance_unknown_cause,outside_frame,
7ac08b7c991e5b91,2021.07.24.00.36.59_veh-47_05600_06769,on_pickup_dropoff,71,1627092769800237,468af89f9ec65ff8,observation_appearance_censored,,outside_frame
7ac08b7c991e5b91,2021.07.24.00.36.59_veh-47_05600_06769,on_pickup_dropoff,71,1627092769800237,49d33b1593db5155,capacity_exclusion,kept,cap_excluded
7ac08b7c991e5b91,2021.07.24.00.36.59_veh-47_05600_06769,on_pickup_dropoff,71,1627092769800237,7a487088b5815858,capacity_readmission,cap_excluded,kept
7ac08b7c991e5b91,2021.07.24.00.36.59_veh-47_05600_06769,on_pickup_dropoff,71,1627092769800237,9b3aa709922d55d5,observation_disappearance_unknown_cause,outside_frame,
7ac08b7c991e5b91,2021.07.24.00.36.59_veh-47_05600_06769,on_pickup_dropoff,71,1627092769800237,c5dcae3673e856b3,spatial_entry,outside_frame,cap_excluded
7ac08b7c991e5b91,2021.07.24.00.36.59_veh-47_05600_06769,on_pickup_dropoff,71,1627092769800237,d99a30f9cc145b89,observation_appearance_censored,,outside_frame
7ac08b7c991e5b91,2021.07.24.00.36.59_veh-47_05600_06769,on_pickup_dropoff,72,1627092769850266,01d62dc5d3185f52,observation_appearance_censored,,outside_frame
7ac08b7c991e5b91,2021.07.24.00.36.59_veh-47_05600_06769,on_pickup_dropoff,72,1627092769850266,311d21beea515a12,spatial_entry,outside_frame,cap_excluded
7ac08b7c991e5b91,2021.07.24.00.36.59_veh-47_05600_06769,on_pickup_dropoff,72,1627092769850266,4c857c5b88a05e9f,spatial_entry,outside_frame,cap_excluded
7ac08b7c991e5b91,2021.07.24.00.36.59_veh-47_05600_06769,on_pickup_dropoff,72,1627092769850266,a9e41e56ecd054d5,observation_appearance_censored,,outside_frame
7ac08b7c991e5b91,2021.07.24.00.36.59_veh-47_05600_06769,on_pickup_dropoff,72,1627092769850266,b619ad1be8445869,spatial_entry,outside_frame,kept
7ac08b7c991e5b91,2021.07.24.00.36.59_veh-47_05600_06769,on_pickup_dropoff,72,1627092769850266,bd33eb9f61c556fe,capacity_exclusion,kept,cap_excluded
7ac08b7c991e5b91,2021.07.24.00.36.59_veh-47_05600_06769,on_pickup_dropoff,72,1627092769850266,ec399ca5adf7552c,capacity_readmission,cap_excluded,kept
7ac08b7c991e5b91,2021.07.24.00.36.59_veh-47_05600_06769,on_pickup_dropoff,73,1627092769900292,00e9c74cc4855113,observation_disappearance_unknown_cause,outside_frame,
7ac08b7c991e5b91,2021.07.24.00.36.59_veh-47_05600_06769,on_pickup_dropoff,73,1627092769900292,42611be08fe75585,spatial_entry,outside_frame,cap_excluded
7ac08b7c991e5b91,2021.07.24.00.36.59_veh-47_05600_06769,on_pickup_dropoff,73,1627092769900292,5d2fc7fc232d50db,spatial_entry,outside_frame,cap_excluded
7ac08b7c991e5b91,2021.07.24.00.36.59_veh-47_05600_06769,on_pickup_dropoff,73,1627092769900292,83953559983055b3,observation_appearance_censored,,outside_frame
7ac08b7c991e5b91,2021.07.24.00.36.59_veh-47_05600_06769,on_pickup_dropoff,74,1627092769950317,082d03468b425ae1,spatial_entry,outside_frame,cap_excluded
7ac08b7c991e5b91,2021.07.24.00.36.59_veh-47_05600_06769,on_pickup_dropoff,74,1627092769950317,32883d218fba5488,spatial_exit,cap_excluded,outside_frame
7ac08b7c991e5b91,2021.07.24.00.36.59_veh-47_05600_06769,on_pickup_dropoff,74,1627092769950317,6aea4c48ea245c1c,observation_appearance_censored,,outside_frame
7ac08b7c991e5b91,2021.07.24.00.36.59_veh-47_05600_06769,on_pickup_dropoff,74,1627092769950317,72244948c0115c2f,observation_disappearance_unknown_cause,outside_frame,
7ac08b7c991e5b91,2021.07.24.00.36.59_veh-47_05600_06769,on_pickup_dropoff,74,1627092769950317,fa7452501d0e5456,spatial_entry,outside_frame,cap_excluded
7ac08b7c991e5b91,2021.07.24.00.36.59_veh-47_05600_06769,on_pickup_dropoff,75,1627092770000340,0d07052d57955c77,capacity_exclusion,kept,cap_excluded
7ac08b7c991e5b91,2021.07.24.00.36.59_veh-47_05600_06769,on_pickup_dropoff,75,1627092770000340,0e598ceccef85420,observation_appearance_censored,,outside_frame
7ac08b7c991e5b91,2021.07.24.00.36.59_veh-47_05600_06769,on_pickup_dropoff,75,1627092770000340,39b1b8cb72e3514c,observation_appearance_censored,,cap_excluded
7ac08b7c991e5b91,2021.07.24.00.36.59_veh-47_05600_06769,on_pickup_dropoff,75,1627092770000340,51b1134406c45e3e,spatial_entry,outside_frame,cap_excluded
7ac08b7c991e5b91,2021.07.24.00.36.59_veh-47_05600_06769,on_pickup_dropoff,75,1627092770000340,5dede5b9196c5903,spatial_entry,outside_frame,cap_excluded
7ac08b7c991e5b91,2021.07.24.00.36.59_veh-47_05600_06769,on_pickup_dropoff,75,1627092770000340,8374d4f3803453ca,observation_disappearance_unknown_cause,outside_frame,
7ac08b7c991e5b91,2021.07.24.00.36.59_veh-47_05600_06769,on_pickup_dropoff,75,1627092770000340,9cf9f593dd8f5ca1,observation_appearance_censored,,kept
7ac08b7c991e5b91,2021.07.24.00.36.59_veh-47_05600_06769,on_pickup_dropoff,75,1627092770000340,be582f57cb2e58a9,spatial_entry,outside_frame,cap_excluded
7ac08b7c991e5b91,2021.07.24.00.36.59_veh-47_05600_06769,on_pickup_dropoff,75,1627092770000340,c5d78ef6a9b45881,observation_appearance_censored,,outside_frame
7ac08b7c991e5b91,2021.07.24.00.36.59_veh-47_05600_06769,on_pickup_dropoff,76,1627092770050361,0deb3415a69e58a5,spatial_entry,outside_frame,cap_excluded
7ac08b7c991e5b91,2021.07.24.00.36.59_veh-47_05600_06769,on_pickup_dropoff,76,1627092770050361,2cadd8d1c76952e4,spatial_entry,outside_frame,cap_excluded
7ac08b7c991e5b91,2021.07.24.00.36.59_veh-47_05600_06769,on_pickup_dropoff,76,1627092770050361,6b4c6dbc72b05697,spatial_entry,outside_frame,cap_excluded
7ac08b7c991e5b91,2021.07.24.00.36.59_veh-47_05600_06769,on_pickup_dropoff,76,1627092770050361,a90984a00b745af4,spatial_entry,outside_frame,cap_excluded
7ac08b7c991e5b91,2021.07.24.00.36.59_veh-47_05600_06769,on_pickup_dropoff,76,1627092770050361,b9d597834e795743,observation_disappearance_unknown_cause,outside_frame,
7ac08b7c991e5b91,2021.07.24.00.36.59_veh-47_05600_06769,on_pickup_dropoff,76,1627092770050361,e56a83e251ac52a3,observation_appearance_censored,,outside_frame
7ac08b7c991e5b91,2021.07.24.00.36.59_veh-47_05600_06769,on_pickup_dropoff,77,1627092770100377,174b0e56b1ba5fca,spatial_entry,outside_frame,cap_excluded
7ac08b7c991e5b91,2021.07.24.00.36.59_veh-47_05600_06769,on_pickup_dropoff,77,1627092770100377,8b0cf3c506805921,observation_appearance_censored,,outside_frame
7ac08b7c991e5b91,2021.07.24.00.36.59_veh-47_05600_06769,on_pickup_dropoff,77,1627092770100377,f93b075e4bd05078,observation_disappearance_unknown_cause,cap_excluded,
7ac08b7c991e5b91,2021.07.24.00.36.59_veh-47_05600_06769,on_pickup_dropoff,78,1627092770150386,0419215c2e4359c4,capacity_exclusion,kept,cap_excluded
7ac08b7c991e5b91,2021.07.24.00.36.59_veh-47_05600_06769,on_pickup_dropoff,78,1627092770150386,100ed788553757e0,observation_disappearance_unknown_cause,outside_frame,
7ac08b7c991e5b91,2021.07.24.00.36.59_veh-47_05600_06769,on_pickup_dropoff,78,1627092770150386,8719ce8bd0655645,capacity_readmission,cap_excluded,kept
7ac08b7c991e5b91,2021.07.24.00.36.59_veh-47_05600_06769,on_pickup_dropoff,78,1627092770150386,db9e5d1563a55e69,observation_appearance_censored,,outside_frame
7ac08b7c991e5b91,2021.07.24.00.36.59_veh-47_05600_06769,on_pickup_dropoff,78,1627092770150386,fda29cec0ae65587,spatial_entry,outside_frame,cap_excluded
7ac08b7c991e5b91,2021.07.24.00.36.59_veh-47_05600_06769,on_pickup_dropoff,79,1627092770200388,26060db836d35783,spatial_exit,cap_excluded,outside_frame
7ac08b7c991e5b91,2021.07.24.00.36.59_veh-47_05600_06769,on_pickup_dropoff,79,1627092770200388,2d9fcbf8c0e3505b,observation_disappearance_unknown_cause,outside_frame,
7ac08b7c991e5b91,2021.07.24.00.36.59_veh-47_05600_06769,on_pickup_dropoff,79,1627092770200388,4799a7e33ffb54f2,spatial_exit,cap_excluded,outside_frame
7ac08b7c991e5b91,2021.07.24.00.36.59_veh-47_05600_06769,on_pickup_dropoff,79,1627092770200388,938e518b9c295a42,observation_appearance_censored,,outside_frame
7ac08b7c991e5b91,2021.07.24.00.36.59_veh-47_05600_06769,on_pickup_dropoff,80,1627092770250381,13a32e8bae3657ff,capacity_readmission,cap_excluded,kept
7ac08b7c991e5b91,2021.07.24.00.36.59_veh-47_05600_06769,on_pickup_dropoff,80,1627092770250381,a4c91b05e4a35fbb,spatial_entry,outside_frame,cap_excluded
7ac08b7c991e5b91,2021.07.24.00.36.59_veh-47_05600_06769,on_pickup_dropoff,80,1627092770250381,d21d48285e175af5,capacity_exclusion,kept,cap_excluded
7ac08b7c991e5b91,2021.07.24.00.36.59_veh-47_05600_06769,on_pickup_dropoff,81,1627092770300366,13a32e8bae3657ff,capacity_exclusion,kept,cap_excluded
7ac08b7c991e5b91,2021.07.24.00.36.59_veh-47_05600_06769,on_pickup_dropoff,81,1627092770300366,2d5cf9f37cbd5b73,capacity_exclusion,kept,cap_excluded
7ac08b7c991e5b91,2021.07.24.00.36.59_veh-47_05600_06769,on_pickup_dropoff,81,1627092770300366,53a5809aa9c05fa9,observation_disappearance_unknown_cause,cap_excluded,
7ac08b7c991e5b91,2021.07.24.00.36.59_veh-47_05600_06769,on_pickup_dropoff,81,1627092770300366,57aa8aed22ad5890,capacity_readmission,cap_excluded,kept
7ac08b7c991e5b91,2021.07.24.00.36.59_veh-47_05600_06769,on_pickup_dropoff,81,1627092770300366,5f8ad2bd6f445c54,capacity_readmission,cap_excluded,kept
7ac08b7c991e5b91,2021.07.24.00.36.59_veh-47_05600_06769,on_pickup_dropoff,81,1627092770300366,7ca653ebe0045383,spatial_exit,cap_excluded,outside_frame
7ac08b7c991e5b91,2021.07.24.00.36.59_veh-47_05600_06769,on_pickup_dropoff,81,1627092770300366,8d85fc4a17325d7f,spatial_entry,outside_frame,cap_excluded
7ac08b7c991e5b91,2021.07.24.00.36.59_veh-47_05600_06769,on_pickup_dropoff,81,1627092770300366,91abf43730d55f85,observation_appearance_censored,,outside_frame
7ac08b7c991e5b91,2021.07.24.00.36.59_veh-47_05600_06769,on_pickup_dropoff,81,1627092770300366,a4dc727aabb55605,observation_appearance_censored,,outside_frame
7ac08b7c991e5b91,2021.07.24.00.36.59_veh-47_05600_06769,on_pickup_dropoff,81,1627092770300366,a5511e5130d7560b,spatial_entry,outside_frame,cap_excluded
7ac08b7c991e5b91,2021.07.24.00.36.59_veh-47_05600_06769,on_pickup_dropoff,81,1627092770300366,c8fd1c3e153151f0,observation_disappearance_unknown_cause,outside_frame,
7ac08b7c991e5b91,2021.07.24.00.36.59_veh-47_05600_06769,on_pickup_dropoff,81,1627092770300366,cc42edd9678c5e7a,observation_disappearance_unknown_cause,outside_frame,
7ac08b7c991e5b91,2021.07.24.00.36.59_veh-47_05600_06769,on_pickup_dropoff,82,1627092770350348,3bc2999b0fe25130,spatial_exit,cap_excluded,outside_frame
7ac08b7c991e5b91,2021.07.24.00.36.59_veh-47_05600_06769,on_pickup_dropoff,82,1627092770350348,48306dbbd7895f10,spatial_exit,cap_excluded,outside_frame
7ac08b7c991e5b91,2021.07.24.00.36.59_veh-47_05600_06769,on_pickup_dropoff,82,1627092770350348,48889588745f5505,spatial_entry,outside_frame,cap_excluded
7ac08b7c991e5b91,2021.07.24.00.36.59_veh-47_05600_06769,on_pickup_dropoff,82,1627092770350348,560b4203b2bc59fa,observation_appearance_censored,,outside_frame
7ac08b7c991e5b91,2021.07.24.00.36.59_veh-47_05600_06769,on_pickup_dropoff,82,1627092770350348,6e6e90970bc35957,observation_appearance_censored,,outside_frame
7ac08b7c991e5b91,2021.07.24.00.36.59_veh-47_05600_06769,on_pickup_dropoff,82,1627092770350348,a7871fa5e45755f6,spatial_exit,cap_excluded,outside_frame
7ac08b7c991e5b91,2021.07.24.00.36.59_veh-47_05600_06769,on_pickup_dropoff,82,1627092770350348,d07894bb1b255428,observation_disappearance_unknown_cause,outside_frame,
7ac08b7c991e5b91,2021.07.24.00.36.59_veh-47_05600_06769,on_pickup_dropoff,82,1627092770350348,d73ec2026b165139,spatial_entry,outside_frame,cap_excluded
7ac08b7c991e5b91,2021.07.24.00.36.59_veh-47_05600_06769,on_pickup_dropoff,82,1627092770350348,ddb4192b8a0a51bc,observation_appearance_censored,,outside_frame
7ac08b7c991e5b91,2021.07.24.00.36.59_veh-47_05600_06769,on_pickup_dropoff,82,1627092770350348,f245ec5ac94c536f,spatial_exit,cap_excluded,outside_frame
7ac08b7c991e5b91,2021.07.24.00.36.59_veh-47_05600_06769,on_pickup_dropoff,82,1627092770350348,f6c79b409a5f52e3,observation_appearance_censored,,outside_frame
7ac08b7c991e5b91,2021.07.24.00.36.59_veh-47_05600_06769,on_pickup_dropoff,83,1627092770400327,6c2cfdb1a83f5fdb,observation_appearance_censored,,outside_frame
7ac08b7c991e5b91,2021.07.24.00.36.59_veh-47_05600_06769,on_pickup_dropoff,83,1627092770400327,840e9c82db7c529c,capacity_exclusion,kept,cap_excluded
7ac08b7c991e5b91,2021.07.24.00.36.59_veh-47_05600_06769,on_pickup_dropoff,83,1627092770400327,8b4f556de9da5499,observation_appearance_censored,,outside_frame
7ac08b7c991e5b91,2021.07.24.00.36.59_veh-47_05600_06769,on_pickup_dropoff,83,1627092770400327,9f20ad6298fc5301,capacity_readmission,cap_excluded,kept
7ac08b7c991e5b91,2021.07.24.00.36.59_veh-47_05600_06769,on_pickup_dropoff,83,1627092770400327,b2060fe39a0857d2,spatial_entry,outside_frame,cap_excluded
7ac08b7c991e5b91,2021.07.24.00.36.59_veh-47_05600_06769,on_pickup_dropoff,83,1627092770400327,bbbd02596ecc50f1,observation_appearance_censored,,outside_frame
7ac08b7c991e5b91,2021.07.24.00.36.59_veh-47_05600_06769,on_pickup_dropoff,84,1627092770450303,1ddc6719e95e5412,capacity_readmission,cap_excluded,kept
7ac08b7c991e5b91,2021.07.24.00.36.59_veh-47_05600_06769,on_pickup_dropoff,84,1627092770450303,1e0a2bff742c5366,capacity_exclusion,kept,cap_excluded
7ac08b7c991e5b91,2021.07.24.00.36.59_veh-47_05600_06769,on_pickup_dropoff,84,1627092770450303,5ac5d9b883cc5657,capacity_readmission,cap_excluded,kept
7ac08b7c991e5b91,2021.07.24.00.36.59_veh-47_05600_06769,on_pickup_dropoff,84,1627092770450303,6b4c6dbc72b05697,observation_disappearance_unknown_cause,cap_excluded,
7ac08b7c991e5b91,2021.07.24.00.36.59_veh-47_05600_06769,on_pickup_dropoff,84,1627092770450303,7a487088b5815858,capacity_exclusion,kept,cap_excluded
7ac08b7c991e5b91,2021.07.24.00.36.59_veh-47_05600_06769,on_pickup_dropoff,84,1627092770450303,83d084022e9a5c64,observation_appearance_censored,,cap_excluded
7ac08b7c991e5b91,2021.07.24.00.36.59_veh-47_05600_06769,on_pickup_dropoff,84,1627092770450303,87a4976252905cd4,observation_disappearance_unknown_cause,outside_frame,
7ac08b7c991e5b91,2021.07.24.00.36.59_veh-47_05600_06769,on_pickup_dropoff,84,1627092770450303,91ad9d19c24856f0,spatial_entry,outside_frame,cap_excluded
7ac08b7c991e5b91,2021.07.24.00.36.59_veh-47_05600_06769,on_pickup_dropoff,84,1627092770450303,92e9d24c1ef255fa,spatial_entry,outside_frame,cap_excluded
7ac08b7c991e5b91,2021.07.24.00.36.59_veh-47_05600_06769,on_pickup_dropoff,84,1627092770450303,bb0b86fbb0a65952,observation_disappearance_unknown_cause,outside_frame,
7ac08b7c991e5b91,2021.07.24.00.36.59_veh-47_05600_06769,on_pickup_dropoff,84,1627092770450303,e32f9befe6765817,observation_appearance_censored,,outside_frame
7ac08b7c991e5b91,2021.07.24.00.36.59_veh-47_05600_06769,on_pickup_dropoff,84,1627092770450303,e668703d75175a5c,observation_disappearance_unknown_cause,outside_frame,
7ac08b7c991e5b91,2021.07.24.00.36.59_veh-47_05600_06769,on_pickup_dropoff,84,1627092770450303,fa4fb29d9c2054a1,observation_disappearance_unknown_cause,outside_frame,
7ac08b7c991e5b91,2021.07.24.00.36.59_veh-47_05600_06769,on_pickup_dropoff,85,1627092770500279,111aa304564d5dad,spatial_exit,cap_excluded,outside_frame
7ac08b7c991e5b91,2021.07.24.00.36.59_veh-47_05600_06769,on_pickup_dropoff,85,1627092770500279,15eb6861911e51c6,capacity_readmission,cap_excluded,kept
7ac08b7c991e5b91,2021.07.24.00.36.59_veh-47_05600_06769,on_pickup_dropoff,85,1627092770500279,4dccd2e40ca15b33,observation_appearance_censored,,outside_frame
7ac08b7c991e5b91,2021.07.24.00.36.59_veh-47_05600_06769,on_pickup_dropoff,85,1627092770500279,63f3d4e7d9335090,spatial_entry,outside_frame,cap_excluded
7ac08b7c991e5b91,2021.07.24.00.36.59_veh-47_05600_06769,on_pickup_dropoff,85,1627092770500279,a0e54b5f21ed53c5,observation_appearance_censored,,outside_frame
7ac08b7c991e5b91,2021.07.24.00.36.59_veh-47_05600_06769,on_pickup_dropoff,85,1627092770500279,b2afae6cc84556d6,spatial_entry,outside_frame,cap_excluded
7ac08b7c991e5b91,2021.07.24.00.36.59_veh-47_05600_06769,on_pickup_dropoff,85,1627092770500279,d261a8d642945b05,capacity_exclusion,kept,cap_excluded
7ac08b7c991e5b91,2021.07.24.00.36.59_veh-47_05600_06769,on_pickup_dropoff,85,1627092770500279,eaf0447e0afb5807,spatial_entry,outside_frame,cap_excluded
7ac08b7c991e5b91,2021.07.24.00.36.59_veh-47_05600_06769,on_pickup_dropoff,86,1627092770550254,175290ecb5785c7d,observation_disappearance_unknown_cause,outside_frame,
7ac08b7c991e5b91,2021.07.24.00.36.59_veh-47_05600_06769,on_pickup_dropoff,86,1627092770550254,1bcccf98a8a35c44,capacity_exclusion,kept,cap_excluded
7ac08b7c991e5b91,2021.07.24.00.36.59_veh-47_05600_06769,on_pickup_dropoff,86,1627092770550254,2765253bf44a5aaa,observation_disappearance_unknown_cause,outside_frame,
7ac08b7c991e5b91,2021.07.24.00.36.59_veh-47_05600_06769,on_pickup_dropoff,86,1627092770550254,68481e7f53d1523e,observation_appearance_censored,,outside_frame
7ac08b7c991e5b91,2021.07.24.00.36.59_veh-47_05600_06769,on_pickup_dropoff,86,1627092770550254,adee61cad47d5dd7,observation_appearance_censored,,outside_frame
7ac08b7c991e5b91,2021.07.24.00.36.59_veh-47_05600_06769,on_pickup_dropoff,86,1627092770550254,c1fb36924f31591a,observation_appearance_censored,,outside_frame
7ac08b7c991e5b91,2021.07.24.00.36.59_veh-47_05600_06769,on_pickup_dropoff,86,1627092770550254,d6c38f0ae8fb5739,spatial_exit,cap_excluded,outside_frame
7ac08b7c991e5b91,2021.07.24.00.36.59_veh-47_05600_06769,on_pickup_dropoff,86,1627092770550254,e17b0fcf99ba507d,capacity_readmission,cap_excluded,kept
7ac08b7c991e5b91,2021.07.24.00.36.59_veh-47_05600_06769,on_pickup_dropoff,86,1627092770550254,f50f940b72cd5af2,observation_disappearance_unknown_cause,outside_frame,
7ac08b7c991e5b91,2021.07.24.00.36.59_veh-47_05600_06769,on_pickup_dropoff,86,1627092770550254,fe294e6ff3085e84,observation_appearance_censored,,outside_frame
7ac08b7c991e5b91,2021.07.24.00.36.59_veh-47_05600_06769,on_pickup_dropoff,87,1627092770600229,14a81104a53357a2,spatial_entry,outside_frame,cap_excluded
7ac08b7c991e5b91,2021.07.24.00.36.59_veh-47_05600_06769,on_pickup_dropoff,87,1627092770600229,38033f321ad35385,spatial_entry,outside_frame,cap_excluded
7ac08b7c991e5b91,2021.07.24.00.36.59_veh-47_05600_06769,on_pickup_dropoff,87,1627092770600229,459d2565a5ea5231,spatial_exit,cap_excluded,outside_frame
7ac08b7c991e5b91,2021.07.24.00.36.59_veh-47_05600_06769,on_pickup_dropoff,87,1627092770600229,6de7d61c47e256f8,observation_appearance_censored,,outside_frame
7ac08b7c991e5b91,2021.07.24.00.36.59_veh-47_05600_06769,on_pickup_dropoff,87,1627092770600229,a7b96410824754e6,observation_appearance_censored,,outside_frame
7ac08b7c991e5b91,2021.07.24.00.36.59_veh-47_05600_06769,on_pickup_dropoff,87,1627092770600229,d0614db72ff453e9,spatial_entry,outside_frame,kept
7ac08b7c991e5b91,2021.07.24.00.36.59_veh-47_05600_06769,on_pickup_dropoff,88,1627092770650203,01cc724267c851bc,capacity_readmission,cap_excluded,kept
7ac08b7c991e5b91,2021.07.24.00.36.59_veh-47_05600_06769,on_pickup_dropoff,88,1627092770650203,0456d59ca71b581f,observation_appearance_censored,,outside_frame
7ac08b7c991e5b91,2021.07.24.00.36.59_veh-47_05600_06769,on_pickup_dropoff,88,1627092770650203,2796b207edbe5810,observation_appearance_censored,,outside_frame
7ac08b7c991e5b91,2021.07.24.00.36.59_veh-47_05600_06769,on_pickup_dropoff,88,1627092770650203,39b1b8cb72e3514c,spatial_exit,cap_excluded,outside_frame
7ac08b7c991e5b91,2021.07.24.00.36.59_veh-47_05600_06769,on_pickup_dropoff,88,1627092770650203,51e00cb3f2d15427,observation_appearance_censored,,outside_frame
7ac08b7c991e5b91,2021.07.24.00.36.59_veh-47_05600_06769,on_pickup_dropoff,88,1627092770650203,56f2aa382b9a533c,observation_appearance_censored,,outside_frame
7ac08b7c991e5b91,2021.07.24.00.36.59_veh-47_05600_06769,on_pickup_dropoff,88,1627092770650203,5ff0d8bc9cc850f1,capacity_exclusion,kept,cap_excluded
7ac08b7c991e5b91,2021.07.24.00.36.59_veh-47_05600_06769,on_pickup_dropoff,88,1627092770650203,88372a0e8aed504e,spatial_exit,cap_excluded,outside_frame
7ac08b7c991e5b91,2021.07.24.00.36.59_veh-47_05600_06769,on_pickup_dropoff,88,1627092770650203,960ad50e2eac5bb4,capacity_exclusion,kept,cap_excluded
7ac08b7c991e5b91,2021.07.24.00.36.59_veh-47_05600_06769,on_pickup_dropoff,88,1627092770650203,9fbf7ccd870d5acf,observation_appearance_censored,,outside_frame
7ac08b7c991e5b91,2021.07.24.00.36.59_veh-47_05600_06769,on_pickup_dropoff,88,1627092770650203,a54396f12e8b580b,capacity_readmission,cap_excluded,kept
7ac08b7c991e5b91,2021.07.24.00.36.59_veh-47_05600_06769,on_pickup_dropoff,88,1627092770650203,bbbd298dd226574d,capacity_exclusion,kept,cap_excluded
7ac08b7c991e5b91,2021.07.24.00.36.59_veh-47_05600_06769,on_pickup_dropoff,88,1627092770650203,d5311f2462d55191,capacity_readmission,cap_excluded,kept
7ac08b7c991e5b91,2021.07.24.00.36.59_veh-47_05600_06769,on_pickup_dropoff,88,1627092770650203,eb46f2aa810d5586,spatial_exit,cap_excluded,outside_frame
7ac08b7c991e5b91,2021.07.24.00.36.59_veh-47_05600_06769,on_pickup_dropoff,88,1627092770650203,f705d4abcf1c5865,observation_disappearance_unknown_cause,outside_frame,
7ac08b7c991e5b91,2021.07.24.00.36.59_veh-47_05600_06769,on_pickup_dropoff,89,1627092770700176,09e921cb181c541a,spatial_entry,outside_frame,cap_excluded
7ac08b7c991e5b91,2021.07.24.00.36.59_veh-47_05600_06769,on_pickup_dropoff,89,1627092770700176,1ad738d102bb5710,capacity_exclusion,kept,cap_excluded
7ac08b7c991e5b91,2021.07.24.00.36.59_veh-47_05600_06769,on_pickup_dropoff,89,1627092770700176,2b5da9e29adf5c8f,capacity_readmission,cap_excluded,kept
7ac08b7c991e5b91,2021.07.24.00.36.59_veh-47_05600_06769,on_pickup_dropoff,89,1627092770700176,2bc8c802b3e15688,spatial_entry,outside_frame,cap_excluded
7ac08b7c991e5b91,2021.07.24.00.36.59_veh-47_05600_06769,on_pickup_dropoff,89,1627092770700176,3beab1de77c2543a,observation_appearance_censored,,outside_frame
7ac08b7c991e5b91,2021.07.24.00.36.59_veh-47_05600_06769,on_pickup_dropoff,89,1627092770700176,5211540ea3e252ee,capacity_readmission,cap_excluded,kept
7ac08b7c991e5b91,2021.07.24.00.36.59_veh-47_05600_06769,on_pickup_dropoff,89,1627092770700176,6e2f166d0b5e50e9,capacity_exclusion,kept,cap_excluded
7ac08b7c991e5b91,2021.07.24.00.36.59_veh-47_05600_06769,on_pickup_dropoff,89,1627092770700176,7ab936a035615f36,observation_appearance_censored,,outside_frame
7ac08b7c991e5b91,2021.07.24.00.36.59_veh-47_05600_06769,on_pickup_dropoff,89,1627092770700176,82dccf4a6ecb5d72,observation_disappearance_unknown_cause,cap_excluded,
7ac08b7c991e5b91,2021.07.24.00.36.59_veh-47_05600_06769,on_pickup_dropoff,89,1627092770700176,97ac3d4904e65024,observation_disappearance_unknown_cause,outside_frame,
7ac08b7c991e5b91,2021.07.24.00.36.59_veh-47_05600_06769,on_pickup_dropoff,89,1627092770700176,c5d78ef6a9b45881,observation_disappearance_unknown_cause,outside_frame,
7ac08b7c991e5b91,2021.07.24.00.36.59_veh-47_05600_06769,on_pickup_dropoff,89,1627092770700176,f67f3d5aae2952e3,spatial_entry,outside_frame,cap_excluded
7ac08b7c991e5b91,2021.07.24.00.36.59_veh-47_05600_06769,on_pickup_dropoff,90,1627092770750148,01450129adba580b,spatial_exit,cap_excluded,outside_frame
7ac08b7c991e5b91,2021.07.24.00.36.59_veh-47_05600_06769,on_pickup_dropoff,90,1627092770750148,0b170e33b6665b9a,spatial_exit,cap_excluded,outside_frame
7ac08b7c991e5b91,2021.07.24.00.36.59_veh-47_05600_06769,on_pickup_dropoff,90,1627092770750148,277e942e5b8a5f98,observation_disappearance_unknown_cause,cap_excluded,
7ac08b7c991e5b91,2021.07.24.00.36.59_veh-47_05600_06769,on_pickup_dropoff,90,1627092770750148,311d21beea515a12,capacity_readmission,cap_excluded,kept
7ac08b7c991e5b91,2021.07.24.00.36.59_veh-47_05600_06769,on_pickup_dropoff,90,1627092770750148,38f7996476775911,observation_disappearance_unknown_cause,outside_frame,
7ac08b7c991e5b91,2021.07.24.00.36.59_veh-47_05600_06769,on_pickup_dropoff,90,1627092770750148,49d33b1593db5155,spatial_exit,cap_excluded,outside_frame
7ac08b7c991e5b91,2021.07.24.00.36.59_veh-47_05600_06769,on_pickup_dropoff,90,1627092770750148,606c2536f1035a8e,observation_appearance_censored,,cap_excluded
7ac08b7c991e5b91,2021.07.24.00.36.59_veh-47_05600_06769,on_pickup_dropoff,90,1627092770750148,6b0deaae80b05a00,observation_appearance_censored,,outside_frame
7ac08b7c991e5b91,2021.07.24.00.36.59_veh-47_05600_06769,on_pickup_dropoff,90,1627092770750148,a017edac368456a2,spatial_exit,cap_excluded,outside_frame
7ac08b7c991e5b91,2021.07.24.00.36.59_veh-47_05600_06769,on_pickup_dropoff,90,1627092770750148,bd5bfdbde42e546e,spatial_exit,cap_excluded,outside_frame
7ac08b7c991e5b91,2021.07.24.00.36.59_veh-47_05600_06769,on_pickup_dropoff,90,1627092770750148,d210f8a5193f53f6,capacity_exclusion,kept,cap_excluded
7ac08b7c991e5b91,2021.07.24.00.36.59_veh-47_05600_06769,on_pickup_dropoff,91,1627092770800121,01a72fde2d0758a2,spatial_entry,outside_frame,cap_excluded
7ac08b7c991e5b91,2021.07.24.00.36.59_veh-47_05600_06769,on_pickup_dropoff,91,1627092770800121,062f46bc64cf528b,spatial_exit,cap_excluded,outside_frame
7ac08b7c991e5b91,2021.07.24.00.36.59_veh-47_05600_06769,on_pickup_dropoff,91,1627092770800121,321ea9bcd0a25ffb,observation_disappearance_unknown_cause,outside_frame,
7ac08b7c991e5b91,2021.07.24.00.36.59_veh-47_05600_06769,on_pickup_dropoff,91,1627092770800121,3267c5f1f73c515a,observation_appearance_censored,,outside_frame
7ac08b7c991e5b91,2021.07.24.00.36.59_veh-47_05600_06769,on_pickup_dropoff,91,1627092770800121,465a81706fb753e1,capacity_readmission,cap_excluded,kept
7ac08b7c991e5b91,2021.07.24.00.36.59_veh-47_05600_06769,on_pickup_dropoff,91,1627092770800121,53c8d110745d5bb4,capacity_exclusion,kept,cap_excluded
7ac08b7c991e5b91,2021.07.24.00.36.59_veh-47_05600_06769,on_pickup_dropoff,91,1627092770800121,7585fe2b5c8357c1,spatial_exit,cap_excluded,outside_frame
7ac08b7c991e5b91,2021.07.24.00.36.59_veh-47_05600_06769,on_pickup_dropoff,91,1627092770800121,8bd6a0efb0b057cc,spatial_exit,cap_excluded,outside_frame
7ac08b7c991e5b91,2021.07.24.00.36.59_veh-47_05600_06769,on_pickup_dropoff,91,1627092770800121,940e8f13961656ea,observation_disappearance_unknown_cause,outside_frame,
7ac08b7c991e5b91,2021.07.24.00.36.59_veh-47_05600_06769,on_pickup_dropoff,91,1627092770800121,af8fa17f2ec3530f,spatial_entry,outside_frame,cap_excluded
7ac08b7c991e5b91,2021.07.24.00.36.59_veh-47_05600_06769,on_pickup_dropoff,91,1627092770800121,cb316228ddb65ca7,spatial_exit,cap_excluded,outside_frame
7ac08b7c991e5b91,2021.07.24.00.36.59_veh-47_05600_06769,on_pickup_dropoff,91,1627092770800121,ebdd3dddfcb65de5,spatial_exit,cap_excluded,outside_frame
7ac08b7c991e5b91,2021.07.24.00.36.59_veh-47_05600_06769,on_pickup_dropoff,92,1627092770850088,0eaf04fa671a5659,spatial_exit,cap_excluded,outside_frame
7ac08b7c991e5b91,2021.07.24.00.36.59_veh-47_05600_06769,on_pickup_dropoff,92,1627092770850088,2b59ea323878520c,observation_disappearance_unknown_cause,outside_frame,
7ac08b7c991e5b91,2021.07.24.00.36.59_veh-47_05600_06769,on_pickup_dropoff,92,1627092770850088,42611be08fe75585,capacity_readmission,cap_excluded,kept
7ac08b7c991e5b91,2021.07.24.00.36.59_veh-47_05600_06769,on_pickup_dropoff,92,1627092770850088,50f6c2abf00f5975,spatial_exit,cap_excluded,outside_frame
7ac08b7c991e5b91,2021.07.24.00.36.59_veh-47_05600_06769,on_pickup_dropoff,92,1627092770850088,5110e818280e5d1e,capacity_exclusion,kept,cap_excluded
7ac08b7c991e5b91,2021.07.24.00.36.59_veh-47_05600_06769,on_pickup_dropoff,92,1627092770850088,57635cc159015ccf,observation_disappearance_unknown_cause,outside_frame,
7ac08b7c991e5b91,2021.07.24.00.36.59_veh-47_05600_06769,on_pickup_dropoff,92,1627092770850088,71d1662305045e45,spatial_exit,cap_excluded,outside_frame
7ac08b7c991e5b91,2021.07.24.00.36.59_veh-47_05600_06769,on_pickup_dropoff,92,1627092770850088,a9e41e56ecd054d5,observation_disappearance_unknown_cause,outside_frame,
7ac08b7c991e5b91,2021.07.24.00.36.59_veh-47_05600_06769,on_pickup_dropoff,92,1627092770850088,bd1c832b45b65e4c,observation_appearance_censored,,outside_frame
7ac08b7c991e5b91,2021.07.24.00.36.59_veh-47_05600_06769,on_pickup_dropoff,93,1627092770900056,082d03468b425ae1,capacity_readmission,cap_excluded,kept
7ac08b7c991e5b91,2021.07.24.00.36.59_veh-47_05600_06769,on_pickup_dropoff,93,1627092770900056,0e598ceccef85420,spatial_entry,outside_frame,cap_excluded
7ac08b7c991e5b91,2021.07.24.00.36.59_veh-47_05600_06769,on_pickup_dropoff,93,1627092770900056,2b3bbd28bbdf5459,spatial_exit,cap_excluded,outside_frame
7ac08b7c991e5b91,2021.07.24.00.36.59_veh-47_05600_06769,on_pickup_dropoff,93,1627092770900056,315c111d44995474,observation_disappearance_unknown_cause,outside_frame,
7ac08b7c991e5b91,2021.07.24.00.36.59_veh-47_05600_06769,on_pickup_dropoff,93,1627092770900056,4268e8b64afe5686,capacity_exclusion,kept,cap_excluded
7ac08b7c991e5b91,2021.07.24.00.36.59_veh-47_05600_06769,on_pickup_dropoff,93,1627092770900056,691e8f0f7f825c82,observation_disappearance_unknown_cause,outside_frame,
7ac08b7c991e5b91,2021.07.24.00.36.59_veh-47_05600_06769,on_pickup_dropoff,93,1627092770900056,7d7474e5e9d45ab6,capacity_exclusion,kept,cap_excluded
7ac08b7c991e5b91,2021.07.24.00.36.59_veh-47_05600_06769,on_pickup_dropoff,93,1627092770900056,938e518b9c295a42,observation_disappearance_unknown_cause,outside_frame,
7ac08b7c991e5b91,2021.07.24.00.36.59_veh-47_05600_06769,on_pickup_dropoff,93,1627092770900056,9f3e9c62e0155d9d,spatial_exit,cap_excluded,outside_frame
7ac08b7c991e5b91,2021.07.24.00.36.59_veh-47_05600_06769,on_pickup_dropoff,93,1627092770900056,b8b9ee0361605175,observation_appearance_censored,,outside_frame
7ac08b7c991e5b91,2021.07.24.00.36.59_veh-47_05600_06769,on_pickup_dropoff,93,1627092770900056,bd37fd43bf8550b2,spatial_exit,cap_excluded,outside_frame
7ac08b7c991e5b91,2021.07.24.00.36.59_veh-47_05600_06769,on_pickup_dropoff,93,1627092770900056,e65a19f51a275168,capacity_exclusion,kept,cap_excluded
7ac08b7c991e5b91,2021.07.24.00.36.59_veh-47_05600_06769,on_pickup_dropoff,93,1627092770900056,eec54fe429b65a2b,capacity_readmission,cap_excluded,kept
7ac08b7c991e5b91,2021.07.24.00.36.59_veh-47_05600_06769,on_pickup_dropoff,93,1627092770900056,fedd078912525635,capacity_readmission,cap_excluded,kept
7ac08b7c991e5b91,2021.07.24.00.36.59_veh-47_05600_06769,on_pickup_dropoff,94,1627092770950024,51b1134406c45e3e,capacity_readmission,cap_excluded,kept
7ac08b7c991e5b91,2021.07.24.00.36.59_veh-47_05600_06769,on_pickup_dropoff,94,1627092770950024,538ca5178650523a,spatial_exit,kept,outside_frame
7ac08b7c991e5b91,2021.07.24.00.36.59_veh-47_05600_06769,on_pickup_dropoff,94,1627092770950024,8952f7739ab55da7,spatial_entry,outside_frame,kept
7ac08b7c991e5b91,2021.07.24.00.36.59_veh-47_05600_06769,on_pickup_dropoff,94,1627092770950024,a7561006dc2257d9,spatial_entry,outside_frame,cap_excluded
7ac08b7c991e5b91,2021.07.24.00.36.59_veh-47_05600_06769,on_pickup_dropoff,94,1627092770950024,ad3a6056284c5f0b,spatial_exit,cap_excluded,outside_frame
7ac08b7c991e5b91,2021.07.24.00.36.59_veh-47_05600_06769,on_pickup_dropoff,94,1627092770950024,d21d48285e175af5,spatial_exit,cap_excluded,outside_frame
7ac08b7c991e5b91,2021.07.24.00.36.59_veh-47_05600_06769,on_pickup_dropoff,94,1627092770950024,fb7efd341592576d,observation_disappearance_unknown_cause,kept,
7ac08b7c991e5b91,2021.07.24.00.36.59_veh-47_05600_06769,on_pickup_dropoff,95,1627092770999992,08c7e82a5aed5955,spatial_exit,cap_excluded,outside_frame
7ac08b7c991e5b91,2021.07.24.00.36.59_veh-47_05600_06769,on_pickup_dropoff,95,1627092770999992,1e0a2bff742c5366,observation_disappearance_unknown_cause,cap_excluded,
7ac08b7c991e5b91,2021.07.24.00.36.59_veh-47_05600_06769,on_pickup_dropoff,95,1627092770999992,20496977f3dd54fd,capacity_readmission,cap_excluded,kept
7ac08b7c991e5b91,2021.07.24.00.36.59_veh-47_05600_06769,on_pickup_dropoff,95,1627092770999992,483bcb8fe2d65758,capacity_exclusion,kept,cap_excluded
7ac08b7c991e5b91,2021.07.24.00.36.59_veh-47_05600_06769,on_pickup_dropoff,95,1627092770999992,8bbb9450b21b521e,spatial_exit,cap_excluded,outside_frame
7ac08b7c991e5b91,2021.07.24.00.36.59_veh-47_05600_06769,on_pickup_dropoff,95,1627092770999992,b75c821db8675f3a,spatial_entry,outside_frame,cap_excluded
7ac08b7c991e5b91,2021.07.24.00.36.59_veh-47_05600_06769,on_pickup_dropoff,95,1627092770999992,baade75b45bf58f5,spatial_exit,cap_excluded,outside_frame
7ac08b7c991e5b91,2021.07.24.00.36.59_veh-47_05600_06769,on_pickup_dropoff,95,1627092770999992,d8264fb599a85fdb,spatial_exit,cap_excluded,outside_frame
7ac08b7c991e5b91,2021.07.24.00.36.59_veh-47_05600_06769,on_pickup_dropoff,96,1627092771049959,5a56fa41317a54fa,spatial_exit,cap_excluded,outside_frame
7ac08b7c991e5b91,2021.07.24.00.36.59_veh-47_05600_06769,on_pickup_dropoff,96,1627092771049959,5d47c43e0d91545f,spatial_entry,outside_frame,cap_excluded
7ac08b7c991e5b91,2021.07.24.00.36.59_veh-47_05600_06769,on_pickup_dropoff,96,1627092771049959,f5ca0b774e7e5442,spatial_exit,kept,outside_frame
7ac08b7c991e5b91,2021.07.24.00.36.59_veh-47_05600_06769,on_pickup_dropoff,97,1627092771099925,0deb3415a69e58a5,capacity_readmission,cap_excluded,kept
7ac08b7c991e5b91,2021.07.24.00.36.59_veh-47_05600_06769,on_pickup_dropoff,97,1627092771099925,14ef9850e2bb5365,capacity_exclusion,kept,cap_excluded
7ac08b7c991e5b91,2021.07.24.00.36.59_veh-47_05600_06769,on_pickup_dropoff,97,1627092771099925,29ad89cd246e5c7b,observation_appearance_censored,,outside_frame
7ac08b7c991e5b91,2021.07.24.00.36.59_veh-47_05600_06769,on_pickup_dropoff,97,1627092771099925,4643aa809d785252,spatial_exit,cap_excluded,outside_frame
7ac08b7c991e5b91,2021.07.24.00.36.59_veh-47_05600_06769,on_pickup_dropoff,97,1627092771099925,48306dbbd7895f10,observation_disappearance_unknown_cause,outside_frame,
7ac08b7c991e5b91,2021.07.24.00.36.59_veh-47_05600_06769,on_pickup_dropoff,97,1627092771099925,4c71f16083305b3c,spatial_exit,cap_excluded,outside_frame
7ac08b7c991e5b91,2021.07.24.00.36.59_veh-47_05600_06769,on_pickup_dropoff,97,1627092771099925,50f6c2abf00f5975,observation_disappearance_unknown_cause,outside_frame,
7ac08b7c991e5b91,2021.07.24.00.36.59_veh-47_05600_06769,on_pickup_dropoff,97,1627092771099925,7585fe2b5c8357c1,observation_disappearance_unknown_cause,outside_frame,
7ac08b7c991e5b91,2021.07.24.00.36.59_veh-47_05600_06769,on_pickup_dropoff,98,1627092771149895,6b2c6c8f873650d4,observation_disappearance_unknown_cause,outside_frame,
7ac08b7c991e5b91,2021.07.24.00.36.59_veh-47_05600_06769,on_pickup_dropoff,98,1627092771149895,6e2119b579a25a2d,observation_disappearance_unknown_cause,outside_frame,
7ac08b7c991e5b91,2021.07.24.00.36.59_veh-47_05600_06769,on_pickup_dropoff,98,1627092771149895,96f0d5f936565582,observation_appearance_censored,,outside_frame
7ac08b7c991e5b91,2021.07.24.00.36.59_veh-47_05600_06769,on_pickup_dropoff,98,1627092771149895,b9c4b730ce555d23,capacity_readmission,cap_excluded,kept
7ac08b7c991e5b91,2021.07.24.00.36.59_veh-47_05600_06769,on_pickup_dropoff,98,1627092771149895,ca7acb7bb4da5363,capacity_exclusion,kept,cap_excluded
7ac08b7c991e5b91,2021.07.24.00.36.59_veh-47_05600_06769,on_pickup_dropoff,98,1627092771149895,d9405b673d815913,observation_appearance_censored,,outside_frame
7ac08b7c991e5b91,2021.07.24.00.36.59_veh-47_05600_06769,on_pickup_dropoff,98,1627092771149895,f659efd9bce85955,observation_appearance_censored,,outside_frame
7ac08b7c991e5b91,2021.07.24.00.36.59_veh-47_05600_06769,on_pickup_dropoff,99,1627092771199865,40db0855fa215bf7,spatial_entry,outside_frame,cap_excluded
7ac08b7c991e5b91,2021.07.24.00.36.59_veh-47_05600_06769,on_pickup_dropoff,99,1627092771199865,5907cadfce0d56e4,observation_appearance_censored,,outside_frame
7ac08b7c991e5b91,2021.07.24.00.36.59_veh-47_05600_06769,on_pickup_dropoff,99,1627092771199865,83d084022e9a5c64,observation_disappearance_unknown_cause,cap_excluded,
7ac08b7c991e5b91,2021.07.24.00.36.59_veh-47_05600_06769,on_pickup_dropoff,99,1627092771199865,8ea3be6be52e5b72,observation_appearance_censored,,outside_frame
7ac08b7c991e5b91,2021.07.24.00.36.59_veh-47_05600_06769,on_pickup_dropoff,99,1627092771199865,cabbbe480f91559b,observation_disappearance_unknown_cause,outside_frame,
7ac08b7c991e5b91,2021.07.24.00.36.59_veh-47_05600_06769,on_pickup_dropoff,99,1627092771199865,d33ce69700d952b8,spatial_exit,cap_excluded,outside_frame
7ac08b7c991e5b91,2021.07.24.00.36.59_veh-47_05600_06769,on_pickup_dropoff,99,1627092771199865,f868da73aabe564c,spatial_exit,cap_excluded,outside_frame
7ac08b7c991e5b91,2021.07.24.00.36.59_veh-47_05600_06769,on_pickup_dropoff,100,1627092771249837,8d85fc4a17325d7f,capacity_readmission,cap_excluded,kept
7ac08b7c991e5b91,2021.07.24.00.36.59_veh-47_05600_06769,on_pickup_dropoff,100,1627092771249837,93b6d47678a05c93,observation_disappearance_unknown_cause,outside_frame,
7ac08b7c991e5b91,2021.07.24.00.36.59_veh-47_05600_06769,on_pickup_dropoff,100,1627092771249837,b9c4b730ce555d23,capacity_exclusion,kept,cap_excluded
7ac08b7c991e5b91,2021.07.24.00.36.59_veh-47_05600_06769,on_pickup_dropoff,100,1627092771249837,c3c6dc24739f5b4d,observation_appearance_censored,,outside_frame
133ba37489cb5a19,2021.10.12.19.20.46_veh-28_00644_00868,medium_magnitude_speed,7,1634067347899700,92b5a988394f5d04,observation_appearance_censored,,outside_frame
133ba37489cb5a19,2021.10.12.19.20.46_veh-28_00644_00868,medium_magnitude_speed,9,1634067347999643,e82ec285bce85f19,observation_disappearance_unknown_cause,outside_frame,
133ba37489cb5a19,2021.10.12.19.20.46_veh-28_00644_00868,medium_magnitude_speed,11,1634067348099590,f33e0f9061cf54cc,spatial_exit,kept,outside_frame
133ba37489cb5a19,2021.10.12.19.20.46_veh-28_00644_00868,medium_magnitude_speed,12,1634067348149572,85cda108d7cb51e3,spatial_exit,kept,outside_frame
133ba37489cb5a19,2021.10.12.19.20.46_veh-28_00644_00868,medium_magnitude_speed,15,1634067348299565,9237a9945dc9566c,spatial_exit,kept,outside_frame
133ba37489cb5a19,2021.10.12.19.20.46_veh-28_00644_00868,medium_magnitude_speed,16,1634067348349578,41090c32dae0514f,spatial_exit,kept,outside_frame
133ba37489cb5a19,2021.10.12.19.20.46_veh-28_00644_00868,medium_magnitude_speed,16,1634067348349578,9578c77403d5585c,observation_disappearance_unknown_cause,kept,
133ba37489cb5a19,2021.10.12.19.20.46_veh-28_00644_00868,medium_magnitude_speed,17,1634067348399597,92b5a988394f5d04,observation_disappearance_unknown_cause,outside_frame,
133ba37489cb5a19,2021.10.12.19.20.46_veh-28_00644_00868,medium_magnitude_speed,18,1634067348449620,1c9040c98e42545c,observation_appearance_censored,,outside_frame
133ba37489cb5a19,2021.10.12.19.20.46_veh-28_00644_00868,medium_magnitude_speed,19,1634067348499644,2d40aa0dc869578c,observation_disappearance_unknown_cause,kept,
133ba37489cb5a19,2021.10.12.19.20.46_veh-28_00644_00868,medium_magnitude_speed,21,1634067348599703,f59ace50ed3b558f,observation_disappearance_unknown_cause,kept,
133ba37489cb5a19,2021.10.12.19.20.46_veh-28_00644_00868,medium_magnitude_speed,22,1634067348649738,f9f64c8e6f1a5bde,observation_appearance_censored,,outside_frame
133ba37489cb5a19,2021.10.12.19.20.46_veh-28_00644_00868,medium_magnitude_speed,25,1634067348799837,100f78fd9e4357ab,observation_disappearance_unknown_cause,outside_frame,
133ba37489cb5a19,2021.10.12.19.20.46_veh-28_00644_00868,medium_magnitude_speed,25,1634067348799837,d7ea0238b9d157f3,observation_appearance_censored,,kept
133ba37489cb5a19,2021.10.12.19.20.46_veh-28_00644_00868,medium_magnitude_speed,26,1634067348849873,c86718c042e45ccd,spatial_exit,kept,outside_frame
133ba37489cb5a19,2021.10.12.19.20.46_veh-28_00644_00868,medium_magnitude_speed,28,1634067348949941,945f4b908270593f,observation_disappearance_unknown_cause,kept,
133ba37489cb5a19,2021.10.12.19.20.46_veh-28_00644_00868,medium_magnitude_speed,28,1634067348949941,b7189fc20344588c,observation_disappearance_unknown_cause,kept,
133ba37489cb5a19,2021.10.12.19.20.46_veh-28_00644_00868,medium_magnitude_speed,29,1634067348999974,478f97a879715707,observation_disappearance_unknown_cause,outside_frame,
133ba37489cb5a19,2021.10.12.19.20.46_veh-28_00644_00868,medium_magnitude_speed,30,1634067349050006,b09b05486d62563f,spatial_exit,kept,outside_frame
133ba37489cb5a19,2021.10.12.19.20.46_veh-28_00644_00868,medium_magnitude_speed,32,1634067349150061,80c7b4d6ef21532e,observation_appearance_censored,,outside_frame
133ba37489cb5a19,2021.10.12.19.20.46_veh-28_00644_00868,medium_magnitude_speed,33,1634067349200078,d7ea0238b9d157f3,observation_disappearance_unknown_cause,kept,
133ba37489cb5a19,2021.10.12.19.20.46_veh-28_00644_00868,medium_magnitude_speed,35,1634067349300091,74496a71ebda57c2,spatial_exit,kept,outside_frame
133ba37489cb5a19,2021.10.12.19.20.46_veh-28_00644_00868,medium_magnitude_speed,40,1634067349550024,46111e9d5bdd5336,observation_appearance_censored,,kept
133ba37489cb5a19,2021.10.12.19.20.46_veh-28_00644_00868,medium_magnitude_speed,41,1634067349599998,ad147d17eea851ee,observation_appearance_censored,,outside_frame
133ba37489cb5a19,2021.10.12.19.20.46_veh-28_00644_00868,medium_magnitude_speed,42,1634067349649971,57171db9b2c55931,observation_appearance_censored,,raw_drivable_area_exclusion
133ba37489cb5a19,2021.10.12.19.20.46_veh-28_00644_00868,medium_magnitude_speed,42,1634067349649971,f9f64c8e6f1a5bde,observation_disappearance_unknown_cause,outside_frame,
133ba37489cb5a19,2021.10.12.19.20.46_veh-28_00644_00868,medium_magnitude_speed,44,1634067349749908,5fdb8b3e979756d0,observation_appearance_censored,,kept
133ba37489cb5a19,2021.10.12.19.20.46_veh-28_00644_00868,medium_magnitude_speed,44,1634067349749908,7e3c824897735cea,observation_disappearance_unknown_cause,kept,
133ba37489cb5a19,2021.10.12.19.20.46_veh-28_00644_00868,medium_magnitude_speed,45,1634067349799875,3eebaa55969d5f10,observation_appearance_censored,,kept
133ba37489cb5a19,2021.10.12.19.20.46_veh-28_00644_00868,medium_magnitude_speed,47,1634067349899810,d6b780af43765c2a,spatial_exit,kept,outside_frame
133ba37489cb5a19,2021.10.12.19.20.46_veh-28_00644_00868,medium_magnitude_speed,48,1634067349949781,5e931ebe364351f5,observation_disappearance_unknown_cause,kept,
133ba37489cb5a19,2021.10.12.19.20.46_veh-28_00644_00868,medium_magnitude_speed,48,1634067349949781,fe19409ab0fe5bd6,observation_appearance_censored,,outside_frame
133ba37489cb5a19,2021.10.12.19.20.46_veh-28_00644_00868,medium_magnitude_speed,49,1634067349999759,dac95d54992e56d9,observation_appearance_censored,,outside_frame
133ba37489cb5a19,2021.10.12.19.20.46_veh-28_00644_00868,medium_magnitude_speed,50,1634067350049740,ac35f1865b3450b7,observation_appearance_censored,,kept
133ba37489cb5a19,2021.10.12.19.20.46_veh-28_00644_00868,medium_magnitude_speed,52,1634067350149714,06f29f47e91d5f62,observation_appearance_censored,,outside_frame
133ba37489cb5a19,2021.10.12.19.20.46_veh-28_00644_00868,medium_magnitude_speed,57,1634067350399735,7751dae8bc165d7c,observation_appearance_censored,,outside_frame
133ba37489cb5a19,2021.10.12.19.20.46_veh-28_00644_00868,medium_magnitude_speed,57,1634067350399735,d68bd205f7435db3,spatial_entry,outside_frame,kept
133ba37489cb5a19,2021.10.12.19.20.46_veh-28_00644_00868,medium_magnitude_speed,59,1634067350499767,f33e0f9061cf54cc,observation_disappearance_unknown_cause,outside_frame,
133ba37489cb5a19,2021.10.12.19.20.46_veh-28_00644_00868,medium_magnitude_speed,61,1634067350599807,b4e5910e6e855644,spatial_entry,outside_frame,kept
133ba37489cb5a19,2021.10.12.19.20.46_veh-28_00644_00868,medium_magnitude_speed,62,1634067350649832,222004a9627e5f7a,observation_appearance_censored,,raw_drivable_area_exclusion
133ba37489cb5a19,2021.10.12.19.20.46_veh-28_00644_00868,medium_magnitude_speed,62,1634067350649832,e5a0f06ff3a15566,observation_appearance_censored,,outside_frame
133ba37489cb5a19,2021.10.12.19.20.46_veh-28_00644_00868,medium_magnitude_speed,62,1634067350649832,e9ce6653119f5a32,observation_appearance_censored,,outside_frame
133ba37489cb5a19,2021.10.12.19.20.46_veh-28_00644_00868,medium_magnitude_speed,63,1634067350699857,3b4f327940725f31,observation_appearance_censored,,outside_frame
133ba37489cb5a19,2021.10.12.19.20.46_veh-28_00644_00868,medium_magnitude_speed,66,1634067350849927,ad147d17eea851ee,observation_disappearance_unknown_cause,outside_frame,
133ba37489cb5a19,2021.10.12.19.20.46_veh-28_00644_00868,medium_magnitude_speed,68,1634067350949974,fe19409ab0fe5bd6,observation_disappearance_unknown_cause,outside_frame,
133ba37489cb5a19,2021.10.12.19.20.46_veh-28_00644_00868,medium_magnitude_speed,69,1634067350999993,380bbdf43d5d57df,observation_appearance_censored,,outside_frame
133ba37489cb5a19,2021.10.12.19.20.46_veh-28_00644_00868,medium_magnitude_speed,70,1634067351050010,d6b780af43765c2a,observation_disappearance_unknown_cause,outside_frame,
133ba37489cb5a19,2021.10.12.19.20.46_veh-28_00644_00868,medium_magnitude_speed,70,1634067351050010,fe161012cc4956dd,observation_appearance_censored,,outside_frame
133ba37489cb5a19,2021.10.12.19.20.46_veh-28_00644_00868,medium_magnitude_speed,71,1634067351100022,48f7fdddbe9c54f2,observation_appearance_censored,,outside_frame
133ba37489cb5a19,2021.10.12.19.20.46_veh-28_00644_00868,medium_magnitude_speed,71,1634067351100022,e9ce6653119f5a32,observation_disappearance_unknown_cause,outside_frame,
133ba37489cb5a19,2021.10.12.19.20.46_veh-28_00644_00868,medium_magnitude_speed,74,1634067351250015,06f29f47e91d5f62,observation_disappearance_unknown_cause,outside_frame,
133ba37489cb5a19,2021.10.12.19.20.46_veh-28_00644_00868,medium_magnitude_speed,74,1634067351250015,6a34e45335905fae,observation_appearance_censored,,outside_frame
133ba37489cb5a19,2021.10.12.19.20.46_veh-28_00644_00868,medium_magnitude_speed,77,1634067351399975,40b7787c9a9559cd,observation_appearance_censored,,raw_drivable_area_exclusion
133ba37489cb5a19,2021.10.12.19.20.46_veh-28_00644_00868,medium_magnitude_speed,79,1634067351499938,4699d22192815e65,spatial_exit,kept,outside_frame
133ba37489cb5a19,2021.10.12.19.20.46_veh-28_00644_00868,medium_magnitude_speed,79,1634067351499938,a67a4f4950b75a49,observation_appearance_censored,,outside_frame
133ba37489cb5a19,2021.10.12.19.20.46_veh-28_00644_00868,medium_magnitude_speed,84,1634067351749819,6924784f357d57c4,spatial_entry,outside_frame,kept
133ba37489cb5a19,2021.10.12.19.20.46_veh-28_00644_00868,medium_magnitude_speed,84,1634067351749819,71d9b85bfcd45855,observation_appearance_censored,,outside_frame
133ba37489cb5a19,2021.10.12.19.20.46_veh-28_00644_00868,medium_magnitude_speed,86,1634067351849782,ab332991063e55e0,observation_appearance_censored,,raw_drivable_area_exclusion
133ba37489cb5a19,2021.10.12.19.20.46_veh-28_00644_00868,medium_magnitude_speed,87,1634067351899761,e8c71c767ba55b6a,spatial_entry,outside_frame,kept
133ba37489cb5a19,2021.10.12.19.20.46_veh-28_00644_00868,medium_magnitude_speed,89,1634067351999727,9881d0a6e34b5b9a,observation_appearance_censored,,outside_frame
133ba37489cb5a19,2021.10.12.19.20.46_veh-28_00644_00868,medium_magnitude_speed,90,1634067352049716,74496a71ebda57c2,observation_disappearance_unknown_cause,outside_frame,
133ba37489cb5a19,2021.10.12.19.20.46_veh-28_00644_00868,medium_magnitude_speed,90,1634067352049716,c0a665e283f65385,observation_disappearance_unknown_cause,outside_frame,
133ba37489cb5a19,2021.10.12.19.20.46_veh-28_00644_00868,medium_magnitude_speed,91,1634067352099709,4888850cb4cd56c0,spatial_entry,outside_frame,kept
133ba37489cb5a19,2021.10.12.19.20.46_veh-28_00644_00868,medium_magnitude_speed,91,1634067352099709,82d2c196084b59b2,observation_appearance_censored,,outside_frame
133ba37489cb5a19,2021.10.12.19.20.46_veh-28_00644_00868,medium_magnitude_speed,91,1634067352099709,85cda108d7cb51e3,observation_disappearance_unknown_cause,outside_frame,
133ba37489cb5a19,2021.10.12.19.20.46_veh-28_00644_00868,medium_magnitude_speed,93,1634067352199715,ab28303c88335b65,observation_appearance_censored,,raw_drivable_area_exclusion
133ba37489cb5a19,2021.10.12.19.20.46_veh-28_00644_00868,medium_magnitude_speed,93,1634067352199715,ac35f1865b3450b7,observation_disappearance_unknown_cause,kept,
133ba37489cb5a19,2021.10.12.19.20.46_veh-28_00644_00868,medium_magnitude_speed,94,1634067352249723,6a34e45335905fae,observation_disappearance_unknown_cause,outside_frame,
133ba37489cb5a19,2021.10.12.19.20.46_veh-28_00644_00868,medium_magnitude_speed,94,1634067352249723,9881d0a6e34b5b9a,observation_disappearance_unknown_cause,outside_frame,
133ba37489cb5a19,2021.10.12.19.20.46_veh-28_00644_00868,medium_magnitude_speed,96,1634067352349748,3eebaa55969d5f10,observation_disappearance_unknown_cause,kept,
133ba37489cb5a19,2021.10.12.19.20.46_veh-28_00644_00868,medium_magnitude_speed,98,1634067352449788,80c7b4d6ef21532e,observation_disappearance_unknown_cause,outside_frame,
133ba37489cb5a19,2021.10.12.19.20.46_veh-28_00644_00868,medium_magnitude_speed,99,1634067352499813,6f7a3190a0365f95,observation_appearance_censored,,outside_frame
133ba37489cb5a19,2021.10.12.19.20.46_veh-28_00644_00868,medium_magnitude_speed,100,1634067352549841,b42728214eab55aa,observation_disappearance_unknown_cause,outside_frame,
1dfd6bf435ba5300,2021.06.08.17.36.50_veh-26_00639_01479,traversing_pickup_dropoff,1,1623189031638152,928af373a69f52aa,observation_appearance_censored,,outside_frame
1dfd6bf435ba5300,2021.06.08.17.36.50_veh-26_00639_01479,traversing_pickup_dropoff,1,1623189031638152,b061416f8dc75a31,observation_appearance_censored,,outside_frame
1dfd6bf435ba5300,2021.06.08.17.36.50_veh-26_00639_01479,traversing_pickup_dropoff,2,1623189031687961,a62b72535adc50fb,observation_appearance_censored,,outside_frame
1dfd6bf435ba5300,2021.06.08.17.36.50_veh-26_00639_01479,traversing_pickup_dropoff,4,1623189031787590,1fbc143e72185668,observation_appearance_censored,,outside_frame
1dfd6bf435ba5300,2021.06.08.17.36.50_veh-26_00639_01479,traversing_pickup_dropoff,4,1623189031787590,d372e4e584085b88,observation_appearance_censored,,kept
1dfd6bf435ba5300,2021.06.08.17.36.50_veh-26_00639_01479,traversing_pickup_dropoff,4,1623189031787590,e8103a50a54e5671,capacity_exclusion,kept,cap_excluded
1dfd6bf435ba5300,2021.06.08.17.36.50_veh-26_00639_01479,traversing_pickup_dropoff,5,1623189031837409,142cb5fcdb4258ba,observation_disappearance_unknown_cause,outside_frame,
1dfd6bf435ba5300,2021.06.08.17.36.50_veh-26_00639_01479,traversing_pickup_dropoff,11,1623189032136306,67c41cb80b3f543b,observation_disappearance_unknown_cause,kept,
1dfd6bf435ba5300,2021.06.08.17.36.50_veh-26_00639_01479,traversing_pickup_dropoff,11,1623189032136306,a62b72535adc50fb,observation_disappearance_unknown_cause,outside_frame,
1dfd6bf435ba5300,2021.06.08.17.36.50_veh-26_00639_01479,traversing_pickup_dropoff,11,1623189032136306,a886c5f32b0c58e4,observation_disappearance_unknown_cause,kept,
1dfd6bf435ba5300,2021.06.08.17.36.50_veh-26_00639_01479,traversing_pickup_dropoff,11,1623189032136306,b061416f8dc75a31,observation_disappearance_unknown_cause,outside_frame,
1dfd6bf435ba5300,2021.06.08.17.36.50_veh-26_00639_01479,traversing_pickup_dropoff,11,1623189032136306,cc91ef42952253b3,capacity_readmission,cap_excluded,kept
1dfd6bf435ba5300,2021.06.08.17.36.50_veh-26_00639_01479,traversing_pickup_dropoff,11,1623189032136306,d372e4e584085b88,observation_disappearance_unknown_cause,kept,
1dfd6bf435ba5300,2021.06.08.17.36.50_veh-26_00639_01479,traversing_pickup_dropoff,11,1623189032136306,e8103a50a54e5671,capacity_readmission,cap_excluded,kept
1dfd6bf435ba5300,2021.06.08.17.36.50_veh-26_00639_01479,traversing_pickup_dropoff,12,1623189032186118,2e3c9a1b83d75600,observation_appearance_censored,,outside_frame
1dfd6bf435ba5300,2021.06.08.17.36.50_veh-26_00639_01479,traversing_pickup_dropoff,13,1623189032235926,0a85a01f28d657d3,observation_disappearance_unknown_cause,outside_frame,
1dfd6bf435ba5300,2021.06.08.17.36.50_veh-26_00639_01479,traversing_pickup_dropoff,16,1623189032385341,5e4bb6041d7c5db7,observation_appearance_censored,,outside_frame
1dfd6bf435ba5300,2021.06.08.17.36.50_veh-26_00639_01479,traversing_pickup_dropoff,16,1623189032385341,cc91ef42952253b3,capacity_exclusion,kept,cap_excluded
1dfd6bf435ba5300,2021.06.08.17.36.50_veh-26_00639_01479,traversing_pickup_dropoff,16,1623189032385341,cfe74f05c0405656,observation_appearance_censored,,kept
1dfd6bf435ba5300,2021.06.08.17.36.50_veh-26_00639_01479,traversing_pickup_dropoff,16,1623189032385341,d4c7fa730df157ee,observation_disappearance_unknown_cause,outside_frame,
1dfd6bf435ba5300,2021.06.08.17.36.50_veh-26_00639_01479,traversing_pickup_dropoff,17,1623189032435153,d3ae78850a535ab5,observation_appearance_censored,,outside_frame
1dfd6bf435ba5300,2021.06.08.17.36.50_veh-26_00639_01479,traversing_pickup_dropoff,19,1623189032534792,68352298f50957a5,observation_disappearance_unknown_cause,outside_frame,
1dfd6bf435ba5300,2021.06.08.17.36.50_veh-26_00639_01479,traversing_pickup_dropoff,20,1623189032584617,2e3c9a1b83d75600,observation_disappearance_unknown_cause,outside_frame,
1dfd6bf435ba5300,2021.06.08.17.36.50_veh-26_00639_01479,traversing_pickup_dropoff,21,1623189032634445,fe4fa213faed50a1,observation_disappearance_unknown_cause,outside_frame,
1dfd6bf435ba5300,2021.06.08.17.36.50_veh-26_00639_01479,traversing_pickup_dropoff,22,1623189032684274,07c1ec4b43b251f8,observation_disappearance_unknown_cause,kept,
1dfd6bf435ba5300,2021.06.08.17.36.50_veh-26_00639_01479,traversing_pickup_dropoff,22,1623189032684274,9cbf6a3b6dab5f4f,observation_appearance_censored,,outside_frame
1dfd6bf435ba5300,2021.06.08.17.36.50_veh-26_00639_01479,traversing_pickup_dropoff,23,1623189032734105,e8103a50a54e5671,capacity_exclusion,kept,cap_excluded
1dfd6bf435ba5300,2021.06.08.17.36.50_veh-26_00639_01479,traversing_pickup_dropoff,23,1623189032734105,ee20929fbcc2545e,observation_appearance_censored,,kept
1dfd6bf435ba5300,2021.06.08.17.36.50_veh-26_00639_01479,traversing_pickup_dropoff,24,1623189032783932,93c3e556df635593,observation_disappearance_unknown_cause,outside_frame,
1dfd6bf435ba5300,2021.06.08.17.36.50_veh-26_00639_01479,traversing_pickup_dropoff,25,1623189032833758,7fabda555eab534a,observation_appearance_censored,,cap_excluded
1dfd6bf435ba5300,2021.06.08.17.36.50_veh-26_00639_01479,traversing_pickup_dropoff,26,1623189032883580,7fabda555eab534a,capacity_readmission,cap_excluded,kept
1dfd6bf435ba5300,2021.06.08.17.36.50_veh-26_00639_01479,traversing_pickup_dropoff,26,1623189032883580,ee20929fbcc2545e,observation_disappearance_unknown_cause,kept,
1dfd6bf435ba5300,2021.06.08.17.36.50_veh-26_00639_01479,traversing_pickup_dropoff,27,1623189032933397,b4717fb5b8a5510e,observation_appearance_censored,,outside_frame
1dfd6bf435ba5300,2021.06.08.17.36.50_veh-26_00639_01479,traversing_pickup_dropoff,29,1623189033033020,7fabda555eab534a,capacity_exclusion,kept,cap_excluded
1dfd6bf435ba5300,2021.06.08.17.36.50_veh-26_00639_01479,traversing_pickup_dropoff,29,1623189033033020,c3cefb1c7b3f5125,observation_appearance_censored,,outside_frame
1dfd6bf435ba5300,2021.06.08.17.36.50_veh-26_00639_01479,traversing_pickup_dropoff,29,1623189033033020,d2ae24841b0a56ec,observation_appearance_censored,,outside_frame
1dfd6bf435ba5300,2021.06.08.17.36.50_veh-26_00639_01479,traversing_pickup_dropoff,29,1623189033033020,f3f4f964f3ce5c35,observation_appearance_censored,,kept
1dfd6bf435ba5300,2021.06.08.17.36.50_veh-26_00639_01479,traversing_pickup_dropoff,32,1623189033182478,02a0a0087d645141,observation_disappearance_unknown_cause,kept,
1dfd6bf435ba5300,2021.06.08.17.36.50_veh-26_00639_01479,traversing_pickup_dropoff,32,1623189033182478,5d3be70e12975fc4,capacity_exclusion,kept,cap_excluded
1dfd6bf435ba5300,2021.06.08.17.36.50_veh-26_00639_01479,traversing_pickup_dropoff,32,1623189033182478,7fabda555eab534a,capacity_readmission,cap_excluded,kept
1dfd6bf435ba5300,2021.06.08.17.36.50_veh-26_00639_01479,traversing_pickup_dropoff,32,1623189033182478,8ffa9428bd1553d1,observation_disappearance_unknown_cause,outside_frame,
1dfd6bf435ba5300,2021.06.08.17.36.50_veh-26_00639_01479,traversing_pickup_dropoff,33,1623189033232306,e8103a50a54e5671,capacity_readmission,cap_excluded,kept
1dfd6bf435ba5300,2021.06.08.17.36.50_veh-26_00639_01479,traversing_pickup_dropoff,33,1623189033232306,f3f4f964f3ce5c35,observation_disappearance_unknown_cause,kept,
1dfd6bf435ba5300,2021.06.08.17.36.50_veh-26_00639_01479,traversing_pickup_dropoff,35,1623189033331958,13be96c106c753db,observation_disappearance_unknown_cause,outside_frame,
1dfd6bf435ba5300,2021.06.08.17.36.50_veh-26_00639_01479,traversing_pickup_dropoff,35,1623189033331958,43ee5567e5be58f4,observation_disappearance_unknown_cause,outside_frame,
1dfd6bf435ba5300,2021.06.08.17.36.50_veh-26_00639_01479,traversing_pickup_dropoff,36,1623189033381778,16a59d9b4b465380,observation_appearance_censored,,outside_frame
1dfd6bf435ba5300,2021.06.08.17.36.50_veh-26_00639_01479,traversing_pickup_dropoff,37,1623189033431595,5d3be70e12975fc4,capacity_readmission,cap_excluded,kept
1dfd6bf435ba5300,2021.06.08.17.36.50_veh-26_00639_01479,traversing_pickup_dropoff,37,1623189033431595,f525c0a269175005,observation_disappearance_unknown_cause,kept,
1dfd6bf435ba5300,2021.06.08.17.36.50_veh-26_00639_01479,traversing_pickup_dropoff,38,1623189033481413,06f798f90bab5b49,observation_disappearance_unknown_cause,outside_frame,
1dfd6bf435ba5300,2021.06.08.17.36.50_veh-26_00639_01479,traversing_pickup_dropoff,38,1623189033481413,94eb8e93fd4f5a2c,observation_disappearance_unknown_cause,outside_frame,
1dfd6bf435ba5300,2021.06.08.17.36.50_veh-26_00639_01479,traversing_pickup_dropoff,39,1623189033531231,78b3a6bfd8b15dba,observation_disappearance_unknown_cause,kept,
1dfd6bf435ba5300,2021.06.08.17.36.50_veh-26_00639_01479,traversing_pickup_dropoff,39,1623189033531231,cc91ef42952253b3,capacity_readmission,cap_excluded,kept
1dfd6bf435ba5300,2021.06.08.17.36.50_veh-26_00639_01479,traversing_pickup_dropoff,40,1623189033581051,0956b878f2565682,observation_appearance_censored,,outside_frame
1dfd6bf435ba5300,2021.06.08.17.36.50_veh-26_00639_01479,traversing_pickup_dropoff,40,1623189033581051,5f1a7f4ecdb4510b,observation_appearance_censored,,kept
1dfd6bf435ba5300,2021.06.08.17.36.50_veh-26_00639_01479,traversing_pickup_dropoff,40,1623189033581051,cc91ef42952253b3,capacity_exclusion,kept,cap_excluded
1dfd6bf435ba5300,2021.06.08.17.36.50_veh-26_00639_01479,traversing_pickup_dropoff,41,1623189033630872,5df753b9fbdc573d,observation_disappearance_unknown_cause,kept,
1dfd6bf435ba5300,2021.06.08.17.36.50_veh-26_00639_01479,traversing_pickup_dropoff,41,1623189033630872,7933b2ebb34b5a47,observation_disappearance_unknown_cause,kept,
1dfd6bf435ba5300,2021.06.08.17.36.50_veh-26_00639_01479,traversing_pickup_dropoff,41,1623189033630872,c0d7604436b259f7,capacity_readmission,cap_excluded,kept
1dfd6bf435ba5300,2021.06.08.17.36.50_veh-26_00639_01479,traversing_pickup_dropoff,41,1623189033630872,cc91ef42952253b3,capacity_readmission,cap_excluded,kept
1dfd6bf435ba5300,2021.06.08.17.36.50_veh-26_00639_01479,traversing_pickup_dropoff,42,1623189033680695,babb8224602d5ee8,observation_disappearance_unknown_cause,outside_frame,
1dfd6bf435ba5300,2021.06.08.17.36.50_veh-26_00639_01479,traversing_pickup_dropoff,43,1623189033730522,8fe4e47325895cef,observation_appearance_censored,,kept
1dfd6bf435ba5300,2021.06.08.17.36.50_veh-26_00639_01479,traversing_pickup_dropoff,43,1623189033730522,a37e3a0a0dcc52ec,observation_appearance_censored,,outside_frame
1dfd6bf435ba5300,2021.06.08.17.36.50_veh-26_00639_01479,traversing_pickup_dropoff,44,1623189033780355,0e722ab4211958c5,observation_appearance_censored,,outside_frame
1dfd6bf435ba5300,2021.06.08.17.36.50_veh-26_00639_01479,traversing_pickup_dropoff,44,1623189033780355,e29f3ce705455d2d,observation_appearance_censored,,outside_frame
1dfd6bf435ba5300,2021.06.08.17.36.50_veh-26_00639_01479,traversing_pickup_dropoff,45,1623189033830192,23af7e16ed5c5ac4,capacity_readmission,cap_excluded,kept
1dfd6bf435ba5300,2021.06.08.17.36.50_veh-26_00639_01479,traversing_pickup_dropoff,45,1623189033830192,2712a3db1a585d0c,spatial_entry,outside_frame,cap_excluded
1dfd6bf435ba5300,2021.06.08.17.36.50_veh-26_00639_01479,traversing_pickup_dropoff,45,1623189033830192,5d3be70e12975fc4,capacity_exclusion,kept,cap_excluded
1dfd6bf435ba5300,2021.06.08.17.36.50_veh-26_00639_01479,traversing_pickup_dropoff,45,1623189033830192,690779f5e1305446,observation_disappearance_unknown_cause,outside_frame,
1dfd6bf435ba5300,2021.06.08.17.36.50_veh-26_00639_01479,traversing_pickup_dropoff,45,1623189033830192,c4aa8a6062cb57be,observation_disappearance_unknown_cause,kept,
1dfd6bf435ba5300,2021.06.08.17.36.50_veh-26_00639_01479,traversing_pickup_dropoff,46,1623189033880033,edc565caa692579b,observation_disappearance_unknown_cause,outside_frame,
1dfd6bf435ba5300,2021.06.08.17.36.50_veh-26_00639_01479,traversing_pickup_dropoff,47,1623189033929875,1fbc143e72185668,observation_disappearance_unknown_cause,outside_frame,
1dfd6bf435ba5300,2021.06.08.17.36.50_veh-26_00639_01479,traversing_pickup_dropoff,50,1623189034079386,87236b0ee728549d,observation_appearance_censored,,cap_excluded
1dfd6bf435ba5300,2021.06.08.17.36.50_veh-26_00639_01479,traversing_pickup_dropoff,52,1623189034179044,8d0144b5218b5b30,observation_disappearance_unknown_cause,outside_frame,
1dfd6bf435ba5300,2021.06.08.17.36.50_veh-26_00639_01479,traversing_pickup_dropoff,52,1623189034179044,e7f3a5764aac58b4,observation_disappearance_unknown_cause,outside_frame,
1dfd6bf435ba5300,2021.06.08.17.36.50_veh-26_00639_01479,traversing_pickup_dropoff,53,1623189034228878,5d3be70e12975fc4,spatial_exit,cap_excluded,outside_frame
1dfd6bf435ba5300,2021.06.08.17.36.50_veh-26_00639_01479,traversing_pickup_dropoff,53,1623189034228878,7d643a4a95f753cb,observation_disappearance_unknown_cause,outside_frame,
1dfd6bf435ba5300,2021.06.08.17.36.50_veh-26_00639_01479,traversing_pickup_dropoff,54,1623189034278717,6095d793e2095001,capacity_readmission,cap_excluded,kept
1dfd6bf435ba5300,2021.06.08.17.36.50_veh-26_00639_01479,traversing_pickup_dropoff,54,1623189034278717,c3cefb1c7b3f5125,spatial_entry,outside_frame,kept
1dfd6bf435ba5300,2021.06.08.17.36.50_veh-26_00639_01479,traversing_pickup_dropoff,54,1623189034278717,cfe74f05c0405656,observation_disappearance_unknown_cause,kept,
1dfd6bf435ba5300,2021.06.08.17.36.50_veh-26_00639_01479,traversing_pickup_dropoff,55,1623189034328563,0e722ab4211958c5,observation_disappearance_unknown_cause,outside_frame,
1dfd6bf435ba5300,2021.06.08.17.36.50_veh-26_00639_01479,traversing_pickup_dropoff,55,1623189034328563,e53c61946d2b5809,observation_appearance_censored,,outside_frame
1dfd6bf435ba5300,2021.06.08.17.36.50_veh-26_00639_01479,traversing_pickup_dropoff,56,1623189034378415,6095d793e2095001,capacity_exclusion,kept,cap_excluded
1dfd6bf435ba5300,2021.06.08.17.36.50_veh-26_00639_01479,traversing_pickup_dropoff,56,1623189034378415,aa51b4e395f65827,observation_appearance_censored,,kept
1dfd6bf435ba5300,2021.06.08.17.36.50_veh-26_00639_01479,traversing_pickup_dropoff,56,1623189034378415,d02df06d4f315836,observation_disappearance_unknown_cause,outside_frame,
1dfd6bf435ba5300,2021.06.08.17.36.50_veh-26_00639_01479,traversing_pickup_dropoff,57,1623189034428267,50ba4b7e57df5053,spatial_entry,outside_frame,kept
1dfd6bf435ba5300,2021.06.08.17.36.50_veh-26_00639_01479,traversing_pickup_dropoff,57,1623189034428267,5d3be70e12975fc4,observation_disappearance_unknown_cause,outside_frame,
1dfd6bf435ba5300,2021.06.08.17.36.50_veh-26_00639_01479,traversing_pickup_dropoff,58,1623189034478123,9eae644504905971,observation_appearance_censored,,outside_frame
1dfd6bf435ba5300,2021.06.08.17.36.50_veh-26_00639_01479,traversing_pickup_dropoff,59,1623189034527976,a664271d696257f1,observation_appearance_censored,,outside_frame
1dfd6bf435ba5300,2021.06.08.17.36.50_veh-26_00639_01479,traversing_pickup_dropoff,59,1623189034527976,de268e5716745234,observation_disappearance_unknown_cause,outside_frame,
1dfd6bf435ba5300,2021.06.08.17.36.50_veh-26_00639_01479,traversing_pickup_dropoff,60,1623189034577828,6095d793e2095001,capacity_readmission,cap_excluded,kept
1dfd6bf435ba5300,2021.06.08.17.36.50_veh-26_00639_01479,traversing_pickup_dropoff,60,1623189034577828,aa51b4e395f65827,observation_disappearance_unknown_cause,kept,
1dfd6bf435ba5300,2021.06.08.17.36.50_veh-26_00639_01479,traversing_pickup_dropoff,61,1623189034627682,5564c2b87dfa589b,capacity_readmission,cap_excluded,kept
1dfd6bf435ba5300,2021.06.08.17.36.50_veh-26_00639_01479,traversing_pickup_dropoff,61,1623189034627682,64b9616634005f1d,capacity_readmission,cap_excluded,kept
1dfd6bf435ba5300,2021.06.08.17.36.50_veh-26_00639_01479,traversing_pickup_dropoff,61,1623189034627682,7fabda555eab534a,observation_disappearance_unknown_cause,kept,
1dfd6bf435ba5300,2021.06.08.17.36.50_veh-26_00639_01479,traversing_pickup_dropoff,61,1623189034627682,cc73b195ee43599b,observation_disappearance_unknown_cause,kept,
1dfd6bf435ba5300,2021.06.08.17.36.50_veh-26_00639_01479,traversing_pickup_dropoff,62,1623189034677538,aa2aaa44705c5be9,spatial_entry,outside_frame,cap_excluded
1dfd6bf435ba5300,2021.06.08.17.36.50_veh-26_00639_01479,traversing_pickup_dropoff,62,1623189034677538,d3ae78850a535ab5,spatial_entry,outside_frame,cap_excluded
1dfd6bf435ba5300,2021.06.08.17.36.50_veh-26_00639_01479,traversing_pickup_dropoff,63,1623189034727396,6a6a2e1fe4a659e7,observation_appearance_censored,,outside_frame
1dfd6bf435ba5300,2021.06.08.17.36.50_veh-26_00639_01479,traversing_pickup_dropoff,63,1623189034727396,9eee27cae5af52cc,capacity_readmission,cap_excluded,kept
1dfd6bf435ba5300,2021.06.08.17.36.50_veh-26_00639_01479,traversing_pickup_dropoff,63,1623189034727396,b5120c1dc4ba56fe,observation_appearance_censored,,outside_frame
1dfd6bf435ba5300,2021.06.08.17.36.50_veh-26_00639_01479,traversing_pickup_dropoff,63,1623189034727396,d15ae734688a536e,observation_appearance_censored,,outside_frame
1dfd6bf435ba5300,2021.06.08.17.36.50_veh-26_00639_01479,traversing_pickup_dropoff,63,1623189034727396,d39e83f96fb0599d,observation_disappearance_unknown_cause,kept,
1dfd6bf435ba5300,2021.06.08.17.36.50_veh-26_00639_01479,traversing_pickup_dropoff,64,1623189034777259,caee245528d759b4,observation_appearance_censored,,outside_frame
1dfd6bf435ba5300,2021.06.08.17.36.50_veh-26_00639_01479,traversing_pickup_dropoff,65,1623189034827125,178860363806537a,observation_disappearance_unknown_cause,outside_frame,
1dfd6bf435ba5300,2021.06.08.17.36.50_veh-26_00639_01479,traversing_pickup_dropoff,65,1623189034827125,2b25e27811725964,spatial_entry,outside_frame,kept
1dfd6bf435ba5300,2021.06.08.17.36.50_veh-26_00639_01479,traversing_pickup_dropoff,65,1623189034827125,9eee27cae5af52cc,capacity_exclusion,kept,cap_excluded
1dfd6bf435ba5300,2021.06.08.17.36.50_veh-26_00639_01479,traversing_pickup_dropoff,66,1623189034876999,64b9616634005f1d,capacity_exclusion,kept,cap_excluded
1dfd6bf435ba5300,2021.06.08.17.36.50_veh-26_00639_01479,traversing_pickup_dropoff,66,1623189034876999,c5885559194556d4,spatial_entry,outside_frame,kept
1dfd6bf435ba5300,2021.06.08.17.36.50_veh-26_00639_01479,traversing_pickup_dropoff,70,1623189035076550,73cf672ec60654bb,spatial_entry,outside_frame,cap_excluded
1dfd6bf435ba5300,2021.06.08.17.36.50_veh-26_00639_01479,traversing_pickup_dropoff,71,1623189035126446,f1912ea23d525173,spatial_entry,outside_frame,cap_excluded
1dfd6bf435ba5300,2021.06.08.17.36.50_veh-26_00639_01479,traversing_pickup_dropoff,72,1623189035176342,1551d30b0c445dc2,observation_appearance_censored,,kept
1dfd6bf435ba5300,2021.06.08.17.36.50_veh-26_00639_01479,traversing_pickup_dropoff,72,1623189035176342,2b25e27811725964,capacity_exclusion,kept,cap_excluded
1dfd6bf435ba5300,2021.06.08.17.36.50_veh-26_00639_01479,traversing_pickup_dropoff,72,1623189035176342,3415204bbd7d552c,observation_appearance_censored,,outside_frame
1dfd6bf435ba5300,2021.06.08.17.36.50_veh-26_00639_01479,traversing_pickup_dropoff,72,1623189035176342,52166dc8d7965589,spatial_entry,outside_frame,cap_excluded
1dfd6bf435ba5300,2021.06.08.17.36.50_veh-26_00639_01479,traversing_pickup_dropoff,72,1623189035176342,7f9b8c48557f517f,observation_appearance_censored,,outside_frame
1dfd6bf435ba5300,2021.06.08.17.36.50_veh-26_00639_01479,traversing_pickup_dropoff,72,1623189035176342,f54eb0fda5145a65,spatial_entry,outside_frame,cap_excluded
1dfd6bf435ba5300,2021.06.08.17.36.50_veh-26_00639_01479,traversing_pickup_dropoff,72,1623189035176342,f8d0d83463105281,observation_appearance_censored,,outside_frame
1dfd6bf435ba5300,2021.06.08.17.36.50_veh-26_00639_01479,traversing_pickup_dropoff,73,1623189035226240,2cbca601bff65a62,observation_appearance_censored,,outside_frame
1dfd6bf435ba5300,2021.06.08.17.36.50_veh-26_00639_01479,traversing_pickup_dropoff,73,1623189035226240,8e2e6961e1e05099,observation_appearance_censored,,outside_frame
1dfd6bf435ba5300,2021.06.08.17.36.50_veh-26_00639_01479,traversing_pickup_dropoff,74,1623189035276140,113c186f0deb55f6,spatial_entry,outside_frame,cap_excluded
1dfd6bf435ba5300,2021.06.08.17.36.50_veh-26_00639_01479,traversing_pickup_dropoff,74,1623189035276140,2cb0462a44015e17,observation_appearance_censored,,outside_frame
1dfd6bf435ba5300,2021.06.08.17.36.50_veh-26_00639_01479,traversing_pickup_dropoff,74,1623189035276140,5564c2b87dfa589b,capacity_exclusion,kept,cap_excluded
1dfd6bf435ba5300,2021.06.08.17.36.50_veh-26_00639_01479,traversing_pickup_dropoff,74,1623189035276140,9c19d6d186d155bd,observation_appearance_censored,,kept
1dfd6bf435ba5300,2021.06.08.17.36.50_veh-26_00639_01479,traversing_pickup_dropoff,75,1623189035326040,3abf2585c40e5aaa,spatial_entry,outside_frame,cap_excluded
1dfd6bf435ba5300,2021.06.08.17.36.50_veh-26_00639_01479,traversing_pickup_dropoff,75,1623189035326040,82752705e8b45397,observation_disappearance_unknown_cause,outside_frame,
1dfd6bf435ba5300,2021.06.08.17.36.50_veh-26_00639_01479,traversing_pickup_dropoff,75,1623189035326040,87236b0ee728549d,spatial_exit,cap_excluded,outside_frame
1dfd6bf435ba5300,2021.06.08.17.36.50_veh-26_00639_01479,traversing_pickup_dropoff,75,1623189035326040,afe0a7158b525925,spatial_entry,outside_frame,cap_excluded
1dfd6bf435ba5300,2021.06.08.17.36.50_veh-26_00639_01479,traversing_pickup_dropoff,76,1623189035375940,0f8aa0d90e615a8d,spatial_entry,outside_frame,cap_excluded
1dfd6bf435ba5300,2021.06.08.17.36.50_veh-26_00639_01479,traversing_pickup_dropoff,76,1623189035375940,29ea8db25d665b63,observation_appearance_censored,,outside_frame
1dfd6bf435ba5300,2021.06.08.17.36.50_veh-26_00639_01479,traversing_pickup_dropoff,76,1623189035375940,3977263cd57756ec,spatial_entry,outside_frame,cap_excluded
1dfd6bf435ba5300,2021.06.08.17.36.50_veh-26_00639_01479,traversing_pickup_dropoff,76,1623189035375940,86b3acecb1dc522b,observation_appearance_censored,,kept
1dfd6bf435ba5300,2021.06.08.17.36.50_veh-26_00639_01479,traversing_pickup_dropoff,76,1623189035375940,c5885559194556d4,capacity_exclusion,kept,cap_excluded
1dfd6bf435ba5300,2021.06.08.17.36.50_veh-26_00639_01479,traversing_pickup_dropoff,77,1623189035425839,0d0ec075e4ca5794,observation_disappearance_unknown_cause,outside_frame,
1dfd6bf435ba5300,2021.06.08.17.36.50_veh-26_00639_01479,traversing_pickup_dropoff,77,1623189035425839,18f87316c0595784,observation_appearance_censored,,outside_frame
1dfd6bf435ba5300,2021.06.08.17.36.50_veh-26_00639_01479,traversing_pickup_dropoff,77,1623189035425839,8122ed74671a5e09,observation_appearance_censored,,outside_frame
1dfd6bf435ba5300,2021.06.08.17.36.50_veh-26_00639_01479,traversing_pickup_dropoff,78,1623189035475733,c5885559194556d4,capacity_readmission,cap_excluded,kept
1dfd6bf435ba5300,2021.06.08.17.36.50_veh-26_00639_01479,traversing_pickup_dropoff,78,1623189035475733,c8cade18cd1d570b,capacity_exclusion,kept,cap_excluded
1dfd6bf435ba5300,2021.06.08.17.36.50_veh-26_00639_01479,traversing_pickup_dropoff,79,1623189035525629,0204fa127caf501d,observation_appearance_censored,,cap_excluded
1dfd6bf435ba5300,2021.06.08.17.36.50_veh-26_00639_01479,traversing_pickup_dropoff,79,1623189035525629,98ce75d4f17a547f,spatial_entry,outside_frame,cap_excluded
1dfd6bf435ba5300,2021.06.08.17.36.50_veh-26_00639_01479,traversing_pickup_dropoff,79,1623189035525629,a37e3a0a0dcc52ec,spatial_entry,outside_frame,cap_excluded
1dfd6bf435ba5300,2021.06.08.17.36.50_veh-26_00639_01479,traversing_pickup_dropoff,80,1623189035575524,37b335b191a95019,spatial_entry,outside_frame,cap_excluded
1dfd6bf435ba5300,2021.06.08.17.36.50_veh-26_00639_01479,traversing_pickup_dropoff,80,1623189035575524,404efcce44935020,spatial_entry,outside_frame,cap_excluded
1dfd6bf435ba5300,2021.06.08.17.36.50_veh-26_00639_01479,traversing_pickup_dropoff,80,1623189035575524,ba9e51d52975582c,observation_appearance_censored,,outside_frame
1dfd6bf435ba5300,2021.06.08.17.36.50_veh-26_00639_01479,traversing_pickup_dropoff,81,1623189035625420,2b25e27811725964,capacity_readmission,cap_excluded,kept
1dfd6bf435ba5300,2021.06.08.17.36.50_veh-26_00639_01479,traversing_pickup_dropoff,81,1623189035625420,40cea545cb1a5131,observation_appearance_censored,,outside_frame
1dfd6bf435ba5300,2021.06.08.17.36.50_veh-26_00639_01479,traversing_pickup_dropoff,81,1623189035625420,5f1a7f4ecdb4510b,observation_disappearance_unknown_cause,kept,
1dfd6bf435ba5300,2021.06.08.17.36.50_veh-26_00639_01479,traversing_pickup_dropoff,81,1623189035625420,8042533717345baa,observation_appearance_censored,,outside_frame
1dfd6bf435ba5300,2021.06.08.17.36.50_veh-26_00639_01479,traversing_pickup_dropoff,81,1623189035625420,81b62e79cd44528b,spatial_entry,outside_frame,kept
1dfd6bf435ba5300,2021.06.08.17.36.50_veh-26_00639_01479,traversing_pickup_dropoff,82,1623189035675318,1b016822351656a1,observation_appearance_censored,,cap_excluded
1dfd6bf435ba5300,2021.06.08.17.36.50_veh-26_00639_01479,traversing_pickup_dropoff,82,1623189035675318,4f37202eea6b51cf,observation_appearance_censored,,outside_frame
1dfd6bf435ba5300,2021.06.08.17.36.50_veh-26_00639_01479,traversing_pickup_dropoff,82,1623189035675318,967c755e6bcc54bc,observation_appearance_censored,,kept
1dfd6bf435ba5300,2021.06.08.17.36.50_veh-26_00639_01479,traversing_pickup_dropoff,82,1623189035675318,c76c38c49cc75a36,observation_appearance_censored,,outside_frame
1dfd6bf435ba5300,2021.06.08.17.36.50_veh-26_00639_01479,traversing_pickup_dropoff,82,1623189035675318,cc91ef42952253b3,capacity_exclusion,kept,cap_excluded
1dfd6bf435ba5300,2021.06.08.17.36.50_veh-26_00639_01479,traversing_pickup_dropoff,83,1623189035725222,18f87316c0595784,observation_disappearance_unknown_cause,outside_frame,
1dfd6bf435ba5300,2021.06.08.17.36.50_veh-26_00639_01479,traversing_pickup_dropoff,83,1623189035725222,a8acf0550f12540c,observation_appearance_censored,,outside_frame
1dfd6bf435ba5300,2021.06.08.17.36.50_veh-26_00639_01479,traversing_pickup_dropoff,84,1623189035775132,2b25e27811725964,capacity_exclusion,kept,cap_excluded
1dfd6bf435ba5300,2021.06.08.17.36.50_veh-26_00639_01479,traversing_pickup_dropoff,84,1623189035775132,e0710aab0e905760,observation_appearance_censored,,kept
1dfd6bf435ba5300,2021.06.08.17.36.50_veh-26_00639_01479,traversing_pickup_dropoff,85,1623189035825045,1551d30b0c445dc2,capacity_exclusion,kept,cap_excluded
1dfd6bf435ba5300,2021.06.08.17.36.50_veh-26_00639_01479,traversing_pickup_dropoff,85,1623189035825045,8c0a6a7068f7564f,observation_appearance_censored,,outside_frame
1dfd6bf435ba5300,2021.06.08.17.36.50_veh-26_00639_01479,traversing_pickup_dropoff,85,1623189035825045,b32dcdee09645079,observation_appearance_censored,,kept
1dfd6bf435ba5300,2021.06.08.17.36.50_veh-26_00639_01479,traversing_pickup_dropoff,86,1623189035874960,a664271d696257f1,spatial_entry,outside_frame,cap_excluded
1dfd6bf435ba5300,2021.06.08.17.36.50_veh-26_00639_01479,traversing_pickup_dropoff,87,1623189035924878,0f8aa0d90e615a8d,observation_disappearance_unknown_cause,cap_excluded,
1dfd6bf435ba5300,2021.06.08.17.36.50_veh-26_00639_01479,traversing_pickup_dropoff,87,1623189035924878,1551d30b0c445dc2,capacity_readmission,cap_excluded,kept
1dfd6bf435ba5300,2021.06.08.17.36.50_veh-26_00639_01479,traversing_pickup_dropoff,87,1623189035924878,967c755e6bcc54bc,capacity_exclusion,kept,cap_excluded
1dfd6bf435ba5300,2021.06.08.17.36.50_veh-26_00639_01479,traversing_pickup_dropoff,88,1623189035974798,740a87121b215386,observation_appearance_censored,,outside_frame
1dfd6bf435ba5300,2021.06.08.17.36.50_veh-26_00639_01479,traversing_pickup_dropoff,88,1623189035974798,caee245528d759b4,observation_disappearance_unknown_cause,outside_frame,
1dfd6bf435ba5300,2021.06.08.17.36.50_veh-26_00639_01479,traversing_pickup_dropoff,88,1623189035974798,cc91ef42952253b3,observation_disappearance_unknown_cause,cap_excluded,
1dfd6bf435ba5300,2021.06.08.17.36.50_veh-26_00639_01479,traversing_pickup_dropoff,89,1623189036024722,2b25e27811725964,capacity_readmission,cap_excluded,kept
1dfd6bf435ba5300,2021.06.08.17.36.50_veh-26_00639_01479,traversing_pickup_dropoff,89,1623189036024722,52166dc8d7965589,spatial_exit,cap_excluded,outside_frame
1dfd6bf435ba5300,2021.06.08.17.36.50_veh-26_00639_01479,traversing_pickup_dropoff,89,1623189036024722,6c1163819c3f5eab,capacity_exclusion,kept,cap_excluded
1dfd6bf435ba5300,2021.06.08.17.36.50_veh-26_00639_01479,traversing_pickup_dropoff,89,1623189036024722,d3ae78850a535ab5,spatial_exit,cap_excluded,outside_frame
1dfd6bf435ba5300,2021.06.08.17.36.50_veh-26_00639_01479,traversing_pickup_dropoff,90,1623189036074646,73cf672ec60654bb,capacity_readmission,cap_excluded,kept
1dfd6bf435ba5300,2021.06.08.17.36.50_veh-26_00639_01479,traversing_pickup_dropoff,90,1623189036074646,e8103a50a54e5671,capacity_exclusion,kept,cap_excluded
1dfd6bf435ba5300,2021.06.08.17.36.50_veh-26_00639_01479,traversing_pickup_dropoff,91,1623189036124575,d3c0adee707c531d,spatial_entry,outside_frame,cap_excluded
1dfd6bf435ba5300,2021.06.08.17.36.50_veh-26_00639_01479,traversing_pickup_dropoff,92,1623189036174508,771899939f9259e0,spatial_entry,outside_frame,cap_excluded
1dfd6bf435ba5300,2021.06.08.17.36.50_veh-26_00639_01479,traversing_pickup_dropoff,92,1623189036174508,c3cefb1c7b3f5125,spatial_exit,kept,outside_frame
1dfd6bf435ba5300,2021.06.08.17.36.50_veh-26_00639_01479,traversing_pickup_dropoff,92,1623189036174508,e05cc2c91704596a,spatial_entry,outside_frame,cap_excluded
1dfd6bf435ba5300,2021.06.08.17.36.50_veh-26_00639_01479,traversing_pickup_dropoff,93,1623189036224445,6c2b0027ede25f6d,observation_appearance_censored,,kept
1dfd6bf435ba5300,2021.06.08.17.36.50_veh-26_00639_01479,traversing_pickup_dropoff,93,1623189036224445,9d1cb62be813585e,spatial_entry,outside_frame,cap_excluded
1dfd6bf435ba5300,2021.06.08.17.36.50_veh-26_00639_01479,traversing_pickup_dropoff,93,1623189036224445,a37e3a0a0dcc52ec,observation_disappearance_unknown_cause,cap_excluded,
1dfd6bf435ba5300,2021.06.08.17.36.50_veh-26_00639_01479,traversing_pickup_dropoff,94,1623189036274384,0204fa127caf501d,capacity_readmission,cap_excluded,kept
1dfd6bf435ba5300,2021.06.08.17.36.50_veh-26_00639_01479,traversing_pickup_dropoff,94,1623189036274384,1551d30b0c445dc2,observation_disappearance_unknown_cause,kept,
1dfd6bf435ba5300,2021.06.08.17.36.50_veh-26_00639_01479,traversing_pickup_dropoff,94,1623189036274384,2d9bc7d48b0b549c,spatial_entry,outside_frame,cap_excluded
1dfd6bf435ba5300,2021.06.08.17.36.50_veh-26_00639_01479,traversing_pickup_dropoff,94,1623189036274384,5564c2b87dfa589b,capacity_readmission,cap_excluded,kept
1dfd6bf435ba5300,2021.06.08.17.36.50_veh-26_00639_01479,traversing_pickup_dropoff,94,1623189036274384,928af373a69f52aa,spatial_entry,outside_frame,cap_excluded
1dfd6bf435ba5300,2021.06.08.17.36.50_veh-26_00639_01479,traversing_pickup_dropoff,94,1623189036274384,9eae644504905971,spatial_entry,outside_frame,cap_excluded
1dfd6bf435ba5300,2021.06.08.17.36.50_veh-26_00639_01479,traversing_pickup_dropoff,94,1623189036274384,e0710aab0e905760,observation_disappearance_unknown_cause,kept,
1dfd6bf435ba5300,2021.06.08.17.36.50_veh-26_00639_01479,traversing_pickup_dropoff,95,1623189036324323,1b016822351656a1,observation_disappearance_unknown_cause,cap_excluded,
1dfd6bf435ba5300,2021.06.08.17.36.50_veh-26_00639_01479,traversing_pickup_dropoff,95,1623189036324323,5d6d3610ef6957ac,observation_appearance_censored,,outside_frame
1dfd6bf435ba5300,2021.06.08.17.36.50_veh-26_00639_01479,traversing_pickup_dropoff,95,1623189036324323,a664271d696257f1,observation_disappearance_unknown_cause,cap_excluded,
1dfd6bf435ba5300,2021.06.08.17.36.50_veh-26_00639_01479,traversing_pickup_dropoff,95,1623189036324323,af9cc11f787d54d6,observation_appearance_censored,,cap_excluded
1dfd6bf435ba5300,2021.06.08.17.36.50_veh-26_00639_01479,traversing_pickup_dropoff,95,1623189036324323,efbe623ecfed57f0,spatial_entry,outside_frame,cap_excluded
1dfd6bf435ba5300,2021.06.08.17.36.50_veh-26_00639_01479,traversing_pickup_dropoff,96,1623189036374259,64b9616634005f1d,capacity_readmission,cap_excluded,kept
1dfd6bf435ba5300,2021.06.08.17.36.50_veh-26_00639_01479,traversing_pickup_dropoff,96,1623189036374259,9c19d6d186d155bd,capacity_exclusion,kept,cap_excluded
1dfd6bf435ba5300,2021.06.08.17.36.50_veh-26_00639_01479,traversing_pickup_dropoff,96,1623189036374259,e29f3ce705455d2d,spatial_entry,outside_frame,cap_excluded
1dfd6bf435ba5300,2021.06.08.17.36.50_veh-26_00639_01479,traversing_pickup_dropoff,97,1623189036424193,3abf2585c40e5aaa,capacity_readmission,cap_excluded,kept
1dfd6bf435ba5300,2021.06.08.17.36.50_veh-26_00639_01479,traversing_pickup_dropoff,97,1623189036424193,b32dcdee09645079,capacity_exclusion,kept,cap_excluded
1dfd6bf435ba5300,2021.06.08.17.36.50_veh-26_00639_01479,traversing_pickup_dropoff,98,1623189036474123,29cbead1257754d3,spatial_entry,outside_frame,kept
1dfd6bf435ba5300,2021.06.08.17.36.50_veh-26_00639_01479,traversing_pickup_dropoff,98,1623189036474123,6c1163819c3f5eab,spatial_exit,cap_excluded,outside_frame
1dfd6bf435ba5300,2021.06.08.17.36.50_veh-26_00639_01479,traversing_pickup_dropoff,99,1623189036524053,16f8f51ba7125ca7,observation_appearance_censored,,cap_excluded
1dfd6bf435ba5300,2021.06.08.17.36.50_veh-26_00639_01479,traversing_pickup_dropoff,99,1623189036524053,5e85faa718bd5f03,observation_appearance_censored,,cap_excluded
1dfd6bf435ba5300,2021.06.08.17.36.50_veh-26_00639_01479,traversing_pickup_dropoff,99,1623189036524053,c76c38c49cc75a36,observation_disappearance_unknown_cause,outside_frame,
1dfd6bf435ba5300,2021.06.08.17.36.50_veh-26_00639_01479,traversing_pickup_dropoff,100,1623189036573985,2cbca601bff65a62,observation_disappearance_unknown_cause,outside_frame,
1dfd6bf435ba5300,2021.06.08.17.36.50_veh-26_00639_01479,traversing_pickup_dropoff,100,1623189036573985,5578e9f208ad5f85,spatial_entry,outside_frame,cap_excluded
1dfd6bf435ba5300,2021.06.08.17.36.50_veh-26_00639_01479,traversing_pickup_dropoff,100,1623189036573985,8e2e6961e1e05099,observation_disappearance_unknown_cause,outside_frame,
a6b771dda7545822,2021.06.08.12.54.54_veh-26_04262_04732,near_pedestrian_on_crosswalk,1,1623175832526775,470d1cde7771513f,observation_appearance_censored,,cap_excluded
a6b771dda7545822,2021.06.08.12.54.54_veh-26_04262_04732,near_pedestrian_on_crosswalk,1,1623175832526775,cd7d015257725b69,observation_appearance_censored,,outside_frame
a6b771dda7545822,2021.06.08.12.54.54_veh-26_04262_04732,near_pedestrian_on_crosswalk,2,1623175832576736,20a1513a93d65987,observation_appearance_censored,,outside_frame
a6b771dda7545822,2021.06.08.12.54.54_veh-26_04262_04732,near_pedestrian_on_crosswalk,2,1623175832576736,e98025ee9a6d5c59,observation_disappearance_unknown_cause,cap_excluded,
a6b771dda7545822,2021.06.08.12.54.54_veh-26_04262_04732,near_pedestrian_on_crosswalk,3,1623175832626694,5e9c612e184f59e5,capacity_readmission,cap_excluded,kept
a6b771dda7545822,2021.06.08.12.54.54_veh-26_04262_04732,near_pedestrian_on_crosswalk,3,1623175832626694,777f7eed8f255af9,spatial_entry,outside_frame,cap_excluded
a6b771dda7545822,2021.06.08.12.54.54_veh-26_04262_04732,near_pedestrian_on_crosswalk,3,1623175832626694,835e839b5d9c5667,capacity_exclusion,kept,cap_excluded
a6b771dda7545822,2021.06.08.12.54.54_veh-26_04262_04732,near_pedestrian_on_crosswalk,3,1623175832626694,860d6bf4b60e5823,observation_appearance_censored,,outside_frame
a6b771dda7545822,2021.06.08.12.54.54_veh-26_04262_04732,near_pedestrian_on_crosswalk,3,1623175832626694,8883f39a721151ba,spatial_exit,cap_excluded,outside_frame
a6b771dda7545822,2021.06.08.12.54.54_veh-26_04262_04732,near_pedestrian_on_crosswalk,4,1623175832676649,848e3b20f93b5f09,observation_appearance_censored,,outside_frame
a6b771dda7545822,2021.06.08.12.54.54_veh-26_04262_04732,near_pedestrian_on_crosswalk,4,1623175832676649,c6b3f2d884a15b83,observation_appearance_censored,,outside_frame
a6b771dda7545822,2021.06.08.12.54.54_veh-26_04262_04732,near_pedestrian_on_crosswalk,5,1623175832726600,304af87be1625f58,spatial_entry,outside_frame,cap_excluded
a6b771dda7545822,2021.06.08.12.54.54_veh-26_04262_04732,near_pedestrian_on_crosswalk,5,1623175832726600,6d8d402a235f558d,observation_appearance_censored,,outside_frame
a6b771dda7545822,2021.06.08.12.54.54_veh-26_04262_04732,near_pedestrian_on_crosswalk,5,1623175832726600,70ee7746fd9c5fa9,capacity_readmission,cap_excluded,kept
a6b771dda7545822,2021.06.08.12.54.54_veh-26_04262_04732,near_pedestrian_on_crosswalk,5,1623175832726600,c53285ee7cd15389,spatial_exit,cap_excluded,outside_frame
a6b771dda7545822,2021.06.08.12.54.54_veh-26_04262_04732,near_pedestrian_on_crosswalk,5,1623175832726600,c85ea9fc39b55e9f,observation_appearance_censored,,outside_frame
a6b771dda7545822,2021.06.08.12.54.54_veh-26_04262_04732,near_pedestrian_on_crosswalk,5,1623175832726600,ca0707ed96ac54f4,capacity_exclusion,kept,cap_excluded
a6b771dda7545822,2021.06.08.12.54.54_veh-26_04262_04732,near_pedestrian_on_crosswalk,6,1623175832776553,470d1cde7771513f,capacity_readmission,cap_excluded,kept
a6b771dda7545822,2021.06.08.12.54.54_veh-26_04262_04732,near_pedestrian_on_crosswalk,6,1623175832776553,70ee7746fd9c5fa9,capacity_exclusion,kept,cap_excluded
a6b771dda7545822,2021.06.08.12.54.54_veh-26_04262_04732,near_pedestrian_on_crosswalk,6,1623175832776553,9387035036745f30,spatial_entry,outside_frame,cap_excluded
a6b771dda7545822,2021.06.08.12.54.54_veh-26_04262_04732,near_pedestrian_on_crosswalk,6,1623175832776553,96d6322589d05ce3,observation_appearance_censored,,outside_frame
a6b771dda7545822,2021.06.08.12.54.54_veh-26_04262_04732,near_pedestrian_on_crosswalk,6,1623175832776553,a766f5d0c727591f,observation_appearance_censored,,kept
a6b771dda7545822,2021.06.08.12.54.54_veh-26_04262_04732,near_pedestrian_on_crosswalk,6,1623175832776553,ac1bed77c3855fd9,observation_disappearance_unknown_cause,kept,
a6b771dda7545822,2021.06.08.12.54.54_veh-26_04262_04732,near_pedestrian_on_crosswalk,6,1623175832776553,c53285ee7cd15389,observation_disappearance_unknown_cause,outside_frame,
a6b771dda7545822,2021.06.08.12.54.54_veh-26_04262_04732,near_pedestrian_on_crosswalk,7,1623175832826508,617265ca5f375cf2,spatial_exit,cap_excluded,outside_frame
a6b771dda7545822,2021.06.08.12.54.54_veh-26_04262_04732,near_pedestrian_on_crosswalk,7,1623175832826508,8883f39a721151ba,observation_disappearance_unknown_cause,outside_frame,
a6b771dda7545822,2021.06.08.12.54.54_veh-26_04262_04732,near_pedestrian_on_crosswalk,7,1623175832826508,e71a922aeb7f5081,spatial_exit,cap_excluded,outside_frame
a6b771dda7545822,2021.06.08.12.54.54_veh-26_04262_04732,near_pedestrian_on_crosswalk,8,1623175832876464,5b6082bee022592a,observation_disappearance_unknown_cause,kept,
a6b771dda7545822,2021.06.08.12.54.54_veh-26_04262_04732,near_pedestrian_on_crosswalk,8,1623175832876464,9011b881ecbc5691,capacity_readmission,cap_excluded,kept
a6b771dda7545822,2021.06.08.12.54.54_veh-26_04262_04732,near_pedestrian_on_crosswalk,8,1623175832876464,df4b5227681156a7,observation_appearance_censored,,kept
a6b771dda7545822,2021.06.08.12.54.54_veh-26_04262_04732,near_pedestrian_on_crosswalk,9,1623175832926423,38a8b0ebbfb65113,observation_appearance_censored,,outside_frame
a6b771dda7545822,2021.06.08.12.54.54_veh-26_04262_04732,near_pedestrian_on_crosswalk,10,1623175832976379,38a8b0ebbfb65113,spatial_entry,outside_frame,cap_excluded
a6b771dda7545822,2021.06.08.12.54.54_veh-26_04262_04732,near_pedestrian_on_crosswalk,10,1623175832976379,4fcf7d25d7c750dc,capacity_readmission,cap_excluded,kept
a6b771dda7545822,2021.06.08.12.54.54_veh-26_04262_04732,near_pedestrian_on_crosswalk,10,1623175832976379,6f34d47442f454fa,capacity_exclusion,kept,cap_excluded
a6b771dda7545822,2021.06.08.12.54.54_veh-26_04262_04732,near_pedestrian_on_crosswalk,10,1623175832976379,d569c99d07b8594d,spatial_entry,outside_frame,cap_excluded
a6b771dda7545822,2021.06.08.12.54.54_veh-26_04262_04732,near_pedestrian_on_crosswalk,11,1623175833026333,70ee7746fd9c5fa9,capacity_readmission,cap_excluded,kept
a6b771dda7545822,2021.06.08.12.54.54_veh-26_04262_04732,near_pedestrian_on_crosswalk,11,1623175833026333,cac69e63790057ec,capacity_exclusion,kept,cap_excluded
a6b771dda7545822,2021.06.08.12.54.54_veh-26_04262_04732,near_pedestrian_on_crosswalk,12,1623175833076283,4e953c2c36b855a1,capacity_readmission,cap_excluded,kept
a6b771dda7545822,2021.06.08.12.54.54_veh-26_04262_04732,near_pedestrian_on_crosswalk,12,1623175833076283,5c0e0b23f10c5d24,observation_disappearance_unknown_cause,outside_frame,
a6b771dda7545822,2021.06.08.12.54.54_veh-26_04262_04732,near_pedestrian_on_crosswalk,12,1623175833076283,9011b881ecbc5691,capacity_exclusion,kept,cap_excluded
a6b771dda7545822,2021.06.08.12.54.54_veh-26_04262_04732,near_pedestrian_on_crosswalk,12,1623175833076283,dce74e4cc78454fd,observation_appearance_censored,,outside_frame
a6b771dda7545822,2021.06.08.12.54.54_veh-26_04262_04732,near_pedestrian_on_crosswalk,12,1623175833076283,dd603c7a49875fa0,observation_disappearance_unknown_cause,outside_frame,
a6b771dda7545822,2021.06.08.12.54.54_veh-26_04262_04732,near_pedestrian_on_crosswalk,13,1623175833126231,304af87be1625f58,capacity_readmission,cap_excluded,kept
a6b771dda7545822,2021.06.08.12.54.54_veh-26_04262_04732,near_pedestrian_on_crosswalk,13,1623175833126231,4e953c2c36b855a1,capacity_exclusion,kept,cap_excluded
a6b771dda7545822,2021.06.08.12.54.54_veh-26_04262_04732,near_pedestrian_on_crosswalk,13,1623175833126231,aebd352461b75f4f,observation_appearance_censored,,outside_frame
a6b771dda7545822,2021.06.08.12.54.54_veh-26_04262_04732,near_pedestrian_on_crosswalk,13,1623175833126231,f746ebda961b56c9,spatial_entry,outside_frame,cap_excluded
a6b771dda7545822,2021.06.08.12.54.54_veh-26_04262_04732,near_pedestrian_on_crosswalk,14,1623175833176178,304af87be1625f58,capacity_exclusion,kept,cap_excluded
a6b771dda7545822,2021.06.08.12.54.54_veh-26_04262_04732,near_pedestrian_on_crosswalk,14,1623175833176178,3879bdbf1f355e63,observation_disappearance_unknown_cause,outside_frame,
a6b771dda7545822,2021.06.08.12.54.54_veh-26_04262_04732,near_pedestrian_on_crosswalk,14,1623175833176178,60968728eeac5b0e,observation_appearance_censored,,cap_excluded
a6b771dda7545822,2021.06.08.12.54.54_veh-26_04262_04732,near_pedestrian_on_crosswalk,14,1623175833176178,8b6baa90a01851ed,observation_appearance_censored,,cap_excluded
a6b771dda7545822,2021.06.08.12.54.54_veh-26_04262_04732,near_pedestrian_on_crosswalk,14,1623175833176178,bb3c3f9ed1d157ce,observation_appearance_censored,,kept
a6b771dda7545822,2021.06.08.12.54.54_veh-26_04262_04732,near_pedestrian_on_crosswalk,15,1623175833226129,0e3ecd3c9e345eb1,observation_disappearance_unknown_cause,outside_frame,
a6b771dda7545822,2021.06.08.12.54.54_veh-26_04262_04732,near_pedestrian_on_crosswalk,16,1623175833276082,6fe241c2c18e51a8,spatial_exit,cap_excluded,outside_frame
a6b771dda7545822,2021.06.08.12.54.54_veh-26_04262_04732,near_pedestrian_on_crosswalk,16,1623175833276082,a9f1e6b6ccae512a,observation_appearance_censored,,cap_excluded
a6b771dda7545822,2021.06.08.12.54.54_veh-26_04262_04732,near_pedestrian_on_crosswalk,16,1623175833276082,b632d60cf33e5faf,observation_disappearance_unknown_cause,outside_frame,
a6b771dda7545822,2021.06.08.12.54.54_veh-26_04262_04732,near_pedestrian_on_crosswalk,17,1623175833326037,304af87be1625f58,capacity_readmission,cap_excluded,kept
a6b771dda7545822,2021.06.08.12.54.54_veh-26_04262_04732,near_pedestrian_on_crosswalk,17,1623175833326037,9d487d7197035c48,spatial_entry,outside_frame,cap_excluded
a6b771dda7545822,2021.06.08.12.54.54_veh-26_04262_04732,near_pedestrian_on_crosswalk,17,1623175833326037,ae06c96b283b586a,capacity_exclusion,kept,cap_excluded
a6b771dda7545822,2021.06.08.12.54.54_veh-26_04262_04732,near_pedestrian_on_crosswalk,17,1623175833326037,aebd352461b75f4f,spatial_entry,outside_frame,cap_excluded
a6b771dda7545822,2021.06.08.12.54.54_veh-26_04262_04732,near_pedestrian_on_crosswalk,17,1623175833326037,f8b74678c5545c08,observation_appearance_censored,,cap_excluded
a6b771dda7545822,2021.06.08.12.54.54_veh-26_04262_04732,near_pedestrian_on_crosswalk,18,1623175833375995,58705f1fcb255cc8,observation_disappearance_unknown_cause,outside_frame,
a6b771dda7545822,2021.06.08.12.54.54_veh-26_04262_04732,near_pedestrian_on_crosswalk,18,1623175833375995,dcbc75bd11ef5d90,observation_appearance_censored,,outside_frame
a6b771dda7545822,2021.06.08.12.54.54_veh-26_04262_04732,near_pedestrian_on_crosswalk,18,1623175833375995,f7ebf850305550f9,observation_appearance_censored,,outside_frame
a6b771dda7545822,2021.06.08.12.54.54_veh-26_04262_04732,near_pedestrian_on_crosswalk,19,1623175833425952,17ca04098b2d5c0c,capacity_exclusion,kept,cap_excluded
a6b771dda7545822,2021.06.08.12.54.54_veh-26_04262_04732,near_pedestrian_on_crosswalk,19,1623175833425952,194783f1044e5cfe,observation_appearance_censored,,outside_frame
a6b771dda7545822,2021.06.08.12.54.54_veh-26_04262_04732,near_pedestrian_on_crosswalk,19,1623175833425952,293ba1b43ea05b23,observation_appearance_censored,,kept
a6b771dda7545822,2021.06.08.12.54.54_veh-26_04262_04732,near_pedestrian_on_crosswalk,20,1623175833475907,06c863479f505781,spatial_entry,outside_frame,cap_excluded
a6b771dda7545822,2021.06.08.12.54.54_veh-26_04262_04732,near_pedestrian_on_crosswalk,20,1623175833475907,5c3d4c198bf35d9f,observation_appearance_censored,,outside_frame
a6b771dda7545822,2021.06.08.12.54.54_veh-26_04262_04732,near_pedestrian_on_crosswalk,20,1623175833475907,88e834226e1b5482,observation_appearance_censored,,outside_frame
a6b771dda7545822,2021.06.08.12.54.54_veh-26_04262_04732,near_pedestrian_on_crosswalk,21,1623175833525857,6f34d47442f454fa,capacity_readmission,cap_excluded,kept
a6b771dda7545822,2021.06.08.12.54.54_veh-26_04262_04732,near_pedestrian_on_crosswalk,21,1623175833525857,70ee7746fd9c5fa9,observation_disappearance_unknown_cause,kept,
a6b771dda7545822,2021.06.08.12.54.54_veh-26_04262_04732,near_pedestrian_on_crosswalk,22,1623175833575805,38a8b0ebbfb65113,capacity_readmission,cap_excluded,kept
a6b771dda7545822,2021.06.08.12.54.54_veh-26_04262_04732,near_pedestrian_on_crosswalk,22,1623175833575805,848e3b20f93b5f09,spatial_entry,outside_frame,cap_excluded
a6b771dda7545822,2021.06.08.12.54.54_veh-26_04262_04732,near_pedestrian_on_crosswalk,22,1623175833575805,f3bb7d5a1f3d5217,observation_disappearance_unknown_cause,kept,
a6b771dda7545822,2021.06.08.12.54.54_veh-26_04262_04732,near_pedestrian_on_crosswalk,22,1623175833575805,fbe3da2052ef512a,observation_appearance_censored,,outside_frame
a6b771dda7545822,2021.06.08.12.54.54_veh-26_04262_04732,near_pedestrian_on_crosswalk,23,1623175833625753,123f643b7ec55dc6,observation_appearance_censored,,outside_frame
a6b771dda7545822,2021.06.08.12.54.54_veh-26_04262_04732,near_pedestrian_on_crosswalk,23,1623175833625753,835e839b5d9c5667,spatial_exit,cap_excluded,outside_frame
a6b771dda7545822,2021.06.08.12.54.54_veh-26_04262_04732,near_pedestrian_on_crosswalk,23,1623175833625753,9b4b127aada75b5a,spatial_entry,outside_frame,cap_excluded
a6b771dda7545822,2021.06.08.12.54.54_veh-26_04262_04732,near_pedestrian_on_crosswalk,23,1623175833625753,fe14e460acf75398,observation_appearance_censored,,cap_excluded
a6b771dda7545822,2021.06.08.12.54.54_veh-26_04262_04732,near_pedestrian_on_crosswalk,24,1623175833675703,17ca04098b2d5c0c,capacity_readmission,cap_excluded,kept
a6b771dda7545822,2021.06.08.12.54.54_veh-26_04262_04732,near_pedestrian_on_crosswalk,24,1623175833675703,5574c5e66a035186,observation_disappearance_unknown_cause,kept,
a6b771dda7545822,2021.06.08.12.54.54_veh-26_04262_04732,near_pedestrian_on_crosswalk,24,1623175833675703,72aabdc7de295445,observation_disappearance_unknown_cause,outside_frame,
a6b771dda7545822,2021.06.08.12.54.54_veh-26_04262_04732,near_pedestrian_on_crosswalk,24,1623175833675703,f7ebf850305550f9,observation_disappearance_unknown_cause,outside_frame,
a6b771dda7545822,2021.06.08.12.54.54_veh-26_04262_04732,near_pedestrian_on_crosswalk,25,1623175833725654,17ca04098b2d5c0c,capacity_exclusion,kept,cap_excluded
a6b771dda7545822,2021.06.08.12.54.54_veh-26_04262_04732,near_pedestrian_on_crosswalk,25,1623175833725654,75d511d1aae558a4,spatial_entry,outside_frame,cap_excluded
a6b771dda7545822,2021.06.08.12.54.54_veh-26_04262_04732,near_pedestrian_on_crosswalk,25,1623175833725654,9d90ce0bac5456e3,observation_appearance_censored,,outside_frame
a6b771dda7545822,2021.06.08.12.54.54_veh-26_04262_04732,near_pedestrian_on_crosswalk,25,1623175833725654,aebd352461b75f4f,capacity_readmission,cap_excluded,kept
a6b771dda7545822,2021.06.08.12.54.54_veh-26_04262_04732,near_pedestrian_on_crosswalk,26,1623175833775601,dc6b1bdb60db55ed,spatial_entry,outside_frame,cap_excluded
a6b771dda7545822,2021.06.08.12.54.54_veh-26_04262_04732,near_pedestrian_on_crosswalk,27,1623175833825541,1db8e80e197851b2,spatial_entry,outside_frame,cap_excluded
a6b771dda7545822,2021.06.08.12.54.54_veh-26_04262_04732,near_pedestrian_on_crosswalk,27,1623175833825541,c6b3f2d884a15b83,spatial_entry,outside_frame,cap_excluded
a6b771dda7545822,2021.06.08.12.54.54_veh-26_04262_04732,near_pedestrian_on_crosswalk,27,1623175833825541,dec9f2060cad5421,observation_appearance_censored,,cap_excluded
a6b771dda7545822,2021.06.08.12.54.54_veh-26_04262_04732,near_pedestrian_on_crosswalk,27,1623175833825541,e79d3b13f84d533c,capacity_exclusion,kept,cap_excluded
a6b771dda7545822,2021.06.08.12.54.54_veh-26_04262_04732,near_pedestrian_on_crosswalk,27,1623175833825541,f8b74678c5545c08,capacity_readmission,cap_excluded,kept
a6b771dda7545822,2021.06.08.12.54.54_veh-26_04262_04732,near_pedestrian_on_crosswalk,28,1623175833875477,617265ca5f375cf2,observation_disappearance_unknown_cause,outside_frame,
a6b771dda7545822,2021.06.08.12.54.54_veh-26_04262_04732,near_pedestrian_on_crosswalk,28,1623175833875477,ae06c96b283b586a,spatial_exit,cap_excluded,outside_frame
a6b771dda7545822,2021.06.08.12.54.54_veh-26_04262_04732,near_pedestrian_on_crosswalk,28,1623175833875477,ca0707ed96ac54f4,spatial_exit,cap_excluded,outside_frame
a6b771dda7545822,2021.06.08.12.54.54_veh-26_04262_04732,near_pedestrian_on_crosswalk,29,1623175833925410,8b6baa90a01851ed,capacity_readmission,cap_excluded,kept
a6b771dda7545822,2021.06.08.12.54.54_veh-26_04262_04732,near_pedestrian_on_crosswalk,29,1623175833925410,f48cc08bc76e5711,capacity_exclusion,kept,cap_excluded
a6b771dda7545822,2021.06.08.12.54.54_veh-26_04262_04732,near_pedestrian_on_crosswalk,30,1623175833975343,06226cbcea985077,spatial_entry,outside_frame,cap_excluded
a6b771dda7545822,2021.06.08.12.54.54_veh-26_04262_04732,near_pedestrian_on_crosswalk,30,1623175833975343,1092bcece45a548e,spatial_exit,cap_excluded,outside_frame
a6b771dda7545822,2021.06.08.12.54.54_veh-26_04262_04732,near_pedestrian_on_crosswalk,30,1623175833975343,83edcde7a1415044,capacity_exclusion,kept,cap_excluded
a6b771dda7545822,2021.06.08.12.54.54_veh-26_04262_04732,near_pedestrian_on_crosswalk,30,1623175833975343,dec9f2060cad5421,capacity_readmission,cap_excluded,kept
a6b771dda7545822,2021.06.08.12.54.54_veh-26_04262_04732,near_pedestrian_on_crosswalk,31,1623175834025274,663eaa42962155a2,observation_appearance_censored,,outside_frame
a6b771dda7545822,2021.06.08.12.54.54_veh-26_04262_04732,near_pedestrian_on_crosswalk,31,1623175834025274,cb5ae0c2849350a9,observation_appearance_censored,,outside_frame
a6b771dda7545822,2021.06.08.12.54.54_veh-26_04262_04732,near_pedestrian_on_crosswalk,32,1623175834075206,0136c381ac115f5c,observation_appearance_censored,,kept
a6b771dda7545822,2021.06.08.12.54.54_veh-26_04262_04732,near_pedestrian_on_crosswalk,32,1623175834075206,17ca04098b2d5c0c,spatial_exit,cap_excluded,outside_frame
a6b771dda7545822,2021.06.08.12.54.54_veh-26_04262_04732,near_pedestrian_on_crosswalk,32,1623175834075206,5632431d6bc55a8a,capacity_exclusion,kept,cap_excluded
a6b771dda7545822,2021.06.08.12.54.54_veh-26_04262_04732,near_pedestrian_on_crosswalk,32,1623175834075206,76827817322e5726,spatial_exit,cap_excluded,outside_frame
a6b771dda7545822,2021.06.08.12.54.54_veh-26_04262_04732,near_pedestrian_on_crosswalk,32,1623175834075206,bb3c3f9ed1d157ce,observation_disappearance_unknown_cause,kept,
a6b771dda7545822,2021.06.08.12.54.54_veh-26_04262_04732,near_pedestrian_on_crosswalk,32,1623175834075206,c85c67523078539c,observation_appearance_censored,,kept
a6b771dda7545822,2021.06.08.12.54.54_veh-26_04262_04732,near_pedestrian_on_crosswalk,32,1623175834075206,fe14e460acf75398,observation_disappearance_unknown_cause,cap_excluded,
a6b771dda7545822,2021.06.08.12.54.54_veh-26_04262_04732,near_pedestrian_on_crosswalk,33,1623175834125139,0111b22163cb54a2,observation_appearance_censored,,outside_frame
a6b771dda7545822,2021.06.08.12.54.54_veh-26_04262_04732,near_pedestrian_on_crosswalk,33,1623175834125139,20a1513a93d65987,spatial_entry,outside_frame,cap_excluded
a6b771dda7545822,2021.06.08.12.54.54_veh-26_04262_04732,near_pedestrian_on_crosswalk,33,1623175834125139,8b6baa90a01851ed,capacity_exclusion,kept,cap_excluded
a6b771dda7545822,2021.06.08.12.54.54_veh-26_04262_04732,near_pedestrian_on_crosswalk,33,1623175834125139,9b0a2f8f4538515c,observation_appearance_censored,,kept
a6b771dda7545822,2021.06.08.12.54.54_veh-26_04262_04732,near_pedestrian_on_crosswalk,34,1623175834175073,60ccbd17e39054ec,capacity_exclusion,kept,cap_excluded
a6b771dda7545822,2021.06.08.12.54.54_veh-26_04262_04732,near_pedestrian_on_crosswalk,34,1623175834175073,848e3b20f93b5f09,capacity_readmission,cap_excluded,kept
a6b771dda7545822,2021.06.08.12.54.54_veh-26_04262_04732,near_pedestrian_on_crosswalk,34,1623175834175073,8b6baa90a01851ed,capacity_readmission,cap_excluded,kept
a6b771dda7545822,2021.06.08.12.54.54_veh-26_04262_04732,near_pedestrian_on_crosswalk,34,1623175834175073,a02e85b3da305c14,observation_disappearance_unknown_cause,outside_frame,
a6b771dda7545822,2021.06.08.12.54.54_veh-26_04262_04732,near_pedestrian_on_crosswalk,34,1623175834175073,a7ed7b6863f153ed,observation_appearance_censored,,outside_frame
a6b771dda7545822,2021.06.08.12.54.54_veh-26_04262_04732,near_pedestrian_on_crosswalk,34,1623175834175073,dec9f2060cad5421,capacity_exclusion,kept,cap_excluded
a6b771dda7545822,2021.06.08.12.54.54_veh-26_04262_04732,near_pedestrian_on_crosswalk,34,1623175834175073,e908b951b0eb5c6f,spatial_entry,outside_frame,cap_excluded
a6b771dda7545822,2021.06.08.12.54.54_veh-26_04262_04732,near_pedestrian_on_crosswalk,35,1623175834225007,3fc0e5470b6d5d5c,spatial_exit,cap_excluded,outside_frame
a6b771dda7545822,2021.06.08.12.54.54_veh-26_04262_04732,near_pedestrian_on_crosswalk,35,1623175834225007,53e88b9e62c15599,observation_disappearance_unknown_cause,outside_frame,
a6b771dda7545822,2021.06.08.12.54.54_veh-26_04262_04732,near_pedestrian_on_crosswalk,35,1623175834225007,c85c67523078539c,observation_disappearance_unknown_cause,kept,
a6b771dda7545822,2021.06.08.12.54.54_veh-26_04262_04732,near_pedestrian_on_crosswalk,35,1623175834225007,dec9f2060cad5421,capacity_readmission,cap_excluded,kept
a6b771dda7545822,2021.06.08.12.54.54_veh-26_04262_04732,near_pedestrian_on_crosswalk,35,1623175834225007,e79d3b13f84d533c,spatial_exit,cap_excluded,outside_frame
a6b771dda7545822,2021.06.08.12.54.54_veh-26_04262_04732,near_pedestrian_on_crosswalk,36,1623175834274943,176fa95b33155e24,spatial_entry,outside_frame,cap_excluded
a6b771dda7545822,2021.06.08.12.54.54_veh-26_04262_04732,near_pedestrian_on_crosswalk,36,1623175834274943,267dd95d2bbf5d8b,observation_disappearance_unknown_cause,outside_frame,
a6b771dda7545822,2021.06.08.12.54.54_veh-26_04262_04732,near_pedestrian_on_crosswalk,36,1623175834274943,293ba1b43ea05b23,observation_disappearance_unknown_cause,kept,
a6b771dda7545822,2021.06.08.12.54.54_veh-26_04262_04732,near_pedestrian_on_crosswalk,36,1623175834274943,c6b3f2d884a15b83,capacity_readmission,cap_excluded,kept
a6b771dda7545822,2021.06.08.12.54.54_veh-26_04262_04732,near_pedestrian_on_crosswalk,37,1623175834324882,5befe16ccefc5f12,observation_appearance_censored,,outside_frame
a6b771dda7545822,2021.06.08.12.54.54_veh-26_04262_04732,near_pedestrian_on_crosswalk,37,1623175834324882,5d14c116681753f9,observation_appearance_censored,,outside_frame
a6b771dda7545822,2021.06.08.12.54.54_veh-26_04262_04732,near_pedestrian_on_crosswalk,37,1623175834324882,666c4e70965f50a8,observation_appearance_censored,,kept
a6b771dda7545822,2021.06.08.12.54.54_veh-26_04262_04732,near_pedestrian_on_crosswalk,37,1623175834324882,ce0a92e2de9b5b7f,capacity_exclusion,kept,cap_excluded
a6b771dda7545822,2021.06.08.12.54.54_veh-26_04262_04732,near_pedestrian_on_crosswalk,37,1623175834324882,d4242471b2955d91,observation_appearance_censored,,outside_frame
a6b771dda7545822,2021.06.08.12.54.54_veh-26_04262_04732,near_pedestrian_on_crosswalk,37,1623175834324882,f3c0cebf3b385ad8,spatial_entry,outside_frame,cap_excluded
a6b771dda7545822,2021.06.08.12.54.54_veh-26_04262_04732,near_pedestrian_on_crosswalk,38,1623175834374820,60968728eeac5b0e,capacity_readmission,cap_excluded,kept
a6b771dda7545822,2021.06.08.12.54.54_veh-26_04262_04732,near_pedestrian_on_crosswalk,38,1623175834374820,9b0a2f8f4538515c,capacity_exclusion,kept,cap_excluded
a6b771dda7545822,2021.06.08.12.54.54_veh-26_04262_04732,near_pedestrian_on_crosswalk,38,1623175834374820,cac69e63790057ec,spatial_exit,cap_excluded,outside_frame
a6b771dda7545822,2021.06.08.12.54.54_veh-26_04262_04732,near_pedestrian_on_crosswalk,39,1623175834424759,5506a65b7d1b53d8,observation_appearance_censored,,outside_frame
a6b771dda7545822,2021.06.08.12.54.54_veh-26_04262_04732,near_pedestrian_on_crosswalk,39,1623175834424759,8329a4928ded5aa9,spatial_entry,outside_frame,cap_excluded
a6b771dda7545822,2021.06.08.12.54.54_veh-26_04262_04732,near_pedestrian_on_crosswalk,39,1623175834424759,83edcde7a1415044,spatial_exit,cap_excluded,outside_frame
a6b771dda7545822,2021.06.08.12.54.54_veh-26_04262_04732,near_pedestrian_on_crosswalk,40,1623175834474698,15640b4b3b825bc2,spatial_entry,outside_frame,cap_excluded
a6b771dda7545822,2021.06.08.12.54.54_veh-26_04262_04732,near_pedestrian_on_crosswalk,40,1623175834474698,18de3ad3121b50d5,observation_appearance_censored,,outside_frame
a6b771dda7545822,2021.06.08.12.54.54_veh-26_04262_04732,near_pedestrian_on_crosswalk,40,1623175834474698,9ab44af98f855c2c,spatial_entry,outside_frame,cap_excluded
a6b771dda7545822,2021.06.08.12.54.54_veh-26_04262_04732,near_pedestrian_on_crosswalk,40,1623175834474698,d1af11008b0a5c62,observation_appearance_censored,,outside_frame
a6b771dda7545822,2021.06.08.12.54.54_veh-26_04262_04732,near_pedestrian_on_crosswalk,41,1623175834524636,16aa4af185325ae6,capacity_exclusion,kept,cap_excluded
a6b771dda7545822,2021.06.08.12.54.54_veh-26_04262_04732,near_pedestrian_on_crosswalk,41,1623175834524636,19eff321e79c50b3,observation_appearance_censored,,outside_frame
a6b771dda7545822,2021.06.08.12.54.54_veh-26_04262_04732,near_pedestrian_on_crosswalk,41,1623175834524636,20a1513a93d65987,capacity_readmission,cap_excluded,kept
a6b771dda7545822,2021.06.08.12.54.54_veh-26_04262_04732,near_pedestrian_on_crosswalk,41,1623175834524636,470d1cde7771513f,observation_disappearance_unknown_cause,kept,
a6b771dda7545822,2021.06.08.12.54.54_veh-26_04262_04732,near_pedestrian_on_crosswalk,41,1623175834524636,6e8b197d000e5f18,observation_appearance_censored,,kept
a6b771dda7545822,2021.06.08.12.54.54_veh-26_04262_04732,near_pedestrian_on_crosswalk,41,1623175834524636,82a9d84a92fb5764,spatial_entry,outside_frame,cap_excluded
a6b771dda7545822,2021.06.08.12.54.54_veh-26_04262_04732,near_pedestrian_on_crosswalk,41,1623175834524636,8aa30c1d3b7d572a,spatial_exit,cap_excluded,outside_frame
a6b771dda7545822,2021.06.08.12.54.54_veh-26_04262_04732,near_pedestrian_on_crosswalk,41,1623175834524636,9fc094eabaf65f06,observation_appearance_censored,,outside_frame
a6b771dda7545822,2021.06.08.12.54.54_veh-26_04262_04732,near_pedestrian_on_crosswalk,41,1623175834524636,dfd3f430c3765c32,observation_appearance_censored,,outside_frame
a6b771dda7545822,2021.06.08.12.54.54_veh-26_04262_04732,near_pedestrian_on_crosswalk,42,1623175834574573,5632431d6bc55a8a,spatial_exit,cap_excluded,outside_frame
a6b771dda7545822,2021.06.08.12.54.54_veh-26_04262_04732,near_pedestrian_on_crosswalk,43,1623175834624510,6a48badb2eac553e,observation_appearance_censored,,kept
a6b771dda7545822,2021.06.08.12.54.54_veh-26_04262_04732,near_pedestrian_on_crosswalk,43,1623175834624510,ac1c4651d7095322,capacity_exclusion,kept,cap_excluded
a6b771dda7545822,2021.06.08.12.54.54_veh-26_04262_04732,near_pedestrian_on_crosswalk,43,1623175834624510,bd11bcce7c1e5078,observation_appearance_censored,,outside_frame
a6b771dda7545822,2021.06.08.12.54.54_veh-26_04262_04732,near_pedestrian_on_crosswalk,43,1623175834624510,e3f6984f26a7557f,observation_disappearance_unknown_cause,outside_frame,
a6b771dda7545822,2021.06.08.12.54.54_veh-26_04262_04732,near_pedestrian_on_crosswalk,44,1623175834674444,5d14c116681753f9,observation_disappearance_unknown_cause,outside_frame,
a6b771dda7545822,2021.06.08.12.54.54_veh-26_04262_04732,near_pedestrian_on_crosswalk,44,1623175834674444,7f205abd2268594a,spatial_entry,outside_frame,cap_excluded
a6b771dda7545822,2021.06.08.12.54.54_veh-26_04262_04732,near_pedestrian_on_crosswalk,44,1623175834674444,860d6bf4b60e5823,spatial_entry,outside_frame,cap_excluded
a6b771dda7545822,2021.06.08.12.54.54_veh-26_04262_04732,near_pedestrian_on_crosswalk,45,1623175834724376,06db5d392038536a,spatial_entry,outside_frame,cap_excluded
a6b771dda7545822,2021.06.08.12.54.54_veh-26_04262_04732,near_pedestrian_on_crosswalk,45,1623175834724376,0846542d45f1543e,spatial_exit,cap_excluded,outside_frame
a6b771dda7545822,2021.06.08.12.54.54_veh-26_04262_04732,near_pedestrian_on_crosswalk,45,1623175834724376,ac1c4651d7095322,capacity_readmission,cap_excluded,kept
a6b771dda7545822,2021.06.08.12.54.54_veh-26_04262_04732,near_pedestrian_on_crosswalk,45,1623175834724376,b0b0dffc00b956b8,observation_appearance_censored,,outside_frame
a6b771dda7545822,2021.06.08.12.54.54_veh-26_04262_04732,near_pedestrian_on_crosswalk,45,1623175834724376,c70cc77e2091552f,observation_appearance_censored,,outside_frame
a6b771dda7545822,2021.06.08.12.54.54_veh-26_04262_04732,near_pedestrian_on_crosswalk,45,1623175834724376,dec9f2060cad5421,observation_disappearance_unknown_cause,kept,
a6b771dda7545822,2021.06.08.12.54.54_veh-26_04262_04732,near_pedestrian_on_crosswalk,46,1623175834774310,b0d00798b75a5e04,observation_appearance_censored,,outside_frame
a6b771dda7545822,2021.06.08.12.54.54_veh-26_04262_04732,near_pedestrian_on_crosswalk,46,1623175834774310,ce0a92e2de9b5b7f,spatial_exit,cap_excluded,outside_frame
a6b771dda7545822,2021.06.08.12.54.54_veh-26_04262_04732,near_pedestrian_on_crosswalk,47,1623175834824246,042e2ab754d45279,spatial_entry,outside_frame,cap_excluded
a6b771dda7545822,2021.06.08.12.54.54_veh-26_04262_04732,near_pedestrian_on_crosswalk,47,1623175834824246,15640b4b3b825bc2,capacity_readmission,cap_excluded,kept
a6b771dda7545822,2021.06.08.12.54.54_veh-26_04262_04732,near_pedestrian_on_crosswalk,47,1623175834824246,6407389317c252dd,observation_appearance_censored,,outside_frame
a6b771dda7545822,2021.06.08.12.54.54_veh-26_04262_04732,near_pedestrian_on_crosswalk,47,1623175834824246,74ba0a5473c2562b,observation_disappearance_unknown_cause,outside_frame,
a6b771dda7545822,2021.06.08.12.54.54_veh-26_04262_04732,near_pedestrian_on_crosswalk,47,1623175834824246,77910360b74b5fc7,observation_disappearance_unknown_cause,outside_frame,
a6b771dda7545822,2021.06.08.12.54.54_veh-26_04262_04732,near_pedestrian_on_crosswalk,47,1623175834824246,8329a4928ded5aa9,capacity_readmission,cap_excluded,kept
a6b771dda7545822,2021.06.08.12.54.54_veh-26_04262_04732,near_pedestrian_on_crosswalk,47,1623175834824246,ac1c4651d7095322,capacity_exclusion,kept,cap_excluded
a6b771dda7545822,2021.06.08.12.54.54_veh-26_04262_04732,near_pedestrian_on_crosswalk,47,1623175834824246,f8b74678c5545c08,observation_disappearance_unknown_cause,kept,
a6b771dda7545822,2021.06.08.12.54.54_veh-26_04262_04732,near_pedestrian_on_crosswalk,48,1623175834874181,8dc15194975a5df3,observation_appearance_censored,,outside_frame
a6b771dda7545822,2021.06.08.12.54.54_veh-26_04262_04732,near_pedestrian_on_crosswalk,48,1623175834874181,a9f1e6b6ccae512a,observation_disappearance_unknown_cause,cap_excluded,
a6b771dda7545822,2021.06.08.12.54.54_veh-26_04262_04732,near_pedestrian_on_crosswalk,48,1623175834874181,c4222b0307c150a2,spatial_exit,cap_excluded,outside_frame
a6b771dda7545822,2021.06.08.12.54.54_veh-26_04262_04732,near_pedestrian_on_crosswalk,48,1623175834874181,c85ea9fc39b55e9f,observation_disappearance_unknown_cause,outside_frame,
a6b771dda7545822,2021.06.08.12.54.54_veh-26_04262_04732,near_pedestrian_on_crosswalk,49,1623175834924115,16aa4af185325ae6,spatial_exit,cap_excluded,outside_frame
a6b771dda7545822,2021.06.08.12.54.54_veh-26_04262_04732,near_pedestrian_on_crosswalk,49,1623175834924115,9ab44af98f855c2c,capacity_readmission,cap_excluded,kept
a6b771dda7545822,2021.06.08.12.54.54_veh-26_04262_04732,near_pedestrian_on_crosswalk,49,1623175834924115,a57e34b954f557f6,observation_disappearance_unknown_cause,kept,
a6b771dda7545822,2021.06.08.12.54.54_veh-26_04262_04732,near_pedestrian_on_crosswalk,50,1623175834974048,7957fd6983595ea3,observation_disappearance_unknown_cause,outside_frame,
a6b771dda7545822,2021.06.08.12.54.54_veh-26_04262_04732,near_pedestrian_on_crosswalk,50,1623175834974048,809feb2fb48656d0,observation_appearance_censored,,outside_frame
a6b771dda7545822,2021.06.08.12.54.54_veh-26_04262_04732,near_pedestrian_on_crosswalk,50,1623175834974048,ae06c96b283b586a,observation_disappearance_unknown_cause,outside_frame,
a6b771dda7545822,2021.06.08.12.54.54_veh-26_04262_04732,near_pedestrian_on_crosswalk,50,1623175834974048,c9d2d79184c35d49,spatial_entry,outside_frame,cap_excluded
a6b771dda7545822,2021.06.08.12.54.54_veh-26_04262_04732,near_pedestrian_on_crosswalk,50,1623175834974048,f5914f2d85e65934,spatial_entry,outside_frame,cap_excluded
a6b771dda7545822,2021.06.08.12.54.54_veh-26_04262_04732,near_pedestrian_on_crosswalk,51,1623175835023978,487c65585e8058ba,observation_appearance_censored,,outside_frame
a6b771dda7545822,2021.06.08.12.54.54_veh-26_04262_04732,near_pedestrian_on_crosswalk,51,1623175835023978,75d511d1aae558a4,capacity_readmission,cap_excluded,kept
a6b771dda7545822,2021.06.08.12.54.54_veh-26_04262_04732,near_pedestrian_on_crosswalk,51,1623175835023978,860d6bf4b60e5823,capacity_readmission,cap_excluded,kept
a6b771dda7545822,2021.06.08.12.54.54_veh-26_04262_04732,near_pedestrian_on_crosswalk,51,1623175835023978,8fd2619186b454e5,capacity_exclusion,kept,cap_excluded
a6b771dda7545822,2021.06.08.12.54.54_veh-26_04262_04732,near_pedestrian_on_crosswalk,51,1623175835023978,9ca37495fdea5773,capacity_exclusion,kept,cap_excluded
a6b771dda7545822,2021.06.08.12.54.54_veh-26_04262_04732,near_pedestrian_on_crosswalk,51,1623175835023978,ea9658db29475dc4,spatial_exit,cap_excluded,outside_frame
a6b771dda7545822,2021.06.08.12.54.54_veh-26_04262_04732,near_pedestrian_on_crosswalk,52,1623175835073906,1c31a2857a745ba0,observation_appearance_censored,,outside_frame
a6b771dda7545822,2021.06.08.12.54.54_veh-26_04262_04732,near_pedestrian_on_crosswalk,53,1623175835123833,666c4e70965f50a8,observation_disappearance_unknown_cause,kept,
a6b771dda7545822,2021.06.08.12.54.54_veh-26_04262_04732,near_pedestrian_on_crosswalk,53,1623175835123833,ac1c4651d7095322,spatial_exit,cap_excluded,outside_frame
a6b771dda7545822,2021.06.08.12.54.54_veh-26_04262_04732,near_pedestrian_on_crosswalk,53,1623175835123833,d06db7b5d7f15fb4,spatial_entry,outside_frame,cap_excluded
a6b771dda7545822,2021.06.08.12.54.54_veh-26_04262_04732,near_pedestrian_on_crosswalk,53,1623175835123833,f6dedbb9db1a55e0,capacity_readmission,cap_excluded,kept
a6b771dda7545822,2021.06.08.12.54.54_veh-26_04262_04732,near_pedestrian_on_crosswalk,54,1623175835173760,2ff06fd0ddc451ce,observation_appearance_censored,,outside_frame
a6b771dda7545822,2021.06.08.12.54.54_veh-26_04262_04732,near_pedestrian_on_crosswalk,54,1623175835173760,653e657b5e015c3d,spatial_entry,outside_frame,cap_excluded
a6b771dda7545822,2021.06.08.12.54.54_veh-26_04262_04732,near_pedestrian_on_crosswalk,54,1623175835173760,66f82e83f06a5981,capacity_readmission,cap_excluded,kept
a6b771dda7545822,2021.06.08.12.54.54_veh-26_04262_04732,near_pedestrian_on_crosswalk,54,1623175835173760,6a48badb2eac553e,observation_disappearance_unknown_cause,kept,
a6b771dda7545822,2021.06.08.12.54.54_veh-26_04262_04732,near_pedestrian_on_crosswalk,54,1623175835173760,ad13f2974eb75449,observation_appearance_censored,,outside_frame
a6b771dda7545822,2021.06.08.12.54.54_veh-26_04262_04732,near_pedestrian_on_crosswalk,54,1623175835173760,cd5837132a885618,capacity_exclusion,kept,cap_excluded
a6b771dda7545822,2021.06.08.12.54.54_veh-26_04262_04732,near_pedestrian_on_crosswalk,54,1623175835173760,dc6b1bdb60db55ed,capacity_readmission,cap_excluded,kept
a6b771dda7545822,2021.06.08.12.54.54_veh-26_04262_04732,near_pedestrian_on_crosswalk,54,1623175835173760,ff12f741061c5d58,observation_disappearance_unknown_cause,outside_frame,
a6b771dda7545822,2021.06.08.12.54.54_veh-26_04262_04732,near_pedestrian_on_crosswalk,55,1623175835223687,15f2b9a3aa1e50cf,capacity_exclusion,kept,cap_excluded
a6b771dda7545822,2021.06.08.12.54.54_veh-26_04262_04732,near_pedestrian_on_crosswalk,55,1623175835223687,7581e6362bd052ab,spatial_exit,cap_excluded,outside_frame
a6b771dda7545822,2021.06.08.12.54.54_veh-26_04262_04732,near_pedestrian_on_crosswalk,55,1623175835223687,a793236593815bf9,spatial_entry,outside_frame,cap_excluded
a6b771dda7545822,2021.06.08.12.54.54_veh-26_04262_04732,near_pedestrian_on_crosswalk,55,1623175835223687,c9d2d79184c35d49,capacity_readmission,cap_excluded,kept
a6b771dda7545822,2021.06.08.12.54.54_veh-26_04262_04732,near_pedestrian_on_crosswalk,56,1623175835273614,9ca37495fdea5773,spatial_exit,cap_excluded,outside_frame
a6b771dda7545822,2021.06.08.12.54.54_veh-26_04262_04732,near_pedestrian_on_crosswalk,57,1623175835323544,60968728eeac5b0e,observation_disappearance_unknown_cause,kept,
a6b771dda7545822,2021.06.08.12.54.54_veh-26_04262_04732,near_pedestrian_on_crosswalk,57,1623175835323544,bcf75b045ce15c3b,observation_appearance_censored,,outside_frame
a6b771dda7545822,2021.06.08.12.54.54_veh-26_04262_04732,near_pedestrian_on_crosswalk,57,1623175835323544,cd5837132a885618,capacity_readmission,cap_excluded,kept
a6b771dda7545822,2021.06.08.12.54.54_veh-26_04262_04732,near_pedestrian_on_crosswalk,57,1623175835323544,e08c60873404564f,spatial_entry,outside_frame,cap_excluded
a6b771dda7545822,2021.06.08.12.54.54_veh-26_04262_04732,near_pedestrian_on_crosswalk,58,1623175835373474,a6221c9c3ca5545b,spatial_exit,cap_excluded,outside_frame
a6b771dda7545822,2021.06.08.12.54.54_veh-26_04262_04732,near_pedestrian_on_crosswalk,59,1623175835423401,6eb8082f9a435916,observation_appearance_censored,,outside_frame
a6b771dda7545822,2021.06.08.12.54.54_veh-26_04262_04732,near_pedestrian_on_crosswalk,59,1623175835423401,a2997acf243f59e3,capacity_exclusion,kept,cap_excluded
a6b771dda7545822,2021.06.08.12.54.54_veh-26_04262_04732,near_pedestrian_on_crosswalk,59,1623175835423401,a69fb62ce6f35c62,capacity_readmission,cap_excluded,kept
a6b771dda7545822,2021.06.08.12.54.54_veh-26_04262_04732,near_pedestrian_on_crosswalk,59,1623175835423401,b7aed304bf8556d0,observation_appearance_censored,,outside_frame
a6b771dda7545822,2021.06.08.12.54.54_veh-26_04262_04732,near_pedestrian_on_crosswalk,60,1623175835473325,15f2b9a3aa1e50cf,spatial_exit,cap_excluded,outside_frame
a6b771dda7545822,2021.06.08.12.54.54_veh-26_04262_04732,near_pedestrian_on_crosswalk,60,1623175835473325,176fa95b33155e24,capacity_readmission,cap_excluded,kept
a6b771dda7545822,2021.06.08.12.54.54_veh-26_04262_04732,near_pedestrian_on_crosswalk,60,1623175835473325,8f2c40850a9154fd,spatial_entry,outside_frame,cap_excluded
a6b771dda7545822,2021.06.08.12.54.54_veh-26_04262_04732,near_pedestrian_on_crosswalk,60,1623175835473325,a793236593815bf9,capacity_readmission,cap_excluded,kept
a6b771dda7545822,2021.06.08.12.54.54_veh-26_04262_04732,near_pedestrian_on_crosswalk,60,1623175835473325,cd5837132a885618,capacity_exclusion,kept,cap_excluded
a6b771dda7545822,2021.06.08.12.54.54_veh-26_04262_04732,near_pedestrian_on_crosswalk,60,1623175835473325,f6dedbb9db1a55e0,capacity_exclusion,kept,cap_excluded
a6b771dda7545822,2021.06.08.12.54.54_veh-26_04262_04732,near_pedestrian_on_crosswalk,61,1623175835523241,02f8cbb4479d5a4a,observation_disappearance_unknown_cause,outside_frame,
a6b771dda7545822,2021.06.08.12.54.54_veh-26_04262_04732,near_pedestrian_on_crosswalk,61,1623175835523241,66f82e83f06a5981,capacity_exclusion,kept,cap_excluded
a6b771dda7545822,2021.06.08.12.54.54_veh-26_04262_04732,near_pedestrian_on_crosswalk,61,1623175835523241,8d394cd0fd245298,capacity_readmission,cap_excluded,kept
a6b771dda7545822,2021.06.08.12.54.54_veh-26_04262_04732,near_pedestrian_on_crosswalk,61,1623175835523241,edce0381d761502c,spatial_exit,cap_excluded,outside_frame
a6b771dda7545822,2021.06.08.12.54.54_veh-26_04262_04732,near_pedestrian_on_crosswalk,61,1623175835523241,fb12412b345257ad,observation_appearance_censored,,outside_frame
a6b771dda7545822,2021.06.08.12.54.54_veh-26_04262_04732,near_pedestrian_on_crosswalk,62,1623175835573153,16515a3f59785901,observation_disappearance_unknown_cause,outside_frame,
a6b771dda7545822,2021.06.08.12.54.54_veh-26_04262_04732,near_pedestrian_on_crosswalk,62,1623175835573153,3ec5a6fe45ae549f,spatial_entry,outside_frame,cap_excluded
a6b771dda7545822,2021.06.08.12.54.54_veh-26_04262_04732,near_pedestrian_on_crosswalk,62,1623175835573153,a766f5d0c727591f,observation_disappearance_unknown_cause,kept,
a6b771dda7545822,2021.06.08.12.54.54_veh-26_04262_04732,near_pedestrian_on_crosswalk,62,1623175835573153,cd5837132a885618,capacity_readmission,cap_excluded,kept
a6b771dda7545822,2021.06.08.12.54.54_veh-26_04262_04732,near_pedestrian_on_crosswalk,62,1623175835573153,f48cc08bc76e5711,spatial_exit,cap_excluded,outside_frame
a6b771dda7545822,2021.06.08.12.54.54_veh-26_04262_04732,near_pedestrian_on_crosswalk,63,1623175835623062,5f4941ad06cc5126,capacity_exclusion,kept,cap_excluded
a6b771dda7545822,2021.06.08.12.54.54_veh-26_04262_04732,near_pedestrian_on_crosswalk,63,1623175835623062,a2997acf243f59e3,spatial_exit,cap_excluded,outside_frame
a6b771dda7545822,2021.06.08.12.54.54_veh-26_04262_04732,near_pedestrian_on_crosswalk,63,1623175835623062,ebe18281c26456de,capacity_readmission,cap_excluded,kept
a6b771dda7545822,2021.06.08.12.54.54_veh-26_04262_04732,near_pedestrian_on_crosswalk,64,1623175835672975,06db5d392038536a,capacity_readmission,cap_excluded,kept
a6b771dda7545822,2021.06.08.12.54.54_veh-26_04262_04732,near_pedestrian_on_crosswalk,64,1623175835672975,6c50339795be5f09,observation_appearance_censored,,outside_frame
a6b771dda7545822,2021.06.08.12.54.54_veh-26_04262_04732,near_pedestrian_on_crosswalk,64,1623175835672975,771f8660515f5102,observation_disappearance_unknown_cause,outside_frame,
a6b771dda7545822,2021.06.08.12.54.54_veh-26_04262_04732,near_pedestrian_on_crosswalk,64,1623175835672975,8bb15eba61b85262,spatial_entry,outside_frame,cap_excluded
a6b771dda7545822,2021.06.08.12.54.54_veh-26_04262_04732,near_pedestrian_on_crosswalk,64,1623175835672975,cd5837132a885618,capacity_exclusion,kept,cap_excluded
a6b771dda7545822,2021.06.08.12.54.54_veh-26_04262_04732,near_pedestrian_on_crosswalk,65,1623175835722891,fdf76c3659e35b8e,spatial_exit,cap_excluded,outside_frame
a6b771dda7545822,2021.06.08.12.54.54_veh-26_04262_04732,near_pedestrian_on_crosswalk,66,1623175835772812,283f544bc7395fa9,capacity_readmission,cap_excluded,kept
a6b771dda7545822,2021.06.08.12.54.54_veh-26_04262_04732,near_pedestrian_on_crosswalk,66,1623175835772812,a69fb62ce6f35c62,capacity_exclusion,kept,cap_excluded
a6b771dda7545822,2021.06.08.12.54.54_veh-26_04262_04732,near_pedestrian_on_crosswalk,66,1623175835772812,f9c15041838e5a3b,observation_disappearance_unknown_cause,outside_frame,
a6b771dda7545822,2021.06.08.12.54.54_veh-26_04262_04732,near_pedestrian_on_crosswalk,67,1623175835822734,157e035e009858fb,spatial_entry,outside_frame,cap_excluded
a6b771dda7545822,2021.06.08.12.54.54_veh-26_04262_04732,near_pedestrian_on_crosswalk,67,1623175835822734,3ec5a6fe45ae549f,capacity_readmission,cap_excluded,kept
a6b771dda7545822,2021.06.08.12.54.54_veh-26_04262_04732,near_pedestrian_on_crosswalk,67,1623175835822734,5f4941ad06cc5126,spatial_exit,cap_excluded,outside_frame
a6b771dda7545822,2021.06.08.12.54.54_veh-26_04262_04732,near_pedestrian_on_crosswalk,67,1623175835822734,777eccdf29d35ed8,spatial_entry,outside_frame,cap_excluded
a6b771dda7545822,2021.06.08.12.54.54_veh-26_04262_04732,near_pedestrian_on_crosswalk,67,1623175835822734,8d394cd0fd245298,capacity_exclusion,kept,cap_excluded
a6b771dda7545822,2021.06.08.12.54.54_veh-26_04262_04732,near_pedestrian_on_crosswalk,67,1623175835822734,983af0f4e2805830,observation_appearance_censored,,cap_excluded
a6b771dda7545822,2021.06.08.12.54.54_veh-26_04262_04732,near_pedestrian_on_crosswalk,67,1623175835822734,df4b5227681156a7,observation_disappearance_unknown_cause,kept,
a6b771dda7545822,2021.06.08.12.54.54_veh-26_04262_04732,near_pedestrian_on_crosswalk,68,1623175835872656,568d178b09c65c5b,observation_disappearance_unknown_cause,outside_frame,
a6b771dda7545822,2021.06.08.12.54.54_veh-26_04262_04732,near_pedestrian_on_crosswalk,68,1623175835872656,62616becaee95a1f,capacity_exclusion,kept,cap_excluded
a6b771dda7545822,2021.06.08.12.54.54_veh-26_04262_04732,near_pedestrian_on_crosswalk,68,1623175835872656,8d394cd0fd245298,capacity_readmission,cap_excluded,kept
a6b771dda7545822,2021.06.08.12.54.54_veh-26_04262_04732,near_pedestrian_on_crosswalk,68,1623175835872656,b8925720c6d95d9d,spatial_exit,cap_excluded,outside_frame
a6b771dda7545822,2021.06.08.12.54.54_veh-26_04262_04732,near_pedestrian_on_crosswalk,68,1623175835872656,d06db7b5d7f15fb4,capacity_readmission,cap_excluded,kept
a6b771dda7545822,2021.06.08.12.54.54_veh-26_04262_04732,near_pedestrian_on_crosswalk,68,1623175835872656,ff7c0544f9ef51b8,capacity_exclusion,kept,cap_excluded
a6b771dda7545822,2021.06.08.12.54.54_veh-26_04262_04732,near_pedestrian_on_crosswalk,69,1623175835922575,1791e8be48ce513c,capacity_exclusion,kept,cap_excluded
a6b771dda7545822,2021.06.08.12.54.54_veh-26_04262_04732,near_pedestrian_on_crosswalk,69,1623175835922575,22e7d55e45e05adf,observation_appearance_censored,,outside_frame
a6b771dda7545822,2021.06.08.12.54.54_veh-26_04262_04732,near_pedestrian_on_crosswalk,69,1623175835922575,72db0c164cb25e6c,capacity_readmission,cap_excluded,kept
a6b771dda7545822,2021.06.08.12.54.54_veh-26_04262_04732,near_pedestrian_on_crosswalk,69,1623175835922575,777f7eed8f255af9,capacity_readmission,cap_excluded,kept
a6b771dda7545822,2021.06.08.12.54.54_veh-26_04262_04732,near_pedestrian_on_crosswalk,69,1623175835922575,d1ee44a61c885724,observation_disappearance_unknown_cause,kept,
a6b771dda7545822,2021.06.08.12.54.54_veh-26_04262_04732,near_pedestrian_on_crosswalk,69,1623175835922575,ef6db7076290530d,observation_appearance_censored,,outside_frame
a6b771dda7545822,2021.06.08.12.54.54_veh-26_04262_04732,near_pedestrian_on_crosswalk,70,1623175835972493,841dcb3ae36456e4,spatial_entry,outside_frame,cap_excluded
a6b771dda7545822,2021.06.08.12.54.54_veh-26_04262_04732,near_pedestrian_on_crosswalk,71,1623175836022411,157e035e009858fb,capacity_readmission,cap_excluded,kept
a6b771dda7545822,2021.06.08.12.54.54_veh-26_04262_04732,near_pedestrian_on_crosswalk,71,1623175836022411,33599cc5aade5626,observation_appearance_censored,,outside_frame
a6b771dda7545822,2021.06.08.12.54.54_veh-26_04262_04732,near_pedestrian_on_crosswalk,71,1623175836022411,5e0a25e2af735589,observation_appearance_censored,,outside_frame
a6b771dda7545822,2021.06.08.12.54.54_veh-26_04262_04732,near_pedestrian_on_crosswalk,71,1623175836022411,60ccbd17e39054ec,spatial_exit,cap_excluded,outside_frame
a6b771dda7545822,2021.06.08.12.54.54_veh-26_04262_04732,near_pedestrian_on_crosswalk,71,1623175836022411,62616becaee95a1f,capacity_readmission,cap_excluded,kept
a6b771dda7545822,2021.06.08.12.54.54_veh-26_04262_04732,near_pedestrian_on_crosswalk,71,1623175836022411,6f34d47442f454fa,observation_disappearance_unknown_cause,kept,
a6b771dda7545822,2021.06.08.12.54.54_veh-26_04262_04732,near_pedestrian_on_crosswalk,71,1623175836022411,8b6baa90a01851ed,observation_disappearance_unknown_cause,kept,
a6b771dda7545822,2021.06.08.12.54.54_veh-26_04262_04732,near_pedestrian_on_crosswalk,71,1623175836022411,8dade0eabefd5939,observation_disappearance_unknown_cause,outside_frame,
a6b771dda7545822,2021.06.08.12.54.54_veh-26_04262_04732,near_pedestrian_on_crosswalk,71,1623175836022411,983af0f4e2805830,spatial_exit,cap_excluded,outside_frame
a6b771dda7545822,2021.06.08.12.54.54_veh-26_04262_04732,near_pedestrian_on_crosswalk,71,1623175836022411,b8de05f700ad52d1,observation_appearance_censored,,outside_frame
a6b771dda7545822,2021.06.08.12.54.54_veh-26_04262_04732,near_pedestrian_on_crosswalk,71,1623175836022411,cd5837132a885618,capacity_readmission,cap_excluded,kept
a6b771dda7545822,2021.06.08.12.54.54_veh-26_04262_04732,near_pedestrian_on_crosswalk,71,1623175836022411,e00ae64efc9b5443,observation_appearance_censored,,outside_frame
a6b771dda7545822,2021.06.08.12.54.54_veh-26_04262_04732,near_pedestrian_on_crosswalk,71,1623175836022411,f3c2e32274df5a53,capacity_exclusion,kept,cap_excluded
a6b771dda7545822,2021.06.08.12.54.54_veh-26_04262_04732,near_pedestrian_on_crosswalk,71,1623175836022411,ff7c0544f9ef51b8,spatial_exit,cap_excluded,outside_frame
a6b771dda7545822,2021.06.08.12.54.54_veh-26_04262_04732,near_pedestrian_on_crosswalk,72,1623175836072332,05e1f8dc746c552c,spatial_exit,cap_excluded,outside_frame
a6b771dda7545822,2021.06.08.12.54.54_veh-26_04262_04732,near_pedestrian_on_crosswalk,72,1623175836072332,8d394cd0fd245298,capacity_exclusion,kept,cap_excluded
a6b771dda7545822,2021.06.08.12.54.54_veh-26_04262_04732,near_pedestrian_on_crosswalk,72,1623175836072332,90980acecdf9584d,observation_disappearance_unknown_cause,outside_frame,
a6b771dda7545822,2021.06.08.12.54.54_veh-26_04262_04732,near_pedestrian_on_crosswalk,72,1623175836072332,9387035036745f30,capacity_readmission,cap_excluded,kept
a6b771dda7545822,2021.06.08.12.54.54_veh-26_04262_04732,near_pedestrian_on_crosswalk,72,1623175836072332,b9f2dc2336f25c2a,spatial_entry,outside_frame,cap_excluded
a6b771dda7545822,2021.06.08.12.54.54_veh-26_04262_04732,near_pedestrian_on_crosswalk,73,1623175836122259,1791e8be48ce513c,spatial_exit,cap_excluded,outside_frame
a6b771dda7545822,2021.06.08.12.54.54_veh-26_04262_04732,near_pedestrian_on_crosswalk,73,1623175836122259,9b0a2f8f4538515c,spatial_exit,cap_excluded,outside_frame
a6b771dda7545822,2021.06.08.12.54.54_veh-26_04262_04732,near_pedestrian_on_crosswalk,74,1623175836172188,8b215cf962d750b6,observation_disappearance_unknown_cause,outside_frame,
a6b771dda7545822,2021.06.08.12.54.54_veh-26_04262_04732,near_pedestrian_on_crosswalk,74,1623175836172188,8fd2619186b454e5,capacity_readmission,cap_excluded,kept
a6b771dda7545822,2021.06.08.12.54.54_veh-26_04262_04732,near_pedestrian_on_crosswalk,74,1623175836172188,cd5837132a885618,capacity_exclusion,kept,cap_excluded
a6b771dda7545822,2021.06.08.12.54.54_veh-26_04262_04732,near_pedestrian_on_crosswalk,74,1623175836172188,cf39dc7f9ec75e36,spatial_entry,outside_frame,cap_excluded
a6b771dda7545822,2021.06.08.12.54.54_veh-26_04262_04732,near_pedestrian_on_crosswalk,74,1623175836172188,f3c2e32274df5a53,spatial_exit,cap_excluded,outside_frame
a6b771dda7545822,2021.06.08.12.54.54_veh-26_04262_04732,near_pedestrian_on_crosswalk,75,1623175836222117,10c8562bce7e5e1c,observation_disappearance_unknown_cause,outside_frame,
a6b771dda7545822,2021.06.08.12.54.54_veh-26_04262_04732,near_pedestrian_on_crosswalk,75,1623175836222117,18c3103aca225dc9,spatial_exit,cap_excluded,outside_frame
a6b771dda7545822,2021.06.08.12.54.54_veh-26_04262_04732,near_pedestrian_on_crosswalk,75,1623175836222117,2a876aa4d0415faf,observation_appearance_censored,,outside_frame
a6b771dda7545822,2021.06.08.12.54.54_veh-26_04262_04732,near_pedestrian_on_crosswalk,75,1623175836222117,3307d509719b561f,capacity_exclusion,kept,cap_excluded
a6b771dda7545822,2021.06.08.12.54.54_veh-26_04262_04732,near_pedestrian_on_crosswalk,75,1623175836222117,d569c99d07b8594d,capacity_readmission,cap_excluded,kept
a6b771dda7545822,2021.06.08.12.54.54_veh-26_04262_04732,near_pedestrian_on_crosswalk,75,1623175836222117,fe907cb59c595abe,observation_appearance_censored,,outside_frame
a6b771dda7545822,2021.06.08.12.54.54_veh-26_04262_04732,near_pedestrian_on_crosswalk,76,1623175836272046,b9f2dc2336f25c2a,capacity_readmission,cap_excluded,kept
a6b771dda7545822,2021.06.08.12.54.54_veh-26_04262_04732,near_pedestrian_on_crosswalk,76,1623175836272046,ebe18281c26456de,capacity_exclusion,kept,cap_excluded
a6b771dda7545822,2021.06.08.12.54.54_veh-26_04262_04732,near_pedestrian_on_crosswalk,77,1623175836321970,79c6426ea5a05b80,spatial_entry,outside_frame,cap_excluded
a6b771dda7545822,2021.06.08.12.54.54_veh-26_04262_04732,near_pedestrian_on_crosswalk,77,1623175836321970,d7dcc4f9d88e5628,observation_appearance_censored,,outside_frame
a6b771dda7545822,2021.06.08.12.54.54_veh-26_04262_04732,near_pedestrian_on_crosswalk,78,1623175836371891,2291accd15ed5e7f,capacity_exclusion,kept,cap_excluded
a6b771dda7545822,2021.06.08.12.54.54_veh-26_04262_04732,near_pedestrian_on_crosswalk,78,1623175836371891,3307d509719b561f,spatial_exit,cap_excluded,outside_frame
a6b771dda7545822,2021.06.08.12.54.54_veh-26_04262_04732,near_pedestrian_on_crosswalk,78,1623175836371891,809feb2fb48656d0,observation_disappearance_unknown_cause,outside_frame,
a6b771dda7545822,2021.06.08.12.54.54_veh-26_04262_04732,near_pedestrian_on_crosswalk,78,1623175836371891,81fd7a2e1a2e5936,spatial_entry,outside_frame,cap_excluded
a6b771dda7545822,2021.06.08.12.54.54_veh-26_04262_04732,near_pedestrian_on_crosswalk,78,1623175836371891,9011b881ecbc5691,spatial_exit,cap_excluded,outside_frame
a6b771dda7545822,2021.06.08.12.54.54_veh-26_04262_04732,near_pedestrian_on_crosswalk,78,1623175836371891,9651f86ca80352a4,observation_appearance_censored,,outside_frame
a6b771dda7545822,2021.06.08.12.54.54_veh-26_04262_04732,near_pedestrian_on_crosswalk,78,1623175836371891,a422dc776b9252e7,observation_appearance_censored,,outside_frame
a6b771dda7545822,2021.06.08.12.54.54_veh-26_04262_04732,near_pedestrian_on_crosswalk,78,1623175836371891,accaa48c1c0e594e,observation_disappearance_unknown_cause,outside_frame,
a6b771dda7545822,2021.06.08.12.54.54_veh-26_04262_04732,near_pedestrian_on_crosswalk,78,1623175836371891,b3aa5a93cd925601,observation_disappearance_unknown_cause,outside_frame,
a6b771dda7545822,2021.06.08.12.54.54_veh-26_04262_04732,near_pedestrian_on_crosswalk,78,1623175836371891,f746ebda961b56c9,capacity_readmission,cap_excluded,kept
a6b771dda7545822,2021.06.08.12.54.54_veh-26_04262_04732,near_pedestrian_on_crosswalk,79,1623175836421813,e79d3b13f84d533c,observation_disappearance_unknown_cause,outside_frame,
a6b771dda7545822,2021.06.08.12.54.54_veh-26_04262_04732,near_pedestrian_on_crosswalk,80,1623175836471738,1092bcece45a548e,observation_disappearance_unknown_cause,outside_frame,
a6b771dda7545822,2021.06.08.12.54.54_veh-26_04262_04732,near_pedestrian_on_crosswalk,80,1623175836471738,3fc0e5470b6d5d5c,observation_disappearance_unknown_cause,outside_frame,
a6b771dda7545822,2021.06.08.12.54.54_veh-26_04262_04732,near_pedestrian_on_crosswalk,80,1623175836471738,c297c16fd63555a9,observation_appearance_censored,,outside_frame
a6b771dda7545822,2021.06.08.12.54.54_veh-26_04262_04732,near_pedestrian_on_crosswalk,81,1623175836521661,2291accd15ed5e7f,spatial_exit,cap_excluded,outside_frame
a6b771dda7545822,2021.06.08.12.54.54_veh-26_04262_04732,near_pedestrian_on_crosswalk,81,1623175836521661,283f544bc7395fa9,capacity_exclusion,kept,cap_excluded
a6b771dda7545822,2021.06.08.12.54.54_veh-26_04262_04732,near_pedestrian_on_crosswalk,81,1623175836521661,62616becaee95a1f,spatial_exit,kept,outside_frame
a6b771dda7545822,2021.06.08.12.54.54_veh-26_04262_04732,near_pedestrian_on_crosswalk,81,1623175836521661,9d487d7197035c48,capacity_readmission,cap_excluded,kept
a6b771dda7545822,2021.06.08.12.54.54_veh-26_04262_04732,near_pedestrian_on_crosswalk,81,1623175836521661,c27dcc2d5c4f5c8b,spatial_entry,outside_frame,cap_excluded
a6b771dda7545822,2021.06.08.12.54.54_veh-26_04262_04732,near_pedestrian_on_crosswalk,81,1623175836521661,cd5837132a885618,spatial_exit,cap_excluded,outside_frame
a6b771dda7545822,2021.06.08.12.54.54_veh-26_04262_04732,near_pedestrian_on_crosswalk,82,1623175836571582,4e953c2c36b855a1,spatial_exit,cap_excluded,outside_frame
a6b771dda7545822,2021.06.08.12.54.54_veh-26_04262_04732,near_pedestrian_on_crosswalk,82,1623175836571582,81fd7a2e1a2e5936,capacity_readmission,cap_excluded,kept
a6b771dda7545822,2021.06.08.12.54.54_veh-26_04262_04732,near_pedestrian_on_crosswalk,82,1623175836571582,ce4d0e96298e5858,capacity_exclusion,kept,cap_excluded
a6b771dda7545822,2021.06.08.12.54.54_veh-26_04262_04732,near_pedestrian_on_crosswalk,82,1623175836571582,e1fe61ca80cb50ee,observation_appearance_censored,,outside_frame
a6b771dda7545822,2021.06.08.12.54.54_veh-26_04262_04732,near_pedestrian_on_crosswalk,83,1623175836621502,16aa4af185325ae6,observation_disappearance_unknown_cause,outside_frame,
a6b771dda7545822,2021.06.08.12.54.54_veh-26_04262_04732,near_pedestrian_on_crosswalk,83,1623175836621502,76827817322e5726,observation_disappearance_unknown_cause,outside_frame,
a6b771dda7545822,2021.06.08.12.54.54_veh-26_04262_04732,near_pedestrian_on_crosswalk,83,1623175836621502,8880955fe5825b3e,observation_appearance_censored,,outside_frame
a6b771dda7545822,2021.06.08.12.54.54_veh-26_04262_04732,near_pedestrian_on_crosswalk,83,1623175836621502,8d280f9fe0055e4d,spatial_entry,outside_frame,cap_excluded
a6b771dda7545822,2021.06.08.12.54.54_veh-26_04262_04732,near_pedestrian_on_crosswalk,83,1623175836621502,ac1c4651d7095322,observation_disappearance_unknown_cause,outside_frame,
a6b771dda7545822,2021.06.08.12.54.54_veh-26_04262_04732,near_pedestrian_on_crosswalk,84,1623175836671422,066de805675951db,observation_appearance_censored,,outside_frame
a6b771dda7545822,2021.06.08.12.54.54_veh-26_04262_04732,near_pedestrian_on_crosswalk,84,1623175836671422,0d57e1a877fa593f,observation_appearance_censored,,kept
a6b771dda7545822,2021.06.08.12.54.54_veh-26_04262_04732,near_pedestrian_on_crosswalk,84,1623175836671422,316e5d9510a55548,spatial_entry,outside_frame,cap_excluded
a6b771dda7545822,2021.06.08.12.54.54_veh-26_04262_04732,near_pedestrian_on_crosswalk,84,1623175836671422,46b05c0a461f5393,observation_appearance_censored,,outside_frame
a6b771dda7545822,2021.06.08.12.54.54_veh-26_04262_04732,near_pedestrian_on_crosswalk,84,1623175836671422,5632431d6bc55a8a,observation_disappearance_unknown_cause,outside_frame,
a6b771dda7545822,2021.06.08.12.54.54_veh-26_04262_04732,near_pedestrian_on_crosswalk,84,1623175836671422,61b9484abdfb5d2d,observation_appearance_censored,,outside_frame
a6b771dda7545822,2021.06.08.12.54.54_veh-26_04262_04732,near_pedestrian_on_crosswalk,84,1623175836671422,72db0c164cb25e6c,capacity_exclusion,kept,cap_excluded
a6b771dda7545822,2021.06.08.12.54.54_veh-26_04262_04732,near_pedestrian_on_crosswalk,84,1623175836671422,8fd2619186b454e5,spatial_exit,kept,outside_frame
a6b771dda7545822,2021.06.08.12.54.54_veh-26_04262_04732,near_pedestrian_on_crosswalk,85,1623175836721343,06c863479f505781,capacity_readmission,cap_excluded,kept
a6b771dda7545822,2021.06.08.12.54.54_veh-26_04262_04732,near_pedestrian_on_crosswalk,85,1623175836721343,2bfb81094b575c91,spatial_exit,cap_excluded,outside_frame
a6b771dda7545822,2021.06.08.12.54.54_veh-26_04262_04732,near_pedestrian_on_crosswalk,85,1623175836721343,5bff03b74edd5e0c,observation_disappearance_unknown_cause,outside_frame,
a6b771dda7545822,2021.06.08.12.54.54_veh-26_04262_04732,near_pedestrian_on_crosswalk,85,1623175836721343,777f7eed8f255af9,capacity_exclusion,kept,cap_excluded
a6b771dda7545822,2021.06.08.12.54.54_veh-26_04262_04732,near_pedestrian_on_crosswalk,85,1623175836721343,8a30df3f5e0e56c9,observation_appearance_censored,,outside_frame
a6b771dda7545822,2021.06.08.12.54.54_veh-26_04262_04732,near_pedestrian_on_crosswalk,85,1623175836721343,ce4d0e96298e5858,spatial_exit,cap_excluded,outside_frame
a6b771dda7545822,2021.06.08.12.54.54_veh-26_04262_04732,near_pedestrian_on_crosswalk,86,1623175836771267,58620b2e61745e3e,observation_disappearance_unknown_cause,outside_frame,
a6b771dda7545822,2021.06.08.12.54.54_veh-26_04262_04732,near_pedestrian_on_crosswalk,86,1623175836771267,777f7eed8f255af9,capacity_readmission,cap_excluded,kept
a6b771dda7545822,2021.06.08.12.54.54_veh-26_04262_04732,near_pedestrian_on_crosswalk,86,1623175836771267,fea7b335d58c5798,capacity_exclusion,kept,cap_excluded
a6b771dda7545822,2021.06.08.12.54.54_veh-26_04262_04732,near_pedestrian_on_crosswalk,87,1623175836821193,5506a65b7d1b53d8,observation_disappearance_unknown_cause,outside_frame,
a6b771dda7545822,2021.06.08.12.54.54_veh-26_04262_04732,near_pedestrian_on_crosswalk,87,1623175836821193,777f7eed8f255af9,capacity_exclusion,kept,cap_excluded
a6b771dda7545822,2021.06.08.12.54.54_veh-26_04262_04732,near_pedestrian_on_crosswalk,87,1623175836821193,8d280f9fe0055e4d,capacity_readmission,cap_excluded,kept
a6b771dda7545822,2021.06.08.12.54.54_veh-26_04262_04732,near_pedestrian_on_crosswalk,88,1623175836871117,0d57e1a877fa593f,capacity_exclusion,kept,cap_excluded
a6b771dda7545822,2021.06.08.12.54.54_veh-26_04262_04732,near_pedestrian_on_crosswalk,88,1623175836871117,467b0401a3ad5823,spatial_entry,outside_frame,cap_excluded
a6b771dda7545822,2021.06.08.12.54.54_veh-26_04262_04732,near_pedestrian_on_crosswalk,88,1623175836871117,9b4b127aada75b5a,capacity_readmission,cap_excluded,kept
a6b771dda7545822,2021.06.08.12.54.54_veh-26_04262_04732,near_pedestrian_on_crosswalk,88,1623175836871117,fea7b335d58c5798,spatial_exit,cap_excluded,outside_frame
a6b771dda7545822,2021.06.08.12.54.54_veh-26_04262_04732,near_pedestrian_on_crosswalk,89,1623175836921040,0136c381ac115f5c,observation_disappearance_unknown_cause,kept,
a6b771dda7545822,2021.06.08.12.54.54_veh-26_04262_04732,near_pedestrian_on_crosswalk,89,1623175836921040,12d84550f47258d8,spatial_entry,outside_frame,cap_excluded
a6b771dda7545822,2021.06.08.12.54.54_veh-26_04262_04732,near_pedestrian_on_crosswalk,89,1623175836921040,1ba2a0e79ecb588f,observation_appearance_censored,,outside_frame
a6b771dda7545822,2021.06.08.12.54.54_veh-26_04262_04732,near_pedestrian_on_crosswalk,89,1623175836921040,1db8e80e197851b2,capacity_readmission,cap_excluded,kept
a6b771dda7545822,2021.06.08.12.54.54_veh-26_04262_04732,near_pedestrian_on_crosswalk,89,1623175836921040,33ee39edf3b15533,spatial_exit,cap_excluded,outside_frame
a6b771dda7545822,2021.06.08.12.54.54_veh-26_04262_04732,near_pedestrian_on_crosswalk,89,1623175836921040,4647178b09d450c7,observation_disappearance_unknown_cause,outside_frame,
a6b771dda7545822,2021.06.08.12.54.54_veh-26_04262_04732,near_pedestrian_on_crosswalk,89,1623175836921040,ce563770893653a2,observation_disappearance_unknown_cause,outside_frame,
a6b771dda7545822,2021.06.08.12.54.54_veh-26_04262_04732,near_pedestrian_on_crosswalk,90,1623175836970964,777f7eed8f255af9,capacity_readmission,cap_excluded,kept
a6b771dda7545822,2021.06.08.12.54.54_veh-26_04262_04732,near_pedestrian_on_crosswalk,90,1623175836970964,ac2acc278e37534b,capacity_exclusion,kept,cap_excluded
a6b771dda7545822,2021.06.08.12.54.54_veh-26_04262_04732,near_pedestrian_on_crosswalk,91,1623175837020889,06226cbcea985077,capacity_readmission,cap_excluded,kept
a6b771dda7545822,2021.06.08.12.54.54_veh-26_04262_04732,near_pedestrian_on_crosswalk,91,1623175837020889,6e812eb28ba25ab8,spatial_entry,outside_frame,cap_excluded
a6b771dda7545822,2021.06.08.12.54.54_veh-26_04262_04732,near_pedestrian_on_crosswalk,91,1623175837020889,777f7eed8f255af9,capacity_exclusion,kept,cap_excluded
a6b771dda7545822,2021.06.08.12.54.54_veh-26_04262_04732,near_pedestrian_on_crosswalk,92,1623175837070816,12d84550f47258d8,capacity_readmission,cap_excluded,kept
a6b771dda7545822,2021.06.08.12.54.54_veh-26_04262_04732,near_pedestrian_on_crosswalk,92,1623175837070816,9387035036745f30,capacity_exclusion,kept,cap_excluded
a6b771dda7545822,2021.06.08.12.54.54_veh-26_04262_04732,near_pedestrian_on_crosswalk,92,1623175837070816,9ee04320cb34593f,spatial_exit,kept,outside_frame
a6b771dda7545822,2021.06.08.12.54.54_veh-26_04262_04732,near_pedestrian_on_crosswalk,92,1623175837070816,ac2acc278e37534b,spatial_exit,cap_excluded,outside_frame
a6b771dda7545822,2021.06.08.12.54.54_veh-26_04262_04732,near_pedestrian_on_crosswalk,92,1623175837070816,dde35895ed685a6a,observation_appearance_censored,,outside_frame
a6b771dda7545822,2021.06.08.12.54.54_veh-26_04262_04732,near_pedestrian_on_crosswalk,92,1623175837070816,f72f3a43cd195829,spatial_exit,kept,outside_frame
a6b771dda7545822,2021.06.08.12.54.54_veh-26_04262_04732,near_pedestrian_on_crosswalk,93,1623175837120744,6fe241c2c18e51a8,observation_disappearance_unknown_cause,outside_frame,
a6b771dda7545822,2021.06.08.12.54.54_veh-26_04262_04732,near_pedestrian_on_crosswalk,93,1623175837120744,d667ef07d25e5c93,spatial_exit,cap_excluded,outside_frame
a6b771dda7545822,2021.06.08.12.54.54_veh-26_04262_04732,near_pedestrian_on_crosswalk,94,1623175837170672,0d57e1a877fa593f,spatial_exit,cap_excluded,outside_frame
a6b771dda7545822,2021.06.08.12.54.54_veh-26_04262_04732,near_pedestrian_on_crosswalk,94,1623175837170672,194783f1044e5cfe,spatial_entry,outside_frame,cap_excluded
a6b771dda7545822,2021.06.08.12.54.54_veh-26_04262_04732,near_pedestrian_on_crosswalk,94,1623175837170672,cd7d015257725b69,spatial_entry,outside_frame,cap_excluded
a6b771dda7545822,2021.06.08.12.54.54_veh-26_04262_04732,near_pedestrian_on_crosswalk,94,1623175837170672,e8dbe90a2d685f02,capacity_exclusion,kept,cap_excluded
a6b771dda7545822,2021.06.08.12.54.54_veh-26_04262_04732,near_pedestrian_on_crosswalk,94,1623175837170672,e908b951b0eb5c6f,capacity_readmission,cap_excluded,kept
a6b771dda7545822,2021.06.08.12.54.54_veh-26_04262_04732,near_pedestrian_on_crosswalk,95,1623175837220605,e8dbe90a2d685f02,spatial_exit,cap_excluded,outside_frame
a6b771dda7545822,2021.06.08.12.54.54_veh-26_04262_04732,near_pedestrian_on_crosswalk,96,1623175837270540,5c4052714d9357dd,spatial_exit,kept,outside_frame
a6b771dda7545822,2021.06.08.12.54.54_veh-26_04262_04732,near_pedestrian_on_crosswalk,96,1623175837270540,7f78c1f801675da0,observation_appearance_censored,,outside_frame
a6b771dda7545822,2021.06.08.12.54.54_veh-26_04262_04732,near_pedestrian_on_crosswalk,96,1623175837270540,ce0a92e2de9b5b7f,observation_disappearance_unknown_cause,outside_frame,
a6b771dda7545822,2021.06.08.12.54.54_veh-26_04262_04732,near_pedestrian_on_crosswalk,97,1623175837320475,194783f1044e5cfe,capacity_readmission,cap_excluded,kept
a6b771dda7545822,2021.06.08.12.54.54_veh-26_04262_04732,near_pedestrian_on_crosswalk,97,1623175837320475,827fac6481cf554e,observation_appearance_censored,,outside_frame
a6b771dda7545822,2021.06.08.12.54.54_veh-26_04262_04732,near_pedestrian_on_crosswalk,97,1623175837320475,d569c99d07b8594d,capacity_exclusion,kept,cap_excluded
a6b771dda7545822,2021.06.08.12.54.54_veh-26_04262_04732,near_pedestrian_on_crosswalk,97,1623175837320475,ecd54c16548d5642,capacity_exclusion,kept,cap_excluded
a6b771dda7545822,2021.06.08.12.54.54_veh-26_04262_04732,near_pedestrian_on_crosswalk,97,1623175837320475,f3c0cebf3b385ad8,capacity_readmission,cap_excluded,kept
a6b771dda7545822,2021.06.08.12.54.54_veh-26_04262_04732,near_pedestrian_on_crosswalk,98,1623175837370411,6d8d402a235f558d,spatial_entry,outside_frame,cap_excluded
a6b771dda7545822,2021.06.08.12.54.54_veh-26_04262_04732,near_pedestrian_on_crosswalk,98,1623175837370411,81e082d1368e5530,spatial_exit,kept,outside_frame
a6b771dda7545822,2021.06.08.12.54.54_veh-26_04262_04732,near_pedestrian_on_crosswalk,98,1623175837370411,ecd54c16548d5642,spatial_exit,cap_excluded,outside_frame
a6b771dda7545822,2021.06.08.12.54.54_veh-26_04262_04732,near_pedestrian_on_crosswalk,99,1623175837420345,51ae7be44128515e,capacity_exclusion,kept,cap_excluded
a6b771dda7545822,2021.06.08.12.54.54_veh-26_04262_04732,near_pedestrian_on_crosswalk,99,1623175837420345,82a9d84a92fb5764,capacity_readmission,cap_excluded,kept
a6b771dda7545822,2021.06.08.12.54.54_veh-26_04262_04732,near_pedestrian_on_crosswalk,99,1623175837420345,b15f23ac83ca53c9,spatial_exit,kept,outside_frame
a6b771dda7545822,2021.06.08.12.54.54_veh-26_04262_04732,near_pedestrian_on_crosswalk,100,1623175837470275,15f2b9a3aa1e50cf,observation_disappearance_unknown_cause,outside_frame,
a6b771dda7545822,2021.06.08.12.54.54_veh-26_04262_04732,near_pedestrian_on_crosswalk,100,1623175837470275,76e51941e60d5d6a,observation_appearance_censored,,outside_frame
a6b771dda7545822,2021.06.08.12.54.54_veh-26_04262_04732,near_pedestrian_on_crosswalk,100,1623175837470275,88e834226e1b5482,spatial_entry,outside_frame,cap_excluded
a6b771dda7545822,2021.06.08.12.54.54_veh-26_04262_04732,near_pedestrian_on_crosswalk,100,1623175837470275,cbeeac68aae45507,spatial_exit,cap_excluded,outside_frame
a6b771dda7545822,2021.06.08.12.54.54_veh-26_04262_04732,near_pedestrian_on_crosswalk,100,1623175837470275,cda7bdce77275a91,spatial_exit,kept,outside_frame
c8a9b3db1170577d,2021.10.05.06.24.06_veh-50_00717_01300,traversing_intersection,5,1633415984800285,738f280cabbe54d9,observation_appearance_censored,,kept
c8a9b3db1170577d,2021.10.05.06.24.06_veh-50_00717_01300,traversing_intersection,12,1633415985150130,8309174a5f755df4,observation_disappearance_unknown_cause,kept,
c8a9b3db1170577d,2021.10.05.06.24.06_veh-50_00717_01300,traversing_intersection,13,1633415985200110,585486effe4f5074,observation_disappearance_unknown_cause,outside_frame,
c8a9b3db1170577d,2021.10.05.06.24.06_veh-50_00717_01300,traversing_intersection,17,1633415985400034,6af6c4d1eb465927,observation_disappearance_unknown_cause,kept,
c8a9b3db1170577d,2021.10.05.06.24.06_veh-50_00717_01300,traversing_intersection,28,1633415985949865,86dbb36db47d5822,observation_disappearance_unknown_cause,kept,
c8a9b3db1170577d,2021.10.05.06.24.06_veh-50_00717_01300,traversing_intersection,40,1633415986549670,6a21863a19c05866,observation_appearance_censored,,kept
c8a9b3db1170577d,2021.10.05.06.24.06_veh-50_00717_01300,traversing_intersection,51,1633415987099802,ef03bba822605c08,observation_appearance_censored,,kept
c8a9b3db1170577d,2021.10.05.06.24.06_veh-50_00717_01300,traversing_intersection,55,1633415987299864,ef03bba822605c08,observation_disappearance_unknown_cause,kept,
c8a9b3db1170577d,2021.10.05.06.24.06_veh-50_00717_01300,traversing_intersection,65,1633415987799995,bd158b1834fc5ffa,observation_disappearance_unknown_cause,outside_frame,
c8a9b3db1170577d,2021.10.05.06.24.06_veh-50_00717_01300,traversing_intersection,73,1633415988200137,d5e1f4d2e3b7515a,other_representation_transition,outside_frame,raw_drivable_area_exclusion
c8a9b3db1170577d,2021.10.05.06.24.06_veh-50_00717_01300,traversing_intersection,76,1633415988350171,d5e1f4d2e3b7515a,other_representation_transition,raw_drivable_area_exclusion,outside_frame
c8a9b3db1170577d,2021.10.05.06.24.06_veh-50_00717_01300,traversing_intersection,97,1633415989399891,aaf6d66e8b9a5b2a,spatial_exit,kept,outside_frame
19d093209a00506d,2021.10.14.17.47.55_veh-28_00484_01094,traversing_crosswalk,1,1634234475649882,b1400ad1b44d5194,spatial_exit,kept,outside_frame
19d093209a00506d,2021.10.14.17.47.55_veh-28_00484_01094,traversing_crosswalk,1,1634234475649882,bbb374ae85105c7d,spatial_exit,kept,outside_frame
19d093209a00506d,2021.10.14.17.47.55_veh-28_00484_01094,traversing_crosswalk,2,1634234475699924,764ebb23edaf50a8,spatial_exit,kept,outside_frame
19d093209a00506d,2021.10.14.17.47.55_veh-28_00484_01094,traversing_crosswalk,2,1634234475699924,c6200af4c5145cb1,spatial_exit,kept,outside_frame
19d093209a00506d,2021.10.14.17.47.55_veh-28_00484_01094,traversing_crosswalk,4,1634234475800008,ad93a18a6aad54ed,observation_disappearance_unknown_cause,outside_frame,
19d093209a00506d,2021.10.14.17.47.55_veh-28_00484_01094,traversing_crosswalk,5,1634234475850049,2616368d474256a9,observation_disappearance_unknown_cause,kept,
19d093209a00506d,2021.10.14.17.47.55_veh-28_00484_01094,traversing_crosswalk,5,1634234475850049,42541ae1e85459bd,spatial_exit,kept,outside_frame
19d093209a00506d,2021.10.14.17.47.55_veh-28_00484_01094,traversing_crosswalk,9,1634234476050127,1ddeb66f2ba75a6c,spatial_entry,outside_frame,kept
19d093209a00506d,2021.10.14.17.47.55_veh-28_00484_01094,traversing_crosswalk,10,1634234476100125,47ac0e2d40f45215,spatial_exit,kept,outside_frame
19d093209a00506d,2021.10.14.17.47.55_veh-28_00484_01094,traversing_crosswalk,10,1634234476100125,81ed2e34f80e596c,spatial_exit,kept,outside_frame
19d093209a00506d,2021.10.14.17.47.55_veh-28_00484_01094,traversing_crosswalk,10,1634234476100125,821163506b335479,spatial_entry,raw_drivable_area_exclusion,raw_drivable_area_exclusion
19d093209a00506d,2021.10.14.17.47.55_veh-28_00484_01094,traversing_crosswalk,10,1634234476100125,bb6f7182297d5fa7,observation_appearance_censored,,kept
19d093209a00506d,2021.10.14.17.47.55_veh-28_00484_01094,traversing_crosswalk,13,1634234476250078,c998133b6eed54f6,observation_appearance_censored,,raw_drivable_area_exclusion
19d093209a00506d,2021.10.14.17.47.55_veh-28_00484_01094,traversing_crosswalk,16,1634234476399998,5d702ec2d4e25d77,observation_disappearance_unknown_cause,outside_frame,
19d093209a00506d,2021.10.14.17.47.55_veh-28_00484_01094,traversing_crosswalk,16,1634234476399998,61865e472c725d47,spatial_exit,kept,outside_frame
19d093209a00506d,2021.10.14.17.47.55_veh-28_00484_01094,traversing_crosswalk,16,1634234476399998,bbb374ae85105c7d,observation_disappearance_unknown_cause,outside_frame,
19d093209a00506d,2021.10.14.17.47.55_veh-28_00484_01094,traversing_crosswalk,17,1634234476449968,93a0dfab01af5ef4,observation_disappearance_unknown_cause,outside_frame,
19d093209a00506d,2021.10.14.17.47.55_veh-28_00484_01094,traversing_crosswalk,18,1634234476499940,c998133b6eed54f6,observation_disappearance_unknown_cause,raw_drivable_area_exclusion,
19d093209a00506d,2021.10.14.17.47.55_veh-28_00484_01094,traversing_crosswalk,20,1634234476599892,57971c09e6435ae8,observation_appearance_censored,,outside_frame
19d093209a00506d,2021.10.14.17.47.55_veh-28_00484_01094,traversing_crosswalk,21,1634234476649866,aab628eb21ab56a5,observation_appearance_censored,,outside_frame
19d093209a00506d,2021.10.14.17.47.55_veh-28_00484_01094,traversing_crosswalk,23,1634234476749821,c7e32f08274154f8,observation_disappearance_unknown_cause,outside_frame,
19d093209a00506d,2021.10.14.17.47.55_veh-28_00484_01094,traversing_crosswalk,24,1634234476799799,61865e472c725d47,observation_disappearance_unknown_cause,outside_frame,
19d093209a00506d,2021.10.14.17.47.55_veh-28_00484_01094,traversing_crosswalk,25,1634234476849775,05713b4ba5475170,observation_disappearance_unknown_cause,outside_frame,
19d093209a00506d,2021.10.14.17.47.55_veh-28_00484_01094,traversing_crosswalk,26,1634234476899754,7b83db3b9c6854a0,observation_disappearance_unknown_cause,outside_frame,
19d093209a00506d,2021.10.14.17.47.55_veh-28_00484_01094,traversing_crosswalk,27,1634234476949740,5f46158c3bef5ef3,observation_disappearance_unknown_cause,outside_frame,
19d093209a00506d,2021.10.14.17.47.55_veh-28_00484_01094,traversing_crosswalk,28,1634234476999730,faa43870f3b25f31,observation_disappearance_unknown_cause,outside_frame,
19d093209a00506d,2021.10.14.17.47.55_veh-28_00484_01094,traversing_crosswalk,29,1634234477049725,1baedecdefb35c65,spatial_entry,raw_drivable_area_exclusion,raw_drivable_area_exclusion
19d093209a00506d,2021.10.14.17.47.55_veh-28_00484_01094,traversing_crosswalk,29,1634234477049725,b5078fe0baa75253,observation_disappearance_unknown_cause,kept,
19d093209a00506d,2021.10.14.17.47.55_veh-28_00484_01094,traversing_crosswalk,30,1634234477099726,9fe3786353515bd3,observation_appearance_censored,,raw_drivable_area_exclusion
19d093209a00506d,2021.10.14.17.47.55_veh-28_00484_01094,traversing_crosswalk,31,1634234477149730,0d707e4b5200530b,observation_appearance_censored,,outside_frame
19d093209a00506d,2021.10.14.17.47.55_veh-28_00484_01094,traversing_crosswalk,31,1634234477149730,f3d25234bd505b6d,spatial_exit,kept,outside_frame
19d093209a00506d,2021.10.14.17.47.55_veh-28_00484_01094,traversing_crosswalk,33,1634234477249753,54840e74e3ef5f73,observation_disappearance_unknown_cause,raw_drivable_area_exclusion,
19d093209a00506d,2021.10.14.17.47.55_veh-28_00484_01094,traversing_crosswalk,33,1634234477249753,7f22a8e276ed5937,observation_appearance_censored,,outside_frame
19d093209a00506d,2021.10.14.17.47.55_veh-28_00484_01094,traversing_crosswalk,33,1634234477249753,b6c7d49bee1754d5,observation_disappearance_unknown_cause,outside_frame,
19d093209a00506d,2021.10.14.17.47.55_veh-28_00484_01094,traversing_crosswalk,35,1634234477349784,0216826ed1cf5df6,observation_disappearance_unknown_cause,outside_frame,
19d093209a00506d,2021.10.14.17.47.55_veh-28_00484_01094,traversing_crosswalk,35,1634234477349784,a9c79e39388b5196,observation_disappearance_unknown_cause,outside_frame,
19d093209a00506d,2021.10.14.17.47.55_veh-28_00484_01094,traversing_crosswalk,36,1634234477399800,f424be0cf3005981,observation_disappearance_unknown_cause,outside_frame,
19d093209a00506d,2021.10.14.17.47.55_veh-28_00484_01094,traversing_crosswalk,37,1634234477449817,95e12b1d62fb548b,observation_disappearance_unknown_cause,outside_frame,
19d093209a00506d,2021.10.14.17.47.55_veh-28_00484_01094,traversing_crosswalk,37,1634234477449817,f3d25234bd505b6d,observation_disappearance_unknown_cause,outside_frame,
19d093209a00506d,2021.10.14.17.47.55_veh-28_00484_01094,traversing_crosswalk,40,1634234477599875,6fd51c3a15a459fb,observation_appearance_censored,,outside_frame
19d093209a00506d,2021.10.14.17.47.55_veh-28_00484_01094,traversing_crosswalk,41,1634234477649895,bb6f7182297d5fa7,spatial_exit,kept,outside_frame
19d093209a00506d,2021.10.14.17.47.55_veh-28_00484_01094,traversing_crosswalk,42,1634234477699915,57971c09e6435ae8,spatial_entry,outside_frame,kept
19d093209a00506d,2021.10.14.17.47.55_veh-28_00484_01094,traversing_crosswalk,42,1634234477699915,a4a8235777b55031,spatial_entry,outside_frame,kept
19d093209a00506d,2021.10.14.17.47.55_veh-28_00484_01094,traversing_crosswalk,43,1634234477749935,aab628eb21ab56a5,spatial_entry,outside_frame,kept
19d093209a00506d,2021.10.14.17.47.55_veh-28_00484_01094,traversing_crosswalk,43,1634234477749935,acc2d5bd19de5554,spatial_entry,raw_drivable_area_exclusion,raw_drivable_area_exclusion
19d093209a00506d,2021.10.14.17.47.55_veh-28_00484_01094,traversing_crosswalk,44,1634234477799955,3d452defdd03539c,spatial_entry,outside_frame,kept
19d093209a00506d,2021.10.14.17.47.55_veh-28_00484_01094,traversing_crosswalk,44,1634234477799955,51c6d04815e455cb,observation_appearance_censored,,kept
19d093209a00506d,2021.10.14.17.47.55_veh-28_00484_01094,traversing_crosswalk,46,1634234477899995,046be39cfe7b502f,observation_appearance_censored,,kept
19d093209a00506d,2021.10.14.17.47.55_veh-28_00484_01094,traversing_crosswalk,46,1634234477899995,259384377d69594f,observation_appearance_censored,,kept
19d093209a00506d,2021.10.14.17.47.55_veh-28_00484_01094,traversing_crosswalk,46,1634234477899995,6fd51c3a15a459fb,observation_disappearance_unknown_cause,outside_frame,
19d093209a00506d,2021.10.14.17.47.55_veh-28_00484_01094,traversing_crosswalk,47,1634234477950013,b2a638bd1d2950b1,observation_disappearance_unknown_cause,outside_frame,
19d093209a00506d,2021.10.14.17.47.55_veh-28_00484_01094,traversing_crosswalk,48,1634234478000031,51c6d04815e455cb,observation_disappearance_unknown_cause,kept,
19d093209a00506d,2021.10.14.17.47.55_veh-28_00484_01094,traversing_crosswalk,50,1634234478100062,d376e715079e5776,spatial_entry,outside_frame,kept
19d093209a00506d,2021.10.14.17.47.55_veh-28_00484_01094,traversing_crosswalk,55,1634234478350083,764ebb23edaf50a8,observation_disappearance_unknown_cause,outside_frame,
19d093209a00506d,2021.10.14.17.47.55_veh-28_00484_01094,traversing_crosswalk,58,1634234478500027,81ed2e34f80e596c,observation_disappearance_unknown_cause,outside_frame,
19d093209a00506d,2021.10.14.17.47.55_veh-28_00484_01094,traversing_crosswalk,58,1634234478500027,9b366fa2f92c53ef,observation_appearance_censored,,kept
19d093209a00506d,2021.10.14.17.47.55_veh-28_00484_01094,traversing_crosswalk,58,1634234478500027,b63dc596eec459a5,spatial_entry,raw_drivable_area_exclusion,raw_drivable_area_exclusion
19d093209a00506d,2021.10.14.17.47.55_veh-28_00484_01094,traversing_crosswalk,59,1634234478550000,91438cd520e456b8,spatial_exit,kept,outside_frame
19d093209a00506d,2021.10.14.17.47.55_veh-28_00484_01094,traversing_crosswalk,61,1634234478649942,4c7838a8cc725bb7,observation_appearance_censored,,kept
19d093209a00506d,2021.10.14.17.47.55_veh-28_00484_01094,traversing_crosswalk,61,1634234478649942,c78a21abdf2b52e4,observation_appearance_censored,,outside_frame
19d093209a00506d,2021.10.14.17.47.55_veh-28_00484_01094,traversing_crosswalk,64,1634234478799856,9b366fa2f92c53ef,observation_disappearance_unknown_cause,kept,
19d093209a00506d,2021.10.14.17.47.55_veh-28_00484_01094,traversing_crosswalk,66,1634234478899811,91438cd520e456b8,observation_disappearance_unknown_cause,outside_frame,
19d093209a00506d,2021.10.14.17.47.55_veh-28_00484_01094,traversing_crosswalk,67,1634234478949795,32ebf6b30e3854ee,spatial_entry,outside_frame,kept
19d093209a00506d,2021.10.14.17.47.55_veh-28_00484_01094,traversing_crosswalk,67,1634234478949795,4c7838a8cc725bb7,observation_disappearance_unknown_cause,kept,
19d093209a00506d,2021.10.14.17.47.55_veh-28_00484_01094,traversing_crosswalk,69,1634234479049778,cb505a7c19a75246,observation_disappearance_unknown_cause,outside_frame,
19d093209a00506d,2021.10.14.17.47.55_veh-28_00484_01094,traversing_crosswalk,70,1634234479099780,f9ee965273a85505,observation_appearance_censored,,outside_frame
19d093209a00506d,2021.10.14.17.47.55_veh-28_00484_01094,traversing_crosswalk,71,1634234479149783,9fe3786353515bd3,spatial_entry,raw_drivable_area_exclusion,raw_drivable_area_exclusion
19d093209a00506d,2021.10.14.17.47.55_veh-28_00484_01094,traversing_crosswalk,74,1634234479299790,c0f4a26bcc4653c8,spatial_entry,outside_frame,kept
19d093209a00506d,2021.10.14.17.47.55_veh-28_00484_01094,traversing_crosswalk,75,1634234479349791,b1400ad1b44d5194,observation_disappearance_unknown_cause,outside_frame,
19d093209a00506d,2021.10.14.17.47.55_veh-28_00484_01094,traversing_crosswalk,75,1634234479349791,ee2a0c4bc489543d,observation_appearance_censored,,outside_frame
19d093209a00506d,2021.10.14.17.47.55_veh-28_00484_01094,traversing_crosswalk,78,1634234479499809,8383823016bc51c0,observation_appearance_censored,,kept
19d093209a00506d,2021.10.14.17.47.55_veh-28_00484_01094,traversing_crosswalk,80,1634234479599819,7d5dbe0280715b12,observation_disappearance_unknown_cause,outside_frame,
19d093209a00506d,2021.10.14.17.47.55_veh-28_00484_01094,traversing_crosswalk,82,1634234479699828,0d707e4b5200530b,spatial_entry,outside_frame,kept
19d093209a00506d,2021.10.14.17.47.55_veh-28_00484_01094,traversing_crosswalk,82,1634234479699828,4deaca243c0456b8,observation_appearance_censored,,outside_frame
19d093209a00506d,2021.10.14.17.47.55_veh-28_00484_01094,traversing_crosswalk,83,1634234479749836,c005404cca035454,observation_appearance_censored,,outside_frame
19d093209a00506d,2021.10.14.17.47.55_veh-28_00484_01094,traversing_crosswalk,84,1634234479799846,678c4bfe9c6151f3,spatial_entry,raw_drivable_area_exclusion,raw_drivable_area_exclusion
19d093209a00506d,2021.10.14.17.47.55_veh-28_00484_01094,traversing_crosswalk,85,1634234479849858,f0b85cfc760b5223,observation_appearance_censored,,outside_frame
19d093209a00506d,2021.10.14.17.47.55_veh-28_00484_01094,traversing_crosswalk,87,1634234479949883,b8286f5a783454b9,observation_appearance_censored,,outside_frame
19d093209a00506d,2021.10.14.17.47.55_veh-28_00484_01094,traversing_crosswalk,89,1634234480049908,ccd1fa8e36dd5a68,spatial_exit,kept,outside_frame
19d093209a00506d,2021.10.14.17.47.55_veh-28_00484_01094,traversing_crosswalk,91,1634234480149930,259384377d69594f,spatial_exit,kept,outside_frame
19d093209a00506d,2021.10.14.17.47.55_veh-28_00484_01094,traversing_crosswalk,91,1634234480149930,ee2a0c4bc489543d,observation_disappearance_unknown_cause,outside_frame,
19d093209a00506d,2021.10.14.17.47.55_veh-28_00484_01094,traversing_crosswalk,91,1634234480149930,f9ee965273a85505,observation_disappearance_unknown_cause,outside_frame,
19d093209a00506d,2021.10.14.17.47.55_veh-28_00484_01094,traversing_crosswalk,94,1634234480299950,57971c09e6435ae8,observation_disappearance_unknown_cause,kept,
19d093209a00506d,2021.10.14.17.47.55_veh-28_00484_01094,traversing_crosswalk,96,1634234480399947,046be39cfe7b502f,spatial_exit,kept,outside_frame
19d093209a00506d,2021.10.14.17.47.55_veh-28_00484_01094,traversing_crosswalk,96,1634234480399947,366275df3a655148,observation_appearance_censored,,outside_frame
19d093209a00506d,2021.10.14.17.47.55_veh-28_00484_01094,traversing_crosswalk,96,1634234480399947,5d9137c055845e94,observation_disappearance_unknown_cause,raw_drivable_area_exclusion,
19d093209a00506d,2021.10.14.17.47.55_veh-28_00484_01094,traversing_crosswalk,96,1634234480399947,b2ec24e622c75097,observation_disappearance_unknown_cause,outside_frame,
19d093209a00506d,2021.10.14.17.47.55_veh-28_00484_01094,traversing_crosswalk,97,1634234480449939,1ddeb66f2ba75a6c,spatial_exit,kept,outside_frame
19d093209a00506d,2021.10.14.17.47.55_veh-28_00484_01094,traversing_crosswalk,98,1634234480499930,42541ae1e85459bd,observation_disappearance_unknown_cause,outside_frame,
19d093209a00506d,2021.10.14.17.47.55_veh-28_00484_01094,traversing_crosswalk,98,1634234480499930,557ae90f6c9e55f9,observation_appearance_censored,,outside_frame
19d093209a00506d,2021.10.14.17.47.55_veh-28_00484_01094,traversing_crosswalk,98,1634234480499930,6f42416747af5708,spatial_exit,kept,outside_frame
19d093209a00506d,2021.10.14.17.47.55_veh-28_00484_01094,traversing_crosswalk,98,1634234480499930,d0300e628d6f57a4,observation_appearance_censored,,outside_frame
19d093209a00506d,2021.10.14.17.47.55_veh-28_00484_01094,traversing_crosswalk,99,1634234480549924,bacb59ca8ad55c15,spatial_exit,raw_drivable_area_exclusion,raw_drivable_area_exclusion
19d093209a00506d,2021.10.14.17.47.55_veh-28_00484_01094,traversing_crosswalk,99,1634234480549924,d7642361933e58d6,observation_disappearance_unknown_cause,outside_frame,
19d093209a00506d,2021.10.14.17.47.55_veh-28_00484_01094,traversing_crosswalk,99,1634234480549924,e2ae2663db025252,spatial_entry,raw_drivable_area_exclusion,raw_drivable_area_exclusion
e0b6fd9583355c6d,2021.09.13.17.32.06_veh-39_01315_01527,near_pedestrian_on_crosswalk,1,1631555755999297,dc0035e7114a5af6,observation_disappearance_unknown_cause,outside_frame,
e0b6fd9583355c6d,2021.09.13.17.32.06_veh-39_01315_01527,near_pedestrian_on_crosswalk,2,1631555756049297,2550c9fccbdc5116,observation_appearance_censored,,outside_frame
e0b6fd9583355c6d,2021.09.13.17.32.06_veh-39_01315_01527,near_pedestrian_on_crosswalk,10,1631555756449350,e4edffdaf1cb5037,observation_disappearance_unknown_cause,kept,
e0b6fd9583355c6d,2021.09.13.17.32.06_veh-39_01315_01527,near_pedestrian_on_crosswalk,16,1631555756749441,661cb9c628e65a4f,observation_appearance_censored,,outside_frame
e0b6fd9583355c6d,2021.09.13.17.32.06_veh-39_01315_01527,near_pedestrian_on_crosswalk,16,1631555756749441,b9c8a1540a9d54d6,observation_appearance_censored,,outside_frame
e0b6fd9583355c6d,2021.09.13.17.32.06_veh-39_01315_01527,near_pedestrian_on_crosswalk,18,1631555756849481,924ff9414ee85216,observation_disappearance_unknown_cause,outside_frame,
e0b6fd9583355c6d,2021.09.13.17.32.06_veh-39_01315_01527,near_pedestrian_on_crosswalk,19,1631555756899503,b9c8a1540a9d54d6,observation_disappearance_unknown_cause,outside_frame,
e0b6fd9583355c6d,2021.09.13.17.32.06_veh-39_01315_01527,near_pedestrian_on_crosswalk,25,1631555757199613,089c51aebf8e5e25,observation_disappearance_unknown_cause,kept,
e0b6fd9583355c6d,2021.09.13.17.32.06_veh-39_01315_01527,near_pedestrian_on_crosswalk,27,1631555757299643,661cb9c628e65a4f,observation_disappearance_unknown_cause,outside_frame,
e0b6fd9583355c6d,2021.09.13.17.32.06_veh-39_01315_01527,near_pedestrian_on_crosswalk,29,1631555757399667,39bc6f71ea7b5277,spatial_exit,kept,outside_frame
e0b6fd9583355c6d,2021.09.13.17.32.06_veh-39_01315_01527,near_pedestrian_on_crosswalk,31,1631555757499687,728b15034a0b5ad8,observation_disappearance_unknown_cause,kept,
e0b6fd9583355c6d,2021.09.13.17.32.06_veh-39_01315_01527,near_pedestrian_on_crosswalk,32,1631555757549695,6c9269dc519a582e,observation_appearance_censored,,kept
e0b6fd9583355c6d,2021.09.13.17.32.06_veh-39_01315_01527,near_pedestrian_on_crosswalk,32,1631555757549695,892381f60ac453d0,observation_appearance_censored,,raw_drivable_area_exclusion
e0b6fd9583355c6d,2021.09.13.17.32.06_veh-39_01315_01527,near_pedestrian_on_crosswalk,32,1631555757549695,db1d4bdce1275804,observation_disappearance_unknown_cause,outside_frame,
e0b6fd9583355c6d,2021.09.13.17.32.06_veh-39_01315_01527,near_pedestrian_on_crosswalk,37,1631555757799684,16e82788dc8c5b20,observation_appearance_censored,,kept
e0b6fd9583355c6d,2021.09.13.17.32.06_veh-39_01315_01527,near_pedestrian_on_crosswalk,41,1631555757999645,b605054178f9514a,observation_disappearance_unknown_cause,outside_frame,
e0b6fd9583355c6d,2021.09.13.17.32.06_veh-39_01315_01527,near_pedestrian_on_crosswalk,44,1631555758149597,61cc5f7ba34250f9,observation_appearance_censored,,outside_frame
e0b6fd9583355c6d,2021.09.13.17.32.06_veh-39_01315_01527,near_pedestrian_on_crosswalk,44,1631555758149597,892381f60ac453d0,other_representation_transition,raw_drivable_area_exclusion,outside_frame
e0b6fd9583355c6d,2021.09.13.17.32.06_veh-39_01315_01527,near_pedestrian_on_crosswalk,45,1631555758199585,892381f60ac453d0,observation_disappearance_unknown_cause,outside_frame,
e0b6fd9583355c6d,2021.09.13.17.32.06_veh-39_01315_01527,near_pedestrian_on_crosswalk,51,1631555758499471,8cef59a11ad85b6e,other_representation_transition,outside_frame,raw_drivable_area_exclusion
e0b6fd9583355c6d,2021.09.13.17.32.06_veh-39_01315_01527,near_pedestrian_on_crosswalk,54,1631555758649396,8cef59a11ad85b6e,other_representation_transition,raw_drivable_area_exclusion,outside_frame
e0b6fd9583355c6d,2021.09.13.17.32.06_veh-39_01315_01527,near_pedestrian_on_crosswalk,55,1631555758699370,5ac1e1dd4f90576e,observation_appearance_censored,,outside_frame
e0b6fd9583355c6d,2021.09.13.17.32.06_veh-39_01315_01527,near_pedestrian_on_crosswalk,56,1631555758749348,8cef59a11ad85b6e,other_representation_transition,outside_frame,raw_drivable_area_exclusion
e0b6fd9583355c6d,2021.09.13.17.32.06_veh-39_01315_01527,near_pedestrian_on_crosswalk,57,1631555758799328,31260f57744b5361,observation_disappearance_unknown_cause,outside_frame,
e0b6fd9583355c6d,2021.09.13.17.32.06_veh-39_01315_01527,near_pedestrian_on_crosswalk,57,1631555758799328,8cef59a11ad85b6e,other_representation_transition,raw_drivable_area_exclusion,outside_frame
e0b6fd9583355c6d,2021.09.13.17.32.06_veh-39_01315_01527,near_pedestrian_on_crosswalk,58,1631555758849311,8cef59a11ad85b6e,other_representation_transition,outside_frame,raw_drivable_area_exclusion
e0b6fd9583355c6d,2021.09.13.17.32.06_veh-39_01315_01527,near_pedestrian_on_crosswalk,59,1631555758899293,fd6ac502e6d25b75,observation_appearance_censored,,outside_frame
e0b6fd9583355c6d,2021.09.13.17.32.06_veh-39_01315_01527,near_pedestrian_on_crosswalk,63,1631555759099219,3921ee2bd7e7570c,observation_appearance_censored,,raw_drivable_area_exclusion
e0b6fd9583355c6d,2021.09.13.17.32.06_veh-39_01315_01527,near_pedestrian_on_crosswalk,65,1631555759199191,8cef59a11ad85b6e,other_representation_transition,raw_drivable_area_exclusion,outside_frame
e0b6fd9583355c6d,2021.09.13.17.32.06_veh-39_01315_01527,near_pedestrian_on_crosswalk,65,1631555759199191,ad0b2e8ecf315c3c,observation_appearance_censored,,outside_frame
e0b6fd9583355c6d,2021.09.13.17.32.06_veh-39_01315_01527,near_pedestrian_on_crosswalk,67,1631555759299176,8cef59a11ad85b6e,other_representation_transition,outside_frame,raw_drivable_area_exclusion
e0b6fd9583355c6d,2021.09.13.17.32.06_veh-39_01315_01527,near_pedestrian_on_crosswalk,68,1631555759349173,8cef59a11ad85b6e,other_representation_transition,raw_drivable_area_exclusion,outside_frame
e0b6fd9583355c6d,2021.09.13.17.32.06_veh-39_01315_01527,near_pedestrian_on_crosswalk,70,1631555759449177,8cef59a11ad85b6e,other_representation_transition,outside_frame,raw_drivable_area_exclusion
e0b6fd9583355c6d,2021.09.13.17.32.06_veh-39_01315_01527,near_pedestrian_on_crosswalk,72,1631555759549196,c151698e14aa592f,observation_disappearance_unknown_cause,kept,
e0b6fd9583355c6d,2021.09.13.17.32.06_veh-39_01315_01527,near_pedestrian_on_crosswalk,73,1631555759599212,42d7af2a2e605dcb,observation_appearance_censored,,kept
e0b6fd9583355c6d,2021.09.13.17.32.06_veh-39_01315_01527,near_pedestrian_on_crosswalk,78,1631555759849343,0d0fe420497d5a14,spatial_exit,kept,outside_frame
e0b6fd9583355c6d,2021.09.13.17.32.06_veh-39_01315_01527,near_pedestrian_on_crosswalk,81,1631555759999446,42d7af2a2e605dcb,observation_disappearance_unknown_cause,kept,
e0b6fd9583355c6d,2021.09.13.17.32.06_veh-39_01315_01527,near_pedestrian_on_crosswalk,86,1631555760249592,267d0f3cf088547f,observation_disappearance_unknown_cause,raw_drivable_area_exclusion,
e0b6fd9583355c6d,2021.09.13.17.32.06_veh-39_01315_01527,near_pedestrian_on_crosswalk,89,1631555760399683,adb957531f815489,observation_appearance_censored,,raw_drivable_area_exclusion
e0b6fd9583355c6d,2021.09.13.17.32.06_veh-39_01315_01527,near_pedestrian_on_crosswalk,90,1631555760449716,7d4daa7110d35b6e,spatial_entry,outside_frame,kept
e0b6fd9583355c6d,2021.09.13.17.32.06_veh-39_01315_01527,near_pedestrian_on_crosswalk,91,1631555760499752,b43f2591bb2d5b64,spatial_exit,kept,outside_frame
e0b6fd9583355c6d,2021.09.13.17.32.06_veh-39_01315_01527,near_pedestrian_on_crosswalk,93,1631555760599825,042d2380a6055515,spatial_entry,outside_frame,kept
e0b6fd9583355c6d,2021.09.13.17.32.06_veh-39_01315_01527,near_pedestrian_on_crosswalk,95,1631555760699889,d655bdf41c595505,observation_disappearance_unknown_cause,kept,
e0b6fd9583355c6d,2021.09.13.17.32.06_veh-39_01315_01527,near_pedestrian_on_crosswalk,96,1631555760749911,536029d0172d5c45,spatial_entry,outside_frame,kept
e0b6fd9583355c6d,2021.09.13.17.32.06_veh-39_01315_01527,near_pedestrian_on_crosswalk,96,1631555760749911,82c3cc06336f511d,observation_appearance_censored,,outside_frame
e0b6fd9583355c6d,2021.09.13.17.32.06_veh-39_01315_01527,near_pedestrian_on_crosswalk,98,1631555760849948,16e82788dc8c5b20,spatial_exit,kept,outside_frame
8f6a1bee1ba054af,2021.10.01.19.16.42_veh-28_00392_00906,near_pedestrian_on_crosswalk,9,1633116518599584,2afb9a526697515a,observation_appearance_censored,,outside_frame
8f6a1bee1ba054af,2021.10.01.19.16.42_veh-28_00392_00906,near_pedestrian_on_crosswalk,9,1633116518599584,30a5fcdfa9035e9d,observation_disappearance_unknown_cause,outside_frame,
8f6a1bee1ba054af,2021.10.01.19.16.42_veh-28_00392_00906,near_pedestrian_on_crosswalk,13,1633116518799671,24ab212c8ead586f,capacity_readmission,cap_excluded,kept
8f6a1bee1ba054af,2021.10.01.19.16.42_veh-28_00392_00906,near_pedestrian_on_crosswalk,13,1633116518799671,6ccd4b9a7bef5750,spatial_exit,kept,outside_frame
8f6a1bee1ba054af,2021.10.01.19.16.42_veh-28_00392_00906,near_pedestrian_on_crosswalk,15,1633116518899713,24ab212c8ead586f,spatial_exit,kept,outside_frame
8f6a1bee1ba054af,2021.10.01.19.16.42_veh-28_00392_00906,near_pedestrian_on_crosswalk,15,1633116518899713,58bd0be0a9115cd3,observation_appearance_censored,,outside_frame
8f6a1bee1ba054af,2021.10.01.19.16.42_veh-28_00392_00906,near_pedestrian_on_crosswalk,15,1633116518899713,99cc0df9740f5e95,observation_appearance_censored,,kept
8f6a1bee1ba054af,2021.10.01.19.16.42_veh-28_00392_00906,near_pedestrian_on_crosswalk,16,1633116518949729,2afb9a526697515a,observation_disappearance_unknown_cause,outside_frame,
8f6a1bee1ba054af,2021.10.01.19.16.42_veh-28_00392_00906,near_pedestrian_on_crosswalk,25,1633116519399683,9fc8a2e7e0d55de2,observation_disappearance_unknown_cause,outside_frame,
8f6a1bee1ba054af,2021.10.01.19.16.42_veh-28_00392_00906,near_pedestrian_on_crosswalk,25,1633116519399683,c26af4e1b0d152c5,observation_appearance_censored,,kept
8f6a1bee1ba054af,2021.10.01.19.16.42_veh-28_00392_00906,near_pedestrian_on_crosswalk,26,1633116519449662,07e4a844795d50f6,capacity_exclusion,kept,cap_excluded
8f6a1bee1ba054af,2021.10.01.19.16.42_veh-28_00392_00906,near_pedestrian_on_crosswalk,26,1633116519449662,48b640f6334b5e9d,observation_appearance_censored,,kept
8f6a1bee1ba054af,2021.10.01.19.16.42_veh-28_00392_00906,near_pedestrian_on_crosswalk,26,1633116519449662,4c3f354985f45000,observation_appearance_censored,,kept
8f6a1bee1ba054af,2021.10.01.19.16.42_veh-28_00392_00906,near_pedestrian_on_crosswalk,26,1633116519449662,f23839a7288054ae,capacity_exclusion,kept,cap_excluded
8f6a1bee1ba054af,2021.10.01.19.16.42_veh-28_00392_00906,near_pedestrian_on_crosswalk,28,1633116519549619,07e4a844795d50f6,spatial_exit,cap_excluded,outside_frame
8f6a1bee1ba054af,2021.10.01.19.16.42_veh-28_00392_00906,near_pedestrian_on_crosswalk,28,1633116519549619,30982abbf7ba5152,observation_disappearance_unknown_cause,outside_frame,
8f6a1bee1ba054af,2021.10.01.19.16.42_veh-28_00392_00906,near_pedestrian_on_crosswalk,28,1633116519549619,99cc0df9740f5e95,observation_disappearance_unknown_cause,kept,
8f6a1bee1ba054af,2021.10.01.19.16.42_veh-28_00392_00906,near_pedestrian_on_crosswalk,35,1633116519899510,fc628ffcf2325f64,observation_disappearance_unknown_cause,outside_frame,
8f6a1bee1ba054af,2021.10.01.19.16.42_veh-28_00392_00906,near_pedestrian_on_crosswalk,36,1633116519949511,c88a46171543505c,capacity_exclusion,kept,cap_excluded
8f6a1bee1ba054af,2021.10.01.19.16.42_veh-28_00392_00906,near_pedestrian_on_crosswalk,36,1633116519949511,f91c412a4f8656e5,observation_appearance_censored,,kept
8f6a1bee1ba054af,2021.10.01.19.16.42_veh-28_00392_00906,near_pedestrian_on_crosswalk,38,1633116520049522,301fe4d2b21e55ff,observation_disappearance_unknown_cause,outside_frame,
8f6a1bee1ba054af,2021.10.01.19.16.42_veh-28_00392_00906,near_pedestrian_on_crosswalk,41,1633116520199532,24d8a715ba2c5a99,observation_disappearance_unknown_cause,outside_frame,
8f6a1bee1ba054af,2021.10.01.19.16.42_veh-28_00392_00906,near_pedestrian_on_crosswalk,51,1633116520699701,f8568deb55ae5ad4,observation_appearance_censored,,outside_frame
8f6a1bee1ba054af,2021.10.01.19.16.42_veh-28_00392_00906,near_pedestrian_on_crosswalk,53,1633116520799734,7100c37cb2c85c6d,observation_appearance_censored,,raw_drivable_area_exclusion
8f6a1bee1ba054af,2021.10.01.19.16.42_veh-28_00392_00906,near_pedestrian_on_crosswalk,54,1633116520849743,01536f1446f45672,observation_appearance_censored,,outside_frame
8f6a1bee1ba054af,2021.10.01.19.16.42_veh-28_00392_00906,near_pedestrian_on_crosswalk,55,1633116520899749,6e3d58a2168d505d,observation_appearance_censored,,outside_frame
8f6a1bee1ba054af,2021.10.01.19.16.42_veh-28_00392_00906,near_pedestrian_on_crosswalk,56,1633116520949751,a94a049ed0f75cbc,observation_appearance_censored,,outside_frame
8f6a1bee1ba054af,2021.10.01.19.16.42_veh-28_00392_00906,near_pedestrian_on_crosswalk,58,1633116521049740,70f672ab07cd53b0,spatial_entry,outside_frame,kept
8f6a1bee1ba054af,2021.10.01.19.16.42_veh-28_00392_00906,near_pedestrian_on_crosswalk,60,1633116521149724,798f6da24de9513d,observation_appearance_censored,,kept
8f6a1bee1ba054af,2021.10.01.19.16.42_veh-28_00392_00906,near_pedestrian_on_crosswalk,60,1633116521149724,d19c71be0ac9541b,observation_disappearance_unknown_cause,kept,
8f6a1bee1ba054af,2021.10.01.19.16.42_veh-28_00392_00906,near_pedestrian_on_crosswalk,61,1633116521199714,fc1c03cfe70e507c,spatial_exit,raw_drivable_area_exclusion,raw_drivable_area_exclusion
8f6a1bee1ba054af,2021.10.01.19.16.42_veh-28_00392_00906,near_pedestrian_on_crosswalk,66,1633116521449672,809392e88e8b5e11,observation_appearance_censored,,raw_drivable_area_exclusion
8f6a1bee1ba054af,2021.10.01.19.16.42_veh-28_00392_00906,near_pedestrian_on_crosswalk,67,1633116521499663,32572a1153315c61,observation_appearance_censored,,outside_frame
8f6a1bee1ba054af,2021.10.01.19.16.42_veh-28_00392_00906,near_pedestrian_on_crosswalk,67,1633116521499663,6e3d58a2168d505d,observation_disappearance_unknown_cause,outside_frame,
8f6a1bee1ba054af,2021.10.01.19.16.42_veh-28_00392_00906,near_pedestrian_on_crosswalk,68,1633116521549654,2cf9c784f0fe5865,observation_appearance_censored,,outside_frame
8f6a1bee1ba054af,2021.10.01.19.16.42_veh-28_00392_00906,near_pedestrian_on_crosswalk,69,1633116521599648,0b1ee833e5205023,observation_appearance_censored,,raw_drivable_area_exclusion
8f6a1bee1ba054af,2021.10.01.19.16.42_veh-28_00392_00906,near_pedestrian_on_crosswalk,69,1633116521599648,12473ab23d9b5f66,observation_appearance_censored,,outside_frame
8f6a1bee1ba054af,2021.10.01.19.16.42_veh-28_00392_00906,near_pedestrian_on_crosswalk,69,1633116521599648,798f6da24de9513d,capacity_exclusion,kept,cap_excluded
8f6a1bee1ba054af,2021.10.01.19.16.42_veh-28_00392_00906,near_pedestrian_on_crosswalk,69,1633116521599648,e99d67df401d543a,observation_appearance_censored,,kept
8f6a1bee1ba054af,2021.10.01.19.16.42_veh-28_00392_00906,near_pedestrian_on_crosswalk,70,1633116521649642,74b881aa8aff50b1,observation_appearance_censored,,kept
8f6a1bee1ba054af,2021.10.01.19.16.42_veh-28_00392_00906,near_pedestrian_on_crosswalk,70,1633116521649642,85c85abeec985206,capacity_exclusion,kept,cap_excluded
8f6a1bee1ba054af,2021.10.01.19.16.42_veh-28_00392_00906,near_pedestrian_on_crosswalk,70,1633116521649642,d63445cd1b775f14,observation_appearance_censored,,outside_frame
8f6a1bee1ba054af,2021.10.01.19.16.42_veh-28_00392_00906,near_pedestrian_on_crosswalk,73,1633116521799621,07e4a844795d50f6,spatial_entry,outside_frame,cap_excluded
8f6a1bee1ba054af,2021.10.01.19.16.42_veh-28_00392_00906,near_pedestrian_on_crosswalk,74,1633116521849615,076c72e788d75333,observation_appearance_censored,,outside_frame
8f6a1bee1ba054af,2021.10.01.19.16.42_veh-28_00392_00906,near_pedestrian_on_crosswalk,74,1633116521849615,6cc3f0ef6f6a5145,observation_appearance_censored,,outside_frame
8f6a1bee1ba054af,2021.10.01.19.16.42_veh-28_00392_00906,near_pedestrian_on_crosswalk,75,1633116521899608,728b942de5dd562f,spatial_entry,raw_drivable_area_exclusion,raw_drivable_area_exclusion
8f6a1bee1ba054af,2021.10.01.19.16.42_veh-28_00392_00906,near_pedestrian_on_crosswalk,79,1633116522099573,56ad778bda3055a1,observation_appearance_censored,,outside_frame
8f6a1bee1ba054af,2021.10.01.19.16.42_veh-28_00392_00906,near_pedestrian_on_crosswalk,80,1633116522149567,b5ca810bceda5f39,observation_appearance_censored,,raw_drivable_area_exclusion
8f6a1bee1ba054af,2021.10.01.19.16.42_veh-28_00392_00906,near_pedestrian_on_crosswalk,82,1633116522249564,56ad778bda3055a1,spatial_entry,outside_frame,cap_excluded
8f6a1bee1ba054af,2021.10.01.19.16.42_veh-28_00392_00906,near_pedestrian_on_crosswalk,85,1633116522399545,798f6da24de9513d,capacity_readmission,cap_excluded,kept
8f6a1bee1ba054af,2021.10.01.19.16.42_veh-28_00392_00906,near_pedestrian_on_crosswalk,85,1633116522399545,85c85abeec985206,capacity_readmission,cap_excluded,kept
8f6a1bee1ba054af,2021.10.01.19.16.42_veh-28_00392_00906,near_pedestrian_on_crosswalk,85,1633116522399545,9ea966f4822d5abc,observation_appearance_censored,,raw_drivable_area_exclusion
8f6a1bee1ba054af,2021.10.01.19.16.42_veh-28_00392_00906,near_pedestrian_on_crosswalk,85,1633116522399545,a48ce88078a650b4,observation_appearance_censored,,raw_drivable_area_exclusion
8f6a1bee1ba054af,2021.10.01.19.16.42_veh-28_00392_00906,near_pedestrian_on_crosswalk,85,1633116522399545,b26855b46fb255f0,observation_appearance_censored,,outside_frame
8f6a1bee1ba054af,2021.10.01.19.16.42_veh-28_00392_00906,near_pedestrian_on_crosswalk,85,1633116522399545,b7e6b3e1e631538b,observation_disappearance_unknown_cause,kept,
8f6a1bee1ba054af,2021.10.01.19.16.42_veh-28_00392_00906,near_pedestrian_on_crosswalk,85,1633116522399545,e107899060d1564b,observation_disappearance_unknown_cause,kept,
8f6a1bee1ba054af,2021.10.01.19.16.42_veh-28_00392_00906,near_pedestrian_on_crosswalk,87,1633116522499518,68d2c8a2feb85723,observation_appearance_censored,,outside_frame
8f6a1bee1ba054af,2021.10.01.19.16.42_veh-28_00392_00906,near_pedestrian_on_crosswalk,87,1633116522499518,b1728a1c67cb5daf,observation_appearance_censored,,outside_frame
8f6a1bee1ba054af,2021.10.01.19.16.42_veh-28_00392_00906,near_pedestrian_on_crosswalk,90,1633116522649495,cbeeca6e594a54e4,observation_appearance_censored,,raw_drivable_area_exclusion
8f6a1bee1ba054af,2021.10.01.19.16.42_veh-28_00392_00906,near_pedestrian_on_crosswalk,93,1633116522799501,0377af174dba59ef,observation_appearance_censored,,outside_frame
8f6a1bee1ba054af,2021.10.01.19.16.42_veh-28_00392_00906,near_pedestrian_on_crosswalk,93,1633116522799501,12473ab23d9b5f66,observation_disappearance_unknown_cause,outside_frame,
8f6a1bee1ba054af,2021.10.01.19.16.42_veh-28_00392_00906,near_pedestrian_on_crosswalk,93,1633116522799501,6ed329e214515600,observation_appearance_censored,,raw_drivable_area_exclusion
8f6a1bee1ba054af,2021.10.01.19.16.42_veh-28_00392_00906,near_pedestrian_on_crosswalk,93,1633116522799501,75d4eaee62625028,observation_appearance_censored,,cap_excluded
8f6a1bee1ba054af,2021.10.01.19.16.42_veh-28_00392_00906,near_pedestrian_on_crosswalk,94,1633116522849510,8bb85c9881c65c77,observation_appearance_censored,,outside_frame
8f6a1bee1ba054af,2021.10.01.19.16.42_veh-28_00392_00906,near_pedestrian_on_crosswalk,94,1633116522849510,aed7cde95ec250ab,observation_appearance_censored,,outside_frame
8f6a1bee1ba054af,2021.10.01.19.16.42_veh-28_00392_00906,near_pedestrian_on_crosswalk,94,1633116522849510,f0370202f87a5b28,observation_appearance_censored,,outside_frame
8f6a1bee1ba054af,2021.10.01.19.16.42_veh-28_00392_00906,near_pedestrian_on_crosswalk,95,1633116522899521,076c72e788d75333,spatial_entry,outside_frame,kept
8f6a1bee1ba054af,2021.10.01.19.16.42_veh-28_00392_00906,near_pedestrian_on_crosswalk,96,1633116522949532,6ed329e214515600,observation_disappearance_unknown_cause,raw_drivable_area_exclusion,
8f6a1bee1ba054af,2021.10.01.19.16.42_veh-28_00392_00906,near_pedestrian_on_crosswalk,97,1633116522999543,aed7cde95ec250ab,observation_disappearance_unknown_cause,outside_frame,
8f6a1bee1ba054af,2021.10.01.19.16.42_veh-28_00392_00906,near_pedestrian_on_crosswalk,98,1633116523049552,d2f693ce3f245814,observation_appearance_censored,,raw_drivable_area_exclusion
8f6a1bee1ba054af,2021.10.01.19.16.42_veh-28_00392_00906,near_pedestrian_on_crosswalk,98,1633116523049552,ded336098cfd5976,observation_appearance_censored,,cap_excluded
8f6a1bee1ba054af,2021.10.01.19.16.42_veh-28_00392_00906,near_pedestrian_on_crosswalk,98,1633116523049552,f0370202f87a5b28,observation_disappearance_unknown_cause,outside_frame,
8f6a1bee1ba054af,2021.10.01.19.16.42_veh-28_00392_00906,near_pedestrian_on_crosswalk,99,1633116523099558,70bd3c11c2f05b2d,observation_appearance_censored,,outside_frame
8f6a1bee1ba054af,2021.10.01.19.16.42_veh-28_00392_00906,near_pedestrian_on_crosswalk,99,1633116523099558,dd6451f7270f530b,observation_appearance_censored,,outside_frame
b19bf286110d578b,2021.08.24.13.20.17_veh-08_00016_00738,near_pedestrian_on_crosswalk,1,1629811887249330,7d785c61d4fd5cd2,observation_disappearance_unknown_cause,kept,
b19bf286110d578b,2021.08.24.13.20.17_veh-08_00016_00738,near_pedestrian_on_crosswalk,2,1629811887299319,40c7b8c11f4351aa,spatial_entry,outside_frame,kept
b19bf286110d578b,2021.08.24.13.20.17_veh-08_00016_00738,near_pedestrian_on_crosswalk,4,1629811887399304,a6b53d537780573b,observation_disappearance_unknown_cause,outside_frame,
b19bf286110d578b,2021.08.24.13.20.17_veh-08_00016_00738,near_pedestrian_on_crosswalk,9,1629811887649350,0aed8414924a5a47,observation_appearance_censored,,outside_frame
b19bf286110d578b,2021.08.24.13.20.17_veh-08_00016_00738,near_pedestrian_on_crosswalk,10,1629811887699374,d83d57445d3a55cd,observation_appearance_censored,,kept
b19bf286110d578b,2021.08.24.13.20.17_veh-08_00016_00738,near_pedestrian_on_crosswalk,12,1629811887799426,b77130b527a3541b,observation_disappearance_unknown_cause,outside_frame,
b19bf286110d578b,2021.08.24.13.20.17_veh-08_00016_00738,near_pedestrian_on_crosswalk,14,1629811887899478,463cb1ac151a5cf0,observation_appearance_censored,,outside_frame
b19bf286110d578b,2021.08.24.13.20.17_veh-08_00016_00738,near_pedestrian_on_crosswalk,14,1629811887899478,fdf02c61ad88527f,spatial_entry,outside_frame,kept
b19bf286110d578b,2021.08.24.13.20.17_veh-08_00016_00738,near_pedestrian_on_crosswalk,20,1629811888199659,bf71f7caf3395a7f,spatial_exit,kept,outside_frame
b19bf286110d578b,2021.08.24.13.20.17_veh-08_00016_00738,near_pedestrian_on_crosswalk,26,1629811888499822,1d624fe6127c5a41,other_representation_transition,kept,raw_drivable_area_exclusion
b19bf286110d578b,2021.08.24.13.20.17_veh-08_00016_00738,near_pedestrian_on_crosswalk,26,1629811888499822,281d7d2ab41f58b8,observation_disappearance_unknown_cause,outside_frame,
b19bf286110d578b,2021.08.24.13.20.17_veh-08_00016_00738,near_pedestrian_on_crosswalk,31,1629811888749977,1d624fe6127c5a41,other_representation_transition,raw_drivable_area_exclusion,kept
b19bf286110d578b,2021.08.24.13.20.17_veh-08_00016_00738,near_pedestrian_on_crosswalk,42,1629811889300302,a6ada0ba07d55213,observation_appearance_censored,,raw_drivable_area_exclusion
b19bf286110d578b,2021.08.24.13.20.17_veh-08_00016_00738,near_pedestrian_on_crosswalk,44,1629811889400342,862f5f830e405576,observation_appearance_censored,,outside_frame
b19bf286110d578b,2021.08.24.13.20.17_veh-08_00016_00738,near_pedestrian_on_crosswalk,47,1629811889550363,487cf36544865cd2,observation_disappearance_unknown_cause,raw_drivable_area_exclusion,
b19bf286110d578b,2021.08.24.13.20.17_veh-08_00016_00738,near_pedestrian_on_crosswalk,49,1629811889650363,d9d5932b46895e6b,observation_appearance_censored,,outside_frame
b19bf286110d578b,2021.08.24.13.20.17_veh-08_00016_00738,near_pedestrian_on_crosswalk,50,1629811889700358,7afa7776db375d9a,observation_appearance_censored,,raw_drivable_area_exclusion
b19bf286110d578b,2021.08.24.13.20.17_veh-08_00016_00738,near_pedestrian_on_crosswalk,51,1629811889750353,a6ada0ba07d55213,observation_disappearance_unknown_cause,raw_drivable_area_exclusion,
b19bf286110d578b,2021.08.24.13.20.17_veh-08_00016_00738,near_pedestrian_on_crosswalk,58,1629811890100235,72ce5b088e745a94,observation_appearance_censored,,outside_frame
b19bf286110d578b,2021.08.24.13.20.17_veh-08_00016_00738,near_pedestrian_on_crosswalk,60,1629811890200215,ffdbc52dcfd855a3,observation_appearance_censored,,outside_frame
b19bf286110d578b,2021.08.24.13.20.17_veh-08_00016_00738,near_pedestrian_on_crosswalk,69,1629811890650126,c6c0397273375993,observation_appearance_censored,,outside_frame
b19bf286110d578b,2021.08.24.13.20.17_veh-08_00016_00738,near_pedestrian_on_crosswalk,72,1629811890800086,d83d57445d3a55cd,observation_disappearance_unknown_cause,kept,
b19bf286110d578b,2021.08.24.13.20.17_veh-08_00016_00738,near_pedestrian_on_crosswalk,73,1629811890850078,4f63426c70b75ce6,observation_appearance_censored,,outside_frame
b19bf286110d578b,2021.08.24.13.20.17_veh-08_00016_00738,near_pedestrian_on_crosswalk,73,1629811890850078,b983a10325ae50e6,observation_disappearance_unknown_cause,raw_drivable_area_exclusion,
b19bf286110d578b,2021.08.24.13.20.17_veh-08_00016_00738,near_pedestrian_on_crosswalk,74,1629811890900073,60a748479d4f5d0a,spatial_exit,raw_drivable_area_exclusion,raw_drivable_area_exclusion
b19bf286110d578b,2021.08.24.13.20.17_veh-08_00016_00738,near_pedestrian_on_crosswalk,74,1629811890900073,7150b4614ee9541f,observation_appearance_censored,,outside_frame
b19bf286110d578b,2021.08.24.13.20.17_veh-08_00016_00738,near_pedestrian_on_crosswalk,78,1629811891100030,fac265741eec5b45,spatial_exit,kept,outside_frame
b19bf286110d578b,2021.08.24.13.20.17_veh-08_00016_00738,near_pedestrian_on_crosswalk,81,1629811891249971,3993b13e5d3c5cc5,observation_appearance_censored,,raw_drivable_area_exclusion
b19bf286110d578b,2021.08.24.13.20.17_veh-08_00016_00738,near_pedestrian_on_crosswalk,81,1629811891249971,862f5f830e405576,observation_disappearance_unknown_cause,outside_frame,
b19bf286110d578b,2021.08.24.13.20.17_veh-08_00016_00738,near_pedestrian_on_crosswalk,82,1629811891299946,2d79a9c1529052a8,observation_appearance_censored,,kept
b19bf286110d578b,2021.08.24.13.20.17_veh-08_00016_00738,near_pedestrian_on_crosswalk,83,1629811891349918,d122d218d9b45844,observation_disappearance_unknown_cause,kept,
b19bf286110d578b,2021.08.24.13.20.17_veh-08_00016_00738,near_pedestrian_on_crosswalk,84,1629811891399888,4f63426c70b75ce6,observation_disappearance_unknown_cause,outside_frame,
b19bf286110d578b,2021.08.24.13.20.17_veh-08_00016_00738,near_pedestrian_on_crosswalk,85,1629811891449861,2d79a9c1529052a8,spatial_exit,kept,outside_frame
b19bf286110d578b,2021.08.24.13.20.17_veh-08_00016_00738,near_pedestrian_on_crosswalk,89,1629811891649757,155fe3fb56c15aba,observation_appearance_censored,,outside_frame
b19bf286110d578b,2021.08.24.13.20.17_veh-08_00016_00738,near_pedestrian_on_crosswalk,89,1629811891649757,7150b4614ee9541f,spatial_entry,outside_frame,kept
b19bf286110d578b,2021.08.24.13.20.17_veh-08_00016_00738,near_pedestrian_on_crosswalk,89,1629811891649757,fac265741eec5b45,spatial_entry,outside_frame,kept
b19bf286110d578b,2021.08.24.13.20.17_veh-08_00016_00738,near_pedestrian_on_crosswalk,95,1629811891949578,2d79a9c1529052a8,observation_disappearance_unknown_cause,outside_frame,
b19bf286110d578b,2021.08.24.13.20.17_veh-08_00016_00738,near_pedestrian_on_crosswalk,95,1629811891949578,5a05982ea6e257a6,observation_disappearance_unknown_cause,outside_frame,
b19bf286110d578b,2021.08.24.13.20.17_veh-08_00016_00738,near_pedestrian_on_crosswalk,96,1629811891999548,1d624fe6127c5a41,spatial_exit,kept,outside_frame
b19bf286110d578b,2021.08.24.13.20.17_veh-08_00016_00738,near_pedestrian_on_crosswalk,96,1629811891999548,8f5a5604556f5fcb,observation_appearance_censored,,raw_drivable_area_exclusion
b19bf286110d578b,2021.08.24.13.20.17_veh-08_00016_00738,near_pedestrian_on_crosswalk,97,1629811892049520,7432c0e614705674,observation_disappearance_unknown_cause,kept,
b19bf286110d578b,2021.08.24.13.20.17_veh-08_00016_00738,near_pedestrian_on_crosswalk,98,1629811892099494,155fe3fb56c15aba,observation_disappearance_unknown_cause,outside_frame,
b19bf286110d578b,2021.08.24.13.20.17_veh-08_00016_00738,near_pedestrian_on_crosswalk,98,1629811892099494,fac265741eec5b45,spatial_exit,kept,outside_frame
229f7c1c62fa5439,2021.09.01.13.51.23_veh-40_00962_01574,traversing_crosswalk,2,1630505618400779,090c24da991459bb,observation_disappearance_unknown_cause,outside_frame,
229f7c1c62fa5439,2021.09.01.13.51.23_veh-40_00962_01574,traversing_crosswalk,3,1630505618450781,6d4691ca7c04574a,spatial_entry,outside_frame,kept
229f7c1c62fa5439,2021.09.01.13.51.23_veh-40_00962_01574,traversing_crosswalk,5,1630505618550781,d1ef27a8df35572c,observation_appearance_censored,,kept
229f7c1c62fa5439,2021.09.01.13.51.23_veh-40_00962_01574,traversing_crosswalk,7,1630505618650769,cf7206f847505706,observation_disappearance_unknown_cause,outside_frame,
229f7c1c62fa5439,2021.09.01.13.51.23_veh-40_00962_01574,traversing_crosswalk,12,1630505618900716,81f48c330ec25dd0,spatial_exit,raw_drivable_area_exclusion,raw_drivable_area_exclusion
229f7c1c62fa5439,2021.09.01.13.51.23_veh-40_00962_01574,traversing_crosswalk,13,1630505618950706,71cfb3191b505517,observation_disappearance_unknown_cause,kept,
229f7c1c62fa5439,2021.09.01.13.51.23_veh-40_00962_01574,traversing_crosswalk,14,1630505619000695,7d3b90306bd750f5,spatial_entry,outside_frame,kept
229f7c1c62fa5439,2021.09.01.13.51.23_veh-40_00962_01574,traversing_crosswalk,15,1630505619050682,c4e0f427b9bb5dd7,spatial_exit,raw_drivable_area_exclusion,raw_drivable_area_exclusion
229f7c1c62fa5439,2021.09.01.13.51.23_veh-40_00962_01574,traversing_crosswalk,16,1630505619100669,4a74fcfd15f85bc5,observation_disappearance_unknown_cause,outside_frame,
229f7c1c62fa5439,2021.09.01.13.51.23_veh-40_00962_01574,traversing_crosswalk,19,1630505619250628,f47ad03a8ebc5756,observation_disappearance_unknown_cause,outside_frame,
229f7c1c62fa5439,2021.09.01.13.51.23_veh-40_00962_01574,traversing_crosswalk,21,1630505619350609,2bbde32b1eca593e,spatial_exit,kept,outside_frame
229f7c1c62fa5439,2021.09.01.13.51.23_veh-40_00962_01574,traversing_crosswalk,23,1630505619450596,3a9271c1428555eb,spatial_exit,kept,outside_frame
229f7c1c62fa5439,2021.09.01.13.51.23_veh-40_00962_01574,traversing_crosswalk,24,1630505619500589,d493beab26f154d4,observation_disappearance_unknown_cause,outside_frame,
229f7c1c62fa5439,2021.09.01.13.51.23_veh-40_00962_01574,traversing_crosswalk,25,1630505619550579,a9f23b50bdf352eb,spatial_entry,raw_drivable_area_exclusion,raw_drivable_area_exclusion
229f7c1c62fa5439,2021.09.01.13.51.23_veh-40_00962_01574,traversing_crosswalk,28,1630505619700539,3a9271c1428555eb,observation_disappearance_unknown_cause,outside_frame,
229f7c1c62fa5439,2021.09.01.13.51.23_veh-40_00962_01574,traversing_crosswalk,35,1630505620050474,31518e0585c4596d,spatial_entry,raw_drivable_area_exclusion,raw_drivable_area_exclusion
229f7c1c62fa5439,2021.09.01.13.51.23_veh-40_00962_01574,traversing_crosswalk,40,1630505620300451,b0b2f7fe0df25a88,spatial_exit,kept,outside_frame
229f7c1c62fa5439,2021.09.01.13.51.23_veh-40_00962_01574,traversing_crosswalk,43,1630505620450432,9d166f0d6c325b69,observation_disappearance_unknown_cause,outside_frame,
229f7c1c62fa5439,2021.09.01.13.51.23_veh-40_00962_01574,traversing_crosswalk,43,1630505620450432,d1ef27a8df35572c,observation_disappearance_unknown_cause,kept,
229f7c1c62fa5439,2021.09.01.13.51.23_veh-40_00962_01574,traversing_crosswalk,44,1630505620500419,1721ae00fbe85090,observation_disappearance_unknown_cause,raw_drivable_area_exclusion,
229f7c1c62fa5439,2021.09.01.13.51.23_veh-40_00962_01574,traversing_crosswalk,44,1630505620500419,b0b2f7fe0df25a88,observation_disappearance_unknown_cause,outside_frame,
229f7c1c62fa5439,2021.09.01.13.51.23_veh-40_00962_01574,traversing_crosswalk,49,1630505620750379,2bbde32b1eca593e,observation_disappearance_unknown_cause,outside_frame,
229f7c1c62fa5439,2021.09.01.13.51.23_veh-40_00962_01574,traversing_crosswalk,49,1630505620750379,55f77820aa155388,spatial_entry,raw_drivable_area_exclusion,raw_drivable_area_exclusion
229f7c1c62fa5439,2021.09.01.13.51.23_veh-40_00962_01574,traversing_crosswalk,52,1630505620900350,8ffebd3b925950ab,observation_disappearance_unknown_cause,raw_drivable_area_exclusion,
229f7c1c62fa5439,2021.09.01.13.51.23_veh-40_00962_01574,traversing_crosswalk,56,1630505621100306,7011e53826a858c3,spatial_entry,outside_frame,kept
229f7c1c62fa5439,2021.09.01.13.51.23_veh-40_00962_01574,traversing_crosswalk,56,1630505621100306,d6fee1b7e4215554,observation_appearance_censored,,kept
229f7c1c62fa5439,2021.09.01.13.51.23_veh-40_00962_01574,traversing_crosswalk,57,1630505621150302,024f7852224e5107,observation_appearance_censored,,outside_frame
229f7c1c62fa5439,2021.09.01.13.51.23_veh-40_00962_01574,traversing_crosswalk,58,1630505621200300,053ac0796126509a,spatial_entry,outside_frame,kept
229f7c1c62fa5439,2021.09.01.13.51.23_veh-40_00962_01574,traversing_crosswalk,58,1630505621200300,b393ff2339ec5e5e,observation_appearance_censored,,outside_frame
229f7c1c62fa5439,2021.09.01.13.51.23_veh-40_00962_01574,traversing_crosswalk,59,1630505621250300,89ae92d776125b11,observation_appearance_censored,,outside_frame
229f7c1c62fa5439,2021.09.01.13.51.23_veh-40_00962_01574,traversing_crosswalk,62,1630505621400312,0a16dfb5a38c59ce,spatial_entry,raw_drivable_area_exclusion,raw_drivable_area_exclusion
229f7c1c62fa5439,2021.09.01.13.51.23_veh-40_00962_01574,traversing_crosswalk,64,1630505621500326,d6fee1b7e4215554,observation_disappearance_unknown_cause,kept,
229f7c1c62fa5439,2021.09.01.13.51.23_veh-40_00962_01574,traversing_crosswalk,66,1630505621600346,58dc0baeccf25049,observation_appearance_censored,,outside_frame
229f7c1c62fa5439,2021.09.01.13.51.23_veh-40_00962_01574,traversing_crosswalk,67,1630505621650358,42dbbde9b00c5739,observation_disappearance_unknown_cause,raw_drivable_area_exclusion,
229f7c1c62fa5439,2021.09.01.13.51.23_veh-40_00962_01574,traversing_crosswalk,67,1630505621650358,48158347180d5aea,observation_appearance_censored,,kept
229f7c1c62fa5439,2021.09.01.13.51.23_veh-40_00962_01574,traversing_crosswalk,68,1630505621700370,776df6834a325439,observation_disappearance_unknown_cause,raw_drivable_area_exclusion,
229f7c1c62fa5439,2021.09.01.13.51.23_veh-40_00962_01574,traversing_crosswalk,71,1630505621850409,d542a925a240504a,observation_disappearance_unknown_cause,outside_frame,
229f7c1c62fa5439,2021.09.01.13.51.23_veh-40_00962_01574,traversing_crosswalk,72,1630505621900425,024f7852224e5107,spatial_entry,outside_frame,kept
229f7c1c62fa5439,2021.09.01.13.51.23_veh-40_00962_01574,traversing_crosswalk,76,1630505622100495,b2ef98b13c4c53e7,observation_appearance_censored,,outside_frame
229f7c1c62fa5439,2021.09.01.13.51.23_veh-40_00962_01574,traversing_crosswalk,78,1630505622200510,9dbd665bab7f5dd7,observation_appearance_censored,,kept
229f7c1c62fa5439,2021.09.01.13.51.23_veh-40_00962_01574,traversing_crosswalk,79,1630505622250512,81f48c330ec25dd0,observation_disappearance_unknown_cause,raw_drivable_area_exclusion,
229f7c1c62fa5439,2021.09.01.13.51.23_veh-40_00962_01574,traversing_crosswalk,80,1630505622300512,f584be1630035b2c,observation_appearance_censored,,outside_frame
229f7c1c62fa5439,2021.09.01.13.51.23_veh-40_00962_01574,traversing_crosswalk,81,1630505622350512,48158347180d5aea,spatial_exit,kept,outside_frame
229f7c1c62fa5439,2021.09.01.13.51.23_veh-40_00962_01574,traversing_crosswalk,84,1630505622500512,250a7a6d12af5e6b,observation_disappearance_unknown_cause,outside_frame,
229f7c1c62fa5439,2021.09.01.13.51.23_veh-40_00962_01574,traversing_crosswalk,85,1630505622550509,36b8d5d1219e5e61,observation_disappearance_unknown_cause,raw_drivable_area_exclusion,
229f7c1c62fa5439,2021.09.01.13.51.23_veh-40_00962_01574,traversing_crosswalk,85,1630505622550509,6a1e3a967a7d57b2,spatial_exit,kept,outside_frame
229f7c1c62fa5439,2021.09.01.13.51.23_veh-40_00962_01574,traversing_crosswalk,87,1630505622650503,99e2b2ab31155526,observation_appearance_censored,,outside_frame
229f7c1c62fa5439,2021.09.01.13.51.23_veh-40_00962_01574,traversing_crosswalk,89,1630505622750494,84cfc9e24bfc5c81,spatial_exit,kept,outside_frame
229f7c1c62fa5439,2021.09.01.13.51.23_veh-40_00962_01574,traversing_crosswalk,91,1630505622850473,e553d5f4388e5c91,observation_appearance_censored,,outside_frame
229f7c1c62fa5439,2021.09.01.13.51.23_veh-40_00962_01574,traversing_crosswalk,97,1630505623150394,58dc0baeccf25049,observation_disappearance_unknown_cause,outside_frame,
b1557245d0845fc0,2021.09.07.15.28.24_veh-40_00160_00361,traversing_crosswalk,1,1631028838300441,794cd47404165b0a,spatial_entry,raw_drivable_area_exclusion,raw_drivable_area_exclusion
b1557245d0845fc0,2021.09.07.15.28.24_veh-40_00160_00361,traversing_crosswalk,4,1631028838450465,abc10b8f72ec5be0,observation_appearance_censored,,outside_frame
b1557245d0845fc0,2021.09.07.15.28.24_veh-40_00160_00361,traversing_crosswalk,4,1631028838450465,c6bafb3c51d35852,spatial_exit,kept,outside_frame
b1557245d0845fc0,2021.09.07.15.28.24_veh-40_00160_00361,traversing_crosswalk,8,1631028838650464,6d4e55397da1552e,observation_appearance_censored,,outside_frame
b1557245d0845fc0,2021.09.07.15.28.24_veh-40_00160_00361,traversing_crosswalk,9,1631028838700453,9d1e9db0ac5953b1,observation_appearance_censored,,raw_drivable_area_exclusion
b1557245d0845fc0,2021.09.07.15.28.24_veh-40_00160_00361,traversing_crosswalk,13,1631028838900396,8218ded19b9a58c0,observation_appearance_censored,,kept
b1557245d0845fc0,2021.09.07.15.28.24_veh-40_00160_00361,traversing_crosswalk,15,1631028839000379,1d6bc3a5167b5325,spatial_exit,raw_drivable_area_exclusion,raw_drivable_area_exclusion
b1557245d0845fc0,2021.09.07.15.28.24_veh-40_00160_00361,traversing_crosswalk,15,1631028839000379,9d1e9db0ac5953b1,observation_disappearance_unknown_cause,raw_drivable_area_exclusion,
b1557245d0845fc0,2021.09.07.15.28.24_veh-40_00160_00361,traversing_crosswalk,17,1631028839100368,e745e5bcd64b5fa0,spatial_entry,outside_frame,kept
b1557245d0845fc0,2021.09.07.15.28.24_veh-40_00160_00361,traversing_crosswalk,18,1631028839150363,07e40642fdba5b54,observation_appearance_censored,,outside_frame
b1557245d0845fc0,2021.09.07.15.28.24_veh-40_00160_00361,traversing_crosswalk,18,1631028839150363,e5cb8b6f2f115ed6,observation_disappearance_unknown_cause,outside_frame,
b1557245d0845fc0,2021.09.07.15.28.24_veh-40_00160_00361,traversing_crosswalk,19,1631028839200359,ff9eb23cf45f5b79,observation_appearance_censored,,outside_frame
b1557245d0845fc0,2021.09.07.15.28.24_veh-40_00160_00361,traversing_crosswalk,20,1631028839250353,7d89b52b003158b4,observation_disappearance_unknown_cause,kept,
b1557245d0845fc0,2021.09.07.15.28.24_veh-40_00160_00361,traversing_crosswalk,22,1631028839350336,d132271af51c5e4d,spatial_exit,raw_drivable_area_exclusion,raw_drivable_area_exclusion
b1557245d0845fc0,2021.09.07.15.28.24_veh-40_00160_00361,traversing_crosswalk,22,1631028839350336,dc872552a1665c9e,observation_appearance_censored,,outside_frame
b1557245d0845fc0,2021.09.07.15.28.24_veh-40_00160_00361,traversing_crosswalk,24,1631028839450313,007ebd8268805b30,observation_appearance_censored,,kept
b1557245d0845fc0,2021.09.07.15.28.24_veh-40_00160_00361,traversing_crosswalk,25,1631028839500301,1a8d938e55dc5bae,observation_appearance_censored,,outside_frame
b1557245d0845fc0,2021.09.07.15.28.24_veh-40_00160_00361,traversing_crosswalk,25,1631028839500301,64fabe1953d35218,observation_appearance_censored,,kept
b1557245d0845fc0,2021.09.07.15.28.24_veh-40_00160_00361,traversing_crosswalk,26,1631028839550288,5d88842126145269,observation_appearance_censored,,kept
b1557245d0845fc0,2021.09.07.15.28.24_veh-40_00160_00361,traversing_crosswalk,26,1631028839550288,60a695e7fbc85578,observation_appearance_censored,,kept
b1557245d0845fc0,2021.09.07.15.28.24_veh-40_00160_00361,traversing_crosswalk,28,1631028839650257,007ebd8268805b30,observation_disappearance_unknown_cause,kept,
b1557245d0845fc0,2021.09.07.15.28.24_veh-40_00160_00361,traversing_crosswalk,28,1631028839650257,d21416155ae35dad,observation_appearance_censored,,kept
b1557245d0845fc0,2021.09.07.15.28.24_veh-40_00160_00361,traversing_crosswalk,29,1631028839700239,fd72fdc653b15a2a,spatial_exit,raw_drivable_area_exclusion,raw_drivable_area_exclusion
b1557245d0845fc0,2021.09.07.15.28.24_veh-40_00160_00361,traversing_crosswalk,30,1631028839750220,06b1c5d418e65431,observation_appearance_censored,,raw_drivable_area_exclusion
b1557245d0845fc0,2021.09.07.15.28.24_veh-40_00160_00361,traversing_crosswalk,30,1631028839750220,b9b5a2aeb5595e31,observation_appearance_censored,,kept
b1557245d0845fc0,2021.09.07.15.28.24_veh-40_00160_00361,traversing_crosswalk,30,1631028839750220,e35f932cba575889,spatial_entry,outside_frame,kept
b1557245d0845fc0,2021.09.07.15.28.24_veh-40_00160_00361,traversing_crosswalk,31,1631028839800201,07e40642fdba5b54,spatial_entry,outside_frame,kept
b1557245d0845fc0,2021.09.07.15.28.24_veh-40_00160_00361,traversing_crosswalk,31,1631028839800201,3a73a441c0f152f6,observation_appearance_censored,,outside_frame
b1557245d0845fc0,2021.09.07.15.28.24_veh-40_00160_00361,traversing_crosswalk,31,1631028839800201,6d4e55397da1552e,observation_disappearance_unknown_cause,outside_frame,
b1557245d0845fc0,2021.09.07.15.28.24_veh-40_00160_00361,traversing_crosswalk,31,1631028839800201,7888db10c43d53d2,observation_appearance_censored,,outside_frame
b1557245d0845fc0,2021.09.07.15.28.24_veh-40_00160_00361,traversing_crosswalk,31,1631028839800201,7f95d9c4d1d85205,observation_appearance_censored,,outside_frame
b1557245d0845fc0,2021.09.07.15.28.24_veh-40_00160_00361,traversing_crosswalk,31,1631028839800201,a9f21597072f5bd4,spatial_entry,raw_drivable_area_exclusion,raw_drivable_area_exclusion
b1557245d0845fc0,2021.09.07.15.28.24_veh-40_00160_00361,traversing_crosswalk,32,1631028839850184,6325221d877d5c1e,observation_appearance_censored,,outside_frame
b1557245d0845fc0,2021.09.07.15.28.24_veh-40_00160_00361,traversing_crosswalk,33,1631028839900167,64fabe1953d35218,observation_disappearance_unknown_cause,kept,
b1557245d0845fc0,2021.09.07.15.28.24_veh-40_00160_00361,traversing_crosswalk,33,1631028839900167,d21416155ae35dad,observation_disappearance_unknown_cause,kept,
b1557245d0845fc0,2021.09.07.15.28.24_veh-40_00160_00361,traversing_crosswalk,34,1631028839950153,5d88842126145269,observation_disappearance_unknown_cause,kept,
b1557245d0845fc0,2021.09.07.15.28.24_veh-40_00160_00361,traversing_crosswalk,37,1631028840100107,1dc220c9eced503b,observation_appearance_censored,,raw_drivable_area_exclusion
b1557245d0845fc0,2021.09.07.15.28.24_veh-40_00160_00361,traversing_crosswalk,37,1631028840100107,9b29cce0505959fa,spatial_exit,raw_drivable_area_exclusion,raw_drivable_area_exclusion
b1557245d0845fc0,2021.09.07.15.28.24_veh-40_00160_00361,traversing_crosswalk,40,1631028840250071,1a0cab0bca435514,spatial_entry,raw_drivable_area_exclusion,raw_drivable_area_exclusion
b1557245d0845fc0,2021.09.07.15.28.24_veh-40_00160_00361,traversing_crosswalk,40,1631028840250071,60a695e7fbc85578,observation_disappearance_unknown_cause,kept,
b1557245d0845fc0,2021.09.07.15.28.24_veh-40_00160_00361,traversing_crosswalk,42,1631028840350068,b9b5a2aeb5595e31,observation_disappearance_unknown_cause,kept,
b1557245d0845fc0,2021.09.07.15.28.24_veh-40_00160_00361,traversing_crosswalk,42,1631028840350068,fad084cab8445d61,observation_appearance_censored,,outside_frame
b1557245d0845fc0,2021.09.07.15.28.24_veh-40_00160_00361,traversing_crosswalk,45,1631028840500077,651da82864cd5e5a,spatial_exit,raw_drivable_area_exclusion,raw_drivable_area_exclusion
b1557245d0845fc0,2021.09.07.15.28.24_veh-40_00160_00361,traversing_crosswalk,45,1631028840500077,a4e297a2bc1d540e,observation_appearance_censored,,raw_drivable_area_exclusion
b1557245d0845fc0,2021.09.07.15.28.24_veh-40_00160_00361,traversing_crosswalk,51,1631028840800147,5b65f5c2040e5986,observation_appearance_censored,,outside_frame
b1557245d0845fc0,2021.09.07.15.28.24_veh-40_00160_00361,traversing_crosswalk,51,1631028840800147,e745e5bcd64b5fa0,observation_disappearance_unknown_cause,kept,
b1557245d0845fc0,2021.09.07.15.28.24_veh-40_00160_00361,traversing_crosswalk,53,1631028840900198,05ced9ce430c56a2,spatial_exit,raw_drivable_area_exclusion,raw_drivable_area_exclusion
b1557245d0845fc0,2021.09.07.15.28.24_veh-40_00160_00361,traversing_crosswalk,53,1631028840900198,07e40642fdba5b54,observation_disappearance_unknown_cause,kept,
b1557245d0845fc0,2021.09.07.15.28.24_veh-40_00160_00361,traversing_crosswalk,53,1631028840900198,24c1e85138ef57cd,observation_appearance_censored,,outside_frame
b1557245d0845fc0,2021.09.07.15.28.24_veh-40_00160_00361,traversing_crosswalk,56,1631028841050278,0893d82543b75907,spatial_entry,raw_drivable_area_exclusion,raw_drivable_area_exclusion
b1557245d0845fc0,2021.09.07.15.28.24_veh-40_00160_00361,traversing_crosswalk,59,1631028841200327,3462ad3d9fff5472,observation_appearance_censored,,outside_frame
b1557245d0845fc0,2021.09.07.15.28.24_veh-40_00160_00361,traversing_crosswalk,59,1631028841200327,93233333eaf55c8f,observation_appearance_censored,,raw_drivable_area_exclusion
b1557245d0845fc0,2021.09.07.15.28.24_veh-40_00160_00361,traversing_crosswalk,61,1631028841300360,1ea8ba4aa59056f5,observation_appearance_censored,,outside_frame
b1557245d0845fc0,2021.09.07.15.28.24_veh-40_00160_00361,traversing_crosswalk,61,1631028841300360,ab18a4a334315266,observation_appearance_censored,,outside_frame
b1557245d0845fc0,2021.09.07.15.28.24_veh-40_00160_00361,traversing_crosswalk,65,1631028841500455,1ea8ba4aa59056f5,observation_disappearance_unknown_cause,outside_frame,
b1557245d0845fc0,2021.09.07.15.28.24_veh-40_00160_00361,traversing_crosswalk,65,1631028841500455,af5d150770985a2f,observation_appearance_censored,,outside_frame
b1557245d0845fc0,2021.09.07.15.28.24_veh-40_00160_00361,traversing_crosswalk,65,1631028841500455,fad084cab8445d61,observation_disappearance_unknown_cause,outside_frame,
b1557245d0845fc0,2021.09.07.15.28.24_veh-40_00160_00361,traversing_crosswalk,66,1631028841550472,12e72d872bd25641,observation_appearance_censored,,outside_frame
b1557245d0845fc0,2021.09.07.15.28.24_veh-40_00160_00361,traversing_crosswalk,68,1631028841650510,87da6f793e575b2e,observation_appearance_censored,,outside_frame
b1557245d0845fc0,2021.09.07.15.28.24_veh-40_00160_00361,traversing_crosswalk,69,1631028841700533,6325221d877d5c1e,observation_disappearance_unknown_cause,outside_frame,
b1557245d0845fc0,2021.09.07.15.28.24_veh-40_00160_00361,traversing_crosswalk,70,1631028841750553,a2ddc9797eb15cf7,observation_appearance_censored,,outside_frame
b1557245d0845fc0,2021.09.07.15.28.24_veh-40_00160_00361,traversing_crosswalk,70,1631028841750553,dd75e747d3f3505a,observation_appearance_censored,,raw_drivable_area_exclusion
b1557245d0845fc0,2021.09.07.15.28.24_veh-40_00160_00361,traversing_crosswalk,73,1631028841900595,15c6fb52f8e85b3c,spatial_entry,raw_drivable_area_exclusion,raw_drivable_area_exclusion
b1557245d0845fc0,2021.09.07.15.28.24_veh-40_00160_00361,traversing_crosswalk,73,1631028841900595,8218ded19b9a58c0,observation_disappearance_unknown_cause,kept,
b1557245d0845fc0,2021.09.07.15.28.24_veh-40_00160_00361,traversing_crosswalk,74,1631028841950606,582a383c01e15651,observation_appearance_censored,,raw_drivable_area_exclusion
b1557245d0845fc0,2021.09.07.15.28.24_veh-40_00160_00361,traversing_crosswalk,74,1631028841950606,d132271af51c5e4d,observation_disappearance_unknown_cause,raw_drivable_area_exclusion,
b1557245d0845fc0,2021.09.07.15.28.24_veh-40_00160_00361,traversing_crosswalk,76,1631028842050627,633e2201a01d51db,observation_appearance_censored,,outside_frame
b1557245d0845fc0,2021.09.07.15.28.24_veh-40_00160_00361,traversing_crosswalk,76,1631028842050627,7663c2fc9865542f,observation_appearance_censored,,outside_frame
b1557245d0845fc0,2021.09.07.15.28.24_veh-40_00160_00361,traversing_crosswalk,77,1631028842100638,87da6f793e575b2e,observation_disappearance_unknown_cause,outside_frame,
b1557245d0845fc0,2021.09.07.15.28.24_veh-40_00160_00361,traversing_crosswalk,80,1631028842250658,403c86bed2265b85,observation_disappearance_unknown_cause,outside_frame,
b1557245d0845fc0,2021.09.07.15.28.24_veh-40_00160_00361,traversing_crosswalk,86,1631028842550627,612359b93d21555f,spatial_exit,raw_drivable_area_exclusion,raw_drivable_area_exclusion
b1557245d0845fc0,2021.09.07.15.28.24_veh-40_00160_00361,traversing_crosswalk,86,1631028842550627,7663c2fc9865542f,observation_disappearance_unknown_cause,outside_frame,
b1557245d0845fc0,2021.09.07.15.28.24_veh-40_00160_00361,traversing_crosswalk,86,1631028842550627,900eaaae2c8c5a1c,observation_disappearance_unknown_cause,outside_frame,
b1557245d0845fc0,2021.09.07.15.28.24_veh-40_00160_00361,traversing_crosswalk,87,1631028842600622,6016c0f159dc5385,spatial_entry,raw_drivable_area_exclusion,raw_drivable_area_exclusion
b1557245d0845fc0,2021.09.07.15.28.24_veh-40_00160_00361,traversing_crosswalk,92,1631028842850597,9b29cce0505959fa,observation_disappearance_unknown_cause,raw_drivable_area_exclusion,
b1557245d0845fc0,2021.09.07.15.28.24_veh-40_00160_00361,traversing_crosswalk,93,1631028842900589,1a8d938e55dc5bae,observation_disappearance_unknown_cause,outside_frame,
b1557245d0845fc0,2021.09.07.15.28.24_veh-40_00160_00361,traversing_crosswalk,93,1631028842900589,c33bbce40761554c,observation_appearance_censored,,raw_drivable_area_exclusion
b1557245d0845fc0,2021.09.07.15.28.24_veh-40_00160_00361,traversing_crosswalk,93,1631028842900589,ff9eb23cf45f5b79,observation_disappearance_unknown_cause,outside_frame,
b1557245d0845fc0,2021.09.07.15.28.24_veh-40_00160_00361,traversing_crosswalk,95,1631028843000562,c6bafb3c51d35852,observation_disappearance_unknown_cause,outside_frame,
b1557245d0845fc0,2021.09.07.15.28.24_veh-40_00160_00361,traversing_crosswalk,95,1631028843000562,dc872552a1665c9e,observation_disappearance_unknown_cause,outside_frame,
b1557245d0845fc0,2021.09.07.15.28.24_veh-40_00160_00361,traversing_crosswalk,96,1631028843050545,6195a79a823852f5,spatial_entry,raw_drivable_area_exclusion,raw_drivable_area_exclusion
b1557245d0845fc0,2021.09.07.15.28.24_veh-40_00160_00361,traversing_crosswalk,98,1631028843150512,24c1e85138ef57cd,observation_disappearance_unknown_cause,outside_frame,
b1557245d0845fc0,2021.09.07.15.28.24_veh-40_00160_00361,traversing_crosswalk,98,1631028843150512,3462ad3d9fff5472,observation_disappearance_unknown_cause,outside_frame,
b1557245d0845fc0,2021.09.07.15.28.24_veh-40_00160_00361,traversing_crosswalk,98,1631028843150512,7f95d9c4d1d85205,observation_disappearance_unknown_cause,outside_frame,
b1557245d0845fc0,2021.09.07.15.28.24_veh-40_00160_00361,traversing_crosswalk,99,1631028843200497,6333cbc7baf15e3d,observation_appearance_censored,,outside_frame
b1557245d0845fc0,2021.09.07.15.28.24_veh-40_00160_00361,traversing_crosswalk,99,1631028843200497,abc10b8f72ec5be0,spatial_entry,outside_frame,kept
6798fafcd78858cb,2021.09.13.14.16.34_veh-28_00363_00529,traversing_crosswalk,1,1631543151199625,266e61cc45195584,observation_appearance_censored,,outside_frame
6798fafcd78858cb,2021.09.13.14.16.34_veh-28_00363_00529,traversing_crosswalk,1,1631543151199625,634055cd5fbc5ddb,observation_appearance_censored,,outside_frame
6798fafcd78858cb,2021.09.13.14.16.34_veh-28_00363_00529,traversing_crosswalk,5,1631543151399756,cee6c77c980152f4,observation_appearance_censored,,outside_frame
6798fafcd78858cb,2021.09.13.14.16.34_veh-28_00363_00529,traversing_crosswalk,8,1631543151549865,911ae448f97257e0,observation_appearance_censored,,outside_frame
6798fafcd78858cb,2021.09.13.14.16.34_veh-28_00363_00529,traversing_crosswalk,9,1631543151599892,2ac227cc5a145524,observation_disappearance_unknown_cause,kept,
6798fafcd78858cb,2021.09.13.14.16.34_veh-28_00363_00529,traversing_crosswalk,11,1631543151699924,2d2cc290e92a5ce1,spatial_entry,outside_frame,kept
6798fafcd78858cb,2021.09.13.14.16.34_veh-28_00363_00529,traversing_crosswalk,12,1631543151749930,56e7c1a4d12158d9,observation_appearance_censored,,outside_frame
6798fafcd78858cb,2021.09.13.14.16.34_veh-28_00363_00529,traversing_crosswalk,14,1631543151849932,41dfaad09e36568a,observation_disappearance_unknown_cause,kept,
6798fafcd78858cb,2021.09.13.14.16.34_veh-28_00363_00529,traversing_crosswalk,14,1631543151849932,be3efcbf363e52e6,observation_disappearance_unknown_cause,outside_frame,
6798fafcd78858cb,2021.09.13.14.16.34_veh-28_00363_00529,traversing_crosswalk,15,1631543151899927,8bbf8d49bc7e54e8,observation_disappearance_unknown_cause,kept,
6798fafcd78858cb,2021.09.13.14.16.34_veh-28_00363_00529,traversing_crosswalk,15,1631543151899927,a31bacb85e0d5ee0,observation_appearance_censored,,outside_frame
6798fafcd78858cb,2021.09.13.14.16.34_veh-28_00363_00529,traversing_crosswalk,21,1631543152199857,fc47d7877d9e5950,observation_appearance_censored,,kept
6798fafcd78858cb,2021.09.13.14.16.34_veh-28_00363_00529,traversing_crosswalk,26,1631543152449765,fc47d7877d9e5950,observation_disappearance_unknown_cause,kept,
6798fafcd78858cb,2021.09.13.14.16.34_veh-28_00363_00529,traversing_crosswalk,30,1631543152649727,0e7d3cbba27a5e8f,observation_appearance_censored,,outside_frame
6798fafcd78858cb,2021.09.13.14.16.34_veh-28_00363_00529,traversing_crosswalk,31,1631543152699713,2d2cc290e92a5ce1,spatial_exit,kept,outside_frame
6798fafcd78858cb,2021.09.13.14.16.34_veh-28_00363_00529,traversing_crosswalk,33,1631543152799672,6ea7e9805ca55a70,observation_appearance_censored,,outside_frame
6798fafcd78858cb,2021.09.13.14.16.34_veh-28_00363_00529,traversing_crosswalk,38,1631543153049628,a31bacb85e0d5ee0,observation_disappearance_unknown_cause,outside_frame,
6798fafcd78858cb,2021.09.13.14.16.34_veh-28_00363_00529,traversing_crosswalk,40,1631543153149648,bab90e453bb55f7c,observation_appearance_censored,,outside_frame
6798fafcd78858cb,2021.09.13.14.16.34_veh-28_00363_00529,traversing_crosswalk,40,1631543153149648,fde798868f295ace,observation_appearance_censored,,outside_frame
6798fafcd78858cb,2021.09.13.14.16.34_veh-28_00363_00529,traversing_crosswalk,41,1631543153199655,c83330cbfe9e5983,observation_appearance_censored,,outside_frame
6798fafcd78858cb,2021.09.13.14.16.34_veh-28_00363_00529,traversing_crosswalk,43,1631543153299682,a64681431c1f5cc9,observation_appearance_censored,,outside_frame
6798fafcd78858cb,2021.09.13.14.16.34_veh-28_00363_00529,traversing_crosswalk,46,1631543153449746,6ea7e9805ca55a70,observation_disappearance_unknown_cause,outside_frame,
6798fafcd78858cb,2021.09.13.14.16.34_veh-28_00363_00529,traversing_crosswalk,55,1631543153900033,1428aad78d9851db,spatial_exit,raw_drivable_area_exclusion,raw_drivable_area_exclusion
6798fafcd78858cb,2021.09.13.14.16.34_veh-28_00363_00529,traversing_crosswalk,60,1631543154150054,81c95aaf936959d5,observation_appearance_censored,,outside_frame
6798fafcd78858cb,2021.09.13.14.16.34_veh-28_00363_00529,traversing_crosswalk,60,1631543154150054,a43baa96147853f1,observation_disappearance_unknown_cause,outside_frame,
6798fafcd78858cb,2021.09.13.14.16.34_veh-28_00363_00529,traversing_crosswalk,60,1631543154150054,f8aa9b8e357e5d87,observation_disappearance_unknown_cause,kept,
6798fafcd78858cb,2021.09.13.14.16.34_veh-28_00363_00529,traversing_crosswalk,67,1631543154499772,8f90e6b1e21558c5,observation_appearance_censored,,kept
6798fafcd78858cb,2021.09.13.14.16.34_veh-28_00363_00529,traversing_crosswalk,68,1631543154549726,3ac65240ed9953fb,observation_appearance_censored,,kept
6798fafcd78858cb,2021.09.13.14.16.34_veh-28_00363_00529,traversing_crosswalk,68,1631543154549726,634055cd5fbc5ddb,observation_disappearance_unknown_cause,outside_frame,
6798fafcd78858cb,2021.09.13.14.16.34_veh-28_00363_00529,traversing_crosswalk,76,1631543154949508,cb07f800d9655963,spatial_exit,kept,outside_frame
6798fafcd78858cb,2021.09.13.14.16.34_veh-28_00363_00529,traversing_crosswalk,77,1631543154999505,c70b7a4294725850,observation_appearance_censored,,outside_frame
6798fafcd78858cb,2021.09.13.14.16.34_veh-28_00363_00529,traversing_crosswalk,78,1631543155049510,3451932f15eb56c6,observation_disappearance_unknown_cause,outside_frame,
6798fafcd78858cb,2021.09.13.14.16.34_veh-28_00363_00529,traversing_crosswalk,79,1631543155099521,f0a786f28dbe58be,spatial_exit,kept,outside_frame
6798fafcd78858cb,2021.09.13.14.16.34_veh-28_00363_00529,traversing_crosswalk,81,1631543155199557,6335b83d9e2959af,observation_disappearance_unknown_cause,kept,
6798fafcd78858cb,2021.09.13.14.16.34_veh-28_00363_00529,traversing_crosswalk,83,1631543155299607,c1cbf290d0df5147,spatial_exit,raw_drivable_area_exclusion,raw_drivable_area_exclusion
6798fafcd78858cb,2021.09.13.14.16.34_veh-28_00363_00529,traversing_crosswalk,84,1631543155349636,39ad1c37ef2e5450,observation_appearance_censored,,kept
6798fafcd78858cb,2021.09.13.14.16.34_veh-28_00363_00529,traversing_crosswalk,84,1631543155349636,de3b26cc462b5b43,observation_disappearance_unknown_cause,raw_drivable_area_exclusion,
6798fafcd78858cb,2021.09.13.14.16.34_veh-28_00363_00529,traversing_crosswalk,85,1631543155399664,356b92832a755797,spatial_exit,raw_drivable_area_exclusion,raw_drivable_area_exclusion
6798fafcd78858cb,2021.09.13.14.16.34_veh-28_00363_00529,traversing_crosswalk,87,1631543155499721,243b9ab70cb750f2,observation_disappearance_unknown_cause,raw_drivable_area_exclusion,
6798fafcd78858cb,2021.09.13.14.16.34_veh-28_00363_00529,traversing_crosswalk,89,1631543155599774,3511bf44e13e534c,spatial_exit,kept,outside_frame
6798fafcd78858cb,2021.09.13.14.16.34_veh-28_00363_00529,traversing_crosswalk,91,1631543155699827,fde798868f295ace,observation_disappearance_unknown_cause,outside_frame,
6798fafcd78858cb,2021.09.13.14.16.34_veh-28_00363_00529,traversing_crosswalk,92,1631543155749853,1428aad78d9851db,observation_disappearance_unknown_cause,raw_drivable_area_exclusion,
6798fafcd78858cb,2021.09.13.14.16.34_veh-28_00363_00529,traversing_crosswalk,92,1631543155749853,a40305d05e835743,observation_appearance_censored,,kept
6798fafcd78858cb,2021.09.13.14.16.34_veh-28_00363_00529,traversing_crosswalk,95,1631543155899909,a40305d05e835743,observation_disappearance_unknown_cause,kept,
6798fafcd78858cb,2021.09.13.14.16.34_veh-28_00363_00529,traversing_crosswalk,96,1631543155949921,266e61cc45195584,observation_disappearance_unknown_cause,outside_frame,
6798fafcd78858cb,2021.09.13.14.16.34_veh-28_00363_00529,traversing_crosswalk,96,1631543155949921,2f72f4d9625150e4,observation_appearance_censored,,raw_drivable_area_exclusion
6798fafcd78858cb,2021.09.13.14.16.34_veh-28_00363_00529,traversing_crosswalk,97,1631543155999927,cee6c77c980152f4,observation_disappearance_unknown_cause,outside_frame,
6798fafcd78858cb,2021.09.13.14.16.34_veh-28_00363_00529,traversing_crosswalk,98,1631543156049928,7b5ed4969d565036,observation_appearance_censored,,raw_drivable_area_exclusion
6798fafcd78858cb,2021.09.13.14.16.34_veh-28_00363_00529,traversing_crosswalk,98,1631543156049928,a64681431c1f5cc9,spatial_entry,outside_frame,kept
6798fafcd78858cb,2021.09.13.14.16.34_veh-28_00363_00529,traversing_crosswalk,99,1631543156099921,56e7c1a4d12158d9,spatial_entry,outside_frame,kept
007ec6e152325bf4,2021.07.24.23.59.52_veh-12_04767_05924,on_pickup_dropoff,2,1627176764499913,30776e7e5c4a5040,capacity_exclusion,kept,cap_excluded
007ec6e152325bf4,2021.07.24.23.59.52_veh-12_04767_05924,on_pickup_dropoff,2,1627176764499913,d69ee1cf722a5c85,observation_appearance_censored,,kept
007ec6e152325bf4,2021.07.24.23.59.52_veh-12_04767_05924,on_pickup_dropoff,5,1627176764649817,de4728832c4a54a4,observation_disappearance_unknown_cause,kept,
007ec6e152325bf4,2021.07.24.23.59.52_veh-12_04767_05924,on_pickup_dropoff,6,1627176764699790,73ed95bfd82d54f8,observation_appearance_censored,,outside_frame
007ec6e152325bf4,2021.07.24.23.59.52_veh-12_04767_05924,on_pickup_dropoff,7,1627176764749765,194df0cdffde5264,capacity_readmission,cap_excluded,kept
007ec6e152325bf4,2021.07.24.23.59.52_veh-12_04767_05924,on_pickup_dropoff,7,1627176764749765,8fce391bdf5158df,capacity_exclusion,kept,cap_excluded
007ec6e152325bf4,2021.07.24.23.59.52_veh-12_04767_05924,on_pickup_dropoff,8,1627176764799741,754849774b6f512d,observation_appearance_censored,,outside_frame
007ec6e152325bf4,2021.07.24.23.59.52_veh-12_04767_05924,on_pickup_dropoff,9,1627176764849720,903458f69c9f5fa7,observation_appearance_censored,,cap_excluded
007ec6e152325bf4,2021.07.24.23.59.52_veh-12_04767_05924,on_pickup_dropoff,10,1627176764899701,014209f88c5c5f01,observation_disappearance_unknown_cause,kept,
007ec6e152325bf4,2021.07.24.23.59.52_veh-12_04767_05924,on_pickup_dropoff,10,1627176764899701,8fce391bdf5158df,capacity_readmission,cap_excluded,kept
007ec6e152325bf4,2021.07.24.23.59.52_veh-12_04767_05924,on_pickup_dropoff,11,1627176764949683,d8fbb2d2738e52ca,observation_disappearance_unknown_cause,cap_excluded,
007ec6e152325bf4,2021.07.24.23.59.52_veh-12_04767_05924,on_pickup_dropoff,13,1627176765049649,6cbcbf713d665b7a,observation_appearance_censored,,kept
007ec6e152325bf4,2021.07.24.23.59.52_veh-12_04767_05924,on_pickup_dropoff,13,1627176765049649,8fce391bdf5158df,capacity_exclusion,kept,cap_excluded
007ec6e152325bf4,2021.07.24.23.59.52_veh-12_04767_05924,on_pickup_dropoff,17,1627176765249592,754849774b6f512d,observation_disappearance_unknown_cause,outside_frame,
007ec6e152325bf4,2021.07.24.23.59.52_veh-12_04767_05924,on_pickup_dropoff,19,1627176765349582,39fcd3e0b03e5a50,capacity_readmission,cap_excluded,kept
007ec6e152325bf4,2021.07.24.23.59.52_veh-12_04767_05924,on_pickup_dropoff,19,1627176765349582,6cbcbf713d665b7a,observation_disappearance_unknown_cause,kept,
007ec6e152325bf4,2021.07.24.23.59.52_veh-12_04767_05924,on_pickup_dropoff,22,1627176765499615,27c36e07319d5c4b,observation_appearance_censored,,cap_excluded
007ec6e152325bf4,2021.07.24.23.59.52_veh-12_04767_05924,on_pickup_dropoff,24,1627176765599645,ab180f5fa6a85c7c,observation_appearance_censored,,cap_excluded
007ec6e152325bf4,2021.07.24.23.59.52_veh-12_04767_05924,on_pickup_dropoff,25,1627176765649661,39fcd3e0b03e5a50,capacity_exclusion,kept,cap_excluded
007ec6e152325bf4,2021.07.24.23.59.52_veh-12_04767_05924,on_pickup_dropoff,25,1627176765649661,50bce360902c5fd8,observation_appearance_censored,,kept
007ec6e152325bf4,2021.07.24.23.59.52_veh-12_04767_05924,on_pickup_dropoff,25,1627176765649661,a65a63fa20d551b9,observation_disappearance_unknown_cause,cap_excluded,
007ec6e152325bf4,2021.07.24.23.59.52_veh-12_04767_05924,on_pickup_dropoff,26,1627176765699680,53e16059bfc75ce5,observation_appearance_censored,,cap_excluded
007ec6e152325bf4,2021.07.24.23.59.52_veh-12_04767_05924,on_pickup_dropoff,29,1627176765849752,39fcd3e0b03e5a50,capacity_readmission,cap_excluded,kept
007ec6e152325bf4,2021.07.24.23.59.52_veh-12_04767_05924,on_pickup_dropoff,29,1627176765849752,d69ee1cf722a5c85,capacity_exclusion,kept,cap_excluded
007ec6e152325bf4,2021.07.24.23.59.52_veh-12_04767_05924,on_pickup_dropoff,30,1627176765899783,bbdbc9e85b495fd8,observation_appearance_censored,,outside_frame
007ec6e152325bf4,2021.07.24.23.59.52_veh-12_04767_05924,on_pickup_dropoff,31,1627176765949816,53e16059bfc75ce5,observation_disappearance_unknown_cause,cap_excluded,
007ec6e152325bf4,2021.07.24.23.59.52_veh-12_04767_05924,on_pickup_dropoff,31,1627176765949816,d69ee1cf722a5c85,observation_disappearance_unknown_cause,cap_excluded,
007ec6e152325bf4,2021.07.24.23.59.52_veh-12_04767_05924,on_pickup_dropoff,35,1627176766149973,9d180eb388aa5773,observation_appearance_censored,,kept
007ec6e152325bf4,2021.07.24.23.59.52_veh-12_04767_05924,on_pickup_dropoff,40,1627176766400153,2c8eaa54212458c1,observation_disappearance_unknown_cause,outside_frame,
007ec6e152325bf4,2021.07.24.23.59.52_veh-12_04767_05924,on_pickup_dropoff,41,1627176766450190,73d02a51f64950d3,spatial_exit,kept,outside_frame
007ec6e152325bf4,2021.07.24.23.59.52_veh-12_04767_05924,on_pickup_dropoff,42,1627176766500225,873cf8e16def5823,capacity_exclusion,kept,cap_excluded
007ec6e152325bf4,2021.07.24.23.59.52_veh-12_04767_05924,on_pickup_dropoff,42,1627176766500225,903458f69c9f5fa7,capacity_readmission,cap_excluded,kept
007ec6e152325bf4,2021.07.24.23.59.52_veh-12_04767_05924,on_pickup_dropoff,43,1627176766550262,903458f69c9f5fa7,capacity_exclusion,kept,cap_excluded
007ec6e152325bf4,2021.07.24.23.59.52_veh-12_04767_05924,on_pickup_dropoff,43,1627176766550262,c602401b8f0b5b64,observation_appearance_censored,,kept
007ec6e152325bf4,2021.07.24.23.59.52_veh-12_04767_05924,on_pickup_dropoff,44,1627176766600299,09d432282b5e5add,observation_appearance_censored,,cap_excluded
007ec6e152325bf4,2021.07.24.23.59.52_veh-12_04767_05924,on_pickup_dropoff,44,1627176766600299,5e5b5405fb7953e9,observation_appearance_censored,,cap_excluded
007ec6e152325bf4,2021.07.24.23.59.52_veh-12_04767_05924,on_pickup_dropoff,44,1627176766600299,b4f58ee2e30e508b,observation_appearance_censored,,outside_frame
007ec6e152325bf4,2021.07.24.23.59.52_veh-12_04767_05924,on_pickup_dropoff,46,1627176766700369,5e60adc1296b5ece,capacity_exclusion,kept,cap_excluded
007ec6e152325bf4,2021.07.24.23.59.52_veh-12_04767_05924,on_pickup_dropoff,46,1627176766700369,903458f69c9f5fa7,capacity_readmission,cap_excluded,kept
007ec6e152325bf4,2021.07.24.23.59.52_veh-12_04767_05924,on_pickup_dropoff,47,1627176766750403,96ac2fcaf3f557e4,observation_appearance_censored,,kept
007ec6e152325bf4,2021.07.24.23.59.52_veh-12_04767_05924,on_pickup_dropoff,47,1627176766750403,c602401b8f0b5b64,observation_disappearance_unknown_cause,kept,
007ec6e152325bf4,2021.07.24.23.59.52_veh-12_04767_05924,on_pickup_dropoff,49,1627176766850473,73ed95bfd82d54f8,observation_disappearance_unknown_cause,outside_frame,
007ec6e152325bf4,2021.07.24.23.59.52_veh-12_04767_05924,on_pickup_dropoff,49,1627176766850473,de187c0fb53052e7,observation_appearance_censored,,kept
007ec6e152325bf4,2021.07.24.23.59.52_veh-12_04767_05924,on_pickup_dropoff,50,1627176766900506,00e727a563c75a59,observation_appearance_censored,,outside_frame
007ec6e152325bf4,2021.07.24.23.59.52_veh-12_04767_05924,on_pickup_dropoff,51,1627176766950539,076aa5365dec55bd,capacity_exclusion,kept,cap_excluded
007ec6e152325bf4,2021.07.24.23.59.52_veh-12_04767_05924,on_pickup_dropoff,51,1627176766950539,5e60adc1296b5ece,capacity_readmission,cap_excluded,kept
007ec6e152325bf4,2021.07.24.23.59.52_veh-12_04767_05924,on_pickup_dropoff,51,1627176766950539,73d02a51f64950d3,observation_disappearance_unknown_cause,outside_frame,
007ec6e152325bf4,2021.07.24.23.59.52_veh-12_04767_05924,on_pickup_dropoff,58,1627176767300725,a68a0fee38e25ce0,observation_appearance_censored,,outside_frame
007ec6e152325bf4,2021.07.24.23.59.52_veh-12_04767_05924,on_pickup_dropoff,60,1627176767400745,2eb1a30321585754,spatial_exit,cap_excluded,outside_frame
007ec6e152325bf4,2021.07.24.23.59.52_veh-12_04767_05924,on_pickup_dropoff,60,1627176767400745,4fa0dee396c85314,observation_appearance_censored,,cap_excluded
007ec6e152325bf4,2021.07.24.23.59.52_veh-12_04767_05924,on_pickup_dropoff,61,1627176767450752,00e727a563c75a59,observation_disappearance_unknown_cause,outside_frame,
007ec6e152325bf4,2021.07.24.23.59.52_veh-12_04767_05924,on_pickup_dropoff,62,1627176767500756,a68a0fee38e25ce0,observation_disappearance_unknown_cause,outside_frame,
007ec6e152325bf4,2021.07.24.23.59.52_veh-12_04767_05924,on_pickup_dropoff,63,1627176767550758,94277ec2e087523a,observation_appearance_censored,,outside_frame
007ec6e152325bf4,2021.07.24.23.59.52_veh-12_04767_05924,on_pickup_dropoff,64,1627176767600757,5e60adc1296b5ece,capacity_exclusion,kept,cap_excluded
007ec6e152325bf4,2021.07.24.23.59.52_veh-12_04767_05924,on_pickup_dropoff,64,1627176767600757,83c1c0d049b05599,observation_appearance_censored,,kept
007ec6e152325bf4,2021.07.24.23.59.52_veh-12_04767_05924,on_pickup_dropoff,66,1627176767700736,30776e7e5c4a5040,observation_disappearance_unknown_cause,cap_excluded,
007ec6e152325bf4,2021.07.24.23.59.52_veh-12_04767_05924,on_pickup_dropoff,67,1627176767750723,5e60adc1296b5ece,capacity_readmission,cap_excluded,kept
007ec6e152325bf4,2021.07.24.23.59.52_veh-12_04767_05924,on_pickup_dropoff,67,1627176767750723,83c1c0d049b05599,observation_disappearance_unknown_cause,kept,
007ec6e152325bf4,2021.07.24.23.59.52_veh-12_04767_05924,on_pickup_dropoff,69,1627176767850698,13dbd6decc785cb9,observation_disappearance_unknown_cause,outside_frame,
007ec6e152325bf4,2021.07.24.23.59.52_veh-12_04767_05924,on_pickup_dropoff,72,1627176768000660,965e98f24ae85741,observation_appearance_censored,,outside_frame
007ec6e152325bf4,2021.07.24.23.59.52_veh-12_04767_05924,on_pickup_dropoff,73,1627176768050642,c1512bc0af9f5d2f,observation_appearance_censored,,kept
007ec6e152325bf4,2021.07.24.23.59.52_veh-12_04767_05924,on_pickup_dropoff,76,1627176768200572,873cf8e16def5823,capacity_readmission,cap_excluded,kept
007ec6e152325bf4,2021.07.24.23.59.52_veh-12_04767_05924,on_pickup_dropoff,76,1627176768200572,903458f69c9f5fa7,observation_disappearance_unknown_cause,kept,
007ec6e152325bf4,2021.07.24.23.59.52_veh-12_04767_05924,on_pickup_dropoff,77,1627176768250548,4bc18a1d726452e8,observation_appearance_censored,,outside_frame
007ec6e152325bf4,2021.07.24.23.59.52_veh-12_04767_05924,on_pickup_dropoff,77,1627176768250548,4fa0dee396c85314,observation_disappearance_unknown_cause,cap_excluded,
007ec6e152325bf4,2021.07.24.23.59.52_veh-12_04767_05924,on_pickup_dropoff,80,1627176768400474,adcf4dfea47f5197,observation_appearance_censored,,outside_frame
007ec6e152325bf4,2021.07.24.23.59.52_veh-12_04767_05924,on_pickup_dropoff,81,1627176768450452,2f4fed388d6d5143,observation_appearance_censored,,cap_excluded
007ec6e152325bf4,2021.07.24.23.59.52_veh-12_04767_05924,on_pickup_dropoff,84,1627176768600401,f693faa1a2e958ed,observation_appearance_censored,,cap_excluded
007ec6e152325bf4,2021.07.24.23.59.52_veh-12_04767_05924,on_pickup_dropoff,85,1627176768650388,0b746f84198452b8,observation_disappearance_unknown_cause,outside_frame,
007ec6e152325bf4,2021.07.24.23.59.52_veh-12_04767_05924,on_pickup_dropoff,85,1627176768650388,a6088b51571d558a,observation_appearance_censored,,cap_excluded
007ec6e152325bf4,2021.07.24.23.59.52_veh-12_04767_05924,on_pickup_dropoff,86,1627176768700376,5e60adc1296b5ece,capacity_exclusion,kept,cap_excluded
007ec6e152325bf4,2021.07.24.23.59.52_veh-12_04767_05924,on_pickup_dropoff,86,1627176768700376,ab180f5fa6a85c7c,capacity_readmission,cap_excluded,kept
007ec6e152325bf4,2021.07.24.23.59.52_veh-12_04767_05924,on_pickup_dropoff,87,1627176768750365,c1512bc0af9f5d2f,observation_disappearance_unknown_cause,kept,
007ec6e152325bf4,2021.07.24.23.59.52_veh-12_04767_05924,on_pickup_dropoff,88,1627176768800351,873cf8e16def5823,capacity_exclusion,kept,cap_excluded
007ec6e152325bf4,2021.07.24.23.59.52_veh-12_04767_05924,on_pickup_dropoff,88,1627176768800351,de17629c132c5449,capacity_readmission,cap_excluded,kept
007ec6e152325bf4,2021.07.24.23.59.52_veh-12_04767_05924,on_pickup_dropoff,88,1627176768800351,ee4ec13b50b7571d,spatial_exit,cap_excluded,outside_frame
007ec6e152325bf4,2021.07.24.23.59.52_veh-12_04767_05924,on_pickup_dropoff,89,1627176768850336,73c241482fe25dc7,observation_appearance_censored,,outside_frame
007ec6e152325bf4,2021.07.24.23.59.52_veh-12_04767_05924,on_pickup_dropoff,90,1627176768900318,965e98f24ae85741,observation_disappearance_unknown_cause,outside_frame,
007ec6e152325bf4,2021.07.24.23.59.52_veh-12_04767_05924,on_pickup_dropoff,90,1627176768900318,d99336b7473e543e,observation_appearance_censored,,cap_excluded
007ec6e152325bf4,2021.07.24.23.59.52_veh-12_04767_05924,on_pickup_dropoff,91,1627176768950295,3ee2f5d8ce675032,observation_appearance_censored,,outside_frame
007ec6e152325bf4,2021.07.24.23.59.52_veh-12_04767_05924,on_pickup_dropoff,92,1627176769000271,adcf4dfea47f5197,observation_disappearance_unknown_cause,outside_frame,
007ec6e152325bf4,2021.07.24.23.59.52_veh-12_04767_05924,on_pickup_dropoff,93,1627176769050245,78228cf7b5d5577d,observation_disappearance_unknown_cause,cap_excluded,
007ec6e152325bf4,2021.07.24.23.59.52_veh-12_04767_05924,on_pickup_dropoff,94,1627176769100219,28eb944f39d7541b,observation_appearance_censored,,outside_frame
007ec6e152325bf4,2021.07.24.23.59.52_veh-12_04767_05924,on_pickup_dropoff,94,1627176769100219,3ee2f5d8ce675032,observation_disappearance_unknown_cause,outside_frame,
007ec6e152325bf4,2021.07.24.23.59.52_veh-12_04767_05924,on_pickup_dropoff,95,1627176769150195,1542ece0b922520e,observation_appearance_censored,,cap_excluded
007ec6e152325bf4,2021.07.24.23.59.52_veh-12_04767_05924,on_pickup_dropoff,95,1627176769150195,45feb8d085625a36,observation_disappearance_unknown_cause,outside_frame,
007ec6e152325bf4,2021.07.24.23.59.52_veh-12_04767_05924,on_pickup_dropoff,97,1627176769250151,8f7b3b0ac5605afa,observation_appearance_censored,,cap_excluded
007ec6e152325bf4,2021.07.24.23.59.52_veh-12_04767_05924,on_pickup_dropoff,97,1627176769250151,99433db1289557ee,observation_disappearance_unknown_cause,outside_frame,
007ec6e152325bf4,2021.07.24.23.59.52_veh-12_04767_05924,on_pickup_dropoff,97,1627176769250151,b4f58ee2e30e508b,observation_disappearance_unknown_cause,outside_frame,
007ec6e152325bf4,2021.07.24.23.59.52_veh-12_04767_05924,on_pickup_dropoff,99,1627176769350114,73c241482fe25dc7,spatial_entry,outside_frame,kept
79fe250ef7905803,2021.07.24.23.59.52_veh-12_01025_01526,on_pickup_dropoff,2,1627172626249979,0111058c979752ba,observation_disappearance_unknown_cause,outside_frame,
79fe250ef7905803,2021.07.24.23.59.52_veh-12_01025_01526,on_pickup_dropoff,2,1627172626249979,03bf86be735e530c,observation_appearance_censored,,kept
79fe250ef7905803,2021.07.24.23.59.52_veh-12_01025_01526,on_pickup_dropoff,2,1627172626249979,053cf39fe09c569f,observation_disappearance_unknown_cause,kept,
79fe250ef7905803,2021.07.24.23.59.52_veh-12_01025_01526,on_pickup_dropoff,3,1627172626299992,048d418a1070586a,observation_disappearance_unknown_cause,outside_frame,
79fe250ef7905803,2021.07.24.23.59.52_veh-12_01025_01526,on_pickup_dropoff,3,1627172626299992,1363bc9415fa5b47,observation_appearance_censored,,outside_frame
79fe250ef7905803,2021.07.24.23.59.52_veh-12_01025_01526,on_pickup_dropoff,3,1627172626299992,8d91ed3311325f54,observation_disappearance_unknown_cause,outside_frame,
79fe250ef7905803,2021.07.24.23.59.52_veh-12_01025_01526,on_pickup_dropoff,4,1627172626350005,23ac69a84ade5e3e,spatial_exit,kept,outside_frame
79fe250ef7905803,2021.07.24.23.59.52_veh-12_01025_01526,on_pickup_dropoff,4,1627172626350005,8ee299a918cd5347,observation_disappearance_unknown_cause,outside_frame,
79fe250ef7905803,2021.07.24.23.59.52_veh-12_01025_01526,on_pickup_dropoff,6,1627172626450032,225de75e82125f5e,observation_appearance_censored,,outside_frame
79fe250ef7905803,2021.07.24.23.59.52_veh-12_01025_01526,on_pickup_dropoff,6,1627172626450032,33b34cfd8995553f,observation_appearance_censored,,outside_frame
79fe250ef7905803,2021.07.24.23.59.52_veh-12_01025_01526,on_pickup_dropoff,6,1627172626450032,70136a9258e752a5,observation_disappearance_unknown_cause,outside_frame,
79fe250ef7905803,2021.07.24.23.59.52_veh-12_01025_01526,on_pickup_dropoff,6,1627172626450032,96d2cdea7db25a29,observation_disappearance_unknown_cause,outside_frame,
79fe250ef7905803,2021.07.24.23.59.52_veh-12_01025_01526,on_pickup_dropoff,7,1627172626500046,09f553772ed55831,observation_appearance_censored,,kept
79fe250ef7905803,2021.07.24.23.59.52_veh-12_01025_01526,on_pickup_dropoff,7,1627172626500046,4c355b49ca305a4c,observation_disappearance_unknown_cause,outside_frame,
79fe250ef7905803,2021.07.24.23.59.52_veh-12_01025_01526,on_pickup_dropoff,8,1627172626550057,760eeebcf7e153f9,spatial_exit,kept,outside_frame
79fe250ef7905803,2021.07.24.23.59.52_veh-12_01025_01526,on_pickup_dropoff,8,1627172626550057,779df88b2f1353de,observation_disappearance_unknown_cause,outside_frame,
79fe250ef7905803,2021.07.24.23.59.52_veh-12_01025_01526,on_pickup_dropoff,11,1627172626700083,9c14206fbf725940,observation_appearance_censored,,outside_frame
79fe250ef7905803,2021.07.24.23.59.52_veh-12_01025_01526,on_pickup_dropoff,12,1627172626750094,20135125d6cd5be4,observation_disappearance_unknown_cause,kept,
79fe250ef7905803,2021.07.24.23.59.52_veh-12_01025_01526,on_pickup_dropoff,12,1627172626750094,4002bcb44e06563d,observation_appearance_censored,,kept
79fe250ef7905803,2021.07.24.23.59.52_veh-12_01025_01526,on_pickup_dropoff,13,1627172626800110,8f4567ba387c5ed2,spatial_exit,kept,outside_frame
79fe250ef7905803,2021.07.24.23.59.52_veh-12_01025_01526,on_pickup_dropoff,13,1627172626800110,ef309ed8f3195888,observation_appearance_censored,,outside_frame
79fe250ef7905803,2021.07.24.23.59.52_veh-12_01025_01526,on_pickup_dropoff,14,1627172626850127,9c14206fbf725940,observation_disappearance_unknown_cause,outside_frame,
79fe250ef7905803,2021.07.24.23.59.52_veh-12_01025_01526,on_pickup_dropoff,14,1627172626850127,db59ab920f095c20,observation_disappearance_unknown_cause,outside_frame,
79fe250ef7905803,2021.07.24.23.59.52_veh-12_01025_01526,on_pickup_dropoff,16,1627172626950154,bd3c8b337d90557f,observation_appearance_censored,,outside_frame
79fe250ef7905803,2021.07.24.23.59.52_veh-12_01025_01526,on_pickup_dropoff,17,1627172627000165,a9f320ee762a568b,observation_appearance_censored,,outside_frame
79fe250ef7905803,2021.07.24.23.59.52_veh-12_01025_01526,on_pickup_dropoff,17,1627172627000165,fa6d19fa32595184,observation_disappearance_unknown_cause,outside_frame,
79fe250ef7905803,2021.07.24.23.59.52_veh-12_01025_01526,on_pickup_dropoff,21,1627172627200198,47fad85713b15831,observation_appearance_censored,,outside_frame
79fe250ef7905803,2021.07.24.23.59.52_veh-12_01025_01526,on_pickup_dropoff,22,1627172627250204,7bab54783a50556f,observation_disappearance_unknown_cause,outside_frame,
79fe250ef7905803,2021.07.24.23.59.52_veh-12_01025_01526,on_pickup_dropoff,22,1627172627250204,bd3c8b337d90557f,observation_disappearance_unknown_cause,outside_frame,
79fe250ef7905803,2021.07.24.23.59.52_veh-12_01025_01526,on_pickup_dropoff,24,1627172627350212,0fb5aba3b3dc5b11,observation_disappearance_unknown_cause,outside_frame,
79fe250ef7905803,2021.07.24.23.59.52_veh-12_01025_01526,on_pickup_dropoff,24,1627172627350212,bfa72eb931b8593c,observation_disappearance_unknown_cause,outside_frame,
79fe250ef7905803,2021.07.24.23.59.52_veh-12_01025_01526,on_pickup_dropoff,25,1627172627400215,511f54d5d7d35174,observation_appearance_censored,,outside_frame
79fe250ef7905803,2021.07.24.23.59.52_veh-12_01025_01526,on_pickup_dropoff,27,1627172627500223,cb12401c589f5803,observation_appearance_censored,,kept
79fe250ef7905803,2021.07.24.23.59.52_veh-12_01025_01526,on_pickup_dropoff,28,1627172627550225,225de75e82125f5e,observation_disappearance_unknown_cause,outside_frame,
79fe250ef7905803,2021.07.24.23.59.52_veh-12_01025_01526,on_pickup_dropoff,29,1627172627600222,23ac69a84ade5e3e,observation_disappearance_unknown_cause,outside_frame,
79fe250ef7905803,2021.07.24.23.59.52_veh-12_01025_01526,on_pickup_dropoff,29,1627172627600222,a9f320ee762a568b,observation_disappearance_unknown_cause,outside_frame,
79fe250ef7905803,2021.07.24.23.59.52_veh-12_01025_01526,on_pickup_dropoff,31,1627172627700212,0261cb959c965afd,observation_disappearance_unknown_cause,outside_frame,
79fe250ef7905803,2021.07.24.23.59.52_veh-12_01025_01526,on_pickup_dropoff,31,1627172627700212,47fad85713b15831,observation_disappearance_unknown_cause,outside_frame,
79fe250ef7905803,2021.07.24.23.59.52_veh-12_01025_01526,on_pickup_dropoff,31,1627172627700212,a1923db91ce05ee1,observation_appearance_censored,,outside_frame
79fe250ef7905803,2021.07.24.23.59.52_veh-12_01025_01526,on_pickup_dropoff,31,1627172627700212,ea9a544d4bf650ee,observation_appearance_censored,,outside_frame
79fe250ef7905803,2021.07.24.23.59.52_veh-12_01025_01526,on_pickup_dropoff,38,1627172628050121,5a5e56dfbbdf5cc9,observation_appearance_censored,,outside_frame
79fe250ef7905803,2021.07.24.23.59.52_veh-12_01025_01526,on_pickup_dropoff,38,1627172628050121,87de9e88fce75b76,observation_disappearance_unknown_cause,kept,
79fe250ef7905803,2021.07.24.23.59.52_veh-12_01025_01526,on_pickup_dropoff,39,1627172628100095,5d6afa920e0559c2,observation_appearance_censored,,kept
79fe250ef7905803,2021.07.24.23.59.52_veh-12_01025_01526,on_pickup_dropoff,39,1627172628100095,e311923af234560a,observation_disappearance_unknown_cause,outside_frame,
79fe250ef7905803,2021.07.24.23.59.52_veh-12_01025_01526,on_pickup_dropoff,40,1627172628150070,d6fc00e8360c58b6,observation_disappearance_unknown_cause,outside_frame,
79fe250ef7905803,2021.07.24.23.59.52_veh-12_01025_01526,on_pickup_dropoff,42,1627172628250017,572977d43ab154fc,spatial_exit,kept,outside_frame
79fe250ef7905803,2021.07.24.23.59.52_veh-12_01025_01526,on_pickup_dropoff,43,1627172628299988,00f480cf265d5cd4,observation_appearance_censored,,outside_frame
79fe250ef7905803,2021.07.24.23.59.52_veh-12_01025_01526,on_pickup_dropoff,44,1627172628349957,d39220f27bb05395,observation_appearance_censored,,kept
79fe250ef7905803,2021.07.24.23.59.52_veh-12_01025_01526,on_pickup_dropoff,44,1627172628349957,ea9a544d4bf650ee,observation_disappearance_unknown_cause,outside_frame,
79fe250ef7905803,2021.07.24.23.59.52_veh-12_01025_01526,on_pickup_dropoff,46,1627172628449893,285d81b3b4185978,observation_disappearance_unknown_cause,outside_frame,
79fe250ef7905803,2021.07.24.23.59.52_veh-12_01025_01526,on_pickup_dropoff,48,1627172628549826,6f2c8081fce35599,observation_appearance_censored,,outside_frame
79fe250ef7905803,2021.07.24.23.59.52_veh-12_01025_01526,on_pickup_dropoff,48,1627172628549826,b3d4a742da3f5603,spatial_exit,kept,outside_frame
79fe250ef7905803,2021.07.24.23.59.52_veh-12_01025_01526,on_pickup_dropoff,49,1627172628599794,8bdca6acb9d25a50,observation_disappearance_unknown_cause,kept,
79fe250ef7905803,2021.07.24.23.59.52_veh-12_01025_01526,on_pickup_dropoff,49,1627172628599794,ac94a725805d5858,observation_appearance_censored,,outside_frame
79fe250ef7905803,2021.07.24.23.59.52_veh-12_01025_01526,on_pickup_dropoff,50,1627172628649762,e2c287772e035a20,spatial_exit,kept,outside_frame
79fe250ef7905803,2021.07.24.23.59.52_veh-12_01025_01526,on_pickup_dropoff,51,1627172628699729,2992727d867b56e1,observation_appearance_censored,,outside_frame
79fe250ef7905803,2021.07.24.23.59.52_veh-12_01025_01526,on_pickup_dropoff,51,1627172628699729,572977d43ab154fc,observation_disappearance_unknown_cause,outside_frame,
79fe250ef7905803,2021.07.24.23.59.52_veh-12_01025_01526,on_pickup_dropoff,54,1627172628849629,59898f70ed3d560c,observation_appearance_censored,,kept
79fe250ef7905803,2021.07.24.23.59.52_veh-12_01025_01526,on_pickup_dropoff,55,1627172628899594,8904348c50375ba2,observation_disappearance_unknown_cause,outside_frame,
79fe250ef7905803,2021.07.24.23.59.52_veh-12_01025_01526,on_pickup_dropoff,57,1627172628999527,511f54d5d7d35174,observation_disappearance_unknown_cause,outside_frame,
79fe250ef7905803,2021.07.24.23.59.52_veh-12_01025_01526,on_pickup_dropoff,59,1627172629099468,cd975636ba8b5685,observation_appearance_censored,,outside_frame
79fe250ef7905803,2021.07.24.23.59.52_veh-12_01025_01526,on_pickup_dropoff,61,1627172629199430,dd65caf88c675942,observation_disappearance_unknown_cause,outside_frame,
79fe250ef7905803,2021.07.24.23.59.52_veh-12_01025_01526,on_pickup_dropoff,62,1627172629249420,e2777928a8045306,observation_appearance_censored,,outside_frame
79fe250ef7905803,2021.07.24.23.59.52_veh-12_01025_01526,on_pickup_dropoff,63,1627172629299414,00f480cf265d5cd4,observation_disappearance_unknown_cause,outside_frame,
79fe250ef7905803,2021.07.24.23.59.52_veh-12_01025_01526,on_pickup_dropoff,64,1627172629349410,22d23955d9235afd,spatial_entry,outside_frame,kept
79fe250ef7905803,2021.07.24.23.59.52_veh-12_01025_01526,on_pickup_dropoff,65,1627172629399408,2da37106845a582c,observation_appearance_censored,,outside_frame
79fe250ef7905803,2021.07.24.23.59.52_veh-12_01025_01526,on_pickup_dropoff,67,1627172629499414,ab69b853072851e1,observation_appearance_censored,,kept
79fe250ef7905803,2021.07.24.23.59.52_veh-12_01025_01526,on_pickup_dropoff,67,1627172629499414,f2344c3422c25606,observation_disappearance_unknown_cause,outside_frame,
79fe250ef7905803,2021.07.24.23.59.52_veh-12_01025_01526,on_pickup_dropoff,72,1627172629749495,3e62d619205f5de4,observation_appearance_censored,,kept
79fe250ef7905803,2021.07.24.23.59.52_veh-12_01025_01526,on_pickup_dropoff,72,1627172629749495,462cda3f27f25652,observation_appearance_censored,,outside_frame
79fe250ef7905803,2021.07.24.23.59.52_veh-12_01025_01526,on_pickup_dropoff,76,1627172629949652,e2777928a8045306,observation_disappearance_unknown_cause,outside_frame,
79fe250ef7905803,2021.07.24.23.59.52_veh-12_01025_01526,on_pickup_dropoff,77,1627172629999701,c6c7062eded05735,observation_appearance_censored,,outside_frame
79fe250ef7905803,2021.07.24.23.59.52_veh-12_01025_01526,on_pickup_dropoff,79,1627172630099798,3e60c37be17556f5,observation_appearance_censored,,outside_frame
79fe250ef7905803,2021.07.24.23.59.52_veh-12_01025_01526,on_pickup_dropoff,79,1627172630099798,3e62d619205f5de4,observation_disappearance_unknown_cause,kept,
79fe250ef7905803,2021.07.24.23.59.52_veh-12_01025_01526,on_pickup_dropoff,79,1627172630099798,59898f70ed3d560c,observation_disappearance_unknown_cause,kept,
79fe250ef7905803,2021.07.24.23.59.52_veh-12_01025_01526,on_pickup_dropoff,80,1627172630149843,27afbdf218775ef7,observation_disappearance_unknown_cause,kept,
79fe250ef7905803,2021.07.24.23.59.52_veh-12_01025_01526,on_pickup_dropoff,80,1627172630149843,2da37106845a582c,observation_disappearance_unknown_cause,outside_frame,
79fe250ef7905803,2021.07.24.23.59.52_veh-12_01025_01526,on_pickup_dropoff,80,1627172630149843,a4f87e15eab2510e,observation_appearance_censored,,outside_frame
79fe250ef7905803,2021.07.24.23.59.52_veh-12_01025_01526,on_pickup_dropoff,82,1627172630249929,54d11e0d43b656f4,observation_appearance_censored,,outside_frame
79fe250ef7905803,2021.07.24.23.59.52_veh-12_01025_01526,on_pickup_dropoff,83,1627172630299970,760eeebcf7e153f9,observation_disappearance_unknown_cause,outside_frame,
79fe250ef7905803,2021.07.24.23.59.52_veh-12_01025_01526,on_pickup_dropoff,83,1627172630299970,a5eeaef782d7572d,observation_appearance_censored,,outside_frame
79fe250ef7905803,2021.07.24.23.59.52_veh-12_01025_01526,on_pickup_dropoff,84,1627172630350009,3e60c37be17556f5,observation_disappearance_unknown_cause,outside_frame,
79fe250ef7905803,2021.07.24.23.59.52_veh-12_01025_01526,on_pickup_dropoff,84,1627172630350009,bc585813a385520c,observation_appearance_censored,,outside_frame
79fe250ef7905803,2021.07.24.23.59.52_veh-12_01025_01526,on_pickup_dropoff,84,1627172630350009,cfb6816bbc285965,observation_appearance_censored,,outside_frame
79fe250ef7905803,2021.07.24.23.59.52_veh-12_01025_01526,on_pickup_dropoff,86,1627172630450089,d7f5368dcd745a2a,observation_disappearance_unknown_cause,outside_frame,
79fe250ef7905803,2021.07.24.23.59.52_veh-12_01025_01526,on_pickup_dropoff,87,1627172630500132,10e57660a29c5951,observation_appearance_censored,,outside_frame
79fe250ef7905803,2021.07.24.23.59.52_veh-12_01025_01526,on_pickup_dropoff,87,1627172630500132,20725301f85d51b5,spatial_entry,outside_frame,kept
79fe250ef7905803,2021.07.24.23.59.52_veh-12_01025_01526,on_pickup_dropoff,88,1627172630550174,6346650eda005ca2,observation_appearance_censored,,outside_frame
79fe250ef7905803,2021.07.24.23.59.52_veh-12_01025_01526,on_pickup_dropoff,88,1627172630550174,cfb6816bbc285965,observation_disappearance_unknown_cause,outside_frame,
79fe250ef7905803,2021.07.24.23.59.52_veh-12_01025_01526,on_pickup_dropoff,89,1627172630600216,20725301f85d51b5,spatial_exit,kept,outside_frame
79fe250ef7905803,2021.07.24.23.59.52_veh-12_01025_01526,on_pickup_dropoff,89,1627172630600216,42b1fe4357be5ed5,observation_appearance_censored,,outside_frame
79fe250ef7905803,2021.07.24.23.59.52_veh-12_01025_01526,on_pickup_dropoff,89,1627172630600216,5a5e56dfbbdf5cc9,observation_disappearance_unknown_cause,outside_frame,
79fe250ef7905803,2021.07.24.23.59.52_veh-12_01025_01526,on_pickup_dropoff,89,1627172630600216,8f4567ba387c5ed2,observation_disappearance_unknown_cause,outside_frame,
79fe250ef7905803,2021.07.24.23.59.52_veh-12_01025_01526,on_pickup_dropoff,89,1627172630600216,9bc97919efa75b0c,observation_disappearance_unknown_cause,outside_frame,
79fe250ef7905803,2021.07.24.23.59.52_veh-12_01025_01526,on_pickup_dropoff,89,1627172630600216,a5eeaef782d7572d,observation_disappearance_unknown_cause,outside_frame,
79fe250ef7905803,2021.07.24.23.59.52_veh-12_01025_01526,on_pickup_dropoff,89,1627172630600216,d39220f27bb05395,spatial_exit,kept,outside_frame
79fe250ef7905803,2021.07.24.23.59.52_veh-12_01025_01526,on_pickup_dropoff,90,1627172630650258,54d11e0d43b656f4,observation_disappearance_unknown_cause,outside_frame,
79fe250ef7905803,2021.07.24.23.59.52_veh-12_01025_01526,on_pickup_dropoff,91,1627172630700299,2992727d867b56e1,observation_disappearance_unknown_cause,outside_frame,
79fe250ef7905803,2021.07.24.23.59.52_veh-12_01025_01526,on_pickup_dropoff,91,1627172630700299,381616d9c5965544,observation_disappearance_unknown_cause,outside_frame,
79fe250ef7905803,2021.07.24.23.59.52_veh-12_01025_01526,on_pickup_dropoff,91,1627172630700299,40873217fad45021,observation_disappearance_unknown_cause,outside_frame,
79fe250ef7905803,2021.07.24.23.59.52_veh-12_01025_01526,on_pickup_dropoff,91,1627172630700299,d032dd9eb44f52a9,observation_appearance_censored,,outside_frame
79fe250ef7905803,2021.07.24.23.59.52_veh-12_01025_01526,on_pickup_dropoff,91,1627172630700299,e2c287772e035a20,observation_disappearance_unknown_cause,outside_frame,
79fe250ef7905803,2021.07.24.23.59.52_veh-12_01025_01526,on_pickup_dropoff,92,1627172630750342,462cda3f27f25652,observation_disappearance_unknown_cause,outside_frame,
79fe250ef7905803,2021.07.24.23.59.52_veh-12_01025_01526,on_pickup_dropoff,92,1627172630750342,7567d3be191d5158,observation_disappearance_unknown_cause,kept,
79fe250ef7905803,2021.07.24.23.59.52_veh-12_01025_01526,on_pickup_dropoff,94,1627172630850438,089510beb17a511e,observation_disappearance_unknown_cause,outside_frame,
79fe250ef7905803,2021.07.24.23.59.52_veh-12_01025_01526,on_pickup_dropoff,94,1627172630850438,5d6afa920e0559c2,observation_disappearance_unknown_cause,kept,
79fe250ef7905803,2021.07.24.23.59.52_veh-12_01025_01526,on_pickup_dropoff,94,1627172630850438,8f7f24a1cb6658bd,observation_appearance_censored,,outside_frame
79fe250ef7905803,2021.07.24.23.59.52_veh-12_01025_01526,on_pickup_dropoff,94,1627172630850438,ef309ed8f3195888,observation_disappearance_unknown_cause,outside_frame,
79fe250ef7905803,2021.07.24.23.59.52_veh-12_01025_01526,on_pickup_dropoff,95,1627172630900489,cb12401c589f5803,observation_disappearance_unknown_cause,kept,
79fe250ef7905803,2021.07.24.23.59.52_veh-12_01025_01526,on_pickup_dropoff,96,1627172630950540,491185c5a53d54eb,observation_appearance_censored,,outside_frame
79fe250ef7905803,2021.07.24.23.59.52_veh-12_01025_01526,on_pickup_dropoff,96,1627172630950540,f6183036cb84581b,observation_appearance_censored,,outside_frame
79fe250ef7905803,2021.07.24.23.59.52_veh-12_01025_01526,on_pickup_dropoff,97,1627172631000589,650310dcac7e57ea,observation_disappearance_unknown_cause,kept,
79fe250ef7905803,2021.07.24.23.59.52_veh-12_01025_01526,on_pickup_dropoff,97,1627172631000589,e26d7f4aa3d25e7c,observation_appearance_censored,,outside_frame
79fe250ef7905803,2021.07.24.23.59.52_veh-12_01025_01526,on_pickup_dropoff,98,1627172631050638,a4f87e15eab2510e,observation_disappearance_unknown_cause,outside_frame,
79fe250ef7905803,2021.07.24.23.59.52_veh-12_01025_01526,on_pickup_dropoff,98,1627172631050638,bc4013807c365659,observation_appearance_censored,,outside_frame
52b9316d85095da7,2021.06.08.16.31.33_veh-38_01589_02072,on_pickup_dropoff,1,1623185996649919,45704eef415c5d58,observation_appearance_censored,,cap_excluded
52b9316d85095da7,2021.06.08.16.31.33_veh-38_01589_02072,on_pickup_dropoff,1,1623185996649919,69c74f5df292584a,capacity_readmission,cap_excluded,kept
52b9316d85095da7,2021.06.08.16.31.33_veh-38_01589_02072,on_pickup_dropoff,1,1623185996649919,da89f64ea37357db,observation_disappearance_unknown_cause,outside_frame,
52b9316d85095da7,2021.06.08.16.31.33_veh-38_01589_02072,on_pickup_dropoff,1,1623185996649919,f39635a8b71c5f31,observation_disappearance_unknown_cause,kept,
52b9316d85095da7,2021.06.08.16.31.33_veh-38_01589_02072,on_pickup_dropoff,2,1623185996699946,5e38c1dcd7e55dc2,observation_disappearance_unknown_cause,kept,
52b9316d85095da7,2021.06.08.16.31.33_veh-38_01589_02072,on_pickup_dropoff,2,1623185996699946,813a9f90e5445e42,observation_appearance_censored,,outside_frame
52b9316d85095da7,2021.06.08.16.31.33_veh-38_01589_02072,on_pickup_dropoff,2,1623185996699946,ef30c94e7dbb57bc,capacity_readmission,cap_excluded,kept
52b9316d85095da7,2021.06.08.16.31.33_veh-38_01589_02072,on_pickup_dropoff,3,1623185996749974,1db65ad11dba5e3d,observation_appearance_censored,,outside_frame
52b9316d85095da7,2021.06.08.16.31.33_veh-38_01589_02072,on_pickup_dropoff,3,1623185996749974,69c74f5df292584a,capacity_exclusion,kept,cap_excluded
52b9316d85095da7,2021.06.08.16.31.33_veh-38_01589_02072,on_pickup_dropoff,3,1623185996749974,acb00acc31c15224,capacity_readmission,cap_excluded,kept
52b9316d85095da7,2021.06.08.16.31.33_veh-38_01589_02072,on_pickup_dropoff,3,1623185996749974,b8f93132302b535f,observation_disappearance_unknown_cause,outside_frame,
52b9316d85095da7,2021.06.08.16.31.33_veh-38_01589_02072,on_pickup_dropoff,4,1623185996800003,b0071db5ed7a594f,observation_disappearance_unknown_cause,cap_excluded,
52b9316d85095da7,2021.06.08.16.31.33_veh-38_01589_02072,on_pickup_dropoff,5,1623185996850031,36e4a532dd705843,observation_appearance_censored,,kept
52b9316d85095da7,2021.06.08.16.31.33_veh-38_01589_02072,on_pickup_dropoff,5,1623185996850031,d66343b5ce53559e,observation_appearance_censored,,outside_frame
52b9316d85095da7,2021.06.08.16.31.33_veh-38_01589_02072,on_pickup_dropoff,5,1623185996850031,ef30c94e7dbb57bc,capacity_exclusion,kept,cap_excluded
52b9316d85095da7,2021.06.08.16.31.33_veh-38_01589_02072,on_pickup_dropoff,7,1623185996950085,671dace8e4815105,capacity_readmission,cap_excluded,kept
52b9316d85095da7,2021.06.08.16.31.33_veh-38_01589_02072,on_pickup_dropoff,7,1623185996950085,8343a11241205be5,observation_disappearance_unknown_cause,outside_frame,
52b9316d85095da7,2021.06.08.16.31.33_veh-38_01589_02072,on_pickup_dropoff,7,1623185996950085,b1d0607be39d5729,capacity_exclusion,kept,cap_excluded
52b9316d85095da7,2021.06.08.16.31.33_veh-38_01589_02072,on_pickup_dropoff,9,1623185997050139,317e5d8421745c6f,observation_disappearance_unknown_cause,outside_frame,
52b9316d85095da7,2021.06.08.16.31.33_veh-38_01589_02072,on_pickup_dropoff,9,1623185997050139,817085d199ad5fd4,observation_appearance_censored,,cap_excluded
52b9316d85095da7,2021.06.08.16.31.33_veh-38_01589_02072,on_pickup_dropoff,9,1623185997050139,a457c561597258d7,observation_appearance_censored,,outside_frame
52b9316d85095da7,2021.06.08.16.31.33_veh-38_01589_02072,on_pickup_dropoff,9,1623185997050139,b7be0c693c595314,observation_appearance_censored,,outside_frame
52b9316d85095da7,2021.06.08.16.31.33_veh-38_01589_02072,on_pickup_dropoff,10,1623185997100162,48c209376bda59a7,observation_appearance_censored,,outside_frame
52b9316d85095da7,2021.06.08.16.31.33_veh-38_01589_02072,on_pickup_dropoff,10,1623185997100162,66192720eae35bde,observation_appearance_censored,,outside_frame
52b9316d85095da7,2021.06.08.16.31.33_veh-38_01589_02072,on_pickup_dropoff,10,1623185997100162,9416beac17df59d8,observation_appearance_censored,,outside_frame
52b9316d85095da7,2021.06.08.16.31.33_veh-38_01589_02072,on_pickup_dropoff,11,1623185997150178,77331a7027da5baa,observation_appearance_censored,,outside_frame
52b9316d85095da7,2021.06.08.16.31.33_veh-38_01589_02072,on_pickup_dropoff,12,1623185997200187,6da02aea18c158dc,observation_appearance_censored,,kept
52b9316d85095da7,2021.06.08.16.31.33_veh-38_01589_02072,on_pickup_dropoff,12,1623185997200187,a7c21761ef535c4f,capacity_exclusion,kept,cap_excluded
52b9316d85095da7,2021.06.08.16.31.33_veh-38_01589_02072,on_pickup_dropoff,13,1623185997250191,bda449da0b7e5bb7,observation_appearance_censored,,outside_frame
52b9316d85095da7,2021.06.08.16.31.33_veh-38_01589_02072,on_pickup_dropoff,14,1623185997300191,02f1d3e1d8785f04,observation_disappearance_unknown_cause,outside_frame,
52b9316d85095da7,2021.06.08.16.31.33_veh-38_01589_02072,on_pickup_dropoff,14,1623185997300191,5f987abb51b15997,observation_disappearance_unknown_cause,kept,
52b9316d85095da7,2021.06.08.16.31.33_veh-38_01589_02072,on_pickup_dropoff,14,1623185997300191,a7c21761ef535c4f,capacity_readmission,cap_excluded,kept
52b9316d85095da7,2021.06.08.16.31.33_veh-38_01589_02072,on_pickup_dropoff,14,1623185997300191,b3d292697b655e39,observation_disappearance_unknown_cause,cap_excluded,
52b9316d85095da7,2021.06.08.16.31.33_veh-38_01589_02072,on_pickup_dropoff,15,1623185997350188,afd639de1f0c5088,observation_appearance_censored,,cap_excluded
52b9316d85095da7,2021.06.08.16.31.33_veh-38_01589_02072,on_pickup_dropoff,15,1623185997350188,c8bff51955175c2b,spatial_entry,outside_frame,kept
52b9316d85095da7,2021.06.08.16.31.33_veh-38_01589_02072,on_pickup_dropoff,17,1623185997450164,77331a7027da5baa,observation_disappearance_unknown_cause,outside_frame,
52b9316d85095da7,2021.06.08.16.31.33_veh-38_01589_02072,on_pickup_dropoff,17,1623185997450164,b1d0607be39d5729,capacity_readmission,cap_excluded,kept
52b9316d85095da7,2021.06.08.16.31.33_veh-38_01589_02072,on_pickup_dropoff,17,1623185997450164,f1cc70325c845be7,observation_disappearance_unknown_cause,kept,
52b9316d85095da7,2021.06.08.16.31.33_veh-38_01589_02072,on_pickup_dropoff,18,1623185997500142,87e7b5dad5085839,observation_disappearance_unknown_cause,outside_frame,
52b9316d85095da7,2021.06.08.16.31.33_veh-38_01589_02072,on_pickup_dropoff,18,1623185997500142,9a39b73d85345dd6,observation_appearance_censored,,outside_frame
52b9316d85095da7,2021.06.08.16.31.33_veh-38_01589_02072,on_pickup_dropoff,18,1623185997500142,ad95dc3add465ee7,observation_disappearance_unknown_cause,kept,
52b9316d85095da7,2021.06.08.16.31.33_veh-38_01589_02072,on_pickup_dropoff,18,1623185997500142,ef30c94e7dbb57bc,capacity_readmission,cap_excluded,kept
52b9316d85095da7,2021.06.08.16.31.33_veh-38_01589_02072,on_pickup_dropoff,19,1623185997550118,a1fceb6d27825f99,observation_appearance_censored,,cap_excluded
52b9316d85095da7,2021.06.08.16.31.33_veh-38_01589_02072,on_pickup_dropoff,20,1623185997600089,1ea6de0d3bec5aec,capacity_exclusion,kept,cap_excluded
52b9316d85095da7,2021.06.08.16.31.33_veh-38_01589_02072,on_pickup_dropoff,20,1623185997600089,45704eef415c5d58,capacity_readmission,cap_excluded,kept
52b9316d85095da7,2021.06.08.16.31.33_veh-38_01589_02072,on_pickup_dropoff,20,1623185997600089,69c74f5df292584a,capacity_readmission,cap_excluded,kept
52b9316d85095da7,2021.06.08.16.31.33_veh-38_01589_02072,on_pickup_dropoff,20,1623185997600089,6da02aea18c158dc,observation_disappearance_unknown_cause,kept,
52b9316d85095da7,2021.06.08.16.31.33_veh-38_01589_02072,on_pickup_dropoff,20,1623185997600089,8f1398b641815b7e,observation_appearance_censored,,outside_frame
52b9316d85095da7,2021.06.08.16.31.33_veh-38_01589_02072,on_pickup_dropoff,20,1623185997600089,e31b0bb4486152f1,observation_disappearance_unknown_cause,cap_excluded,
52b9316d85095da7,2021.06.08.16.31.33_veh-38_01589_02072,on_pickup_dropoff,21,1623185997650058,4edbd079b0015245,observation_appearance_censored,,kept
52b9316d85095da7,2021.06.08.16.31.33_veh-38_01589_02072,on_pickup_dropoff,21,1623185997650058,69c74f5df292584a,capacity_exclusion,kept,cap_excluded
52b9316d85095da7,2021.06.08.16.31.33_veh-38_01589_02072,on_pickup_dropoff,21,1623185997650058,76702f022af05158,observation_appearance_censored,,outside_frame
52b9316d85095da7,2021.06.08.16.31.33_veh-38_01589_02072,on_pickup_dropoff,21,1623185997650058,d215b565d061542b,observation_appearance_censored,,cap_excluded
52b9316d85095da7,2021.06.08.16.31.33_veh-38_01589_02072,on_pickup_dropoff,21,1623185997650058,dd722b4a00635e55,observation_appearance_censored,,cap_excluded
52b9316d85095da7,2021.06.08.16.31.33_veh-38_01589_02072,on_pickup_dropoff,22,1623185997700027,b260990893f9537c,observation_disappearance_unknown_cause,outside_frame,
52b9316d85095da7,2021.06.08.16.31.33_veh-38_01589_02072,on_pickup_dropoff,23,1623185997749994,8e1eef0ba1b051ce,spatial_entry,outside_frame,kept
52b9316d85095da7,2021.06.08.16.31.33_veh-38_01589_02072,on_pickup_dropoff,23,1623185997749994,b299c13debfe51ce,observation_disappearance_unknown_cause,cap_excluded,
52b9316d85095da7,2021.06.08.16.31.33_veh-38_01589_02072,on_pickup_dropoff,23,1623185997749994,c1f0a08675de5111,observation_disappearance_unknown_cause,kept,
52b9316d85095da7,2021.06.08.16.31.33_veh-38_01589_02072,on_pickup_dropoff,23,1623185997749994,d96f493abf2e5467,capacity_readmission,cap_excluded,kept
52b9316d85095da7,2021.06.08.16.31.33_veh-38_01589_02072,on_pickup_dropoff,24,1623185997799961,4cfb1a4110355ca6,observation_disappearance_unknown_cause,cap_excluded,
52b9316d85095da7,2021.06.08.16.31.33_veh-38_01589_02072,on_pickup_dropoff,24,1623185997799961,537e29e80e7351c6,capacity_exclusion,kept,cap_excluded
52b9316d85095da7,2021.06.08.16.31.33_veh-38_01589_02072,on_pickup_dropoff,24,1623185997799961,69c74f5df292584a,capacity_readmission,cap_excluded,kept
52b9316d85095da7,2021.06.08.16.31.33_veh-38_01589_02072,on_pickup_dropoff,24,1623185997799961,76702f022af05158,observation_disappearance_unknown_cause,outside_frame,
52b9316d85095da7,2021.06.08.16.31.33_veh-38_01589_02072,on_pickup_dropoff,24,1623185997799961,d215b565d061542b,observation_disappearance_unknown_cause,cap_excluded,
52b9316d85095da7,2021.06.08.16.31.33_veh-38_01589_02072,on_pickup_dropoff,24,1623185997799961,fa58beaf39b15c34,observation_appearance_censored,,outside_frame
52b9316d85095da7,2021.06.08.16.31.33_veh-38_01589_02072,on_pickup_dropoff,25,1623185997849928,c8bff51955175c2b,spatial_exit,kept,outside_frame
52b9316d85095da7,2021.06.08.16.31.33_veh-38_01589_02072,on_pickup_dropoff,26,1623185997899893,32b3154e3e19543b,observation_disappearance_unknown_cause,outside_frame,
52b9316d85095da7,2021.06.08.16.31.33_veh-38_01589_02072,on_pickup_dropoff,29,1623185998049795,1e3157cd009550fc,observation_appearance_censored,,kept
52b9316d85095da7,2021.06.08.16.31.33_veh-38_01589_02072,on_pickup_dropoff,29,1623185998049795,d96f493abf2e5467,capacity_exclusion,kept,cap_excluded
52b9316d85095da7,2021.06.08.16.31.33_veh-38_01589_02072,on_pickup_dropoff,30,1623185998099765,5c3c68c88db65603,observation_disappearance_unknown_cause,kept,
52b9316d85095da7,2021.06.08.16.31.33_veh-38_01589_02072,on_pickup_dropoff,30,1623185998099765,8c5e2104763a5d7e,capacity_readmission,cap_excluded,kept
52b9316d85095da7,2021.06.08.16.31.33_veh-38_01589_02072,on_pickup_dropoff,30,1623185998099765,a8609c750916514c,observation_disappearance_unknown_cause,kept,
52b9316d85095da7,2021.06.08.16.31.33_veh-38_01589_02072,on_pickup_dropoff,30,1623185998099765,d96f493abf2e5467,capacity_readmission,cap_excluded,kept
52b9316d85095da7,2021.06.08.16.31.33_veh-38_01589_02072,on_pickup_dropoff,31,1623185998149736,4c305856c68a5786,capacity_exclusion,kept,cap_excluded
52b9316d85095da7,2021.06.08.16.31.33_veh-38_01589_02072,on_pickup_dropoff,31,1623185998149736,6240160a38cb5b82,capacity_readmission,cap_excluded,kept
52b9316d85095da7,2021.06.08.16.31.33_veh-38_01589_02072,on_pickup_dropoff,31,1623185998149736,d2ce041592a35a3d,observation_appearance_censored,,outside_frame
52b9316d85095da7,2021.06.08.16.31.33_veh-38_01589_02072,on_pickup_dropoff,31,1623185998149736,ee1f38580a9e5f19,observation_disappearance_unknown_cause,outside_frame,
52b9316d85095da7,2021.06.08.16.31.33_veh-38_01589_02072,on_pickup_dropoff,33,1623185998249682,4c305856c68a5786,capacity_readmission,cap_excluded,kept
52b9316d85095da7,2021.06.08.16.31.33_veh-38_01589_02072,on_pickup_dropoff,33,1623185998249682,a03898678b9b57a2,observation_disappearance_unknown_cause,kept,
52b9316d85095da7,2021.06.08.16.31.33_veh-38_01589_02072,on_pickup_dropoff,33,1623185998249682,d0fd52608c5f5f18,observation_disappearance_unknown_cause,outside_frame,
52b9316d85095da7,2021.06.08.16.31.33_veh-38_01589_02072,on_pickup_dropoff,33,1623185998249682,f6a7b9f066005153,observation_disappearance_unknown_cause,outside_frame,
52b9316d85095da7,2021.06.08.16.31.33_veh-38_01589_02072,on_pickup_dropoff,34,1623185998299656,40d4e599535e599e,capacity_readmission,cap_excluded,kept
52b9316d85095da7,2021.06.08.16.31.33_veh-38_01589_02072,on_pickup_dropoff,34,1623185998299656,66192720eae35bde,observation_disappearance_unknown_cause,outside_frame,
52b9316d85095da7,2021.06.08.16.31.33_veh-38_01589_02072,on_pickup_dropoff,34,1623185998299656,a7c394dc963950e1,observation_disappearance_unknown_cause,kept,
52b9316d85095da7,2021.06.08.16.31.33_veh-38_01589_02072,on_pickup_dropoff,36,1623185998399605,46a4245b680851ca,capacity_readmission,cap_excluded,kept
52b9316d85095da7,2021.06.08.16.31.33_veh-38_01589_02072,on_pickup_dropoff,36,1623185998399605,4c305856c68a5786,capacity_exclusion,kept,cap_excluded
52b9316d85095da7,2021.06.08.16.31.33_veh-38_01589_02072,on_pickup_dropoff,37,1623185998449578,9e0bfbaeae615f04,spatial_entry,outside_frame,kept
52b9316d85095da7,2021.06.08.16.31.33_veh-38_01589_02072,on_pickup_dropoff,37,1623185998449578,e97c1bc3e74f580f,observation_appearance_censored,,cap_excluded
52b9316d85095da7,2021.06.08.16.31.33_veh-38_01589_02072,on_pickup_dropoff,40,1623185998599501,b8e586d9787e5713,observation_disappearance_unknown_cause,kept,
52b9316d85095da7,2021.06.08.16.31.33_veh-38_01589_02072,on_pickup_dropoff,40,1623185998599501,c34ce87e4f475a7d,capacity_readmission,cap_excluded,kept
52b9316d85095da7,2021.06.08.16.31.33_veh-38_01589_02072,on_pickup_dropoff,40,1623185998599501,e2418a22c6615a78,observation_appearance_censored,,outside_frame
52b9316d85095da7,2021.06.08.16.31.33_veh-38_01589_02072,on_pickup_dropoff,40,1623185998599501,ef1e13cf4c355ece,observation_appearance_censored,,cap_excluded
52b9316d85095da7,2021.06.08.16.31.33_veh-38_01589_02072,on_pickup_dropoff,41,1623185998649477,d27c2092463c5f1b,observation_appearance_censored,,cap_excluded
52b9316d85095da7,2021.06.08.16.31.33_veh-38_01589_02072,on_pickup_dropoff,42,1623185998699454,40d4e599535e599e,capacity_exclusion,kept,cap_excluded
52b9316d85095da7,2021.06.08.16.31.33_veh-38_01589_02072,on_pickup_dropoff,42,1623185998699454,c34ce87e4f475a7d,capacity_exclusion,kept,cap_excluded
52b9316d85095da7,2021.06.08.16.31.33_veh-38_01589_02072,on_pickup_dropoff,42,1623185998699454,c8110e414eaa59da,observation_appearance_censored,,kept
52b9316d85095da7,2021.06.08.16.31.33_veh-38_01589_02072,on_pickup_dropoff,42,1623185998699454,e38fc03245c556c4,observation_appearance_censored,,kept
52b9316d85095da7,2021.06.08.16.31.33_veh-38_01589_02072,on_pickup_dropoff,43,1623185998749433,8408c8fc6d315ea9,capacity_readmission,cap_excluded,kept
52b9316d85095da7,2021.06.08.16.31.33_veh-38_01589_02072,on_pickup_dropoff,43,1623185998749433,a22e5cb3a98a5f16,capacity_exclusion,kept,cap_excluded
52b9316d85095da7,2021.06.08.16.31.33_veh-38_01589_02072,on_pickup_dropoff,44,1623185998799412,787b5f11fdd750c8,observation_appearance_censored,,outside_frame
52b9316d85095da7,2021.06.08.16.31.33_veh-38_01589_02072,on_pickup_dropoff,44,1623185998799412,a50f7db59dda5533,observation_appearance_censored,,outside_frame
52b9316d85095da7,2021.06.08.16.31.33_veh-38_01589_02072,on_pickup_dropoff,45,1623185998849391,a1a42f6f9eae54ff,observation_appearance_censored,,outside_frame
52b9316d85095da7,2021.06.08.16.31.33_veh-38_01589_02072,on_pickup_dropoff,47,1623185998949350,fae3ee6c229a546e,observation_disappearance_unknown_cause,outside_frame,
52b9316d85095da7,2021.06.08.16.31.33_veh-38_01589_02072,on_pickup_dropoff,48,1623185998999330,775cf5baab795493,observation_appearance_censored,,outside_frame
52b9316d85095da7,2021.06.08.16.31.33_veh-38_01589_02072,on_pickup_dropoff,50,1623185999099295,0839e3ad2efe5ca8,capacity_readmission,cap_excluded,kept
52b9316d85095da7,2021.06.08.16.31.33_veh-38_01589_02072,on_pickup_dropoff,50,1623185999099295,19066987ab7052a7,spatial_exit,cap_excluded,outside_frame
52b9316d85095da7,2021.06.08.16.31.33_veh-38_01589_02072,on_pickup_dropoff,50,1623185999099295,69a2f4c687f2550d,capacity_exclusion,kept,cap_excluded
52b9316d85095da7,2021.06.08.16.31.33_veh-38_01589_02072,on_pickup_dropoff,51,1623185999149281,19066987ab7052a7,observation_disappearance_unknown_cause,outside_frame,
52b9316d85095da7,2021.06.08.16.31.33_veh-38_01589_02072,on_pickup_dropoff,51,1623185999149281,3babd6dc67df5732,observation_appearance_censored,,cap_excluded
52b9316d85095da7,2021.06.08.16.31.33_veh-38_01589_02072,on_pickup_dropoff,51,1623185999149281,787b5f11fdd750c8,observation_disappearance_unknown_cause,outside_frame,
52b9316d85095da7,2021.06.08.16.31.33_veh-38_01589_02072,on_pickup_dropoff,52,1623185999199270,6a0ad24e14085ce1,observation_appearance_censored,,cap_excluded
52b9316d85095da7,2021.06.08.16.31.33_veh-38_01589_02072,on_pickup_dropoff,53,1623185999249263,e5994b94f2145339,observation_appearance_censored,,outside_frame
52b9316d85095da7,2021.06.08.16.31.33_veh-38_01589_02072,on_pickup_dropoff,54,1623185999299263,332979532e045d61,observation_appearance_censored,,outside_frame
52b9316d85095da7,2021.06.08.16.31.33_veh-38_01589_02072,on_pickup_dropoff,54,1623185999299263,dce3db35cd9d5f16,observation_appearance_censored,,cap_excluded
52b9316d85095da7,2021.06.08.16.31.33_veh-38_01589_02072,on_pickup_dropoff,55,1623185999349270,20a5413b3e2e57d2,observation_appearance_censored,,outside_frame
52b9316d85095da7,2021.06.08.16.31.33_veh-38_01589_02072,on_pickup_dropoff,56,1623185999399283,2bfa5d51e36e5f1f,observation_disappearance_unknown_cause,outside_frame,
52b9316d85095da7,2021.06.08.16.31.33_veh-38_01589_02072,on_pickup_dropoff,56,1623185999399283,b6ba95c4b8ae5cd5,observation_appearance_censored,,cap_excluded
52b9316d85095da7,2021.06.08.16.31.33_veh-38_01589_02072,on_pickup_dropoff,56,1623185999399283,b7be0c693c595314,observation_disappearance_unknown_cause,outside_frame,
52b9316d85095da7,2021.06.08.16.31.33_veh-38_01589_02072,on_pickup_dropoff,56,1623185999399283,c2909a6029705342,observation_appearance_censored,,outside_frame
52b9316d85095da7,2021.06.08.16.31.33_veh-38_01589_02072,on_pickup_dropoff,56,1623185999399283,d66343b5ce53559e,observation_disappearance_unknown_cause,outside_frame,
52b9316d85095da7,2021.06.08.16.31.33_veh-38_01589_02072,on_pickup_dropoff,56,1623185999399283,e0796bfa6f4c530d,observation_appearance_censored,,outside_frame
52b9316d85095da7,2021.06.08.16.31.33_veh-38_01589_02072,on_pickup_dropoff,56,1623185999399283,f6614c7352835a69,observation_appearance_censored,,outside_frame
52b9316d85095da7,2021.06.08.16.31.33_veh-38_01589_02072,on_pickup_dropoff,57,1623185999449302,46a4245b680851ca,capacity_exclusion,kept,cap_excluded
52b9316d85095da7,2021.06.08.16.31.33_veh-38_01589_02072,on_pickup_dropoff,57,1623185999449302,d1442f852f96505d,capacity_readmission,cap_excluded,kept
52b9316d85095da7,2021.06.08.16.31.33_veh-38_01589_02072,on_pickup_dropoff,57,1623185999449302,eb20fe6a8cb75d2d,observation_disappearance_unknown_cause,outside_frame,
52b9316d85095da7,2021.06.08.16.31.33_veh-38_01589_02072,on_pickup_dropoff,58,1623185999499324,0827abb69b475b2f,observation_disappearance_unknown_cause,outside_frame,
52b9316d85095da7,2021.06.08.16.31.33_veh-38_01589_02072,on_pickup_dropoff,58,1623185999499324,650be5f873505865,observation_appearance_censored,,outside_frame
52b9316d85095da7,2021.06.08.16.31.33_veh-38_01589_02072,on_pickup_dropoff,59,1623185999549350,775cf5baab795493,observation_disappearance_unknown_cause,outside_frame,
52b9316d85095da7,2021.06.08.16.31.33_veh-38_01589_02072,on_pickup_dropoff,59,1623185999549350,c34ce87e4f475a7d,observation_disappearance_unknown_cause,cap_excluded,
52b9316d85095da7,2021.06.08.16.31.33_veh-38_01589_02072,on_pickup_dropoff,59,1623185999549350,c8bff51955175c2b,spatial_entry,outside_frame,kept
52b9316d85095da7,2021.06.08.16.31.33_veh-38_01589_02072,on_pickup_dropoff,59,1623185999549350,e5994b94f2145339,observation_disappearance_unknown_cause,outside_frame,
52b9316d85095da7,2021.06.08.16.31.33_veh-38_01589_02072,on_pickup_dropoff,60,1623185999599378,332979532e045d61,observation_disappearance_unknown_cause,outside_frame,
52b9316d85095da7,2021.06.08.16.31.33_veh-38_01589_02072,on_pickup_dropoff,64,1623185999799508,20e2d0b1b48154c3,observation_appearance_censored,,outside_frame
52b9316d85095da7,2021.06.08.16.31.33_veh-38_01589_02072,on_pickup_dropoff,67,1623185999949618,1c41e662a7965e48,observation_appearance_censored,,cap_excluded
52b9316d85095da7,2021.06.08.16.31.33_veh-38_01589_02072,on_pickup_dropoff,68,1623185999999654,081fa18e237b56aa,observation_appearance_censored,,outside_frame
52b9316d85095da7,2021.06.08.16.31.33_veh-38_01589_02072,on_pickup_dropoff,68,1623185999999654,a3202c990d5a5f2f,observation_appearance_censored,,kept
52b9316d85095da7,2021.06.08.16.31.33_veh-38_01589_02072,on_pickup_dropoff,68,1623185999999654,afd639de1f0c5088,observation_disappearance_unknown_cause,cap_excluded,
52b9316d85095da7,2021.06.08.16.31.33_veh-38_01589_02072,on_pickup_dropoff,68,1623185999999654,d96f493abf2e5467,capacity_exclusion,kept,cap_excluded
52b9316d85095da7,2021.06.08.16.31.33_veh-38_01589_02072,on_pickup_dropoff,68,1623185999999654,f11aec8b7f2253b7,observation_disappearance_unknown_cause,outside_frame,
52b9316d85095da7,2021.06.08.16.31.33_veh-38_01589_02072,on_pickup_dropoff,70,1623186000099714,69a2f4c687f2550d,observation_disappearance_unknown_cause,cap_excluded,
52b9316d85095da7,2021.06.08.16.31.33_veh-38_01589_02072,on_pickup_dropoff,70,1623186000099714,782314d6a5c65b2a,observation_appearance_censored,,outside_frame
52b9316d85095da7,2021.06.08.16.31.33_veh-38_01589_02072,on_pickup_dropoff,72,1623186000199766,1c41e662a7965e48,capacity_readmission,cap_excluded,kept
52b9316d85095da7,2021.06.08.16.31.33_veh-38_01589_02072,on_pickup_dropoff,72,1623186000199766,84845ffe9c655298,capacity_exclusion,kept,cap_excluded
52b9316d85095da7,2021.06.08.16.31.33_veh-38_01589_02072,on_pickup_dropoff,74,1623186000299814,da6447635cbc5a47,observation_appearance_censored,,cap_excluded
52b9316d85095da7,2021.06.08.16.31.33_veh-38_01589_02072,on_pickup_dropoff,75,1623186000349837,7eea8e1d8d0c5b14,observation_appearance_censored,,cap_excluded
52b9316d85095da7,2021.06.08.16.31.33_veh-38_01589_02072,on_pickup_dropoff,76,1623186000399860,b37852e7d8265ad9,observation_appearance_censored,,cap_excluded
52b9316d85095da7,2021.06.08.16.31.33_veh-38_01589_02072,on_pickup_dropoff,78,1623186000499901,fa58beaf39b15c34,observation_disappearance_unknown_cause,outside_frame,
52b9316d85095da7,2021.06.08.16.31.33_veh-38_01589_02072,on_pickup_dropoff,79,1623186000549921,1c41e662a7965e48,capacity_exclusion,kept,cap_excluded
52b9316d85095da7,2021.06.08.16.31.33_veh-38_01589_02072,on_pickup_dropoff,79,1623186000549921,46a4245b680851ca,capacity_readmission,cap_excluded,kept
52b9316d85095da7,2021.06.08.16.31.33_veh-38_01589_02072,on_pickup_dropoff,79,1623186000549921,515cc1dfdb655182,observation_appearance_censored,,cap_excluded
52b9316d85095da7,2021.06.08.16.31.33_veh-38_01589_02072,on_pickup_dropoff,79,1623186000549921,e2418a22c6615a78,observation_disappearance_unknown_cause,outside_frame,
52b9316d85095da7,2021.06.08.16.31.33_veh-38_01589_02072,on_pickup_dropoff,80,1623186000599941,782314d6a5c65b2a,observation_disappearance_unknown_cause,outside_frame,
52b9316d85095da7,2021.06.08.16.31.33_veh-38_01589_02072,on_pickup_dropoff,81,1623186000649960,d2ce041592a35a3d,spatial_entry,outside_frame,cap_excluded
52b9316d85095da7,2021.06.08.16.31.33_veh-38_01589_02072,on_pickup_dropoff,82,1623186000699981,11d8f83d3335557d,observation_appearance_censored,,kept
52b9316d85095da7,2021.06.08.16.31.33_veh-38_01589_02072,on_pickup_dropoff,82,1623186000699981,45704eef415c5d58,capacity_exclusion,kept,cap_excluded
52b9316d85095da7,2021.06.08.16.31.33_veh-38_01589_02072,on_pickup_dropoff,82,1623186000699981,767e0c0899a65990,observation_appearance_censored,,outside_frame
52b9316d85095da7,2021.06.08.16.31.33_veh-38_01589_02072,on_pickup_dropoff,82,1623186000699981,e0796bfa6f4c530d,spatial_entry,outside_frame,cap_excluded
52b9316d85095da7,2021.06.08.16.31.33_veh-38_01589_02072,on_pickup_dropoff,84,1623186000800022,45704eef415c5d58,capacity_readmission,cap_excluded,kept
52b9316d85095da7,2021.06.08.16.31.33_veh-38_01589_02072,on_pickup_dropoff,84,1623186000800022,8b5e93bfeaf25765,observation_disappearance_unknown_cause,cap_excluded,
52b9316d85095da7,2021.06.08.16.31.33_veh-38_01589_02072,on_pickup_dropoff,84,1623186000800022,a3202c990d5a5f2f,observation_disappearance_unknown_cause,kept,
52b9316d85095da7,2021.06.08.16.31.33_veh-38_01589_02072,on_pickup_dropoff,84,1623186000800022,b37852e7d8265ad9,observation_disappearance_unknown_cause,cap_excluded,
52b9316d85095da7,2021.06.08.16.31.33_veh-38_01589_02072,on_pickup_dropoff,85,1623186000850043,537e29e80e7351c6,observation_disappearance_unknown_cause,cap_excluded,
52b9316d85095da7,2021.06.08.16.31.33_veh-38_01589_02072,on_pickup_dropoff,86,1623186000900063,1c41e662a7965e48,observation_disappearance_unknown_cause,cap_excluded,
52b9316d85095da7,2021.06.08.16.31.33_veh-38_01589_02072,on_pickup_dropoff,86,1623186000900063,a457c561597258d7,observation_disappearance_unknown_cause,outside_frame,
52b9316d85095da7,2021.06.08.16.31.33_veh-38_01589_02072,on_pickup_dropoff,87,1623186000950084,45704eef415c5d58,capacity_exclusion,kept,cap_excluded
52b9316d85095da7,2021.06.08.16.31.33_veh-38_01589_02072,on_pickup_dropoff,87,1623186000950084,bc0461a87ad95095,observation_appearance_censored,,kept
52b9316d85095da7,2021.06.08.16.31.33_veh-38_01589_02072,on_pickup_dropoff,88,1623186001000104,5666bd613e805aa3,observation_appearance_censored,,kept
52b9316d85095da7,2021.06.08.16.31.33_veh-38_01589_02072,on_pickup_dropoff,88,1623186001000104,ef30c94e7dbb57bc,capacity_exclusion,kept,cap_excluded
52b9316d85095da7,2021.06.08.16.31.33_veh-38_01589_02072,on_pickup_dropoff,89,1623186001050121,44113bdceb705a4f,observation_disappearance_unknown_cause,cap_excluded,
52b9316d85095da7,2021.06.08.16.31.33_veh-38_01589_02072,on_pickup_dropoff,89,1623186001050121,4effea53d850588a,observation_disappearance_unknown_cause,outside_frame,
52b9316d85095da7,2021.06.08.16.31.33_veh-38_01589_02072,on_pickup_dropoff,90,1623186001100134,ef30c94e7dbb57bc,observation_disappearance_unknown_cause,cap_excluded,
52b9316d85095da7,2021.06.08.16.31.33_veh-38_01589_02072,on_pickup_dropoff,91,1623186001150143,203bb95604a150a1,observation_appearance_censored,,kept
52b9316d85095da7,2021.06.08.16.31.33_veh-38_01589_02072,on_pickup_dropoff,91,1623186001150143,a7c21761ef535c4f,capacity_exclusion,kept,cap_excluded
52b9316d85095da7,2021.06.08.16.31.33_veh-38_01589_02072,on_pickup_dropoff,92,1623186001200149,8e1eef0ba1b051ce,spatial_exit,kept,outside_frame
52b9316d85095da7,2021.06.08.16.31.33_veh-38_01589_02072,on_pickup_dropoff,92,1623186001200149,d8260d0fd7855a4c,observation_appearance_censored,,outside_frame
52b9316d85095da7,2021.06.08.16.31.33_veh-38_01589_02072,on_pickup_dropoff,93,1623186001250150,b1d0607be39d5729,observation_disappearance_unknown_cause,kept,
52b9316d85095da7,2021.06.08.16.31.33_veh-38_01589_02072,on_pickup_dropoff,93,1623186001250150,c43a1dd063305fe1,capacity_readmission,cap_excluded,kept
52b9316d85095da7,2021.06.08.16.31.33_veh-38_01589_02072,on_pickup_dropoff,94,1623186001300145,b0b93f71f6255849,observation_disappearance_unknown_cause,outside_frame,
52b9316d85095da7,2021.06.08.16.31.33_veh-38_01589_02072,on_pickup_dropoff,95,1623186001350133,d8260d0fd7855a4c,observation_disappearance_unknown_cause,outside_frame,
52b9316d85095da7,2021.06.08.16.31.33_veh-38_01589_02072,on_pickup_dropoff,96,1623186001400115,1e3157cd009550fc,observation_disappearance_unknown_cause,kept,
52b9316d85095da7,2021.06.08.16.31.33_veh-38_01589_02072,on_pickup_dropoff,96,1623186001400115,33613b7475e2502a,observation_appearance_censored,,outside_frame
52b9316d85095da7,2021.06.08.16.31.33_veh-38_01589_02072,on_pickup_dropoff,96,1623186001400115,a7c21761ef535c4f,capacity_readmission,cap_excluded,kept
52b9316d85095da7,2021.06.08.16.31.33_veh-38_01589_02072,on_pickup_dropoff,97,1623186001450093,4c4236597bb15f6e,observation_disappearance_unknown_cause,cap_excluded,
52b9316d85095da7,2021.06.08.16.31.33_veh-38_01589_02072,on_pickup_dropoff,97,1623186001450093,85be83bd36065bd0,observation_appearance_censored,,cap_excluded
52b9316d85095da7,2021.06.08.16.31.33_veh-38_01589_02072,on_pickup_dropoff,98,1623186001500069,081fa18e237b56aa,observation_disappearance_unknown_cause,outside_frame,
52b9316d85095da7,2021.06.08.16.31.33_veh-38_01589_02072,on_pickup_dropoff,98,1623186001500069,45704eef415c5d58,observation_disappearance_unknown_cause,cap_excluded,
8a12232c4bb4511e,2021.06.08.14.36.49_veh-38_01567_02014,traversing_pickup_dropoff,1,1623179319249834,df7754dc4a825991,observation_disappearance_unknown_cause,outside_frame,
8a12232c4bb4511e,2021.06.08.14.36.49_veh-38_01567_02014,traversing_pickup_dropoff,2,1623179319299815,8855fa5b03525162,observation_appearance_censored,,outside_frame
8a12232c4bb4511e,2021.06.08.14.36.49_veh-38_01567_02014,traversing_pickup_dropoff,3,1623179319349795,6215f724b1cb54ec,observation_appearance_censored,,outside_frame
8a12232c4bb4511e,2021.06.08.14.36.49_veh-38_01567_02014,traversing_pickup_dropoff,4,1623179319399774,2aa0cd42ec135b76,capacity_readmission,cap_excluded,kept
8a12232c4bb4511e,2021.06.08.14.36.49_veh-38_01567_02014,traversing_pickup_dropoff,4,1623179319399774,3e4f80cfb7345993,capacity_exclusion,kept,cap_excluded
8a12232c4bb4511e,2021.06.08.14.36.49_veh-38_01567_02014,traversing_pickup_dropoff,4,1623179319399774,8da8102db8145fdd,spatial_entry,outside_frame,cap_excluded
8a12232c4bb4511e,2021.06.08.14.36.49_veh-38_01567_02014,traversing_pickup_dropoff,5,1623179319449750,66f347b75cdb5322,observation_disappearance_unknown_cause,outside_frame,
8a12232c4bb4511e,2021.06.08.14.36.49_veh-38_01567_02014,traversing_pickup_dropoff,5,1623179319449750,a13059bcf43d57a5,spatial_entry,outside_frame,cap_excluded
8a12232c4bb4511e,2021.06.08.14.36.49_veh-38_01567_02014,traversing_pickup_dropoff,5,1623179319449750,d9b9db7779e05ee1,spatial_exit,cap_excluded,outside_frame
8a12232c4bb4511e,2021.06.08.14.36.49_veh-38_01567_02014,traversing_pickup_dropoff,6,1623179319499724,23c3257808d759c5,observation_appearance_censored,,kept
8a12232c4bb4511e,2021.06.08.14.36.49_veh-38_01567_02014,traversing_pickup_dropoff,6,1623179319499724,2aa0cd42ec135b76,capacity_exclusion,kept,cap_excluded
8a12232c4bb4511e,2021.06.08.14.36.49_veh-38_01567_02014,traversing_pickup_dropoff,6,1623179319499724,a008ca0309d25e75,observation_appearance_censored,,outside_frame
8a12232c4bb4511e,2021.06.08.14.36.49_veh-38_01567_02014,traversing_pickup_dropoff,6,1623179319499724,d07d6be73dd556ed,observation_disappearance_unknown_cause,outside_frame,
8a12232c4bb4511e,2021.06.08.14.36.49_veh-38_01567_02014,traversing_pickup_dropoff,8,1623179319599668,55bf06f5c58d536f,capacity_exclusion,kept,cap_excluded
8a12232c4bb4511e,2021.06.08.14.36.49_veh-38_01567_02014,traversing_pickup_dropoff,8,1623179319599668,730333dffed450fa,spatial_exit,kept,outside_frame
8a12232c4bb4511e,2021.06.08.14.36.49_veh-38_01567_02014,traversing_pickup_dropoff,8,1623179319599668,c3d9284bcf995c42,observation_appearance_censored,,kept
8a12232c4bb4511e,2021.06.08.14.36.49_veh-38_01567_02014,traversing_pickup_dropoff,10,1623179319699615,24a62d371cc15f3f,observation_appearance_censored,,cap_excluded
8a12232c4bb4511e,2021.06.08.14.36.49_veh-38_01567_02014,traversing_pickup_dropoff,10,1623179319699615,55bf06f5c58d536f,capacity_readmission,cap_excluded,kept
8a12232c4bb4511e,2021.06.08.14.36.49_veh-38_01567_02014,traversing_pickup_dropoff,10,1623179319699615,6582688137755798,observation_appearance_censored,,outside_frame
8a12232c4bb4511e,2021.06.08.14.36.49_veh-38_01567_02014,traversing_pickup_dropoff,10,1623179319699615,66f85273b3045fa1,observation_disappearance_unknown_cause,cap_excluded,
8a12232c4bb4511e,2021.06.08.14.36.49_veh-38_01567_02014,traversing_pickup_dropoff,10,1623179319699615,b52b7bacc3eb57e9,observation_disappearance_unknown_cause,cap_excluded,
8a12232c4bb4511e,2021.06.08.14.36.49_veh-38_01567_02014,traversing_pickup_dropoff,10,1623179319699615,baa0d604a3535b6e,capacity_exclusion,kept,cap_excluded
8a12232c4bb4511e,2021.06.08.14.36.49_veh-38_01567_02014,traversing_pickup_dropoff,11,1623179319749590,7104666e23ad5fbc,observation_appearance_censored,,outside_frame
8a12232c4bb4511e,2021.06.08.14.36.49_veh-38_01567_02014,traversing_pickup_dropoff,11,1623179319749590,7636287504c5573c,observation_appearance_censored,,cap_excluded
8a12232c4bb4511e,2021.06.08.14.36.49_veh-38_01567_02014,traversing_pickup_dropoff,13,1623179319849536,553d4815015256a0,observation_disappearance_unknown_cause,outside_frame,
8a12232c4bb4511e,2021.06.08.14.36.49_veh-38_01567_02014,traversing_pickup_dropoff,13,1623179319849536,cc0620516ead5cf3,spatial_exit,kept,outside_frame
8a12232c4bb4511e,2021.06.08.14.36.49_veh-38_01567_02014,traversing_pickup_dropoff,14,1623179319899511,63bd66752e10581c,observation_disappearance_unknown_cause,outside_frame,
8a12232c4bb4511e,2021.06.08.14.36.49_veh-38_01567_02014,traversing_pickup_dropoff,15,1623179319949486,ab937df02c9a561a,observation_appearance_censored,,outside_frame
8a12232c4bb4511e,2021.06.08.14.36.49_veh-38_01567_02014,traversing_pickup_dropoff,16,1623179319999462,55bf06f5c58d536f,capacity_exclusion,kept,cap_excluded
8a12232c4bb4511e,2021.06.08.14.36.49_veh-38_01567_02014,traversing_pickup_dropoff,16,1623179319999462,bc58acb147b85868,observation_appearance_censored,,kept
8a12232c4bb4511e,2021.06.08.14.36.49_veh-38_01567_02014,traversing_pickup_dropoff,18,1623179320099418,2c344fa57ee05dcd,spatial_exit,kept,outside_frame
8a12232c4bb4511e,2021.06.08.14.36.49_veh-38_01567_02014,traversing_pickup_dropoff,18,1623179320099418,3602f3e23f685cfb,capacity_exclusion,kept,cap_excluded
8a12232c4bb4511e,2021.06.08.14.36.49_veh-38_01567_02014,traversing_pickup_dropoff,18,1623179320099418,36148dc085fc5bef,observation_appearance_censored,,kept
8a12232c4bb4511e,2021.06.08.14.36.49_veh-38_01567_02014,traversing_pickup_dropoff,18,1623179320099418,9c6a103f2a355454,observation_disappearance_unknown_cause,outside_frame,
8a12232c4bb4511e,2021.06.08.14.36.49_veh-38_01567_02014,traversing_pickup_dropoff,19,1623179320149404,b3b0197c5ad2572c,observation_appearance_censored,,outside_frame
8a12232c4bb4511e,2021.06.08.14.36.49_veh-38_01567_02014,traversing_pickup_dropoff,20,1623179320199397,2aa0cd42ec135b76,capacity_readmission,cap_excluded,kept
8a12232c4bb4511e,2021.06.08.14.36.49_veh-38_01567_02014,traversing_pickup_dropoff,20,1623179320199397,2ba8d1b33ddc56d4,observation_disappearance_unknown_cause,kept,
8a12232c4bb4511e,2021.06.08.14.36.49_veh-38_01567_02014,traversing_pickup_dropoff,20,1623179320199397,55bf06f5c58d536f,capacity_readmission,cap_excluded,kept
8a12232c4bb4511e,2021.06.08.14.36.49_veh-38_01567_02014,traversing_pickup_dropoff,20,1623179320199397,deabcb9dec3d549c,capacity_exclusion,kept,cap_excluded
8a12232c4bb4511e,2021.06.08.14.36.49_veh-38_01567_02014,traversing_pickup_dropoff,20,1623179320199397,fc402f4a4fd45f10,observation_appearance_censored,,outside_frame
8a12232c4bb4511e,2021.06.08.14.36.49_veh-38_01567_02014,traversing_pickup_dropoff,21,1623179320249396,4229382d74ad55c6,observation_appearance_censored,,outside_frame
8a12232c4bb4511e,2021.06.08.14.36.49_veh-38_01567_02014,traversing_pickup_dropoff,22,1623179320299400,132355f05a1357e6,observation_appearance_censored,,kept
8a12232c4bb4511e,2021.06.08.14.36.49_veh-38_01567_02014,traversing_pickup_dropoff,22,1623179320299400,2aa0cd42ec135b76,capacity_exclusion,kept,cap_excluded
8a12232c4bb4511e,2021.06.08.14.36.49_veh-38_01567_02014,traversing_pickup_dropoff,22,1623179320299400,69d014ac65aa5ba7,observation_appearance_censored,,cap_excluded
8a12232c4bb4511e,2021.06.08.14.36.49_veh-38_01567_02014,traversing_pickup_dropoff,22,1623179320299400,7636287504c5573c,spatial_exit,cap_excluded,outside_frame
8a12232c4bb4511e,2021.06.08.14.36.49_veh-38_01567_02014,traversing_pickup_dropoff,24,1623179320399426,aceebe748d8958ed,capacity_readmission,cap_excluded,kept
8a12232c4bb4511e,2021.06.08.14.36.49_veh-38_01567_02014,traversing_pickup_dropoff,24,1623179320399426,e5707ce8550d5fe2,capacity_exclusion,kept,cap_excluded
8a12232c4bb4511e,2021.06.08.14.36.49_veh-38_01567_02014,traversing_pickup_dropoff,26,1623179320499465,065c766ebf525007,observation_appearance_censored,,outside_frame
8a12232c4bb4511e,2021.06.08.14.36.49_veh-38_01567_02014,traversing_pickup_dropoff,27,1623179320549490,49e9223938135841,observation_appearance_censored,,cap_excluded
8a12232c4bb4511e,2021.06.08.14.36.49_veh-38_01567_02014,traversing_pickup_dropoff,27,1623179320549490,f5ed0025de3b5c0d,spatial_exit,cap_excluded,outside_frame
8a12232c4bb4511e,2021.06.08.14.36.49_veh-38_01567_02014,traversing_pickup_dropoff,28,1623179320599519,1bfc3642cb2654c8,capacity_exclusion,kept,cap_excluded
8a12232c4bb4511e,2021.06.08.14.36.49_veh-38_01567_02014,traversing_pickup_dropoff,28,1623179320599519,a69155aef9f45c17,observation_appearance_censored,,kept
8a12232c4bb4511e,2021.06.08.14.36.49_veh-38_01567_02014,traversing_pickup_dropoff,30,1623179320699595,0258b77e502958dd,observation_appearance_censored,,cap_excluded
8a12232c4bb4511e,2021.06.08.14.36.49_veh-38_01567_02014,traversing_pickup_dropoff,31,1623179320749635,468594149ae75f97,observation_appearance_censored,,outside_frame
8a12232c4bb4511e,2021.06.08.14.36.49_veh-38_01567_02014,traversing_pickup_dropoff,31,1623179320749635,e177457f5d885cd6,observation_appearance_censored,,outside_frame
8a12232c4bb4511e,2021.06.08.14.36.49_veh-38_01567_02014,traversing_pickup_dropoff,32,1623179320799672,24a62d371cc15f3f,observation_disappearance_unknown_cause,cap_excluded,
8a12232c4bb4511e,2021.06.08.14.36.49_veh-38_01567_02014,traversing_pickup_dropoff,35,1623179320949771,132355f05a1357e6,capacity_exclusion,kept,cap_excluded
8a12232c4bb4511e,2021.06.08.14.36.49_veh-38_01567_02014,traversing_pickup_dropoff,35,1623179320949771,3b628b8318185a8a,observation_appearance_censored,,kept
8a12232c4bb4511e,2021.06.08.14.36.49_veh-38_01567_02014,traversing_pickup_dropoff,37,1623179321049834,15b24e00d42f593b,observation_appearance_censored,,outside_frame
8a12232c4bb4511e,2021.06.08.14.36.49_veh-38_01567_02014,traversing_pickup_dropoff,37,1623179321049834,8700d0bb8884584c,observation_appearance_censored,,outside_frame
8a12232c4bb4511e,2021.06.08.14.36.49_veh-38_01567_02014,traversing_pickup_dropoff,37,1623179321049834,df13427acced594b,observation_appearance_censored,,outside_frame
8a12232c4bb4511e,2021.06.08.14.36.49_veh-38_01567_02014,traversing_pickup_dropoff,38,1623179321099866,0e8690a2ac9e5ebd,observation_disappearance_unknown_cause,kept,
8a12232c4bb4511e,2021.06.08.14.36.49_veh-38_01567_02014,traversing_pickup_dropoff,38,1623179321099866,132355f05a1357e6,capacity_readmission,cap_excluded,kept
8a12232c4bb4511e,2021.06.08.14.36.49_veh-38_01567_02014,traversing_pickup_dropoff,38,1623179321099866,2aa0cd42ec135b76,capacity_readmission,cap_excluded,kept
8a12232c4bb4511e,2021.06.08.14.36.49_veh-38_01567_02014,traversing_pickup_dropoff,38,1623179321099866,a69155aef9f45c17,observation_disappearance_unknown_cause,kept,
8a12232c4bb4511e,2021.06.08.14.36.49_veh-38_01567_02014,traversing_pickup_dropoff,39,1623179321149898,61ce917c19ec5b42,observation_appearance_censored,,cap_excluded
8a12232c4bb4511e,2021.06.08.14.36.49_veh-38_01567_02014,traversing_pickup_dropoff,40,1623179321199930,15206dc363995f6d,observation_appearance_censored,,outside_frame
8a12232c4bb4511e,2021.06.08.14.36.49_veh-38_01567_02014,traversing_pickup_dropoff,41,1623179321249961,3e7351a7a710562b,observation_appearance_censored,,cap_excluded
8a12232c4bb4511e,2021.06.08.14.36.49_veh-38_01567_02014,traversing_pickup_dropoff,41,1623179321249961,a48535d119645641,observation_disappearance_unknown_cause,outside_frame,
8a12232c4bb4511e,2021.06.08.14.36.49_veh-38_01567_02014,traversing_pickup_dropoff,42,1623179321299992,187526d30ca851da,observation_appearance_censored,,outside_frame
8a12232c4bb4511e,2021.06.08.14.36.49_veh-38_01567_02014,traversing_pickup_dropoff,42,1623179321299992,20220b5e1aec5015,observation_appearance_censored,,outside_frame
8a12232c4bb4511e,2021.06.08.14.36.49_veh-38_01567_02014,traversing_pickup_dropoff,42,1623179321299992,5610239241eb5759,observation_appearance_censored,,outside_frame
8a12232c4bb4511e,2021.06.08.14.36.49_veh-38_01567_02014,traversing_pickup_dropoff,42,1623179321299992,e1b89b93a54f59fb,observation_appearance_censored,,outside_frame
8a12232c4bb4511e,2021.06.08.14.36.49_veh-38_01567_02014,traversing_pickup_dropoff,42,1623179321299992,e97925aa9acb5753,spatial_exit,cap_excluded,outside_frame
8a12232c4bb4511e,2021.06.08.14.36.49_veh-38_01567_02014,traversing_pickup_dropoff,44,1623179321400053,7ae36d22da0f5aa4,observation_appearance_censored,,outside_frame
8a12232c4bb4511e,2021.06.08.14.36.49_veh-38_01567_02014,traversing_pickup_dropoff,45,1623179321450086,b3d746f484625e52,observation_appearance_censored,,outside_frame
8a12232c4bb4511e,2021.06.08.14.36.49_veh-38_01567_02014,traversing_pickup_dropoff,45,1623179321450086,d6335c5f72c25f2b,observation_appearance_censored,,outside_frame
8a12232c4bb4511e,2021.06.08.14.36.49_veh-38_01567_02014,traversing_pickup_dropoff,45,1623179321450086,d9499a80b47a51ec,observation_appearance_censored,,outside_frame
8a12232c4bb4511e,2021.06.08.14.36.49_veh-38_01567_02014,traversing_pickup_dropoff,46,1623179321500120,7b3bec4e1e835006,observation_appearance_censored,,outside_frame
8a12232c4bb4511e,2021.06.08.14.36.49_veh-38_01567_02014,traversing_pickup_dropoff,46,1623179321500120,e2afc26dbd9356de,observation_appearance_censored,,outside_frame
8a12232c4bb4511e,2021.06.08.14.36.49_veh-38_01567_02014,traversing_pickup_dropoff,47,1623179321550155,5610239241eb5759,observation_disappearance_unknown_cause,outside_frame,
8a12232c4bb4511e,2021.06.08.14.36.49_veh-38_01567_02014,traversing_pickup_dropoff,47,1623179321550155,9bfd2aef2cba5777,observation_appearance_censored,,kept
8a12232c4bb4511e,2021.06.08.14.36.49_veh-38_01567_02014,traversing_pickup_dropoff,47,1623179321550155,aceebe748d8958ed,capacity_exclusion,kept,cap_excluded
8a12232c4bb4511e,2021.06.08.14.36.49_veh-38_01567_02014,traversing_pickup_dropoff,48,1623179321600191,5f0d59e74a775eca,observation_appearance_censored,,outside_frame
8a12232c4bb4511e,2021.06.08.14.36.49_veh-38_01567_02014,traversing_pickup_dropoff,48,1623179321600191,c551a72a0eb65ce7,observation_appearance_censored,,outside_frame
8a12232c4bb4511e,2021.06.08.14.36.49_veh-38_01567_02014,traversing_pickup_dropoff,49,1623179321650228,6d8159fb0bc85435,observation_appearance_censored,,outside_frame
8a12232c4bb4511e,2021.06.08.14.36.49_veh-38_01567_02014,traversing_pickup_dropoff,49,1623179321650228,a3ba7e18c7b05c16,observation_appearance_censored,,outside_frame
8a12232c4bb4511e,2021.06.08.14.36.49_veh-38_01567_02014,traversing_pickup_dropoff,50,1623179321700266,73930c288cb5527a,observation_appearance_censored,,cap_excluded
8a12232c4bb4511e,2021.06.08.14.36.49_veh-38_01567_02014,traversing_pickup_dropoff,50,1623179321700266,87f0fb8b42d75de4,observation_appearance_censored,,outside_frame
8a12232c4bb4511e,2021.06.08.14.36.49_veh-38_01567_02014,traversing_pickup_dropoff,50,1623179321700266,dd1d8b4313345eb4,observation_appearance_censored,,outside_frame
8a12232c4bb4511e,2021.06.08.14.36.49_veh-38_01567_02014,traversing_pickup_dropoff,50,1623179321700266,deabcb9dec3d549c,observation_disappearance_unknown_cause,cap_excluded,
8a12232c4bb4511e,2021.06.08.14.36.49_veh-38_01567_02014,traversing_pickup_dropoff,50,1623179321700266,f1ee7b4a44375a26,observation_disappearance_unknown_cause,outside_frame,
8a12232c4bb4511e,2021.06.08.14.36.49_veh-38_01567_02014,traversing_pickup_dropoff,50,1623179321700266,fb0351324ae0583f,observation_appearance_censored,,outside_frame
8a12232c4bb4511e,2021.06.08.14.36.49_veh-38_01567_02014,traversing_pickup_dropoff,51,1623179321750303,d02d525e3aa550c3,observation_appearance_censored,,outside_frame
8a12232c4bb4511e,2021.06.08.14.36.49_veh-38_01567_02014,traversing_pickup_dropoff,51,1623179321750303,d86de2eec5d8581a,observation_appearance_censored,,outside_frame
8a12232c4bb4511e,2021.06.08.14.36.49_veh-38_01567_02014,traversing_pickup_dropoff,51,1623179321750303,f58603df1ce35a6c,observation_appearance_censored,,outside_frame
8a12232c4bb4511e,2021.06.08.14.36.49_veh-38_01567_02014,traversing_pickup_dropoff,52,1623179321800339,9936586457275533,spatial_exit,kept,outside_frame
8a12232c4bb4511e,2021.06.08.14.36.49_veh-38_01567_02014,traversing_pickup_dropoff,52,1623179321800339,cc0620516ead5cf3,observation_disappearance_unknown_cause,outside_frame,
8a12232c4bb4511e,2021.06.08.14.36.49_veh-38_01567_02014,traversing_pickup_dropoff,52,1623179321800339,db8c2fb18b095426,observation_appearance_censored,,outside_frame
8a12232c4bb4511e,2021.06.08.14.36.49_veh-38_01567_02014,traversing_pickup_dropoff,52,1623179321800339,ffd76d0ed0325ab8,observation_appearance_censored,,outside_frame
8a12232c4bb4511e,2021.06.08.14.36.49_veh-38_01567_02014,traversing_pickup_dropoff,53,1623179321850375,4d29aacb6df25acf,observation_appearance_censored,,outside_frame
8a12232c4bb4511e,2021.06.08.14.36.49_veh-38_01567_02014,traversing_pickup_dropoff,53,1623179321850375,b217d775a2e05d45,observation_appearance_censored,,outside_frame
8a12232c4bb4511e,2021.06.08.14.36.49_veh-38_01567_02014,traversing_pickup_dropoff,53,1623179321850375,e6523a635a1a50c4,observation_appearance_censored,,outside_frame
8a12232c4bb4511e,2021.06.08.14.36.49_veh-38_01567_02014,traversing_pickup_dropoff,54,1623179321900408,786be85f39d95735,observation_disappearance_unknown_cause,cap_excluded,
8a12232c4bb4511e,2021.06.08.14.36.49_veh-38_01567_02014,traversing_pickup_dropoff,54,1623179321900408,7eae666e6d87538d,observation_appearance_censored,,outside_frame
8a12232c4bb4511e,2021.06.08.14.36.49_veh-38_01567_02014,traversing_pickup_dropoff,54,1623179321900408,b4b8f0d8889b548b,spatial_exit,kept,outside_frame
8a12232c4bb4511e,2021.06.08.14.36.49_veh-38_01567_02014,traversing_pickup_dropoff,54,1623179321900408,e9b88c9dd52c5fdf,observation_appearance_censored,,outside_frame
8a12232c4bb4511e,2021.06.08.14.36.49_veh-38_01567_02014,traversing_pickup_dropoff,54,1623179321900408,f9bdf71d69985d25,observation_appearance_censored,,outside_frame
8a12232c4bb4511e,2021.06.08.14.36.49_veh-38_01567_02014,traversing_pickup_dropoff,56,1623179322000475,132355f05a1357e6,capacity_exclusion,kept,cap_excluded
8a12232c4bb4511e,2021.06.08.14.36.49_veh-38_01567_02014,traversing_pickup_dropoff,56,1623179322000475,1752a5c93de45a07,observation_appearance_censored,,outside_frame
8a12232c4bb4511e,2021.06.08.14.36.49_veh-38_01567_02014,traversing_pickup_dropoff,56,1623179322000475,22b835b042fd5653,observation_appearance_censored,,outside_frame
8a12232c4bb4511e,2021.06.08.14.36.49_veh-38_01567_02014,traversing_pickup_dropoff,56,1623179322000475,3b6750ecfa53573f,capacity_readmission,cap_excluded,kept
8a12232c4bb4511e,2021.06.08.14.36.49_veh-38_01567_02014,traversing_pickup_dropoff,56,1623179322000475,61ce917c19ec5b42,observation_disappearance_unknown_cause,cap_excluded,
8a12232c4bb4511e,2021.06.08.14.36.49_veh-38_01567_02014,traversing_pickup_dropoff,57,1623179322050509,3ad5272dcd995be8,spatial_exit,kept,outside_frame
8a12232c4bb4511e,2021.06.08.14.36.49_veh-38_01567_02014,traversing_pickup_dropoff,57,1623179322050509,baa0d604a3535b6e,observation_disappearance_unknown_cause,cap_excluded,
8a12232c4bb4511e,2021.06.08.14.36.49_veh-38_01567_02014,traversing_pickup_dropoff,58,1623179322100538,2c344fa57ee05dcd,observation_disappearance_unknown_cause,outside_frame,
8a12232c4bb4511e,2021.06.08.14.36.49_veh-38_01567_02014,traversing_pickup_dropoff,58,1623179322100538,375a24952e8f5118,observation_appearance_censored,,outside_frame
8a12232c4bb4511e,2021.06.08.14.36.49_veh-38_01567_02014,traversing_pickup_dropoff,58,1623179322100538,858533fc628a574f,observation_appearance_censored,,outside_frame
8a12232c4bb4511e,2021.06.08.14.36.49_veh-38_01567_02014,traversing_pickup_dropoff,59,1623179322150561,158831e8907d58e8,observation_appearance_censored,,outside_frame
8a12232c4bb4511e,2021.06.08.14.36.49_veh-38_01567_02014,traversing_pickup_dropoff,59,1623179322150561,187526d30ca851da,observation_disappearance_unknown_cause,outside_frame,
8a12232c4bb4511e,2021.06.08.14.36.49_veh-38_01567_02014,traversing_pickup_dropoff,59,1623179322150561,3939e2ea73da522a,observation_appearance_censored,,outside_frame
8a12232c4bb4511e,2021.06.08.14.36.49_veh-38_01567_02014,traversing_pickup_dropoff,59,1623179322150561,3b628b8318185a8a,observation_disappearance_unknown_cause,kept,
8a12232c4bb4511e,2021.06.08.14.36.49_veh-38_01567_02014,traversing_pickup_dropoff,59,1623179322150561,7b57cc898cb45078,observation_appearance_censored,,outside_frame
8a12232c4bb4511e,2021.06.08.14.36.49_veh-38_01567_02014,traversing_pickup_dropoff,59,1623179322150561,9edb1b0de2ec535f,capacity_readmission,cap_excluded,kept
8a12232c4bb4511e,2021.06.08.14.36.49_veh-38_01567_02014,traversing_pickup_dropoff,59,1623179322150561,c2f0e277f49854e8,observation_appearance_censored,,outside_frame
8a12232c4bb4511e,2021.06.08.14.36.49_veh-38_01567_02014,traversing_pickup_dropoff,59,1623179322150561,d7a307a301da57b5,observation_appearance_censored,,outside_frame
8a12232c4bb4511e,2021.06.08.14.36.49_veh-38_01567_02014,traversing_pickup_dropoff,60,1623179322200578,3785cacded3b5894,observation_appearance_censored,,outside_frame
8a12232c4bb4511e,2021.06.08.14.36.49_veh-38_01567_02014,traversing_pickup_dropoff,60,1623179322200578,9c827bbfc1a95d6b,observation_appearance_censored,,outside_frame
8a12232c4bb4511e,2021.06.08.14.36.49_veh-38_01567_02014,traversing_pickup_dropoff,60,1623179322200578,ca2b0507ece450f0,observation_appearance_censored,,outside_frame
8a12232c4bb4511e,2021.06.08.14.36.49_veh-38_01567_02014,traversing_pickup_dropoff,60,1623179322200578,daccf9fb7c4a55a8,spatial_entry,outside_frame,kept
8a12232c4bb4511e,2021.06.08.14.36.49_veh-38_01567_02014,traversing_pickup_dropoff,60,1623179322200578,ea5b8a38ddee5de4,observation_disappearance_unknown_cause,outside_frame,
8a12232c4bb4511e,2021.06.08.14.36.49_veh-38_01567_02014,traversing_pickup_dropoff,61,1623179322250589,276c0a05d73f5f4b,observation_disappearance_unknown_cause,outside_frame,
8a12232c4bb4511e,2021.06.08.14.36.49_veh-38_01567_02014,traversing_pickup_dropoff,61,1623179322250589,92e63a154b095308,observation_appearance_censored,,outside_frame
8a12232c4bb4511e,2021.06.08.14.36.49_veh-38_01567_02014,traversing_pickup_dropoff,61,1623179322250589,cea5f24327f653d2,observation_appearance_censored,,outside_frame
8a12232c4bb4511e,2021.06.08.14.36.49_veh-38_01567_02014,traversing_pickup_dropoff,61,1623179322250589,fb8462b3d15e54ec,observation_disappearance_unknown_cause,outside_frame,
8a12232c4bb4511e,2021.06.08.14.36.49_veh-38_01567_02014,traversing_pickup_dropoff,61,1623179322250589,ff3c627cefbc56c3,observation_appearance_censored,,outside_frame
8a12232c4bb4511e,2021.06.08.14.36.49_veh-38_01567_02014,traversing_pickup_dropoff,62,1623179322300592,75a3a03964375157,observation_appearance_censored,,outside_frame
8a12232c4bb4511e,2021.06.08.14.36.49_veh-38_01567_02014,traversing_pickup_dropoff,62,1623179322300592,9f72f3f63d1a5189,observation_appearance_censored,,outside_frame
8a12232c4bb4511e,2021.06.08.14.36.49_veh-38_01567_02014,traversing_pickup_dropoff,62,1623179322300592,d0a658fee90e58e8,observation_appearance_censored,,outside_frame
8a12232c4bb4511e,2021.06.08.14.36.49_veh-38_01567_02014,traversing_pickup_dropoff,62,1623179322300592,e1d3a82f367d54e7,observation_appearance_censored,,outside_frame
8a12232c4bb4511e,2021.06.08.14.36.49_veh-38_01567_02014,traversing_pickup_dropoff,64,1623179322400576,045b3b6f3ecd53a5,observation_appearance_censored,,outside_frame
8a12232c4bb4511e,2021.06.08.14.36.49_veh-38_01567_02014,traversing_pickup_dropoff,64,1623179322400576,1bfc3642cb2654c8,capacity_readmission,cap_excluded,kept
8a12232c4bb4511e,2021.06.08.14.36.49_veh-38_01567_02014,traversing_pickup_dropoff,64,1623179322400576,23c3257808d759c5,capacity_exclusion,kept,cap_excluded
8a12232c4bb4511e,2021.06.08.14.36.49_veh-38_01567_02014,traversing_pickup_dropoff,64,1623179322400576,a194d9a353af5897,observation_disappearance_unknown_cause,cap_excluded,
8a12232c4bb4511e,2021.06.08.14.36.49_veh-38_01567_02014,traversing_pickup_dropoff,64,1623179322400576,c6abc80d85fb5d59,observation_appearance_censored,,outside_frame
8a12232c4bb4511e,2021.06.08.14.36.49_veh-38_01567_02014,traversing_pickup_dropoff,65,1623179322450560,b3b0197c5ad2572c,observation_disappearance_unknown_cause,outside_frame,
8a12232c4bb4511e,2021.06.08.14.36.49_veh-38_01567_02014,traversing_pickup_dropoff,65,1623179322450560,d446a6bc82c0526e,observation_disappearance_unknown_cause,cap_excluded,
8a12232c4bb4511e,2021.06.08.14.36.49_veh-38_01567_02014,traversing_pickup_dropoff,67,1623179322550522,ca9fb4f87e035734,observation_appearance_censored,,outside_frame
8a12232c4bb4511e,2021.06.08.14.36.49_veh-38_01567_02014,traversing_pickup_dropoff,68,1623179322600500,824807163fb15288,observation_disappearance_unknown_cause,outside_frame,
8a12232c4bb4511e,2021.06.08.14.36.49_veh-38_01567_02014,traversing_pickup_dropoff,68,1623179322600500,aec3fb75590f5b80,spatial_exit,cap_excluded,outside_frame
8a12232c4bb4511e,2021.06.08.14.36.49_veh-38_01567_02014,traversing_pickup_dropoff,68,1623179322600500,e4365240070c56b9,observation_disappearance_unknown_cause,outside_frame,
8a12232c4bb4511e,2021.06.08.14.36.49_veh-38_01567_02014,traversing_pickup_dropoff,69,1623179322650475,6582688137755798,observation_disappearance_unknown_cause,outside_frame,
8a12232c4bb4511e,2021.06.08.14.36.49_veh-38_01567_02014,traversing_pickup_dropoff,69,1623179322650475,65dcdd7aa51d53e1,observation_appearance_censored,,outside_frame
8a12232c4bb4511e,2021.06.08.14.36.49_veh-38_01567_02014,traversing_pickup_dropoff,70,1623179322700446,1bfc3642cb2654c8,capacity_exclusion,kept,cap_excluded
8a12232c4bb4511e,2021.06.08.14.36.49_veh-38_01567_02014,traversing_pickup_dropoff,70,1623179322700446,69d014ac65aa5ba7,spatial_exit,cap_excluded,outside_frame
8a12232c4bb4511e,2021.06.08.14.36.49_veh-38_01567_02014,traversing_pickup_dropoff,70,1623179322700446,8068c68e9709559a,observation_appearance_censored,,outside_frame
8a12232c4bb4511e,2021.06.08.14.36.49_veh-38_01567_02014,traversing_pickup_dropoff,70,1623179322700446,929f6ce560945585,capacity_readmission,cap_excluded,kept
8a12232c4bb4511e,2021.06.08.14.36.49_veh-38_01567_02014,traversing_pickup_dropoff,71,1623179322750413,a421587e44a05d75,observation_appearance_censored,,outside_frame
8a12232c4bb4511e,2021.06.08.14.36.49_veh-38_01567_02014,traversing_pickup_dropoff,71,1623179322750413,b04e099c6dfd5315,spatial_exit,kept,outside_frame
8a12232c4bb4511e,2021.06.08.14.36.49_veh-38_01567_02014,traversing_pickup_dropoff,71,1623179322750413,c2b1f251a6fb509f,observation_appearance_censored,,outside_frame
8a12232c4bb4511e,2021.06.08.14.36.49_veh-38_01567_02014,traversing_pickup_dropoff,72,1623179322800381,432bacf7ab895776,observation_appearance_censored,,outside_frame
8a12232c4bb4511e,2021.06.08.14.36.49_veh-38_01567_02014,traversing_pickup_dropoff,72,1623179322800381,5d791bb53c56580f,observation_appearance_censored,,outside_frame
8a12232c4bb4511e,2021.06.08.14.36.49_veh-38_01567_02014,traversing_pickup_dropoff,72,1623179322800381,dd998488dcf05ad1,observation_appearance_censored,,outside_frame
8a12232c4bb4511e,2021.06.08.14.36.49_veh-38_01567_02014,traversing_pickup_dropoff,73,1623179322850348,ff5c9e0bd7005e93,observation_appearance_censored,,outside_frame
8a12232c4bb4511e,2021.06.08.14.36.49_veh-38_01567_02014,traversing_pickup_dropoff,74,1623179322900317,4c3b74da9bb05252,observation_appearance_censored,,outside_frame
8a12232c4bb4511e,2021.06.08.14.36.49_veh-38_01567_02014,traversing_pickup_dropoff,74,1623179322900317,9497e5b26df05f8e,observation_appearance_censored,,outside_frame
8a12232c4bb4511e,2021.06.08.14.36.49_veh-38_01567_02014,traversing_pickup_dropoff,74,1623179322900317,9936586457275533,observation_disappearance_unknown_cause,outside_frame,
8a12232c4bb4511e,2021.06.08.14.36.49_veh-38_01567_02014,traversing_pickup_dropoff,75,1623179322950288,3f8efc344a2f5537,spatial_entry,outside_frame,kept
8a12232c4bb4511e,2021.06.08.14.36.49_veh-38_01567_02014,traversing_pickup_dropoff,75,1623179322950288,9aaef9e766d95a17,observation_appearance_censored,,outside_frame
8a12232c4bb4511e,2021.06.08.14.36.49_veh-38_01567_02014,traversing_pickup_dropoff,75,1623179322950288,a54f81cee27c5bc3,observation_appearance_censored,,outside_frame
8a12232c4bb4511e,2021.06.08.14.36.49_veh-38_01567_02014,traversing_pickup_dropoff,75,1623179322950288,c2b1f251a6fb509f,observation_disappearance_unknown_cause,outside_frame,
8a12232c4bb4511e,2021.06.08.14.36.49_veh-38_01567_02014,traversing_pickup_dropoff,76,1623179323000260,38af6b2c657e5901,observation_appearance_censored,,outside_frame
8a12232c4bb4511e,2021.06.08.14.36.49_veh-38_01567_02014,traversing_pickup_dropoff,76,1623179323000260,df13427acced594b,observation_disappearance_unknown_cause,outside_frame,
8a12232c4bb4511e,2021.06.08.14.36.49_veh-38_01567_02014,traversing_pickup_dropoff,77,1623179323050233,ac51f8548d085026,observation_appearance_censored,,outside_frame
8a12232c4bb4511e,2021.06.08.14.36.49_veh-38_01567_02014,traversing_pickup_dropoff,77,1623179323050233,f451c4d16f175030,observation_appearance_censored,,outside_frame
8a12232c4bb4511e,2021.06.08.14.36.49_veh-38_01567_02014,traversing_pickup_dropoff,78,1623179323100206,fb996acc128b5d73,observation_appearance_censored,,outside_frame
8a12232c4bb4511e,2021.06.08.14.36.49_veh-38_01567_02014,traversing_pickup_dropoff,79,1623179323150180,0dbade5329c95afb,observation_appearance_censored,,outside_frame
8a12232c4bb4511e,2021.06.08.14.36.49_veh-38_01567_02014,traversing_pickup_dropoff,79,1623179323150180,20220b5e1aec5015,observation_disappearance_unknown_cause,outside_frame,
8a12232c4bb4511e,2021.06.08.14.36.49_veh-38_01567_02014,traversing_pickup_dropoff,79,1623179323150180,65dcdd7aa51d53e1,observation_disappearance_unknown_cause,outside_frame,
8a12232c4bb4511e,2021.06.08.14.36.49_veh-38_01567_02014,traversing_pickup_dropoff,79,1623179323150180,ab97301b6b3a59a4,observation_appearance_censored,,outside_frame
8a12232c4bb4511e,2021.06.08.14.36.49_veh-38_01567_02014,traversing_pickup_dropoff,80,1623179323200155,2cb8067bf22058f7,observation_appearance_censored,,outside_frame
8a12232c4bb4511e,2021.06.08.14.36.49_veh-38_01567_02014,traversing_pickup_dropoff,80,1623179323200155,a4ecdb857ab9549b,observation_appearance_censored,,outside_frame
8a12232c4bb4511e,2021.06.08.14.36.49_veh-38_01567_02014,traversing_pickup_dropoff,80,1623179323200155,d02d525e3aa550c3,observation_disappearance_unknown_cause,outside_frame,
8a12232c4bb4511e,2021.06.08.14.36.49_veh-38_01567_02014,traversing_pickup_dropoff,80,1623179323200155,da242bb5f1585170,observation_appearance_censored,,outside_frame
8a12232c4bb4511e,2021.06.08.14.36.49_veh-38_01567_02014,traversing_pickup_dropoff,81,1623179323250128,e309f327aa145d3c,observation_appearance_censored,,outside_frame
8a12232c4bb4511e,2021.06.08.14.36.49_veh-38_01567_02014,traversing_pickup_dropoff,81,1623179323250128,fca25828815352f5,observation_appearance_censored,,outside_frame
8a12232c4bb4511e,2021.06.08.14.36.49_veh-38_01567_02014,traversing_pickup_dropoff,82,1623179323300101,9703ac5de20a5be8,observation_appearance_censored,,outside_frame
8a12232c4bb4511e,2021.06.08.14.36.49_veh-38_01567_02014,traversing_pickup_dropoff,83,1623179323350074,880f3c1c11055e5a,observation_appearance_censored,,outside_frame
8a12232c4bb4511e,2021.06.08.14.36.49_veh-38_01567_02014,traversing_pickup_dropoff,83,1623179323350074,8feccdea7b595e06,observation_appearance_censored,,outside_frame
8a12232c4bb4511e,2021.06.08.14.36.49_veh-38_01567_02014,traversing_pickup_dropoff,85,1623179323450015,f06a37eb6fa250b2,observation_appearance_censored,,outside_frame
8a12232c4bb4511e,2021.06.08.14.36.49_veh-38_01567_02014,traversing_pickup_dropoff,86,1623179323499983,e97925aa9acb5753,observation_disappearance_unknown_cause,outside_frame,
8a12232c4bb4511e,2021.06.08.14.36.49_veh-38_01567_02014,traversing_pickup_dropoff,87,1623179323549953,08404456f246501d,observation_appearance_censored,,outside_frame
8a12232c4bb4511e,2021.06.08.14.36.49_veh-38_01567_02014,traversing_pickup_dropoff,87,1623179323549953,3602f3e23f685cfb,spatial_exit,cap_excluded,outside_frame
8a12232c4bb4511e,2021.06.08.14.36.49_veh-38_01567_02014,traversing_pickup_dropoff,88,1623179323599924,02db43d37bea5404,observation_appearance_censored,,outside_frame
8a12232c4bb4511e,2021.06.08.14.36.49_veh-38_01567_02014,traversing_pickup_dropoff,88,1623179323599924,22dd8917e6875f9d,observation_appearance_censored,,outside_frame
8a12232c4bb4511e,2021.06.08.14.36.49_veh-38_01567_02014,traversing_pickup_dropoff,88,1623179323599924,e309f327aa145d3c,spatial_entry,outside_frame,cap_excluded
8a12232c4bb4511e,2021.06.08.14.36.49_veh-38_01567_02014,traversing_pickup_dropoff,89,1623179323649897,1752a5c93de45a07,observation_disappearance_unknown_cause,outside_frame,
8a12232c4bb4511e,2021.06.08.14.36.49_veh-38_01567_02014,traversing_pickup_dropoff,89,1623179323649897,2ae502c29c47563a,spatial_entry,outside_frame,kept
8a12232c4bb4511e,2021.06.08.14.36.49_veh-38_01567_02014,traversing_pickup_dropoff,89,1623179323649897,7636287504c5573c,observation_disappearance_unknown_cause,outside_frame,
8a12232c4bb4511e,2021.06.08.14.36.49_veh-38_01567_02014,traversing_pickup_dropoff,91,1623179323749843,6158f4c7406956b3,observation_appearance_censored,,outside_frame
8a12232c4bb4511e,2021.06.08.14.36.49_veh-38_01567_02014,traversing_pickup_dropoff,91,1623179323749843,e309f327aa145d3c,observation_disappearance_unknown_cause,cap_excluded,
8a12232c4bb4511e,2021.06.08.14.36.49_veh-38_01567_02014,traversing_pickup_dropoff,92,1623179323799814,5f8495c4d3d459cc,observation_appearance_censored,,outside_frame
8a12232c4bb4511e,2021.06.08.14.36.49_veh-38_01567_02014,traversing_pickup_dropoff,93,1623179323849783,cea5f24327f653d2,observation_disappearance_unknown_cause,outside_frame,
8a12232c4bb4511e,2021.06.08.14.36.49_veh-38_01567_02014,traversing_pickup_dropoff,94,1623179323899747,0b47b7ae75e05588,observation_appearance_censored,,outside_frame
8a12232c4bb4511e,2021.06.08.14.36.49_veh-38_01567_02014,traversing_pickup_dropoff,94,1623179323899747,64b138941c7f518c,observation_appearance_censored,,outside_frame
8a12232c4bb4511e,2021.06.08.14.36.49_veh-38_01567_02014,traversing_pickup_dropoff,94,1623179323899747,a5de47208a775b09,observation_appearance_censored,,outside_frame
8a12232c4bb4511e,2021.06.08.14.36.49_veh-38_01567_02014,traversing_pickup_dropoff,95,1623179323949708,7eae666e6d87538d,observation_disappearance_unknown_cause,outside_frame,
8a12232c4bb4511e,2021.06.08.14.36.49_veh-38_01567_02014,traversing_pickup_dropoff,95,1623179323949708,d86de2eec5d8581a,observation_disappearance_unknown_cause,outside_frame,
8a12232c4bb4511e,2021.06.08.14.36.49_veh-38_01567_02014,traversing_pickup_dropoff,95,1623179323949708,e5707ce8550d5fe2,spatial_exit,cap_excluded,outside_frame
8a12232c4bb4511e,2021.06.08.14.36.49_veh-38_01567_02014,traversing_pickup_dropoff,96,1623179323999672,1431c60e951e5c4a,spatial_exit,kept,outside_frame
8a12232c4bb4511e,2021.06.08.14.36.49_veh-38_01567_02014,traversing_pickup_dropoff,96,1623179323999672,70da5fd0813357f6,observation_appearance_censored,,outside_frame
8a12232c4bb4511e,2021.06.08.14.36.49_veh-38_01567_02014,traversing_pickup_dropoff,96,1623179323999672,c40cfe5bcf6e5a46,observation_appearance_censored,,outside_frame
8a12232c4bb4511e,2021.06.08.14.36.49_veh-38_01567_02014,traversing_pickup_dropoff,96,1623179323999672,c4a30eb0718a5205,spatial_exit,kept,outside_frame
8a12232c4bb4511e,2021.06.08.14.36.49_veh-38_01567_02014,traversing_pickup_dropoff,97,1623179324049641,3492e55fb19f5809,observation_appearance_censored,,outside_frame
8a12232c4bb4511e,2021.06.08.14.36.49_veh-38_01567_02014,traversing_pickup_dropoff,97,1623179324049641,aceebe748d8958ed,capacity_readmission,cap_excluded,kept
8a12232c4bb4511e,2021.06.08.14.36.49_veh-38_01567_02014,traversing_pickup_dropoff,97,1623179324049641,bc58acb147b85868,capacity_exclusion,kept,cap_excluded
8a12232c4bb4511e,2021.06.08.14.36.49_veh-38_01567_02014,traversing_pickup_dropoff,98,1623179324099615,fca25828815352f5,observation_disappearance_unknown_cause,outside_frame,
8a12232c4bb4511e,2021.06.08.14.36.49_veh-38_01567_02014,traversing_pickup_dropoff,99,1623179324149589,1d5e13e0be9259bd,observation_disappearance_unknown_cause,outside_frame,
8a12232c4bb4511e,2021.06.08.14.36.49_veh-38_01567_02014,traversing_pickup_dropoff,99,1623179324149589,3ac4eb1654865770,observation_appearance_censored,,outside_frame
8a12232c4bb4511e,2021.06.08.14.36.49_veh-38_01567_02014,traversing_pickup_dropoff,100,1623179324199564,89d1db4e728451a6,observation_appearance_censored,,outside_frame
acf27d96887b53c2,2021.06.07.13.42.27_veh-47_00299_00588,traversing_pickup_dropoff,1,1623088317050047,ca370f4412465966,observation_appearance_censored,,cap_excluded
acf27d96887b53c2,2021.06.07.13.42.27_veh-47_00299_00588,traversing_pickup_dropoff,4,1623088317200104,03cf7bad1ca656b3,observation_disappearance_unknown_cause,raw_drivable_area_exclusion,
acf27d96887b53c2,2021.06.07.13.42.27_veh-47_00299_00588,traversing_pickup_dropoff,5,1623088317250123,5764dd00abb55d74,observation_disappearance_unknown_cause,kept,
acf27d96887b53c2,2021.06.07.13.42.27_veh-47_00299_00588,traversing_pickup_dropoff,6,1623088317300142,9bd2c04f2aea5c80,observation_disappearance_unknown_cause,kept,
acf27d96887b53c2,2021.06.07.13.42.27_veh-47_00299_00588,traversing_pickup_dropoff,6,1623088317300142,bf8564cb1ee55909,observation_disappearance_unknown_cause,outside_frame,
acf27d96887b53c2,2021.06.07.13.42.27_veh-47_00299_00588,traversing_pickup_dropoff,8,1623088317400187,29c1b495ffea5948,observation_disappearance_unknown_cause,kept,
acf27d96887b53c2,2021.06.07.13.42.27_veh-47_00299_00588,traversing_pickup_dropoff,8,1623088317400187,790bfedc91fa5924,observation_appearance_censored,,cap_excluded
acf27d96887b53c2,2021.06.07.13.42.27_veh-47_00299_00588,traversing_pickup_dropoff,8,1623088317400187,8b025b49b98c5bf2,capacity_readmission,cap_excluded,kept
acf27d96887b53c2,2021.06.07.13.42.27_veh-47_00299_00588,traversing_pickup_dropoff,8,1623088317400187,af763c28f08f5d49,observation_disappearance_unknown_cause,kept,
acf27d96887b53c2,2021.06.07.13.42.27_veh-47_00299_00588,traversing_pickup_dropoff,9,1623088317450213,337bfdd644c6583a,observation_appearance_censored,,raw_drivable_area_exclusion
acf27d96887b53c2,2021.06.07.13.42.27_veh-47_00299_00588,traversing_pickup_dropoff,9,1623088317450213,6708314edd4d5d74,observation_disappearance_unknown_cause,kept,
acf27d96887b53c2,2021.06.07.13.42.27_veh-47_00299_00588,traversing_pickup_dropoff,9,1623088317450213,790bfedc91fa5924,capacity_readmission,cap_excluded,kept
acf27d96887b53c2,2021.06.07.13.42.27_veh-47_00299_00588,traversing_pickup_dropoff,9,1623088317450213,b662ed6f979f509a,observation_disappearance_unknown_cause,kept,
acf27d96887b53c2,2021.06.07.13.42.27_veh-47_00299_00588,traversing_pickup_dropoff,9,1623088317450213,ecb43ac51f4358e1,capacity_readmission,cap_excluded,kept
acf27d96887b53c2,2021.06.07.13.42.27_veh-47_00299_00588,traversing_pickup_dropoff,10,1623088317500237,6ee4433628495246,observation_disappearance_unknown_cause,outside_frame,
acf27d96887b53c2,2021.06.07.13.42.27_veh-47_00299_00588,traversing_pickup_dropoff,12,1623088317600288,311049150e94572c,observation_disappearance_unknown_cause,outside_frame,
acf27d96887b53c2,2021.06.07.13.42.27_veh-47_00299_00588,traversing_pickup_dropoff,12,1623088317600288,aa63c7af430f533d,capacity_readmission,cap_excluded,kept
acf27d96887b53c2,2021.06.07.13.42.27_veh-47_00299_00588,traversing_pickup_dropoff,12,1623088317600288,cbf9154d8639553b,observation_disappearance_unknown_cause,kept,
acf27d96887b53c2,2021.06.07.13.42.27_veh-47_00299_00588,traversing_pickup_dropoff,13,1623088317650313,85e758457b925326,observation_disappearance_unknown_cause,outside_frame,
acf27d96887b53c2,2021.06.07.13.42.27_veh-47_00299_00588,traversing_pickup_dropoff,14,1623088317700337,5f50a20558e852b5,observation_appearance_censored,,outside_frame
acf27d96887b53c2,2021.06.07.13.42.27_veh-47_00299_00588,traversing_pickup_dropoff,16,1623088317800384,148718f1c45d5746,spatial_exit,cap_excluded,outside_frame
acf27d96887b53c2,2021.06.07.13.42.27_veh-47_00299_00588,traversing_pickup_dropoff,16,1623088317800384,5a12bb195e1852cc,observation_appearance_censored,,outside_frame
acf27d96887b53c2,2021.06.07.13.42.27_veh-47_00299_00588,traversing_pickup_dropoff,16,1623088317800384,d02640ae204e5989,observation_appearance_censored,,outside_frame
acf27d96887b53c2,2021.06.07.13.42.27_veh-47_00299_00588,traversing_pickup_dropoff,17,1623088317850407,0156a94ac5b75137,capacity_readmission,cap_excluded,kept
acf27d96887b53c2,2021.06.07.13.42.27_veh-47_00299_00588,traversing_pickup_dropoff,17,1623088317850407,b3d3d4e6fdad5fca,observation_disappearance_unknown_cause,kept,
acf27d96887b53c2,2021.06.07.13.42.27_veh-47_00299_00588,traversing_pickup_dropoff,17,1623088317850407,cb118bfe8f745afd,observation_disappearance_unknown_cause,outside_frame,
acf27d96887b53c2,2021.06.07.13.42.27_veh-47_00299_00588,traversing_pickup_dropoff,18,1623088317900432,0156a94ac5b75137,capacity_exclusion,kept,cap_excluded
acf27d96887b53c2,2021.06.07.13.42.27_veh-47_00299_00588,traversing_pickup_dropoff,18,1623088317900432,db82470744415620,observation_appearance_censored,,kept
acf27d96887b53c2,2021.06.07.13.42.27_veh-47_00299_00588,traversing_pickup_dropoff,19,1623088317950458,1cb7e6e00d3c509a,observation_appearance_censored,,outside_frame
acf27d96887b53c2,2021.06.07.13.42.27_veh-47_00299_00588,traversing_pickup_dropoff,22,1623088318100525,ca370f4412465966,spatial_exit,cap_excluded,outside_frame
acf27d96887b53c2,2021.06.07.13.42.27_veh-47_00299_00588,traversing_pickup_dropoff,23,1623088318150538,cb8775d82baa5ad1,spatial_entry,outside_frame,kept
acf27d96887b53c2,2021.06.07.13.42.27_veh-47_00299_00588,traversing_pickup_dropoff,24,1623088318200543,25ac087d69f456a4,spatial_exit,kept,outside_frame
acf27d96887b53c2,2021.06.07.13.42.27_veh-47_00299_00588,traversing_pickup_dropoff,24,1623088318200543,3634e48ecb28567c,observation_appearance_censored,,cap_excluded
acf27d96887b53c2,2021.06.07.13.42.27_veh-47_00299_00588,traversing_pickup_dropoff,26,1623088318300535,b55a539ecb065614,observation_appearance_censored,,kept
acf27d96887b53c2,2021.06.07.13.42.27_veh-47_00299_00588,traversing_pickup_dropoff,26,1623088318300535,cabd44c472e15bdd,observation_appearance_censored,,outside_frame
acf27d96887b53c2,2021.06.07.13.42.27_veh-47_00299_00588,traversing_pickup_dropoff,27,1623088318350521,146325146f3058cd,spatial_exit,kept,outside_frame
acf27d96887b53c2,2021.06.07.13.42.27_veh-47_00299_00588,traversing_pickup_dropoff,29,1623088318450477,3634e48ecb28567c,observation_disappearance_unknown_cause,cap_excluded,
acf27d96887b53c2,2021.06.07.13.42.27_veh-47_00299_00588,traversing_pickup_dropoff,29,1623088318450477,8c11d9b7d2be5a38,observation_disappearance_unknown_cause,outside_frame,
acf27d96887b53c2,2021.06.07.13.42.27_veh-47_00299_00588,traversing_pickup_dropoff,30,1623088318500447,3dc578cc513e51a6,observation_disappearance_unknown_cause,outside_frame,
acf27d96887b53c2,2021.06.07.13.42.27_veh-47_00299_00588,traversing_pickup_dropoff,32,1623088318600378,09e5b62221a154a4,observation_appearance_censored,,kept
acf27d96887b53c2,2021.06.07.13.42.27_veh-47_00299_00588,traversing_pickup_dropoff,32,1623088318600378,24e1ef4c6f915157,spatial_exit,kept,outside_frame
acf27d96887b53c2,2021.06.07.13.42.27_veh-47_00299_00588,traversing_pickup_dropoff,32,1623088318600378,8b025b49b98c5bf2,capacity_exclusion,kept,cap_excluded
acf27d96887b53c2,2021.06.07.13.42.27_veh-47_00299_00588,traversing_pickup_dropoff,35,1623088318750269,e5b76060367b5887,observation_disappearance_unknown_cause,raw_drivable_area_exclusion,
acf27d96887b53c2,2021.06.07.13.42.27_veh-47_00299_00588,traversing_pickup_dropoff,37,1623088318850203,03f5f118ce345276,observation_disappearance_unknown_cause,outside_frame,
acf27d96887b53c2,2021.06.07.13.42.27_veh-47_00299_00588,traversing_pickup_dropoff,37,1623088318850203,d80ad8b6eeb35ae8,observation_disappearance_unknown_cause,outside_frame,
acf27d96887b53c2,2021.06.07.13.42.27_veh-47_00299_00588,traversing_pickup_dropoff,41,1623088319050104,d3f5be6deae95c37,observation_appearance_censored,,outside_frame
acf27d96887b53c2,2021.06.07.13.42.27_veh-47_00299_00588,traversing_pickup_dropoff,42,1623088319100082,b5a78e2996185175,spatial_exit,cap_excluded,outside_frame
acf27d96887b53c2,2021.06.07.13.42.27_veh-47_00299_00588,traversing_pickup_dropoff,43,1623088319150062,aa63c7af430f533d,observation_disappearance_unknown_cause,kept,
acf27d96887b53c2,2021.06.07.13.42.27_veh-47_00299_00588,traversing_pickup_dropoff,43,1623088319150062,b1d0ba468f5759de,capacity_readmission,cap_excluded,kept
acf27d96887b53c2,2021.06.07.13.42.27_veh-47_00299_00588,traversing_pickup_dropoff,43,1623088319150062,f975fd41523256e4,observation_disappearance_unknown_cause,outside_frame,
acf27d96887b53c2,2021.06.07.13.42.27_veh-47_00299_00588,traversing_pickup_dropoff,47,1623088319350004,22cd0a9693975706,observation_disappearance_unknown_cause,outside_frame,
acf27d96887b53c2,2021.06.07.13.42.27_veh-47_00299_00588,traversing_pickup_dropoff,47,1623088319350004,b1d0ba468f5759de,capacity_exclusion,kept,cap_excluded
acf27d96887b53c2,2021.06.07.13.42.27_veh-47_00299_00588,traversing_pickup_dropoff,47,1623088319350004,c480cd908f755144,observation_appearance_censored,,kept
acf27d96887b53c2,2021.06.07.13.42.27_veh-47_00299_00588,traversing_pickup_dropoff,47,1623088319350004,ca370f4412465966,observation_disappearance_unknown_cause,outside_frame,
acf27d96887b53c2,2021.06.07.13.42.27_veh-47_00299_00588,traversing_pickup_dropoff,50,1623088319499968,0a546407849f5b8f,observation_disappearance_unknown_cause,raw_drivable_area_exclusion,
acf27d96887b53c2,2021.06.07.13.42.27_veh-47_00299_00588,traversing_pickup_dropoff,50,1623088319499968,b1600f3d78c45fbe,spatial_exit,cap_excluded,outside_frame
acf27d96887b53c2,2021.06.07.13.42.27_veh-47_00299_00588,traversing_pickup_dropoff,50,1623088319499968,b1d0ba468f5759de,capacity_readmission,cap_excluded,kept
acf27d96887b53c2,2021.06.07.13.42.27_veh-47_00299_00588,traversing_pickup_dropoff,50,1623088319499968,db82470744415620,observation_disappearance_unknown_cause,kept,
acf27d96887b53c2,2021.06.07.13.42.27_veh-47_00299_00588,traversing_pickup_dropoff,50,1623088319499968,eb072ce6751f5d73,observation_disappearance_unknown_cause,outside_frame,
acf27d96887b53c2,2021.06.07.13.42.27_veh-47_00299_00588,traversing_pickup_dropoff,51,1623088319549954,0156a94ac5b75137,spatial_exit,cap_excluded,outside_frame
acf27d96887b53c2,2021.06.07.13.42.27_veh-47_00299_00588,traversing_pickup_dropoff,51,1623088319549954,6527655dac40510f,observation_disappearance_unknown_cause,outside_frame,
acf27d96887b53c2,2021.06.07.13.42.27_veh-47_00299_00588,traversing_pickup_dropoff,54,1623088319699903,6a6183e4ebbf57f8,capacity_exclusion,kept,cap_excluded
acf27d96887b53c2,2021.06.07.13.42.27_veh-47_00299_00588,traversing_pickup_dropoff,54,1623088319699903,6e17dd6e4e7757db,observation_appearance_censored,,kept
acf27d96887b53c2,2021.06.07.13.42.27_veh-47_00299_00588,traversing_pickup_dropoff,54,1623088319699903,9bbc77b13e105016,observation_appearance_censored,,kept
acf27d96887b53c2,2021.06.07.13.42.27_veh-47_00299_00588,traversing_pickup_dropoff,54,1623088319699903,b1d0ba468f5759de,capacity_exclusion,kept,cap_excluded
acf27d96887b53c2,2021.06.07.13.42.27_veh-47_00299_00588,traversing_pickup_dropoff,54,1623088319699903,d890ae6852455888,observation_appearance_censored,,kept
acf27d96887b53c2,2021.06.07.13.42.27_veh-47_00299_00588,traversing_pickup_dropoff,54,1623088319699903,ecb43ac51f4358e1,capacity_exclusion,kept,cap_excluded
acf27d96887b53c2,2021.06.07.13.42.27_veh-47_00299_00588,traversing_pickup_dropoff,55,1623088319749885,2c1c8572e8eb568c,observation_appearance_censored,,outside_frame
acf27d96887b53c2,2021.06.07.13.42.27_veh-47_00299_00588,traversing_pickup_dropoff,55,1623088319749885,302c2c033a9654ec,observation_appearance_censored,,raw_drivable_area_exclusion
acf27d96887b53c2,2021.06.07.13.42.27_veh-47_00299_00588,traversing_pickup_dropoff,56,1623088319799867,57bdaf167c755464,observation_appearance_censored,,outside_frame
acf27d96887b53c2,2021.06.07.13.42.27_veh-47_00299_00588,traversing_pickup_dropoff,56,1623088319799867,b4901193af945836,observation_appearance_censored,,outside_frame
acf27d96887b53c2,2021.06.07.13.42.27_veh-47_00299_00588,traversing_pickup_dropoff,57,1623088319849850,9ad67b2c253b546a,capacity_exclusion,kept,cap_excluded
acf27d96887b53c2,2021.06.07.13.42.27_veh-47_00299_00588,traversing_pickup_dropoff,57,1623088319849850,b1d0ba468f5759de,capacity_readmission,cap_excluded,kept
acf27d96887b53c2,2021.06.07.13.42.27_veh-47_00299_00588,traversing_pickup_dropoff,58,1623088319899833,adf36ad1a5365481,observation_disappearance_unknown_cause,outside_frame,
acf27d96887b53c2,2021.06.07.13.42.27_veh-47_00299_00588,traversing_pickup_dropoff,59,1623088319949816,2f7f4ef228ee534c,spatial_exit,cap_excluded,outside_frame
acf27d96887b53c2,2021.06.07.13.42.27_veh-47_00299_00588,traversing_pickup_dropoff,60,1623088319999799,b1d0ba468f5759de,capacity_exclusion,kept,cap_excluded
acf27d96887b53c2,2021.06.07.13.42.27_veh-47_00299_00588,traversing_pickup_dropoff,60,1623088319999799,f90edae29e2c5c47,observation_appearance_censored,,kept
acf27d96887b53c2,2021.06.07.13.42.27_veh-47_00299_00588,traversing_pickup_dropoff,62,1623088320099767,6bab6b6041a15463,observation_disappearance_unknown_cause,outside_frame,
acf27d96887b53c2,2021.06.07.13.42.27_veh-47_00299_00588,traversing_pickup_dropoff,62,1623088320099767,aa759c30341153f7,observation_appearance_censored,,kept
acf27d96887b53c2,2021.06.07.13.42.27_veh-47_00299_00588,traversing_pickup_dropoff,62,1623088320099767,ac9ccac992985c0f,spatial_exit,raw_drivable_area_exclusion,raw_drivable_area_exclusion
acf27d96887b53c2,2021.06.07.13.42.27_veh-47_00299_00588,traversing_pickup_dropoff,62,1623088320099767,f822d00844d75587,capacity_exclusion,kept,cap_excluded
acf27d96887b53c2,2021.06.07.13.42.27_veh-47_00299_00588,traversing_pickup_dropoff,64,1623088320199749,dbb3ca08379f57c3,observation_disappearance_unknown_cause,outside_frame,
acf27d96887b53c2,2021.06.07.13.42.27_veh-47_00299_00588,traversing_pickup_dropoff,65,1623088320249747,10bbf592f7d95c39,capacity_exclusion,kept,cap_excluded
acf27d96887b53c2,2021.06.07.13.42.27_veh-47_00299_00588,traversing_pickup_dropoff,65,1623088320249747,b1d0ba468f5759de,capacity_readmission,cap_excluded,kept
acf27d96887b53c2,2021.06.07.13.42.27_veh-47_00299_00588,traversing_pickup_dropoff,66,1623088320299752,3ed1423f91105df8,observation_appearance_censored,,kept
acf27d96887b53c2,2021.06.07.13.42.27_veh-47_00299_00588,traversing_pickup_dropoff,66,1623088320299752,b1d0ba468f5759de,capacity_exclusion,kept,cap_excluded
acf27d96887b53c2,2021.06.07.13.42.27_veh-47_00299_00588,traversing_pickup_dropoff,67,1623088320349765,301d35c539ae5cf6,capacity_exclusion,kept,cap_excluded
acf27d96887b53c2,2021.06.07.13.42.27_veh-47_00299_00588,traversing_pickup_dropoff,67,1623088320349765,b1d0ba468f5759de,capacity_readmission,cap_excluded,kept
acf27d96887b53c2,2021.06.07.13.42.27_veh-47_00299_00588,traversing_pickup_dropoff,68,1623088320399784,4f8aad4247fa54b9,observation_appearance_censored,,kept
acf27d96887b53c2,2021.06.07.13.42.27_veh-47_00299_00588,traversing_pickup_dropoff,68,1623088320399784,a0bc318e401756ad,capacity_exclusion,kept,cap_excluded
acf27d96887b53c2,2021.06.07.13.42.27_veh-47_00299_00588,traversing_pickup_dropoff,68,1623088320399784,b1d0ba468f5759de,capacity_exclusion,kept,cap_excluded
acf27d96887b53c2,2021.06.07.13.42.27_veh-47_00299_00588,traversing_pickup_dropoff,68,1623088320399784,e020974607db523e,observation_appearance_censored,,kept
acf27d96887b53c2,2021.06.07.13.42.27_veh-47_00299_00588,traversing_pickup_dropoff,69,1623088320449806,6d091e336ca055c2,observation_appearance_censored,,outside_frame
acf27d96887b53c2,2021.06.07.13.42.27_veh-47_00299_00588,traversing_pickup_dropoff,72,1623088320599894,57ed3a56a5df5bc3,capacity_exclusion,kept,cap_excluded
acf27d96887b53c2,2021.06.07.13.42.27_veh-47_00299_00588,traversing_pickup_dropoff,72,1623088320599894,e31427e7c0075906,observation_appearance_censored,,kept
acf27d96887b53c2,2021.06.07.13.42.27_veh-47_00299_00588,traversing_pickup_dropoff,73,1623088320649931,1be0ce0b6f64525d,capacity_exclusion,kept,cap_excluded
acf27d96887b53c2,2021.06.07.13.42.27_veh-47_00299_00588,traversing_pickup_dropoff,73,1623088320649931,302c2c033a9654ec,spatial_exit,raw_drivable_area_exclusion,raw_drivable_area_exclusion
acf27d96887b53c2,2021.06.07.13.42.27_veh-47_00299_00588,traversing_pickup_dropoff,73,1623088320649931,7702e6ca606b5580,observation_appearance_censored,,kept
acf27d96887b53c2,2021.06.07.13.42.27_veh-47_00299_00588,traversing_pickup_dropoff,74,1623088320699969,57bdaf167c755464,spatial_entry,outside_frame,cap_excluded
acf27d96887b53c2,2021.06.07.13.42.27_veh-47_00299_00588,traversing_pickup_dropoff,74,1623088320699969,d02640ae204e5989,spatial_entry,outside_frame,cap_excluded
acf27d96887b53c2,2021.06.07.13.42.27_veh-47_00299_00588,traversing_pickup_dropoff,75,1623088320750007,2ade7541269d53ba,observation_appearance_censored,,outside_frame
acf27d96887b53c2,2021.06.07.13.42.27_veh-47_00299_00588,traversing_pickup_dropoff,76,1623088320800042,7961babd625f5dba,spatial_exit,cap_excluded,outside_frame
acf27d96887b53c2,2021.06.07.13.42.27_veh-47_00299_00588,traversing_pickup_dropoff,76,1623088320800042,ad9515666b6e51bc,observation_appearance_censored,,outside_frame
acf27d96887b53c2,2021.06.07.13.42.27_veh-47_00299_00588,traversing_pickup_dropoff,76,1623088320800042,cabd44c472e15bdd,spatial_entry,outside_frame,cap_excluded
acf27d96887b53c2,2021.06.07.13.42.27_veh-47_00299_00588,traversing_pickup_dropoff,77,1623088320850069,1cb7e6e00d3c509a,spatial_entry,outside_frame,cap_excluded
acf27d96887b53c2,2021.06.07.13.42.27_veh-47_00299_00588,traversing_pickup_dropoff,78,1623088320900088,1be0ce0b6f64525d,capacity_readmission,cap_excluded,kept
acf27d96887b53c2,2021.06.07.13.42.27_veh-47_00299_00588,traversing_pickup_dropoff,78,1623088320900088,1cb7e6e00d3c509a,spatial_exit,cap_excluded,outside_frame
acf27d96887b53c2,2021.06.07.13.42.27_veh-47_00299_00588,traversing_pickup_dropoff,78,1623088320900088,52904518827952d9,capacity_exclusion,kept,cap_excluded
acf27d96887b53c2,2021.06.07.13.42.27_veh-47_00299_00588,traversing_pickup_dropoff,78,1623088320900088,cabd44c472e15bdd,spatial_exit,cap_excluded,outside_frame
acf27d96887b53c2,2021.06.07.13.42.27_veh-47_00299_00588,traversing_pickup_dropoff,79,1623088320950098,115e86b6971551f2,observation_appearance_censored,,outside_frame
acf27d96887b53c2,2021.06.07.13.42.27_veh-47_00299_00588,traversing_pickup_dropoff,79,1623088320950098,57bdaf167c755464,spatial_exit,cap_excluded,outside_frame
acf27d96887b53c2,2021.06.07.13.42.27_veh-47_00299_00588,traversing_pickup_dropoff,79,1623088320950098,8a500ac69da35e66,spatial_exit,cap_excluded,outside_frame
acf27d96887b53c2,2021.06.07.13.42.27_veh-47_00299_00588,traversing_pickup_dropoff,79,1623088320950098,d02640ae204e5989,spatial_exit,cap_excluded,outside_frame
acf27d96887b53c2,2021.06.07.13.42.27_veh-47_00299_00588,traversing_pickup_dropoff,80,1623088321000103,4164cbea3a215260,observation_appearance_censored,,outside_frame
acf27d96887b53c2,2021.06.07.13.42.27_veh-47_00299_00588,traversing_pickup_dropoff,81,1623088321050102,0d3a72c05b835abe,spatial_exit,cap_excluded,outside_frame
acf27d96887b53c2,2021.06.07.13.42.27_veh-47_00299_00588,traversing_pickup_dropoff,83,1623088321150088,1be0ce0b6f64525d,capacity_exclusion,kept,cap_excluded
acf27d96887b53c2,2021.06.07.13.42.27_veh-47_00299_00588,traversing_pickup_dropoff,83,1623088321150088,d5a76de07a99577e,observation_appearance_censored,,kept
acf27d96887b53c2,2021.06.07.13.42.27_veh-47_00299_00588,traversing_pickup_dropoff,87,1623088321350016,212526654c4c5f41,capacity_exclusion,kept,cap_excluded
acf27d96887b53c2,2021.06.07.13.42.27_veh-47_00299_00588,traversing_pickup_dropoff,87,1623088321350016,8b025b49b98c5bf2,spatial_exit,cap_excluded,outside_frame
acf27d96887b53c2,2021.06.07.13.42.27_veh-47_00299_00588,traversing_pickup_dropoff,87,1623088321350016,e927fbc158c454cc,observation_appearance_censored,,kept
acf27d96887b53c2,2021.06.07.13.42.27_veh-47_00299_00588,traversing_pickup_dropoff,91,1623088321549912,4f7c8b81982358c9,capacity_exclusion,kept,cap_excluded
acf27d96887b53c2,2021.06.07.13.42.27_veh-47_00299_00588,traversing_pickup_dropoff,91,1623088321549912,954c69425ddf57b6,observation_appearance_censored,,kept
acf27d96887b53c2,2021.06.07.13.42.27_veh-47_00299_00588,traversing_pickup_dropoff,93,1623088321649852,baed640430c153b1,spatial_entry,outside_frame,kept
acf27d96887b53c2,2021.06.07.13.42.27_veh-47_00299_00588,traversing_pickup_dropoff,93,1623088321649852,f0bbb490da8d54ed,observation_appearance_censored,,outside_frame
acf27d96887b53c2,2021.06.07.13.42.27_veh-47_00299_00588,traversing_pickup_dropoff,94,1623088321699822,c4b07946395e53f0,spatial_exit,kept,outside_frame
acf27d96887b53c2,2021.06.07.13.42.27_veh-47_00299_00588,traversing_pickup_dropoff,95,1623088321749794,b3fd18a63d325922,observation_appearance_censored,,outside_frame
acf27d96887b53c2,2021.06.07.13.42.27_veh-47_00299_00588,traversing_pickup_dropoff,99,1623088321949695,33555c6d704b5884,spatial_exit,cap_excluded,outside_frame
acf27d96887b53c2,2021.06.07.13.42.27_veh-47_00299_00588,traversing_pickup_dropoff,100,1623088321999670,9eea2c8b38db5802,spatial_exit,kept,outside_frame
12ce910d76e65082,2021.06.07.11.59.52_veh-35_00765_01072,traversing_pickup_dropoff,1,1623082454100211,d409cba60d665e5b,capacity_readmission,cap_excluded,kept
12ce910d76e65082,2021.06.07.11.59.52_veh-35_00765_01072,traversing_pickup_dropoff,1,1623082454100211,f37aae741f3a57ba,observation_appearance_censored,,kept
12ce910d76e65082,2021.06.07.11.59.52_veh-35_00765_01072,traversing_pickup_dropoff,1,1623082454100211,ff8440f3b48755c8,spatial_exit,kept,outside_frame
12ce910d76e65082,2021.06.07.11.59.52_veh-35_00765_01072,traversing_pickup_dropoff,3,1623082454200254,8103db577f58557f,observation_disappearance_unknown_cause,outside_frame,
12ce910d76e65082,2021.06.07.11.59.52_veh-35_00765_01072,traversing_pickup_dropoff,5,1623082454300296,1f6f57aa70cd5fc7,spatial_entry,outside_frame,cap_excluded
12ce910d76e65082,2021.06.07.11.59.52_veh-35_00765_01072,traversing_pickup_dropoff,5,1623082454300296,ce81cdc767775fd4,observation_disappearance_unknown_cause,outside_frame,
12ce910d76e65082,2021.06.07.11.59.52_veh-35_00765_01072,traversing_pickup_dropoff,9,1623082454500378,84a0a921cb5751f6,observation_appearance_censored,,outside_frame
12ce910d76e65082,2021.06.07.11.59.52_veh-35_00765_01072,traversing_pickup_dropoff,15,1623082454800471,15fc93a17c2d520a,capacity_readmission,cap_excluded,kept
12ce910d76e65082,2021.06.07.11.59.52_veh-35_00765_01072,traversing_pickup_dropoff,15,1623082454800471,1d58a70d62675783,observation_appearance_censored,,outside_frame
12ce910d76e65082,2021.06.07.11.59.52_veh-35_00765_01072,traversing_pickup_dropoff,15,1623082454800471,d409cba60d665e5b,capacity_exclusion,kept,cap_excluded
12ce910d76e65082,2021.06.07.11.59.52_veh-35_00765_01072,traversing_pickup_dropoff,16,1623082454850487,8df041e871035d72,observation_appearance_censored,,outside_frame
12ce910d76e65082,2021.06.07.11.59.52_veh-35_00765_01072,traversing_pickup_dropoff,17,1623082454900503,15fc93a17c2d520a,spatial_exit,kept,outside_frame
12ce910d76e65082,2021.06.07.11.59.52_veh-35_00765_01072,traversing_pickup_dropoff,17,1623082454900503,9bae8521960f58a2,observation_disappearance_unknown_cause,outside_frame,
12ce910d76e65082,2021.06.07.11.59.52_veh-35_00765_01072,traversing_pickup_dropoff,17,1623082454900503,d409cba60d665e5b,capacity_readmission,cap_excluded,kept
12ce910d76e65082,2021.06.07.11.59.52_veh-35_00765_01072,traversing_pickup_dropoff,20,1623082455050556,a2619e71b2465203,observation_appearance_censored,,outside_frame
12ce910d76e65082,2021.06.07.11.59.52_veh-35_00765_01072,traversing_pickup_dropoff,26,1623082455350646,aa4492ed27725100,observation_disappearance_unknown_cause,kept,
12ce910d76e65082,2021.06.07.11.59.52_veh-35_00765_01072,traversing_pickup_dropoff,27,1623082455400654,1f6f57aa70cd5fc7,capacity_readmission,cap_excluded,kept
12ce910d76e65082,2021.06.07.11.59.52_veh-35_00765_01072,traversing_pickup_dropoff,27,1623082455400654,869ea4c2cd6459aa,observation_appearance_censored,,outside_frame
12ce910d76e65082,2021.06.07.11.59.52_veh-35_00765_01072,traversing_pickup_dropoff,27,1623082455400654,d409cba60d665e5b,capacity_exclusion,kept,cap_excluded
12ce910d76e65082,2021.06.07.11.59.52_veh-35_00765_01072,traversing_pickup_dropoff,28,1623082455450659,be4f8c580c8b5053,spatial_exit,kept,outside_frame
12ce910d76e65082,2021.06.07.11.59.52_veh-35_00765_01072,traversing_pickup_dropoff,28,1623082455450659,d409cba60d665e5b,capacity_readmission,cap_excluded,kept
12ce910d76e65082,2021.06.07.11.59.52_veh-35_00765_01072,traversing_pickup_dropoff,32,1623082455650700,d409cba60d665e5b,spatial_exit,kept,outside_frame
12ce910d76e65082,2021.06.07.11.59.52_veh-35_00765_01072,traversing_pickup_dropoff,32,1623082455650700,fbc2c87eaeda5bd7,spatial_exit,cap_excluded,outside_frame
12ce910d76e65082,2021.06.07.11.59.52_veh-35_00765_01072,traversing_pickup_dropoff,33,1623082455700718,02e1567ba0d5564f,spatial_exit,kept,outside_frame
12ce910d76e65082,2021.06.07.11.59.52_veh-35_00765_01072,traversing_pickup_dropoff,33,1623082455700718,d859bb163c1a5bdd,observation_appearance_censored,,outside_frame
12ce910d76e65082,2021.06.07.11.59.52_veh-35_00765_01072,traversing_pickup_dropoff,36,1623082455850761,54d0924dada25477,observation_disappearance_unknown_cause,outside_frame,
12ce910d76e65082,2021.06.07.11.59.52_veh-35_00765_01072,traversing_pickup_dropoff,40,1623082456050820,81ddd4d877e3561e,observation_appearance_censored,,outside_frame
12ce910d76e65082,2021.06.07.11.59.52_veh-35_00765_01072,traversing_pickup_dropoff,40,1623082456050820,b6b0b525ec3150b9,observation_appearance_censored,,outside_frame
12ce910d76e65082,2021.06.07.11.59.52_veh-35_00765_01072,traversing_pickup_dropoff,41,1623082456100837,9d39c9df2f2b5cf3,spatial_exit,kept,outside_frame
12ce910d76e65082,2021.06.07.11.59.52_veh-35_00765_01072,traversing_pickup_dropoff,42,1623082456150857,84a0a921cb5751f6,observation_disappearance_unknown_cause,outside_frame,
12ce910d76e65082,2021.06.07.11.59.52_veh-35_00765_01072,traversing_pickup_dropoff,43,1623082456200878,81ddd4d877e3561e,observation_disappearance_unknown_cause,outside_frame,
12ce910d76e65082,2021.06.07.11.59.52_veh-35_00765_01072,traversing_pickup_dropoff,45,1623082456300921,e1e2e88301925cee,observation_disappearance_unknown_cause,kept,
12ce910d76e65082,2021.06.07.11.59.52_veh-35_00765_01072,traversing_pickup_dropoff,46,1623082456350944,02e1567ba0d5564f,observation_disappearance_unknown_cause,outside_frame,
12ce910d76e65082,2021.06.07.11.59.52_veh-35_00765_01072,traversing_pickup_dropoff,46,1623082456350944,7571918e2f385e06,observation_appearance_censored,,outside_frame
12ce910d76e65082,2021.06.07.11.59.52_veh-35_00765_01072,traversing_pickup_dropoff,47,1623082456400966,9c02b67effc650b7,observation_appearance_censored,,outside_frame
12ce910d76e65082,2021.06.07.11.59.52_veh-35_00765_01072,traversing_pickup_dropoff,47,1623082456400966,b765508d3b2e57c5,observation_appearance_censored,,outside_frame
12ce910d76e65082,2021.06.07.11.59.52_veh-35_00765_01072,traversing_pickup_dropoff,49,1623082456501008,0faa28d1d44a5f59,spatial_entry,outside_frame,kept
12ce910d76e65082,2021.06.07.11.59.52_veh-35_00765_01072,traversing_pickup_dropoff,49,1623082456501008,5d92cb477ef458b0,observation_appearance_censored,,kept
12ce910d76e65082,2021.06.07.11.59.52_veh-35_00765_01072,traversing_pickup_dropoff,49,1623082456501008,5deb84d172af5ec0,observation_appearance_censored,,outside_frame
12ce910d76e65082,2021.06.07.11.59.52_veh-35_00765_01072,traversing_pickup_dropoff,51,1623082456601047,637bf5a6229e546a,observation_appearance_censored,,outside_frame
12ce910d76e65082,2021.06.07.11.59.52_veh-35_00765_01072,traversing_pickup_dropoff,51,1623082456601047,9c02b67effc650b7,observation_disappearance_unknown_cause,outside_frame,
12ce910d76e65082,2021.06.07.11.59.52_veh-35_00765_01072,traversing_pickup_dropoff,51,1623082456601047,f2f51c9dd0035c27,observation_appearance_censored,,outside_frame
12ce910d76e65082,2021.06.07.11.59.52_veh-35_00765_01072,traversing_pickup_dropoff,52,1623082456651067,7b2bca3cfc5a5966,capacity_exclusion,kept,cap_excluded
12ce910d76e65082,2021.06.07.11.59.52_veh-35_00765_01072,traversing_pickup_dropoff,52,1623082456651067,e0ff0473182a5d3e,spatial_entry,outside_frame,kept
12ce910d76e65082,2021.06.07.11.59.52_veh-35_00765_01072,traversing_pickup_dropoff,53,1623082456701089,3f3f6cbdc0385e00,observation_appearance_censored,,outside_frame
12ce910d76e65082,2021.06.07.11.59.52_veh-35_00765_01072,traversing_pickup_dropoff,53,1623082456701089,62fa5b7e1fa85325,observation_appearance_censored,,outside_frame
12ce910d76e65082,2021.06.07.11.59.52_veh-35_00765_01072,traversing_pickup_dropoff,54,1623082456751115,2890808585715f1c,observation_appearance_censored,,outside_frame
12ce910d76e65082,2021.06.07.11.59.52_veh-35_00765_01072,traversing_pickup_dropoff,54,1623082456751115,b58fdf08322e51ec,observation_disappearance_unknown_cause,kept,
12ce910d76e65082,2021.06.07.11.59.52_veh-35_00765_01072,traversing_pickup_dropoff,56,1623082456851179,15b9ce25bf91515c,spatial_exit,kept,outside_frame
12ce910d76e65082,2021.06.07.11.59.52_veh-35_00765_01072,traversing_pickup_dropoff,56,1623082456851179,7b2bca3cfc5a5966,capacity_readmission,cap_excluded,kept
12ce910d76e65082,2021.06.07.11.59.52_veh-35_00765_01072,traversing_pickup_dropoff,56,1623082456851179,a7c77d958e085deb,spatial_exit,kept,outside_frame
12ce910d76e65082,2021.06.07.11.59.52_veh-35_00765_01072,traversing_pickup_dropoff,60,1623082457051306,4617992562d65efc,observation_appearance_censored,,outside_frame
12ce910d76e65082,2021.06.07.11.59.52_veh-35_00765_01072,traversing_pickup_dropoff,60,1623082457051306,5b90da50a74056d1,spatial_exit,kept,outside_frame
12ce910d76e65082,2021.06.07.11.59.52_veh-35_00765_01072,traversing_pickup_dropoff,66,1623082457351406,7b2bca3cfc5a5966,spatial_exit,kept,outside_frame
12ce910d76e65082,2021.06.07.11.59.52_veh-35_00765_01072,traversing_pickup_dropoff,66,1623082457351406,8b82016740bc54fe,observation_appearance_censored,,kept
12ce910d76e65082,2021.06.07.11.59.52_veh-35_00765_01072,traversing_pickup_dropoff,68,1623082457451405,77c95632416d52c2,observation_disappearance_unknown_cause,outside_frame,
12ce910d76e65082,2021.06.07.11.59.52_veh-35_00765_01072,traversing_pickup_dropoff,68,1623082457451405,b146861cc9655c2c,observation_appearance_censored,,kept
12ce910d76e65082,2021.06.07.11.59.52_veh-35_00765_01072,traversing_pickup_dropoff,69,1623082457501398,0a1c312795685836,spatial_exit,kept,outside_frame
12ce910d76e65082,2021.06.07.11.59.52_veh-35_00765_01072,traversing_pickup_dropoff,69,1623082457501398,8141f1e1f3095276,spatial_exit,kept,outside_frame
12ce910d76e65082,2021.06.07.11.59.52_veh-35_00765_01072,traversing_pickup_dropoff,69,1623082457501398,c01b3129e8a65173,observation_appearance_censored,,outside_frame
12ce910d76e65082,2021.06.07.11.59.52_veh-35_00765_01072,traversing_pickup_dropoff,73,1623082457701330,21f5ad12891b5f26,observation_disappearance_unknown_cause,outside_frame,
12ce910d76e65082,2021.06.07.11.59.52_veh-35_00765_01072,traversing_pickup_dropoff,73,1623082457701330,d409cba60d665e5b,observation_disappearance_unknown_cause,outside_frame,
12ce910d76e65082,2021.06.07.11.59.52_veh-35_00765_01072,traversing_pickup_dropoff,73,1623082457701330,ff4d8ea72a6d52c0,spatial_entry,outside_frame,kept
12ce910d76e65082,2021.06.07.11.59.52_veh-35_00765_01072,traversing_pickup_dropoff,75,1623082457801274,5d92cb477ef458b0,observation_disappearance_unknown_cause,kept,
12ce910d76e65082,2021.06.07.11.59.52_veh-35_00765_01072,traversing_pickup_dropoff,76,1623082457851241,463c61fb19915a71,observation_appearance_censored,,outside_frame
12ce910d76e65082,2021.06.07.11.59.52_veh-35_00765_01072,traversing_pickup_dropoff,76,1623082457851241,52cb7d7a1d9e5437,observation_appearance_censored,,outside_frame
12ce910d76e65082,2021.06.07.11.59.52_veh-35_00765_01072,traversing_pickup_dropoff,77,1623082457901207,465080cf74335558,spatial_exit,kept,outside_frame
12ce910d76e65082,2021.06.07.11.59.52_veh-35_00765_01072,traversing_pickup_dropoff,78,1623082457951172,dfcd96389e0b5637,observation_appearance_censored,,outside_frame
12ce910d76e65082,2021.06.07.11.59.52_veh-35_00765_01072,traversing_pickup_dropoff,78,1623082457951172,ff8440f3b48755c8,observation_disappearance_unknown_cause,outside_frame,
12ce910d76e65082,2021.06.07.11.59.52_veh-35_00765_01072,traversing_pickup_dropoff,80,1623082458051085,8ed12318ba755b77,observation_disappearance_unknown_cause,kept,
12ce910d76e65082,2021.06.07.11.59.52_veh-35_00765_01072,traversing_pickup_dropoff,82,1623082458150986,26f06237772e5020,observation_appearance_censored,,outside_frame
12ce910d76e65082,2021.06.07.11.59.52_veh-35_00765_01072,traversing_pickup_dropoff,82,1623082458150986,62fa5b7e1fa85325,observation_disappearance_unknown_cause,outside_frame,
12ce910d76e65082,2021.06.07.11.59.52_veh-35_00765_01072,traversing_pickup_dropoff,82,1623082458150986,729042772e9d5628,observation_appearance_censored,,outside_frame
12ce910d76e65082,2021.06.07.11.59.52_veh-35_00765_01072,traversing_pickup_dropoff,86,1623082458350791,975dd83be0a75d29,spatial_exit,kept,outside_frame
12ce910d76e65082,2021.06.07.11.59.52_veh-35_00765_01072,traversing_pickup_dropoff,90,1623082458550611,26f06237772e5020,spatial_entry,outside_frame,kept
12ce910d76e65082,2021.06.07.11.59.52_veh-35_00765_01072,traversing_pickup_dropoff,91,1623082458600569,15fc93a17c2d520a,observation_disappearance_unknown_cause,outside_frame,
12ce910d76e65082,2021.06.07.11.59.52_veh-35_00765_01072,traversing_pickup_dropoff,91,1623082458600569,2c334e7dd710583d,observation_appearance_censored,,kept
12ce910d76e65082,2021.06.07.11.59.52_veh-35_00765_01072,traversing_pickup_dropoff,92,1623082458650527,633538d9216f53b9,observation_appearance_censored,,outside_frame
12ce910d76e65082,2021.06.07.11.59.52_veh-35_00765_01072,traversing_pickup_dropoff,94,1623082458750447,5128762f6e04515d,spatial_exit,kept,outside_frame
12ce910d76e65082,2021.06.07.11.59.52_veh-35_00765_01072,traversing_pickup_dropoff,94,1623082458750447,f61812228915545a,observation_appearance_censored,,outside_frame
12ce910d76e65082,2021.06.07.11.59.52_veh-35_00765_01072,traversing_pickup_dropoff,95,1623082458800407,384db604b3695db6,spatial_exit,raw_drivable_area_exclusion,raw_drivable_area_exclusion
12ce910d76e65082,2021.06.07.11.59.52_veh-35_00765_01072,traversing_pickup_dropoff,95,1623082458800407,cd1832177e7653ee,observation_disappearance_unknown_cause,kept,
12ce910d76e65082,2021.06.07.11.59.52_veh-35_00765_01072,traversing_pickup_dropoff,97,1623082458900318,0a1c312795685836,observation_disappearance_unknown_cause,outside_frame,
12ce910d76e65082,2021.06.07.11.59.52_veh-35_00765_01072,traversing_pickup_dropoff,97,1623082458900318,4e601ff937f7523d,observation_appearance_censored,,outside_frame
12ce910d76e65082,2021.06.07.11.59.52_veh-35_00765_01072,traversing_pickup_dropoff,99,1623082459000210,bfbebb122da2546d,spatial_exit,kept,outside_frame
12ce910d76e65082,2021.06.07.11.59.52_veh-35_00765_01072,traversing_pickup_dropoff,99,1623082459000210,f61812228915545a,observation_disappearance_unknown_cause,outside_frame,
f94b8f85441350ae,2021.06.08.12.54.54_veh-26_02994_03970,on_traffic_light_intersection,2,1623174531723715,0a73e51e08815468,observation_disappearance_unknown_cause,kept,
f94b8f85441350ae,2021.06.08.12.54.54_veh-26_02994_03970,on_traffic_light_intersection,2,1623174531723715,0ff830444fda5a8a,observation_appearance_censored,,outside_frame
f94b8f85441350ae,2021.06.08.12.54.54_veh-26_02994_03970,on_traffic_light_intersection,2,1623174531723715,12758e5f2caf5fc8,observation_disappearance_unknown_cause,outside_frame,
f94b8f85441350ae,2021.06.08.12.54.54_veh-26_02994_03970,on_traffic_light_intersection,2,1623174531723715,b58ed9befdf55d19,observation_appearance_censored,,outside_frame
f94b8f85441350ae,2021.06.08.12.54.54_veh-26_02994_03970,on_traffic_light_intersection,2,1623174531723715,f2a69bab737a595f,observation_disappearance_unknown_cause,outside_frame,
f94b8f85441350ae,2021.06.08.12.54.54_veh-26_02994_03970,on_traffic_light_intersection,4,1623174531823598,b067a303a20a5b70,observation_appearance_censored,,outside_frame
f94b8f85441350ae,2021.06.08.12.54.54_veh-26_02994_03970,on_traffic_light_intersection,4,1623174531823598,e7e9fb0883935d37,observation_appearance_censored,,outside_frame
f94b8f85441350ae,2021.06.08.12.54.54_veh-26_02994_03970,on_traffic_light_intersection,5,1623174531873538,124ab9bbd15a5fcf,observation_appearance_censored,,outside_frame
f94b8f85441350ae,2021.06.08.12.54.54_veh-26_02994_03970,on_traffic_light_intersection,5,1623174531873538,7fd8cd4ed928502c,observation_disappearance_unknown_cause,outside_frame,
f94b8f85441350ae,2021.06.08.12.54.54_veh-26_02994_03970,on_traffic_light_intersection,5,1623174531873538,aff911e6515053fb,observation_appearance_censored,,raw_drivable_area_exclusion
f94b8f85441350ae,2021.06.08.12.54.54_veh-26_02994_03970,on_traffic_light_intersection,7,1623174531973419,7a4ff85827785a2b,observation_disappearance_unknown_cause,cap_excluded,
f94b8f85441350ae,2021.06.08.12.54.54_veh-26_02994_03970,on_traffic_light_intersection,8,1623174532023363,820abcceee5556da,observation_appearance_censored,,outside_frame
f94b8f85441350ae,2021.06.08.12.54.54_veh-26_02994_03970,on_traffic_light_intersection,8,1623174532023363,a0ca6759b9c4525a,observation_disappearance_unknown_cause,outside_frame,
f94b8f85441350ae,2021.06.08.12.54.54_veh-26_02994_03970,on_traffic_light_intersection,11,1623174532173217,462fbd0161ee5f16,observation_appearance_censored,,outside_frame
f94b8f85441350ae,2021.06.08.12.54.54_veh-26_02994_03970,on_traffic_light_intersection,11,1623174532173217,84bfd5dc4d6a5da4,observation_disappearance_unknown_cause,outside_frame,
f94b8f85441350ae,2021.06.08.12.54.54_veh-26_02994_03970,on_traffic_light_intersection,12,1623174532223165,ab2ff564ea0a5fe6,observation_appearance_censored,,outside_frame
f94b8f85441350ae,2021.06.08.12.54.54_veh-26_02994_03970,on_traffic_light_intersection,14,1623174532323045,e7e9fb0883935d37,observation_disappearance_unknown_cause,outside_frame,
f94b8f85441350ae,2021.06.08.12.54.54_veh-26_02994_03970,on_traffic_light_intersection,15,1623174532372976,1b41a4f9a7985632,capacity_readmission,cap_excluded,kept
f94b8f85441350ae,2021.06.08.12.54.54_veh-26_02994_03970,on_traffic_light_intersection,15,1623174532372976,b340840bcaeb547c,observation_appearance_censored,,outside_frame
f94b8f85441350ae,2021.06.08.12.54.54_veh-26_02994_03970,on_traffic_light_intersection,15,1623174532372976,b370fe78c2fe5d47,observation_disappearance_unknown_cause,kept,
f94b8f85441350ae,2021.06.08.12.54.54_veh-26_02994_03970,on_traffic_light_intersection,16,1623174532422902,ab2ff564ea0a5fe6,observation_disappearance_unknown_cause,outside_frame,
f94b8f85441350ae,2021.06.08.12.54.54_veh-26_02994_03970,on_traffic_light_intersection,16,1623174532422902,f6113ff219835fab,observation_appearance_censored,,outside_frame
f94b8f85441350ae,2021.06.08.12.54.54_veh-26_02994_03970,on_traffic_light_intersection,17,1623174532472828,462fbd0161ee5f16,observation_disappearance_unknown_cause,outside_frame,
f94b8f85441350ae,2021.06.08.12.54.54_veh-26_02994_03970,on_traffic_light_intersection,18,1623174532522755,03252c5055ce5a27,observation_appearance_censored,,outside_frame
f94b8f85441350ae,2021.06.08.12.54.54_veh-26_02994_03970,on_traffic_light_intersection,19,1623174532572683,0591683f319f51fd,observation_appearance_censored,,kept
f94b8f85441350ae,2021.06.08.12.54.54_veh-26_02994_03970,on_traffic_light_intersection,20,1623174532622612,2382b01740da5881,spatial_entry,outside_frame,cap_excluded
f94b8f85441350ae,2021.06.08.12.54.54_veh-26_02994_03970,on_traffic_light_intersection,21,1623174532672534,1b41a4f9a7985632,capacity_exclusion,kept,cap_excluded
f94b8f85441350ae,2021.06.08.12.54.54_veh-26_02994_03970,on_traffic_light_intersection,21,1623174532672534,65caf2c094255e28,spatial_entry,outside_frame,kept
f94b8f85441350ae,2021.06.08.12.54.54_veh-26_02994_03970,on_traffic_light_intersection,21,1623174532672534,cec85bed3dae5dd4,observation_appearance_censored,,outside_frame
f94b8f85441350ae,2021.06.08.12.54.54_veh-26_02994_03970,on_traffic_light_intersection,22,1623174532722451,093681a23bf955ef,observation_disappearance_unknown_cause,outside_frame,
f94b8f85441350ae,2021.06.08.12.54.54_veh-26_02994_03970,on_traffic_light_intersection,22,1623174532722451,4b8c91cec71a517e,observation_disappearance_unknown_cause,outside_frame,
f94b8f85441350ae,2021.06.08.12.54.54_veh-26_02994_03970,on_traffic_light_intersection,24,1623174532822273,1b41a4f9a7985632,observation_disappearance_unknown_cause,cap_excluded,
f94b8f85441350ae,2021.06.08.12.54.54_veh-26_02994_03970,on_traffic_light_intersection,24,1623174532822273,53960034ea7e5e76,observation_appearance_censored,,kept
f94b8f85441350ae,2021.06.08.12.54.54_veh-26_02994_03970,on_traffic_light_intersection,24,1623174532822273,ad452358cfdf547f,capacity_exclusion,kept,cap_excluded
f94b8f85441350ae,2021.06.08.12.54.54_veh-26_02994_03970,on_traffic_light_intersection,24,1623174532822273,ecb3f7fd6e0a5ec7,observation_appearance_censored,,outside_frame
f94b8f85441350ae,2021.06.08.12.54.54_veh-26_02994_03970,on_traffic_light_intersection,25,1623174532872186,31f6a7b1100655e4,observation_appearance_censored,,outside_frame
f94b8f85441350ae,2021.06.08.12.54.54_veh-26_02994_03970,on_traffic_light_intersection,25,1623174532872186,eb9a97ed592d5a42,observation_disappearance_unknown_cause,outside_frame,
f94b8f85441350ae,2021.06.08.12.54.54_veh-26_02994_03970,on_traffic_light_intersection,28,1623174533021972,30597aef93b35342,capacity_exclusion,kept,cap_excluded
f94b8f85441350ae,2021.06.08.12.54.54_veh-26_02994_03970,on_traffic_light_intersection,28,1623174533021972,31f6a7b1100655e4,spatial_entry,outside_frame,kept
f94b8f85441350ae,2021.06.08.12.54.54_veh-26_02994_03970,on_traffic_light_intersection,28,1623174533021972,ad452358cfdf547f,observation_disappearance_unknown_cause,cap_excluded,
f94b8f85441350ae,2021.06.08.12.54.54_veh-26_02994_03970,on_traffic_light_intersection,29,1623174533071913,5de78b984d0452f1,observation_appearance_censored,,outside_frame
f94b8f85441350ae,2021.06.08.12.54.54_veh-26_02994_03970,on_traffic_light_intersection,29,1623174533071913,f6113ff219835fab,observation_disappearance_unknown_cause,outside_frame,
f94b8f85441350ae,2021.06.08.12.54.54_veh-26_02994_03970,on_traffic_light_intersection,30,1623174533121852,72402bd5f1e65f1b,observation_disappearance_unknown_cause,outside_frame,
f94b8f85441350ae,2021.06.08.12.54.54_veh-26_02994_03970,on_traffic_light_intersection,32,1623174533221715,30597aef93b35342,capacity_readmission,cap_excluded,kept
f94b8f85441350ae,2021.06.08.12.54.54_veh-26_02994_03970,on_traffic_light_intersection,32,1623174533221715,31f6a7b1100655e4,observation_disappearance_unknown_cause,kept,
f94b8f85441350ae,2021.06.08.12.54.54_veh-26_02994_03970,on_traffic_light_intersection,32,1623174533221715,aff911e6515053fb,observation_disappearance_unknown_cause,raw_drivable_area_exclusion,
f94b8f85441350ae,2021.06.08.12.54.54_veh-26_02994_03970,on_traffic_light_intersection,33,1623174533271638,76cbe7670e6158a8,observation_appearance_censored,,cap_excluded
f94b8f85441350ae,2021.06.08.12.54.54_veh-26_02994_03970,on_traffic_light_intersection,34,1623174533321561,0ff830444fda5a8a,observation_disappearance_unknown_cause,outside_frame,
f94b8f85441350ae,2021.06.08.12.54.54_veh-26_02994_03970,on_traffic_light_intersection,34,1623174533321561,1012761f587d500e,observation_appearance_censored,,outside_frame
f94b8f85441350ae,2021.06.08.12.54.54_veh-26_02994_03970,on_traffic_light_intersection,34,1623174533321561,c6e171a823565557,observation_appearance_censored,,outside_frame
f94b8f85441350ae,2021.06.08.12.54.54_veh-26_02994_03970,on_traffic_light_intersection,34,1623174533321561,dba7c6ccd35d5a63,observation_disappearance_unknown_cause,outside_frame,
f94b8f85441350ae,2021.06.08.12.54.54_veh-26_02994_03970,on_traffic_light_intersection,36,1623174533421413,30597aef93b35342,capacity_exclusion,kept,cap_excluded
f94b8f85441350ae,2021.06.08.12.54.54_veh-26_02994_03970,on_traffic_light_intersection,36,1623174533421413,86c68a2d853a5349,observation_appearance_censored,,kept
f94b8f85441350ae,2021.06.08.12.54.54_veh-26_02994_03970,on_traffic_light_intersection,36,1623174533421413,e758dc0032af595c,observation_appearance_censored,,outside_frame
f94b8f85441350ae,2021.06.08.12.54.54_veh-26_02994_03970,on_traffic_light_intersection,38,1623174533521274,b58ed9befdf55d19,observation_disappearance_unknown_cause,outside_frame,
f94b8f85441350ae,2021.06.08.12.54.54_veh-26_02994_03970,on_traffic_light_intersection,38,1623174533521274,e488e56de4fa5ccf,observation_appearance_censored,,outside_frame
f94b8f85441350ae,2021.06.08.12.54.54_veh-26_02994_03970,on_traffic_light_intersection,39,1623174533571203,ef444ca661d05d30,spatial_entry,outside_frame,cap_excluded
f94b8f85441350ae,2021.06.08.12.54.54_veh-26_02994_03970,on_traffic_light_intersection,40,1623174533621130,27ded807ed025c4e,observation_disappearance_unknown_cause,outside_frame,
f94b8f85441350ae,2021.06.08.12.54.54_veh-26_02994_03970,on_traffic_light_intersection,41,1623174533671060,419b05ebe6985f7c,observation_appearance_censored,,outside_frame
f94b8f85441350ae,2021.06.08.12.54.54_veh-26_02994_03970,on_traffic_light_intersection,41,1623174533671060,76694db9835e5c55,observation_disappearance_unknown_cause,outside_frame,
f94b8f85441350ae,2021.06.08.12.54.54_veh-26_02994_03970,on_traffic_light_intersection,41,1623174533671060,d6cba57618d65ea7,spatial_exit,kept,outside_frame
f94b8f85441350ae,2021.06.08.12.54.54_veh-26_02994_03970,on_traffic_light_intersection,43,1623174533770927,30597aef93b35342,capacity_readmission,cap_excluded,kept
f94b8f85441350ae,2021.06.08.12.54.54_veh-26_02994_03970,on_traffic_light_intersection,43,1623174533770927,8e8571244d9d51e0,capacity_exclusion,kept,cap_excluded
f94b8f85441350ae,2021.06.08.12.54.54_veh-26_02994_03970,on_traffic_light_intersection,44,1623174533820867,88ca99d39c905c89,observation_appearance_censored,,kept
f94b8f85441350ae,2021.06.08.12.54.54_veh-26_02994_03970,on_traffic_light_intersection,46,1623174533920755,30597aef93b35342,capacity_exclusion,kept,cap_excluded
f94b8f85441350ae,2021.06.08.12.54.54_veh-26_02994_03970,on_traffic_light_intersection,46,1623174533920755,49a2bd7e71e95c1a,observation_appearance_censored,,outside_frame
f94b8f85441350ae,2021.06.08.12.54.54_veh-26_02994_03970,on_traffic_light_intersection,46,1623174533920755,66673aed115e5ee9,observation_appearance_censored,,outside_frame
f94b8f85441350ae,2021.06.08.12.54.54_veh-26_02994_03970,on_traffic_light_intersection,46,1623174533920755,8218ec3c11855dc4,observation_appearance_censored,,kept
f94b8f85441350ae,2021.06.08.12.54.54_veh-26_02994_03970,on_traffic_light_intersection,48,1623174534020645,a0f8e10948f75534,observation_appearance_censored,,outside_frame
f94b8f85441350ae,2021.06.08.12.54.54_veh-26_02994_03970,on_traffic_light_intersection,49,1623174534070590,9f68d7c9cbeb5ce3,observation_appearance_censored,,kept
f94b8f85441350ae,2021.06.08.12.54.54_veh-26_02994_03970,on_traffic_light_intersection,49,1623174534070590,d301b8a513ae54fe,capacity_exclusion,kept,cap_excluded
f94b8f85441350ae,2021.06.08.12.54.54_veh-26_02994_03970,on_traffic_light_intersection,51,1623174534170485,88ca99d39c905c89,observation_disappearance_unknown_cause,kept,
f94b8f85441350ae,2021.06.08.12.54.54_veh-26_02994_03970,on_traffic_light_intersection,51,1623174534170485,d81e5d1bd4825f45,observation_appearance_censored,,cap_excluded
f94b8f85441350ae,2021.06.08.12.54.54_veh-26_02994_03970,on_traffic_light_intersection,52,1623174534220435,2ffa110047d65051,observation_appearance_censored,,outside_frame
f94b8f85441350ae,2021.06.08.12.54.54_veh-26_02994_03970,on_traffic_light_intersection,53,1623174534270388,18dcd7484b255ed1,observation_appearance_censored,,outside_frame
f94b8f85441350ae,2021.06.08.12.54.54_veh-26_02994_03970,on_traffic_light_intersection,53,1623174534270388,a43250c0d3a45f78,observation_disappearance_unknown_cause,kept,
f94b8f85441350ae,2021.06.08.12.54.54_veh-26_02994_03970,on_traffic_light_intersection,53,1623174534270388,d9863ac30a235de2,observation_appearance_censored,,outside_frame
f94b8f85441350ae,2021.06.08.12.54.54_veh-26_02994_03970,on_traffic_light_intersection,54,1623174534320337,9e867c359bc75f82,capacity_exclusion,kept,cap_excluded
f94b8f85441350ae,2021.06.08.12.54.54_veh-26_02994_03970,on_traffic_light_intersection,54,1623174534320337,d301b8a513ae54fe,capacity_readmission,cap_excluded,kept
f94b8f85441350ae,2021.06.08.12.54.54_veh-26_02994_03970,on_traffic_light_intersection,55,1623174534370274,15ff66e55c4b5b11,observation_appearance_censored,,outside_frame
f94b8f85441350ae,2021.06.08.12.54.54_veh-26_02994_03970,on_traffic_light_intersection,56,1623174534420205,b067a303a20a5b70,spatial_entry,outside_frame,cap_excluded
f94b8f85441350ae,2021.06.08.12.54.54_veh-26_02994_03970,on_traffic_light_intersection,56,1623174534420205,df6ebe6da8e4536f,observation_appearance_censored,,outside_frame
f94b8f85441350ae,2021.06.08.12.54.54_veh-26_02994_03970,on_traffic_light_intersection,57,1623174534470132,a75f5602ab7d5db5,observation_disappearance_unknown_cause,outside_frame,
f94b8f85441350ae,2021.06.08.12.54.54_veh-26_02994_03970,on_traffic_light_intersection,57,1623174534470132,d980f50a9b915f65,observation_appearance_censored,,outside_frame
f94b8f85441350ae,2021.06.08.12.54.54_veh-26_02994_03970,on_traffic_light_intersection,58,1623174534520064,bd3a5818bab452cf,observation_appearance_censored,,outside_frame
f94b8f85441350ae,2021.06.08.12.54.54_veh-26_02994_03970,on_traffic_light_intersection,59,1623174534570003,d81e5d1bd4825f45,spatial_exit,cap_excluded,outside_frame
f94b8f85441350ae,2021.06.08.12.54.54_veh-26_02994_03970,on_traffic_light_intersection,59,1623174534570003,d9536c892b985078,observation_disappearance_unknown_cause,outside_frame,
f94b8f85441350ae,2021.06.08.12.54.54_veh-26_02994_03970,on_traffic_light_intersection,60,1623174534619950,30597aef93b35342,capacity_readmission,cap_excluded,kept
f94b8f85441350ae,2021.06.08.12.54.54_veh-26_02994_03970,on_traffic_light_intersection,60,1623174534619950,8218ec3c11855dc4,spatial_exit,kept,outside_frame
f94b8f85441350ae,2021.06.08.12.54.54_veh-26_02994_03970,on_traffic_light_intersection,62,1623174534719840,609eef31e53b5f59,observation_disappearance_unknown_cause,outside_frame,
f94b8f85441350ae,2021.06.08.12.54.54_veh-26_02994_03970,on_traffic_light_intersection,63,1623174534769780,8c8e68b666c8567d,observation_appearance_censored,,outside_frame
f94b8f85441350ae,2021.06.08.12.54.54_veh-26_02994_03970,on_traffic_light_intersection,63,1623174534769780,a0f8e10948f75534,observation_disappearance_unknown_cause,outside_frame,
f94b8f85441350ae,2021.06.08.12.54.54_veh-26_02994_03970,on_traffic_light_intersection,64,1623174534819717,baebb123bdf35d2c,observation_disappearance_unknown_cause,outside_frame,
f94b8f85441350ae,2021.06.08.12.54.54_veh-26_02994_03970,on_traffic_light_intersection,65,1623174534869644,113bc35b74b252d7,observation_appearance_censored,,outside_frame
f94b8f85441350ae,2021.06.08.12.54.54_veh-26_02994_03970,on_traffic_light_intersection,66,1623174534919571,a718ac5ec27e5383,observation_appearance_censored,,outside_frame
f94b8f85441350ae,2021.06.08.12.54.54_veh-26_02994_03970,on_traffic_light_intersection,67,1623174534969498,38fecca152ab5ae4,spatial_exit,kept,outside_frame
f94b8f85441350ae,2021.06.08.12.54.54_veh-26_02994_03970,on_traffic_light_intersection,67,1623174534969498,9e867c359bc75f82,capacity_readmission,cap_excluded,kept
f94b8f85441350ae,2021.06.08.12.54.54_veh-26_02994_03970,on_traffic_light_intersection,68,1623174535019428,47fb5a3acc715a14,observation_disappearance_unknown_cause,outside_frame,
f94b8f85441350ae,2021.06.08.12.54.54_veh-26_02994_03970,on_traffic_light_intersection,69,1623174535069358,182387159f665013,observation_appearance_censored,,outside_frame
f94b8f85441350ae,2021.06.08.12.54.54_veh-26_02994_03970,on_traffic_light_intersection,69,1623174535069358,76cbe7670e6158a8,capacity_readmission,cap_excluded,kept
f94b8f85441350ae,2021.06.08.12.54.54_veh-26_02994_03970,on_traffic_light_intersection,69,1623174535069358,d068734d24dc544e,spatial_entry,outside_frame,cap_excluded
f94b8f85441350ae,2021.06.08.12.54.54_veh-26_02994_03970,on_traffic_light_intersection,69,1623174535069358,ff2622d11b2c507e,spatial_exit,kept,outside_frame
f94b8f85441350ae,2021.06.08.12.54.54_veh-26_02994_03970,on_traffic_light_intersection,71,1623174535169211,1c1a00bd8e8d58da,observation_appearance_censored,,kept
f94b8f85441350ae,2021.06.08.12.54.54_veh-26_02994_03970,on_traffic_light_intersection,71,1623174535169211,76cbe7670e6158a8,capacity_exclusion,kept,cap_excluded
f94b8f85441350ae,2021.06.08.12.54.54_veh-26_02994_03970,on_traffic_light_intersection,72,1623174535219132,66032e83bf8658e2,spatial_entry,outside_frame,kept
f94b8f85441350ae,2021.06.08.12.54.54_veh-26_02994_03970,on_traffic_light_intersection,72,1623174535219132,76cbe7670e6158a8,capacity_readmission,cap_excluded,kept
f94b8f85441350ae,2021.06.08.12.54.54_veh-26_02994_03970,on_traffic_light_intersection,72,1623174535219132,9e867c359bc75f82,capacity_exclusion,kept,cap_excluded
f94b8f85441350ae,2021.06.08.12.54.54_veh-26_02994_03970,on_traffic_light_intersection,73,1623174535269052,c930381c43d35c94,observation_appearance_censored,,outside_frame
f94b8f85441350ae,2021.06.08.12.54.54_veh-26_02994_03970,on_traffic_light_intersection,74,1623174535318973,c1a03ad48bde5a0f,observation_disappearance_unknown_cause,outside_frame,
f94b8f85441350ae,2021.06.08.12.54.54_veh-26_02994_03970,on_traffic_light_intersection,75,1623174535368897,ef40ebd6f38f524f,spatial_entry,outside_frame,kept
f94b8f85441350ae,2021.06.08.12.54.54_veh-26_02994_03970,on_traffic_light_intersection,75,1623174535368897,f257ce65c6d3578a,spatial_entry,outside_frame,kept
f94b8f85441350ae,2021.06.08.12.54.54_veh-26_02994_03970,on_traffic_light_intersection,77,1623174535468750,9e867c359bc75f82,spatial_exit,cap_excluded,outside_frame
f94b8f85441350ae,2021.06.08.12.54.54_veh-26_02994_03970,on_traffic_light_intersection,79,1623174535568583,0fc8f3fc92775f70,observation_appearance_censored,,outside_frame
f94b8f85441350ae,2021.06.08.12.54.54_veh-26_02994_03970,on_traffic_light_intersection,79,1623174535568583,199d770212c55375,observation_disappearance_unknown_cause,outside_frame,
f94b8f85441350ae,2021.06.08.12.54.54_veh-26_02994_03970,on_traffic_light_intersection,79,1623174535568583,3ec699bab1895e9e,observation_disappearance_unknown_cause,outside_frame,
f94b8f85441350ae,2021.06.08.12.54.54_veh-26_02994_03970,on_traffic_light_intersection,79,1623174535568583,8218ec3c11855dc4,observation_disappearance_unknown_cause,outside_frame,
f94b8f85441350ae,2021.06.08.12.54.54_veh-26_02994_03970,on_traffic_light_intersection,80,1623174535618486,c9eab6f259b45b1a,observation_appearance_censored,,outside_frame
f94b8f85441350ae,2021.06.08.12.54.54_veh-26_02994_03970,on_traffic_light_intersection,80,1623174535618486,f7410b4c683b5e9d,spatial_entry,outside_frame,cap_excluded
f94b8f85441350ae,2021.06.08.12.54.54_veh-26_02994_03970,on_traffic_light_intersection,81,1623174535668383,0591683f319f51fd,spatial_exit,kept,outside_frame
f94b8f85441350ae,2021.06.08.12.54.54_veh-26_02994_03970,on_traffic_light_intersection,81,1623174535668383,1221cc43791a5c5a,observation_disappearance_unknown_cause,kept,
f94b8f85441350ae,2021.06.08.12.54.54_veh-26_02994_03970,on_traffic_light_intersection,81,1623174535668383,384471401b5352cc,capacity_readmission,cap_excluded,kept
f94b8f85441350ae,2021.06.08.12.54.54_veh-26_02994_03970,on_traffic_light_intersection,82,1623174535718278,12a2937a34325ae1,capacity_readmission,cap_excluded,kept
f94b8f85441350ae,2021.06.08.12.54.54_veh-26_02994_03970,on_traffic_light_intersection,82,1623174535718278,86c68a2d853a5349,observation_disappearance_unknown_cause,kept,
f94b8f85441350ae,2021.06.08.12.54.54_veh-26_02994_03970,on_traffic_light_intersection,82,1623174535718278,c4853aeda6f95da3,observation_appearance_censored,,outside_frame
f94b8f85441350ae,2021.06.08.12.54.54_veh-26_02994_03970,on_traffic_light_intersection,82,1623174535718278,c6e171a823565557,observation_disappearance_unknown_cause,outside_frame,
f94b8f85441350ae,2021.06.08.12.54.54_veh-26_02994_03970,on_traffic_light_intersection,82,1623174535718278,ff219380d4b85038,observation_appearance_censored,,outside_frame
f94b8f85441350ae,2021.06.08.12.54.54_veh-26_02994_03970,on_traffic_light_intersection,83,1623174535768170,d6cba57618d65ea7,observation_disappearance_unknown_cause,outside_frame,
f94b8f85441350ae,2021.06.08.12.54.54_veh-26_02994_03970,on_traffic_light_intersection,84,1623174535818060,00b0de5eb9af5728,observation_appearance_censored,,kept
f94b8f85441350ae,2021.06.08.12.54.54_veh-26_02994_03970,on_traffic_light_intersection,84,1623174535818060,0fc8f3fc92775f70,observation_disappearance_unknown_cause,outside_frame,
f94b8f85441350ae,2021.06.08.12.54.54_veh-26_02994_03970,on_traffic_light_intersection,84,1623174535818060,12a2937a34325ae1,capacity_exclusion,kept,cap_excluded
f94b8f85441350ae,2021.06.08.12.54.54_veh-26_02994_03970,on_traffic_light_intersection,85,1623174535867947,12f8c492e5245fff,observation_appearance_censored,,outside_frame
f94b8f85441350ae,2021.06.08.12.54.54_veh-26_02994_03970,on_traffic_light_intersection,85,1623174535867947,c930381c43d35c94,observation_disappearance_unknown_cause,outside_frame,
f94b8f85441350ae,2021.06.08.12.54.54_veh-26_02994_03970,on_traffic_light_intersection,87,1623174535967709,c4853aeda6f95da3,observation_disappearance_unknown_cause,outside_frame,
f94b8f85441350ae,2021.06.08.12.54.54_veh-26_02994_03970,on_traffic_light_intersection,88,1623174536017584,4482c4406c935e75,observation_disappearance_unknown_cause,outside_frame,
f94b8f85441350ae,2021.06.08.12.54.54_veh-26_02994_03970,on_traffic_light_intersection,88,1623174536017584,a077c55dbc0b5b05,spatial_entry,outside_frame,cap_excluded
f94b8f85441350ae,2021.06.08.12.54.54_veh-26_02994_03970,on_traffic_light_intersection,88,1623174536017584,d8866578f9445d89,spatial_entry,outside_frame,cap_excluded
f94b8f85441350ae,2021.06.08.12.54.54_veh-26_02994_03970,on_traffic_light_intersection,89,1623174536067458,d980f50a9b915f65,observation_disappearance_unknown_cause,outside_frame,
f94b8f85441350ae,2021.06.08.12.54.54_veh-26_02994_03970,on_traffic_light_intersection,90,1623174536117332,384471401b5352cc,capacity_exclusion,kept,cap_excluded
f94b8f85441350ae,2021.06.08.12.54.54_veh-26_02994_03970,on_traffic_light_intersection,90,1623174536117332,5059966561f15e88,observation_appearance_censored,,kept
f94b8f85441350ae,2021.06.08.12.54.54_veh-26_02994_03970,on_traffic_light_intersection,90,1623174536117332,65da394e8e005d08,observation_appearance_censored,,outside_frame
f94b8f85441350ae,2021.06.08.12.54.54_veh-26_02994_03970,on_traffic_light_intersection,91,1623174536167204,00b0de5eb9af5728,observation_disappearance_unknown_cause,kept,
f94b8f85441350ae,2021.06.08.12.54.54_veh-26_02994_03970,on_traffic_light_intersection,91,1623174536167204,384471401b5352cc,capacity_readmission,cap_excluded,kept
f94b8f85441350ae,2021.06.08.12.54.54_veh-26_02994_03970,on_traffic_light_intersection,91,1623174536167204,8e8571244d9d51e0,spatial_exit,cap_excluded,outside_frame
f94b8f85441350ae,2021.06.08.12.54.54_veh-26_02994_03970,on_traffic_light_intersection,91,1623174536167204,a249c41f9fbf5997,observation_appearance_censored,,outside_frame
f94b8f85441350ae,2021.06.08.12.54.54_veh-26_02994_03970,on_traffic_light_intersection,92,1623174536217077,20723d582f1257d2,observation_appearance_censored,,outside_frame
f94b8f85441350ae,2021.06.08.12.54.54_veh-26_02994_03970,on_traffic_light_intersection,92,1623174536217077,372b0cd25ce859ec,observation_appearance_censored,,outside_frame
f94b8f85441350ae,2021.06.08.12.54.54_veh-26_02994_03970,on_traffic_light_intersection,92,1623174536217077,86b7d2d0c84e54e3,observation_disappearance_unknown_cause,kept,
f94b8f85441350ae,2021.06.08.12.54.54_veh-26_02994_03970,on_traffic_light_intersection,92,1623174536217077,f14ca1d62e3e590e,observation_appearance_censored,,outside_frame
f94b8f85441350ae,2021.06.08.12.54.54_veh-26_02994_03970,on_traffic_light_intersection,93,1623174536266951,368ee5c218f256bc,observation_appearance_censored,,outside_frame
f94b8f85441350ae,2021.06.08.12.54.54_veh-26_02994_03970,on_traffic_light_intersection,93,1623174536266951,6fced2b26e6f5335,observation_disappearance_unknown_cause,outside_frame,
f94b8f85441350ae,2021.06.08.12.54.54_veh-26_02994_03970,on_traffic_light_intersection,94,1623174536316826,10de359543945048,observation_disappearance_unknown_cause,outside_frame,
f94b8f85441350ae,2021.06.08.12.54.54_veh-26_02994_03970,on_traffic_light_intersection,94,1623174536316826,7da9891cb66154e9,observation_disappearance_unknown_cause,outside_frame,
f94b8f85441350ae,2021.06.08.12.54.54_veh-26_02994_03970,on_traffic_light_intersection,94,1623174536316826,8bb5c5ba761c5bc2,observation_appearance_censored,,outside_frame
f94b8f85441350ae,2021.06.08.12.54.54_veh-26_02994_03970,on_traffic_light_intersection,95,1623174536366701,15ff66e55c4b5b11,observation_disappearance_unknown_cause,outside_frame,
f94b8f85441350ae,2021.06.08.12.54.54_veh-26_02994_03970,on_traffic_light_intersection,95,1623174536366701,6dc0ff3c193f5557,observation_appearance_censored,,outside_frame
f94b8f85441350ae,2021.06.08.12.54.54_veh-26_02994_03970,on_traffic_light_intersection,95,1623174536366701,b1670dff3eaa54ca,observation_disappearance_unknown_cause,outside_frame,
f94b8f85441350ae,2021.06.08.12.54.54_veh-26_02994_03970,on_traffic_light_intersection,96,1623174536416575,12f8c492e5245fff,spatial_entry,outside_frame,cap_excluded
f94b8f85441350ae,2021.06.08.12.54.54_veh-26_02994_03970,on_traffic_light_intersection,96,1623174536416575,e6422e2609dc5726,observation_disappearance_unknown_cause,outside_frame,
f94b8f85441350ae,2021.06.08.12.54.54_veh-26_02994_03970,on_traffic_light_intersection,97,1623174536466444,881e57c6a9d055e0,observation_disappearance_unknown_cause,outside_frame,
f94b8f85441350ae,2021.06.08.12.54.54_veh-26_02994_03970,on_traffic_light_intersection,97,1623174536466444,a249c41f9fbf5997,observation_disappearance_unknown_cause,outside_frame,
f94b8f85441350ae,2021.06.08.12.54.54_veh-26_02994_03970,on_traffic_light_intersection,98,1623174536516305,12a2937a34325ae1,capacity_readmission,cap_excluded,kept
f94b8f85441350ae,2021.06.08.12.54.54_veh-26_02994_03970,on_traffic_light_intersection,98,1623174536516305,53960034ea7e5e76,observation_disappearance_unknown_cause,kept,
f94b8f85441350ae,2021.06.08.12.54.54_veh-26_02994_03970,on_traffic_light_intersection,99,1623174536566159,12a2937a34325ae1,capacity_exclusion,kept,cap_excluded
f94b8f85441350ae,2021.06.08.12.54.54_veh-26_02994_03970,on_traffic_light_intersection,99,1623174536566159,e758dc0032af595c,spatial_entry,outside_frame,kept
f94b8f85441350ae,2021.06.08.12.54.54_veh-26_02994_03970,on_traffic_light_intersection,100,1623174536616008,3f2fe19c38f0545c,observation_disappearance_unknown_cause,outside_frame,
196e1a478cc956a9,2021.08.24.18.56.54_veh-45_00801_01587,on_traffic_light_intersection,1,1629832659899562,e95ec522dc0f5c87,spatial_exit,raw_drivable_area_exclusion,raw_drivable_area_exclusion
196e1a478cc956a9,2021.08.24.18.56.54_veh-45_00801_01587,on_traffic_light_intersection,2,1629832659949597,0903a23616e25028,observation_appearance_censored,,kept
196e1a478cc956a9,2021.08.24.18.56.54_veh-45_00801_01587,on_traffic_light_intersection,3,1629832659999632,a628819a8e8a542d,observation_appearance_censored,,outside_frame
196e1a478cc956a9,2021.08.24.18.56.54_veh-45_00801_01587,on_traffic_light_intersection,4,1629832660049667,daafbe7a89685884,observation_disappearance_unknown_cause,outside_frame,
196e1a478cc956a9,2021.08.24.18.56.54_veh-45_00801_01587,on_traffic_light_intersection,5,1629832660099699,64da491d2ffd5da5,observation_disappearance_unknown_cause,kept,
196e1a478cc956a9,2021.08.24.18.56.54_veh-45_00801_01587,on_traffic_light_intersection,6,1629832660149729,a628819a8e8a542d,observation_disappearance_unknown_cause,outside_frame,
196e1a478cc956a9,2021.08.24.18.56.54_veh-45_00801_01587,on_traffic_light_intersection,9,1629832660299810,b3b08753b4ff5ed1,observation_appearance_censored,,kept
196e1a478cc956a9,2021.08.24.18.56.54_veh-45_00801_01587,on_traffic_light_intersection,12,1629832660449883,6dd2f02613a15a05,observation_disappearance_unknown_cause,outside_frame,
196e1a478cc956a9,2021.08.24.18.56.54_veh-45_00801_01587,on_traffic_light_intersection,12,1629832660449883,f543a17c1ac95905,observation_appearance_censored,,kept
196e1a478cc956a9,2021.08.24.18.56.54_veh-45_00801_01587,on_traffic_light_intersection,23,1629832661000203,81750248467653f8,observation_appearance_censored,,raw_drivable_area_exclusion
196e1a478cc956a9,2021.08.24.18.56.54_veh-45_00801_01587,on_traffic_light_intersection,23,1629832661000203,cfbe07c6d4885c2f,observation_disappearance_unknown_cause,kept,
196e1a478cc956a9,2021.08.24.18.56.54_veh-45_00801_01587,on_traffic_light_intersection,25,1629832661100261,f543a17c1ac95905,observation_disappearance_unknown_cause,kept,
196e1a478cc956a9,2021.08.24.18.56.54_veh-45_00801_01587,on_traffic_light_intersection,26,1629832661150284,63687df016a35dba,observation_disappearance_unknown_cause,kept,
196e1a478cc956a9,2021.08.24.18.56.54_veh-45_00801_01587,on_traffic_light_intersection,27,1629832661200302,0749dd895d5e5410,observation_disappearance_unknown_cause,outside_frame,
196e1a478cc956a9,2021.08.24.18.56.54_veh-45_00801_01587,on_traffic_light_intersection,27,1629832661200302,ea11768bcbcf5e0a,spatial_entry,outside_frame,kept
196e1a478cc956a9,2021.08.24.18.56.54_veh-45_00801_01587,on_traffic_light_intersection,28,1629832661250311,b3b08753b4ff5ed1,observation_disappearance_unknown_cause,kept,
196e1a478cc956a9,2021.08.24.18.56.54_veh-45_00801_01587,on_traffic_light_intersection,33,1629832661500274,e95ec522dc0f5c87,spatial_entry,raw_drivable_area_exclusion,raw_drivable_area_exclusion
196e1a478cc956a9,2021.08.24.18.56.54_veh-45_00801_01587,on_traffic_light_intersection,36,1629832661650199,e95ec522dc0f5c87,spatial_exit,raw_drivable_area_exclusion,raw_drivable_area_exclusion
196e1a478cc956a9,2021.08.24.18.56.54_veh-45_00801_01587,on_traffic_light_intersection,37,1629832661700167,e95ec522dc0f5c87,spatial_entry,raw_drivable_area_exclusion,raw_drivable_area_exclusion
196e1a478cc956a9,2021.08.24.18.56.54_veh-45_00801_01587,on_traffic_light_intersection,38,1629832661750133,e95ec522dc0f5c87,spatial_exit,raw_drivable_area_exclusion,raw_drivable_area_exclusion
196e1a478cc956a9,2021.08.24.18.56.54_veh-45_00801_01587,on_traffic_light_intersection,39,1629832661800099,e95ec522dc0f5c87,spatial_entry,raw_drivable_area_exclusion,raw_drivable_area_exclusion
196e1a478cc956a9,2021.08.24.18.56.54_veh-45_00801_01587,on_traffic_light_intersection,46,1629832662149882,4deb1c3082e05c5d,observation_appearance_censored,,raw_drivable_area_exclusion
196e1a478cc956a9,2021.08.24.18.56.54_veh-45_00801_01587,on_traffic_light_intersection,47,1629832662199852,648013afbd3d50b4,observation_appearance_censored,,kept
196e1a478cc956a9,2021.08.24.18.56.54_veh-45_00801_01587,on_traffic_light_intersection,48,1629832662249823,376b72a6c119554a,observation_disappearance_unknown_cause,kept,
196e1a478cc956a9,2021.08.24.18.56.54_veh-45_00801_01587,on_traffic_light_intersection,50,1629832662349761,7128bfb068835d60,observation_appearance_censored,,outside_frame
196e1a478cc956a9,2021.08.24.18.56.54_veh-45_00801_01587,on_traffic_light_intersection,54,1629832662549622,2b0714c2bf4d55d5,observation_appearance_censored,,outside_frame
196e1a478cc956a9,2021.08.24.18.56.54_veh-45_00801_01587,on_traffic_light_intersection,54,1629832662549622,648013afbd3d50b4,observation_disappearance_unknown_cause,kept,
196e1a478cc956a9,2021.08.24.18.56.54_veh-45_00801_01587,on_traffic_light_intersection,56,1629832662649557,90ba0cc8305a56c2,observation_appearance_censored,,outside_frame
196e1a478cc956a9,2021.08.24.18.56.54_veh-45_00801_01587,on_traffic_light_intersection,58,1629832662749493,0903a23616e25028,observation_disappearance_unknown_cause,kept,
196e1a478cc956a9,2021.08.24.18.56.54_veh-45_00801_01587,on_traffic_light_intersection,58,1629832662749493,36a188a262445e61,observation_appearance_censored,,outside_frame
196e1a478cc956a9,2021.08.24.18.56.54_veh-45_00801_01587,on_traffic_light_intersection,58,1629832662749493,cdf966dca7165f17,observation_appearance_censored,,outside_frame
196e1a478cc956a9,2021.08.24.18.56.54_veh-45_00801_01587,on_traffic_light_intersection,58,1629832662749493,fda2dc177892572d,observation_disappearance_unknown_cause,raw_drivable_area_exclusion,
196e1a478cc956a9,2021.08.24.18.56.54_veh-45_00801_01587,on_traffic_light_intersection,60,1629832662849430,2b0714c2bf4d55d5,observation_disappearance_unknown_cause,outside_frame,
196e1a478cc956a9,2021.08.24.18.56.54_veh-45_00801_01587,on_traffic_light_intersection,60,1629832662849430,961f8bd3baf65d2b,observation_appearance_censored,,kept
196e1a478cc956a9,2021.08.24.18.56.54_veh-45_00801_01587,on_traffic_light_intersection,61,1629832662899399,414cd33cdb325009,observation_appearance_censored,,outside_frame
196e1a478cc956a9,2021.08.24.18.56.54_veh-45_00801_01587,on_traffic_light_intersection,63,1629832662999336,7128bfb068835d60,observation_disappearance_unknown_cause,outside_frame,
196e1a478cc956a9,2021.08.24.18.56.54_veh-45_00801_01587,on_traffic_light_intersection,63,1629832662999336,961f8bd3baf65d2b,observation_disappearance_unknown_cause,kept,
196e1a478cc956a9,2021.08.24.18.56.54_veh-45_00801_01587,on_traffic_light_intersection,64,1629832663049306,0c958dfee9d452ff,observation_appearance_censored,,outside_frame
196e1a478cc956a9,2021.08.24.18.56.54_veh-45_00801_01587,on_traffic_light_intersection,64,1629832663049306,1503dcbeb7165f2f,spatial_exit,kept,outside_frame
196e1a478cc956a9,2021.08.24.18.56.54_veh-45_00801_01587,on_traffic_light_intersection,64,1629832663049306,e95ec522dc0f5c87,spatial_exit,raw_drivable_area_exclusion,raw_drivable_area_exclusion
196e1a478cc956a9,2021.08.24.18.56.54_veh-45_00801_01587,on_traffic_light_intersection,69,1629832663299220,112c3983da4f54e0,observation_appearance_censored,,kept
196e1a478cc956a9,2021.08.24.18.56.54_veh-45_00801_01587,on_traffic_light_intersection,69,1629832663299220,8be8784bee6251f4,observation_appearance_censored,,kept
196e1a478cc956a9,2021.08.24.18.56.54_veh-45_00801_01587,on_traffic_light_intersection,71,1629832663399227,0929083557355edb,observation_appearance_censored,,outside_frame
196e1a478cc956a9,2021.08.24.18.56.54_veh-45_00801_01587,on_traffic_light_intersection,74,1629832663549292,039a0f53883a5472,observation_disappearance_unknown_cause,raw_drivable_area_exclusion,
196e1a478cc956a9,2021.08.24.18.56.54_veh-45_00801_01587,on_traffic_light_intersection,76,1629832663649362,112c3983da4f54e0,observation_disappearance_unknown_cause,kept,
196e1a478cc956a9,2021.08.24.18.56.54_veh-45_00801_01587,on_traffic_light_intersection,77,1629832663699402,acaf352762535f30,spatial_entry,outside_frame,kept
196e1a478cc956a9,2021.08.24.18.56.54_veh-45_00801_01587,on_traffic_light_intersection,83,1629832663999647,8be8784bee6251f4,observation_disappearance_unknown_cause,kept,
196e1a478cc956a9,2021.08.24.18.56.54_veh-45_00801_01587,on_traffic_light_intersection,85,1629832664099735,2e3482a2fbfa5947,observation_disappearance_unknown_cause,outside_frame,
196e1a478cc956a9,2021.08.24.18.56.54_veh-45_00801_01587,on_traffic_light_intersection,85,1629832664099735,adb8223172ab5e41,observation_appearance_censored,,outside_frame
196e1a478cc956a9,2021.08.24.18.56.54_veh-45_00801_01587,on_traffic_light_intersection,87,1629832664199814,82e173552e775ebf,observation_appearance_censored,,kept
196e1a478cc956a9,2021.08.24.18.56.54_veh-45_00801_01587,on_traffic_light_intersection,93,1629832664500030,38985811519f5b95,observation_appearance_censored,,kept
196e1a478cc956a9,2021.08.24.18.56.54_veh-45_00801_01587,on_traffic_light_intersection,94,1629832664550067,333568dc26fe5d37,spatial_exit,raw_drivable_area_exclusion,raw_drivable_area_exclusion
196e1a478cc956a9,2021.08.24.18.56.54_veh-45_00801_01587,on_traffic_light_intersection,95,1629832664600106,790244a984a85d25,observation_appearance_censored,,outside_frame
196e1a478cc956a9,2021.08.24.18.56.54_veh-45_00801_01587,on_traffic_light_intersection,98,1629832664750222,6965c9a7e5155bb3,observation_appearance_censored,,kept
abce4c58896057ca,2021.07.24.19.10.14_veh-37_02937_03698,on_traffic_light_intersection,1,1627157350250034,1979c96c14f159ea,observation_disappearance_unknown_cause,outside_frame,
abce4c58896057ca,2021.07.24.19.10.14_veh-37_02937_03698,on_traffic_light_intersection,1,1627157350250034,3cdf4c35f6c954c9,spatial_exit,kept,outside_frame
abce4c58896057ca,2021.07.24.19.10.14_veh-37_02937_03698,on_traffic_light_intersection,1,1627157350250034,c09e907857365e42,capacity_exclusion,kept,cap_excluded
abce4c58896057ca,2021.07.24.19.10.14_veh-37_02937_03698,on_traffic_light_intersection,1,1627157350250034,d6a01a3ef9735b59,observation_disappearance_unknown_cause,outside_frame,
abce4c58896057ca,2021.07.24.19.10.14_veh-37_02937_03698,on_traffic_light_intersection,1,1627157350250034,eb2f19f3e6805cc2,observation_appearance_censored,,kept
abce4c58896057ca,2021.07.24.19.10.14_veh-37_02937_03698,on_traffic_light_intersection,2,1627157350300040,0be10e0b8e695122,capacity_readmission,cap_excluded,kept
abce4c58896057ca,2021.07.24.19.10.14_veh-37_02937_03698,on_traffic_light_intersection,2,1627157350300040,d0162c0543155e66,observation_appearance_censored,,outside_frame
abce4c58896057ca,2021.07.24.19.10.14_veh-37_02937_03698,on_traffic_light_intersection,2,1627157350300040,e90ca9ca168f5e7d,capacity_exclusion,kept,cap_excluded
abce4c58896057ca,2021.07.24.19.10.14_veh-37_02937_03698,on_traffic_light_intersection,4,1627157350400033,e25cd6e5ed745550,observation_disappearance_unknown_cause,outside_frame,
abce4c58896057ca,2021.07.24.19.10.14_veh-37_02937_03698,on_traffic_light_intersection,5,1627157350450024,c49ebd42db985e89,observation_disappearance_unknown_cause,outside_frame,
abce4c58896057ca,2021.07.24.19.10.14_veh-37_02937_03698,on_traffic_light_intersection,5,1627157350450024,e4f3b075a0f55a4c,observation_appearance_censored,,cap_excluded
abce4c58896057ca,2021.07.24.19.10.14_veh-37_02937_03698,on_traffic_light_intersection,6,1627157350500015,92d8a4d5eacc50b2,spatial_entry,outside_frame,kept
abce4c58896057ca,2021.07.24.19.10.14_veh-37_02937_03698,on_traffic_light_intersection,7,1627157350550005,1d44049dda8b583c,observation_disappearance_unknown_cause,outside_frame,
abce4c58896057ca,2021.07.24.19.10.14_veh-37_02937_03698,on_traffic_light_intersection,7,1627157350550005,97d67e9efa9f52d2,observation_disappearance_unknown_cause,outside_frame,
abce4c58896057ca,2021.07.24.19.10.14_veh-37_02937_03698,on_traffic_light_intersection,8,1627157350599996,d49dac5e32f15114,observation_disappearance_unknown_cause,outside_frame,
abce4c58896057ca,2021.07.24.19.10.14_veh-37_02937_03698,on_traffic_light_intersection,9,1627157350649987,55d567193b105026,observation_disappearance_unknown_cause,cap_excluded,
abce4c58896057ca,2021.07.24.19.10.14_veh-37_02937_03698,on_traffic_light_intersection,9,1627157350649987,cdbf94cbc92859ce,observation_disappearance_unknown_cause,outside_frame,
abce4c58896057ca,2021.07.24.19.10.14_veh-37_02937_03698,on_traffic_light_intersection,12,1627157350799948,f21ead8edc5c559e,observation_disappearance_unknown_cause,outside_frame,
abce4c58896057ca,2021.07.24.19.10.14_veh-37_02937_03698,on_traffic_light_intersection,14,1627157350899922,018c966e23285429,observation_disappearance_unknown_cause,outside_frame,
abce4c58896057ca,2021.07.24.19.10.14_veh-37_02937_03698,on_traffic_light_intersection,14,1627157350899922,304c2bd36a9856ac,observation_appearance_censored,,kept
abce4c58896057ca,2021.07.24.19.10.14_veh-37_02937_03698,on_traffic_light_intersection,14,1627157350899922,7e7bfc0160d35442,observation_appearance_censored,,outside_frame
abce4c58896057ca,2021.07.24.19.10.14_veh-37_02937_03698,on_traffic_light_intersection,14,1627157350899922,b4defc0e34f25c83,observation_disappearance_unknown_cause,outside_frame,
abce4c58896057ca,2021.07.24.19.10.14_veh-37_02937_03698,on_traffic_light_intersection,14,1627157350899922,e3d2a05a0c915770,capacity_exclusion,kept,cap_excluded
abce4c58896057ca,2021.07.24.19.10.14_veh-37_02937_03698,on_traffic_light_intersection,15,1627157350949912,0be10e0b8e695122,capacity_exclusion,kept,cap_excluded
abce4c58896057ca,2021.07.24.19.10.14_veh-37_02937_03698,on_traffic_light_intersection,15,1627157350949912,61aafebbfb815871,observation_disappearance_unknown_cause,outside_frame,
abce4c58896057ca,2021.07.24.19.10.14_veh-37_02937_03698,on_traffic_light_intersection,15,1627157350949912,d1548d649ded5df3,observation_appearance_censored,,outside_frame
abce4c58896057ca,2021.07.24.19.10.14_veh-37_02937_03698,on_traffic_light_intersection,15,1627157350949912,d4afd790fbbe5fa0,observation_appearance_censored,,kept
abce4c58896057ca,2021.07.24.19.10.14_veh-37_02937_03698,on_traffic_light_intersection,16,1627157350999908,1b9f79f2cb0454cf,observation_disappearance_unknown_cause,cap_excluded,
abce4c58896057ca,2021.07.24.19.10.14_veh-37_02937_03698,on_traffic_light_intersection,16,1627157350999908,a434c740aa775357,observation_disappearance_unknown_cause,outside_frame,
abce4c58896057ca,2021.07.24.19.10.14_veh-37_02937_03698,on_traffic_light_intersection,16,1627157350999908,aa40d85f4ee85367,observation_disappearance_unknown_cause,outside_frame,
abce4c58896057ca,2021.07.24.19.10.14_veh-37_02937_03698,on_traffic_light_intersection,17,1627157351049909,237eb82cba355ca8,observation_disappearance_unknown_cause,outside_frame,
abce4c58896057ca,2021.07.24.19.10.14_veh-37_02937_03698,on_traffic_light_intersection,17,1627157351049909,804a31a728b4529b,spatial_exit,kept,outside_frame
abce4c58896057ca,2021.07.24.19.10.14_veh-37_02937_03698,on_traffic_light_intersection,18,1627157351099911,4eaedff211bc5d29,spatial_exit,kept,outside_frame
abce4c58896057ca,2021.07.24.19.10.14_veh-37_02937_03698,on_traffic_light_intersection,18,1627157351099911,7494f4b8a1205cb1,observation_disappearance_unknown_cause,outside_frame,
abce4c58896057ca,2021.07.24.19.10.14_veh-37_02937_03698,on_traffic_light_intersection,18,1627157351099911,949c7ad9be6b56ab,observation_disappearance_unknown_cause,outside_frame,
abce4c58896057ca,2021.07.24.19.10.14_veh-37_02937_03698,on_traffic_light_intersection,21,1627157351249919,0be10e0b8e695122,capacity_readmission,cap_excluded,kept
abce4c58896057ca,2021.07.24.19.10.14_veh-37_02937_03698,on_traffic_light_intersection,21,1627157351249919,231f0aebf0765dd2,observation_disappearance_unknown_cause,outside_frame,
abce4c58896057ca,2021.07.24.19.10.14_veh-37_02937_03698,on_traffic_light_intersection,21,1627157351249919,75712e4193095db9,observation_appearance_censored,,outside_frame
abce4c58896057ca,2021.07.24.19.10.14_veh-37_02937_03698,on_traffic_light_intersection,21,1627157351249919,d1548d649ded5df3,observation_disappearance_unknown_cause,outside_frame,
abce4c58896057ca,2021.07.24.19.10.14_veh-37_02937_03698,on_traffic_light_intersection,21,1627157351249919,d4afd790fbbe5fa0,observation_disappearance_unknown_cause,kept,
abce4c58896057ca,2021.07.24.19.10.14_veh-37_02937_03698,on_traffic_light_intersection,22,1627157351299922,0b7913d610745610,observation_appearance_censored,,outside_frame
abce4c58896057ca,2021.07.24.19.10.14_veh-37_02937_03698,on_traffic_light_intersection,23,1627157351349925,4a8f74e81f7b5807,observation_disappearance_unknown_cause,outside_frame,
abce4c58896057ca,2021.07.24.19.10.14_veh-37_02937_03698,on_traffic_light_intersection,23,1627157351349925,c8fa3d8273b35fe0,observation_appearance_censored,,outside_frame
abce4c58896057ca,2021.07.24.19.10.14_veh-37_02937_03698,on_traffic_light_intersection,24,1627157351399926,e4f3b075a0f55a4c,observation_disappearance_unknown_cause,cap_excluded,
abce4c58896057ca,2021.07.24.19.10.14_veh-37_02937_03698,on_traffic_light_intersection,25,1627157351449927,0be10e0b8e695122,capacity_exclusion,kept,cap_excluded
abce4c58896057ca,2021.07.24.19.10.14_veh-37_02937_03698,on_traffic_light_intersection,25,1627157351449927,60b22341395a50b3,capacity_readmission,cap_excluded,kept
abce4c58896057ca,2021.07.24.19.10.14_veh-37_02937_03698,on_traffic_light_intersection,25,1627157351449927,7ace984c68ec55a2,observation_disappearance_unknown_cause,outside_frame,
abce4c58896057ca,2021.07.24.19.10.14_veh-37_02937_03698,on_traffic_light_intersection,26,1627157351499924,31e0f7619bd75dc3,observation_disappearance_unknown_cause,outside_frame,
abce4c58896057ca,2021.07.24.19.10.14_veh-37_02937_03698,on_traffic_light_intersection,26,1627157351499924,39826a4b42f6585b,observation_disappearance_unknown_cause,outside_frame,
abce4c58896057ca,2021.07.24.19.10.14_veh-37_02937_03698,on_traffic_light_intersection,27,1627157351549922,9f896d43db1b5205,observation_appearance_censored,,outside_frame
abce4c58896057ca,2021.07.24.19.10.14_veh-37_02937_03698,on_traffic_light_intersection,28,1627157351599922,04d54631d8345be3,observation_disappearance_unknown_cause,cap_excluded,
abce4c58896057ca,2021.07.24.19.10.14_veh-37_02937_03698,on_traffic_light_intersection,29,1627157351649922,14e38d50c72451bb,observation_disappearance_unknown_cause,outside_frame,
abce4c58896057ca,2021.07.24.19.10.14_veh-37_02937_03698,on_traffic_light_intersection,29,1627157351649922,ec48749073ba5529,observation_disappearance_unknown_cause,outside_frame,
abce4c58896057ca,2021.07.24.19.10.14_veh-37_02937_03698,on_traffic_light_intersection,31,1627157351749919,d4c45200256753ee,observation_appearance_censored,,outside_frame
abce4c58896057ca,2021.07.24.19.10.14_veh-37_02937_03698,on_traffic_light_intersection,32,1627157351799917,29a5d3fe86da5439,observation_disappearance_unknown_cause,outside_frame,
abce4c58896057ca,2021.07.24.19.10.14_veh-37_02937_03698,on_traffic_light_intersection,32,1627157351799917,2eae6945a6e35526,capacity_exclusion,kept,cap_excluded
abce4c58896057ca,2021.07.24.19.10.14_veh-37_02937_03698,on_traffic_light_intersection,32,1627157351799917,40a4efc1f84451bf,spatial_exit,kept,outside_frame
abce4c58896057ca,2021.07.24.19.10.14_veh-37_02937_03698,on_traffic_light_intersection,32,1627157351799917,6012c12cbbb455d5,capacity_readmission,cap_excluded,kept
abce4c58896057ca,2021.07.24.19.10.14_veh-37_02937_03698,on_traffic_light_intersection,32,1627157351799917,a3db8999c5ea553f,observation_appearance_censored,,outside_frame
abce4c58896057ca,2021.07.24.19.10.14_veh-37_02937_03698,on_traffic_light_intersection,34,1627157351899921,6012c12cbbb455d5,capacity_exclusion,kept,cap_excluded
abce4c58896057ca,2021.07.24.19.10.14_veh-37_02937_03698,on_traffic_light_intersection,34,1627157351899921,77a84018abea5bf8,observation_disappearance_unknown_cause,outside_frame,
abce4c58896057ca,2021.07.24.19.10.14_veh-37_02937_03698,on_traffic_light_intersection,34,1627157351899921,b3faf7216ad65c34,observation_appearance_censored,,kept
abce4c58896057ca,2021.07.24.19.10.14_veh-37_02937_03698,on_traffic_light_intersection,36,1627157351999934,1e1139f26f2e5153,observation_disappearance_unknown_cause,outside_frame,
abce4c58896057ca,2021.07.24.19.10.14_veh-37_02937_03698,on_traffic_light_intersection,38,1627157352099941,281ec4016dc85b3f,observation_appearance_censored,,outside_frame
abce4c58896057ca,2021.07.24.19.10.14_veh-37_02937_03698,on_traffic_light_intersection,38,1627157352099941,4905e0a3e90859f4,observation_appearance_censored,,outside_frame
abce4c58896057ca,2021.07.24.19.10.14_veh-37_02937_03698,on_traffic_light_intersection,38,1627157352099941,f5d460adcb1657ed,observation_appearance_censored,,cap_excluded
abce4c58896057ca,2021.07.24.19.10.14_veh-37_02937_03698,on_traffic_light_intersection,39,1627157352149943,0fc317cd094d584c,observation_appearance_censored,,cap_excluded
abce4c58896057ca,2021.07.24.19.10.14_veh-37_02937_03698,on_traffic_light_intersection,39,1627157352149943,708c3084d2f052df,observation_appearance_censored,,outside_frame
abce4c58896057ca,2021.07.24.19.10.14_veh-37_02937_03698,on_traffic_light_intersection,40,1627157352199946,992f418e33915449,capacity_exclusion,kept,cap_excluded
abce4c58896057ca,2021.07.24.19.10.14_veh-37_02937_03698,on_traffic_light_intersection,40,1627157352199946,add5089c494f558a,spatial_exit,kept,outside_frame
abce4c58896057ca,2021.07.24.19.10.14_veh-37_02937_03698,on_traffic_light_intersection,40,1627157352199946,ea81412230925ae8,observation_appearance_censored,,cap_excluded
abce4c58896057ca,2021.07.24.19.10.14_veh-37_02937_03698,on_traffic_light_intersection,40,1627157352199946,f6e8818b8c495f38,observation_appearance_censored,,kept
abce4c58896057ca,2021.07.24.19.10.14_veh-37_02937_03698,on_traffic_light_intersection,41,1627157352249951,f5d460adcb1657ed,observation_disappearance_unknown_cause,cap_excluded,
abce4c58896057ca,2021.07.24.19.10.14_veh-37_02937_03698,on_traffic_light_intersection,42,1627157352299957,94bf404e5f1d5abc,observation_appearance_censored,,kept
abce4c58896057ca,2021.07.24.19.10.14_veh-37_02937_03698,on_traffic_light_intersection,42,1627157352299957,b2bdcb94a9665a67,spatial_entry,outside_frame,cap_excluded
abce4c58896057ca,2021.07.24.19.10.14_veh-37_02937_03698,on_traffic_light_intersection,42,1627157352299957,b9582e74ded15355,observation_appearance_censored,,outside_frame
abce4c58896057ca,2021.07.24.19.10.14_veh-37_02937_03698,on_traffic_light_intersection,43,1627157352349962,b18c706f57175627,observation_appearance_censored,,outside_frame
abce4c58896057ca,2021.07.24.19.10.14_veh-37_02937_03698,on_traffic_light_intersection,44,1627157352399967,587c79ef9ddb52b3,observation_appearance_censored,,outside_frame
abce4c58896057ca,2021.07.24.19.10.14_veh-37_02937_03698,on_traffic_light_intersection,45,1627157352449968,60124e9550a855fc,spatial_entry,outside_frame,kept
abce4c58896057ca,2021.07.24.19.10.14_veh-37_02937_03698,on_traffic_light_intersection,47,1627157352549961,5f53c90a93d35aeb,capacity_exclusion,kept,cap_excluded
abce4c58896057ca,2021.07.24.19.10.14_veh-37_02937_03698,on_traffic_light_intersection,47,1627157352549961,6012c12cbbb455d5,capacity_readmission,cap_excluded,kept
abce4c58896057ca,2021.07.24.19.10.14_veh-37_02937_03698,on_traffic_light_intersection,47,1627157352549961,a628961b6cc65265,observation_appearance_censored,,cap_excluded
abce4c58896057ca,2021.07.24.19.10.14_veh-37_02937_03698,on_traffic_light_intersection,47,1627157352549961,f62e8186be845bba,observation_disappearance_unknown_cause,outside_frame,
abce4c58896057ca,2021.07.24.19.10.14_veh-37_02937_03698,on_traffic_light_intersection,48,1627157352599953,109183c8b5945436,observation_appearance_censored,,outside_frame
abce4c58896057ca,2021.07.24.19.10.14_veh-37_02937_03698,on_traffic_light_intersection,48,1627157352599953,5e361120207652e0,observation_appearance_censored,,outside_frame
abce4c58896057ca,2021.07.24.19.10.14_veh-37_02937_03698,on_traffic_light_intersection,48,1627157352599953,5f53c90a93d35aeb,capacity_readmission,cap_excluded,kept
abce4c58896057ca,2021.07.24.19.10.14_veh-37_02937_03698,on_traffic_light_intersection,48,1627157352599953,6012c12cbbb455d5,observation_disappearance_unknown_cause,kept,
abce4c58896057ca,2021.07.24.19.10.14_veh-37_02937_03698,on_traffic_light_intersection,48,1627157352599953,8d5619064c6b5fb5,observation_disappearance_unknown_cause,outside_frame,
abce4c58896057ca,2021.07.24.19.10.14_veh-37_02937_03698,on_traffic_light_intersection,48,1627157352599953,c8fa3d8273b35fe0,observation_disappearance_unknown_cause,outside_frame,
abce4c58896057ca,2021.07.24.19.10.14_veh-37_02937_03698,on_traffic_light_intersection,49,1627157352649940,9cfcf58e377b5274,spatial_entry,outside_frame,kept
abce4c58896057ca,2021.07.24.19.10.14_veh-37_02937_03698,on_traffic_light_intersection,50,1627157352699927,2b848c611c525eb9,observation_appearance_censored,,outside_frame
abce4c58896057ca,2021.07.24.19.10.14_veh-37_02937_03698,on_traffic_light_intersection,50,1627157352699927,5f53c90a93d35aeb,capacity_exclusion,kept,cap_excluded
abce4c58896057ca,2021.07.24.19.10.14_veh-37_02937_03698,on_traffic_light_intersection,50,1627157352699927,dc46eeddfea85ee7,capacity_readmission,cap_excluded,kept
abce4c58896057ca,2021.07.24.19.10.14_veh-37_02937_03698,on_traffic_light_intersection,52,1627157352799913,a857e0f23c0f52d9,observation_disappearance_unknown_cause,outside_frame,
abce4c58896057ca,2021.07.24.19.10.14_veh-37_02937_03698,on_traffic_light_intersection,52,1627157352799913,f50b480229b759e5,observation_disappearance_unknown_cause,outside_frame,
abce4c58896057ca,2021.07.24.19.10.14_veh-37_02937_03698,on_traffic_light_intersection,54,1627157352899915,2b848c611c525eb9,observation_disappearance_unknown_cause,outside_frame,
abce4c58896057ca,2021.07.24.19.10.14_veh-37_02937_03698,on_traffic_light_intersection,54,1627157352899915,48ee53030349574f,observation_appearance_censored,,outside_frame
abce4c58896057ca,2021.07.24.19.10.14_veh-37_02937_03698,on_traffic_light_intersection,54,1627157352899915,c464fd411e765953,observation_appearance_censored,,outside_frame
abce4c58896057ca,2021.07.24.19.10.14_veh-37_02937_03698,on_traffic_light_intersection,55,1627157352949921,2fea443ba0c25f77,capacity_exclusion,kept,cap_excluded
abce4c58896057ca,2021.07.24.19.10.14_veh-37_02937_03698,on_traffic_light_intersection,55,1627157352949921,83ab3c21bde05984,observation_appearance_censored,,outside_frame
abce4c58896057ca,2021.07.24.19.10.14_veh-37_02937_03698,on_traffic_light_intersection,55,1627157352949921,e3d2a05a0c915770,capacity_readmission,cap_excluded,kept
abce4c58896057ca,2021.07.24.19.10.14_veh-37_02937_03698,on_traffic_light_intersection,55,1627157352949921,efedd9e42dcf5873,observation_disappearance_unknown_cause,cap_excluded,
abce4c58896057ca,2021.07.24.19.10.14_veh-37_02937_03698,on_traffic_light_intersection,56,1627157352999928,75712e4193095db9,observation_disappearance_unknown_cause,outside_frame,
abce4c58896057ca,2021.07.24.19.10.14_veh-37_02937_03698,on_traffic_light_intersection,57,1627157353049935,e7a366e288c256f1,observation_disappearance_unknown_cause,outside_frame,
abce4c58896057ca,2021.07.24.19.10.14_veh-37_02937_03698,on_traffic_light_intersection,58,1627157353099944,620e8ae1549c59db,observation_disappearance_unknown_cause,outside_frame,
abce4c58896057ca,2021.07.24.19.10.14_veh-37_02937_03698,on_traffic_light_intersection,59,1627157353149954,85bed0096e185b98,observation_disappearance_unknown_cause,outside_frame,
abce4c58896057ca,2021.07.24.19.10.14_veh-37_02937_03698,on_traffic_light_intersection,59,1627157353149954,8bfb0add58ca59d8,observation_appearance_censored,,outside_frame
abce4c58896057ca,2021.07.24.19.10.14_veh-37_02937_03698,on_traffic_light_intersection,60,1627157353199963,0c9c49a8900852cf,observation_appearance_censored,,outside_frame
abce4c58896057ca,2021.07.24.19.10.14_veh-37_02937_03698,on_traffic_light_intersection,60,1627157353199963,1284eadb8cce5993,spatial_exit,kept,outside_frame
abce4c58896057ca,2021.07.24.19.10.14_veh-37_02937_03698,on_traffic_light_intersection,60,1627157353199963,4905e0a3e90859f4,observation_disappearance_unknown_cause,outside_frame,
abce4c58896057ca,2021.07.24.19.10.14_veh-37_02937_03698,on_traffic_light_intersection,60,1627157353199963,7ed183823a025f1c,observation_disappearance_unknown_cause,outside_frame,
abce4c58896057ca,2021.07.24.19.10.14_veh-37_02937_03698,on_traffic_light_intersection,60,1627157353199963,ea81412230925ae8,observation_disappearance_unknown_cause,cap_excluded,
abce4c58896057ca,2021.07.24.19.10.14_veh-37_02937_03698,on_traffic_light_intersection,61,1627157353249970,0cfeaac2a8a85f5f,observation_appearance_censored,,outside_frame
abce4c58896057ca,2021.07.24.19.10.14_veh-37_02937_03698,on_traffic_light_intersection,61,1627157353249970,269538f062615a3c,observation_disappearance_unknown_cause,cap_excluded,
abce4c58896057ca,2021.07.24.19.10.14_veh-37_02937_03698,on_traffic_light_intersection,62,1627157353299976,04c6a090c4335437,observation_appearance_censored,,outside_frame
abce4c58896057ca,2021.07.24.19.10.14_veh-37_02937_03698,on_traffic_light_intersection,62,1627157353299976,0500ffc2118a5cdf,observation_appearance_censored,,outside_frame
abce4c58896057ca,2021.07.24.19.10.14_veh-37_02937_03698,on_traffic_light_intersection,62,1627157353299976,0f44e068b69755ac,observation_appearance_censored,,outside_frame
abce4c58896057ca,2021.07.24.19.10.14_veh-37_02937_03698,on_traffic_light_intersection,62,1627157353299976,3eae74f03b8a5a40,observation_appearance_censored,,outside_frame
abce4c58896057ca,2021.07.24.19.10.14_veh-37_02937_03698,on_traffic_light_intersection,62,1627157353299976,48ee53030349574f,observation_disappearance_unknown_cause,outside_frame,
abce4c58896057ca,2021.07.24.19.10.14_veh-37_02937_03698,on_traffic_light_intersection,62,1627157353299976,5e361120207652e0,observation_disappearance_unknown_cause,outside_frame,
abce4c58896057ca,2021.07.24.19.10.14_veh-37_02937_03698,on_traffic_light_intersection,63,1627157353349981,1da05cdf6aff5a4e,observation_disappearance_unknown_cause,outside_frame,
abce4c58896057ca,2021.07.24.19.10.14_veh-37_02937_03698,on_traffic_light_intersection,63,1627157353349981,4219482ba39b59ab,observation_appearance_censored,,outside_frame
abce4c58896057ca,2021.07.24.19.10.14_veh-37_02937_03698,on_traffic_light_intersection,63,1627157353349981,c858bf1e96475890,observation_disappearance_unknown_cause,outside_frame,
abce4c58896057ca,2021.07.24.19.10.14_veh-37_02937_03698,on_traffic_light_intersection,63,1627157353349981,cb646868c0fb5be5,observation_appearance_censored,,outside_frame
abce4c58896057ca,2021.07.24.19.10.14_veh-37_02937_03698,on_traffic_light_intersection,64,1627157353399987,a86c5cb28ba85d36,observation_appearance_censored,,cap_excluded
abce4c58896057ca,2021.07.24.19.10.14_veh-37_02937_03698,on_traffic_light_intersection,65,1627157353449993,04c6a090c4335437,observation_disappearance_unknown_cause,outside_frame,
abce4c58896057ca,2021.07.24.19.10.14_veh-37_02937_03698,on_traffic_light_intersection,65,1627157353449993,8078350302015fc7,observation_appearance_censored,,outside_frame
abce4c58896057ca,2021.07.24.19.10.14_veh-37_02937_03698,on_traffic_light_intersection,65,1627157353449993,937d4e0914bb53bd,spatial_entry,outside_frame,cap_excluded
abce4c58896057ca,2021.07.24.19.10.14_veh-37_02937_03698,on_traffic_light_intersection,65,1627157353449993,bea2e04151fb5337,observation_appearance_censored,,outside_frame
abce4c58896057ca,2021.07.24.19.10.14_veh-37_02937_03698,on_traffic_light_intersection,66,1627157353500001,2890cb4563285999,observation_disappearance_unknown_cause,outside_frame,
abce4c58896057ca,2021.07.24.19.10.14_veh-37_02937_03698,on_traffic_light_intersection,66,1627157353500001,3a53fa8e6c1d575c,observation_appearance_censored,,outside_frame
abce4c58896057ca,2021.07.24.19.10.14_veh-37_02937_03698,on_traffic_light_intersection,66,1627157353500001,89d1d42e9ebd564b,observation_appearance_censored,,outside_frame
abce4c58896057ca,2021.07.24.19.10.14_veh-37_02937_03698,on_traffic_light_intersection,66,1627157353500001,950cc7541d2b51a4,spatial_entry,outside_frame,kept
abce4c58896057ca,2021.07.24.19.10.14_veh-37_02937_03698,on_traffic_light_intersection,67,1627157353550009,14bfc3d35f845414,observation_appearance_censored,,outside_frame
abce4c58896057ca,2021.07.24.19.10.14_veh-37_02937_03698,on_traffic_light_intersection,67,1627157353550009,a86c5cb28ba85d36,observation_disappearance_unknown_cause,cap_excluded,
abce4c58896057ca,2021.07.24.19.10.14_veh-37_02937_03698,on_traffic_light_intersection,68,1627157353600015,0bd7a5933f0a5652,observation_appearance_censored,,outside_frame
abce4c58896057ca,2021.07.24.19.10.14_veh-37_02937_03698,on_traffic_light_intersection,68,1627157353600015,587c79ef9ddb52b3,observation_disappearance_unknown_cause,outside_frame,
abce4c58896057ca,2021.07.24.19.10.14_veh-37_02937_03698,on_traffic_light_intersection,68,1627157353600015,60c73cd9e41b5eed,observation_appearance_censored,,outside_frame
abce4c58896057ca,2021.07.24.19.10.14_veh-37_02937_03698,on_traffic_light_intersection,68,1627157353600015,a63f79b746ef57d5,observation_appearance_censored,,cap_excluded
abce4c58896057ca,2021.07.24.19.10.14_veh-37_02937_03698,on_traffic_light_intersection,68,1627157353600015,ca23bb6bc1d751d9,observation_appearance_censored,,outside_frame
abce4c58896057ca,2021.07.24.19.10.14_veh-37_02937_03698,on_traffic_light_intersection,68,1627157353600015,cd04b656711a5c31,observation_disappearance_unknown_cause,outside_frame,
abce4c58896057ca,2021.07.24.19.10.14_veh-37_02937_03698,on_traffic_light_intersection,69,1627157353650020,0cb343d049db516e,observation_appearance_censored,,outside_frame
abce4c58896057ca,2021.07.24.19.10.14_veh-37_02937_03698,on_traffic_light_intersection,69,1627157353650020,5072ccd29ad45e13,observation_appearance_censored,,outside_frame
abce4c58896057ca,2021.07.24.19.10.14_veh-37_02937_03698,on_traffic_light_intersection,69,1627157353650020,9c3f8f741b8d5a6a,observation_appearance_censored,,outside_frame
abce4c58896057ca,2021.07.24.19.10.14_veh-37_02937_03698,on_traffic_light_intersection,69,1627157353650020,e2dfac7621ba567a,spatial_entry,outside_frame,cap_excluded
abce4c58896057ca,2021.07.24.19.10.14_veh-37_02937_03698,on_traffic_light_intersection,70,1627157353700025,6ed9f3c0693858a4,observation_disappearance_unknown_cause,cap_excluded,
abce4c58896057ca,2021.07.24.19.10.14_veh-37_02937_03698,on_traffic_light_intersection,70,1627157353700025,9f378e50b6f65b1e,observation_appearance_censored,,outside_frame
abce4c58896057ca,2021.07.24.19.10.14_veh-37_02937_03698,on_traffic_light_intersection,71,1627157353750026,708c3084d2f052df,observation_disappearance_unknown_cause,outside_frame,
abce4c58896057ca,2021.07.24.19.10.14_veh-37_02937_03698,on_traffic_light_intersection,72,1627157353800025,7d2b12594f8853e8,observation_appearance_censored,,cap_excluded
abce4c58896057ca,2021.07.24.19.10.14_veh-37_02937_03698,on_traffic_light_intersection,72,1627157353800025,8654afdfda9658c9,observation_appearance_censored,,outside_frame
abce4c58896057ca,2021.07.24.19.10.14_veh-37_02937_03698,on_traffic_light_intersection,72,1627157353800025,9e77bcfc62045fbe,capacity_readmission,cap_excluded,kept
abce4c58896057ca,2021.07.24.19.10.14_veh-37_02937_03698,on_traffic_light_intersection,72,1627157353800025,b0b21e3d9fc65e33,spatial_exit,kept,outside_frame
abce4c58896057ca,2021.07.24.19.10.14_veh-37_02937_03698,on_traffic_light_intersection,72,1627157353800025,d55b928c7a135594,observation_appearance_censored,,outside_frame
abce4c58896057ca,2021.07.24.19.10.14_veh-37_02937_03698,on_traffic_light_intersection,72,1627157353800025,dc46eeddfea85ee7,capacity_exclusion,kept,cap_excluded
abce4c58896057ca,2021.07.24.19.10.14_veh-37_02937_03698,on_traffic_light_intersection,72,1627157353800025,eaea5bd634bf5680,observation_appearance_censored,,outside_frame
abce4c58896057ca,2021.07.24.19.10.14_veh-37_02937_03698,on_traffic_light_intersection,73,1627157353850020,34cf939437a35d5d,observation_disappearance_unknown_cause,outside_frame,
abce4c58896057ca,2021.07.24.19.10.14_veh-37_02937_03698,on_traffic_light_intersection,73,1627157353850020,49c564c286ee537b,capacity_exclusion,kept,cap_excluded
abce4c58896057ca,2021.07.24.19.10.14_veh-37_02937_03698,on_traffic_light_intersection,73,1627157353850020,5072ccd29ad45e13,observation_disappearance_unknown_cause,outside_frame,
abce4c58896057ca,2021.07.24.19.10.14_veh-37_02937_03698,on_traffic_light_intersection,73,1627157353850020,7e7bfc0160d35442,observation_disappearance_unknown_cause,outside_frame,
abce4c58896057ca,2021.07.24.19.10.14_veh-37_02937_03698,on_traffic_light_intersection,73,1627157353850020,992f418e33915449,capacity_readmission,cap_excluded,kept
abce4c58896057ca,2021.07.24.19.10.14_veh-37_02937_03698,on_traffic_light_intersection,73,1627157353850020,b9582e74ded15355,observation_disappearance_unknown_cause,outside_frame,
abce4c58896057ca,2021.07.24.19.10.14_veh-37_02937_03698,on_traffic_light_intersection,74,1627157353900012,dc46eeddfea85ee7,capacity_readmission,cap_excluded,kept
abce4c58896057ca,2021.07.24.19.10.14_veh-37_02937_03698,on_traffic_light_intersection,74,1627157353900012,fed761b6780658c4,capacity_exclusion,kept,cap_excluded
abce4c58896057ca,2021.07.24.19.10.14_veh-37_02937_03698,on_traffic_light_intersection,75,1627157353950002,358eb9ea6c125920,observation_appearance_censored,,outside_frame
abce4c58896057ca,2021.07.24.19.10.14_veh-37_02937_03698,on_traffic_light_intersection,75,1627157353950002,7d844cad114a567b,observation_appearance_censored,,outside_frame
abce4c58896057ca,2021.07.24.19.10.14_veh-37_02937_03698,on_traffic_light_intersection,75,1627157353950002,f4ee31acc6f55330,observation_disappearance_unknown_cause,outside_frame,
abce4c58896057ca,2021.07.24.19.10.14_veh-37_02937_03698,on_traffic_light_intersection,76,1627157353999993,06192aa6660c5e47,observation_appearance_censored,,outside_frame
abce4c58896057ca,2021.07.24.19.10.14_veh-37_02937_03698,on_traffic_light_intersection,76,1627157353999993,225fcee4def85e9a,observation_appearance_censored,,outside_frame
abce4c58896057ca,2021.07.24.19.10.14_veh-37_02937_03698,on_traffic_light_intersection,76,1627157353999993,47aaf72ff0ad5b2a,observation_appearance_censored,,outside_frame
abce4c58896057ca,2021.07.24.19.10.14_veh-37_02937_03698,on_traffic_light_intersection,76,1627157353999993,e49aaaf2271f50ae,observation_appearance_censored,,outside_frame
abce4c58896057ca,2021.07.24.19.10.14_veh-37_02937_03698,on_traffic_light_intersection,78,1627157354099973,2fea443ba0c25f77,observation_disappearance_unknown_cause,cap_excluded,
abce4c58896057ca,2021.07.24.19.10.14_veh-37_02937_03698,on_traffic_light_intersection,78,1627157354099973,3e54f1ac8bd05efc,spatial_exit,kept,outside_frame
abce4c58896057ca,2021.07.24.19.10.14_veh-37_02937_03698,on_traffic_light_intersection,78,1627157354099973,61308f17bbcd56c4,observation_appearance_censored,,kept
abce4c58896057ca,2021.07.24.19.10.14_veh-37_02937_03698,on_traffic_light_intersection,78,1627157354099973,7b250faa97fe5bee,observation_appearance_censored,,outside_frame
abce4c58896057ca,2021.07.24.19.10.14_veh-37_02937_03698,on_traffic_light_intersection,78,1627157354099973,9f378e50b6f65b1e,observation_disappearance_unknown_cause,outside_frame,
abce4c58896057ca,2021.07.24.19.10.14_veh-37_02937_03698,on_traffic_light_intersection,80,1627157354199944,49c564c286ee537b,observation_disappearance_unknown_cause,cap_excluded,
abce4c58896057ca,2021.07.24.19.10.14_veh-37_02937_03698,on_traffic_light_intersection,80,1627157354199944,4b0571d5779c5474,observation_appearance_censored,,outside_frame
abce4c58896057ca,2021.07.24.19.10.14_veh-37_02937_03698,on_traffic_light_intersection,81,1627157354249924,0fc317cd094d584c,capacity_readmission,cap_excluded,kept
abce4c58896057ca,2021.07.24.19.10.14_veh-37_02937_03698,on_traffic_light_intersection,81,1627157354249924,eb2f19f3e6805cc2,observation_disappearance_unknown_cause,kept,
abce4c58896057ca,2021.07.24.19.10.14_veh-37_02937_03698,on_traffic_light_intersection,82,1627157354299904,9c3f8f741b8d5a6a,observation_disappearance_unknown_cause,outside_frame,
abce4c58896057ca,2021.07.24.19.10.14_veh-37_02937_03698,on_traffic_light_intersection,84,1627157354399868,4219482ba39b59ab,observation_disappearance_unknown_cause,outside_frame,
abce4c58896057ca,2021.07.24.19.10.14_veh-37_02937_03698,on_traffic_light_intersection,84,1627157354399868,bea2e04151fb5337,observation_disappearance_unknown_cause,outside_frame,
abce4c58896057ca,2021.07.24.19.10.14_veh-37_02937_03698,on_traffic_light_intersection,85,1627157354449854,4e2a6b4e34705832,observation_appearance_censored,,outside_frame
abce4c58896057ca,2021.07.24.19.10.14_veh-37_02937_03698,on_traffic_light_intersection,86,1627157354499845,65534653b7575f21,observation_appearance_censored,,outside_frame
abce4c58896057ca,2021.07.24.19.10.14_veh-37_02937_03698,on_traffic_light_intersection,86,1627157354499845,ff371f1ece0d5416,spatial_entry,outside_frame,cap_excluded
abce4c58896057ca,2021.07.24.19.10.14_veh-37_02937_03698,on_traffic_light_intersection,87,1627157354549838,94bf404e5f1d5abc,spatial_exit,kept,outside_frame
abce4c58896057ca,2021.07.24.19.10.14_veh-37_02937_03698,on_traffic_light_intersection,87,1627157354549838,d0364e79ee975d57,observation_appearance_censored,,outside_frame
abce4c58896057ca,2021.07.24.19.10.14_veh-37_02937_03698,on_traffic_light_intersection,87,1627157354549838,d55b928c7a135594,observation_disappearance_unknown_cause,outside_frame,
abce4c58896057ca,2021.07.24.19.10.14_veh-37_02937_03698,on_traffic_light_intersection,88,1627157354599833,00ab3738fa345af8,observation_disappearance_unknown_cause,outside_frame,
abce4c58896057ca,2021.07.24.19.10.14_veh-37_02937_03698,on_traffic_light_intersection,88,1627157354599833,0fc317cd094d584c,capacity_exclusion,kept,cap_excluded
abce4c58896057ca,2021.07.24.19.10.14_veh-37_02937_03698,on_traffic_light_intersection,88,1627157354599833,623158b7124b58c5,observation_appearance_censored,,kept
abce4c58896057ca,2021.07.24.19.10.14_veh-37_02937_03698,on_traffic_light_intersection,88,1627157354599833,8078350302015fc7,observation_disappearance_unknown_cause,outside_frame,
abce4c58896057ca,2021.07.24.19.10.14_veh-37_02937_03698,on_traffic_light_intersection,89,1627157354649828,60e67f12bdcf5ccc,observation_appearance_censored,,outside_frame
abce4c58896057ca,2021.07.24.19.10.14_veh-37_02937_03698,on_traffic_light_intersection,89,1627157354649828,89d1d42e9ebd564b,observation_disappearance_unknown_cause,outside_frame,
abce4c58896057ca,2021.07.24.19.10.14_veh-37_02937_03698,on_traffic_light_intersection,91,1627157354749829,19b764cffe2a5503,observation_appearance_censored,,cap_excluded
abce4c58896057ca,2021.07.24.19.10.14_veh-37_02937_03698,on_traffic_light_intersection,91,1627157354749829,82d02f88efa1571f,observation_appearance_censored,,kept
abce4c58896057ca,2021.07.24.19.10.14_veh-37_02937_03698,on_traffic_light_intersection,91,1627157354749829,992f418e33915449,capacity_exclusion,kept,cap_excluded
abce4c58896057ca,2021.07.24.19.10.14_veh-37_02937_03698,on_traffic_light_intersection,91,1627157354749829,f9dd904505905d85,observation_appearance_censored,,outside_frame
abce4c58896057ca,2021.07.24.19.10.14_veh-37_02937_03698,on_traffic_light_intersection,92,1627157354799835,0b7913d610745610,observation_disappearance_unknown_cause,outside_frame,
abce4c58896057ca,2021.07.24.19.10.14_veh-37_02937_03698,on_traffic_light_intersection,92,1627157354799835,553623180f0d54ca,observation_appearance_censored,,outside_frame
abce4c58896057ca,2021.07.24.19.10.14_veh-37_02937_03698,on_traffic_light_intersection,92,1627157354799835,65534653b7575f21,observation_disappearance_unknown_cause,outside_frame,
abce4c58896057ca,2021.07.24.19.10.14_veh-37_02937_03698,on_traffic_light_intersection,93,1627157354849846,0fc317cd094d584c,observation_disappearance_unknown_cause,cap_excluded,
abce4c58896057ca,2021.07.24.19.10.14_veh-37_02937_03698,on_traffic_light_intersection,93,1627157354849846,4ca2b140bc9b572a,capacity_exclusion,kept,cap_excluded
abce4c58896057ca,2021.07.24.19.10.14_veh-37_02937_03698,on_traffic_light_intersection,93,1627157354849846,e7723b9cf2675438,capacity_readmission,cap_excluded,kept
abce4c58896057ca,2021.07.24.19.10.14_veh-37_02937_03698,on_traffic_light_intersection,94,1627157354899860,a3e1e7ffd1ba5a85,observation_appearance_censored,,outside_frame
abce4c58896057ca,2021.07.24.19.10.14_veh-37_02937_03698,on_traffic_light_intersection,95,1627157354949878,109183c8b5945436,observation_disappearance_unknown_cause,outside_frame,
abce4c58896057ca,2021.07.24.19.10.14_veh-37_02937_03698,on_traffic_light_intersection,95,1627157354949878,117343b1b1dd5765,spatial_exit,kept,outside_frame
abce4c58896057ca,2021.07.24.19.10.14_veh-37_02937_03698,on_traffic_light_intersection,95,1627157354949878,1690118ff7255a34,spatial_exit,kept,outside_frame
abce4c58896057ca,2021.07.24.19.10.14_veh-37_02937_03698,on_traffic_light_intersection,95,1627157354949878,47aaf72ff0ad5b2a,observation_disappearance_unknown_cause,outside_frame,
abce4c58896057ca,2021.07.24.19.10.14_veh-37_02937_03698,on_traffic_light_intersection,95,1627157354949878,f1d124086cbb56a4,observation_appearance_censored,,outside_frame
abce4c58896057ca,2021.07.24.19.10.14_veh-37_02937_03698,on_traffic_light_intersection,96,1627157354999898,83253abac2af5350,observation_appearance_censored,,outside_frame
abce4c58896057ca,2021.07.24.19.10.14_veh-37_02937_03698,on_traffic_light_intersection,96,1627157354999898,a3db8999c5ea553f,observation_disappearance_unknown_cause,outside_frame,
abce4c58896057ca,2021.07.24.19.10.14_veh-37_02937_03698,on_traffic_light_intersection,97,1627157355049922,1b0fc0856e7057bd,observation_appearance_censored,,outside_frame
abce4c58896057ca,2021.07.24.19.10.14_veh-37_02937_03698,on_traffic_light_intersection,98,1627157355099945,0d150d5f1e1957c8,observation_appearance_censored,,cap_excluded
abce4c58896057ca,2021.07.24.19.10.14_veh-37_02937_03698,on_traffic_light_intersection,98,1627157355099945,225fcee4def85e9a,observation_disappearance_unknown_cause,outside_frame,
abce4c58896057ca,2021.07.24.19.10.14_veh-37_02937_03698,on_traffic_light_intersection,99,1627157355149966,0cb343d049db516e,observation_disappearance_unknown_cause,outside_frame,
abce4c58896057ca,2021.07.24.19.10.14_veh-37_02937_03698,on_traffic_light_intersection,99,1627157355149966,567290d76ea858f5,spatial_entry,outside_frame,kept
abce4c58896057ca,2021.07.24.19.10.14_veh-37_02937_03698,on_traffic_light_intersection,99,1627157355149966,7f0758b929bb5acd,observation_appearance_censored,,outside_frame
abce4c58896057ca,2021.07.24.19.10.14_veh-37_02937_03698,on_traffic_light_intersection,99,1627157355149966,dd377dae2cd75cf6,observation_appearance_censored,,outside_frame
abce4c58896057ca,2021.07.24.19.10.14_veh-37_02937_03698,on_traffic_light_intersection,100,1627157355199982,53dc3764f6b95c83,observation_disappearance_unknown_cause,cap_excluded,
abce4c58896057ca,2021.07.24.19.10.14_veh-37_02937_03698,on_traffic_light_intersection,100,1627157355199982,76121a8f93905661,spatial_entry,outside_frame,kept
abce4c58896057ca,2021.07.24.19.10.14_veh-37_02937_03698,on_traffic_light_intersection,100,1627157355199982,9f896d43db1b5205,observation_disappearance_unknown_cause,outside_frame,
abce4c58896057ca,2021.07.24.19.10.14_veh-37_02937_03698,on_traffic_light_intersection,100,1627157355199982,e7723b9cf2675438,capacity_exclusion,kept,cap_excluded
abce4c58896057ca,2021.07.24.19.10.14_veh-37_02937_03698,on_traffic_light_intersection,100,1627157355199982,ef0dc2e670085682,observation_appearance_censored,,kept
2a36b4bcb7c45686,2021.07.24.15.54.20_veh-47_03573_05252,traversing_intersection,1,1627146591300209,39af0259334a5724,observation_disappearance_unknown_cause,kept,
2a36b4bcb7c45686,2021.07.24.15.54.20_veh-47_03573_05252,traversing_intersection,1,1627146591300209,650967b9be6b5ef5,observation_disappearance_unknown_cause,outside_frame,
2a36b4bcb7c45686,2021.07.24.15.54.20_veh-47_03573_05252,traversing_intersection,2,1627146591350200,dd7a9201365d57f9,observation_appearance_censored,,raw_drivable_area_exclusion
2a36b4bcb7c45686,2021.07.24.15.54.20_veh-47_03573_05252,traversing_intersection,5,1627146591500143,b3068af60c425bd1,spatial_exit,kept,outside_frame
2a36b4bcb7c45686,2021.07.24.15.54.20_veh-47_03573_05252,traversing_intersection,5,1627146591500143,ba4973a1575d5ff7,spatial_entry,raw_drivable_area_exclusion,raw_drivable_area_exclusion
2a36b4bcb7c45686,2021.07.24.15.54.20_veh-47_03573_05252,traversing_intersection,5,1627146591500143,ec6ed0d164fa5239,observation_disappearance_unknown_cause,kept,
2a36b4bcb7c45686,2021.07.24.15.54.20_veh-47_03573_05252,traversing_intersection,6,1627146591550118,3ea23e8393ac5501,observation_appearance_censored,,raw_drivable_area_exclusion
2a36b4bcb7c45686,2021.07.24.15.54.20_veh-47_03573_05252,traversing_intersection,7,1627146591600089,1a9e599926f85cca,observation_disappearance_unknown_cause,kept,
2a36b4bcb7c45686,2021.07.24.15.54.20_veh-47_03573_05252,traversing_intersection,10,1627146591749987,ddf6de6dd7485e13,observation_disappearance_unknown_cause,kept,
2a36b4bcb7c45686,2021.07.24.15.54.20_veh-47_03573_05252,traversing_intersection,13,1627146591899862,0504c6dfc8fc5d19,observation_disappearance_unknown_cause,outside_frame,
2a36b4bcb7c45686,2021.07.24.15.54.20_veh-47_03573_05252,traversing_intersection,13,1627146591899862,55bdd028b5325cd1,spatial_entry,raw_drivable_area_exclusion,raw_drivable_area_exclusion
2a36b4bcb7c45686,2021.07.24.15.54.20_veh-47_03573_05252,traversing_intersection,13,1627146591899862,96b2e03d092b59f6,observation_disappearance_unknown_cause,kept,
2a36b4bcb7c45686,2021.07.24.15.54.20_veh-47_03573_05252,traversing_intersection,15,1627146591999774,03fa79a641075b49,spatial_entry,outside_frame,kept
2a36b4bcb7c45686,2021.07.24.15.54.20_veh-47_03573_05252,traversing_intersection,16,1627146592049733,3ea23e8393ac5501,observation_disappearance_unknown_cause,raw_drivable_area_exclusion,
2a36b4bcb7c45686,2021.07.24.15.54.20_veh-47_03573_05252,traversing_intersection,17,1627146592099696,a2addeb48f0a5935,observation_disappearance_unknown_cause,kept,
2a36b4bcb7c45686,2021.07.24.15.54.20_veh-47_03573_05252,traversing_intersection,17,1627146592099696,fe0686e463f35afa,observation_disappearance_unknown_cause,outside_frame,
2a36b4bcb7c45686,2021.07.24.15.54.20_veh-47_03573_05252,traversing_intersection,18,1627146592149665,a3543029df4d5662,observation_disappearance_unknown_cause,kept,
2a36b4bcb7c45686,2021.07.24.15.54.20_veh-47_03573_05252,traversing_intersection,18,1627146592149665,a418879f30f65389,observation_disappearance_unknown_cause,kept,
2a36b4bcb7c45686,2021.07.24.15.54.20_veh-47_03573_05252,traversing_intersection,18,1627146592149665,eff57100476d5295,spatial_entry,raw_drivable_area_exclusion,raw_drivable_area_exclusion
2a36b4bcb7c45686,2021.07.24.15.54.20_veh-47_03573_05252,traversing_intersection,19,1627146592199633,0d50113a59cb5191,observation_disappearance_unknown_cause,outside_frame,
2a36b4bcb7c45686,2021.07.24.15.54.20_veh-47_03573_05252,traversing_intersection,19,1627146592199633,1bed8bc202495f2a,observation_appearance_censored,,outside_frame
2a36b4bcb7c45686,2021.07.24.15.54.20_veh-47_03573_05252,traversing_intersection,19,1627146592199633,77fdf71be6085022,observation_appearance_censored,,outside_frame
2a36b4bcb7c45686,2021.07.24.15.54.20_veh-47_03573_05252,traversing_intersection,21,1627146592299565,88a44fab6131538f,observation_appearance_censored,,outside_frame
2a36b4bcb7c45686,2021.07.24.15.54.20_veh-47_03573_05252,traversing_intersection,23,1627146592399484,03fa79a641075b49,spatial_exit,kept,outside_frame
2a36b4bcb7c45686,2021.07.24.15.54.20_veh-47_03573_05252,traversing_intersection,24,1627146592449438,7ddbe0d843715ca9,observation_disappearance_unknown_cause,outside_frame,
2a36b4bcb7c45686,2021.07.24.15.54.20_veh-47_03573_05252,traversing_intersection,24,1627146592449438,821b0959207551d4,observation_disappearance_unknown_cause,kept,
2a36b4bcb7c45686,2021.07.24.15.54.20_veh-47_03573_05252,traversing_intersection,24,1627146592449438,8651ec0d58775149,observation_appearance_censored,,raw_drivable_area_exclusion
2a36b4bcb7c45686,2021.07.24.15.54.20_veh-47_03573_05252,traversing_intersection,25,1627146592499389,4b3dbe42490059ea,observation_disappearance_unknown_cause,kept,
2a36b4bcb7c45686,2021.07.24.15.54.20_veh-47_03573_05252,traversing_intersection,26,1627146592549340,e73515546f0f58ec,observation_disappearance_unknown_cause,kept,
2a36b4bcb7c45686,2021.07.24.15.54.20_veh-47_03573_05252,traversing_intersection,27,1627146592599290,4f24c8c23e2c5d61,observation_disappearance_unknown_cause,kept,
2a36b4bcb7c45686,2021.07.24.15.54.20_veh-47_03573_05252,traversing_intersection,27,1627146592599290,ae0bb609941d54cf,observation_appearance_censored,,outside_frame
2a36b4bcb7c45686,2021.07.24.15.54.20_veh-47_03573_05252,traversing_intersection,27,1627146592599290,ecd2739dc725593a,observation_appearance_censored,,outside_frame
2a36b4bcb7c45686,2021.07.24.15.54.20_veh-47_03573_05252,traversing_intersection,28,1627146592649243,7438d7901767593f,spatial_entry,raw_drivable_area_exclusion,raw_drivable_area_exclusion
2a36b4bcb7c45686,2021.07.24.15.54.20_veh-47_03573_05252,traversing_intersection,28,1627146592649243,88a44fab6131538f,observation_disappearance_unknown_cause,outside_frame,
2a36b4bcb7c45686,2021.07.24.15.54.20_veh-47_03573_05252,traversing_intersection,29,1627146592699196,dea436dd5d4e5455,observation_disappearance_unknown_cause,kept,
2a36b4bcb7c45686,2021.07.24.15.54.20_veh-47_03573_05252,traversing_intersection,30,1627146592749151,2f391e5c7202579d,observation_appearance_censored,,kept
2a36b4bcb7c45686,2021.07.24.15.54.20_veh-47_03573_05252,traversing_intersection,31,1627146592799106,1a17fda75ad35374,observation_disappearance_unknown_cause,kept,
2a36b4bcb7c45686,2021.07.24.15.54.20_veh-47_03573_05252,traversing_intersection,31,1627146592799106,9f8004e4d50f5b50,observation_appearance_censored,,outside_frame
2a36b4bcb7c45686,2021.07.24.15.54.20_veh-47_03573_05252,traversing_intersection,33,1627146592899009,ae0bb609941d54cf,spatial_entry,outside_frame,kept
2a36b4bcb7c45686,2021.07.24.15.54.20_veh-47_03573_05252,traversing_intersection,34,1627146592948956,03fa79a641075b49,observation_disappearance_unknown_cause,outside_frame,
2a36b4bcb7c45686,2021.07.24.15.54.20_veh-47_03573_05252,traversing_intersection,34,1627146592948956,270ce3ae9b105c35,observation_disappearance_unknown_cause,outside_frame,
2a36b4bcb7c45686,2021.07.24.15.54.20_veh-47_03573_05252,traversing_intersection,34,1627146592948956,9b6c6640d8965417,spatial_entry,raw_drivable_area_exclusion,raw_drivable_area_exclusion
2a36b4bcb7c45686,2021.07.24.15.54.20_veh-47_03573_05252,traversing_intersection,34,1627146592948956,d9032b002d7553eb,spatial_entry,outside_frame,kept
2a36b4bcb7c45686,2021.07.24.15.54.20_veh-47_03573_05252,traversing_intersection,34,1627146592948956,ecd2739dc725593a,observation_disappearance_unknown_cause,outside_frame,
2a36b4bcb7c45686,2021.07.24.15.54.20_veh-47_03573_05252,traversing_intersection,35,1627146592998901,64d707d202ea56b5,observation_disappearance_unknown_cause,outside_frame,
2a36b4bcb7c45686,2021.07.24.15.54.20_veh-47_03573_05252,traversing_intersection,38,1627146593148747,2f391e5c7202579d,observation_disappearance_unknown_cause,kept,
2a36b4bcb7c45686,2021.07.24.15.54.20_veh-47_03573_05252,traversing_intersection,39,1627146593198709,25aa6b0a2c2e50b5,observation_disappearance_unknown_cause,outside_frame,
2a36b4bcb7c45686,2021.07.24.15.54.20_veh-47_03573_05252,traversing_intersection,39,1627146593198709,b1783ba2761a587b,observation_disappearance_unknown_cause,outside_frame,
2a36b4bcb7c45686,2021.07.24.15.54.20_veh-47_03573_05252,traversing_intersection,40,1627146593248679,22ba78f11a97504f,observation_disappearance_unknown_cause,outside_frame,
2a36b4bcb7c45686,2021.07.24.15.54.20_veh-47_03573_05252,traversing_intersection,40,1627146593248679,85618f1130f952aa,observation_disappearance_unknown_cause,outside_frame,
2a36b4bcb7c45686,2021.07.24.15.54.20_veh-47_03573_05252,traversing_intersection,41,1627146593298659,0806927e4cb852df,observation_disappearance_unknown_cause,outside_frame,
2a36b4bcb7c45686,2021.07.24.15.54.20_veh-47_03573_05252,traversing_intersection,41,1627146593298659,0d26a65a33dc5132,observation_disappearance_unknown_cause,outside_frame,
2a36b4bcb7c45686,2021.07.24.15.54.20_veh-47_03573_05252,traversing_intersection,42,1627146593348647,0e39dbe5548559c7,observation_disappearance_unknown_cause,outside_frame,
2a36b4bcb7c45686,2021.07.24.15.54.20_veh-47_03573_05252,traversing_intersection,42,1627146593348647,55bdd028b5325cd1,observation_disappearance_unknown_cause,raw_drivable_area_exclusion,
2a36b4bcb7c45686,2021.07.24.15.54.20_veh-47_03573_05252,traversing_intersection,42,1627146593348647,807cfa39aebb551c,observation_disappearance_unknown_cause,outside_frame,
2a36b4bcb7c45686,2021.07.24.15.54.20_veh-47_03573_05252,traversing_intersection,42,1627146593348647,82b39d7b92bb5603,observation_disappearance_unknown_cause,raw_drivable_area_exclusion,
2a36b4bcb7c45686,2021.07.24.15.54.20_veh-47_03573_05252,traversing_intersection,42,1627146593348647,8651ec0d58775149,spatial_entry,raw_drivable_area_exclusion,raw_drivable_area_exclusion
2a36b4bcb7c45686,2021.07.24.15.54.20_veh-47_03573_05252,traversing_intersection,42,1627146593348647,a01e64a99dfa5d99,observation_disappearance_unknown_cause,outside_frame,
2a36b4bcb7c45686,2021.07.24.15.54.20_veh-47_03573_05252,traversing_intersection,42,1627146593348647,a444ed4ac3c55894,observation_disappearance_unknown_cause,outside_frame,
2a36b4bcb7c45686,2021.07.24.15.54.20_veh-47_03573_05252,traversing_intersection,42,1627146593348647,ecdf1ae5bd115c55,observation_disappearance_unknown_cause,outside_frame,
2a36b4bcb7c45686,2021.07.24.15.54.20_veh-47_03573_05252,traversing_intersection,43,1627146593398647,b164fe4dca4e5e1a,spatial_exit,kept,outside_frame
2a36b4bcb7c45686,2021.07.24.15.54.20_veh-47_03573_05252,traversing_intersection,44,1627146593448658,1de730b64e7e5820,observation_disappearance_unknown_cause,outside_frame,
2a36b4bcb7c45686,2021.07.24.15.54.20_veh-47_03573_05252,traversing_intersection,44,1627146593448658,4c23ff72159c5466,observation_disappearance_unknown_cause,outside_frame,
2a36b4bcb7c45686,2021.07.24.15.54.20_veh-47_03573_05252,traversing_intersection,44,1627146593448658,ba4973a1575d5ff7,observation_disappearance_unknown_cause,raw_drivable_area_exclusion,
2a36b4bcb7c45686,2021.07.24.15.54.20_veh-47_03573_05252,traversing_intersection,45,1627146593498685,eb1cd1f62ba45ff1,spatial_exit,kept,outside_frame
2a36b4bcb7c45686,2021.07.24.15.54.20_veh-47_03573_05252,traversing_intersection,46,1627146593548726,eff57100476d5295,observation_disappearance_unknown_cause,raw_drivable_area_exclusion,
2a36b4bcb7c45686,2021.07.24.15.54.20_veh-47_03573_05252,traversing_intersection,47,1627146593598780,9ef10c9c13955895,observation_disappearance_unknown_cause,outside_frame,
2a36b4bcb7c45686,2021.07.24.15.54.20_veh-47_03573_05252,traversing_intersection,47,1627146593598780,eb1cd1f62ba45ff1,observation_disappearance_unknown_cause,outside_frame,
2a36b4bcb7c45686,2021.07.24.15.54.20_veh-47_03573_05252,traversing_intersection,50,1627146593748951,b3068af60c425bd1,observation_disappearance_unknown_cause,outside_frame,
2a36b4bcb7c45686,2021.07.24.15.54.20_veh-47_03573_05252,traversing_intersection,50,1627146593748951,dd7a9201365d57f9,spatial_entry,raw_drivable_area_exclusion,raw_drivable_area_exclusion
2a36b4bcb7c45686,2021.07.24.15.54.20_veh-47_03573_05252,traversing_intersection,51,1627146593799007,64a1b2954b725e5d,observation_disappearance_unknown_cause,kept,
2a36b4bcb7c45686,2021.07.24.15.54.20_veh-47_03573_05252,traversing_intersection,51,1627146593799007,dce0c8dd591d5618,observation_disappearance_unknown_cause,outside_frame,
2a36b4bcb7c45686,2021.07.24.15.54.20_veh-47_03573_05252,traversing_intersection,52,1627146593849061,322b7c7911fb5228,spatial_exit,kept,outside_frame
2a36b4bcb7c45686,2021.07.24.15.54.20_veh-47_03573_05252,traversing_intersection,52,1627146593849061,d7536dcc09c15934,observation_disappearance_unknown_cause,outside_frame,
2a36b4bcb7c45686,2021.07.24.15.54.20_veh-47_03573_05252,traversing_intersection,52,1627146593849061,f763c6abb02b5113,observation_disappearance_unknown_cause,outside_frame,
2a36b4bcb7c45686,2021.07.24.15.54.20_veh-47_03573_05252,traversing_intersection,53,1627146593899117,96ae475e91ad597f,observation_disappearance_unknown_cause,kept,
2a36b4bcb7c45686,2021.07.24.15.54.20_veh-47_03573_05252,traversing_intersection,53,1627146593899117,bd6263726bf85350,observation_disappearance_unknown_cause,kept,
2a36b4bcb7c45686,2021.07.24.15.54.20_veh-47_03573_05252,traversing_intersection,54,1627146593949172,774313c1b0365b3e,observation_disappearance_unknown_cause,outside_frame,
2a36b4bcb7c45686,2021.07.24.15.54.20_veh-47_03573_05252,traversing_intersection,54,1627146593949172,9f8004e4d50f5b50,observation_disappearance_unknown_cause,outside_frame,
2a36b4bcb7c45686,2021.07.24.15.54.20_veh-47_03573_05252,traversing_intersection,55,1627146593999224,7438d7901767593f,observation_disappearance_unknown_cause,raw_drivable_area_exclusion,
2a36b4bcb7c45686,2021.07.24.15.54.20_veh-47_03573_05252,traversing_intersection,56,1627146594049273,b164fe4dca4e5e1a,observation_disappearance_unknown_cause,outside_frame,
2a36b4bcb7c45686,2021.07.24.15.54.20_veh-47_03573_05252,traversing_intersection,59,1627146594199408,be6e5c909a095cf5,spatial_entry,raw_drivable_area_exclusion,raw_drivable_area_exclusion
2a36b4bcb7c45686,2021.07.24.15.54.20_veh-47_03573_05252,traversing_intersection,66,1627146594549716,b294e58f200b5632,spatial_exit,kept,outside_frame
2a36b4bcb7c45686,2021.07.24.15.54.20_veh-47_03573_05252,traversing_intersection,69,1627146594699854,939b6bb0193a5367,spatial_entry,raw_drivable_area_exclusion,raw_drivable_area_exclusion
2a36b4bcb7c45686,2021.07.24.15.54.20_veh-47_03573_05252,traversing_intersection,71,1627146594799939,322b7c7911fb5228,observation_disappearance_unknown_cause,outside_frame,
2a36b4bcb7c45686,2021.07.24.15.54.20_veh-47_03573_05252,traversing_intersection,73,1627146594900022,16dafd835e1152dc,observation_appearance_censored,,outside_frame
2a36b4bcb7c45686,2021.07.24.15.54.20_veh-47_03573_05252,traversing_intersection,77,1627146595100182,16dafd835e1152dc,observation_disappearance_unknown_cause,outside_frame,
2a36b4bcb7c45686,2021.07.24.15.54.20_veh-47_03573_05252,traversing_intersection,79,1627146595200225,31b7ac8dfc0f543a,spatial_entry,raw_drivable_area_exclusion,raw_drivable_area_exclusion
2a36b4bcb7c45686,2021.07.24.15.54.20_veh-47_03573_05252,traversing_intersection,83,1627146595400223,12dc53608e4a5d68,observation_disappearance_unknown_cause,kept,
2a36b4bcb7c45686,2021.07.24.15.54.20_veh-47_03573_05252,traversing_intersection,87,1627146595600117,86c1893ab8fe597d,observation_disappearance_unknown_cause,outside_frame,
2a36b4bcb7c45686,2021.07.24.15.54.20_veh-47_03573_05252,traversing_intersection,90,1627146595749995,763941dcea46589e,observation_appearance_censored,,raw_drivable_area_exclusion
2a36b4bcb7c45686,2021.07.24.15.54.20_veh-47_03573_05252,traversing_intersection,90,1627146595749995,dad6fbc4926e5ab3,spatial_entry,raw_drivable_area_exclusion,raw_drivable_area_exclusion
2a36b4bcb7c45686,2021.07.24.15.54.20_veh-47_03573_05252,traversing_intersection,92,1627146595849918,209d49dcbb2c5fe2,observation_appearance_censored,,raw_drivable_area_exclusion
2a36b4bcb7c45686,2021.07.24.15.54.20_veh-47_03573_05252,traversing_intersection,92,1627146595849918,ae6fb3d0dbe35a33,spatial_exit,kept,outside_frame
2a36b4bcb7c45686,2021.07.24.15.54.20_veh-47_03573_05252,traversing_intersection,95,1627146595999832,763941dcea46589e,observation_disappearance_unknown_cause,raw_drivable_area_exclusion,
2a36b4bcb7c45686,2021.07.24.15.54.20_veh-47_03573_05252,traversing_intersection,99,1627146596199781,e9ecca9d72b356f8,observation_appearance_censored,,kept
2a36b4bcb7c45686,2021.07.24.15.54.20_veh-47_03573_05252,traversing_intersection,100,1627146596249777,209d49dcbb2c5fe2,observation_disappearance_unknown_cause,raw_drivable_area_exclusion,
7ccc707ccf4f5dab,2021.10.13.14.40.14_veh-28_01119_01246,traversing_intersection,4,1634137278850038,082dfcac217e5974,observation_disappearance_unknown_cause,raw_drivable_area_exclusion,
7ccc707ccf4f5dab,2021.10.13.14.40.14_veh-28_01119_01246,traversing_intersection,4,1634137278850038,b15df450683a5d64,observation_appearance_censored,,outside_frame
7ccc707ccf4f5dab,2021.10.13.14.40.14_veh-28_01119_01246,traversing_intersection,4,1634137278850038,e66366838bc25661,spatial_exit,kept,outside_frame
7ccc707ccf4f5dab,2021.10.13.14.40.14_veh-28_01119_01246,traversing_intersection,5,1634137278900071,3ff8fb76d8fa519e,observation_disappearance_unknown_cause,outside_frame,
7ccc707ccf4f5dab,2021.10.13.14.40.14_veh-28_01119_01246,traversing_intersection,5,1634137278900071,a1d233a3325852cd,observation_appearance_censored,,raw_drivable_area_exclusion
7ccc707ccf4f5dab,2021.10.13.14.40.14_veh-28_01119_01246,traversing_intersection,6,1634137278950103,6fc19ebc6d0f5f64,observation_disappearance_unknown_cause,kept,
7ccc707ccf4f5dab,2021.10.13.14.40.14_veh-28_01119_01246,traversing_intersection,6,1634137278950103,a8b69b46a3e35fee,observation_disappearance_unknown_cause,raw_drivable_area_exclusion,
7ccc707ccf4f5dab,2021.10.13.14.40.14_veh-28_01119_01246,traversing_intersection,7,1634137279000132,b1aa7a07b94b5720,observation_disappearance_unknown_cause,raw_drivable_area_exclusion,
7ccc707ccf4f5dab,2021.10.13.14.40.14_veh-28_01119_01246,traversing_intersection,8,1634137279050159,24c156e692865a33,spatial_entry,raw_drivable_area_exclusion,raw_drivable_area_exclusion
7ccc707ccf4f5dab,2021.10.13.14.40.14_veh-28_01119_01246,traversing_intersection,9,1634137279100179,9fb0e68f85ad51ad,observation_disappearance_unknown_cause,outside_frame,
7ccc707ccf4f5dab,2021.10.13.14.40.14_veh-28_01119_01246,traversing_intersection,11,1634137279200199,aa23ef4f4994504c,spatial_exit,kept,outside_frame
7ccc707ccf4f5dab,2021.10.13.14.40.14_veh-28_01119_01246,traversing_intersection,11,1634137279200199,b82a9d3426075cf6,spatial_entry,raw_drivable_area_exclusion,raw_drivable_area_exclusion
7ccc707ccf4f5dab,2021.10.13.14.40.14_veh-28_01119_01246,traversing_intersection,12,1634137279250197,d1e2dcb60f4d5889,spatial_exit,kept,outside_frame
7ccc707ccf4f5dab,2021.10.13.14.40.14_veh-28_01119_01246,traversing_intersection,14,1634137279350166,cbb7744475e553a8,observation_disappearance_unknown_cause,raw_drivable_area_exclusion,
7ccc707ccf4f5dab,2021.10.13.14.40.14_veh-28_01119_01246,traversing_intersection,15,1634137279400140,2d4319830a375393,spatial_exit,kept,outside_frame
7ccc707ccf4f5dab,2021.10.13.14.40.14_veh-28_01119_01246,traversing_intersection,15,1634137279400140,686f50ce92bc590c,observation_disappearance_unknown_cause,outside_frame,
7ccc707ccf4f5dab,2021.10.13.14.40.14_veh-28_01119_01246,traversing_intersection,16,1634137279450111,4725fb02eab65e66,spatial_entry,outside_frame,kept
7ccc707ccf4f5dab,2021.10.13.14.40.14_veh-28_01119_01246,traversing_intersection,16,1634137279450111,eeab9e6a8b845a51,observation_disappearance_unknown_cause,outside_frame,
7ccc707ccf4f5dab,2021.10.13.14.40.14_veh-28_01119_01246,traversing_intersection,18,1634137279550048,1d680bd2765c5e85,spatial_exit,kept,outside_frame
7ccc707ccf4f5dab,2021.10.13.14.40.14_veh-28_01119_01246,traversing_intersection,22,1634137279749932,4902d09098d75b0d,spatial_entry,raw_drivable_area_exclusion,raw_drivable_area_exclusion
7ccc707ccf4f5dab,2021.10.13.14.40.14_veh-28_01119_01246,traversing_intersection,22,1634137279749932,e37d9a4dac685239,spatial_exit,kept,outside_frame
7ccc707ccf4f5dab,2021.10.13.14.40.14_veh-28_01119_01246,traversing_intersection,23,1634137279799908,22ea925a95da5225,spatial_exit,kept,outside_frame
7ccc707ccf4f5dab,2021.10.13.14.40.14_veh-28_01119_01246,traversing_intersection,24,1634137279849882,754a8807e78b5f72,observation_disappearance_unknown_cause,outside_frame,
7ccc707ccf4f5dab,2021.10.13.14.40.14_veh-28_01119_01246,traversing_intersection,25,1634137279899856,2a1d38d6fdab5871,observation_disappearance_unknown_cause,outside_frame,
7ccc707ccf4f5dab,2021.10.13.14.40.14_veh-28_01119_01246,traversing_intersection,26,1634137279949827,6b48881210b258e2,spatial_exit,kept,outside_frame
7ccc707ccf4f5dab,2021.10.13.14.40.14_veh-28_01119_01246,traversing_intersection,26,1634137279949827,77da3d833d055509,spatial_entry,raw_drivable_area_exclusion,raw_drivable_area_exclusion
7ccc707ccf4f5dab,2021.10.13.14.40.14_veh-28_01119_01246,traversing_intersection,26,1634137279949827,8a4eb83b324a5ef4,observation_disappearance_unknown_cause,kept,
7ccc707ccf4f5dab,2021.10.13.14.40.14_veh-28_01119_01246,traversing_intersection,26,1634137279949827,ac4d0ffb745e5f00,observation_disappearance_unknown_cause,outside_frame,
7ccc707ccf4f5dab,2021.10.13.14.40.14_veh-28_01119_01246,traversing_intersection,27,1634137279999798,17d04f92243e50cc,observation_appearance_censored,,outside_frame
7ccc707ccf4f5dab,2021.10.13.14.40.14_veh-28_01119_01246,traversing_intersection,29,1634137280099749,4fc69e0f376858bd,observation_disappearance_unknown_cause,kept,
7ccc707ccf4f5dab,2021.10.13.14.40.14_veh-28_01119_01246,traversing_intersection,29,1634137280099749,81791e66dbd158af,observation_appearance_censored,,kept
7ccc707ccf4f5dab,2021.10.13.14.40.14_veh-28_01119_01246,traversing_intersection,29,1634137280099749,bc6646a20315573c,observation_appearance_censored,,outside_frame
7ccc707ccf4f5dab,2021.10.13.14.40.14_veh-28_01119_01246,traversing_intersection,32,1634137280249684,35ad0d66614b53d9,observation_appearance_censored,,outside_frame
7ccc707ccf4f5dab,2021.10.13.14.40.14_veh-28_01119_01246,traversing_intersection,33,1634137280299663,17d04f92243e50cc,observation_disappearance_unknown_cause,outside_frame,
7ccc707ccf4f5dab,2021.10.13.14.40.14_veh-28_01119_01246,traversing_intersection,33,1634137280299663,2e8aaae58a755199,observation_appearance_censored,,outside_frame
7ccc707ccf4f5dab,2021.10.13.14.40.14_veh-28_01119_01246,traversing_intersection,33,1634137280299663,a381e7c5e3a45bc6,spatial_exit,kept,outside_frame
7ccc707ccf4f5dab,2021.10.13.14.40.14_veh-28_01119_01246,traversing_intersection,33,1634137280299663,bfd3bd3e13425cbd,observation_disappearance_unknown_cause,outside_frame,
7ccc707ccf4f5dab,2021.10.13.14.40.14_veh-28_01119_01246,traversing_intersection,34,1634137280349645,876e6c66acbf5cde,spatial_entry,raw_drivable_area_exclusion,raw_drivable_area_exclusion
7ccc707ccf4f5dab,2021.10.13.14.40.14_veh-28_01119_01246,traversing_intersection,35,1634137280399628,9222c8c10ac25273,observation_disappearance_unknown_cause,raw_drivable_area_exclusion,
7ccc707ccf4f5dab,2021.10.13.14.40.14_veh-28_01119_01246,traversing_intersection,37,1634137280499597,a935f5f909e151ba,observation_disappearance_unknown_cause,outside_frame,
7ccc707ccf4f5dab,2021.10.13.14.40.14_veh-28_01119_01246,traversing_intersection,39,1634137280599565,5f6a7b95326f5d7c,observation_disappearance_unknown_cause,kept,
7ccc707ccf4f5dab,2021.10.13.14.40.14_veh-28_01119_01246,traversing_intersection,39,1634137280599565,acfcab5a99445e8d,spatial_entry,raw_drivable_area_exclusion,raw_drivable_area_exclusion
7ccc707ccf4f5dab,2021.10.13.14.40.14_veh-28_01119_01246,traversing_intersection,40,1634137280649547,370ab80cc4e357aa,observation_appearance_censored,,outside_frame
7ccc707ccf4f5dab,2021.10.13.14.40.14_veh-28_01119_01246,traversing_intersection,41,1634137280699529,84ae1083833857ab,spatial_exit,kept,outside_frame
7ccc707ccf4f5dab,2021.10.13.14.40.14_veh-28_01119_01246,traversing_intersection,41,1634137280699529,a776ffd95fff5516,observation_disappearance_unknown_cause,kept,
7ccc707ccf4f5dab,2021.10.13.14.40.14_veh-28_01119_01246,traversing_intersection,41,1634137280699529,b89d67f2966257b4,observation_appearance_censored,,outside_frame
7ccc707ccf4f5dab,2021.10.13.14.40.14_veh-28_01119_01246,traversing_intersection,42,1634137280749515,8c0082c6b9bb5176,observation_appearance_censored,,outside_frame
7ccc707ccf4f5dab,2021.10.13.14.40.14_veh-28_01119_01246,traversing_intersection,43,1634137280799501,5ad7fe025ee2599b,observation_disappearance_unknown_cause,raw_drivable_area_exclusion,
7ccc707ccf4f5dab,2021.10.13.14.40.14_veh-28_01119_01246,traversing_intersection,43,1634137280799501,e0eaac2258235036,spatial_exit,kept,outside_frame
7ccc707ccf4f5dab,2021.10.13.14.40.14_veh-28_01119_01246,traversing_intersection,44,1634137280849488,13dfacd8e6c1578e,observation_appearance_censored,,outside_frame
7ccc707ccf4f5dab,2021.10.13.14.40.14_veh-28_01119_01246,traversing_intersection,45,1634137280899480,01b2d8414db452e3,spatial_entry,raw_drivable_area_exclusion,raw_drivable_area_exclusion
7ccc707ccf4f5dab,2021.10.13.14.40.14_veh-28_01119_01246,traversing_intersection,47,1634137280999464,bc6646a20315573c,observation_disappearance_unknown_cause,outside_frame,
7ccc707ccf4f5dab,2021.10.13.14.40.14_veh-28_01119_01246,traversing_intersection,48,1634137281049454,ab60a1ed32a85759,spatial_exit,kept,outside_frame
7ccc707ccf4f5dab,2021.10.13.14.40.14_veh-28_01119_01246,traversing_intersection,48,1634137281049454,b89d67f2966257b4,observation_disappearance_unknown_cause,outside_frame,
7ccc707ccf4f5dab,2021.10.13.14.40.14_veh-28_01119_01246,traversing_intersection,51,1634137281199421,60fb61de6f225ce3,observation_disappearance_unknown_cause,raw_drivable_area_exclusion,
7ccc707ccf4f5dab,2021.10.13.14.40.14_veh-28_01119_01246,traversing_intersection,51,1634137281199421,957093f1dbf25f6e,observation_appearance_censored,,outside_frame
7ccc707ccf4f5dab,2021.10.13.14.40.14_veh-28_01119_01246,traversing_intersection,52,1634137281249416,01f8691de5b05891,spatial_entry,raw_drivable_area_exclusion,raw_drivable_area_exclusion
7ccc707ccf4f5dab,2021.10.13.14.40.14_veh-28_01119_01246,traversing_intersection,52,1634137281249416,370ab80cc4e357aa,spatial_entry,outside_frame,kept
7ccc707ccf4f5dab,2021.10.13.14.40.14_veh-28_01119_01246,traversing_intersection,52,1634137281249416,a999fc3592715976,spatial_entry,outside_frame,kept
7ccc707ccf4f5dab,2021.10.13.14.40.14_veh-28_01119_01246,traversing_intersection,52,1634137281249416,dacfce341eee5915,observation_disappearance_unknown_cause,outside_frame,
7ccc707ccf4f5dab,2021.10.13.14.40.14_veh-28_01119_01246,traversing_intersection,53,1634137281299414,ccd6f1e4392d55b2,observation_appearance_censored,,kept
7ccc707ccf4f5dab,2021.10.13.14.40.14_veh-28_01119_01246,traversing_intersection,54,1634137281349415,707625a030655d59,spatial_exit,kept,outside_frame
7ccc707ccf4f5dab,2021.10.13.14.40.14_veh-28_01119_01246,traversing_intersection,54,1634137281349415,a5a0abccc8ee5be2,observation_appearance_censored,,outside_frame
7ccc707ccf4f5dab,2021.10.13.14.40.14_veh-28_01119_01246,traversing_intersection,55,1634137281399418,0d9ddd096afb51af,spatial_exit,kept,outside_frame
7ccc707ccf4f5dab,2021.10.13.14.40.14_veh-28_01119_01246,traversing_intersection,56,1634137281449427,e66366838bc25661,observation_disappearance_unknown_cause,outside_frame,
7ccc707ccf4f5dab,2021.10.13.14.40.14_veh-28_01119_01246,traversing_intersection,58,1634137281549458,969e22eac13554c8,observation_appearance_censored,,outside_frame
7ccc707ccf4f5dab,2021.10.13.14.40.14_veh-28_01119_01246,traversing_intersection,59,1634137281599477,3d30c0e845305c08,observation_appearance_censored,,outside_frame
7ccc707ccf4f5dab,2021.10.13.14.40.14_veh-28_01119_01246,traversing_intersection,59,1634137281599477,b52fbeb3ebf258e1,observation_disappearance_unknown_cause,raw_drivable_area_exclusion,
7ccc707ccf4f5dab,2021.10.13.14.40.14_veh-28_01119_01246,traversing_intersection,59,1634137281599477,e50e8b1232475071,spatial_entry,raw_drivable_area_exclusion,raw_drivable_area_exclusion
7ccc707ccf4f5dab,2021.10.13.14.40.14_veh-28_01119_01246,traversing_intersection,60,1634137281649497,6d9db64d7e485dd6,observation_disappearance_unknown_cause,raw_drivable_area_exclusion,
7ccc707ccf4f5dab,2021.10.13.14.40.14_veh-28_01119_01246,traversing_intersection,60,1634137281649497,ccd6f1e4392d55b2,observation_disappearance_unknown_cause,kept,
7ccc707ccf4f5dab,2021.10.13.14.40.14_veh-28_01119_01246,traversing_intersection,61,1634137281699520,b15df450683a5d64,observation_disappearance_unknown_cause,outside_frame,
7ccc707ccf4f5dab,2021.10.13.14.40.14_veh-28_01119_01246,traversing_intersection,62,1634137281749545,21ef6a601fe652d1,observation_appearance_censored,,outside_frame
7ccc707ccf4f5dab,2021.10.13.14.40.14_veh-28_01119_01246,traversing_intersection,63,1634137281799573,aa23ef4f4994504c,observation_disappearance_unknown_cause,outside_frame,
7ccc707ccf4f5dab,2021.10.13.14.40.14_veh-28_01119_01246,traversing_intersection,63,1634137281799573,b2aea1704a3a5596,spatial_entry,raw_drivable_area_exclusion,raw_drivable_area_exclusion
7ccc707ccf4f5dab,2021.10.13.14.40.14_veh-28_01119_01246,traversing_intersection,64,1634137281849601,d1e2dcb60f4d5889,observation_disappearance_unknown_cause,outside_frame,
7ccc707ccf4f5dab,2021.10.13.14.40.14_veh-28_01119_01246,traversing_intersection,65,1634137281899630,e37d9a4dac685239,observation_disappearance_unknown_cause,outside_frame,
7ccc707ccf4f5dab,2021.10.13.14.40.14_veh-28_01119_01246,traversing_intersection,66,1634137281949659,22ea925a95da5225,observation_disappearance_unknown_cause,outside_frame,
7ccc707ccf4f5dab,2021.10.13.14.40.14_veh-28_01119_01246,traversing_intersection,66,1634137281949659,370ab80cc4e357aa,observation_disappearance_unknown_cause,kept,
7ccc707ccf4f5dab,2021.10.13.14.40.14_veh-28_01119_01246,traversing_intersection,66,1634137281949659,ab60a1ed32a85759,observation_disappearance_unknown_cause,outside_frame,
7ccc707ccf4f5dab,2021.10.13.14.40.14_veh-28_01119_01246,traversing_intersection,69,1634137282099727,7c0538a338fc5f90,spatial_exit,kept,outside_frame
7ccc707ccf4f5dab,2021.10.13.14.40.14_veh-28_01119_01246,traversing_intersection,71,1634137282199762,000594a663e85e6c,observation_disappearance_unknown_cause,raw_drivable_area_exclusion,
7ccc707ccf4f5dab,2021.10.13.14.40.14_veh-28_01119_01246,traversing_intersection,71,1634137282199762,83698dc7d2815fd9,spatial_entry,raw_drivable_area_exclusion,raw_drivable_area_exclusion
7ccc707ccf4f5dab,2021.10.13.14.40.14_veh-28_01119_01246,traversing_intersection,74,1634137282349802,35ad0d66614b53d9,spatial_entry,outside_frame,kept
7ccc707ccf4f5dab,2021.10.13.14.40.14_veh-28_01119_01246,traversing_intersection,74,1634137282349802,84ae1083833857ab,observation_disappearance_unknown_cause,outside_frame,
7ccc707ccf4f5dab,2021.10.13.14.40.14_veh-28_01119_01246,traversing_intersection,74,1634137282349802,95e4ddf976c05450,observation_appearance_censored,,outside_frame
7ccc707ccf4f5dab,2021.10.13.14.40.14_veh-28_01119_01246,traversing_intersection,74,1634137282349802,c7361e7b639156ee,spatial_entry,raw_drivable_area_exclusion,raw_drivable_area_exclusion
7ccc707ccf4f5dab,2021.10.13.14.40.14_veh-28_01119_01246,traversing_intersection,74,1634137282349802,fa002343c544528e,observation_appearance_censored,,outside_frame
7ccc707ccf4f5dab,2021.10.13.14.40.14_veh-28_01119_01246,traversing_intersection,79,1634137282599871,ef831e93098b57c1,observation_appearance_censored,,outside_frame
7ccc707ccf4f5dab,2021.10.13.14.40.14_veh-28_01119_01246,traversing_intersection,81,1634137282699894,7f57f7d969dc5cab,spatial_exit,kept,outside_frame
7ccc707ccf4f5dab,2021.10.13.14.40.14_veh-28_01119_01246,traversing_intersection,83,1634137282799914,2d4319830a375393,observation_disappearance_unknown_cause,outside_frame,
7ccc707ccf4f5dab,2021.10.13.14.40.14_veh-28_01119_01246,traversing_intersection,83,1634137282799914,4725fb02eab65e66,spatial_exit,kept,outside_frame
7ccc707ccf4f5dab,2021.10.13.14.40.14_veh-28_01119_01246,traversing_intersection,83,1634137282799914,6b48881210b258e2,observation_disappearance_unknown_cause,outside_frame,
7ccc707ccf4f5dab,2021.10.13.14.40.14_veh-28_01119_01246,traversing_intersection,83,1634137282799914,a381e7c5e3a45bc6,observation_disappearance_unknown_cause,outside_frame,
7ccc707ccf4f5dab,2021.10.13.14.40.14_veh-28_01119_01246,traversing_intersection,83,1634137282799914,ef831e93098b57c1,observation_disappearance_unknown_cause,outside_frame,
7ccc707ccf4f5dab,2021.10.13.14.40.14_veh-28_01119_01246,traversing_intersection,84,1634137282849925,a1d233a3325852cd,spatial_entry,raw_drivable_area_exclusion,raw_drivable_area_exclusion
7ccc707ccf4f5dab,2021.10.13.14.40.14_veh-28_01119_01246,traversing_intersection,84,1634137282849925,d8eb1a7b60d95df8,observation_appearance_censored,,outside_frame
7ccc707ccf4f5dab,2021.10.13.14.40.14_veh-28_01119_01246,traversing_intersection,85,1634137282899935,1d680bd2765c5e85,observation_disappearance_unknown_cause,outside_frame,
7ccc707ccf4f5dab,2021.10.13.14.40.14_veh-28_01119_01246,traversing_intersection,88,1634137283049971,8a4cdb449e1c5270,spatial_exit,raw_drivable_area_exclusion,raw_drivable_area_exclusion
7ccc707ccf4f5dab,2021.10.13.14.40.14_veh-28_01119_01246,traversing_intersection,88,1634137283049971,e0eaac2258235036,observation_disappearance_unknown_cause,outside_frame,
7ccc707ccf4f5dab,2021.10.13.14.40.14_veh-28_01119_01246,traversing_intersection,89,1634137283099981,a7305f706511559b,observation_appearance_censored,,raw_drivable_area_exclusion
7ccc707ccf4f5dab,2021.10.13.14.40.14_veh-28_01119_01246,traversing_intersection,89,1634137283099981,c6678b2967d35565,observation_appearance_censored,,outside_frame
7ccc707ccf4f5dab,2021.10.13.14.40.14_veh-28_01119_01246,traversing_intersection,93,1634137283299966,2e8aaae58a755199,observation_disappearance_unknown_cause,outside_frame,
7ccc707ccf4f5dab,2021.10.13.14.40.14_veh-28_01119_01246,traversing_intersection,94,1634137283349953,a5a0abccc8ee5be2,spatial_entry,outside_frame,kept
7ccc707ccf4f5dab,2021.10.13.14.40.14_veh-28_01119_01246,traversing_intersection,94,1634137283349953,d8eb1a7b60d95df8,observation_disappearance_unknown_cause,outside_frame,
7ccc707ccf4f5dab,2021.10.13.14.40.14_veh-28_01119_01246,traversing_intersection,98,1634137283549880,a4b14ec237645231,observation_appearance_censored,,outside_frame
7ccc707ccf4f5dab,2021.10.13.14.40.14_veh-28_01119_01246,traversing_intersection,99,1634137283599856,4a5a1cebc5295c0b,observation_appearance_censored,,outside_frame
ebbad237c3c05ded,2021.07.24.16.07.03_veh-35_03033_05899,traversing_intersection,1,1627146510801508,03ec831993c15b2d,observation_appearance_censored,,outside_frame
ebbad237c3c05ded,2021.07.24.16.07.03_veh-35_03033_05899,traversing_intersection,1,1627146510801508,6b98694ef0d9568a,observation_appearance_censored,,outside_frame
ebbad237c3c05ded,2021.07.24.16.07.03_veh-35_03033_05899,traversing_intersection,1,1627146510801508,80195002c7e95b2a,observation_disappearance_unknown_cause,outside_frame,
ebbad237c3c05ded,2021.07.24.16.07.03_veh-35_03033_05899,traversing_intersection,1,1627146510801508,cca5f3d761575ff5,observation_appearance_censored,,outside_frame
ebbad237c3c05ded,2021.07.24.16.07.03_veh-35_03033_05899,traversing_intersection,2,1627146510851528,0bd633ad65285958,spatial_entry,outside_frame,kept
ebbad237c3c05ded,2021.07.24.16.07.03_veh-35_03033_05899,traversing_intersection,2,1627146510851528,921a037bd9b4530a,observation_disappearance_unknown_cause,kept,
ebbad237c3c05ded,2021.07.24.16.07.03_veh-35_03033_05899,traversing_intersection,3,1627146510901546,1d8812d4a020580d,observation_appearance_censored,,outside_frame
ebbad237c3c05ded,2021.07.24.16.07.03_veh-35_03033_05899,traversing_intersection,3,1627146510901546,22ea0c9b758850d5,observation_appearance_censored,,outside_frame
ebbad237c3c05ded,2021.07.24.16.07.03_veh-35_03033_05899,traversing_intersection,5,1627146511001584,eef12d947d90589b,observation_appearance_censored,,outside_frame
ebbad237c3c05ded,2021.07.24.16.07.03_veh-35_03033_05899,traversing_intersection,5,1627146511001584,f12b6920703750d2,spatial_entry,outside_frame,kept
ebbad237c3c05ded,2021.07.24.16.07.03_veh-35_03033_05899,traversing_intersection,6,1627146511051605,0b7683bf0c9c52ac,observation_disappearance_unknown_cause,kept,
ebbad237c3c05ded,2021.07.24.16.07.03_veh-35_03033_05899,traversing_intersection,6,1627146511051605,1878a72f4fbd5f58,observation_disappearance_unknown_cause,raw_drivable_area_exclusion,
ebbad237c3c05ded,2021.07.24.16.07.03_veh-35_03033_05899,traversing_intersection,7,1627146511101624,650b9b504cb75ef4,observation_appearance_censored,,kept
ebbad237c3c05ded,2021.07.24.16.07.03_veh-35_03033_05899,traversing_intersection,7,1627146511101624,7edf6815b2a65f7a,spatial_entry,outside_frame,kept
ebbad237c3c05ded,2021.07.24.16.07.03_veh-35_03033_05899,traversing_intersection,7,1627146511101624,8ac0b6354d5f5934,observation_appearance_censored,,outside_frame
ebbad237c3c05ded,2021.07.24.16.07.03_veh-35_03033_05899,traversing_intersection,8,1627146511151640,52909ed43bd25278,observation_appearance_censored,,kept
ebbad237c3c05ded,2021.07.24.16.07.03_veh-35_03033_05899,traversing_intersection,8,1627146511151640,858b745723095b4e,observation_disappearance_unknown_cause,outside_frame,
ebbad237c3c05ded,2021.07.24.16.07.03_veh-35_03033_05899,traversing_intersection,8,1627146511151640,a427b0468b7e56ff,observation_appearance_censored,,outside_frame
ebbad237c3c05ded,2021.07.24.16.07.03_veh-35_03033_05899,traversing_intersection,9,1627146511201650,09198dfe2eb05b7f,observation_appearance_censored,,outside_frame
ebbad237c3c05ded,2021.07.24.16.07.03_veh-35_03033_05899,traversing_intersection,9,1627146511201650,92cfefba8a7f5cfb,spatial_entry,outside_frame,kept
ebbad237c3c05ded,2021.07.24.16.07.03_veh-35_03033_05899,traversing_intersection,10,1627146511251653,5b8cfbc7fc5d5977,observation_appearance_censored,,outside_frame
ebbad237c3c05ded,2021.07.24.16.07.03_veh-35_03033_05899,traversing_intersection,10,1627146511251653,bf51c395cb855ea8,observation_appearance_censored,,outside_frame
ebbad237c3c05ded,2021.07.24.16.07.03_veh-35_03033_05899,traversing_intersection,10,1627146511251653,f65a3e26fc205353,spatial_entry,outside_frame,kept
ebbad237c3c05ded,2021.07.24.16.07.03_veh-35_03033_05899,traversing_intersection,11,1627146511301651,620dadd51d3d58e5,observation_appearance_censored,,outside_frame
ebbad237c3c05ded,2021.07.24.16.07.03_veh-35_03033_05899,traversing_intersection,11,1627146511301651,b2716d41bdf95cc3,spatial_entry,outside_frame,kept
ebbad237c3c05ded,2021.07.24.16.07.03_veh-35_03033_05899,traversing_intersection,12,1627146511351642,03bf78e164d75937,observation_disappearance_unknown_cause,outside_frame,
ebbad237c3c05ded,2021.07.24.16.07.03_veh-35_03033_05899,traversing_intersection,12,1627146511351642,4c5a857129035cc2,spatial_entry,outside_frame,kept
ebbad237c3c05ded,2021.07.24.16.07.03_veh-35_03033_05899,traversing_intersection,12,1627146511351642,737f630cd87a5bfb,observation_appearance_censored,,kept
ebbad237c3c05ded,2021.07.24.16.07.03_veh-35_03033_05899,traversing_intersection,12,1627146511351642,8a35bedf1c3a51e9,observation_disappearance_unknown_cause,outside_frame,
ebbad237c3c05ded,2021.07.24.16.07.03_veh-35_03033_05899,traversing_intersection,12,1627146511351642,92667b14282c515f,observation_disappearance_unknown_cause,outside_frame,
ebbad237c3c05ded,2021.07.24.16.07.03_veh-35_03033_05899,traversing_intersection,12,1627146511351642,e2123a9e1e5e558f,spatial_entry,outside_frame,kept
ebbad237c3c05ded,2021.07.24.16.07.03_veh-35_03033_05899,traversing_intersection,13,1627146511401626,e96bc2a144d954fe,observation_appearance_censored,,outside_frame
ebbad237c3c05ded,2021.07.24.16.07.03_veh-35_03033_05899,traversing_intersection,14,1627146511451603,10dbb8cc77d5576e,spatial_entry,outside_frame,kept
ebbad237c3c05ded,2021.07.24.16.07.03_veh-35_03033_05899,traversing_intersection,14,1627146511451603,1c1f582b15ca5eee,spatial_entry,outside_frame,kept
ebbad237c3c05ded,2021.07.24.16.07.03_veh-35_03033_05899,traversing_intersection,15,1627146511501578,f7c4c83f04235724,observation_disappearance_unknown_cause,outside_frame,
ebbad237c3c05ded,2021.07.24.16.07.03_veh-35_03033_05899,traversing_intersection,16,1627146511551552,06eaade02e035e2e,observation_appearance_censored,,outside_frame
ebbad237c3c05ded,2021.07.24.16.07.03_veh-35_03033_05899,traversing_intersection,16,1627146511551552,13bafdc4b07452e2,observation_disappearance_unknown_cause,outside_frame,
ebbad237c3c05ded,2021.07.24.16.07.03_veh-35_03033_05899,traversing_intersection,16,1627146511551552,5d9db9df491350b5,spatial_entry,outside_frame,kept
ebbad237c3c05ded,2021.07.24.16.07.03_veh-35_03033_05899,traversing_intersection,16,1627146511551552,d6f3cc2e660d513a,observation_appearance_censored,,outside_frame
ebbad237c3c05ded,2021.07.24.16.07.03_veh-35_03033_05899,traversing_intersection,16,1627146511551552,e7d8035f805f5576,observation_appearance_censored,,outside_frame
ebbad237c3c05ded,2021.07.24.16.07.03_veh-35_03033_05899,traversing_intersection,17,1627146511601527,559c86618c955302,observation_appearance_censored,,outside_frame
ebbad237c3c05ded,2021.07.24.16.07.03_veh-35_03033_05899,traversing_intersection,17,1627146511601527,cc7542bd17255ba1,observation_appearance_censored,,outside_frame
ebbad237c3c05ded,2021.07.24.16.07.03_veh-35_03033_05899,traversing_intersection,18,1627146511651504,476156d38f335d43,observation_appearance_censored,,outside_frame
ebbad237c3c05ded,2021.07.24.16.07.03_veh-35_03033_05899,traversing_intersection,18,1627146511651504,6584a3127e585365,observation_appearance_censored,,outside_frame
ebbad237c3c05ded,2021.07.24.16.07.03_veh-35_03033_05899,traversing_intersection,18,1627146511651504,678c2356c1ef5b73,observation_appearance_censored,,outside_frame
ebbad237c3c05ded,2021.07.24.16.07.03_veh-35_03033_05899,traversing_intersection,18,1627146511651504,9a38cc092a125724,observation_appearance_censored,,outside_frame
ebbad237c3c05ded,2021.07.24.16.07.03_veh-35_03033_05899,traversing_intersection,19,1627146511701482,183ea71646605358,observation_appearance_censored,,outside_frame
ebbad237c3c05ded,2021.07.24.16.07.03_veh-35_03033_05899,traversing_intersection,19,1627146511701482,2c00d4c043165a12,observation_appearance_censored,,outside_frame
ebbad237c3c05ded,2021.07.24.16.07.03_veh-35_03033_05899,traversing_intersection,19,1627146511701482,8ac0b6354d5f5934,observation_disappearance_unknown_cause,outside_frame,
ebbad237c3c05ded,2021.07.24.16.07.03_veh-35_03033_05899,traversing_intersection,19,1627146511701482,c05d8d9825775579,spatial_entry,outside_frame,kept
ebbad237c3c05ded,2021.07.24.16.07.03_veh-35_03033_05899,traversing_intersection,19,1627146511701482,cde1faae4a31529d,observation_appearance_censored,,outside_frame
ebbad237c3c05ded,2021.07.24.16.07.03_veh-35_03033_05899,traversing_intersection,19,1627146511701482,fdb627b1fea056e7,spatial_exit,kept,outside_frame
ebbad237c3c05ded,2021.07.24.16.07.03_veh-35_03033_05899,traversing_intersection,20,1627146511751455,8dfe1f59adb65e57,observation_appearance_censored,,raw_drivable_area_exclusion
ebbad237c3c05ded,2021.07.24.16.07.03_veh-35_03033_05899,traversing_intersection,21,1627146511801423,0071b0a188495448,observation_disappearance_unknown_cause,kept,
ebbad237c3c05ded,2021.07.24.16.07.03_veh-35_03033_05899,traversing_intersection,21,1627146511801423,5b70afbfee11571c,observation_appearance_censored,,outside_frame
ebbad237c3c05ded,2021.07.24.16.07.03_veh-35_03033_05899,traversing_intersection,21,1627146511801423,ad46e76a95ae5ff9,spatial_entry,outside_frame,kept
ebbad237c3c05ded,2021.07.24.16.07.03_veh-35_03033_05899,traversing_intersection,22,1627146511851386,39611282e4ab5bf6,observation_appearance_censored,,outside_frame
ebbad237c3c05ded,2021.07.24.16.07.03_veh-35_03033_05899,traversing_intersection,24,1627146511951301,2af88f9a3dfe5a76,observation_disappearance_unknown_cause,outside_frame,
ebbad237c3c05ded,2021.07.24.16.07.03_veh-35_03033_05899,traversing_intersection,24,1627146511951301,878007b35a905db8,spatial_entry,outside_frame,kept
ebbad237c3c05ded,2021.07.24.16.07.03_veh-35_03033_05899,traversing_intersection,26,1627146512051201,488136fe810f528d,observation_appearance_censored,,kept
ebbad237c3c05ded,2021.07.24.16.07.03_veh-35_03033_05899,traversing_intersection,26,1627146512051201,53de5b4c354b5bc3,observation_appearance_censored,,kept
ebbad237c3c05ded,2021.07.24.16.07.03_veh-35_03033_05899,traversing_intersection,26,1627146512051201,6ed5e673df7f5248,spatial_entry,outside_frame,kept
ebbad237c3c05ded,2021.07.24.16.07.03_veh-35_03033_05899,traversing_intersection,27,1627146512101151,26f4db7fac585c62,observation_appearance_censored,,outside_frame
ebbad237c3c05ded,2021.07.24.16.07.03_veh-35_03033_05899,traversing_intersection,27,1627146512101151,2ad537db5bb15faf,observation_disappearance_unknown_cause,outside_frame,
ebbad237c3c05ded,2021.07.24.16.07.03_veh-35_03033_05899,traversing_intersection,27,1627146512101151,2c47751d56d1594f,observation_appearance_censored,,outside_frame
ebbad237c3c05ded,2021.07.24.16.07.03_veh-35_03033_05899,traversing_intersection,27,1627146512101151,3db95a9f8db15e2a,observation_appearance_censored,,outside_frame
ebbad237c3c05ded,2021.07.24.16.07.03_veh-35_03033_05899,traversing_intersection,27,1627146512101151,80e008eda37254d6,observation_appearance_censored,,outside_frame
ebbad237c3c05ded,2021.07.24.16.07.03_veh-35_03033_05899,traversing_intersection,27,1627146512101151,972661533bb85f6e,observation_appearance_censored,,outside_frame
ebbad237c3c05ded,2021.07.24.16.07.03_veh-35_03033_05899,traversing_intersection,27,1627146512101151,c2f95eabb42c585c,observation_appearance_censored,,kept
ebbad237c3c05ded,2021.07.24.16.07.03_veh-35_03033_05899,traversing_intersection,28,1627146512151103,53e852c673325178,observation_appearance_censored,,outside_frame
ebbad237c3c05ded,2021.07.24.16.07.03_veh-35_03033_05899,traversing_intersection,28,1627146512151103,933a06dfaa2a5774,observation_disappearance_unknown_cause,outside_frame,
ebbad237c3c05ded,2021.07.24.16.07.03_veh-35_03033_05899,traversing_intersection,29,1627146512201053,3af01afc142e55c6,spatial_entry,outside_frame,kept
ebbad237c3c05ded,2021.07.24.16.07.03_veh-35_03033_05899,traversing_intersection,29,1627146512201053,64f1f643c84455cb,observation_appearance_censored,,outside_frame
ebbad237c3c05ded,2021.07.24.16.07.03_veh-35_03033_05899,traversing_intersection,29,1627146512201053,6e10406768155c4f,observation_disappearance_unknown_cause,outside_frame,
ebbad237c3c05ded,2021.07.24.16.07.03_veh-35_03033_05899,traversing_intersection,29,1627146512201053,786781fa5910560d,observation_disappearance_unknown_cause,outside_frame,
ebbad237c3c05ded,2021.07.24.16.07.03_veh-35_03033_05899,traversing_intersection,29,1627146512201053,af3675406bf95cd6,observation_appearance_censored,,outside_frame
ebbad237c3c05ded,2021.07.24.16.07.03_veh-35_03033_05899,traversing_intersection,30,1627146512250998,3272df694c6754e7,observation_appearance_censored,,outside_frame
ebbad237c3c05ded,2021.07.24.16.07.03_veh-35_03033_05899,traversing_intersection,30,1627146512250998,6538099a1ae752b0,observation_appearance_censored,,outside_frame
ebbad237c3c05ded,2021.07.24.16.07.03_veh-35_03033_05899,traversing_intersection,30,1627146512250998,c2f95eabb42c585c,observation_disappearance_unknown_cause,kept,
ebbad237c3c05ded,2021.07.24.16.07.03_veh-35_03033_05899,traversing_intersection,30,1627146512250998,feeab4cdeed652ed,observation_appearance_censored,,outside_frame
ebbad237c3c05ded,2021.07.24.16.07.03_veh-35_03033_05899,traversing_intersection,31,1627146512300941,749434b191925703,observation_disappearance_unknown_cause,outside_frame,
ebbad237c3c05ded,2021.07.24.16.07.03_veh-35_03033_05899,traversing_intersection,31,1627146512300941,7e7b5162386552d2,observation_appearance_censored,,outside_frame
ebbad237c3c05ded,2021.07.24.16.07.03_veh-35_03033_05899,traversing_intersection,31,1627146512300941,956f13effab858e6,observation_appearance_censored,,kept
ebbad237c3c05ded,2021.07.24.16.07.03_veh-35_03033_05899,traversing_intersection,32,1627146512350882,3a7bdf8dd82d5184,spatial_exit,kept,outside_frame
ebbad237c3c05ded,2021.07.24.16.07.03_veh-35_03033_05899,traversing_intersection,32,1627146512350882,65ff527677735347,capacity_exclusion,kept,cap_excluded
ebbad237c3c05ded,2021.07.24.16.07.03_veh-35_03033_05899,traversing_intersection,32,1627146512350882,b113d33fd3b7571b,spatial_entry,outside_frame,kept
ebbad237c3c05ded,2021.07.24.16.07.03_veh-35_03033_05899,traversing_intersection,33,1627146512400820,28b238ef6a1f5405,spatial_entry,outside_frame,kept
ebbad237c3c05ded,2021.07.24.16.07.03_veh-35_03033_05899,traversing_intersection,33,1627146512400820,bcfb5f76b1105914,observation_appearance_censored,,cap_excluded
ebbad237c3c05ded,2021.07.24.16.07.03_veh-35_03033_05899,traversing_intersection,34,1627146512450758,36066175b8845886,spatial_entry,outside_frame,kept
ebbad237c3c05ded,2021.07.24.16.07.03_veh-35_03033_05899,traversing_intersection,34,1627146512450758,956f13effab858e6,capacity_exclusion,kept,cap_excluded
ebbad237c3c05ded,2021.07.24.16.07.03_veh-35_03033_05899,traversing_intersection,34,1627146512450758,fa38c057bc8e52e6,observation_disappearance_unknown_cause,outside_frame,
ebbad237c3c05ded,2021.07.24.16.07.03_veh-35_03033_05899,traversing_intersection,35,1627146512500696,49f63049602b5e6d,spatial_entry,outside_frame,kept
ebbad237c3c05ded,2021.07.24.16.07.03_veh-35_03033_05899,traversing_intersection,35,1627146512500696,aaf3a201b5285cc2,observation_appearance_censored,,outside_frame
ebbad237c3c05ded,2021.07.24.16.07.03_veh-35_03033_05899,traversing_intersection,35,1627146512500696,bd731de8f2aa5626,spatial_entry,outside_frame,kept
ebbad237c3c05ded,2021.07.24.16.07.03_veh-35_03033_05899,traversing_intersection,36,1627146512550634,6a2df7d8c26157c8,observation_appearance_censored,,outside_frame
ebbad237c3c05ded,2021.07.24.16.07.03_veh-35_03033_05899,traversing_intersection,37,1627146512600575,24b30ff585bd52fa,observation_appearance_censored,,outside_frame
ebbad237c3c05ded,2021.07.24.16.07.03_veh-35_03033_05899,traversing_intersection,37,1627146512600575,443e9159e44c5f29,observation_appearance_censored,,outside_frame
ebbad237c3c05ded,2021.07.24.16.07.03_veh-35_03033_05899,traversing_intersection,37,1627146512600575,82cbb5b2e06554eb,capacity_exclusion,kept,cap_excluded
ebbad237c3c05ded,2021.07.24.16.07.03_veh-35_03033_05899,traversing_intersection,37,1627146512600575,847f53e491d15282,observation_appearance_censored,,kept
ebbad237c3c05ded,2021.07.24.16.07.03_veh-35_03033_05899,traversing_intersection,37,1627146512600575,b902c0204f08595b,spatial_entry,outside_frame,kept
ebbad237c3c05ded,2021.07.24.16.07.03_veh-35_03033_05899,traversing_intersection,37,1627146512600575,e008c6d076a85d6f,observation_appearance_censored,,outside_frame
ebbad237c3c05ded,2021.07.24.16.07.03_veh-35_03033_05899,traversing_intersection,38,1627146512650516,f09f425bae6253f0,observation_appearance_censored,,outside_frame
ebbad237c3c05ded,2021.07.24.16.07.03_veh-35_03033_05899,traversing_intersection,39,1627146512700455,29576510454853c3,spatial_entry,outside_frame,kept
ebbad237c3c05ded,2021.07.24.16.07.03_veh-35_03033_05899,traversing_intersection,39,1627146512700455,53de5b4c354b5bc3,capacity_exclusion,kept,cap_excluded
ebbad237c3c05ded,2021.07.24.16.07.03_veh-35_03033_05899,traversing_intersection,40,1627146512750394,65ff527677735347,spatial_exit,cap_excluded,outside_frame
ebbad237c3c05ded,2021.07.24.16.07.03_veh-35_03033_05899,traversing_intersection,40,1627146512750394,956f13effab858e6,observation_disappearance_unknown_cause,cap_excluded,
ebbad237c3c05ded,2021.07.24.16.07.03_veh-35_03033_05899,traversing_intersection,40,1627146512750394,a4a05e43dc0657ec,observation_appearance_censored,,outside_frame
ebbad237c3c05ded,2021.07.24.16.07.03_veh-35_03033_05899,traversing_intersection,40,1627146512750394,bcfb5f76b1105914,spatial_exit,cap_excluded,outside_frame
ebbad237c3c05ded,2021.07.24.16.07.03_veh-35_03033_05899,traversing_intersection,40,1627146512750394,e2777fed7ab75d99,observation_appearance_censored,,kept
ebbad237c3c05ded,2021.07.24.16.07.03_veh-35_03033_05899,traversing_intersection,41,1627146512800331,04103cecb3d65497,observation_appearance_censored,,outside_frame
ebbad237c3c05ded,2021.07.24.16.07.03_veh-35_03033_05899,traversing_intersection,41,1627146512800331,06eaade02e035e2e,spatial_entry,outside_frame,kept
ebbad237c3c05ded,2021.07.24.16.07.03_veh-35_03033_05899,traversing_intersection,42,1627146512850269,b48920f2d3e4517b,observation_appearance_censored,,outside_frame
ebbad237c3c05ded,2021.07.24.16.07.03_veh-35_03033_05899,traversing_intersection,42,1627146512850269,d86d9c13d6b355ca,spatial_entry,outside_frame,kept
ebbad237c3c05ded,2021.07.24.16.07.03_veh-35_03033_05899,traversing_intersection,42,1627146512850269,fc9d5dd0c518550a,observation_appearance_censored,,outside_frame
ebbad237c3c05ded,2021.07.24.16.07.03_veh-35_03033_05899,traversing_intersection,43,1627146512900206,5e4aaf16451b5da9,capacity_exclusion,kept,cap_excluded
ebbad237c3c05ded,2021.07.24.16.07.03_veh-35_03033_05899,traversing_intersection,43,1627146512900206,b9686cf8df4d5723,observation_appearance_censored,,kept
ebbad237c3c05ded,2021.07.24.16.07.03_veh-35_03033_05899,traversing_intersection,44,1627146512950144,20ceaea2908a58f9,spatial_entry,outside_frame,kept
ebbad237c3c05ded,2021.07.24.16.07.03_veh-35_03033_05899,traversing_intersection,44,1627146512950144,488136fe810f528d,capacity_exclusion,kept,cap_excluded
ebbad237c3c05ded,2021.07.24.16.07.03_veh-35_03033_05899,traversing_intersection,44,1627146512950144,5e4aaf16451b5da9,observation_disappearance_unknown_cause,cap_excluded,
ebbad237c3c05ded,2021.07.24.16.07.03_veh-35_03033_05899,traversing_intersection,44,1627146512950144,7c84ecb0a0b85902,observation_appearance_censored,,outside_frame
ebbad237c3c05ded,2021.07.24.16.07.03_veh-35_03033_05899,traversing_intersection,44,1627146512950144,82cbb5b2e06554eb,observation_disappearance_unknown_cause,cap_excluded,
ebbad237c3c05ded,2021.07.24.16.07.03_veh-35_03033_05899,traversing_intersection,44,1627146512950144,a8c5fea76c2f59d0,observation_disappearance_unknown_cause,outside_frame,
ebbad237c3c05ded,2021.07.24.16.07.03_veh-35_03033_05899,traversing_intersection,45,1627146513000086,2f591bc41d8950d9,observation_appearance_censored,,outside_frame
ebbad237c3c05ded,2021.07.24.16.07.03_veh-35_03033_05899,traversing_intersection,45,1627146513000086,53bc7ef1a5e35513,observation_appearance_censored,,outside_frame
ebbad237c3c05ded,2021.07.24.16.07.03_veh-35_03033_05899,traversing_intersection,45,1627146513000086,7424cdb33a145a42,observation_appearance_censored,,outside_frame
ebbad237c3c05ded,2021.07.24.16.07.03_veh-35_03033_05899,traversing_intersection,46,1627146513050033,20ceaea2908a58f9,capacity_exclusion,kept,cap_excluded
ebbad237c3c05ded,2021.07.24.16.07.03_veh-35_03033_05899,traversing_intersection,46,1627146513050033,cea04d84fe5b5a96,observation_appearance_censored,,kept
ebbad237c3c05ded,2021.07.24.16.07.03_veh-35_03033_05899,traversing_intersection,46,1627146513050033,dd66eeb179345349,observation_appearance_censored,,kept
ebbad237c3c05ded,2021.07.24.16.07.03_veh-35_03033_05899,traversing_intersection,46,1627146513050033,e5e38d5bacf95b15,spatial_entry,outside_frame,cap_excluded
ebbad237c3c05ded,2021.07.24.16.07.03_veh-35_03033_05899,traversing_intersection,46,1627146513050033,ff5bfdf7d90a5fe2,observation_disappearance_unknown_cause,outside_frame,
ebbad237c3c05ded,2021.07.24.16.07.03_veh-35_03033_05899,traversing_intersection,47,1627146513099981,20ceaea2908a58f9,capacity_readmission,cap_excluded,kept
ebbad237c3c05ded,2021.07.24.16.07.03_veh-35_03033_05899,traversing_intersection,47,1627146513099981,4ee83af4b60a5f86,observation_appearance_censored,,raw_drivable_area_exclusion
ebbad237c3c05ded,2021.07.24.16.07.03_veh-35_03033_05899,traversing_intersection,47,1627146513099981,52909ed43bd25278,capacity_exclusion,kept,cap_excluded
ebbad237c3c05ded,2021.07.24.16.07.03_veh-35_03033_05899,traversing_intersection,47,1627146513099981,7febfa5e6fb75a3c,observation_appearance_censored,,outside_frame
ebbad237c3c05ded,2021.07.24.16.07.03_veh-35_03033_05899,traversing_intersection,48,1627146513149934,04103cecb3d65497,spatial_entry,outside_frame,kept
ebbad237c3c05ded,2021.07.24.16.07.03_veh-35_03033_05899,traversing_intersection,48,1627146513149934,65ff527677735347,observation_disappearance_unknown_cause,outside_frame,
ebbad237c3c05ded,2021.07.24.16.07.03_veh-35_03033_05899,traversing_intersection,48,1627146513149934,aaf3a201b5285cc2,observation_disappearance_unknown_cause,outside_frame,
ebbad237c3c05ded,2021.07.24.16.07.03_veh-35_03033_05899,traversing_intersection,48,1627146513149934,bcfb5f76b1105914,observation_disappearance_unknown_cause,outside_frame,
ebbad237c3c05ded,2021.07.24.16.07.03_veh-35_03033_05899,traversing_intersection,49,1627146513199894,2f591bc41d8950d9,spatial_entry,outside_frame,cap_excluded
ebbad237c3c05ded,2021.07.24.16.07.03_veh-35_03033_05899,traversing_intersection,49,1627146513199894,3f371ba6f51456a7,observation_appearance_censored,,outside_frame
ebbad237c3c05ded,2021.07.24.16.07.03_veh-35_03033_05899,traversing_intersection,49,1627146513199894,53de5b4c354b5bc3,spatial_exit,cap_excluded,outside_frame
ebbad237c3c05ded,2021.07.24.16.07.03_veh-35_03033_05899,traversing_intersection,49,1627146513199894,737f630cd87a5bfb,capacity_exclusion,kept,cap_excluded
ebbad237c3c05ded,2021.07.24.16.07.03_veh-35_03033_05899,traversing_intersection,49,1627146513199894,e5e38d5bacf95b15,capacity_readmission,cap_excluded,kept
ebbad237c3c05ded,2021.07.24.16.07.03_veh-35_03033_05899,traversing_intersection,50,1627146513249857,352bdd36b7e25db4,observation_appearance_censored,,outside_frame
ebbad237c3c05ded,2021.07.24.16.07.03_veh-35_03033_05899,traversing_intersection,50,1627146513249857,7b2649d07e7959b5,observation_appearance_censored,,outside_frame
ebbad237c3c05ded,2021.07.24.16.07.03_veh-35_03033_05899,traversing_intersection,50,1627146513249857,859f4cac0ea25acb,observation_disappearance_unknown_cause,outside_frame,
ebbad237c3c05ded,2021.07.24.16.07.03_veh-35_03033_05899,traversing_intersection,50,1627146513249857,bcf19cea6a8c547f,observation_appearance_censored,,outside_frame
ebbad237c3c05ded,2021.07.24.16.07.03_veh-35_03033_05899,traversing_intersection,50,1627146513249857,e008c6d076a85d6f,observation_disappearance_unknown_cause,outside_frame,
ebbad237c3c05ded,2021.07.24.16.07.03_veh-35_03033_05899,traversing_intersection,51,1627146513299828,2f591bc41d8950d9,capacity_readmission,cap_excluded,kept
ebbad237c3c05ded,2021.07.24.16.07.03_veh-35_03033_05899,traversing_intersection,51,1627146513299828,476156d38f335d43,spatial_entry,outside_frame,cap_excluded
ebbad237c3c05ded,2021.07.24.16.07.03_veh-35_03033_05899,traversing_intersection,51,1627146513299828,650b9b504cb75ef4,capacity_exclusion,kept,cap_excluded
ebbad237c3c05ded,2021.07.24.16.07.03_veh-35_03033_05899,traversing_intersection,51,1627146513299828,972661533bb85f6e,observation_disappearance_unknown_cause,outside_frame,
ebbad237c3c05ded,2021.07.24.16.07.03_veh-35_03033_05899,traversing_intersection,51,1627146513299828,f09f425bae6253f0,observation_disappearance_unknown_cause,outside_frame,
ebbad237c3c05ded,2021.07.24.16.07.03_veh-35_03033_05899,traversing_intersection,52,1627146513349804,1d8812d4a020580d,observation_disappearance_unknown_cause,outside_frame,
ebbad237c3c05ded,2021.07.24.16.07.03_veh-35_03033_05899,traversing_intersection,52,1627146513349804,64f1f643c84455cb,observation_disappearance_unknown_cause,outside_frame,
ebbad237c3c05ded,2021.07.24.16.07.03_veh-35_03033_05899,traversing_intersection,52,1627146513349804,8dfe1f59adb65e57,observation_disappearance_unknown_cause,raw_drivable_area_exclusion,
ebbad237c3c05ded,2021.07.24.16.07.03_veh-35_03033_05899,traversing_intersection,53,1627146513399790,3952d53cc06c5400,observation_disappearance_unknown_cause,outside_frame,
ebbad237c3c05ded,2021.07.24.16.07.03_veh-35_03033_05899,traversing_intersection,53,1627146513399790,65db5b01085357ba,observation_appearance_censored,,outside_frame
ebbad237c3c05ded,2021.07.24.16.07.03_veh-35_03033_05899,traversing_intersection,53,1627146513399790,aedd14cf846253bb,observation_appearance_censored,,raw_drivable_area_exclusion
ebbad237c3c05ded,2021.07.24.16.07.03_veh-35_03033_05899,traversing_intersection,53,1627146513399790,e96bc2a144d954fe,spatial_entry,outside_frame,cap_excluded
ebbad237c3c05ded,2021.07.24.16.07.03_veh-35_03033_05899,traversing_intersection,54,1627146513449783,183ea71646605358,spatial_entry,outside_frame,cap_excluded
ebbad237c3c05ded,2021.07.24.16.07.03_veh-35_03033_05899,traversing_intersection,54,1627146513449783,3db95a9f8db15e2a,observation_disappearance_unknown_cause,outside_frame,
ebbad237c3c05ded,2021.07.24.16.07.03_veh-35_03033_05899,traversing_intersection,54,1627146513449783,488136fe810f528d,spatial_exit,cap_excluded,outside_frame
ebbad237c3c05ded,2021.07.24.16.07.03_veh-35_03033_05899,traversing_intersection,54,1627146513449783,cc7542bd17255ba1,observation_disappearance_unknown_cause,outside_frame,
ebbad237c3c05ded,2021.07.24.16.07.03_veh-35_03033_05899,traversing_intersection,55,1627146513499783,5ec20eac7ec35dfe,observation_appearance_censored,,kept
ebbad237c3c05ded,2021.07.24.16.07.03_veh-35_03033_05899,traversing_intersection,55,1627146513499783,cde1faae4a31529d,spatial_entry,outside_frame,cap_excluded
ebbad237c3c05ded,2021.07.24.16.07.03_veh-35_03033_05899,traversing_intersection,56,1627146513549785,279d82da1f815b61,observation_disappearance_unknown_cause,outside_frame,
ebbad237c3c05ded,2021.07.24.16.07.03_veh-35_03033_05899,traversing_intersection,56,1627146513549785,352bdd36b7e25db4,observation_disappearance_unknown_cause,outside_frame,
ebbad237c3c05ded,2021.07.24.16.07.03_veh-35_03033_05899,traversing_intersection,56,1627146513549785,39611282e4ab5bf6,observation_disappearance_unknown_cause,outside_frame,
ebbad237c3c05ded,2021.07.24.16.07.03_veh-35_03033_05899,traversing_intersection,56,1627146513549785,5b70afbfee11571c,spatial_entry,outside_frame,cap_excluded
ebbad237c3c05ded,2021.07.24.16.07.03_veh-35_03033_05899,traversing_intersection,56,1627146513549785,5ec20eac7ec35dfe,spatial_exit,kept,outside_frame
ebbad237c3c05ded,2021.07.24.16.07.03_veh-35_03033_05899,traversing_intersection,57,1627146513599789,09198dfe2eb05b7f,observation_disappearance_unknown_cause,outside_frame,
ebbad237c3c05ded,2021.07.24.16.07.03_veh-35_03033_05899,traversing_intersection,57,1627146513599789,6584a3127e585365,observation_disappearance_unknown_cause,outside_frame,
ebbad237c3c05ded,2021.07.24.16.07.03_veh-35_03033_05899,traversing_intersection,57,1627146513599789,dd66eeb179345349,spatial_exit,kept,outside_frame
ebbad237c3c05ded,2021.07.24.16.07.03_veh-35_03033_05899,traversing_intersection,57,1627146513599789,fc9d5dd0c518550a,observation_disappearance_unknown_cause,outside_frame,
ebbad237c3c05ded,2021.07.24.16.07.03_veh-35_03033_05899,traversing_intersection,58,1627146513649794,e2777fed7ab75d99,spatial_exit,kept,outside_frame
ebbad237c3c05ded,2021.07.24.16.07.03_veh-35_03033_05899,traversing_intersection,58,1627146513649794,e7d8035f805f5576,observation_disappearance_unknown_cause,outside_frame,
ebbad237c3c05ded,2021.07.24.16.07.03_veh-35_03033_05899,traversing_intersection,59,1627146513699799,53de5b4c354b5bc3,observation_disappearance_unknown_cause,outside_frame,
ebbad237c3c05ded,2021.07.24.16.07.03_veh-35_03033_05899,traversing_intersection,60,1627146513749804,1a84b12705345f2a,observation_appearance_censored,,raw_drivable_area_exclusion
ebbad237c3c05ded,2021.07.24.16.07.03_veh-35_03033_05899,traversing_intersection,60,1627146513749804,43be915289aa548d,observation_appearance_censored,,kept
ebbad237c3c05ded,2021.07.24.16.07.03_veh-35_03033_05899,traversing_intersection,61,1627146513799810,3a2d73bd92f35711,capacity_exclusion,kept,cap_excluded
ebbad237c3c05ded,2021.07.24.16.07.03_veh-35_03033_05899,traversing_intersection,61,1627146513799810,439283ada3e05aa4,spatial_entry,outside_frame,kept
ebbad237c3c05ded,2021.07.24.16.07.03_veh-35_03033_05899,traversing_intersection,61,1627146513799810,443e9159e44c5f29,observation_disappearance_unknown_cause,outside_frame,
ebbad237c3c05ded,2021.07.24.16.07.03_veh-35_03033_05899,traversing_intersection,61,1627146513799810,476156d38f335d43,capacity_readmission,cap_excluded,kept
ebbad237c3c05ded,2021.07.24.16.07.03_veh-35_03033_05899,traversing_intersection,62,1627146513849816,22ea0c9b758850d5,observation_disappearance_unknown_cause,outside_frame,
ebbad237c3c05ded,2021.07.24.16.07.03_veh-35_03033_05899,traversing_intersection,62,1627146513849816,4412c08ee74c52e7,observation_disappearance_unknown_cause,outside_frame,
ebbad237c3c05ded,2021.07.24.16.07.03_veh-35_03033_05899,traversing_intersection,62,1627146513849816,c84bc9200efa59db,observation_disappearance_unknown_cause,outside_frame,
ebbad237c3c05ded,2021.07.24.16.07.03_veh-35_03033_05899,traversing_intersection,62,1627146513849816,e075bea9b29353c5,spatial_entry,outside_frame,kept
ebbad237c3c05ded,2021.07.24.16.07.03_veh-35_03033_05899,traversing_intersection,63,1627146513899823,52909ed43bd25278,spatial_exit,cap_excluded,outside_frame
ebbad237c3c05ded,2021.07.24.16.07.03_veh-35_03033_05899,traversing_intersection,63,1627146513899823,650b9b504cb75ef4,spatial_exit,cap_excluded,outside_frame
ebbad237c3c05ded,2021.07.24.16.07.03_veh-35_03033_05899,traversing_intersection,63,1627146513899823,737f630cd87a5bfb,spatial_exit,cap_excluded,outside_frame
ebbad237c3c05ded,2021.07.24.16.07.03_veh-35_03033_05899,traversing_intersection,63,1627146513899823,ccf674ae01ee5652,observation_disappearance_unknown_cause,outside_frame,
ebbad237c3c05ded,2021.07.24.16.07.03_veh-35_03033_05899,traversing_intersection,64,1627146513949833,e96bc2a144d954fe,capacity_readmission,cap_excluded,kept
ebbad237c3c05ded,2021.07.24.16.07.03_veh-35_03033_05899,traversing_intersection,64,1627146513949833,f8450fb59b6f5121,capacity_exclusion,kept,cap_excluded
ebbad237c3c05ded,2021.07.24.16.07.03_veh-35_03033_05899,traversing_intersection,64,1627146513949833,fb6b1fb493825e37,observation_appearance_censored,,outside_frame
ebbad237c3c05ded,2021.07.24.16.07.03_veh-35_03033_05899,traversing_intersection,64,1627146513949833,fdb627b1fea056e7,observation_disappearance_unknown_cause,outside_frame,
ebbad237c3c05ded,2021.07.24.16.07.03_veh-35_03033_05899,traversing_intersection,65,1627146513999847,67fcecf8c340507f,observation_appearance_censored,,outside_frame
ebbad237c3c05ded,2021.07.24.16.07.03_veh-35_03033_05899,traversing_intersection,65,1627146513999847,af3675406bf95cd6,observation_disappearance_unknown_cause,outside_frame,
ebbad237c3c05ded,2021.07.24.16.07.03_veh-35_03033_05899,traversing_intersection,66,1627146514049863,183ea71646605358,capacity_readmission,cap_excluded,kept
ebbad237c3c05ded,2021.07.24.16.07.03_veh-35_03033_05899,traversing_intersection,66,1627146514049863,219c7bb461ea5b80,observation_appearance_censored,,kept
ebbad237c3c05ded,2021.07.24.16.07.03_veh-35_03033_05899,traversing_intersection,66,1627146514049863,2c56f91012865c55,observation_appearance_censored,,outside_frame
ebbad237c3c05ded,2021.07.24.16.07.03_veh-35_03033_05899,traversing_intersection,66,1627146514049863,4b39e2e03b9e59e7,capacity_exclusion,kept,cap_excluded
ebbad237c3c05ded,2021.07.24.16.07.03_veh-35_03033_05899,traversing_intersection,66,1627146514049863,eef12d947d90589b,observation_disappearance_unknown_cause,outside_frame,
ebbad237c3c05ded,2021.07.24.16.07.03_veh-35_03033_05899,traversing_intersection,67,1627146514099879,5b8cfbc7fc5d5977,observation_disappearance_unknown_cause,outside_frame,
ebbad237c3c05ded,2021.07.24.16.07.03_veh-35_03033_05899,traversing_intersection,67,1627146514099879,bf51c395cb855ea8,observation_disappearance_unknown_cause,outside_frame,
ebbad237c3c05ded,2021.07.24.16.07.03_veh-35_03033_05899,traversing_intersection,67,1627146514099879,cde1faae4a31529d,capacity_readmission,cap_excluded,kept
ebbad237c3c05ded,2021.07.24.16.07.03_veh-35_03033_05899,traversing_intersection,67,1627146514099879,e2568e6f7a6f55a7,capacity_exclusion,kept,cap_excluded
ebbad237c3c05ded,2021.07.24.16.07.03_veh-35_03033_05899,traversing_intersection,68,1627146514149893,67e30bd4b14d5711,observation_disappearance_unknown_cause,outside_frame,
ebbad237c3c05ded,2021.07.24.16.07.03_veh-35_03033_05899,traversing_intersection,68,1627146514149893,7c84ecb0a0b85902,observation_disappearance_unknown_cause,outside_frame,
ebbad237c3c05ded,2021.07.24.16.07.03_veh-35_03033_05899,traversing_intersection,68,1627146514149893,fd9e3ec1f6785ce1,observation_appearance_censored,,outside_frame
ebbad237c3c05ded,2021.07.24.16.07.03_veh-35_03033_05899,traversing_intersection,69,1627146514199906,0d668a18437359ea,observation_disappearance_unknown_cause,outside_frame,
ebbad237c3c05ded,2021.07.24.16.07.03_veh-35_03033_05899,traversing_intersection,69,1627146514199906,62ee070b7e755adb,observation_appearance_censored,,outside_frame
ebbad237c3c05ded,2021.07.24.16.07.03_veh-35_03033_05899,traversing_intersection,69,1627146514199906,a4a05e43dc0657ec,observation_disappearance_unknown_cause,outside_frame,
ebbad237c3c05ded,2021.07.24.16.07.03_veh-35_03033_05899,traversing_intersection,70,1627146514249922,2c56f91012865c55,observation_disappearance_unknown_cause,outside_frame,
ebbad237c3c05ded,2021.07.24.16.07.03_veh-35_03033_05899,traversing_intersection,71,1627146514299941,559c86618c955302,observation_disappearance_unknown_cause,outside_frame,
ebbad237c3c05ded,2021.07.24.16.07.03_veh-35_03033_05899,traversing_intersection,71,1627146514299941,aedd14cf846253bb,spatial_entry,raw_drivable_area_exclusion,raw_drivable_area_exclusion
ebbad237c3c05ded,2021.07.24.16.07.03_veh-35_03033_05899,traversing_intersection,73,1627146514399981,4ee83af4b60a5f86,spatial_entry,raw_drivable_area_exclusion,raw_drivable_area_exclusion
ebbad237c3c05ded,2021.07.24.16.07.03_veh-35_03033_05899,traversing_intersection,73,1627146514399981,6b98694ef0d9568a,observation_disappearance_unknown_cause,outside_frame,
ebbad237c3c05ded,2021.07.24.16.07.03_veh-35_03033_05899,traversing_intersection,73,1627146514399981,b06373097d995c1d,observation_disappearance_unknown_cause,outside_frame,
ebbad237c3c05ded,2021.07.24.16.07.03_veh-35_03033_05899,traversing_intersection,74,1627146514450003,5b70afbfee11571c,capacity_readmission,cap_excluded,kept
ebbad237c3c05ded,2021.07.24.16.07.03_veh-35_03033_05899,traversing_intersection,74,1627146514450003,b9686cf8df4d5723,observation_disappearance_unknown_cause,kept,
ebbad237c3c05ded,2021.07.24.16.07.03_veh-35_03033_05899,traversing_intersection,74,1627146514450003,cea04d84fe5b5a96,observation_disappearance_unknown_cause,kept,
ebbad237c3c05ded,2021.07.24.16.07.03_veh-35_03033_05899,traversing_intersection,74,1627146514450003,e2568e6f7a6f55a7,capacity_readmission,cap_excluded,kept
ebbad237c3c05ded,2021.07.24.16.07.03_veh-35_03033_05899,traversing_intersection,75,1627146514500024,1a84b12705345f2a,observation_disappearance_unknown_cause,raw_drivable_area_exclusion,
ebbad237c3c05ded,2021.07.24.16.07.03_veh-35_03033_05899,traversing_intersection,75,1627146514500024,1f29a762b4065b1b,observation_appearance_censored,,raw_drivable_area_exclusion
ebbad237c3c05ded,2021.07.24.16.07.03_veh-35_03033_05899,traversing_intersection,75,1627146514500024,ef54a2c2f1155f24,observation_disappearance_unknown_cause,outside_frame,
ebbad237c3c05ded,2021.07.24.16.07.03_veh-35_03033_05899,traversing_intersection,76,1627146514550048,38c4d65731085259,observation_appearance_censored,,outside_frame
ebbad237c3c05ded,2021.07.24.16.07.03_veh-35_03033_05899,traversing_intersection,76,1627146514550048,3a7bdf8dd82d5184,observation_disappearance_unknown_cause,outside_frame,
ebbad237c3c05ded,2021.07.24.16.07.03_veh-35_03033_05899,traversing_intersection,76,1627146514550048,ee04558eb1c653e2,observation_disappearance_unknown_cause,outside_frame,
ebbad237c3c05ded,2021.07.24.16.07.03_veh-35_03033_05899,traversing_intersection,77,1627146514600073,488136fe810f528d,observation_disappearance_unknown_cause,outside_frame,
ebbad237c3c05ded,2021.07.24.16.07.03_veh-35_03033_05899,traversing_intersection,78,1627146514650095,b48920f2d3e4517b,observation_disappearance_unknown_cause,outside_frame,
ebbad237c3c05ded,2021.07.24.16.07.03_veh-35_03033_05899,traversing_intersection,79,1627146514700117,2a50294803a75429,observation_disappearance_unknown_cause,outside_frame,
ebbad237c3c05ded,2021.07.24.16.07.03_veh-35_03033_05899,traversing_intersection,79,1627146514700117,4cae0bd8fb1853f9,observation_appearance_censored,,raw_drivable_area_exclusion
ebbad237c3c05ded,2021.07.24.16.07.03_veh-35_03033_05899,traversing_intersection,79,1627146514700117,62ee070b7e755adb,observation_disappearance_unknown_cause,outside_frame,
ebbad237c3c05ded,2021.07.24.16.07.03_veh-35_03033_05899,traversing_intersection,79,1627146514700117,c6e5520629be5bc0,observation_disappearance_unknown_cause,outside_frame,
ebbad237c3c05ded,2021.07.24.16.07.03_veh-35_03033_05899,traversing_intersection,80,1627146514750140,5db403d819855852,observation_disappearance_unknown_cause,outside_frame,
ebbad237c3c05ded,2021.07.24.16.07.03_veh-35_03033_05899,traversing_intersection,81,1627146514800166,3272df694c6754e7,observation_disappearance_unknown_cause,outside_frame,
ebbad237c3c05ded,2021.07.24.16.07.03_veh-35_03033_05899,traversing_intersection,81,1627146514800166,fb6b1fb493825e37,spatial_entry,outside_frame,kept
ebbad237c3c05ded,2021.07.24.16.07.03_veh-35_03033_05899,traversing_intersection,82,1627146514850195,3a2d73bd92f35711,spatial_exit,cap_excluded,outside_frame
ebbad237c3c05ded,2021.07.24.16.07.03_veh-35_03033_05899,traversing_intersection,82,1627146514850195,3b32769800ef56bb,observation_disappearance_unknown_cause,outside_frame,
ebbad237c3c05ded,2021.07.24.16.07.03_veh-35_03033_05899,traversing_intersection,82,1627146514850195,4b39e2e03b9e59e7,spatial_exit,cap_excluded,outside_frame
ebbad237c3c05ded,2021.07.24.16.07.03_veh-35_03033_05899,traversing_intersection,82,1627146514850195,b8ff648ee85554ed,observation_appearance_censored,,kept
ebbad237c3c05ded,2021.07.24.16.07.03_veh-35_03033_05899,traversing_intersection,82,1627146514850195,cca5f3d761575ff5,spatial_entry,outside_frame,kept
ebbad237c3c05ded,2021.07.24.16.07.03_veh-35_03033_05899,traversing_intersection,82,1627146514850195,e2568e6f7a6f55a7,spatial_exit,kept,outside_frame
ebbad237c3c05ded,2021.07.24.16.07.03_veh-35_03033_05899,traversing_intersection,82,1627146514850195,f8450fb59b6f5121,spatial_exit,cap_excluded,outside_frame
ebbad237c3c05ded,2021.07.24.16.07.03_veh-35_03033_05899,traversing_intersection,83,1627146514900226,03ec831993c15b2d,spatial_entry,outside_frame,kept
ebbad237c3c05ded,2021.07.24.16.07.03_veh-35_03033_05899,traversing_intersection,83,1627146514900226,09eb9fb12de15b37,observation_disappearance_unknown_cause,outside_frame,
ebbad237c3c05ded,2021.07.24.16.07.03_veh-35_03033_05899,traversing_intersection,83,1627146514900226,1e170478f7175273,observation_disappearance_unknown_cause,outside_frame,
ebbad237c3c05ded,2021.07.24.16.07.03_veh-35_03033_05899,traversing_intersection,83,1627146514900226,2e8b30424f3759db,observation_appearance_censored,,outside_frame
ebbad237c3c05ded,2021.07.24.16.07.03_veh-35_03033_05899,traversing_intersection,83,1627146514900226,5071de50b71a5b9d,observation_appearance_censored,,outside_frame
ebbad237c3c05ded,2021.07.24.16.07.03_veh-35_03033_05899,traversing_intersection,84,1627146514950259,8260f22cb63551f7,observation_disappearance_unknown_cause,outside_frame,
ebbad237c3c05ded,2021.07.24.16.07.03_veh-35_03033_05899,traversing_intersection,84,1627146514950259,96dd9e2939d25f07,spatial_exit,kept,outside_frame
ebbad237c3c05ded,2021.07.24.16.07.03_veh-35_03033_05899,traversing_intersection,85,1627146515000291,3d1872f3e04550c1,observation_appearance_censored,,kept
ebbad237c3c05ded,2021.07.24.16.07.03_veh-35_03033_05899,traversing_intersection,85,1627146515000291,7e695e9fcbc65b28,capacity_exclusion,kept,cap_excluded
ebbad237c3c05ded,2021.07.24.16.07.03_veh-35_03033_05899,traversing_intersection,85,1627146515000291,847f53e491d15282,spatial_exit,kept,outside_frame
ebbad237c3c05ded,2021.07.24.16.07.03_veh-35_03033_05899,traversing_intersection,85,1627146515000291,8ec207bca6bd5ab2,observation_appearance_censored,,outside_frame
ebbad237c3c05ded,2021.07.24.16.07.03_veh-35_03033_05899,traversing_intersection,85,1627146515000291,9b50be900af557bb,observation_disappearance_unknown_cause,outside_frame,
ebbad237c3c05ded,2021.07.24.16.07.03_veh-35_03033_05899,traversing_intersection,85,1627146515000291,b91de44f67075c75,observation_appearance_censored,,outside_frame
ebbad237c3c05ded,2021.07.24.16.07.03_veh-35_03033_05899,traversing_intersection,85,1627146515000291,e50ea096baa551e7,observation_disappearance_unknown_cause,outside_frame,
ebbad237c3c05ded,2021.07.24.16.07.03_veh-35_03033_05899,traversing_intersection,86,1627146515050322,33120abf0e3f5a78,observation_disappearance_unknown_cause,outside_frame,
ebbad237c3c05ded,2021.07.24.16.07.03_veh-35_03033_05899,traversing_intersection,86,1627146515050322,8066860f82a355fe,observation_appearance_censored,,outside_frame
ebbad237c3c05ded,2021.07.24.16.07.03_veh-35_03033_05899,traversing_intersection,87,1627146515100353,feef3a61d5d0531a,observation_appearance_censored,,outside_frame
ebbad237c3c05ded,2021.07.24.16.07.03_veh-35_03033_05899,traversing_intersection,88,1627146515150384,2e001cdba96f5880,observation_disappearance_unknown_cause,outside_frame,
ebbad237c3c05ded,2021.07.24.16.07.03_veh-35_03033_05899,traversing_intersection,88,1627146515150384,4df253386ef15819,observation_appearance_censored,,outside_frame
ebbad237c3c05ded,2021.07.24.16.07.03_veh-35_03033_05899,traversing_intersection,88,1627146515150384,5a2c24870af052a5,observation_appearance_censored,,outside_frame
ebbad237c3c05ded,2021.07.24.16.07.03_veh-35_03033_05899,traversing_intersection,88,1627146515150384,c6f9b1e478f25f7f,observation_appearance_censored,,kept
ebbad237c3c05ded,2021.07.24.16.07.03_veh-35_03033_05899,traversing_intersection,88,1627146515150384,ce538f5a19b857f4,observation_appearance_censored,,raw_drivable_area_exclusion
ebbad237c3c05ded,2021.07.24.16.07.03_veh-35_03033_05899,traversing_intersection,89,1627146515200413,492e891d41745cd5,observation_disappearance_unknown_cause,outside_frame,
ebbad237c3c05ded,2021.07.24.16.07.03_veh-35_03033_05899,traversing_intersection,89,1627146515200413,a427b0468b7e56ff,observation_disappearance_unknown_cause,outside_frame,
ebbad237c3c05ded,2021.07.24.16.07.03_veh-35_03033_05899,traversing_intersection,89,1627146515200413,b0583ab726ed5479,observation_appearance_censored,,outside_frame
ebbad237c3c05ded,2021.07.24.16.07.03_veh-35_03033_05899,traversing_intersection,89,1627146515200413,d1c78079da9d527e,observation_appearance_censored,,outside_frame
ebbad237c3c05ded,2021.07.24.16.07.03_veh-35_03033_05899,traversing_intersection,89,1627146515200413,fa24161eb5e75442,observation_appearance_censored,,outside_frame
ebbad237c3c05ded,2021.07.24.16.07.03_veh-35_03033_05899,traversing_intersection,90,1627146515250440,b303c0fb7b7c591b,observation_appearance_censored,,outside_frame
ebbad237c3c05ded,2021.07.24.16.07.03_veh-35_03033_05899,traversing_intersection,90,1627146515250440,b57bb6c9cf415038,observation_disappearance_unknown_cause,outside_frame,
ebbad237c3c05ded,2021.07.24.16.07.03_veh-35_03033_05899,traversing_intersection,90,1627146515250440,c7be1e55fe6b56bb,observation_appearance_censored,,outside_frame
ebbad237c3c05ded,2021.07.24.16.07.03_veh-35_03033_05899,traversing_intersection,91,1627146515300464,1b4f0b7ac29c5ac1,observation_appearance_censored,,outside_frame
ebbad237c3c05ded,2021.07.24.16.07.03_veh-35_03033_05899,traversing_intersection,91,1627146515300464,2c47751d56d1594f,observation_disappearance_unknown_cause,outside_frame,
ebbad237c3c05ded,2021.07.24.16.07.03_veh-35_03033_05899,traversing_intersection,91,1627146515300464,3d1872f3e04550c1,observation_disappearance_unknown_cause,kept,
ebbad237c3c05ded,2021.07.24.16.07.03_veh-35_03033_05899,traversing_intersection,91,1627146515300464,7e695e9fcbc65b28,capacity_readmission,cap_excluded,kept
ebbad237c3c05ded,2021.07.24.16.07.03_veh-35_03033_05899,traversing_intersection,92,1627146515350485,11c494d2d11954aa,observation_appearance_censored,,outside_frame
ebbad237c3c05ded,2021.07.24.16.07.03_veh-35_03033_05899,traversing_intersection,92,1627146515350485,379dbcd6db7350a8,observation_appearance_censored,,outside_frame
ebbad237c3c05ded,2021.07.24.16.07.03_veh-35_03033_05899,traversing_intersection,92,1627146515350485,3f3ee72ceca357c8,observation_disappearance_unknown_cause,outside_frame,
ebbad237c3c05ded,2021.07.24.16.07.03_veh-35_03033_05899,traversing_intersection,92,1627146515350485,597d889290a550e0,observation_disappearance_unknown_cause,outside_frame,
ebbad237c3c05ded,2021.07.24.16.07.03_veh-35_03033_05899,traversing_intersection,92,1627146515350485,7e695e9fcbc65b28,spatial_exit,kept,outside_frame
ebbad237c3c05ded,2021.07.24.16.07.03_veh-35_03033_05899,traversing_intersection,93,1627146515400503,05b77e10bcac5a52,observation_appearance_censored,,outside_frame
ebbad237c3c05ded,2021.07.24.16.07.03_veh-35_03033_05899,traversing_intersection,93,1627146515400503,7424cdb33a145a42,observation_disappearance_unknown_cause,outside_frame,
ebbad237c3c05ded,2021.07.24.16.07.03_veh-35_03033_05899,traversing_intersection,93,1627146515400503,b1890845c94a5fbc,observation_appearance_censored,,outside_frame
ebbad237c3c05ded,2021.07.24.16.07.03_veh-35_03033_05899,traversing_intersection,93,1627146515400503,bf77868f485b5b35,observation_appearance_censored,,outside_frame
ebbad237c3c05ded,2021.07.24.16.07.03_veh-35_03033_05899,traversing_intersection,93,1627146515400503,f185462049065a08,observation_appearance_censored,,outside_frame
ebbad237c3c05ded,2021.07.24.16.07.03_veh-35_03033_05899,traversing_intersection,93,1627146515400503,f6154c0d8c345e2a,observation_disappearance_unknown_cause,outside_frame,
ebbad237c3c05ded,2021.07.24.16.07.03_veh-35_03033_05899,traversing_intersection,94,1627146515450520,171ad75269b05323,observation_appearance_censored,,outside_frame
ebbad237c3c05ded,2021.07.24.16.07.03_veh-35_03033_05899,traversing_intersection,94,1627146515450520,87784dd55b685588,observation_disappearance_unknown_cause,outside_frame,
ebbad237c3c05ded,2021.07.24.16.07.03_veh-35_03033_05899,traversing_intersection,94,1627146515450520,949a087b51fb5f47,observation_appearance_censored,,outside_frame
ebbad237c3c05ded,2021.07.24.16.07.03_veh-35_03033_05899,traversing_intersection,94,1627146515450520,dd82ff6d029a5534,observation_appearance_censored,,outside_frame
ebbad237c3c05ded,2021.07.24.16.07.03_veh-35_03033_05899,traversing_intersection,95,1627146515500538,108afceda0ea58d0,observation_appearance_censored,,outside_frame
ebbad237c3c05ded,2021.07.24.16.07.03_veh-35_03033_05899,traversing_intersection,95,1627146515500538,379dbcd6db7350a8,observation_disappearance_unknown_cause,outside_frame,
ebbad237c3c05ded,2021.07.24.16.07.03_veh-35_03033_05899,traversing_intersection,95,1627146515500538,4432836079655d93,observation_appearance_censored,,outside_frame
ebbad237c3c05ded,2021.07.24.16.07.03_veh-35_03033_05899,traversing_intersection,95,1627146515500538,b613842301f457d2,spatial_exit,kept,outside_frame
ebbad237c3c05ded,2021.07.24.16.07.03_veh-35_03033_05899,traversing_intersection,96,1627146515550559,230bff30ef725231,observation_appearance_censored,,outside_frame
ebbad237c3c05ded,2021.07.24.16.07.03_veh-35_03033_05899,traversing_intersection,96,1627146515550559,230e9b0847345184,observation_disappearance_unknown_cause,outside_frame,
ebbad237c3c05ded,2021.07.24.16.07.03_veh-35_03033_05899,traversing_intersection,96,1627146515550559,53e852c673325178,spatial_entry,outside_frame,kept
ebbad237c3c05ded,2021.07.24.16.07.03_veh-35_03033_05899,traversing_intersection,96,1627146515550559,7e7b5162386552d2,spatial_entry,outside_frame,kept
ebbad237c3c05ded,2021.07.24.16.07.03_veh-35_03033_05899,traversing_intersection,96,1627146515550559,a34f429184cb579a,observation_disappearance_unknown_cause,outside_frame,
ebbad237c3c05ded,2021.07.24.16.07.03_veh-35_03033_05899,traversing_intersection,96,1627146515550559,c6f9b1e478f25f7f,observation_disappearance_unknown_cause,kept,
ebbad237c3c05ded,2021.07.24.16.07.03_veh-35_03033_05899,traversing_intersection,97,1627146515600579,80e008eda37254d6,spatial_entry,outside_frame,kept
ebbad237c3c05ded,2021.07.24.16.07.03_veh-35_03033_05899,traversing_intersection,97,1627146515600579,916b8cde6cd25600,observation_appearance_censored,,outside_frame
ebbad237c3c05ded,2021.07.24.16.07.03_veh-35_03033_05899,traversing_intersection,97,1627146515600579,a8dc47ccd04b59d6,spatial_exit,kept,outside_frame
ebbad237c3c05ded,2021.07.24.16.07.03_veh-35_03033_05899,traversing_intersection,97,1627146515600579,c6e5a201347750fd,observation_disappearance_unknown_cause,outside_frame,
ebbad237c3c05ded,2021.07.24.16.07.03_veh-35_03033_05899,traversing_intersection,98,1627146515650598,6cf8d932e62f5251,observation_disappearance_unknown_cause,outside_frame,
ebbad237c3c05ded,2021.07.24.16.07.03_veh-35_03033_05899,traversing_intersection,98,1627146515650598,c1d9d4f7dbaf5518,observation_appearance_censored,,outside_frame
ebbad237c3c05ded,2021.07.24.16.07.03_veh-35_03033_05899,traversing_intersection,99,1627146515700617,26f4db7fac585c62,spatial_entry,outside_frame,kept
ebbad237c3c05ded,2021.07.24.16.07.03_veh-35_03033_05899,traversing_intersection,99,1627146515700617,3740609cd87d52cb,observation_disappearance_unknown_cause,outside_frame,
ebbad237c3c05ded,2021.07.24.16.07.03_veh-35_03033_05899,traversing_intersection,99,1627146515700617,7472d928273f5f78,observation_appearance_censored,,outside_frame
ebbad237c3c05ded,2021.07.24.16.07.03_veh-35_03033_05899,traversing_intersection,100,1627146515750635,7c27b338399d5d1f,observation_disappearance_unknown_cause,outside_frame,
ebbad237c3c05ded,2021.07.24.16.07.03_veh-35_03033_05899,traversing_intersection,100,1627146515750635,b0583ab726ed5479,observation_disappearance_unknown_cause,outside_frame,
ebbad237c3c05ded,2021.07.24.16.07.03_veh-35_03033_05899,traversing_intersection,100,1627146515750635,bdd5221284115ce4,observation_appearance_censored,,outside_frame
ebbad237c3c05ded,2021.07.24.16.07.03_veh-35_03033_05899,traversing_intersection,100,1627146515750635,c1683c88e75a50ed,spatial_exit,kept,outside_frame
ebbad237c3c05ded,2021.07.24.16.07.03_veh-35_03033_05899,traversing_intersection,100,1627146515750635,c60033ed499e5651,observation_appearance_censored,,outside_frame
ebbad237c3c05ded,2021.07.24.16.07.03_veh-35_03033_05899,traversing_intersection,100,1627146515750635,eadda84a91695146,observation_appearance_censored,,outside_frame
