token,scenario_type,log_name,path,actor_category,raw_count,in_frame_count,kept_count,dropped_outside_frame,dropped_by_cap,cap,overflow,d_K,d_first_drop,boundary_gap,actual_processed_valid_count,native_in_frame_count,in_frame_agreement,count_agreement,ordering_agreement,mask_agreement,speed_clipping_agreement,legacy_count_agreement,raw_dtype,predicted_dtype,processed_dtype,max_abs_error,mean_abs_error,x_error,x_mean_error,y_error,y_mean_error,heading_error,heading_mean_error,width_error,width_mean_error,length_error,length_mean_error,speed_error,speed_mean_error
4496ad8000c85b5e,unknown,2021.09.02.14.10.27_veh-08_00168_00649,2021.09.02.14.10.27_veh-08_00168_00649/unknown/4496ad8000c85b5e/sledge_raw.gz,vehicles,3,3,3,0,0,50,-47,44.05873107910156,,,3,3,True,True,True,True,True,True,float32,float32,float32,0.0,0.0,0.0,0.0,0.0,0.0,0.0,0.0,0.0,0.0,0.0,0.0,0.0,0.0
4496ad8000c85b5e,unknown,2021.09.02.14.10.27_veh-08_00168_00649,2021.09.02.14.10.27_veh-08_00168_00649/unknown/4496ad8000c85b5e/sledge_raw.gz,pedestrians,0,0,0,0,0,20,-20,,,,0,0,True,True,True,True,True,True,float32,float32,float32,0.0,0.0,0.0,0.0,0.0,0.0,0.0,0.0,0.0,0.0,0.0,0.0,0.0,0.0
4496ad8000c85b5e,unknown,2021.09.02.14.10.27_veh-08_00168_00649,2021.09.02.14.10.27_veh-08_00168_00649/unknown/4496ad8000c85b5e/sledge_raw.gz,static_objects,0,0,0,0,0,30,-30,,,,0,0,True,True,True,True,True,True,float32,float32,float32,0.0,0.0,0.0,0.0,0.0,0.0,0.0,0.0,0.0,0.0,0.0,0.0,,
474ff7719e9756de,medium_magnitude_speed,2021.08.27.03.25.14_veh-51_00110_00765,2021.08.27.03.25.14_veh-51_00110_00765/medium_magnitude_speed/474ff7719e9756de/sledge_raw.gz,vehicles,7,5,5,2,0,50,-45,29.907272338867188,,,5,5,True,True,True,True,True,True,float32,float32,float32,0.0,0.0,0.0,0.0,0.0,0.0,0.0,0.0,0.0,0.0,0.0,0.0,0.0,0.0
474ff7719e9756de,medium_magnitude_speed,2021.08.27.03.25.14_veh-51_00110_00765,2021.08.27.03.25.14_veh-51_00110_00765/medium_magnitude_speed/474ff7719e9756de/sledge_raw.gz,pedestrians,1,0,0,1,0,20,-20,,,,0,0,True,True,True,True,True,True,float32,float32,float32,0.0,0.0,0.0,0.0,0.0,0.0,0.0,0.0,0.0,0.0,0.0,0.0,0.0,0.0
474ff7719e9756de,medium_magnitude_speed,2021.08.27.03.25.14_veh-51_00110_00765,2021.08.27.03.25.14_veh-51_00110_00765/medium_magnitude_speed/474ff7719e9756de/sledge_raw.gz,static_objects,7,7,7,0,0,30,-23,12.62242317199707,,,7,7,True,True,True,True,True,True,float32,float32,float32,0.0,0.0,0.0,0.0,0.0,0.0,0.0,0.0,0.0,0.0,0.0,0.0,,
9d62f253ba225f0f,traversing_pickup_dropoff,2021.06.23.14.06.20_veh-26_00020_01142,2021.06.23.14.06.20_veh-26_00020_01142/traversing_pickup_dropoff/9d62f253ba225f0f/sledge_raw.gz,vehicles,2,0,0,2,0,50,-50,,,,0,0,True,True,True,True,True,True,float32,float32,float32,0.0,0.0,0.0,0.0,0.0,0.0,0.0,0.0,0.0,0.0,0.0,0.0,0.0,0.0
9d62f253ba225f0f,traversing_pickup_dropoff,2021.06.23.14.06.20_veh-26_00020_01142,2021.06.23.14.06.20_veh-26_00020_01142/traversing_pickup_dropoff/9d62f253ba225f0f/sledge_raw.gz,pedestrians,2,2,2,0,0,20,-18,23.50178337097168,,,2,2,True,True,True,True,True,True,float32,float32,float32,0.0,0.0,0.0,0.0,0.0,0.0,0.0,0.0,0.0,0.0,0.0,0.0,0.0,0.0
9d62f253ba225f0f,traversing_pickup_dropoff,2021.06.23.14.06.20_veh-26_00020_01142,2021.06.23.14.06.20_veh-26_00020_01142/traversing_pickup_dropoff/9d62f253ba225f0f/sledge_raw.gz,static_objects,19,1,1,18,0,30,-29,25.027551651000977,,,1,1,True,True,True,True,True,True,float32,float32,float32,0.0,0.0,0.0,0.0,0.0,0.0,0.0,0.0,0.0,0.0,0.0,0.0,,
133ba37489cb5a19,medium_magnitude_speed,2021.10.12.19.20.46_veh-28_00644_00868,2021.10.12.19.20.46_veh-28_00644_00868/medium_magnitude_speed/133ba37489cb5a19/sledge_raw.gz,vehicles,11,4,4,7,0,50,-46,26.673189163208008,,,4,4,True,True,True,True,True,True,float32,float32,float32,0.0,0.0,0.0,0.0,0.0,0.0,0.0,0.0,0.0,0.0,0.0,0.0,0.0,0.0
133ba37489cb5a19,medium_magnitude_speed,2021.10.12.19.20.46_veh-28_00644_00868,2021.10.12.19.20.46_veh-28_00644_00868/medium_magnitude_speed/133ba37489cb5a19/sledge_raw.gz,pedestrians,18,14,14,4,0,20,-6,30.89772605895996,,,14,14,True,True,True,True,True,True,float32,float32,float32,0.0,0.0,0.0,0.0,0.0,0.0,0.0,0.0,0.0,0.0,0.0,0.0,0.0,0.0
133ba37489cb5a19,medium_magnitude_speed,2021.10.12.19.20.46_veh-28_00644_00868,2021.10.12.19.20.46_veh-28_00644_00868/medium_magnitude_speed/133ba37489cb5a19/sledge_raw.gz,static_objects,3,2,2,1,0,30,-28,21.27974510192871,,,2,2,True,True,True,True,True,True,float32,float32,float32,0.0,0.0,0.0,0.0,0.0,0.0,0.0,0.0,0.0,0.0,0.0,0.0,,
86d2e80d5aee5d2d,high_lateral_acceleration,2021.10.13.14.40.14_veh-28_00131_00430,2021.10.13.14.40.14_veh-28_00131_00430/high_lateral_acceleration/86d2e80d5aee5d2d/sledge_raw.gz,vehicles,3,0,0,3,0,50,-50,,,,0,0,True,True,True,True,True,True,float32,float32,float32,0.0,0.0,0.0,0.0,0.0,0.0,0.0,0.0,0.0,0.0,0.0,0.0,0.0,0.0
86d2e80d5aee5d2d,high_lateral_acceleration,2021.10.13.14.40.14_veh-28_00131_00430,2021.10.13.14.40.14_veh-28_00131_00430/high_lateral_acceleration/86d2e80d5aee5d2d/sledge_raw.gz,pedestrians,1,1,1,0,0,20,-19,31.546323776245117,,,1,1,True,True,True,True,True,True,float32,float32,float32,0.0,0.0,0.0,0.0,0.0,0.0,0.0,0.0,0.0,0.0,0.0,0.0,0.0,0.0
86d2e80d5aee5d2d,high_lateral_acceleration,2021.10.13.14.40.14_veh-28_00131_00430,2021.10.13.14.40.14_veh-28_00131_00430/high_lateral_acceleration/86d2e80d5aee5d2d/sledge_raw.gz,static_objects,3,3,3,0,0,30,-27,20.679641723632812,,,3,3,True,True,True,True,True,True,float32,float32,float32,0.0,0.0,0.0,0.0,0.0,0.0,0.0,0.0,0.0,0.0,0.0,0.0,,
6205b6a1165a5d44,unknown,2021.07.09.23.35.52_veh-37_01974_02942,2021.07.09.23.35.52_veh-37_01974_02942/unknown/6205b6a1165a5d44/sledge_raw.gz,vehicles,71,37,37,34,0,50,-13,35.72747039794922,,,37,37,True,True,True,True,True,True,float32,float32,float32,0.0,0.0,0.0,0.0,0.0,0.0,0.0,0.0,0.0,0.0,0.0,0.0,0.0,0.0
6205b6a1165a5d44,unknown,2021.07.09.23.35.52_veh-37_01974_02942,2021.07.09.23.35.52_veh-37_01974_02942/unknown/6205b6a1165a5d44/sledge_raw.gz,pedestrians,10,0,0,10,0,20,-20,,,,0,0,True,True,True,True,True,True,float32,float32,float32,0.0,0.0,0.0,0.0,0.0,0.0,0.0,0.0,0.0,0.0,0.0,0.0,0.0,0.0
6205b6a1165a5d44,unknown,2021.07.09.23.35.52_veh-37_01974_02942,2021.07.09.23.35.52_veh-37_01974_02942/unknown/6205b6a1165a5d44/sledge_raw.gz,static_objects,19,0,0,19,0,30,-30,,,,0,0,True,True,True,True,True,True,float32,float32,float32,0.0,0.0,0.0,0.0,0.0,0.0,0.0,0.0,0.0,0.0,0.0,0.0,,
9da62c4afe695665,stationary,2021.05.28.16.28.19_veh-35_03206_03513,2021.05.28.16.28.19_veh-35_03206_03513/stationary/9da62c4afe695665/sledge_raw.gz,vehicles,24,5,5,19,0,50,-45,40.5960693359375,,,5,5,True,True,True,True,True,True,float32,float32,float32,0.0,0.0,0.0,0.0,0.0,0.0,0.0,0.0,0.0,0.0,0.0,0.0,0.0,0.0
9da62c4afe695665,stationary,2021.05.28.16.28.19_veh-35_03206_03513,2021.05.28.16.28.19_veh-35_03206_03513/stationary/9da62c4afe695665/sledge_raw.gz,pedestrians,15,11,11,4,0,20,-9,36.25472640991211,,,11,11,True,True,True,True,True,True,float32,float32,float32,0.0,0.0,0.0,0.0,0.0,0.0,0.0,0.0,0.0,0.0,0.0,0.0,0.0,0.0
9da62c4afe695665,stationary,2021.05.28.16.28.19_veh-35_03206_03513,2021.05.28.16.28.19_veh-35_03206_03513/stationary/9da62c4afe695665/sledge_raw.gz,static_objects,42,21,21,21,0,30,-9,38.613773345947266,,,21,21,True,True,True,True,True,True,float32,float32,float32,0.0,0.0,0.0,0.0,0.0,0.0,0.0,0.0,0.0,0.0,0.0,0.0,,
7c5a7e584fe753ff,unknown,2021.09.20.13.46.45_veh-42_00548_00790,2021.09.20.13.46.45_veh-42_00548_00790/unknown/7c5a7e584fe753ff/sledge_raw.gz,vehicles,4,1,1,3,0,50,-49,21.992441177368164,,,1,1,True,True,True,True,True,True,float32,float32,float32,0.0,0.0,0.0,0.0,0.0,0.0,0.0,0.0,0.0,0.0,0.0,0.0,0.0,0.0
7c5a7e584fe753ff,unknown,2021.09.20.13.46.45_veh-42_00548_00790,2021.09.20.13.46.45_veh-42_00548_00790/unknown/7c5a7e584fe753ff/sledge_raw.gz,pedestrians,2,0,0,2,0,20,-20,,,,0,0,True,True,True,True,True,True,float32,float32,float32,0.0,0.0,0.0,0.0,0.0,0.0,0.0,0.0,0.0,0.0,0.0,0.0,0.0,0.0
7c5a7e584fe753ff,unknown,2021.09.20.13.46.45_veh-42_00548_00790,2021.09.20.13.46.45_veh-42_00548_00790/unknown/7c5a7e584fe753ff/sledge_raw.gz,static_objects,4,1,1,3,0,30,-29,44.86923599243164,,,1,1,True,True,True,True,True,True,float32,float32,float32,0.0,0.0,0.0,0.0,0.0,0.0,0.0,0.0,0.0,0.0,0.0,0.0,,
502735bde99f5261,medium_magnitude_speed,2021.06.09.18.19.00_veh-26_00255_00884,2021.06.09.18.19.00_veh-26_00255_00884/medium_magnitude_speed/502735bde99f5261/sledge_raw.gz,vehicles,31,18,18,13,0,50,-32,41.42736053466797,,,18,18,True,True,True,True,True,True,float32,float32,float32,0.0,0.0,0.0,0.0,0.0,0.0,0.0,0.0,0.0,0.0,0.0,0.0,0.0,0.0
502735bde99f5261,medium_magnitude_speed,2021.06.09.18.19.00_veh-26_00255_00884,2021.06.09.18.19.00_veh-26_00255_00884/medium_magnitude_speed/502735bde99f5261/sledge_raw.gz,pedestrians,53,16,16,37,0,20,-4,26.89372444152832,,,16,16,True,True,True,True,True,True,float32,float32,float32,0.0,0.0,0.0,0.0,0.0,0.0,0.0,0.0,0.0,0.0,0.0,0.0,0.0,0.0
502735bde99f5261,medium_magnitude_speed,2021.06.09.18.19.00_veh-26_00255_00884,2021.06.09.18.19.00_veh-26_00255_00884/medium_magnitude_speed/502735bde99f5261/sledge_raw.gz,static_objects,130,27,27,103,0,30,-3,36.34339904785156,,,27,27,True,True,True,True,True,True,float32,float32,float32,0.0,0.0,0.0,0.0,0.0,0.0,0.0,0.0,0.0,0.0,0.0,0.0,,
0a9f2fe0f32a518f,following_lane_without_lead,2021.08.23.16.53.37_veh-08_00016_00648,2021.08.23.16.53.37_veh-08_00016_00648/following_lane_without_lead/0a9f2fe0f32a518f/sledge_raw.gz,vehicles,0,0,0,0,0,50,-50,,,,0,0,True,True,True,True,True,True,float32,float32,float32,0.0,0.0,0.0,0.0,0.0,0.0,0.0,0.0,0.0,0.0,0.0,0.0,0.0,0.0
0a9f2fe0f32a518f,following_lane_without_lead,2021.08.23.16.53.37_veh-08_00016_00648,2021.08.23.16.53.37_veh-08_00016_00648/following_lane_without_lead/0a9f2fe0f32a518f/sledge_raw.gz,pedestrians,0,0,0,0,0,20,-20,,,,0,0,True,True,True,True,True,True,float32,float32,float32,0.0,0.0,0.0,0.0,0.0,0.0,0.0,0.0,0.0,0.0,0.0,0.0,0.0,0.0
0a9f2fe0f32a518f,following_lane_without_lead,2021.08.23.16.53.37_veh-08_00016_00648,2021.08.23.16.53.37_veh-08_00016_00648/following_lane_without_lead/0a9f2fe0f32a518f/sledge_raw.gz,static_objects,0,0,0,0,0,30,-30,,,,0,0,True,True,True,True,True,True,float32,float32,float32,0.0,0.0,0.0,0.0,0.0,0.0,0.0,0.0,0.0,0.0,0.0,0.0,,
f5bf080381d956b3,unknown,2021.09.29.02.20.31_veh-49_00890_01332,2021.09.29.02.20.31_veh-49_00890_01332/unknown/f5bf080381d956b3/sledge_raw.gz,vehicles,2,1,1,1,0,50,-49,12.134990692138672,,,1,1,True,True,True,True,True,True,float32,float32,float32,0.0,0.0,0.0,0.0,0.0,0.0,0.0,0.0,0.0,0.0,0.0,0.0,0.0,0.0
f5bf080381d956b3,unknown,2021.09.29.02.20.31_veh-49_00890_01332,2021.09.29.02.20.31_veh-49_00890_01332/unknown/f5bf080381d956b3/sledge_raw.gz,pedestrians,0,0,0,0,0,20,-20,,,,0,0,True,True,True,True,True,True,float32,float32,float32,0.0,0.0,0.0,0.0,0.0,0.0,0.0,0.0,0.0,0.0,0.0,0.0,0.0,0.0
f5bf080381d956b3,unknown,2021.09.29.02.20.31_veh-49_00890_01332,2021.09.29.02.20.31_veh-49_00890_01332/unknown/f5bf080381d956b3/sledge_raw.gz,static_objects,7,4,4,3,0,30,-26,34.3790168762207,,,4,4,True,True,True,True,True,True,float32,float32,float32,0.0,0.0,0.0,0.0,0.0,0.0,0.0,0.0,0.0,0.0,0.0,0.0,,
04e0da9207525ddd,near_pedestrian_on_crosswalk,2021.06.10.11.53.36_veh-26_05717_06297,2021.06.10.11.53.36_veh-26_05717_06297/near_pedestrian_on_crosswalk/04e0da9207525ddd/sledge_raw.gz,vehicles,9,6,6,3,0,50,-44,29.0000057220459,,,6,6,True,True,True,True,True,True,float32,float32,float32,0.0,0.0,0.0,0.0,0.0,0.0,0.0,0.0,0.0,0.0,0.0,0.0,0.0,0.0
04e0da9207525ddd,near_pedestrian_on_crosswalk,2021.06.10.11.53.36_veh-26_05717_06297,2021.06.10.11.53.36_veh-26_05717_06297/near_pedestrian_on_crosswalk/04e0da9207525ddd/sledge_raw.gz,pedestrians,95,45,20,50,25,20,25,19.035907745361328,19.047569274902344,0.011661529541015625,20,45,True,True,True,True,True,True,float32,float32,float32,0.0,0.0,0.0,0.0,0.0,0.0,0.0,0.0,0.0,0.0,0.0,0.0,0.0,0.0
04e0da9207525ddd,near_pedestrian_on_crosswalk,2021.06.10.11.53.36_veh-26_05717_06297,2021.06.10.11.53.36_veh-26_05717_06297/near_pedestrian_on_crosswalk/04e0da9207525ddd/sledge_raw.gz,static_objects,99,27,27,72,0,30,-3,29.80225372314453,,,27,27,True,True,True,True,True,True,float32,float32,float32,0.0,0.0,0.0,0.0,0.0,0.0,0.0,0.0,0.0,0.0,0.0,0.0,,
4e58ad5f157b51c4,on_pickup_dropoff,2021.06.16.17.52.52_veh-47_00659_00976,2021.06.16.17.52.52_veh-47_00659_00976/on_pickup_dropoff/4e58ad5f157b51c4/sledge_raw.gz,vehicles,27,10,10,17,0,50,-40,36.36565399169922,,,10,10,True,True,True,True,True,True,float32,float32,float32,0.0,0.0,0.0,0.0,0.0,0.0,0.0,0.0,0.0,0.0,0.0,0.0,0.0,0.0
4e58ad5f157b51c4,on_pickup_dropoff,2021.06.16.17.52.52_veh-47_00659_00976,2021.06.16.17.52.52_veh-47_00659_00976/on_pickup_dropoff/4e58ad5f157b51c4/sledge_raw.gz,pedestrians,71,37,20,34,17,20,17,12.454793930053711,12.515591621398926,0.060797691345214844,20,37,True,True,True,True,True,True,float32,float32,float32,0.0,0.0,0.0,0.0,0.0,0.0,0.0,0.0,0.0,0.0,0.0,0.0,0.0,0.0
4e58ad5f157b51c4,on_pickup_dropoff,2021.06.16.17.52.52_veh-47_00659_00976,2021.06.16.17.52.52_veh-47_00659_00976/on_pickup_dropoff/4e58ad5f157b51c4/sledge_raw.gz,static_objects,159,48,30,111,18,30,18,20.709569931030273,21.153053283691406,0.4434833526611328,30,48,True,True,True,True,True,True,float32,float32,float32,0.0,0.0,0.0,0.0,0.0,0.0,0.0,0.0,0.0,0.0,0.0,0.0,,
488e24e10d4d567a,unknown,2021.06.09.14.58.55_veh-35_00193_01084,2021.06.09.14.58.55_veh-35_00193_01084/unknown/488e24e10d4d567a/sledge_raw.gz,vehicles,17,6,6,11,0,50,-44,31.924667358398438,,,6,6,True,True,True,True,True,True,float32,float32,float32,0.0,0.0,0.0,0.0,0.0,0.0,0.0,0.0,0.0,0.0,0.0,0.0,0.0,0.0
488e24e10d4d567a,unknown,2021.06.09.14.58.55_veh-35_00193_01084,2021.06.09.14.58.55_veh-35_00193_01084/unknown/488e24e10d4d567a/sledge_raw.gz,pedestrians,68,28,20,40,8,20,8,27.19919776916504,27.209476470947266,0.010278701782226562,20,28,True,True,True,True,True,True,float32,float32,float32,0.0,0.0,0.0,0.0,0.0,0.0,0.0,0.0,0.0,0.0,0.0,0.0,0.0,0.0
488e24e10d4d567a,unknown,2021.06.09.14.58.55_veh-35_00193_01084,2021.06.09.14.58.55_veh-35_00193_01084/unknown/488e24e10d4d567a/sledge_raw.gz,static_objects,125,50,30,75,20,30,20,23.398876190185547,23.81004524230957,0.41116905212402344,30,50,True,True,True,True,True,True,float32,float32,float32,0.0,0.0,0.0,0.0,0.0,0.0,0.0,0.0,0.0,0.0,0.0,0.0,,
e865db169bd65e71,near_pedestrian_on_crosswalk,2021.07.13.17.36.53_veh-26_02506_02964,2021.07.13.17.36.53_veh-26_02506_02964/near_pedestrian_on_crosswalk/e865db169bd65e71/sledge_raw.gz,vehicles,37,5,5,32,0,50,-45,38.958251953125,,,5,5,True,True,True,True,True,True,float32,float32,float32,0.0,0.0,0.0,0.0,0.0,0.0,0.0,0.0,0.0,0.0,0.0,0.0,0.0,0.0
e865db169bd65e71,near_pedestrian_on_crosswalk,2021.07.13.17.36.53_veh-26_02506_02964,2021.07.13.17.36.53_veh-26_02506_02964/near_pedestrian_on_crosswalk/e865db169bd65e71/sledge_raw.gz,pedestrians,93,40,20,53,20,20,20,17.611249923706055,17.818363189697266,0.20711326599121094,20,40,True,True,True,True,True,True,float32,float32,float32,0.0,0.0,0.0,0.0,0.0,0.0,0.0,0.0,0.0,0.0,0.0,0.0,0.0,0.0
e865db169bd65e71,near_pedestrian_on_crosswalk,2021.07.13.17.36.53_veh-26_02506_02964,2021.07.13.17.36.53_veh-26_02506_02964/near_pedestrian_on_crosswalk/e865db169bd65e71/sledge_raw.gz,static_objects,175,46,30,129,16,30,16,25.18348503112793,25.613313674926758,0.4298286437988281,30,46,True,True,True,True,True,True,float32,float32,float32,0.0,0.0,0.0,0.0,0.0,0.0,0.0,0.0,0.0,0.0,0.0,0.0,,
dcc95368ffc35c6f,traversing_pickup_dropoff,2021.05.21.13.41.26_veh-12_01917_02165,2021.05.21.13.41.26_veh-12_01917_02165/traversing_pickup_dropoff/dcc95368ffc35c6f/sledge_raw.gz,vehicles,26,15,15,11,0,50,-35,30.20705795288086,,,15,15,True,True,True,True,True,True,float32,float32,float32,0.0,0.0,0.0,0.0,0.0,0.0,0.0,0.0,0.0,0.0,0.0,0.0,0.0,0.0
dcc95368ffc35c6f,traversing_pickup_dropoff,2021.05.21.13.41.26_veh-12_01917_02165,2021.05.21.13.41.26_veh-12_01917_02165/traversing_pickup_dropoff/dcc95368ffc35c6f/sledge_raw.gz,pedestrians,47,47,20,0,27,20,27,25.6964054107666,26.00882911682129,0.3124237060546875,20,47,True,True,True,True,True,True,float32,float32,float32,0.0,0.0,0.0,0.0,0.0,0.0,0.0,0.0,0.0,0.0,0.0,0.0,0.0,0.0
dcc95368ffc35c6f,traversing_pickup_dropoff,2021.05.21.13.41.26_veh-12_01917_02165,2021.05.21.13.41.26_veh-12_01917_02165/traversing_pickup_dropoff/dcc95368ffc35c6f/sledge_raw.gz,static_objects,89,35,30,54,5,30,5,40.58654022216797,41.35661315917969,0.7700729370117188,30,35,True,True,True,True,True,True,float32,float32,float32,0.0,0.0,0.0,0.0,0.0,0.0,0.0,0.0,0.0,0.0,0.0,0.0,,
3bf066d1c94c53f6,on_pickup_dropoff,2021.07.22.21.43.45_veh-35_01163_02859,2021.07.22.21.43.45_veh-35_01163_02859/on_pickup_dropoff/3bf066d1c94c53f6/sledge_raw.gz,vehicles,21,19,19,2,0,50,-31,39.667503356933594,,,19,19,True,True,True,True,True,True,float32,float32,float32,0.0,0.0,0.0,0.0,0.0,0.0,0.0,0.0,0.0,0.0,0.0,0.0,0.0,0.0
3bf066d1c94c53f6,on_pickup_dropoff,2021.07.22.21.43.45_veh-35_01163_02859,2021.07.22.21.43.45_veh-35_01163_02859/on_pickup_dropoff/3bf066d1c94c53f6/sledge_raw.gz,pedestrians,25,23,20,2,3,20,3,23.83622932434082,23.857154846191406,0.020925521850585938,20,23,True,True,True,True,True,True,float32,float32,float32,0.0,0.0,0.0,0.0,0.0,0.0,0.0,0.0,0.0,0.0,0.0,0.0,0.0,0.0
3bf066d1c94c53f6,on_pickup_dropoff,2021.07.22.21.43.45_veh-35_01163_02859,2021.07.22.21.43.45_veh-35_01163_02859/on_pickup_dropoff/3bf066d1c94c53f6/sledge_raw.gz,static_objects,32,27,27,5,0,30,-3,40.401187896728516,,,27,27,True,True,True,True,True,True,float32,float32,float32,0.0,0.0,0.0,0.0,0.0,0.0,0.0,0.0,0.0,0.0,0.0,0.0,,
5bb6dbf7d6bc5a97,on_traffic_light_intersection,2021.07.16.18.06.21_veh-38_02197_03220,2021.07.16.18.06.21_veh-38_02197_03220/on_traffic_light_intersection/5bb6dbf7d6bc5a97/sledge_raw.gz,vehicles,37,7,7,30,0,50,-43,26.490413665771484,,,7,7,True,True,True,True,True,True,float32,float32,float32,0.0,0.0,0.0,0.0,0.0,0.0,0.0,0.0,0.0,0.0,0.0,0.0,0.0,0.0
5bb6dbf7d6bc5a97,on_traffic_light_intersection,2021.07.16.18.06.21_veh-38_02197_03220,2021.07.16.18.06.21_veh-38_02197_03220/on_traffic_light_intersection/5bb6dbf7d6bc5a97/sledge_raw.gz,pedestrians,90,41,20,49,21,20,21,21.283077239990234,21.515766143798828,0.23268890380859375,20,41,True,True,True,True,True,True,float32,float32,float32,0.0,0.0,0.0,0.0,0.0,0.0,0.0,0.0,0.0,0.0,0.0,0.0,0.0,0.0
5bb6dbf7d6bc5a97,on_traffic_light_intersection,2021.07.16.18.06.21_veh-38_02197_03220,2021.07.16.18.06.21_veh-38_02197_03220/on_traffic_light_intersection/5bb6dbf7d6bc5a97/sledge_raw.gz,static_objects,106,38,30,68,8,30,8,23.773042678833008,23.906360626220703,0.1333179473876953,30,38,True,True,True,True,True,True,float32,float32,float32,0.0,0.0,0.0,0.0,0.0,0.0,0.0,0.0,0.0,0.0,0.0,0.0,,
5300d5d045e15cf8,on_traffic_light_intersection,2021.06.25.21.24.42_veh-47_02295_03384,2021.06.25.21.24.42_veh-47_02295_03384/on_traffic_light_intersection/5300d5d045e15cf8/sledge_raw.gz,vehicles,36,10,10,26,0,50,-40,24.4849910736084,,,10,10,True,True,True,True,True,True,float32,float32,float32,0.0,0.0,0.0,0.0,0.0,0.0,0.0,0.0,0.0,0.0,0.0,0.0,0.0,0.0
5300d5d045e15cf8,on_traffic_light_intersection,2021.06.25.21.24.42_veh-47_02295_03384,2021.06.25.21.24.42_veh-47_02295_03384/on_traffic_light_intersection/5300d5d045e15cf8/sledge_raw.gz,pedestrians,153,41,20,112,21,20,21,25.18733024597168,26.21034049987793,1.02301025390625,20,41,True,True,True,True,True,True,float32,float32,float32,0.0,0.0,0.0,0.0,0.0,0.0,0.0,0.0,0.0,0.0,0.0,0.0,0.0,0.0
5300d5d045e15cf8,on_traffic_light_intersection,2021.06.25.21.24.42_veh-47_02295_03384,2021.06.25.21.24.42_veh-47_02295_03384/on_traffic_light_intersection/5300d5d045e15cf8/sledge_raw.gz,static_objects,206,91,30,115,61,30,61,22.70963478088379,22.77475357055664,0.06511878967285156,30,91,True,True,True,True,True,True,float32,float32,float32,0.0,0.0,0.0,0.0,0.0,0.0,0.0,0.0,0.0,0.0,0.0,0.0,,
e03b595396225a4e,low_magnitude_speed,2021.07.21.18.05.12_veh-26_00198_03503,2021.07.21.18.05.12_veh-26_00198_03503/low_magnitude_speed/e03b595396225a4e/sledge_raw.gz,vehicles,31,4,4,27,0,50,-46,35.06100082397461,,,4,4,True,True,True,True,True,True,float32,float32,float32,0.0,0.0,0.0,0.0,0.0,0.0,0.0,0.0,0.0,0.0,0.0,0.0,0.0,0.0
e03b595396225a4e,low_magnitude_speed,2021.07.21.18.05.12_veh-26_00198_03503,2021.07.21.18.05.12_veh-26_00198_03503/low_magnitude_speed/e03b595396225a4e/sledge_raw.gz,pedestrians,102,40,20,62,20,20,20,15.072380065917969,18.26224708557129,3.1898670196533203,20,40,True,True,True,True,True,True,float32,float32,float32,0.0,0.0,0.0,0.0,0.0,0.0,0.0,0.0,0.0,0.0,0.0,0.0,0.0,0.0
e03b595396225a4e,low_magnitude_speed,2021.07.21.18.05.12_veh-26_00198_03503,2021.07.21.18.05.12_veh-26_00198_03503/low_magnitude_speed/e03b595396225a4e/sledge_raw.gz,static_objects,154,45,30,109,15,30,15,24.989723205566406,25.033832550048828,0.044109344482421875,30,45,True,True,True,True,True,True,float32,float32,float32,0.0,0.0,0.0,0.0,0.0,0.0,0.0,0.0,0.0,0.0,0.0,0.0,,
f6432b3d99395dd2,traversing_pickup_dropoff,2021.05.21.18.27.53_veh-12_00029_00233,2021.05.21.18.27.53_veh-12_00029_00233/traversing_pickup_dropoff/f6432b3d99395dd2/sledge_raw.gz,vehicles,23,14,14,9,0,50,-36,40.15623474121094,,,14,14,True,True,True,True,True,True,float32,float32,float32,0.0,0.0,0.0,0.0,0.0,0.0,0.0,0.0,0.0,0.0,0.0,0.0,0.0,0.0
f6432b3d99395dd2,traversing_pickup_dropoff,2021.05.21.18.27.53_veh-12_00029_00233,2021.05.21.18.27.53_veh-12_00029_00233/traversing_pickup_dropoff/f6432b3d99395dd2/sledge_raw.gz,pedestrians,64,56,20,8,36,20,36,18.845666885375977,20.037525177001953,1.1918582916259766,20,56,True,True,True,True,True,True,float32,float32,float32,0.0,0.0,0.0,0.0,0.0,0.0,0.0,0.0,0.0,0.0,0.0,0.0,0.0,0.0
f6432b3d99395dd2,traversing_pickup_dropoff,2021.05.21.18.27.53_veh-12_00029_00233,2021.05.21.18.27.53_veh-12_00029_00233/traversing_pickup_dropoff/f6432b3d99395dd2/sledge_raw.gz,static_objects,37,35,30,2,5,30,5,36.007484436035156,36.01408386230469,0.00659942626953125,30,35,True,True,True,True,True,True,float32,float32,float32,0.0,0.0,0.0,0.0,0.0,0.0,0.0,0.0,0.0,0.0,0.0,0.0,,
d938be09cf905a21,on_pickup_dropoff,2021.06.30.20.54.27_veh-38_02657_05556,2021.06.30.20.54.27_veh-38_02657_05556/on_pickup_dropoff/d938be09cf905a21/sledge_raw.gz,vehicles,11,8,8,3,0,50,-42,23.286191940307617,,,8,8,True,True,True,True,True,True,float32,float32,float32,0.0,0.0,0.0,0.0,0.0,0.0,0.0,0.0,0.0,0.0,0.0,0.0,0.0,0.0
d938be09cf905a21,on_pickup_dropoff,2021.06.30.20.54.27_veh-38_02657_05556,2021.06.30.20.54.27_veh-38_02657_05556/on_pickup_dropoff/d938be09cf905a21/sledge_raw.gz,pedestrians,91,51,20,40,31,20,31,21.85235023498535,22.13439178466797,0.2820415496826172,20,51,True,True,True,True,True,True,float32,float32,float32,0.0,0.0,0.0,0.0,0.0,0.0,0.0,0.0,0.0,0.0,0.0,0.0,0.0,0.0
d938be09cf905a21,on_pickup_dropoff,2021.06.30.20.54.27_veh-38_02657_05556,2021.06.30.20.54.27_veh-38_02657_05556/on_pickup_dropoff/d938be09cf905a21/sledge_raw.gz,static_objects,76,22,22,54,0,30,-8,31.347124099731445,,,22,22,True,True,True,True,True,True,float32,float32,float32,0.0,0.0,0.0,0.0,0.0,0.0,0.0,0.0,0.0,0.0,0.0,0.0,,
7ac08b7c991e5b91,on_pickup_dropoff,2021.07.24.00.36.59_veh-47_05600_06769,2021.07.24.00.36.59_veh-47_05600_06769/on_pickup_dropoff/7ac08b7c991e5b91/sledge_raw.gz,vehicles,49,26,26,23,0,50,-24,43.024192810058594,,,26,26,True,True,True,True,True,True,float32,float32,float32,0.0,0.0,0.0,0.0,0.0,0.0,0.0,0.0,0.0,0.0,0.0,0.0,0.0,0.0
7ac08b7c991e5b91,on_pickup_dropoff,2021.07.24.00.36.59_veh-47_05600_06769,2021.07.24.00.36.59_veh-47_05600_06769/on_pickup_dropoff/7ac08b7c991e5b91/sledge_raw.gz,pedestrians,149,77,20,72,57,20,57,15.293213844299316,15.565997123718262,0.2727832794189453,20,77,True,True,True,True,True,True,float32,float32,float32,0.0,0.0,0.0,0.0,0.0,0.0,0.0,0.0,0.0,0.0,0.0,0.0,0.0,0.0
7ac08b7c991e5b91,on_pickup_dropoff,2021.07.24.00.36.59_veh-47_05600_06769,2021.07.24.00.36.59_veh-47_05600_06769/on_pickup_dropoff/7ac08b7c991e5b91/sledge_raw.gz,static_objects,127,52,30,75,22,30,22,19.705488204956055,19.975421905517578,0.26993370056152344,30,52,True,True,True,True,True,True,float32,float32,float32,0.0,0.0,0.0,0.0,0.0,0.0,0.0,0.0,0.0,0.0,0.0,0.0,,
54b6bbcd58705a78,on_traffic_light_intersection,2021.06.30.13.57.34_veh-37_00015_00346,2021.06.30.13.57.34_veh-37_00015_00346/on_traffic_light_intersection/54b6bbcd58705a78/sledge_raw.gz,vehicles,20,4,4,16,0,50,-46,34.83403778076172,,,4,4,True,True,True,True,True,True,float32,float32,float32,0.0,0.0,0.0,0.0,0.0,0.0,0.0,0.0,0.0,0.0,0.0,0.0,0.0,0.0
54b6bbcd58705a78,on_traffic_light_intersection,2021.06.30.13.57.34_veh-37_00015_00346,2021.06.30.13.57.34_veh-37_00015_00346/on_traffic_light_intersection/54b6bbcd58705a78/sledge_raw.gz,pedestrians,5,2,2,3,0,20,-18,18.781503677368164,,,2,2,True,True,True,True,True,True,float32,float32,float32,0.0,0.0,0.0,0.0,0.0,0.0,0.0,0.0,0.0,0.0,0.0,0.0,0.0,0.0
54b6bbcd58705a78,on_traffic_light_intersection,2021.06.30.13.57.34_veh-37_00015_00346,2021.06.30.13.57.34_veh-37_00015_00346/on_traffic_light_intersection/54b6bbcd58705a78/sledge_raw.gz,static_objects,64,33,30,31,3,30,3,37.8519172668457,38.026119232177734,0.17420196533203125,30,33,True,True,True,True,True,True,float32,float32,float32,0.0,0.0,0.0,0.0,0.0,0.0,0.0,0.0,0.0,0.0,0.0,0.0,,
9797d0867726506c,on_traffic_light_intersection,2021.07.09.17.06.37_veh-35_00928_02567,2021.07.09.17.06.37_veh-35_00928_02567/on_traffic_light_intersection/9797d0867726506c/sledge_raw.gz,vehicles,30,6,6,24,0,50,-44,27.005163192749023,,,6,6,True,True,True,True,True,True,float32,float32,float32,0.0,0.0,0.0,0.0,0.0,0.0,0.0,0.0,0.0,0.0,0.0,0.0,0.0,0.0
9797d0867726506c,on_traffic_light_intersection,2021.07.09.17.06.37_veh-35_00928_02567,2021.07.09.17.06.37_veh-35_00928_02567/on_traffic_light_intersection/9797d0867726506c/sledge_raw.gz,pedestrians,93,38,20,55,18,20,18,25.149198532104492,25.20644187927246,0.05724334716796875,20,38,True,True,True,True,True,True,float32,float32,float32,0.0,0.0,0.0,0.0,0.0,0.0,0.0,0.0,0.0,0.0,0.0,0.0,0.0,0.0
9797d0867726506c,on_traffic_light_intersection,2021.07.09.17.06.37_veh-35_00928_02567,2021.07.09.17.06.37_veh-35_00928_02567/on_traffic_light_intersection/9797d0867726506c/sledge_raw.gz,static_objects,123,33,30,90,3,30,3,22.39434814453125,22.404582977294922,0.010234832763671875,30,33,True,True,True,True,True,True,float32,float32,float32,0.0,0.0,0.0,0.0,0.0,0.0,0.0,0.0,0.0,0.0,0.0,0.0,,
aad1636d171c58e3,traversing_intersection,2021.05.12.23.36.44_veh-35_01133_01535,2021.05.12.23.36.44_veh-35_01133_01535/traversing_intersection/aad1636d171c58e3/sledge_raw.gz,vehicles,33,13,13,20,0,50,-37,40.29348373413086,,,13,13,True,True,True,True,True,True,float32,float32,float32,0.0,0.0,0.0,0.0,0.0,0.0,0.0,0.0,0.0,0.0,0.0,0.0,0.0,0.0
aad1636d171c58e3,traversing_intersection,2021.05.12.23.36.44_veh-35_01133_01535,2021.05.12.23.36.44_veh-35_01133_01535/traversing_intersection/aad1636d171c58e3/sledge_raw.gz,pedestrians,61,37,20,24,17,20,17,27.630067825317383,28.597064971923828,0.9669971466064453,20,37,True,True,True,True,True,True,float32,float32,float32,0.0,0.0,0.0,0.0,0.0,0.0,0.0,0.0,0.0,0.0,0.0,0.0,0.0,0.0
aad1636d171c58e3,traversing_intersection,2021.05.12.23.36.44_veh-35_01133_01535,2021.05.12.23.36.44_veh-35_01133_01535/traversing_intersection/aad1636d171c58e3/sledge_raw.gz,static_objects,64,37,30,27,7,30,7,26.91102409362793,27.67654800415039,0.7655239105224609,30,37,True,True,True,True,True,True,float32,float32,float32,0.0,0.0,0.0,0.0,0.0,0.0,0.0,0.0,0.0,0.0,0.0,0.0,,
5b497826a5db5090,high_magnitude_speed,2021.06.10.14.11.49_veh-12_04607_04746,2021.06.10.14.11.49_veh-12_04607_04746/high_magnitude_speed/5b497826a5db5090/sledge_raw.gz,vehicles,24,19,19,5,0,50,-31,39.011165618896484,,,19,19,True,True,True,True,True,True,float32,float32,float32,0.0,0.0,0.0,0.0,0.0,0.0,0.0,0.0,0.0,0.0,0.0,0.0,0.0,0.0
5b497826a5db5090,high_magnitude_speed,2021.06.10.14.11.49_veh-12_04607_04746,2021.06.10.14.11.49_veh-12_04607_04746/high_magnitude_speed/5b497826a5db5090/sledge_raw.gz,pedestrians,66,23,20,43,3,20,3,31.026214599609375,31.442129135131836,0.41591453552246094,20,23,True,True,True,True,True,True,float32,float32,float32,0.0,0.0,0.0,0.0,0.0,0.0,0.0,0.0,0.0,0.0,0.0,0.0,0.0,0.0
5b497826a5db5090,high_magnitude_speed,2021.06.10.14.11.49_veh-12_04607_04746,2021.06.10.14.11.49_veh-12_04607_04746/high_magnitude_speed/5b497826a5db5090/sledge_raw.gz,static_objects,49,42,30,7,12,30,12,28.14567756652832,29.508039474487305,1.3623619079589844,30,42,True,True,True,True,True,True,float32,float32,float32,0.0,0.0,0.0,0.0,0.0,0.0,0.0,0.0,0.0,0.0,0.0,0.0,,
f1c6860d8a425941,medium_magnitude_speed,2021.06.14.14.03.45_veh-38_04137_04387,2021.06.14.14.03.45_veh-38_04137_04387/medium_magnitude_speed/f1c6860d8a425941/sledge_raw.gz,vehicles,38,6,6,32,0,50,-44,33.67212677001953,,,6,6,True,True,True,True,True,True,float32,float32,float32,0.0,0.0,0.0,0.0,0.0,0.0,0.0,0.0,0.0,0.0,0.0,0.0,0.0,0.0
f1c6860d8a425941,medium_magnitude_speed,2021.06.14.14.03.45_veh-38_04137_04387,2021.06.14.14.03.45_veh-38_04137_04387/medium_magnitude_speed/f1c6860d8a425941/sledge_raw.gz,pedestrians,151,14,14,137,0,20,-6,36.984771728515625,,,14,14,True,True,True,True,True,True,float32,float32,float32,0.0,0.0,0.0,0.0,0.0,0.0,0.0,0.0,0.0,0.0,0.0,0.0,0.0,0.0
f1c6860d8a425941,medium_magnitude_speed,2021.06.14.14.03.45_veh-38_04137_04387,2021.06.14.14.03.45_veh-38_04137_04387/medium_magnitude_speed/f1c6860d8a425941/sledge_raw.gz,static_objects,199,66,30,133,36,30,36,19.941055297851562,20.557552337646484,0.6164970397949219,30,66,True,True,True,True,True,True,float32,float32,float32,0.0,0.0,0.0,0.0,0.0,0.0,0.0,0.0,0.0,0.0,0.0,0.0,,
a20560b97cb35d16,stationary_in_traffic,2021.07.16.02.53.40_veh-17_00016_01588,2021.07.16.02.53.40_veh-17_00016_01588/stationary_in_traffic/a20560b97cb35d16/sledge_raw.gz,vehicles,29,22,22,7,0,50,-28,30.746572494506836,,,22,22,True,True,True,True,True,True,float32,float32,float32,0.0,0.0,0.0,0.0,0.0,0.0,0.0,0.0,0.0,0.0,0.0,0.0,0.0,0.0
a20560b97cb35d16,stationary_in_traffic,2021.07.16.02.53.40_veh-17_00016_01588,2021.07.16.02.53.40_veh-17_00016_01588/stationary_in_traffic/a20560b97cb35d16/sledge_raw.gz,pedestrians,82,46,20,36,26,20,26,30.33605194091797,30.457725524902344,0.121673583984375,20,46,True,True,True,True,True,True,float32,float32,float32,0.0,0.0,0.0,0.0,0.0,0.0,0.0,0.0,0.0,0.0,0.0,0.0,0.0,0.0
a20560b97cb35d16,stationary_in_traffic,2021.07.16.02.53.40_veh-17_00016_01588,2021.07.16.02.53.40_veh-17_00016_01588/stationary_in_traffic/a20560b97cb35d16/sledge_raw.gz,static_objects,50,37,30,13,7,30,7,24.64441680908203,26.118989944458008,1.4745731353759766,30,37,True,True,True,True,True,True,float32,float32,float32,0.0,0.0,0.0,0.0,0.0,0.0,0.0,0.0,0.0,0.0,0.0,0.0,,
30f1da0172435796,on_pickup_dropoff,2021.06.21.16.51.55_veh-47_00525_01335,2021.06.21.16.51.55_veh-47_00525_01335/on_pickup_dropoff/30f1da0172435796/sledge_raw.gz,vehicles,20,10,10,10,0,50,-40,40.21355056762695,,,10,10,True,True,True,True,True,True,float32,float32,float32,0.0,0.0,0.0,0.0,0.0,0.0,0.0,0.0,0.0,0.0,0.0,0.0,0.0,0.0
30f1da0172435796,on_pickup_dropoff,2021.06.21.16.51.55_veh-47_00525_01335,2021.06.21.16.51.55_veh-47_00525_01335/on_pickup_dropoff/30f1da0172435796/sledge_raw.gz,pedestrians,46,30,20,16,10,20,10,31.71439552307129,32.55735397338867,0.8429584503173828,20,30,True,True,True,True,True,True,float32,float32,float32,0.0,0.0,0.0,0.0,0.0,0.0,0.0,0.0,0.0,0.0,0.0,0.0,0.0,0.0
30f1da0172435796,on_pickup_dropoff,2021.06.21.16.51.55_veh-47_00525_01335,2021.06.21.16.51.55_veh-47_00525_01335/on_pickup_dropoff/30f1da0172435796/sledge_raw.gz,static_objects,35,31,30,4,1,30,1,39.32328796386719,44.008914947509766,4.685626983642578,30,31,True,True,True,True,True,True,float32,float32,float32,0.0,0.0,0.0,0.0,0.0,0.0,0.0,0.0,0.0,0.0,0.0,0.0,,
986e241830eb5c86,unknown,2021.06.01.13.47.32_veh-35_03437_04412,2021.06.01.13.47.32_veh-35_03437_04412/unknown/986e241830eb5c86/sledge_raw.gz,vehicles,11,4,4,7,0,50,-46,29.74643898010254,,,4,4,True,True,True,True,True,True,float32,float32,float32,0.0,0.0,0.0,0.0,0.0,0.0,0.0,0.0,0.0,0.0,0.0,0.0,0.0,0.0
986e241830eb5c86,unknown,2021.06.01.13.47.32_veh-35_03437_04412,2021.06.01.13.47.32_veh-35_03437_04412/unknown/986e241830eb5c86/sledge_raw.gz,pedestrians,49,31,20,18,11,20,11,33.12984085083008,33.41618728637695,0.286346435546875,20,31,True,True,True,True,True,True,float32,float32,float32,0.0,0.0,0.0,0.0,0.0,0.0,0.0,0.0,0.0,0.0,0.0,0.0,0.0,0.0
986e241830eb5c86,unknown,2021.06.01.13.47.32_veh-35_03437_04412,2021.06.01.13.47.32_veh-35_03437_04412/unknown/986e241830eb5c86/sledge_raw.gz,static_objects,119,62,30,57,32,30,32,23.513065338134766,24.534027099609375,1.0209617614746094,30,62,True,True,True,True,True,True,float32,float32,float32,0.0,0.0,0.0,0.0,0.0,0.0,0.0,0.0,0.0,0.0,0.0,0.0,,
d002aec7ae9956c4,near_barrier_on_driveable,2021.06.10.19.23.31_veh-47_03702_03822,2021.06.10.19.23.31_veh-47_03702_03822/near_barrier_on_driveable/d002aec7ae9956c4/sledge_raw.gz,vehicles,15,3,3,12,0,50,-47,23.071449279785156,,,3,3,True,True,True,True,True,True,float32,float32,float32,0.0,0.0,0.0,0.0,0.0,0.0,0.0,0.0,0.0,0.0,0.0,0.0,0.0,0.0
d002aec7ae9956c4,near_barrier_on_driveable,2021.06.10.19.23.31_veh-47_03702_03822,2021.06.10.19.23.31_veh-47_03702_03822/near_barrier_on_driveable/d002aec7ae9956c4/sledge_raw.gz,pedestrians,3,0,0,3,0,20,-20,,,,0,0,True,True,True,True,True,True,float32,float32,float32,0.0,0.0,0.0,0.0,0.0,0.0,0.0,0.0,0.0,0.0,0.0,0.0,0.0,0.0
d002aec7ae9956c4,near_barrier_on_driveable,2021.06.10.19.23.31_veh-47_03702_03822,2021.06.10.19.23.31_veh-47_03702_03822/near_barrier_on_driveable/d002aec7ae9956c4/sledge_raw.gz,static_objects,145,43,30,102,13,30,13,22.217727661132812,23.593631744384766,1.3759040832519531,30,43,True,True,True,True,True,True,float32,float32,float32,0.0,0.0,0.0,0.0,0.0,0.0,0.0,0.0,0.0,0.0,0.0,0.0,,
7b0944685e805413,stationary,2021.07.07.17.09.33_veh-26_00850_02406,2021.07.07.17.09.33_veh-26_00850_02406/stationary/7b0944685e805413/sledge_raw.gz,vehicles,8,6,6,2,0,50,-44,27.114553451538086,,,6,6,True,True,True,True,True,True,float32,float32,float32,0.0,0.0,0.0,0.0,0.0,0.0,0.0,0.0,0.0,0.0,0.0,0.0,0.0,0.0
7b0944685e805413,stationary,2021.07.07.17.09.33_veh-26_00850_02406,2021.07.07.17.09.33_veh-26_00850_02406/stationary/7b0944685e805413/sledge_raw.gz,pedestrians,13,12,12,1,0,20,-8,31.705001831054688,,,12,12,True,True,True,True,True,True,float32,float32,float32,0.0,0.0,0.0,0.0,0.0,0.0,0.0,0.0,0.0,0.0,0.0,0.0,0.0,0.0
7b0944685e805413,stationary,2021.07.07.17.09.33_veh-26_00850_02406,2021.07.07.17.09.33_veh-26_00850_02406/stationary/7b0944685e805413/sledge_raw.gz,static_objects,67,49,30,18,19,30,19,17.998210906982422,18.245424270629883,0.24721336364746094,30,49,True,True,True,True,True,True,float32,float32,float32,0.0,0.0,0.0,0.0,0.0,0.0,0.0,0.0,0.0,0.0,0.0,0.0,,
ee1068cb683153ee,near_pedestrian_on_crosswalk,2021.06.01.17.27.29_veh-47_04434_04805,2021.06.01.17.27.29_veh-47_04434_04805/near_pedestrian_on_crosswalk/ee1068cb683153ee/sledge_raw.gz,vehicles,4,2,2,2,0,50,-48,30.455825805664062,,,2,2,True,True,True,True,True,True,float32,float32,float32,0.0,0.0,0.0,0.0,0.0,0.0,0.0,0.0,0.0,0.0,0.0,0.0,0.0,0.0
ee1068cb683153ee,near_pedestrian_on_crosswalk,2021.06.01.17.27.29_veh-47_04434_04805,2021.06.01.17.27.29_veh-47_04434_04805/near_pedestrian_on_crosswalk/ee1068cb683153ee/sledge_raw.gz,pedestrians,18,7,7,11,0,20,-13,25.582319259643555,,,7,7,True,True,True,True,True,True,float32,float32,float32,0.0,0.0,0.0,0.0,0.0,0.0,0.0,0.0,0.0,0.0,0.0,0.0,0.0,0.0
ee1068cb683153ee,near_pedestrian_on_crosswalk,2021.06.01.17.27.29_veh-47_04434_04805,2021.06.01.17.27.29_veh-47_04434_04805/near_pedestrian_on_crosswalk/ee1068cb683153ee/sledge_raw.gz,static_objects,20,11,11,9,0,30,-19,41.440216064453125,,,11,11,True,True,True,True,True,True,float32,float32,float32,0.0,0.0,0.0,0.0,0.0,0.0,0.0,0.0,0.0,0.0,0.0,0.0,,
02c4035eabfe50fa,near_pedestrian_on_crosswalk,2021.06.09.14.03.17_veh-12_03798_04118,2021.06.09.14.03.17_veh-12_03798_04118/near_pedestrian_on_crosswalk/02c4035eabfe50fa/sledge_raw.gz,vehicles,23,4,4,19,0,50,-46,42.94460678100586,,,4,4,True,True,True,True,True,True,float32,float32,float32,0.0,0.0,0.0,0.0,0.0,0.0,0.0,0.0,0.0,0.0,0.0,0.0,0.0,0.0
02c4035eabfe50fa,near_pedestrian_on_crosswalk,2021.06.09.14.03.17_veh-12_03798_04118,2021.06.09.14.03.17_veh-12_03798_04118/near_pedestrian_on_crosswalk/02c4035eabfe50fa/sledge_raw.gz,pedestrians,114,17,17,97,0,20,-3,34.37150192260742,,,17,17,True,True,True,True,True,True,float32,float32,float32,0.0,0.0,0.0,0.0,0.0,0.0,0.0,0.0,0.0,0.0,0.0,0.0,0.0,0.0
02c4035eabfe50fa,near_pedestrian_on_crosswalk,2021.06.09.14.03.17_veh-12_03798_04118,2021.06.09.14.03.17_veh-12_03798_04118/near_pedestrian_on_crosswalk/02c4035eabfe50fa/sledge_raw.gz,static_objects,207,64,30,143,34,30,34,21.440685272216797,22.060749053955078,0.6200637817382812,30,64,True,True,True,True,True,True,float32,float32,float32,0.0,0.0,0.0,0.0,0.0,0.0,0.0,0.0,0.0,0.0,0.0,0.0,,
aaf5f663b5ab5fec,near_pedestrian_on_crosswalk,2021.05.24.17.57.11_veh-35_05075_05292,2021.05.24.17.57.11_veh-35_05075_05292/near_pedestrian_on_crosswalk/aaf5f663b5ab5fec/sledge_raw.gz,vehicles,35,14,14,21,0,50,-36,34.88066101074219,,,14,14,True,True,True,True,True,True,float32,float32,float32,0.0,0.0,0.0,0.0,0.0,0.0,0.0,0.0,0.0,0.0,0.0,0.0,0.0,0.0
aaf5f663b5ab5fec,near_pedestrian_on_crosswalk,2021.05.24.17.57.11_veh-35_05075_05292,2021.05.24.17.57.11_veh-35_05075_05292/near_pedestrian_on_crosswalk/aaf5f663b5ab5fec/sledge_raw.gz,pedestrians,182,78,20,104,58,20,58,12.076215744018555,13.280784606933594,1.204568862915039,20,78,True,True,True,True,True,True,float32,float32,float32,0.0,0.0,0.0,0.0,0.0,0.0,0.0,0.0,0.0,0.0,0.0,0.0,0.0,0.0
aaf5f663b5ab5fec,near_pedestrian_on_crosswalk,2021.05.24.17.57.11_veh-35_05075_05292,2021.05.24.17.57.11_veh-35_05075_05292/near_pedestrian_on_crosswalk/aaf5f663b5ab5fec/sledge_raw.gz,static_objects,172,50,30,122,20,30,20,22.245933532714844,22.40952491760254,0.1635913848876953,30,50,True,True,True,True,True,True,float32,float32,float32,0.0,0.0,0.0,0.0,0.0,0.0,0.0,0.0,0.0,0.0,0.0,0.0,,
b21da07870d2560b,near_pedestrian_on_crosswalk,2021.08.24.14.40.55_veh-28_01570_01776,2021.08.24.14.40.55_veh-28_01570_01776/near_pedestrian_on_crosswalk/b21da07870d2560b/sledge_raw.gz,vehicles,3,0,0,3,0,50,-50,,,,0,0,True,True,True,True,True,True,float32,float32,float32,0.0,0.0,0.0,0.0,0.0,0.0,0.0,0.0,0.0,0.0,0.0,0.0,0.0,0.0
b21da07870d2560b,near_pedestrian_on_crosswalk,2021.08.24.14.40.55_veh-28_01570_01776,2021.08.24.14.40.55_veh-28_01570_01776/near_pedestrian_on_crosswalk/b21da07870d2560b/sledge_raw.gz,pedestrians,5,5,5,0,0,20,-15,20.816192626953125,,,5,5,True,True,True,True,True,True,float32,float32,float32,0.0,0.0,0.0,0.0,0.0,0.0,0.0,0.0,0.0,0.0,0.0,0.0,0.0,0.0
b21da07870d2560b,near_pedestrian_on_crosswalk,2021.08.24.14.40.55_veh-28_01570_01776,2021.08.24.14.40.55_veh-28_01570_01776/near_pedestrian_on_crosswalk/b21da07870d2560b/sledge_raw.gz,static_objects,2,2,2,0,0,30,-28,30.39244842529297,,,2,2,True,True,True,True,True,True,float32,float32,float32,0.0,0.0,0.0,0.0,0.0,0.0,0.0,0.0,0.0,0.0,0.0,0.0,,
0afac84495025df7,near_pedestrian_on_crosswalk,2021.06.10.14.11.49_veh-12_01416_01822,2021.06.10.14.11.49_veh-12_01416_01822/near_pedestrian_on_crosswalk/0afac84495025df7/sledge_raw.gz,vehicles,38,8,8,30,0,50,-42,40.459381103515625,,,8,8,True,True,True,True,True,True,float32,float32,float32,0.0,0.0,0.0,0.0,0.0,0.0,0.0,0.0,0.0,0.0,0.0,0.0,0.0,0.0
0afac84495025df7,near_pedestrian_on_crosswalk,2021.06.10.14.11.49_veh-12_01416_01822,2021.06.10.14.11.49_veh-12_01416_01822/near_pedestrian_on_crosswalk/0afac84495025df7/sledge_raw.gz,pedestrians,125,68,20,57,48,20,48,8.548383712768555,8.664170265197754,0.11578655242919922,20,68,True,True,True,True,True,True,float32,float32,float32,0.0,0.0,0.0,0.0,0.0,0.0,0.0,0.0,0.0,0.0,0.0,0.0,0.0,0.0
0afac84495025df7,near_pedestrian_on_crosswalk,2021.06.10.14.11.49_veh-12_01416_01822,2021.06.10.14.11.49_veh-12_01416_01822/near_pedestrian_on_crosswalk/0afac84495025df7/sledge_raw.gz,static_objects,107,44,30,63,14,30,14,24.36750602722168,26.79676055908203,2.4292545318603516,30,44,True,True,True,True,True,True,float32,float32,float32,0.0,0.0,0.0,0.0,0.0,0.0,0.0,0.0,0.0,0.0,0.0,0.0,,
d787595d0f945028,near_pedestrian_on_crosswalk,2021.08.20.13.00.37_veh-08_01737_02048,2021.08.20.13.00.37_veh-08_01737_02048/near_pedestrian_on_crosswalk/d787595d0f945028/sledge_raw.gz,vehicles,8,4,4,4,0,50,-46,20.585140228271484,,,4,4,True,True,True,True,True,True,float32,float32,float32,0.0,0.0,0.0,0.0,0.0,0.0,0.0,0.0,0.0,0.0,0.0,0.0,0.0,0.0
d787595d0f945028,near_pedestrian_on_crosswalk,2021.08.20.13.00.37_veh-08_01737_02048,2021.08.20.13.00.37_veh-08_01737_02048/near_pedestrian_on_crosswalk/d787595d0f945028/sledge_raw.gz,pedestrians,6,3,3,3,0,20,-17,28.595458984375,,,3,3,True,True,True,True,True,True,float32,float32,float32,0.0,0.0,0.0,0.0,0.0,0.0,0.0,0.0,0.0,0.0,0.0,0.0,0.0,0.0
d787595d0f945028,near_pedestrian_on_crosswalk,2021.08.20.13.00.37_veh-08_01737_02048,2021.08.20.13.00.37_veh-08_01737_02048/near_pedestrian_on_crosswalk/d787595d0f945028/sledge_raw.gz,static_objects,16,9,9,7,0,30,-21,26.76245880126953,,,9,9,True,True,True,True,True,True,float32,float32,float32,0.0,0.0,0.0,0.0,0.0,0.0,0.0,0.0,0.0,0.0,0.0,0.0,,
a6b771dda7545822,near_pedestrian_on_crosswalk,2021.06.08.12.54.54_veh-26_04262_04732,2021.06.08.12.54.54_veh-26_04262_04732/near_pedestrian_on_crosswalk/a6b771dda7545822/sledge_raw.gz,vehicles,4,1,1,3,0,50,-49,18.73212432861328,,,1,1,True,True,True,True,True,True,float32,float32,float32,0.0,0.0,0.0,0.0,0.0,0.0,0.0,0.0,0.0,0.0,0.0,0.0,0.0,0.0
a6b771dda7545822,near_pedestrian_on_crosswalk,2021.06.08.12.54.54_veh-26_04262_04732,2021.06.08.12.54.54_veh-26_04262_04732/near_pedestrian_on_crosswalk/a6b771dda7545822/sledge_raw.gz,pedestrians,41,29,20,12,9,20,9,24.76700210571289,25.117420196533203,0.3504180908203125,20,29,True,True,True,True,True,True,float32,float32,float32,0.0,0.0,0.0,0.0,0.0,0.0,0.0,0.0,0.0,0.0,0.0,0.0,0.0,0.0
a6b771dda7545822,near_pedestrian_on_crosswalk,2021.06.08.12.54.54_veh-26_04262_04732,2021.06.08.12.54.54_veh-26_04262_04732/near_pedestrian_on_crosswalk/a6b771dda7545822/sledge_raw.gz,static_objects,128,63,30,65,33,30,33,26.485857009887695,29.051048278808594,2.5651912689208984,30,63,True,True,True,True,True,True,float32,float32,float32,0.0,0.0,0.0,0.0,0.0,0.0,0.0,0.0,0.0,0.0,0.0,0.0,,
a07a36ce0b5b573e,near_pedestrian_on_crosswalk,2021.05.18.14.29.38_veh-24_04251_04515,2021.05.18.14.29.38_veh-24_04251_04515/near_pedestrian_on_crosswalk/a07a36ce0b5b573e/sledge_raw.gz,vehicles,17,6,6,11,0,50,-44,28.03048324584961,,,6,6,True,True,True,True,True,True,float32,float32,float32,0.0,0.0,0.0,0.0,0.0,0.0,0.0,0.0,0.0,0.0,0.0,0.0,0.0,0.0
a07a36ce0b5b573e,near_pedestrian_on_crosswalk,2021.05.18.14.29.38_veh-24_04251_04515,2021.05.18.14.29.38_veh-24_04251_04515/near_pedestrian_on_crosswalk/a07a36ce0b5b573e/sledge_raw.gz,pedestrians,50,16,16,34,0,20,-4,33.17755126953125,,,16,16,True,True,True,True,True,True,float32,float32,float32,0.0,0.0,0.0,0.0,0.0,0.0,0.0,0.0,0.0,0.0,0.0,0.0,0.0,0.0
a07a36ce0b5b573e,near_pedestrian_on_crosswalk,2021.05.18.14.29.38_veh-24_04251_04515,2021.05.18.14.29.38_veh-24_04251_04515/near_pedestrian_on_crosswalk/a07a36ce0b5b573e/sledge_raw.gz,static_objects,104,29,29,75,0,30,-1,31.70458221435547,,,29,29,True,True,True,True,True,True,float32,float32,float32,0.0,0.0,0.0,0.0,0.0,0.0,0.0,0.0,0.0,0.0,0.0,0.0,,
fc317c2d386b59b6,near_pedestrian_on_crosswalk,2021.09.29.03.22.12_veh-53_01033_01378,2021.09.29.03.22.12_veh-53_01033_01378/near_pedestrian_on_crosswalk/fc317c2d386b59b6/sledge_raw.gz,vehicles,13,8,8,5,0,50,-42,34.56180953979492,,,8,8,True,True,True,True,True,True,float32,float32,float32,0.0,0.0,0.0,0.0,0.0,0.0,0.0,0.0,0.0,0.0,0.0,0.0,0.0,0.0
fc317c2d386b59b6,near_pedestrian_on_crosswalk,2021.09.29.03.22.12_veh-53_01033_01378,2021.09.29.03.22.12_veh-53_01033_01378/near_pedestrian_on_crosswalk/fc317c2d386b59b6/sledge_raw.gz,pedestrians,19,14,14,5,0,20,-6,35.80913543701172,,,14,14,True,True,True,True,True,True,float32,float32,float32,0.0,0.0,0.0,0.0,0.0,0.0,0.0,0.0,0.0,0.0,0.0,0.0,0.0,0.0
fc317c2d386b59b6,near_pedestrian_on_crosswalk,2021.09.29.03.22.12_veh-53_01033_01378,2021.09.29.03.22.12_veh-53_01033_01378/near_pedestrian_on_crosswalk/fc317c2d386b59b6/sledge_raw.gz,static_objects,5,3,3,2,0,30,-27,34.0037727355957,,,3,3,True,True,True,True,True,True,float32,float32,float32,0.0,0.0,0.0,0.0,0.0,0.0,0.0,0.0,0.0,0.0,0.0,0.0,,
f90d2a96ef8a553e,near_pedestrian_on_crosswalk,2021.05.19.14.07.59_veh-25_01718_01857,2021.05.19.14.07.59_veh-25_01718_01857/near_pedestrian_on_crosswalk/f90d2a96ef8a553e/sledge_raw.gz,vehicles,14,3,3,11,0,50,-47,24.300933837890625,,,3,3,True,True,True,True,True,True,float32,float32,float32,0.0,0.0,0.0,0.0,0.0,0.0,0.0,0.0,0.0,0.0,0.0,0.0,0.0,0.0
f90d2a96ef8a553e,near_pedestrian_on_crosswalk,2021.05.19.14.07.59_veh-25_01718_01857,2021.05.19.14.07.59_veh-25_01718_01857/near_pedestrian_on_crosswalk/f90d2a96ef8a553e/sledge_raw.gz,pedestrians,66,47,20,19,27,20,27,19.82080078125,20.253379821777344,0.43257904052734375,20,47,True,True,True,True,True,True,float32,float32,float32,0.0,0.0,0.0,0.0,0.0,0.0,0.0,0.0,0.0,0.0,0.0,0.0,0.0,0.0
f90d2a96ef8a553e,near_pedestrian_on_crosswalk,2021.05.19.14.07.59_veh-25_01718_01857,2021.05.19.14.07.59_veh-25_01718_01857/near_pedestrian_on_crosswalk/f90d2a96ef8a553e/sledge_raw.gz,static_objects,73,44,30,29,14,30,14,22.743656158447266,22.915517807006836,0.1718616485595703,30,44,True,True,True,True,True,True,float32,float32,float32,0.0,0.0,0.0,0.0,0.0,0.0,0.0,0.0,0.0,0.0,0.0,0.0,,
f27e4bea960054c0,near_pedestrian_on_crosswalk,2021.05.21.11.47.54_veh-27_06305_06546,2021.05.21.11.47.54_veh-27_06305_06546/near_pedestrian_on_crosswalk/f27e4bea960054c0/sledge_raw.gz,vehicles,26,8,8,18,0,50,-42,33.653751373291016,,,8,8,True,True,True,True,True,True,float32,float32,float32,0.0,0.0,0.0,0.0,0.0,0.0,0.0,0.0,0.0,0.0,0.0,0.0,0.0,0.0
f27e4bea960054c0,near_pedestrian_on_crosswalk,2021.05.21.11.47.54_veh-27_06305_06546,2021.05.21.11.47.54_veh-27_06305_06546/near_pedestrian_on_crosswalk/f27e4bea960054c0/sledge_raw.gz,pedestrians,18,7,7,11,0,20,-13,27.208070755004883,,,7,7,True,True,True,True,True,True,float32,float32,float32,0.0,0.0,0.0,0.0,0.0,0.0,0.0,0.0,0.0,0.0,0.0,0.0,0.0,0.0
f27e4bea960054c0,near_pedestrian_on_crosswalk,2021.05.21.11.47.54_veh-27_06305_06546,2021.05.21.11.47.54_veh-27_06305_06546/near_pedestrian_on_crosswalk/f27e4bea960054c0/sledge_raw.gz,static_objects,146,47,30,99,17,30,17,21.965070724487305,22.593502044677734,0.6284313201904297,30,47,True,True,True,True,True,True,float32,float32,float32,0.0,0.0,0.0,0.0,0.0,0.0,0.0,0.0,0.0,0.0,0.0,0.0,,
335203af6dcb5245,traversing_crosswalk,2021.09.23.18.57.19_veh-45_00428_00826,2021.09.23.18.57.19_veh-45_00428_00826/traversing_crosswalk/335203af6dcb5245/sledge_raw.gz,vehicles,4,0,0,4,0,50,-50,,,,0,0,True,True,True,True,True,True,float32,float32,float32,0.0,0.0,0.0,0.0,0.0,0.0,0.0,0.0,0.0,0.0,0.0,0.0,0.0,0.0
335203af6dcb5245,traversing_crosswalk,2021.09.23.18.57.19_veh-45_00428_00826,2021.09.23.18.57.19_veh-45_00428_00826/traversing_crosswalk/335203af6dcb5245/sledge_raw.gz,pedestrians,1,0,0,1,0,20,-20,,,,0,0,True,True,True,True,True,True,float32,float32,float32,0.0,0.0,0.0,0.0,0.0,0.0,0.0,0.0,0.0,0.0,0.0,0.0,0.0,0.0
335203af6dcb5245,traversing_crosswalk,2021.09.23.18.57.19_veh-45_00428_00826,2021.09.23.18.57.19_veh-45_00428_00826/traversing_crosswalk/335203af6dcb5245/sledge_raw.gz,static_objects,4,3,3,1,0,30,-27,27.646324157714844,,,3,3,True,True,True,True,True,True,float32,float32,float32,0.0,0.0,0.0,0.0,0.0,0.0,0.0,0.0,0.0,0.0,0.0,0.0,,
fe7e24ace398541f,traversing_crosswalk,2021.09.03.18.32.35_veh-39_00559_01142,2021.09.03.18.32.35_veh-39_00559_01142/traversing_crosswalk/fe7e24ace398541f/sledge_raw.gz,vehicles,9,3,3,6,0,50,-47,30.287025451660156,,,3,3,True,True,True,True,True,True,float32,float32,float32,0.0,0.0,0.0,0.0,0.0,0.0,0.0,0.0,0.0,0.0,0.0,0.0,0.0,0.0
fe7e24ace398541f,traversing_crosswalk,2021.09.03.18.32.35_veh-39_00559_01142,2021.09.03.18.32.35_veh-39_00559_01142/traversing_crosswalk/fe7e24ace398541f/sledge_raw.gz,pedestrians,34,10,10,24,0,20,-10,28.360307693481445,,,10,10,True,True,True,True,True,True,float32,float32,float32,0.0,0.0,0.0,0.0,0.0,0.0,0.0,0.0,0.0,0.0,0.0,0.0,0.0,0.0
fe7e24ace398541f,traversing_crosswalk,2021.09.03.18.32.35_veh-39_00559_01142,2021.09.03.18.32.35_veh-39_00559_01142/traversing_crosswalk/fe7e24ace398541f/sledge_raw.gz,static_objects,8,6,6,2,0,30,-24,29.651012420654297,,,6,6,True,True,True,True,True,True,float32,float32,float32,0.0,0.0,0.0,0.0,0.0,0.0,0.0,0.0,0.0,0.0,0.0,0.0,,
704d32526df35ca6,traversing_crosswalk,2021.09.30.06.13.47_veh-53_00307_00770,2021.09.30.06.13.47_veh-53_00307_00770/traversing_crosswalk/704d32526df35ca6/sledge_raw.gz,vehicles,5,3,3,2,0,50,-47,36.112667083740234,,,3,3,True,True,True,True,True,True,float32,float32,float32,0.0,0.0,0.0,0.0,0.0,0.0,0.0,0.0,0.0,0.0,0.0,0.0,0.0,0.0
704d32526df35ca6,traversing_crosswalk,2021.09.30.06.13.47_veh-53_00307_00770,2021.09.30.06.13.47_veh-53_00307_00770/traversing_crosswalk/704d32526df35ca6/sledge_raw.gz,pedestrians,3,2,2,1,0,20,-18,36.5068473815918,,,2,2,True,True,True,True,True,True,float32,float32,float32,0.0,0.0,0.0,0.0,0.0,0.0,0.0,0.0,0.0,0.0,0.0,0.0,0.0,0.0
704d32526df35ca6,traversing_crosswalk,2021.09.30.06.13.47_veh-53_00307_00770,2021.09.30.06.13.47_veh-53_00307_00770/traversing_crosswalk/704d32526df35ca6/sledge_raw.gz,static_objects,2,0,0,2,0,30,-30,,,,0,0,True,True,True,True,True,True,float32,float32,float32,0.0,0.0,0.0,0.0,0.0,0.0,0.0,0.0,0.0,0.0,0.0,0.0,,
19d093209a00506d,traversing_crosswalk,2021.10.14.17.47.55_veh-28_00484_01094,2021.10.14.17.47.55_veh-28_00484_01094/traversing_crosswalk/19d093209a00506d/sledge_raw.gz,vehicles,22,6,6,16,0,50,-44,31.897493362426758,,,6,6,True,True,True,True,True,True,float32,float32,float32,0.0,0.0,0.0,0.0,0.0,0.0,0.0,0.0,0.0,0.0,0.0,0.0,0.0,0.0
19d093209a00506d,traversing_crosswalk,2021.10.14.17.47.55_veh-28_00484_01094,2021.10.14.17.47.55_veh-28_00484_01094/traversing_crosswalk/19d093209a00506d/sledge_raw.gz,pedestrians,21,12,12,9,0,20,-8,36.18851089477539,,,12,12,True,True,True,True,True,True,float32,float32,float32,0.0,0.0,0.0,0.0,0.0,0.0,0.0,0.0,0.0,0.0,0.0,0.0,0.0,0.0
19d093209a00506d,traversing_crosswalk,2021.10.14.17.47.55_veh-28_00484_01094,2021.10.14.17.47.55_veh-28_00484_01094/traversing_crosswalk/19d093209a00506d/sledge_raw.gz,static_objects,4,2,2,2,0,30,-28,34.66170883178711,,,2,2,True,True,True,True,True,True,float32,float32,float32,0.0,0.0,0.0,0.0,0.0,0.0,0.0,0.0,0.0,0.0,0.0,0.0,,
83f20585fd0a5cd1,traversing_crosswalk,2021.09.02.07.47.07_veh-51_00016_00234,2021.09.02.07.47.07_veh-51_00016_00234/traversing_crosswalk/83f20585fd0a5cd1/sledge_raw.gz,vehicles,3,3,3,0,0,50,-47,30.40170669555664,,,3,3,True,True,True,True,True,True,float32,float32,float32,0.0,0.0,0.0,0.0,0.0,0.0,0.0,0.0,0.0,0.0,0.0,0.0,0.0,0.0
83f20585fd0a5cd1,traversing_crosswalk,2021.09.02.07.47.07_veh-51_00016_00234,2021.09.02.07.47.07_veh-51_00016_00234/traversing_crosswalk/83f20585fd0a5cd1/sledge_raw.gz,pedestrians,0,0,0,0,0,20,-20,,,,0,0,True,True,True,True,True,True,float32,float32,float32,0.0,0.0,0.0,0.0,0.0,0.0,0.0,0.0,0.0,0.0,0.0,0.0,0.0,0.0
83f20585fd0a5cd1,traversing_crosswalk,2021.09.02.07.47.07_veh-51_00016_00234,2021.09.02.07.47.07_veh-51_00016_00234/traversing_crosswalk/83f20585fd0a5cd1/sledge_raw.gz,static_objects,0,0,0,0,0,30,-30,,,,0,0,True,True,True,True,True,True,float32,float32,float32,0.0,0.0,0.0,0.0,0.0,0.0,0.0,0.0,0.0,0.0,0.0,0.0,,
53c4926336805a52,traversing_crosswalk,2021.09.24.05.42.43_veh-53_00798_01869,2021.09.24.05.42.43_veh-53_00798_01869/traversing_crosswalk/53c4926336805a52/sledge_raw.gz,vehicles,4,1,1,3,0,50,-49,12.79103946685791,,,1,1,True,True,True,True,True,True,float32,float32,float32,0.0,0.0,0.0,0.0,0.0,0.0,0.0,0.0,0.0,0.0,0.0,0.0,0.0,0.0
53c4926336805a52,traversing_crosswalk,2021.09.24.05.42.43_veh-53_00798_01869,2021.09.24.05.42.43_veh-53_00798_01869/traversing_crosswalk/53c4926336805a52/sledge_raw.gz,pedestrians,0,0,0,0,0,20,-20,,,,0,0,True,True,True,True,True,True,float32,float32,float32,0.0,0.0,0.0,0.0,0.0,0.0,0.0,0.0,0.0,0.0,0.0,0.0,0.0,0.0
53c4926336805a52,traversing_crosswalk,2021.09.24.05.42.43_veh-53_00798_01869,2021.09.24.05.42.43_veh-53_00798_01869/traversing_crosswalk/53c4926336805a52/sledge_raw.gz,static_objects,1,0,0,1,0,30,-30,,,,0,0,True,True,True,True,True,True,float32,float32,float32,0.0,0.0,0.0,0.0,0.0,0.0,0.0,0.0,0.0,0.0,0.0,0.0,,
cefac6c3e89558f0,traversing_crosswalk,2021.06.12.19.12.40_veh-35_02560_02956,2021.06.12.19.12.40_veh-35_02560_02956/traversing_crosswalk/cefac6c3e89558f0/sledge_raw.gz,vehicles,13,5,5,8,0,50,-45,36.45911407470703,,,5,5,True,True,True,True,True,True,float32,float32,float32,0.0,0.0,0.0,0.0,0.0,0.0,0.0,0.0,0.0,0.0,0.0,0.0,0.0,0.0
cefac6c3e89558f0,traversing_crosswalk,2021.06.12.19.12.40_veh-35_02560_02956,2021.06.12.19.12.40_veh-35_02560_02956/traversing_crosswalk/cefac6c3e89558f0/sledge_raw.gz,pedestrians,11,10,10,1,0,20,-10,11.190537452697754,,,10,10,True,True,True,True,True,True,float32,float32,float32,0.0,0.0,0.0,0.0,0.0,0.0,0.0,0.0,0.0,0.0,0.0,0.0,0.0,0.0
cefac6c3e89558f0,traversing_crosswalk,2021.06.12.19.12.40_veh-35_02560_02956,2021.06.12.19.12.40_veh-35_02560_02956/traversing_crosswalk/cefac6c3e89558f0/sledge_raw.gz,static_objects,35,16,16,19,0,30,-14,38.11616134643555,,,16,16,True,True,True,True,True,True,float32,float32,float32,0.0,0.0,0.0,0.0,0.0,0.0,0.0,0.0,0.0,0.0,0.0,0.0,,
9779e279a9b35f5c,traversing_crosswalk,2021.09.24.03.41.25_veh-53_00016_00669,2021.09.24.03.41.25_veh-53_00016_00669/traversing_crosswalk/9779e279a9b35f5c/sledge_raw.gz,vehicles,1,0,0,1,0,50,-50,,,,0,0,True,True,True,True,True,True,float32,float32,float32,0.0,0.0,0.0,0.0,0.0,0.0,0.0,0.0,0.0,0.0,0.0,0.0,0.0,0.0
9779e279a9b35f5c,traversing_crosswalk,2021.09.24.03.41.25_veh-53_00016_00669,2021.09.24.03.41.25_veh-53_00016_00669/traversing_crosswalk/9779e279a9b35f5c/sledge_raw.gz,pedestrians,1,1,1,0,0,20,-19,38.113914489746094,,,1,1,True,True,True,True,True,True,float32,float32,float32,0.0,0.0,0.0,0.0,0.0,0.0,0.0,0.0,0.0,0.0,0.0,0.0,0.0,0.0
9779e279a9b35f5c,traversing_crosswalk,2021.09.24.03.41.25_veh-53_00016_00669,2021.09.24.03.41.25_veh-53_00016_00669/traversing_crosswalk/9779e279a9b35f5c/sledge_raw.gz,static_objects,0,0,0,0,0,30,-30,,,,0,0,True,True,True,True,True,True,float32,float32,float32,0.0,0.0,0.0,0.0,0.0,0.0,0.0,0.0,0.0,0.0,0.0,0.0,,
491190e9134f5a3a,traversing_crosswalk,2021.09.29.06.29.24_veh-51_01667_01954,2021.09.29.06.29.24_veh-51_01667_01954/traversing_crosswalk/491190e9134f5a3a/sledge_raw.gz,vehicles,1,1,1,0,0,50,-49,21.483503341674805,,,1,1,True,True,True,True,True,True,float32,float32,float32,0.0,0.0,0.0,0.0,0.0,0.0,0.0,0.0,0.0,0.0,0.0,0.0,0.0,0.0
491190e9134f5a3a,traversing_crosswalk,2021.09.29.06.29.24_veh-51_01667_01954,2021.09.29.06.29.24_veh-51_01667_01954/traversing_crosswalk/491190e9134f5a3a/sledge_raw.gz,pedestrians,0,0,0,0,0,20,-20,,,,0,0,True,True,True,True,True,True,float32,float32,float32,0.0,0.0,0.0,0.0,0.0,0.0,0.0,0.0,0.0,0.0,0.0,0.0,0.0,0.0
491190e9134f5a3a,traversing_crosswalk,2021.09.29.06.29.24_veh-51_01667_01954,2021.09.29.06.29.24_veh-51_01667_01954/traversing_crosswalk/491190e9134f5a3a/sledge_raw.gz,static_objects,1,0,0,1,0,30,-30,,,,0,0,True,True,True,True,True,True,float32,float32,float32,0.0,0.0,0.0,0.0,0.0,0.0,0.0,0.0,0.0,0.0,0.0,0.0,,
27c5e0785e985832,traversing_crosswalk,2021.06.10.17.22.51_veh-47_02140_02851,2021.06.10.17.22.51_veh-47_02140_02851/traversing_crosswalk/27c5e0785e985832/sledge_raw.gz,vehicles,7,1,1,6,0,50,-49,18.217632293701172,,,1,1,True,True,True,True,True,True,float32,float32,float32,0.0,0.0,0.0,0.0,0.0,0.0,0.0,0.0,0.0,0.0,0.0,0.0,0.0,0.0
27c5e0785e985832,traversing_crosswalk,2021.06.10.17.22.51_veh-47_02140_02851,2021.06.10.17.22.51_veh-47_02140_02851/traversing_crosswalk/27c5e0785e985832/sledge_raw.gz,pedestrians,13,4,4,9,0,20,-16,29.302915573120117,,,4,4,True,True,True,True,True,True,float32,float32,float32,0.0,0.0,0.0,0.0,0.0,0.0,0.0,0.0,0.0,0.0,0.0,0.0,0.0,0.0
27c5e0785e985832,traversing_crosswalk,2021.06.10.17.22.51_veh-47_02140_02851,2021.06.10.17.22.51_veh-47_02140_02851/traversing_crosswalk/27c5e0785e985832/sledge_raw.gz,static_objects,39,32,30,7,2,30,2,36.985355377197266,37.02357482910156,0.038219451904296875,30,32,True,True,True,True,True,True,float32,float32,float32,0.0,0.0,0.0,0.0,0.0,0.0,0.0,0.0,0.0,0.0,0.0,0.0,,
838d634bda1e5d6a,traversing_crosswalk,2021.09.29.06.23.05_veh-49_00190_00627,2021.09.29.06.23.05_veh-49_00190_00627/traversing_crosswalk/838d634bda1e5d6a/sledge_raw.gz,vehicles,20,13,13,7,0,50,-37,39.99422073364258,,,13,13,True,True,True,True,True,True,float32,float32,float32,0.0,0.0,0.0,0.0,0.0,0.0,0.0,0.0,0.0,0.0,0.0,0.0,0.0,0.0
838d634bda1e5d6a,traversing_crosswalk,2021.09.29.06.23.05_veh-49_00190_00627,2021.09.29.06.23.05_veh-49_00190_00627/traversing_crosswalk/838d634bda1e5d6a/sledge_raw.gz,pedestrians,3,3,3,0,0,20,-17,5.34351921081543,,,3,3,True,True,True,True,True,True,float32,float32,float32,0.0,0.0,0.0,0.0,0.0,0.0,0.0,0.0,0.0,0.0,0.0,0.0,0.0,0.0
838d634bda1e5d6a,traversing_crosswalk,2021.09.29.06.23.05_veh-49_00190_00627,2021.09.29.06.23.05_veh-49_00190_00627/traversing_crosswalk/838d634bda1e5d6a/sledge_raw.gz,static_objects,0,0,0,0,0,30,-30,,,,0,0,True,True,True,True,True,True,float32,float32,float32,0.0,0.0,0.0,0.0,0.0,0.0,0.0,0.0,0.0,0.0,0.0,0.0,,
17ef5ad494a85c84,on_pickup_dropoff,2021.07.09.23.35.52_veh-37_00953_01953,2021.07.09.23.35.52_veh-37_00953_01953/on_pickup_dropoff/17ef5ad494a85c84/sledge_raw.gz,vehicles,51,17,17,34,0,50,-33,32.63969802856445,,,17,17,True,True,True,True,True,True,float32,float32,float32,0.0,0.0,0.0,0.0,0.0,0.0,0.0,0.0,0.0,0.0,0.0,0.0,0.0,0.0
17ef5ad494a85c84,on_pickup_dropoff,2021.07.09.23.35.52_veh-37_00953_01953,2021.07.09.23.35.52_veh-37_00953_01953/on_pickup_dropoff/17ef5ad494a85c84/sledge_raw.gz,pedestrians,1,0,0,1,0,20,-20,,,,0,0,True,True,True,True,True,True,float32,float32,float32,0.0,0.0,0.0,0.0,0.0,0.0,0.0,0.0,0.0,0.0,0.0,0.0,0.0,0.0
17ef5ad494a85c84,on_pickup_dropoff,2021.07.09.23.35.52_veh-37_00953_01953,2021.07.09.23.35.52_veh-37_00953_01953/on_pickup_dropoff/17ef5ad494a85c84/sledge_raw.gz,static_objects,84,32,30,52,2,30,2,41.35157012939453,42.35724639892578,1.00567626953125,30,32,True,True,True,True,True,True,float32,float32,float32,0.0,0.0,0.0,0.0,0.0,0.0,0.0,0.0,0.0,0.0,0.0,0.0,,
5b69b2d781455040,on_pickup_dropoff,2021.06.10.18.43.22_veh-16_04297_05030,2021.06.10.18.43.22_veh-16_04297_05030/on_pickup_dropoff/5b69b2d781455040/sledge_raw.gz,vehicles,72,28,28,44,0,50,-22,32.85926818847656,,,28,28,True,True,True,True,True,True,float32,float32,float32,0.0,0.0,0.0,0.0,0.0,0.0,0.0,0.0,0.0,0.0,0.0,0.0,0.0,0.0
5b69b2d781455040,on_pickup_dropoff,2021.06.10.18.43.22_veh-16_04297_05030,2021.06.10.18.43.22_veh-16_04297_05030/on_pickup_dropoff/5b69b2d781455040/sledge_raw.gz,pedestrians,4,1,1,3,0,20,-19,16.570053100585938,,,1,1,True,True,True,True,True,True,float32,float32,float32,0.0,0.0,0.0,0.0,0.0,0.0,0.0,0.0,0.0,0.0,0.0,0.0,0.0,0.0
5b69b2d781455040,on_pickup_dropoff,2021.06.10.18.43.22_veh-16_04297_05030,2021.06.10.18.43.22_veh-16_04297_05030/on_pickup_dropoff/5b69b2d781455040/sledge_raw.gz,static_objects,7,4,4,3,0,30,-26,12.606263160705566,,,4,4,True,True,True,True,True,True,float32,float32,float32,0.0,0.0,0.0,0.0,0.0,0.0,0.0,0.0,0.0,0.0,0.0,0.0,,
166f3eb3a7345f45,on_pickup_dropoff,2021.06.14.15.15.37_veh-47_05084_05640,2021.06.14.15.15.37_veh-47_05084_05640/on_pickup_dropoff/166f3eb3a7345f45/sledge_raw.gz,vehicles,4,0,0,4,0,50,-50,,,,0,0,True,True,True,True,True,True,float32,float32,float32,0.0,0.0,0.0,0.0,0.0,0.0,0.0,0.0,0.0,0.0,0.0,0.0,0.0,0.0
166f3eb3a7345f45,on_pickup_dropoff,2021.06.14.15.15.37_veh-47_05084_05640,2021.06.14.15.15.37_veh-47_05084_05640/on_pickup_dropoff/166f3eb3a7345f45/sledge_raw.gz,pedestrians,5,3,3,2,0,20,-17,27.278934478759766,,,3,3,True,True,True,True,True,True,float32,float32,float32,0.0,0.0,0.0,0.0,0.0,0.0,0.0,0.0,0.0,0.0,0.0,0.0,0.0,0.0
166f3eb3a7345f45,on_pickup_dropoff,2021.06.14.15.15.37_veh-47_05084_05640,2021.06.14.15.15.37_veh-47_05084_05640/on_pickup_dropoff/166f3eb3a7345f45/sledge_raw.gz,static_objects,39,15,15,24,0,30,-15,22.349063873291016,,,15,15,True,True,True,True,True,True,float32,float32,float32,0.0,0.0,0.0,0.0,0.0,0.0,0.0,0.0,0.0,0.0,0.0,0.0,,
8be834fe45c15aa9,on_pickup_dropoff,2021.07.21.21.06.04_veh-37_03436_05688,2021.07.21.21.06.04_veh-37_03436_05688/on_pickup_dropoff/8be834fe45c15aa9/sledge_raw.gz,vehicles,35,11,11,24,0,50,-39,39.56953048706055,,,11,11,True,True,True,True,True,True,float32,float32,float32,0.0,0.0,0.0,0.0,0.0,0.0,0.0,0.0,0.0,0.0,0.0,0.0,0.0,0.0
8be834fe45c15aa9,on_pickup_dropoff,2021.07.21.21.06.04_veh-37_03436_05688,2021.07.21.21.06.04_veh-37_03436_05688/on_pickup_dropoff/8be834fe45c15aa9/sledge_raw.gz,pedestrians,38,23,20,15,3,20,3,27.30006980895996,28.003761291503906,0.7036914825439453,20,23,True,True,True,True,True,True,float32,float32,float32,0.0,0.0,0.0,0.0,0.0,0.0,0.0,0.0,0.0,0.0,0.0,0.0,0.0,0.0
8be834fe45c15aa9,on_pickup_dropoff,2021.07.21.21.06.04_veh-37_03436_05688,2021.07.21.21.06.04_veh-37_03436_05688/on_pickup_dropoff/8be834fe45c15aa9/sledge_raw.gz,static_objects,64,29,29,35,0,30,-1,39.6545295715332,,,29,29,True,True,True,True,True,True,float32,float32,float32,0.0,0.0,0.0,0.0,0.0,0.0,0.0,0.0,0.0,0.0,0.0,0.0,,
a508cbf57bde5e51,on_pickup_dropoff,2021.05.27.16.07.39_veh-35_00371_01431,2021.05.27.16.07.39_veh-35_00371_01431/on_pickup_dropoff/a508cbf57bde5e51/sledge_raw.gz,vehicles,20,5,5,15,0,50,-45,19.81481170654297,,,5,5,True,True,True,True,True,True,float32,float32,float32,0.0,0.0,0.0,0.0,0.0,0.0,0.0,0.0,0.0,0.0,0.0,0.0,0.0,0.0
a508cbf57bde5e51,on_pickup_dropoff,2021.05.27.16.07.39_veh-35_00371_01431,2021.05.27.16.07.39_veh-35_00371_01431/on_pickup_dropoff/a508cbf57bde5e51/sledge_raw.gz,pedestrians,16,9,9,7,0,20,-11,37.68050003051758,,,9,9,True,True,True,True,True,True,float32,float32,float32,0.0,0.0,0.0,0.0,0.0,0.0,0.0,0.0,0.0,0.0,0.0,0.0,0.0,0.0
a508cbf57bde5e51,on_pickup_dropoff,2021.05.27.16.07.39_veh-35_00371_01431,2021.05.27.16.07.39_veh-35_00371_01431/on_pickup_dropoff/a508cbf57bde5e51/sledge_raw.gz,static_objects,64,29,29,35,0,30,-1,39.080718994140625,,,29,29,True,True,True,True,True,True,float32,float32,float32,0.0,0.0,0.0,0.0,0.0,0.0,0.0,0.0,0.0,0.0,0.0,0.0,,
d3bfe0e7d1ab5344,on_pickup_dropoff,2021.06.24.15.33.58_veh-35_00023_01304,2021.06.24.15.33.58_veh-35_00023_01304/on_pickup_dropoff/d3bfe0e7d1ab5344/sledge_raw.gz,vehicles,9,2,2,7,0,50,-48,11.37826156616211,,,2,2,True,True,True,True,True,True,float32,float32,float32,0.0,0.0,0.0,0.0,0.0,0.0,0.0,0.0,0.0,0.0,0.0,0.0,0.0,0.0
d3bfe0e7d1ab5344,on_pickup_dropoff,2021.06.24.15.33.58_veh-35_00023_01304,2021.06.24.15.33.58_veh-35_00023_01304/on_pickup_dropoff/d3bfe0e7d1ab5344/sledge_raw.gz,pedestrians,14,8,8,6,0,20,-12,38.41294479370117,,,8,8,True,True,True,True,True,True,float32,float32,float32,0.0,0.0,0.0,0.0,0.0,0.0,0.0,0.0,0.0,0.0,0.0,0.0,0.0,0.0
d3bfe0e7d1ab5344,on_pickup_dropoff,2021.06.24.15.33.58_veh-35_00023_01304,2021.06.24.15.33.58_veh-35_00023_01304/on_pickup_dropoff/d3bfe0e7d1ab5344/sledge_raw.gz,static_objects,45,35,30,10,5,30,5,28.72318458557129,31.79973030090332,3.0765457153320312,30,35,True,True,True,True,True,True,float32,float32,float32,0.0,0.0,0.0,0.0,0.0,0.0,0.0,0.0,0.0,0.0,0.0,0.0,,
f60a010b13cc55e4,on_pickup_dropoff,2021.05.21.11.47.54_veh-27_00559_01105,2021.05.21.11.47.54_veh-27_00559_01105/on_pickup_dropoff/f60a010b13cc55e4/sledge_raw.gz,vehicles,6,4,4,2,0,50,-46,28.9675235748291,,,4,4,True,True,True,True,True,True,float32,float32,float32,0.0,0.0,0.0,0.0,0.0,0.0,0.0,0.0,0.0,0.0,0.0,0.0,0.0,0.0
f60a010b13cc55e4,on_pickup_dropoff,2021.05.21.11.47.54_veh-27_00559_01105,2021.05.21.11.47.54_veh-27_00559_01105/on_pickup_dropoff/f60a010b13cc55e4/sledge_raw.gz,pedestrians,18,14,14,4,0,20,-6,38.42033386230469,,,14,14,True,True,True,True,True,True,float32,float32,float32,0.0,0.0,0.0,0.0,0.0,0.0,0.0,0.0,0.0,0.0,0.0,0.0,0.0,0.0
f60a010b13cc55e4,on_pickup_dropoff,2021.05.21.11.47.54_veh-27_00559_01105,2021.05.21.11.47.54_veh-27_00559_01105/on_pickup_dropoff/f60a010b13cc55e4/sledge_raw.gz,static_objects,66,55,30,11,25,30,25,21.02136993408203,21.18067741394043,0.15930747985839844,30,55,True,True,True,True,True,True,float32,float32,float32,0.0,0.0,0.0,0.0,0.0,0.0,0.0,0.0,0.0,0.0,0.0,0.0,,
2b225c72b3d459f7,on_pickup_dropoff,2021.05.28.18.05.53_veh-30_01133_01454,2021.05.28.18.05.53_veh-30_01133_01454/on_pickup_dropoff/2b225c72b3d459f7/sledge_raw.gz,vehicles,20,6,6,14,0,50,-44,40.61022186279297,,,6,6,True,True,True,True,True,True,float32,float32,float32,0.0,0.0,0.0,0.0,0.0,0.0,0.0,0.0,0.0,0.0,0.0,0.0,0.0,0.0
2b225c72b3d459f7,on_pickup_dropoff,2021.05.28.18.05.53_veh-30_01133_01454,2021.05.28.18.05.53_veh-30_01133_01454/on_pickup_dropoff/2b225c72b3d459f7/sledge_raw.gz,pedestrians,13,9,9,4,0,20,-11,26.86467742919922,,,9,9,True,True,True,True,True,True,float32,float32,float32,0.0,0.0,0.0,0.0,0.0,0.0,0.0,0.0,0.0,0.0,0.0,0.0,0.0,0.0
2b225c72b3d459f7,on_pickup_dropoff,2021.05.28.18.05.53_veh-30_01133_01454,2021.05.28.18.05.53_veh-30_01133_01454/on_pickup_dropoff/2b225c72b3d459f7/sledge_raw.gz,static_objects,78,29,29,49,0,30,-1,41.85459518432617,,,29,29,True,True,True,True,True,True,float32,float32,float32,0.0,0.0,0.0,0.0,0.0,0.0,0.0,0.0,0.0,0.0,0.0,0.0,,
e4644e364ae95006,on_pickup_dropoff,2021.05.28.16.28.19_veh-35_03206_03513,2021.05.28.16.28.19_veh-35_03206_03513/on_pickup_dropoff/e4644e364ae95006/sledge_raw.gz,vehicles,2,1,1,1,0,50,-49,9.280845642089844,,,1,1,True,True,True,True,True,True,float32,float32,float32,0.0,0.0,0.0,0.0,0.0,0.0,0.0,0.0,0.0,0.0,0.0,0.0,0.0,0.0
e4644e364ae95006,on_pickup_dropoff,2021.05.28.16.28.19_veh-35_03206_03513,2021.05.28.16.28.19_veh-35_03206_03513/on_pickup_dropoff/e4644e364ae95006/sledge_raw.gz,pedestrians,3,3,3,0,0,20,-17,26.21526527404785,,,3,3,True,True,True,True,True,True,float32,float32,float32,0.0,0.0,0.0,0.0,0.0,0.0,0.0,0.0,0.0,0.0,0.0,0.0,0.0,0.0
e4644e364ae95006,on_pickup_dropoff,2021.05.28.16.28.19_veh-35_03206_03513,2021.05.28.16.28.19_veh-35_03206_03513/on_pickup_dropoff/e4644e364ae95006/sledge_raw.gz,static_objects,30,24,24,6,0,30,-6,33.30850601196289,,,24,24,True,True,True,True,True,True,float32,float32,float32,0.0,0.0,0.0,0.0,0.0,0.0,0.0,0.0,0.0,0.0,0.0,0.0,,
ae1d36b3512450ad,on_pickup_dropoff,2021.05.26.14.10.09_veh-38_02379_02633,2021.05.26.14.10.09_veh-38_02379_02633/on_pickup_dropoff/ae1d36b3512450ad/sledge_raw.gz,vehicles,30,6,6,24,0,50,-44,40.97151565551758,,,6,6,True,True,True,True,True,True,float32,float32,float32,0.0,0.0,0.0,0.0,0.0,0.0,0.0,0.0,0.0,0.0,0.0,0.0,0.0,0.0
ae1d36b3512450ad,on_pickup_dropoff,2021.05.26.14.10.09_veh-38_02379_02633,2021.05.26.14.10.09_veh-38_02379_02633/on_pickup_dropoff/ae1d36b3512450ad/sledge_raw.gz,pedestrians,114,4,4,110,0,20,-16,35.04091262817383,,,4,4,True,True,True,True,True,True,float32,float32,float32,0.0,0.0,0.0,0.0,0.0,0.0,0.0,0.0,0.0,0.0,0.0,0.0,0.0,0.0
ae1d36b3512450ad,on_pickup_dropoff,2021.05.26.14.10.09_veh-38_02379_02633,2021.05.26.14.10.09_veh-38_02379_02633/on_pickup_dropoff/ae1d36b3512450ad/sledge_raw.gz,static_objects,186,64,30,122,34,30,34,20.5725040435791,20.99505615234375,0.42255210876464844,30,64,True,True,True,True,True,True,float32,float32,float32,0.0,0.0,0.0,0.0,0.0,0.0,0.0,0.0,0.0,0.0,0.0,0.0,,
3204ef666c8c59e2,on_pickup_dropoff,2021.06.14.16.48.02_veh-12_01020_01720,2021.06.14.16.48.02_veh-12_01020_01720/on_pickup_dropoff/3204ef666c8c59e2/sledge_raw.gz,vehicles,7,6,6,1,0,50,-44,39.680206298828125,,,6,6,True,True,True,True,True,True,float32,float32,float32,0.0,0.0,0.0,0.0,0.0,0.0,0.0,0.0,0.0,0.0,0.0,0.0,0.0,0.0
3204ef666c8c59e2,on_pickup_dropoff,2021.06.14.16.48.02_veh-12_01020_01720,2021.06.14.16.48.02_veh-12_01020_01720/on_pickup_dropoff/3204ef666c8c59e2/sledge_raw.gz,pedestrians,14,10,10,4,0,20,-10,27.729555130004883,,,10,10,True,True,True,True,True,True,float32,float32,float32,0.0,0.0,0.0,0.0,0.0,0.0,0.0,0.0,0.0,0.0,0.0,0.0,0.0,0.0
3204ef666c8c59e2,on_pickup_dropoff,2021.06.14.16.48.02_veh-12_01020_01720,2021.06.14.16.48.02_veh-12_01020_01720/on_pickup_dropoff/3204ef666c8c59e2/sledge_raw.gz,static_objects,58,50,30,8,20,30,20,22.556907653808594,23.82103729248047,1.264129638671875,30,50,True,True,True,True,True,True,float32,float32,float32,0.0,0.0,0.0,0.0,0.0,0.0,0.0,0.0,0.0,0.0,0.0,0.0,,
447f1946a5cf5366,traversing_pickup_dropoff,2021.05.28.16.10.40_veh-47_04895_05228,2021.05.28.16.10.40_veh-47_04895_05228/traversing_pickup_dropoff/447f1946a5cf5366/sledge_raw.gz,vehicles,45,19,19,26,0,50,-31,38.62980651855469,,,19,19,True,True,True,True,True,True,float32,float32,float32,0.0,0.0,0.0,0.0,0.0,0.0,0.0,0.0,0.0,0.0,0.0,0.0,0.0,0.0
447f1946a5cf5366,traversing_pickup_dropoff,2021.05.28.16.10.40_veh-47_04895_05228,2021.05.28.16.10.40_veh-47_04895_05228/traversing_pickup_dropoff/447f1946a5cf5366/sledge_raw.gz,pedestrians,63,54,20,9,34,20,34,18.08498191833496,18.749797821044922,0.6648159027099609,20,54,True,True,True,True,True,True,float32,float32,float32,0.0,0.0,0.0,0.0,0.0,0.0,0.0,0.0,0.0,0.0,0.0,0.0,0.0,0.0
447f1946a5cf5366,traversing_pickup_dropoff,2021.05.28.16.10.40_veh-47_04895_05228,2021.05.28.16.10.40_veh-47_04895_05228/traversing_pickup_dropoff/447f1946a5cf5366/sledge_raw.gz,static_objects,147,51,30,96,21,30,21,23.520267486572266,24.56985855102539,1.049591064453125,30,51,True,True,True,True,True,True,float32,float32,float32,0.0,0.0,0.0,0.0,0.0,0.0,0.0,0.0,0.0,0.0,0.0,0.0,,
0232e040359458fc,traversing_pickup_dropoff,2021.06.24.14.26.26_veh-35_01122_02840,2021.06.24.14.26.26_veh-35_01122_02840/traversing_pickup_dropoff/0232e040359458fc/sledge_raw.gz,vehicles,7,4,4,3,0,50,-46,29.2064266204834,,,4,4,True,True,True,True,True,True,float32,float32,float32,0.0,0.0,0.0,0.0,0.0,0.0,0.0,0.0,0.0,0.0,0.0,0.0,0.0,0.0
0232e040359458fc,traversing_pickup_dropoff,2021.06.24.14.26.26_veh-35_01122_02840,2021.06.24.14.26.26_veh-35_01122_02840/traversing_pickup_dropoff/0232e040359458fc/sledge_raw.gz,pedestrians,17,7,7,10,0,20,-13,26.386369705200195,,,7,7,True,True,True,True,True,True,float32,float32,float32,0.0,0.0,0.0,0.0,0.0,0.0,0.0,0.0,0.0,0.0,0.0,0.0,0.0,0.0
0232e040359458fc,traversing_pickup_dropoff,2021.06.24.14.26.26_veh-35_01122_02840,2021.06.24.14.26.26_veh-35_01122_02840/traversing_pickup_dropoff/0232e040359458fc/sledge_raw.gz,static_objects,45,30,30,15,0,30,0,38.33028793334961,,,30,30,True,True,True,True,True,True,float32,float32,float32,0.0,0.0,0.0,0.0,0.0,0.0,0.0,0.0,0.0,0.0,0.0,0.0,,
7d64898bac5d5c60,traversing_pickup_dropoff,2021.07.17.02.11.48_veh-47_02491_03260,2021.07.17.02.11.48_veh-47_02491_03260/traversing_pickup_dropoff/7d64898bac5d5c60/sledge_raw.gz,vehicles,11,7,7,4,0,50,-43,42.693267822265625,,,7,7,True,True,True,True,True,True,float32,float32,float32,0.0,0.0,0.0,0.0,0.0,0.0,0.0,0.0,0.0,0.0,0.0,0.0,0.0,0.0
7d64898bac5d5c60,traversing_pickup_dropoff,2021.07.17.02.11.48_veh-47_02491_03260,2021.07.17.02.11.48_veh-47_02491_03260/traversing_pickup_dropoff/7d64898bac5d5c60/sledge_raw.gz,pedestrians,17,11,11,6,0,20,-9,31.897689819335938,,,11,11,True,True,True,True,True,True,float32,float32,float32,0.0,0.0,0.0,0.0,0.0,0.0,0.0,0.0,0.0,0.0,0.0,0.0,0.0,0.0
7d64898bac5d5c60,traversing_pickup_dropoff,2021.07.17.02.11.48_veh-47_02491_03260,2021.07.17.02.11.48_veh-47_02491_03260/traversing_pickup_dropoff/7d64898bac5d5c60/sledge_raw.gz,static_objects,51,30,30,21,0,30,0,37.32915115356445,,,30,30,True,True,True,True,True,True,float32,float32,float32,0.0,0.0,0.0,0.0,0.0,0.0,0.0,0.0,0.0,0.0,0.0,0.0,,
fd47916f7e925eba,traversing_pickup_dropoff,2021.06.29.14.49.56_veh-38_02335_03640,2021.06.29.14.49.56_veh-38_02335_03640/traversing_pickup_dropoff/fd47916f7e925eba/sledge_raw.gz,vehicles,22,7,7,15,0,50,-43,38.16162109375,,,7,7,True,True,True,True,True,True,float32,float32,float32,0.0,0.0,0.0,0.0,0.0,0.0,0.0,0.0,0.0,0.0,0.0,0.0,0.0,0.0
fd47916f7e925eba,traversing_pickup_dropoff,2021.06.29.14.49.56_veh-38_02335_03640,2021.06.29.14.49.56_veh-38_02335_03640/traversing_pickup_dropoff/fd47916f7e925eba/sledge_raw.gz,pedestrians,37,22,20,15,2,20,2,26.25603675842285,27.454681396484375,1.1986446380615234,20,22,True,True,True,True,True,True,float32,float32,float32,0.0,0.0,0.0,0.0,0.0,0.0,0.0,0.0,0.0,0.0,0.0,0.0,0.0,0.0
fd47916f7e925eba,traversing_pickup_dropoff,2021.06.29.14.49.56_veh-38_02335_03640,2021.06.29.14.49.56_veh-38_02335_03640/traversing_pickup_dropoff/fd47916f7e925eba/sledge_raw.gz,static_objects,167,48,30,119,18,30,18,24.230180740356445,26.32777976989746,2.0975990295410156,30,48,True,True,True,True,True,True,float32,float32,float32,0.0,0.0,0.0,0.0,0.0,0.0,0.0,0.0,0.0,0.0,0.0,0.0,,
01881e0c98945169,traversing_pickup_dropoff,2021.06.30.21.09.59_veh-35_03899_04567,2021.06.30.21.09.59_veh-35_03899_04567/traversing_pickup_dropoff/01881e0c98945169/sledge_raw.gz,vehicles,3,1,1,2,0,50,-49,23.519941329956055,,,1,1,True,True,True,True,True,True,float32,float32,float32,0.0,0.0,0.0,0.0,0.0,0.0,0.0,0.0,0.0,0.0,0.0,0.0,0.0,0.0
01881e0c98945169,traversing_pickup_dropoff,2021.06.30.21.09.59_veh-35_03899_04567,2021.06.30.21.09.59_veh-35_03899_04567/traversing_pickup_dropoff/01881e0c98945169/sledge_raw.gz,pedestrians,9,3,3,6,0,20,-17,42.21226501464844,,,3,3,True,True,True,True,True,True,float32,float32,float32,0.0,0.0,0.0,0.0,0.0,0.0,0.0,0.0,0.0,0.0,0.0,0.0,0.0,0.0
01881e0c98945169,traversing_pickup_dropoff,2021.06.30.21.09.59_veh-35_03899_04567,2021.06.30.21.09.59_veh-35_03899_04567/traversing_pickup_dropoff/01881e0c98945169/sledge_raw.gz,static_objects,41,35,30,6,5,30,5,33.27116775512695,36.862449645996094,3.5912818908691406,30,35,True,True,True,True,True,True,float32,float32,float32,0.0,0.0,0.0,0.0,0.0,0.0,0.0,0.0,0.0,0.0,0.0,0.0,,
1dfd6bf435ba5300,traversing_pickup_dropoff,2021.06.08.17.36.50_veh-26_00639_01479,2021.06.08.17.36.50_veh-26_00639_01479/traversing_pickup_dropoff/1dfd6bf435ba5300/sledge_raw.gz,vehicles,22,13,13,9,0,50,-37,42.95503616333008,,,13,13,True,True,True,True,True,True,float32,float32,float32,0.0,0.0,0.0,0.0,0.0,0.0,0.0,0.0,0.0,0.0,0.0,0.0,0.0,0.0
1dfd6bf435ba5300,traversing_pickup_dropoff,2021.06.08.17.36.50_veh-26_00639_01479,2021.06.08.17.36.50_veh-26_00639_01479/traversing_pickup_dropoff/1dfd6bf435ba5300/sledge_raw.gz,pedestrians,25,19,19,6,0,20,-1,26.8543643951416,,,19,19,True,True,True,True,True,True,float32,float32,float32,0.0,0.0,0.0,0.0,0.0,0.0,0.0,0.0,0.0,0.0,0.0,0.0,0.0,0.0
1dfd6bf435ba5300,traversing_pickup_dropoff,2021.06.08.17.36.50_veh-26_00639_01479,2021.06.08.17.36.50_veh-26_00639_01479/traversing_pickup_dropoff/1dfd6bf435ba5300/sledge_raw.gz,static_objects,100,37,30,63,7,30,7,30.42535400390625,32.384002685546875,1.958648681640625,30,37,True,True,True,True,True,True,float32,float32,float32,0.0,0.0,0.0,0.0,0.0,0.0,0.0,0.0,0.0,0.0,0.0,0.0,,
f16fa50a201a5d59,traversing_pickup_dropoff,2021.05.27.14.29.03_veh-38_03584_04205,2021.05.27.14.29.03_veh-38_03584_04205/traversing_pickup_dropoff/f16fa50a201a5d59/sledge_raw.gz,vehicles,50,20,20,30,0,50,-30,40.255313873291016,,,20,20,True,True,True,True,True,True,float32,float32,float32,0.0,0.0,0.0,0.0,0.0,0.0,0.0,0.0,0.0,0.0,0.0,0.0,0.0,0.0
f16fa50a201a5d59,traversing_pickup_dropoff,2021.05.27.14.29.03_veh-38_03584_04205,2021.05.27.14.29.03_veh-38_03584_04205/traversing_pickup_dropoff/f16fa50a201a5d59/sledge_raw.gz,pedestrians,5,0,0,5,0,20,-20,,,,0,0,True,True,True,True,True,True,float32,float32,float32,0.0,0.0,0.0,0.0,0.0,0.0,0.0,0.0,0.0,0.0,0.0,0.0,0.0,0.0
f16fa50a201a5d59,traversing_pickup_dropoff,2021.05.27.14.29.03_veh-38_03584_04205,2021.05.27.14.29.03_veh-38_03584_04205/traversing_pickup_dropoff/f16fa50a201a5d59/sledge_raw.gz,static_objects,3,1,1,2,0,30,-29,13.211833953857422,,,1,1,True,True,True,True,True,True,float32,float32,float32,0.0,0.0,0.0,0.0,0.0,0.0,0.0,0.0,0.0,0.0,0.0,0.0,,
9b2526f7a80c5bfd,traversing_pickup_dropoff,2021.06.11.17.44.29_veh-26_03646_04342,2021.06.11.17.44.29_veh-26_03646_04342/traversing_pickup_dropoff/9b2526f7a80c5bfd/sledge_raw.gz,vehicles,15,8,8,7,0,50,-42,27.886293411254883,,,8,8,True,True,True,True,True,True,float32,float32,float32,0.0,0.0,0.0,0.0,0.0,0.0,0.0,0.0,0.0,0.0,0.0,0.0,0.0,0.0
9b2526f7a80c5bfd,traversing_pickup_dropoff,2021.06.11.17.44.29_veh-26_03646_04342,2021.06.11.17.44.29_veh-26_03646_04342/traversing_pickup_dropoff/9b2526f7a80c5bfd/sledge_raw.gz,pedestrians,10,2,2,8,0,20,-18,11.797798156738281,,,2,2,True,True,True,True,True,True,float32,float32,float32,0.0,0.0,0.0,0.0,0.0,0.0,0.0,0.0,0.0,0.0,0.0,0.0,0.0,0.0
9b2526f7a80c5bfd,traversing_pickup_dropoff,2021.06.11.17.44.29_veh-26_03646_04342,2021.06.11.17.44.29_veh-26_03646_04342/traversing_pickup_dropoff/9b2526f7a80c5bfd/sledge_raw.gz,static_objects,185,56,30,129,26,30,26,18.28311538696289,18.34779167175293,0.06467628479003906,30,56,True,True,True,True,True,True,float32,float32,float32,0.0,0.0,0.0,0.0,0.0,0.0,0.0,0.0,0.0,0.0,0.0,0.0,,
0d1522f73d945808,traversing_pickup_dropoff,2021.07.19.23.12.29_veh-35_01047_01849,2021.07.19.23.12.29_veh-35_01047_01849/traversing_pickup_dropoff/0d1522f73d945808/sledge_raw.gz,vehicles,10,4,4,6,0,50,-46,36.85068130493164,,,4,4,True,True,True,True,True,True,float32,float32,float32,0.0,0.0,0.0,0.0,0.0,0.0,0.0,0.0,0.0,0.0,0.0,0.0,0.0,0.0
0d1522f73d945808,traversing_pickup_dropoff,2021.07.19.23.12.29_veh-35_01047_01849,2021.07.19.23.12.29_veh-35_01047_01849/traversing_pickup_dropoff/0d1522f73d945808/sledge_raw.gz,pedestrians,13,4,4,9,0,20,-16,31.12125015258789,,,4,4,True,True,True,True,True,True,float32,float32,float32,0.0,0.0,0.0,0.0,0.0,0.0,0.0,0.0,0.0,0.0,0.0,0.0,0.0,0.0
0d1522f73d945808,traversing_pickup_dropoff,2021.07.19.23.12.29_veh-35_01047_01849,2021.07.19.23.12.29_veh-35_01047_01849/traversing_pickup_dropoff/0d1522f73d945808/sledge_raw.gz,static_objects,24,22,22,2,0,30,-8,36.388675689697266,,,22,22,True,True,True,True,True,True,float32,float32,float32,0.0,0.0,0.0,0.0,0.0,0.0,0.0,0.0,0.0,0.0,0.0,0.0,,
638091ad161752bc,traversing_pickup_dropoff,2021.07.23.21.07.18_veh-47_03216_04638,2021.07.23.21.07.18_veh-47_03216_04638/traversing_pickup_dropoff/638091ad161752bc/sledge_raw.gz,vehicles,49,14,14,35,0,50,-36,34.655006408691406,,,14,14,True,True,True,True,True,True,float32,float32,float32,0.0,0.0,0.0,0.0,0.0,0.0,0.0,0.0,0.0,0.0,0.0,0.0,0.0,0.0
638091ad161752bc,traversing_pickup_dropoff,2021.07.23.21.07.18_veh-47_03216_04638,2021.07.23.21.07.18_veh-47_03216_04638/traversing_pickup_dropoff/638091ad161752bc/sledge_raw.gz,pedestrians,104,51,20,53,31,20,31,22.230636596679688,24.51114845275879,2.2805118560791016,20,51,True,True,True,True,True,True,float32,float32,float32,0.0,0.0,0.0,0.0,0.0,0.0,0.0,0.0,0.0,0.0,0.0,0.0,0.0,0.0
638091ad161752bc,traversing_pickup_dropoff,2021.07.23.21.07.18_veh-47_03216_04638,2021.07.23.21.07.18_veh-47_03216_04638/traversing_pickup_dropoff/638091ad161752bc/sledge_raw.gz,static_objects,121,41,30,80,11,30,11,26.43538475036621,27.124177932739258,0.6887931823730469,30,41,True,True,True,True,True,True,float32,float32,float32,0.0,0.0,0.0,0.0,0.0,0.0,0.0,0.0,0.0,0.0,0.0,0.0,,
6025a9d2756250ab,traversing_pickup_dropoff,2021.05.18.19.25.26_veh-24_00652_01124,2021.05.18.19.25.26_veh-24_00652_01124/traversing_pickup_dropoff/6025a9d2756250ab/sledge_raw.gz,vehicles,32,18,18,14,0,50,-32,29.2108097076416,,,18,18,True,True,True,True,True,True,float32,float32,float32,0.0,0.0,0.0,0.0,0.0,0.0,0.0,0.0,0.0,0.0,0.0,0.0,0.0,0.0
6025a9d2756250ab,traversing_pickup_dropoff,2021.05.18.19.25.26_veh-24_00652_01124,2021.05.18.19.25.26_veh-24_00652_01124/traversing_pickup_dropoff/6025a9d2756250ab/sledge_raw.gz,pedestrians,3,0,0,3,0,20,-20,,,,0,0,True,True,True,True,True,True,float32,float32,float32,0.0,0.0,0.0,0.0,0.0,0.0,0.0,0.0,0.0,0.0,0.0,0.0,0.0,0.0
6025a9d2756250ab,traversing_pickup_dropoff,2021.05.18.19.25.26_veh-24_00652_01124,2021.05.18.19.25.26_veh-24_00652_01124/traversing_pickup_dropoff/6025a9d2756250ab/sledge_raw.gz,static_objects,77,26,26,51,0,30,-4,34.73637771606445,,,26,26,True,True,True,True,True,True,float32,float32,float32,0.0,0.0,0.0,0.0,0.0,0.0,0.0,0.0,0.0,0.0,0.0,0.0,,
c3e28305e92c596a,on_traffic_light_intersection,2021.05.28.21.56.29_veh-24_00005_01617,2021.05.28.21.56.29_veh-24_00005_01617/on_traffic_light_intersection/c3e28305e92c596a/sledge_raw.gz,vehicles,41,19,19,22,0,50,-31,32.080711364746094,,,19,19,True,True,True,True,True,True,float32,float32,float32,0.0,0.0,0.0,0.0,0.0,0.0,0.0,0.0,0.0,0.0,0.0,0.0,0.0,0.0
c3e28305e92c596a,on_traffic_light_intersection,2021.05.28.21.56.29_veh-24_00005_01617,2021.05.28.21.56.29_veh-24_00005_01617/on_traffic_light_intersection/c3e28305e92c596a/sledge_raw.gz,pedestrians,86,33,20,53,13,20,13,22.48304557800293,22.52021598815918,0.03717041015625,20,33,True,True,True,True,True,True,float32,float32,float32,0.0,0.0,0.0,0.0,0.0,0.0,0.0,0.0,0.0,0.0,0.0,0.0,0.0,0.0
c3e28305e92c596a,on_traffic_light_intersection,2021.05.28.21.56.29_veh-24_00005_01617,2021.05.28.21.56.29_veh-24_00005_01617/on_traffic_light_intersection/c3e28305e92c596a/sledge_raw.gz,static_objects,131,42,30,89,12,30,12,33.680885314941406,33.78453826904297,0.1036529541015625,30,42,True,True,True,True,True,True,float32,float32,float32,0.0,0.0,0.0,0.0,0.0,0.0,0.0,0.0,0.0,0.0,0.0,0.0,,
7f39f93bdcb55be2,on_traffic_light_intersection,2021.06.10.17.22.51_veh-47_05179_05528,2021.06.10.17.22.51_veh-47_05179_05528/on_traffic_light_intersection/7f39f93bdcb55be2/sledge_raw.gz,vehicles,35,19,19,16,0,50,-31,39.68756866455078,,,19,19,True,True,True,True,True,True,float32,float32,float32,0.0,0.0,0.0,0.0,0.0,0.0,0.0,0.0,0.0,0.0,0.0,0.0,0.0,0.0
7f39f93bdcb55be2,on_traffic_light_intersection,2021.06.10.17.22.51_veh-47_05179_05528,2021.06.10.17.22.51_veh-47_05179_05528/on_traffic_light_intersection/7f39f93bdcb55be2/sledge_raw.gz,pedestrians,118,67,20,51,47,20,47,16.985139846801758,17.07667350769043,0.09153366088867188,20,67,True,True,True,True,True,True,float32,float32,float32,0.0,0.0,0.0,0.0,0.0,0.0,0.0,0.0,0.0,0.0,0.0,0.0,0.0,0.0
7f39f93bdcb55be2,on_traffic_light_intersection,2021.06.10.17.22.51_veh-47_05179_05528,2021.06.10.17.22.51_veh-47_05179_05528/on_traffic_light_intersection/7f39f93bdcb55be2/sledge_raw.gz,static_objects,88,54,30,34,24,30,24,26.948444366455078,26.970413208007812,0.021968841552734375,30,54,True,True,True,True,True,True,float32,float32,float32,0.0,0.0,0.0,0.0,0.0,0.0,0.0,0.0,0.0,0.0,0.0,0.0,,
5cdbf0cc69735e96,on_traffic_light_intersection,2021.07.22.19.31.55_veh-37_00039_01612,2021.07.22.19.31.55_veh-37_00039_01612/on_traffic_light_intersection/5cdbf0cc69735e96/sledge_raw.gz,vehicles,35,17,17,18,0,50,-33,38.0062370300293,,,17,17,True,True,True,True,True,True,float32,float32,float32,0.0,0.0,0.0,0.0,0.0,0.0,0.0,0.0,0.0,0.0,0.0,0.0,0.0,0.0
5cdbf0cc69735e96,on_traffic_light_intersection,2021.07.22.19.31.55_veh-37_00039_01612,2021.07.22.19.31.55_veh-37_00039_01612/on_traffic_light_intersection/5cdbf0cc69735e96/sledge_raw.gz,pedestrians,47,24,20,23,4,20,4,30.774534225463867,34.583221435546875,3.808687210083008,20,24,True,True,True,True,True,True,float32,float32,float32,0.0,0.0,0.0,0.0,0.0,0.0,0.0,0.0,0.0,0.0,0.0,0.0,0.0,0.0
5cdbf0cc69735e96,on_traffic_light_intersection,2021.07.22.19.31.55_veh-37_00039_01612,2021.07.22.19.31.55_veh-37_00039_01612/on_traffic_light_intersection/5cdbf0cc69735e96/sledge_raw.gz,static_objects,68,43,30,25,13,30,13,33.50049591064453,33.67805480957031,0.17755889892578125,30,43,True,True,True,True,True,True,float32,float32,float32,0.0,0.0,0.0,0.0,0.0,0.0,0.0,0.0,0.0,0.0,0.0,0.0,,
57b116ed32ba53f0,on_traffic_light_intersection,2021.07.22.18.57.03_veh-26_00706_01903,2021.07.22.18.57.03_veh-26_00706_01903/on_traffic_light_intersection/57b116ed32ba53f0/sledge_raw.gz,vehicles,37,7,7,30,0,50,-43,35.47636032104492,,,7,7,True,True,True,True,True,True,float32,float32,float32,0.0,0.0,0.0,0.0,0.0,0.0,0.0,0.0,0.0,0.0,0.0,0.0,0.0,0.0
57b116ed32ba53f0,on_traffic_light_intersection,2021.07.22.18.57.03_veh-26_00706_01903,2021.07.22.18.57.03_veh-26_00706_01903/on_traffic_light_intersection/57b116ed32ba53f0/sledge_raw.gz,pedestrians,139,59,20,80,39,20,39,20.240938186645508,21.28728485107422,1.046346664428711,20,59,True,True,True,True,True,True,float32,float32,float32,0.0,0.0,0.0,0.0,0.0,0.0,0.0,0.0,0.0,0.0,0.0,0.0,0.0,0.0
57b116ed32ba53f0,on_traffic_light_intersection,2021.07.22.18.57.03_veh-26_00706_01903,2021.07.22.18.57.03_veh-26_00706_01903/on_traffic_light_intersection/57b116ed32ba53f0/sledge_raw.gz,static_objects,168,43,30,125,13,30,13,20.562114715576172,20.659330368041992,0.09721565246582031,30,43,True,True,True,True,True,True,float32,float32,float32,0.0,0.0,0.0,0.0,0.0,0.0,0.0,0.0,0.0,0.0,0.0,0.0,,
18301314ac4a5127,on_traffic_light_intersection,2021.07.07.20.25.22_veh-38_01054_01890,2021.07.07.20.25.22_veh-38_01054_01890/on_traffic_light_intersection/18301314ac4a5127/sledge_raw.gz,vehicles,20,5,5,15,0,50,-45,31.347341537475586,,,5,5,True,True,True,True,True,True,float32,float32,float32,0.0,0.0,0.0,0.0,0.0,0.0,0.0,0.0,0.0,0.0,0.0,0.0,0.0,0.0
18301314ac4a5127,on_traffic_light_intersection,2021.07.07.20.25.22_veh-38_01054_01890,2021.07.07.20.25.22_veh-38_01054_01890/on_traffic_light_intersection/18301314ac4a5127/sledge_raw.gz,pedestrians,30,15,15,15,0,20,-5,23.43236541748047,,,15,15,True,True,True,True,True,True,float32,float32,float32,0.0,0.0,0.0,0.0,0.0,0.0,0.0,0.0,0.0,0.0,0.0,0.0,0.0,0.0
18301314ac4a5127,on_traffic_light_intersection,2021.07.07.20.25.22_veh-38_01054_01890,2021.07.07.20.25.22_veh-38_01054_01890/on_traffic_light_intersection/18301314ac4a5127/sledge_raw.gz,static_objects,108,44,30,64,14,30,14,18.147579193115234,18.648487091064453,0.5009078979492188,30,44,True,True,True,True,True,True,float32,float32,float32,0.0,0.0,0.0,0.0,0.0,0.0,0.0,0.0,0.0,0.0,0.0,0.0,,
cd90e7f259185923,on_traffic_light_intersection,2021.07.22.00.22.57_veh-47_00263_01280,2021.07.22.00.22.57_veh-47_00263_01280/on_traffic_light_intersection/cd90e7f259185923/sledge_raw.gz,vehicles,46,17,17,29,0,50,-33,39.62181091308594,,,17,17,True,True,True,True,True,True,float32,float32,float32,0.0,0.0,0.0,0.0,0.0,0.0,0.0,0.0,0.0,0.0,0.0,0.0,0.0,0.0
cd90e7f259185923,on_traffic_light_intersection,2021.07.22.00.22.57_veh-47_00263_01280,2021.07.22.00.22.57_veh-47_00263_01280/on_traffic_light_intersection/cd90e7f259185923/sledge_raw.gz,pedestrians,139,63,20,76,43,20,43,19.029420852661133,19.046432495117188,0.017011642456054688,20,63,True,True,True,True,True,True,float32,float32,float32,0.0,0.0,0.0,0.0,0.0,0.0,0.0,0.0,0.0,0.0,0.0,0.0,0.0,0.0
cd90e7f259185923,on_traffic_light_intersection,2021.07.22.00.22.57_veh-47_00263_01280,2021.07.22.00.22.57_veh-47_00263_01280/on_traffic_light_intersection/cd90e7f259185923/sledge_raw.gz,static_objects,55,35,30,20,5,30,5,22.460004806518555,23.418487548828125,0.9584827423095703,30,35,True,True,True,True,True,True,float32,float32,float32,0.0,0.0,0.0,0.0,0.0,0.0,0.0,0.0,0.0,0.0,0.0,0.0,,
3a35b81a0f6553d4,on_traffic_light_intersection,2021.06.29.19.37.20_veh-26_03324_04198,2021.06.29.19.37.20_veh-26_03324_04198/on_traffic_light_intersection/3a35b81a0f6553d4/sledge_raw.gz,vehicles,31,10,10,21,0,50,-40,42.249961853027344,,,10,10,True,True,True,True,True,True,float32,float32,float32,0.0,0.0,0.0,0.0,0.0,0.0,0.0,0.0,0.0,0.0,0.0,0.0,0.0,0.0
3a35b81a0f6553d4,on_traffic_light_intersection,2021.06.29.19.37.20_veh-26_03324_04198,2021.06.29.19.37.20_veh-26_03324_04198/on_traffic_light_intersection/3a35b81a0f6553d4/sledge_raw.gz,pedestrians,99,31,20,68,11,20,11,20.24038314819336,20.28385353088379,0.04347038269042969,20,31,True,True,True,True,True,True,float32,float32,float32,0.0,0.0,0.0,0.0,0.0,0.0,0.0,0.0,0.0,0.0,0.0,0.0,0.0,0.0
3a35b81a0f6553d4,on_traffic_light_intersection,2021.06.29.19.37.20_veh-26_03324_04198,2021.06.29.19.37.20_veh-26_03324_04198/on_traffic_light_intersection/3a35b81a0f6553d4/sledge_raw.gz,static_objects,148,44,30,104,14,30,14,19.63528823852539,20.21696662902832,0.5816783905029297,30,44,True,True,True,True,True,True,float32,float32,float32,0.0,0.0,0.0,0.0,0.0,0.0,0.0,0.0,0.0,0.0,0.0,0.0,,
1e7e8296ab535c7a,on_traffic_light_intersection,2021.06.04.12.00.53_veh-16_03520_04036,2021.06.04.12.00.53_veh-16_03520_04036/on_traffic_light_intersection/1e7e8296ab535c7a/sledge_raw.gz,vehicles,29,10,10,19,0,50,-40,26.12967872619629,,,10,10,True,True,True,True,True,True,float32,float32,float32,0.0,0.0,0.0,0.0,0.0,0.0,0.0,0.0,0.0,0.0,0.0,0.0,0.0,0.0
1e7e8296ab535c7a,on_traffic_light_intersection,2021.06.04.12.00.53_veh-16_03520_04036,2021.06.04.12.00.53_veh-16_03520_04036/on_traffic_light_intersection/1e7e8296ab535c7a/sledge_raw.gz,pedestrians,4,1,1,3,0,20,-19,28.82431983947754,,,1,1,True,True,True,True,True,True,float32,float32,float32,0.0,0.0,0.0,0.0,0.0,0.0,0.0,0.0,0.0,0.0,0.0,0.0,0.0,0.0
1e7e8296ab535c7a,on_traffic_light_intersection,2021.06.04.12.00.53_veh-16_03520_04036,2021.06.04.12.00.53_veh-16_03520_04036/on_traffic_light_intersection/1e7e8296ab535c7a/sledge_raw.gz,static_objects,111,58,30,53,28,30,28,20.347028732299805,20.581260681152344,0.23423194885253906,30,58,True,True,True,True,True,True,float32,float32,float32,0.0,0.0,0.0,0.0,0.0,0.0,0.0,0.0,0.0,0.0,0.0,0.0,,
4a82179b6c2e5ad8,on_traffic_light_intersection,2021.06.16.13.21.10_veh-38_03277_03897,2021.06.16.13.21.10_veh-38_03277_03897/on_traffic_light_intersection/4a82179b6c2e5ad8/sledge_raw.gz,vehicles,29,14,14,15,0,50,-36,36.32843780517578,,,14,14,True,True,True,True,True,True,float32,float32,float32,0.0,0.0,0.0,0.0,0.0,0.0,0.0,0.0,0.0,0.0,0.0,0.0,0.0,0.0
4a82179b6c2e5ad8,on_traffic_light_intersection,2021.06.16.13.21.10_veh-38_03277_03897,2021.06.16.13.21.10_veh-38_03277_03897/on_traffic_light_intersection/4a82179b6c2e5ad8/sledge_raw.gz,pedestrians,13,10,10,3,0,20,-10,32.01188659667969,,,10,10,True,True,True,True,True,True,float32,float32,float32,0.0,0.0,0.0,0.0,0.0,0.0,0.0,0.0,0.0,0.0,0.0,0.0,0.0,0.0
4a82179b6c2e5ad8,on_traffic_light_intersection,2021.06.16.13.21.10_veh-38_03277_03897,2021.06.16.13.21.10_veh-38_03277_03897/on_traffic_light_intersection/4a82179b6c2e5ad8/sledge_raw.gz,static_objects,85,27,27,58,0,30,-3,39.72673797607422,,,27,27,True,True,True,True,True,True,float32,float32,float32,0.0,0.0,0.0,0.0,0.0,0.0,0.0,0.0,0.0,0.0,0.0,0.0,,
0bd3bfa7cbe65915,on_traffic_light_intersection,2021.09.30.03.37.54_veh-51_00017_00273,2021.09.30.03.37.54_veh-51_00017_00273/on_traffic_light_intersection/0bd3bfa7cbe65915/sledge_raw.gz,vehicles,16,14,14,2,0,50,-36,37.69410705566406,,,14,14,True,True,True,True,True,True,float32,float32,float32,0.0,0.0,0.0,0.0,0.0,0.0,0.0,0.0,0.0,0.0,0.0,0.0,0.0,0.0
0bd3bfa7cbe65915,on_traffic_light_intersection,2021.09.30.03.37.54_veh-51_00017_00273,2021.09.30.03.37.54_veh-51_00017_00273/on_traffic_light_intersection/0bd3bfa7cbe65915/sledge_raw.gz,pedestrians,2,1,1,1,0,20,-19,17.876344680786133,,,1,1,True,True,True,True,True,True,float32,float32,float32,0.0,0.0,0.0,0.0,0.0,0.0,0.0,0.0,0.0,0.0,0.0,0.0,0.0,0.0
0bd3bfa7cbe65915,on_traffic_light_intersection,2021.09.30.03.37.54_veh-51_00017_00273,2021.09.30.03.37.54_veh-51_00017_00273/on_traffic_light_intersection/0bd3bfa7cbe65915/sledge_raw.gz,static_objects,0,0,0,0,0,30,-30,,,,0,0,True,True,True,True,True,True,float32,float32,float32,0.0,0.0,0.0,0.0,0.0,0.0,0.0,0.0,0.0,0.0,0.0,0.0,,
fac5abe282955af3,on_traffic_light_intersection,2021.07.16.00.03.12_veh-37_02189_03199,2021.07.16.00.03.12_veh-37_02189_03199/on_traffic_light_intersection/fac5abe282955af3/sledge_raw.gz,vehicles,45,20,20,25,0,50,-30,34.0700569152832,,,20,20,True,True,True,True,True,True,float32,float32,float32,0.0,0.0,0.0,0.0,0.0,0.0,0.0,0.0,0.0,0.0,0.0,0.0,0.0,0.0
fac5abe282955af3,on_traffic_light_intersection,2021.07.16.00.03.12_veh-37_02189_03199,2021.07.16.00.03.12_veh-37_02189_03199/on_traffic_light_intersection/fac5abe282955af3/sledge_raw.gz,pedestrians,5,0,0,5,0,20,-20,,,,0,0,True,True,True,True,True,True,float32,float32,float32,0.0,0.0,0.0,0.0,0.0,0.0,0.0,0.0,0.0,0.0,0.0,0.0,0.0,0.0
fac5abe282955af3,on_traffic_light_intersection,2021.07.16.00.03.12_veh-37_02189_03199,2021.07.16.00.03.12_veh-37_02189_03199/on_traffic_light_intersection/fac5abe282955af3/sledge_raw.gz,static_objects,25,2,2,23,0,30,-28,26.38262939453125,,,2,2,True,True,True,True,True,True,float32,float32,float32,0.0,0.0,0.0,0.0,0.0,0.0,0.0,0.0,0.0,0.0,0.0,0.0,,
bcb673b8a44253de,traversing_intersection,2021.07.09.20.26.06_veh-35_03314_03877,2021.07.09.20.26.06_veh-35_03314_03877/traversing_intersection/bcb673b8a44253de/sledge_raw.gz,vehicles,23,6,6,17,0,50,-44,39.859989166259766,,,6,6,True,True,True,True,True,True,float32,float32,float32,0.0,0.0,0.0,0.0,0.0,0.0,0.0,0.0,0.0,0.0,0.0,0.0,0.0,0.0
bcb673b8a44253de,traversing_intersection,2021.07.09.20.26.06_veh-35_03314_03877,2021.07.09.20.26.06_veh-35_03314_03877/traversing_intersection/bcb673b8a44253de/sledge_raw.gz,pedestrians,2,0,0,2,0,20,-20,,,,0,0,True,True,True,True,True,True,float32,float32,float32,0.0,0.0,0.0,0.0,0.0,0.0,0.0,0.0,0.0,0.0,0.0,0.0,0.0,0.0
bcb673b8a44253de,traversing_intersection,2021.07.09.20.26.06_veh-35_03314_03877,2021.07.09.20.26.06_veh-35_03314_03877/traversing_intersection/bcb673b8a44253de/sledge_raw.gz,static_objects,167,55,30,112,25,30,25,17.72977638244629,18.803869247436523,1.0740928649902344,30,55,True,True,True,True,True,True,float32,float32,float32,0.0,0.0,0.0,0.0,0.0,0.0,0.0,0.0,0.0,0.0,0.0,0.0,,
c3f84b72222d58f3,traversing_intersection,2021.09.27.07.51.20_veh-50_01293_02048,2021.09.27.07.51.20_veh-50_01293_02048/traversing_intersection/c3f84b72222d58f3/sledge_raw.gz,vehicles,1,1,1,0,0,50,-49,8.293471336364746,,,1,1,True,True,True,True,True,True,float32,float32,float32,0.0,0.0,0.0,0.0,0.0,0.0,0.0,0.0,0.0,0.0,0.0,0.0,0.0,0.0
c3f84b72222d58f3,traversing_intersection,2021.09.27.07.51.20_veh-50_01293_02048,2021.09.27.07.51.20_veh-50_01293_02048/traversing_intersection/c3f84b72222d58f3/sledge_raw.gz,pedestrians,2,1,1,1,0,20,-19,26.071422576904297,,,1,1,True,True,True,True,True,True,float32,float32,float32,0.0,0.0,0.0,0.0,0.0,0.0,0.0,0.0,0.0,0.0,0.0,0.0,0.0,0.0
c3f84b72222d58f3,traversing_intersection,2021.09.27.07.51.20_veh-50_01293_02048,2021.09.27.07.51.20_veh-50_01293_02048/traversing_intersection/c3f84b72222d58f3/sledge_raw.gz,static_objects,8,7,7,1,0,30,-23,31.965152740478516,,,7,7,True,True,True,True,True,True,float32,float32,float32,0.0,0.0,0.0,0.0,0.0,0.0,0.0,0.0,0.0,0.0,0.0,0.0,,
d9a22045f0bf52e1,traversing_intersection,2021.09.01.16.59.08_veh-39_01172_01721,2021.09.01.16.59.08_veh-39_01172_01721/traversing_intersection/d9a22045f0bf52e1/sledge_raw.gz,vehicles,1,0,0,1,0,50,-50,,,,0,0,True,True,True,True,True,True,float32,float32,float32,0.0,0.0,0.0,0.0,0.0,0.0,0.0,0.0,0.0,0.0,0.0,0.0,0.0,0.0
d9a22045f0bf52e1,traversing_intersection,2021.09.01.16.59.08_veh-39_01172_01721,2021.09.01.16.59.08_veh-39_01172_01721/traversing_intersection/d9a22045f0bf52e1/sledge_raw.gz,pedestrians,0,0,0,0,0,20,-20,,,,0,0,True,True,True,True,True,True,float32,float32,float32,0.0,0.0,0.0,0.0,0.0,0.0,0.0,0.0,0.0,0.0,0.0,0.0,0.0,0.0
d9a22045f0bf52e1,traversing_intersection,2021.09.01.16.59.08_veh-39_01172_01721,2021.09.01.16.59.08_veh-39_01172_01721/traversing_intersection/d9a22045f0bf52e1/sledge_raw.gz,static_objects,4,4,4,0,0,30,-26,28.723466873168945,,,4,4,True,True,True,True,True,True,float32,float32,float32,0.0,0.0,0.0,0.0,0.0,0.0,0.0,0.0,0.0,0.0,0.0,0.0,,
c8a9b3db1170577d,traversing_intersection,2021.10.05.06.24.06_veh-50_00717_01300,2021.10.05.06.24.06_veh-50_00717_01300/traversing_intersection/c8a9b3db1170577d/sledge_raw.gz,vehicles,9,5,5,4,0,50,-45,25.305978775024414,,,5,5,True,True,True,True,True,True,float32,float32,float32,0.0,0.0,0.0,0.0,0.0,0.0,0.0,0.0,0.0,0.0,0.0,0.0,0.0,0.0
c8a9b3db1170577d,traversing_intersection,2021.10.05.06.24.06_veh-50_00717_01300,2021.10.05.06.24.06_veh-50_00717_01300/traversing_intersection/c8a9b3db1170577d/sledge_raw.gz,pedestrians,1,1,1,0,0,20,-19,23.483356475830078,,,1,1,True,True,True,True,True,True,float32,float32,float32,0.0,0.0,0.0,0.0,0.0,0.0,0.0,0.0,0.0,0.0,0.0,0.0,0.0,0.0
c8a9b3db1170577d,traversing_intersection,2021.10.05.06.24.06_veh-50_00717_01300,2021.10.05.06.24.06_veh-50_00717_01300/traversing_intersection/c8a9b3db1170577d/sledge_raw.gz,static_objects,3,3,3,0,0,30,-27,36.83243179321289,,,3,3,True,True,True,True,True,True,float32,float32,float32,0.0,0.0,0.0,0.0,0.0,0.0,0.0,0.0,0.0,0.0,0.0,0.0,,
069b1616364b56af,traversing_intersection,2021.07.02.15.47.11_veh-37_00023_00748,2021.07.02.15.47.11_veh-37_00023_00748/traversing_intersection/069b1616364b56af/sledge_raw.gz,vehicles,3,2,2,1,0,50,-48,14.787250518798828,,,2,2,True,True,True,True,True,True,float32,float32,float32,0.0,0.0,0.0,0.0,0.0,0.0,0.0,0.0,0.0,0.0,0.0,0.0,0.0,0.0
069b1616364b56af,traversing_intersection,2021.07.02.15.47.11_veh-37_00023_00748,2021.07.02.15.47.11_veh-37_00023_00748/traversing_intersection/069b1616364b56af/sledge_raw.gz,pedestrians,0,0,0,0,0,20,-20,,,,0,0,True,True,True,True,True,True,float32,float32,float32,0.0,0.0,0.0,0.0,0.0,0.0,0.0,0.0,0.0,0.0,0.0,0.0,0.0,0.0
069b1616364b56af,traversing_intersection,2021.07.02.15.47.11_veh-37_00023_00748,2021.07.02.15.47.11_veh-37_00023_00748/traversing_intersection/069b1616364b56af/sledge_raw.gz,static_objects,2,0,0,2,0,30,-30,,,,0,0,True,True,True,True,True,True,float32,float32,float32,0.0,0.0,0.0,0.0,0.0,0.0,0.0,0.0,0.0,0.0,0.0,0.0,,
f965b6e70ff05a32,traversing_intersection,2021.09.27.07.40.58_veh-49_00061_00636,2021.09.27.07.40.58_veh-49_00061_00636/traversing_intersection/f965b6e70ff05a32/sledge_raw.gz,vehicles,4,1,1,3,0,50,-49,24.631874084472656,,,1,1,True,True,True,True,True,True,float32,float32,float32,0.0,0.0,0.0,0.0,0.0,0.0,0.0,0.0,0.0,0.0,0.0,0.0,0.0,0.0
f965b6e70ff05a32,traversing_intersection,2021.09.27.07.40.58_veh-49_00061_00636,2021.09.27.07.40.58_veh-49_00061_00636/traversing_intersection/f965b6e70ff05a32/sledge_raw.gz,pedestrians,5,1,1,4,0,20,-19,30.30156898498535,,,1,1,True,True,True,True,True,True,float32,float32,float32,0.0,0.0,0.0,0.0,0.0,0.0,0.0,0.0,0.0,0.0,0.0,0.0,0.0,0.0
f965b6e70ff05a32,traversing_intersection,2021.09.27.07.40.58_veh-49_00061_00636,2021.09.27.07.40.58_veh-49_00061_00636/traversing_intersection/f965b6e70ff05a32/sledge_raw.gz,static_objects,4,4,4,0,0,30,-26,10.975225448608398,,,4,4,True,True,True,True,True,True,float32,float32,float32,0.0,0.0,0.0,0.0,0.0,0.0,0.0,0.0,0.0,0.0,0.0,0.0,,
a8ba823407a357b2,traversing_intersection,2021.09.13.18.39.41_veh-39_00273_00761,2021.09.13.18.39.41_veh-39_00273_00761/traversing_intersection/a8ba823407a357b2/sledge_raw.gz,vehicles,6,2,2,4,0,50,-48,28.347898483276367,,,2,2,True,True,True,True,True,True,float32,float32,float32,0.0,0.0,0.0,0.0,0.0,0.0,0.0,0.0,0.0,0.0,0.0,0.0,0.0,0.0
a8ba823407a357b2,traversing_intersection,2021.09.13.18.39.41_veh-39_00273_00761,2021.09.13.18.39.41_veh-39_00273_00761/traversing_intersection/a8ba823407a357b2/sledge_raw.gz,pedestrians,5,0,0,5,0,20,-20,,,,0,0,True,True,True,True,True,True,float32,float32,float32,0.0,0.0,0.0,0.0,0.0,0.0,0.0,0.0,0.0,0.0,0.0,0.0,0.0,0.0
a8ba823407a357b2,traversing_intersection,2021.09.13.18.39.41_veh-39_00273_00761,2021.09.13.18.39.41_veh-39_00273_00761/traversing_intersection/a8ba823407a357b2/sledge_raw.gz,static_objects,13,12,12,1,0,30,-18,31.87856674194336,,,12,12,True,True,True,True,True,True,float32,float32,float32,0.0,0.0,0.0,0.0,0.0,0.0,0.0,0.0,0.0,0.0,0.0,0.0,,
a2257d7ec44a5fe4,traversing_intersection,2021.10.21.17.08.25_veh-28_00521_00992,2021.10.21.17.08.25_veh-28_00521_00992/traversing_intersection/a2257d7ec44a5fe4/sledge_raw.gz,vehicles,5,3,3,2,0,50,-47,31.24704360961914,,,3,3,True,True,True,True,True,True,float32,float32,float32,0.0,0.0,0.0,0.0,0.0,0.0,0.0,0.0,0.0,0.0,0.0,0.0,0.0,0.0
a2257d7ec44a5fe4,traversing_intersection,2021.10.21.17.08.25_veh-28_00521_00992,2021.10.21.17.08.25_veh-28_00521_00992/traversing_intersection/a2257d7ec44a5fe4/sledge_raw.gz,pedestrians,1,0,0,1,0,20,-20,,,,0,0,True,True,True,True,True,True,float32,float32,float32,0.0,0.0,0.0,0.0,0.0,0.0,0.0,0.0,0.0,0.0,0.0,0.0,0.0,0.0
a2257d7ec44a5fe4,traversing_intersection,2021.10.21.17.08.25_veh-28_00521_00992,2021.10.21.17.08.25_veh-28_00521_00992/traversing_intersection/a2257d7ec44a5fe4/sledge_raw.gz,static_objects,3,0,0,3,0,30,-30,,,,0,0,True,True,True,True,True,True,float32,float32,float32,0.0,0.0,0.0,0.0,0.0,0.0,0.0,0.0,0.0,0.0,0.0,0.0,,
e017e1bf195a5513,traversing_intersection,2021.09.10.18.03.24_veh-42_02833_03385,2021.09.10.18.03.24_veh-42_02833_03385/traversing_intersection/e017e1bf195a5513/sledge_raw.gz,vehicles,12,6,6,6,0,50,-44,34.96189498901367,,,6,6,True,True,True,True,True,True,float32,float32,float32,0.0,0.0,0.0,0.0,0.0,0.0,0.0,0.0,0.0,0.0,0.0,0.0,0.0,0.0
e017e1bf195a5513,traversing_intersection,2021.09.10.18.03.24_veh-42_02833_03385,2021.09.10.18.03.24_veh-42_02833_03385/traversing_intersection/e017e1bf195a5513/sledge_raw.gz,pedestrians,9,3,3,6,0,20,-17,29.800556182861328,,,3,3,True,True,True,True,True,True,float32,float32,float32,0.0,0.0,0.0,0.0,0.0,0.0,0.0,0.0,0.0,0.0,0.0,0.0,0.0,0.0
e017e1bf195a5513,traversing_intersection,2021.09.10.18.03.24_veh-42_02833_03385,2021.09.10.18.03.24_veh-42_02833_03385/traversing_intersection/e017e1bf195a5513/sledge_raw.gz,static_objects,12,10,10,2,0,30,-20,37.026161193847656,,,10,10,True,True,True,True,True,True,float32,float32,float32,0.0,0.0,0.0,0.0,0.0,0.0,0.0,0.0,0.0,0.0,0.0,0.0,,
843e3d8526ca50ce,traversing_intersection,2021.08.30.14.29.08_veh-45_01971_02180,2021.08.30.14.29.08_veh-45_01971_02180/traversing_intersection/843e3d8526ca50ce/sledge_raw.gz,vehicles,0,0,0,0,0,50,-50,,,,0,0,True,True,True,True,True,True,float32,float32,float32,0.0,0.0,0.0,0.0,0.0,0.0,0.0,0.0,0.0,0.0,0.0,0.0,0.0,0.0
843e3d8526ca50ce,traversing_intersection,2021.08.30.14.29.08_veh-45_01971_02180,2021.08.30.14.29.08_veh-45_01971_02180/traversing_intersection/843e3d8526ca50ce/sledge_raw.gz,pedestrians,0,0,0,0,0,20,-20,,,,0,0,True,True,True,True,True,True,float32,float32,float32,0.0,0.0,0.0,0.0,0.0,0.0,0.0,0.0,0.0,0.0,0.0,0.0,0.0,0.0
843e3d8526ca50ce,traversing_intersection,2021.08.30.14.29.08_veh-45_01971_02180,2021.08.30.14.29.08_veh-45_01971_02180/traversing_intersection/843e3d8526ca50ce/sledge_raw.gz,static_objects,2,2,2,0,0,30,-28,25.25865936279297,,,2,2,True,True,True,True,True,True,float32,float32,float32,0.0,0.0,0.0,0.0,0.0,0.0,0.0,0.0,0.0,0.0,0.0,0.0,,
af3f59ceeb2f5d03,traversing_intersection,2021.05.24.12.22.13_veh-47_00245_00582,2021.05.24.12.22.13_veh-47_00245_00582/traversing_intersection/af3f59ceeb2f5d03/sledge_raw.gz,vehicles,23,6,6,17,0,50,-44,40.763675689697266,,,6,6,True,True,True,True,True,True,float32,float32,float32,0.0,0.0,0.0,0.0,0.0,0.0,0.0,0.0,0.0,0.0,0.0,0.0,0.0,0.0
af3f59ceeb2f5d03,traversing_intersection,2021.05.24.12.22.13_veh-47_00245_00582,2021.05.24.12.22.13_veh-47_00245_00582/traversing_intersection/af3f59ceeb2f5d03/sledge_raw.gz,pedestrians,34,15,15,19,0,20,-5,31.36890983581543,,,15,15,True,True,True,True,True,True,float32,float32,float32,0.0,0.0,0.0,0.0,0.0,0.0,0.0,0.0,0.0,0.0,0.0,0.0,0.0,0.0
af3f59ceeb2f5d03,traversing_intersection,2021.05.24.12.22.13_veh-47_00245_00582,2021.05.24.12.22.13_veh-47_00245_00582/traversing_intersection/af3f59ceeb2f5d03/sledge_raw.gz,static_objects,61,37,30,24,7,30,7,29.25052833557129,30.14899253845215,0.8984642028808594,30,37,True,True,True,True,True,True,float32,float32,float32,0.0,0.0,0.0,0.0,0.0,0.0,0.0,0.0,0.0,0.0,0.0,0.0,,
9cc86ddfb4465e87,stationary_at_traffic_light_without_lead,2021.09.28.16.09.49_veh-44_00738_00987,2021.09.28.16.09.49_veh-44_00738_00987/stationary_at_traffic_light_without_lead/9cc86ddfb4465e87/sledge_raw.gz,vehicles,11,7,7,4,0,50,-43,32.602115631103516,,,7,7,True,True,True,True,True,True,float32,float32,float32,0.0,0.0,0.0,0.0,0.0,0.0,0.0,0.0,0.0,0.0,0.0,0.0,0.0,0.0
9cc86ddfb4465e87,stationary_at_traffic_light_without_lead,2021.09.28.16.09.49_veh-44_00738_00987,2021.09.28.16.09.49_veh-44_00738_00987/stationary_at_traffic_light_without_lead/9cc86ddfb4465e87/sledge_raw.gz,pedestrians,2,2,2,0,0,20,-18,17.154890060424805,,,2,2,True,True,True,True,True,True,float32,float32,float32,0.0,0.0,0.0,0.0,0.0,0.0,0.0,0.0,0.0,0.0,0.0,0.0,0.0,0.0
9cc86ddfb4465e87,stationary_at_traffic_light_without_lead,2021.09.28.16.09.49_veh-44_00738_00987,2021.09.28.16.09.49_veh-44_00738_00987/stationary_at_traffic_light_without_lead/9cc86ddfb4465e87/sledge_raw.gz,static_objects,8,3,3,5,0,30,-27,32.95969772338867,,,3,3,True,True,True,True,True,True,float32,float32,float32,0.0,0.0,0.0,0.0,0.0,0.0,0.0,0.0,0.0,0.0,0.0,0.0,,
